doc_id,texto,tokens,positivas,negativas,polaridad_score
0,la transformacion llego a laflorida a traves de lashuellasdelatransformacion aquigobiernalaesperanza,5,1,0,0.2
1,la transformacion llego a laflorida a traves de lashuellasdelatransformacion con la instalacion y su,15,2,0,0.13333333333333333
2,acompane a elizabeth rocha encargada de las becas para el bienestar del gobierno de mexico en el cua,22,4,0,0.18181818181818182
3,con bailes y sorpresas celebramos una nueva huelladelmundialsocial con la que transformamos integral,17,2,0,0.11764705882352941
4,concluimos una jornada historica de entrega de tarjetas del programa mujeresconbienestar en ciudad n,17,2,0,0.11764705882352941
5,acompane al mtro juan carlos gonzalez secretario de bienestar del estadodemexico en el segundo dia d,15,2,0,0.13333333333333333
6,a dos anos del triunfo de nuestro movimiento respaldado por mas de mil naucalpenses hoy refrendamos ,13,0,0,0.0
7,acompane a elizabeth rocha encargada de las becas para el bienestar del gobierno de mexico en el ter,21,5,0,0.23809523809523808
8,hoy acompane a elizabeth rocha en esta segunda jornada donde fueron entregadas mas de tarjetas de la,15,2,0,0.13333333333333333
9,con el objetivo de fortalecer la economia de las mujeres jefas de familia en la region el gobierno d,21,2,0,0.09523809523809523
10,asisti a la entrega de las becasritacetina junto a elizabeth rocha martinez encargada de las becas p,16,2,0,0.125
11,hoy naucalpan se hizo presente con amor y conviccion t edomex claudiadaresultados,6,0,0,0.0
12,desde tlalnepantla las y los naucalpenses respondimos al llamado de nuestra presidenta de mexico la ,19,0,0,0.0
13,mananera del pueblo naucalpan cuartatransformacion,4,0,0,0.0
14,hoy vivimos una verdadera fiesta comunitaria en la colonia alfredovbonfil con la transformacion de l,15,1,0,0.06666666666666667
15,evitar tirar basura en calles rios y cuerpos de agua ayuda a prevenir inundaciones y cuidar nuestro ,15,2,3,-0.06666666666666667
16,como parte de las huellasdelatransformacion el gobierno de ciudad naucalpan encabezado por el presid,17,1,0,0.058823529411764705
17,con el objetivo de revertir anos de abandono en la infraestructura hidrica y garantizar el suministr,20,5,4,0.05
18,en coordinacion con la secretaria de cultura y turismo del edomex y como parte de las iniciativas pa,21,0,0,0.0
19,sabias que en corea japon oliver kahn tuvo una actuacion legendaria siendo el pilar de alemania hast,14,0,0,0.0
20,oficina movil aquigobiernalaesperanza naucalpan,4,0,0,0.0
21,en el marco del dia mundial del medio ambiente el gobierno de ciudad naucalpan llevo a cabo una jorn,18,1,0,0.05555555555555555
22,mas familias naucalpenses continuan recibiendo las becaritacetina como parte del cuarto dia de entre,20,4,0,0.2
23,las huella del mundialsocial llegaron a las huertas tercera seccion donde antes habia un espacio en ,14,0,1,-0.07142857142857142
24,en el marco del dia mundial del medioambiente el gobierno de naucalpan llevo a cabo una jornada de c,19,1,1,0.0
25,en coordinacion con el gobierno del estadodemexico ciudad naucalpan fue sede de la entrega de mil ta,17,2,0,0.11764705882352941
26,sabias que en francia ronaldo fue reconocido como el mejor jugador del torneo tras anotar goles y de,13,0,0,0.0
27,en el marco de la exposeguridadmexico el presidente municipal isaac montoya participo en el encuentr,21,2,0,0.09523809523809523
28,tienes adeudos te invitamos a aprovechar el de condonacion en multas y recargos generados por adeudo,17,0,0,0.0
29,impulsamos el empleo en ciudad naucalpan acercate registrate y haz crecer tu empresa con el talento ,13,0,0,0.0
30,este sabado de junio el gobierno de ciudad naucalpan te invita al parquenaucalli a partir de las a m,13,0,0,0.0
31,en coordinacion con el gobierno del edomex se llevo a cabo el segundo dia de entrega de tarjetas del,17,2,0,0.11764705882352941
32,sabias que en estados unidos romario fue la maxima figura de brasil liderando a su seleccion para co,18,0,0,0.0
33,bienestar y servicios gratuitos llegaron a izcallichamapa con la caravana estamos contigo el gobiern,18,0,0,0.0
34,bienestar y servicios gratuitos llegaron a izcalli chamapa aquigobiernalaesperanza naucalpan imnis,9,0,0,0.0
35,rehabilitacion de la interseccion semaforizada del cruce de avenida universidad y morelos seguimos t,17,1,0,0.058823529411764705
36,con el objetivo de fortalecer la economia de las mujeres jefas de familia en la region el gobierno d,22,2,0,0.09090909090909091
37,cartelera mensual de junio imnis aquigobiernalaesperanza naucalpan imnis,7,0,0,0.0
38,a traves del gobierno de mexico la secretaria de educacion y programas para el bienestar el alcalde ,21,4,0,0.19047619047619047
39,la verdad es que es mentira invitamos a la ciudadania a consultar unicamente fuentes oficiales y ver,11,0,0,0.0
40,informar no provoca protege hablar del suicidio con informacion clara y sin prejuicios puede salvar ,13,0,0,0.0
41,servicio de relevo este servicio es para ti usalo cuando lo necesites aquigobiernalaesperanza naucal,10,2,0,0.2
42,registro civil de ciudad naucalpan consulta toda la informacion en las imagenes aquigobiernalaespera,10,0,0,0.0
43,buscas donde realizar tu servicio social o practicas profesionales consulta en las imagenes los requ,19,3,0,0.15789473684210525
44,conoce los modulos hospitalarios de ciudad naucalpan consulta toda la informacion en las imagenes aq,12,0,0,0.0
45,sabias que en italia salvatore schillaci fue la gran revelacion del torneo anotando goles que le val,16,0,0,0.0
46,conoce la cartelera de actividades de junio no te quedes fuera y comparte esta informacion con tu fa,12,0,0,0.0
47,aviso importante servicio militar nacional consulta la imagen para mas informacion aquigobiernalaesp,13,1,0,0.07692307692307693
48,el alcalde isaac montoya acompanado de elizabeth rocha encargada de las becas para el bienestar del ,23,3,0,0.13043478260869565
49,cuidar nuestros arboles es proteger el futuro de ciudad naucalpan danar afectar o derribar arboles s,18,0,0,0.0
50,huellas de la transformacion aquigobiernalaesperanza naucalpan mexico,5,1,0,0.2
51,conoce la cartelera de actividades de junio no te quedes fuera y comparte esta informacion con tu fa,12,0,0,0.0
52,acercate a la caravana estamos contigo y conoce los servicios gratuitos que el gobierno de ciudad na,17,0,0,0.0
53,con el objetivo de articular esfuerzos interinstitucionales entre dependencias estatales y federales,20,0,0,0.0
54,te compartimos el comunicado no en su version de lectura facil esta version esta elaborada con un le,16,0,0,0.0
55,recuperacion de vehiculo en san rafael chamapa estos resultados son gracias al trabajo coordinado co,21,2,0,0.09523809523809523
56,la transformacion llego a laflorida a traves de lashuellasdelatransformacion hoy las familias cuenta,51,7,0,0.13725490196078433
57,como parte de las huellasdelatransformacion el gobierno de ciudad naucalpan encabezado por el presid,63,6,0,0.09523809523809523
58,la transformacion llego a laflorida a traves de lashuellasdelatransformacion trabajos realizados ins,42,6,0,0.14285714285714285
59,la transformacion llego a la florida hoy las familias cuentan con espacios publicos mas seguros ilum,50,7,0,0.14
60,la transformacion llego a laflorida a traves de lashuellasdelatransformacion con la instalacion y su,56,6,0,0.10714285714285714
61,entregamos la rehabilitacion integral del tanque de agua potable de jardinesdelaflorida una obra est,40,8,3,0.125
62,con el objetivo de revertir anos de abandono en la infraestructura hidrica y garantizar el suministr,57,8,5,0.05263157894736842
63,recuperacion de vehiculo en san luis tlatilco estos resultados son gracias al trabajo coordinado con,21,2,0,0.09523809523809523
64,entregamos la rehabilitacion integral del tanque de agua potable de jardinesdelaflorida una obra est,61,11,4,0.11475409836065574
65,el cine llego a la comunidad para disfrutar en familia como parte de las acciones para recuperar esp,67,1,1,0.0
66,detenido por presunto delito contra la salud en ciudad de los ninos estos resultados son gracias al ,22,2,1,0.045454545454545456
67,donde antes habia un espacio deteriorado hoy existe un punto de encuentro para la convivencia el dep,89,4,0,0.0449438202247191
68,ni la lluvia pudo detener la alegria de san juan totoltepec al recibir una cancha completamente tran,132,5,0,0.03787878787878788
69,en vivo una nueva huella del mundialsocial llega a sanjuantotoltepec naucalpan,6,0,0,0.0
70,delito portacion de arma de fuego y lesiones en loma colorada estos resultados son gracias al trabaj,23,1,0,0.043478260869565216
71,en el marco del dia mundial del medio ambiente el gobierno de ciudad naucalpan encabezado por el pre,31,2,1,0.03225806451612903
72,mas familias naucalpenses continuan recibiendo las becasritacetina como parte del cuarto dia de entr,67,8,1,0.1044776119402985
73,acompane a elizabeth rocha encargada de las becas para el bienestar del gobierno de mexico en el cua,102,10,1,0.08823529411764706
74,con bailes y sorpresas celebramos una nueva huella del mundialsocial con la que transformamos integr,53,3,1,0.03773584905660377
75,encubrimiento por receptacion en minas palacio estos resultados son gracias al trabajo coordinado co,20,1,0,0.05
76,las huella del mundialsocial llegaron a las huertas tercera seccion donde antes habia un espacio en ,79,5,2,0.0379746835443038
77,en el marco del dia mundial del medio ambiente el gobierno de ciudad naucalpan encabezado por el pre,94,4,1,0.031914893617021274
78,como parte del fortalecimiento de la estrategia operativa oriente y de las acciones conjuntas en mat,100,6,0,0.06
79,con bailes y sorpresas celebramos una nueva huella del mundialsocial con la que transformamos integr,90,8,2,0.06666666666666667
80,no estas sola ni solo siempre hay razones para seguir adelante si atraviesas un momento dificil recu,25,0,0,0.0
81,robo a interior de vehiculo en loma colorada estos resultados son gracias al trabajo coordinado con ,21,1,1,0.0
82,en vivo nos encontramos en recorridos en diferentes comunidades de ciudad naucalpan aquigobiernalaes,8,0,0,0.0
83,sexagesima octava sesion ordinaria de cabildo resolutiva octogesima cuarta ayuntamiento de naucalpan,13,0,0,0.0
84,en coordinacion con el gobierno del estado de mexico encabezado por la gobernadora del estado de mex,84,3,0,0.03571428571428571
85,concluimos una jornada historica de entrega de tarjetas del programa mujeres con bienestar en ciudad,76,4,0,0.05263157894736842
86,el gobierno municipal de ciudad naucalpan a traves de la subdireccion de regularizacion de la tenenc,36,2,0,0.05555555555555555
87,remodelacion base operativa c este espacio fue reacondicionado para funcionar como una base operativ,56,4,3,0.017857142857142856
88,conoce a la unidad de incursion estrategica de la guardia municipal un agrupamiento especializado y ,19,1,1,0.0
89,la violencia puede manifestarse de muchas formas y ninguna debe normalizarse la policia de genero de,55,1,6,-0.09090909090909091
90,la guardia municipal de ciudad naucalpan convoca a participar en el proceso de reclutamiento selecci,32,0,0,0.0
91,acompane al mtro juan carlos gonzalez romero secretario de bienestar del estado de mexico en el segu,87,9,1,0.09195402298850575
92,personal de la subgerencia agua potable concluyo la reparacion de una fuga en una toma domiciliaria ,37,6,8,-0.05405405405405406
93,a dos anos del triunfo de nuestro movimiento respaldado por mas de mil naucalpenses hoy refrendamos ,77,3,0,0.03896103896103896
94,miles de estudiantes naucalpenses continuan recibiendo las becas ritacetina en el tercer dia de entr,93,12,1,0.11827956989247312
95,inscribete al curso de capacitacion nom stps factores de riesgo psicosocial en el trabajo impartido ,22,1,1,0.0
96,acompane a elizabeth rocha encargada de las becas para el bienestar del gobierno de mexico en el ter,56,7,0,0.125
97,participe en el encuentro nacional de ciudades seguras realizado en el marco de la exposeguridadmexi,50,4,2,0.04
98,en el marco de la exposeguridadmexico el presidente municipal isaac montoya participo en el encuentr,89,13,1,0.1348314606741573
99,impulsamos el empleo en ciudad naucalpan si eres empresaria o empresario sumate al sistema municipal,33,1,0,0.030303030303030304
100,participe en el encuentro nacional de ciudades seguras realizado en el marco de la exposeguridadmexi,148,11,3,0.05405405405405406
101,este sabado de junio el gobierno de ciudad naucalpan te invita al parquenaucalli a partir de las a m,18,0,0,0.0
102,no te dejes sorprender los coyotes o falsos gestores actuan sin sustento legal y representan un ries,19,2,1,0.05263157894736842
103,con el objetivo de fortalecer la economia de las mujeres jefas de familia en la region el gobierno d,45,4,0,0.08888888888888889
104,en coordinacion con el gobierno del estado de mexico encabezado por la gobernadora delfina gomez alv,53,3,0,0.05660377358490566
105,asisti a la smart city expo latam congress en puebla un espacio donde alcaldes especialistas empresa,59,3,0,0.05084745762711865
106,bienestar y servicios gratuitos llegaron a izcalli chamapa a traves del instituto de las mujeres nau,33,0,0,0.0
107,bienestar y servicios gratuitos llegaron a izcalli chamapa con la caravana estamos contigo a traves ,91,2,3,-0.01098901098901099
108,hoy acompane a elizabeth rocha encargada de las becas para el bienestar del gobierno de mexico en es,62,8,0,0.12903225806451613
109,la transformacion se construye con compromiso constancia y trabajo sin olvidar de donde venimos que ,65,7,0,0.1076923076923077
110,con el objetivo de fortalecer la economia de las mujeres jefas de familia en la region el gobierno d,54,4,0,0.07407407407407407
111,descubre la inspiradora historia de pedro gonzalez pericacho un artista naucalpense que con pasion t,36,1,0,0.027777777777777776
112,con el objetivo de fortalecer la economia de las mujeres jefas de familia en la region el gobierno d,94,5,0,0.05319148936170213
113,a traves del gobierno de mexico la secretaria de educacion y programas para el bienestar el presiden,65,10,1,0.13846153846153847
114,hoy acompane a elizabeth rocha encargada de las becas para el bienestar del gobierno de mexico en es,82,8,0,0.0975609756097561
115,una mejor imagen urbana tambien es seguridad para todas y todos la avenida lomas verdes luce mas lim,41,2,0,0.04878048780487805
116,algunos medios de comunicacion han difundido imagenes y reportes que aseguran afectaciones por las r,34,0,0,0.0
117,informar no provoca protege hablar del suicidio con informacion clara y sin prejuicios puede salvar ,44,0,0,0.0
118,servicio de relevo en el palacio municipal de ciudad naucalpan ya contamos con el servicio gratuito ,41,4,0,0.0975609756097561
119,registro civil de ciudad naucalpan el gobierno de ciudad naucalpan pone a disposicion de la ciudadan,79,0,0,0.0
120,buscas donde realizar tu servicio social o practicas profesionales el gobierno de ciudad naucalpan a,31,3,0,0.0967741935483871
121,conoce los modulos hospitalarios y sus servicios de ciudad naucalpan el gobierno de ciudad naucalpan,77,2,0,0.025974025974025976
122,de junio luis barragan recordamos a luis barragan uno de los arquitectos mexicanos mas influyentes d,32,1,0,0.03125
123,actividades de la guardia municipal estos resultados son gracias al trabajo coordinado con la guardi,19,1,0,0.05263157894736842
124,conoce a la banda de guerra de la guardia municipal de ciudad naucalpan un espacio donde ninas ninos,22,0,0,0.0
125,asisti a la entrega de las becas rita cetina junto a elizabeth rocha martinez encargada de las becas,33,4,0,0.12121212121212122
126,aviso importante servicio militar nacional si aun no has entregado tu cartilla del smn para su trami,22,2,0,0.09090909090909091
127,no caigas en el anzuelo las aplicaciones de prestamos faciles pueden convertirse en redes de extorsi,26,0,2,-0.07692307692307693
128,tirar basura hoy es inundarte manana cada bolsa o desecho que termina en la calle tapa coladeras y p,21,2,2,0.0
129,te invitamos a ser parte de una nueva huella de la transformacion en la florida donde seguiremos rec,21,3,0,0.14285714285714285
130,las huellas del mundial social llegan a san juan totoltepec te esperamos este viernes de junio a las,28,2,0,0.07142857142857142
131,las huellas del mundial social llegan a las huertas ra seccion te invitamos a ser parte de una nueva,32,2,0,0.0625
132,el presidente municipal isaac montoya marquez acompanado de elizabeth rocha martinez encargada de la,121,9,1,0.06611570247933884
133,asisti a la entrega de las becas rita cetina junto a elizabeth rocha martinez encargada de las becas,93,12,0,0.12903225806451613
134,recuperacion de motocicleta con reporte de robo durante recorridos de vigilancia elementos de la gua,42,4,3,0.023809523809523808
135,no caigas en enganos protege tu informacion personal y financiera antes de datos o realizar transfer,22,0,2,-0.09090909090909091
136,cuidar nuestros arboles es proteger el futuro de ciudad naucalpan el arbolado urbano contribuye a me,35,1,0,0.02857142857142857
137,conoce la cartelera de actividades de junio talleres cursos actividades culturales espacios de biene,22,0,0,0.0
138,sabias que en mexico diego maradona tuvo una actuacion historica liderando a argentina hacia su segu,13,0,0,0.0
139,comunicado oficial aquigobiernalaesperanza naucalpan comunicado,5,0,0,0.0
140,una distraccion puede cambiarlo todo la guardia municipal de naucalpan te invita a conducir con resp,24,2,0,0.08333333333333333
141,la guardia municipal continua fortaleciendo la seguridad y la proximidad social en beneficio de las ,13,3,0,0.23076923076923078
142,huellas de la transformacion esta obra no solo rescata un espacio deportivo tambien fortalece el tej,82,5,2,0.036585365853658534
143,en el marco de la iniciativa del mundial social impulsado por la presidenta de mexico la doctora cla,77,3,0,0.03896103896103896
144,impulso al empleo el emprendimiento y las oportunidades el gobierno de ciudad naucalpan encabezado p,66,1,0,0.015151515151515152
145,el gobierno de ciudad naucalpan encabezado por el presidente municipal isaac montoya continua mejora,39,3,0,0.07692307692307693
146,la transformacion llego a la colonia alfredo v bonfil m de pasto sintetico reflectores y postes nuev,45,5,1,0.08888888888888889
147,acercate a la caravana estamos contigo y conoce los servicios gratuitos que el gobierno de ciudad na,32,1,0,0.03125
148,la transformacion llego a la colonia alfredo v bonfil inauguramos la rehabilitacion de la cancha las,56,6,2,0.07142857142857142
149,como parte del mundial social impulsado por la presidenta claudia sheinbaum pardo el presidente muni,101,4,0,0.039603960396039604
150,las juventudes de ciudad naucalpan demostraron que el dialogo las ideas y el pensamiento critico son,62,4,0,0.06451612903225806
151,es momento de que las juventudes hagan historia en ciudad naucalpan sumate a los comites jovenes por,39,2,0,0.05128205128205128
152,sabias que naucalpan resguarda parte de una de las culturas mas antiguas de mesoamerica descubre el ,18,0,0,0.0
153,disfruta una tarde de cine en familia te invitamos a la proyeccion de minutos la pelicula una activi,27,0,0,0.0
154,el deporte sigue fortaleciendo la convivencia la identidad y la participacion de las juventudes nauc,109,2,0,0.01834862385321101
155,a traves del maraton de la lectura jovenes naucalpenses compartieron ideas experiencias y obras lite,19,1,0,0.05263157894736842
156,tradicion cultura y comunidad te esperan en el tianguiztli tlatilca este y de junio disfruta de la e,28,1,0,0.03571428571428571
157,junta municipal de reclutamiento smn el gobierno de ciudad naucalpan en coordinacion con sedena info,22,1,0,0.045454545454545456
158,sabias que en el mundial de espana paolo rossi fue la gran figura de italia logrando el campeonato y,19,0,0,0.0
159,recuperacion de vehiculo estos resultados son gracias al trabajo coordinado con la guardia nacional ,18,2,0,0.1111111111111111
160,naucalpan se hizo presente con amor y conviccion t claudiadaresultados edomex,6,0,0,0.0
161,hoy naucalpan se hizo presente con amor y conviccion t claudiadaresultados edomex,6,0,0,0.0
162,hoy naucalpan se hizo presente t miles de vecinas y vecinos acudimos a tlalnepantla para acompanar j,28,2,0,0.07142857142857142
163,desde tlalnepantla las y los naucalpenses respondimos al llamado de nuestra presidenta de mexico la ,33,1,0,0.030303030303030304
164,hoy miles de naucalpenses nos dimos cita para celebrar dos anos del triunfo historico de nuestra pre,25,1,0,0.04
165,a anos del triunfo del pueblo y del inicio de la transformacion de mexico miles de mexiquenses entre,39,2,0,0.05128205128205128
166,desde tlalnepantla miles de naucalpenses nos sumamos a la conmemoracion de los anos del triunfo hist,40,1,0,0.025
167,desde tlalnepantla miles de naucalpenses celebramos anos del triunfo de nuestra presidenta de mexico,16,0,0,0.0
168,hoy a anos del triunfo del pueblo y del inicio de la transformacion de mexico miles de personas del ,38,1,0,0.02631578947368421
169,sabias que en mario kempes fue el maximo goleador y mejor jugador del mundial liderando a argentina ,15,0,0,0.0
170,ese tanque ubicado en el parque de la florida satelite abandonado por mas de anos hoy vuelve a funci,10,0,1,-0.1
171,gracias,1,0,0,0.0
172,espero que le hagan llegar este mensaje,4,0,0,0.0
173,habra manera de que retire una carpa sobre avenida lomas verdes esta sobre la vialidad,6,0,0,0.0
174,en mc donalds de av fuentes de satelite casi diario hay cristalazos ejecutados por motociclistas y l,16,0,2,-0.125
175,presidente buen dia podra mandar una supervision a la avenida lomas verdes la autoridad auxiliar de ,15,0,0,0.0
176,un gran regalo para las familias de sanjuantotoltepec,3,0,0,0.0
177,felicidades al mejor gobierno que ha tenido naucalpan,3,0,0,0.0
178,destaca avances de naucalpan en seguridad durante el encuentro nacional de ciudades seguras atisbos,9,1,0,0.1111111111111111
179,gracias a las acciones del que usted encabeza naucalpan salio de la lista de los municipios mas inse,11,0,1,-0.09090909090909091
180,y la seguridat diria el ultralider supremo ultiman a comisario ejidal en naucalpan el comisario ejid,27,0,0,0.0
181,muy merecido reconocimiento gracias por todo su trabajo en favor de los naucalpenses presidente,6,0,0,0.0
182,me permito dirigirme a usted soy del fraccionamiento manuel avila camacho tenemos una construccion e,17,0,0,0.0
183,gracias por ayudar a las familias naucalpenses para que los ninos nunca abandonen sus estudios,7,0,0,0.0
184,cuando celebramos el aniversario de los baches,3,0,1,-0.3333333333333333
185,y los baches y socavones en lomas de tecamachalco cuando los arreglan o estan muy ocupados cobrando ,8,0,2,-0.25
186,mira lo que hacen tus policias de transito solo entorpecen el transito estan el celular o viendo a q,11,0,0,0.0
187,excelente presidente porelbiendetodosprimerolospobres,3,0,0,0.0
188,y quien nos cuida de la mafiosa en naucalpan naucalpan respalda a la presidenta claudia sheinbaum en,12,0,0,0.0
189,un sujeto fue captado ingresando a una vivienda a traves de una coladera en la zona de losremedios e,17,1,1,0.0
190,buen dia presidente disculpe que lo distraiga le comparto unas fotos para que conozca como se montan,21,0,0,0.0
191,pedimos cierre total de monjas y enconmienda en boulevares ya basta de que transito no haga nada en ,16,0,0,0.0
192,entrego la rehabilitacion del campo las torres en naucalpan transformando un espacio abandonado en u,20,2,1,0.05
193,entrego la rehabilitacion del campo las torres en naucalpan transformando un espacio abandonado en u,21,2,1,0.047619047619047616
194,hola isasc muy buenas tardes nos puedes apoyar la colonia naucalpan centro no tiene agua desde hace ,18,1,1,0.0
195,oye puto ayer domingo hubo una balacera en la colonia el chamizal y esto sucedio en el municipio mas,15,0,2,-0.13333333333333333
196,o a los espectaculos de naucalli menos sus megapantallas y venta de vino desde que usted entro todo ,13,0,0,0.0
197,narcofest,1,0,0,0.0
198,claudiadaresultados,1,0,0,0.0
199,claudiadaresulrados,1,0,0,0.0
200,todos al narcofest,1,0,0,0.0
201,entregamos la rehabilitacion integral del tanque de agua potable de jardinesdelaflorida una obra est,18,4,2,0.1111111111111111
202,la transformacion llego a la florida a traves de lashuellasdelatransformacion aquigobiernalaesperanz,5,1,0,0.2
203,entregamos la rehabilitacion integral del tanque de agua potable de jardines de laflorida una obra e,19,4,2,0.10526315789473684
204,ni la lluvia pudo detener la alegria de sanjuantotoltepec al recibir una cancha completamente transf,16,0,0,0.0
205,a dos anos del triunfo de nuestro movimiento respaldado por mas de mil naucalpenses hoy refrendamos ,13,0,0,0.0
206,desazolve preventivo y respuesta inmediata reducen afectaciones por fuertes lluvias en naucalpan ati,10,0,0,0.0
207,participe en el encuentro nacional de ciudades seguras realizado en el marco de la exposeguridadmexi,17,0,0,0.0
208,abandono tambien hoy casi diario cristalazos en walmart oradores y en mc donalds av fuentes de satel,10,0,2,-0.2
209,participe en el encuentro nacional de ciudades seguras realizado en el marco de la exposeguridadmexi,15,0,0,0.0
210,acompane al mtro juan carlos gonzalez romero secretario de bienestar del edomex en el segundo dia de,15,2,0,0.13333333333333333
211,asisti a la smartcityexpolatam congress en puebla un espacio donde alcaldes especialistas empresas e,18,0,0,0.0
212,asisti a la entrega de las becasritacetina junto a elizabeth rocha martinez encargada de las becas p,16,2,0,0.125
213,mm en el corte de las horas todo parece indicar que el de va ganando en las elecciones del congreso ,9,0,1,-0.1111111111111111
214,desde tlalnepantla miles de naucalpenses celebramos anos del triunfo de la presidenta claudia sheinb,15,0,0,0.0
215,a anos del triunfo del pueblo y del inicio de la transformacion de mexico miles de mexiquenses entre,15,1,0,0.06666666666666667
216,por eso ya se esta rescatando al pais,2,0,0,0.0
217,ahi estuvimos con nuestra gobernadora y con nuestro presidente y gente de todo el edomex respaldando,8,0,0,0.0
218,puro acarreado pendejo con cargo al erario,5,0,0,0.0
219,morenaorganizacioncriminal,1,0,0,0.0
220,asi acarrean gente al narcofest y que les caen,4,0,0,0.0
221,este vulgar tipejo que hace en la marcharocha llega hugo aguilar al monumento a la revolucion que ha,15,0,2,-0.13333333333333333
222,quedo precioso gracias presidente,3,0,0,0.0
223,edil naucallan incompetente no responde en meses a peticion de colonos al lado del palacio municipal,14,0,0,0.0
224,diario hay camiones de carga circulando en carriles centrales y algunos tirando escombros en la vial,11,0,1,-0.09090909090909091
225,genial ya solo te faltan los miles mas que hay abandonados y sucios en el municipio,6,0,1,-0.16666666666666666
226,estas son las condiciones actuales del parque naucalli en vez de tener a las agentes de transito que,13,1,0,0.07692307692307693
227,la av lomas verdes esta igual pintaron ahi por el shopping las bardas de los camellones de manera es,17,0,1,-0.058823529411764705
228,pero tambien es super importante un programa de mantenimiento y cuidado de los espacios publicos asi,9,1,0,0.1111111111111111
229,segui el camino a la taquilla y carpa de un circo pero no la encontre,6,0,0,0.0
230,por favor urge repavimentar hacienda san agustin desde calzada las armas hasta gustavo baz de verdad,11,0,0,0.0
231,moto incendiandose en periferico carriles centrales a la altura de ero de mayo,8,0,0,0.0
232,el alcalde junto con el secretario de bienestar del estado de mexico juan carlos gonzalez romero ent,14,1,0,0.07142857142857142
233,hasta cuando le van a poner un alto estos ogts una cosa es como antes jefe se lo cuido y ahi me da p,17,0,0,0.0
234,nuestras hermosas torres de satelite iluminadas nuevamente al inicio de la gestion de,7,2,0,0.2857142857142857
235,listo para las lluvias desazolve al mil si como no esta coladera tapada en la entrada de av lomas ve,14,0,0,0.0
236,como es posible que den permisos para trabajar en la madrugadas con gruas y golpes en la madrugada d,16,0,0,0.0
237,si se supone que ya habian terminado las obras en periferico y hasta ya andaba celebrando con por qu,19,1,1,0.0
238,necesito ayuda,2,0,0,0.0
239,los campeonatos se ganan legalmente y con goles no robando metiendo la mano para hacer trampa lo que,17,0,1,-0.058823529411764705
240,el numero de whatsapp es incorrecto revisen,4,0,0,0.0
241,quedo muy bonito jamas se habia dado mantenimiento gracias,4,0,0,0.0
242,saludos desde el rio de san mateo lugar de cacomixtles de donde se inspiraron en guachicol la mascot,9,0,0,0.0
243,por que hay policias de transito de naucalpan siempre bloqueando un carril en carriles centrales en ,17,0,1,-0.058823529411764705
244,naucalpan renace con la transformacion,3,1,0,0.3333333333333333
245,exhortamos al gobierno naucalpan para que tambien haga un programa de bacheo de la colonia lazaro ca,22,1,0,0.045454545454545456
246,que bonita actividad,2,0,0,0.0
247,muchas gracias atendiendo a todo el municipio y sobretodo a los mas vulnerables,5,0,0,0.0
248,la coladera destapada a la altura de parque naucali incorporandote de la mega de las torres esta pro,10,0,0,0.0
249,la transformacion llego a laflorida a traves de lashuellasdelatransformacion hoy las familias cuenta,16,2,0,0.125
250,como parte de las huellas del mundial social el gobierno de naucalpan transformo integralmente del c,14,0,0,0.0
251,una mejor imagen urbana tambien es seguridad para todas y todos seguimos transformando los espacios ,16,1,0,0.0625
252,en el tercer dia de entrega de tarjetas de este programa impulsado por el gobierno de mexico se otor,18,3,1,0.1111111111111111
253,nicolasromero la alcaldesa invito a la poblacion de este municipio y al publico en general a disfrut,13,0,0,0.0
254,hasta cuando,1,0,0,0.0
255,de junio luis barragan recordamos a luisbarragan uno de los arquitectos mexicanos mas influyentes de,18,0,0,0.0
256,claramente se ve a con armas largas ayudandole a un amigo a pegarle a una persona los dos cobardes s,33,0,0,0.0
257,de que tipo de obra se trata,1,0,0,0.0
258,tirar basura hoy es inundarte manana cada bolsa o desecho que termina en la calle tapa coladeras y p,21,2,2,0.0
259,hay que darle las gracias a la fabulosa t y sobretodo a pero ya nos vamos a ver en las proximas elec,7,0,0,0.0
260,sabias que en mexico diego maradona tuvo una actuacion historica liderando a argentina hacia su segu,13,0,0,0.0
261,trabajos de bacheo reparacion de luminarias y limpieza en ciudad satelite aquigobiernalaesperanza na,10,2,0,0.2
262,reforestacion plis,2,0,0,0.0
263,en el marco de la iniciativa del mundial social gobierno de ciudad naucalpan transformo la cancha de,21,0,0,0.0
264,la transformacion llego a la colonia alfredo v bonfil aquigobiernalaesperanza naucalpan mundialsocia,9,1,0,0.1111111111111111
265,disfruta una tarde de cine en familia consulta los detalles en la imagen aquigobiernalaesperanza nau,11,0,0,0.0
266,la transformacion llego a la colonia alfredovbonfil aquigobiernalaesperanza naucalpan mundialsocial ,7,1,0,0.14285714285714285
267,la florida es un fraccionamiento muy bonito pero tras decadas de abandono se veia descuidado que bue,9,0,1,-0.1111111111111111
268,tanque abandonado por mas de diez anos tenia que llegar a transformacion a naucalpan para rehabilita,10,1,1,0.0
269,muchas gracias por tu reconocimiento el presidente municipal isaac montoya continua impulsando accio,17,0,0,0.0
270,inauguran cancha deportiva y parque infantil en las huertas tercera seccion bajo el programa mundial,11,1,0,0.09090909090909091
271,listas las huellas del mundial social para naucalpan informa isaac montoya,8,0,0,0.0
272,los morenos solicitan a gritos pruebas en el video queda evidenciada la corrupcion y ahora la autori,18,0,1,-0.05555555555555555
273,nzinforma alcalde entrego tarjetas en que depositaran recursos a mujeres para mejorar ingreso de hog,18,0,3,-0.16666666666666666
274,la colaboracion entre vecinos y autoridades genera resultados hoy se realizaron trabajos de limpieza,15,1,0,0.06666666666666667
275,participa en el encuentro nacional de ciudades seguras naucalpan,6,0,0,0.0
276,vean ustedes si no son un cancer las banquetas ya no existen en ingenieros militares todo al amparo ,9,0,0,0.0
277,nzinforma naucalpan el municipio a nivel nacional con mayor reduccion de robo de vehiculos con y des,16,1,1,0.0
278,destacan en foro nacional reduccion de la incidencia delictiva y avances tecnologicos en naucalpan l,10,0,0,0.0
279,comparte isaac montoya estrategia de seguridad en encuentro nacional de ciudadesseguras el tambien v,19,2,0,0.10526315789473684
280,arranca el la primera entrega de mil tarjetas del programa estatal mujeres con bienestar seran mil l,17,2,0,0.11764705882352941
281,incendio en las marinas,2,0,0,0.0
282,mas de mil familias reciben apoyo escolar en chimalpa arrancan entrega masiva de tarjetas rita cetin,14,1,0,0.07142857142857142
283,y tambien falta la tapa de la coladera abierta,4,0,3,-0.75
284,esperemos que asi sea,1,0,0,0.0
285,fui a los vecinos de la mancha plan de ayala comentaron las escuelas publicas cobran por inscripcion,18,2,0,0.1111111111111111
286,encabeza alcalde isaac montoya entrega de mil tarjetas del programa estatal mujeres con bienestar le,12,2,0,0.16666666666666666
287,aca en en el puente de lomas verdes con cruce de periferico norte le hace falta el barandal desde ha,13,0,3,-0.23076923076923078
288,y ahora porque chingaos quitaron el galeon pirata donde juegan los ninos en el paseo jerusalen de ec,14,0,0,0.0
289,el alcalde de naucalpan isaac montoya y elizabeth rocha encabezan la entrega de mil tarjetas de las ,13,2,0,0.15384615384615385
290,nzinforma autos recupero la guardia municipal uno de los atracos ocurrio en una gasolinera de avenid,19,1,3,-0.10526315789473684
291,operativos de seguridad de la guardia municipal y coordinacion con autoridades permiten la recuperac,10,3,0,0.3
292,de esos robos que ya no hay en naucalpan de esos que oculta de esos robos en que la polecia esta inv,7,0,2,-0.2857142857142857
293,dios mio un clasico,1,0,0,0.0
294,sebusca lo robaron ayer por la noche en calles de la colonia plan de ayala frente a la iglesia de sa,21,2,0,0.09523809523809523
295,si de hecho ingresamos un oficio solicitandolo a,3,0,0,0.0
296,se solicita de su apoyo para que abran las compuertas del rio hondo ya que esta casi lleno y para ev,10,0,0,0.0
297,nzinforma ninos y jovenes disfrutan de cancha de futbol antes de tierra ahora de pasto sintetico por,17,3,0,0.17647058823529413
298,en serio solo dos pipas para surtir de agua potable a paseos del bosque hacer una fila de mas de fol,15,2,2,0.0
299,es increible que por no dispersar presupuesto de forma correcta dejen de generar reparaciones que de,19,5,3,0.10526315789473684
300,cuanto es lo correspondiente de descuento en mi pago del agua de este bimestre si tengo mas de dias ,15,2,1,0.06666666666666667
301,cuantos dias mas vamos a continuar sin el agua potable en la parte alta de paseos del bosque eso si ,19,4,2,0.10526315789473684
302,entregan cancha renovada las torres en la colonia alfredo v bonfil como parte del mundial social lee,11,0,0,0.0
303,solicitamos su colaboracion para localizar a susi noemi r p de anos vista el en naucalpan edomex la ,11,0,0,0.0
304,naucalpan fortalece su politica animalista y anuncia unidad movil para atender mascotasen mas comuni,10,0,0,0.0
305,nuevo metropolitano naucalpan respalda a la presidenta claudia sheinba,6,0,0,0.0
306,nzinforma alcalde con naucalpenses en mensaje de presidenta de mexico quien afirmo no aceptamos inje,16,0,0,0.0
307,respalda naucalpan a la presidenta claudia sheinbaum en el llamado a la defensa de la soberania naci,9,0,0,0.0
308,claudiaesdenaucalpan,1,0,0,0.0
309,asi la lluvia esta noche en naucalpan,3,0,0,0.0
310,mas agua por trabajo en equipo reconocemos la disposicion y el trabajo conjunto entre vecinos la aso,15,1,1,0.0
311,radiomex celebra anos de historia programa especial domingo de junio hrs,8,1,0,0.125
312,en poco tiempo naucalpan salio de la lista de los municipios mas inseguros del pais de acuerdo a la ,13,0,0,0.0
313,en el marco de la expo seguridad mexico el presidente municipal isaac montoya participo en el encuen,24,1,0,0.041666666666666664
314,ante comisarios jefes y jefas de seguridad municipales montoya marquez quien tambien es vicepresiden,20,2,0,0.1
315,loultimo peligro en periferico sur automovilistas reportan una situacion de riesgo en la colonia jar,50,0,5,-0.1
316,otra imagen pa que vean que fui se aprecia las torres para el mexicable pero en serio detenga lo pod,21,1,0,0.047619047619047616
317,smsem abre cursos de preparacion para promocion horizontal,6,0,0,0.0
318,el rio hondo esta apunto de desbordarse pueden vigilar la zona o abrir las compuertas se necesita de,10,0,0,0.0
319,asi lo dice lamont,1,0,0,0.0
320,transforma un espacio abandonado en naucalpan la huella de la transformacion entrega cancha deportiv,18,3,1,0.1111111111111111
321,el fraccionamiento la florida abandonado por decadas prianistas hoy vuelve a brillar gracias a las h,14,1,1,0.0
322,de un espacio abandonado a un nuevo punto de encuentro para las familias el alcalde entrego la huell,18,2,1,0.05555555555555555
323,cumplen promesas con huellas de la transformacion en naucalpan uno de los programas emblematicos del,17,2,0,0.11764705882352941
324,ya estan llegando quejas de los panistas al rato voy a comprar algo bonito dia,6,0,0,0.0
325,destaco la entrega de mil tarjetas del programa mujeres con bienestar en naucalpan al senalar que es,20,3,0,0.15
326,reconocen trabajo de en naucalpan a anos de la t a dos anos de haber obtenido el respaldo en las urn,15,2,0,0.13333333333333333
327,durante tres dias el alcalde de naucalpan isaac montoya y el secretario de bienestar del edomex entr,14,1,0,0.07142857142857142
328,y el gobierno del edomex entregaron mil tarjetas de mujeres con bienestar con un deposito inicial de,15,0,0,0.0
329,en naucalpan encabeza entrega historica de mil tarjetas mujeres con bienestar en naucalpan atisbos,10,1,0,0.1
330,los mismos discursos falsos de todos los politiquillos miserables y hambreados pareciera que viven e,9,0,0,0.0
331,dejame contradecirte como puede pensar que naucalpan es seguro si es un terror ver a un policia a so,31,2,0,0.06451612903225806
332,y tambien incluye tu con todo respeto y n esima vez date una escapadita por l molinito en las noches,31,0,1,-0.03225806451612903
333,te presentamos al diputado local y al presidente municipal correspondiente al distrito xxxii naucalp,10,0,0,0.0
334,naucalpan presume baja delictiva y refuerzo policial en encuentro nacional de seguridad,9,1,0,0.1111111111111111
335,el presidente municipal presento ante alcaldes de todo el pais los avances de la estrategia segurida,14,1,0,0.07142857142857142
336,mas bienestar y mas oportunidades para las mujeres de naucalpan el alcalde acompano al secretario de,18,2,0,0.1111111111111111
337,en naucalpan operativos de la guardia municipal permiten recuperar dos vehiculos robados trinarnotic,15,1,0,0.06666666666666667
338,ya los llevo el alcalde a recorrer las periferias de la ciudad les pongo un ejemplo creen que es vid,9,0,0,0.0
339,el alcalde asistio al evento smart city awards en puebla espacio donde alcaldes especialistas empres,22,1,0,0.045454545454545456
340,que onda y lleva dias sin servir los semaforos en rio san joaquin e ingenieros militares en direccio,12,0,2,-0.16666666666666666
341,que bueno que se compartan ideas para que la tecnologia beneficie a las familias,5,0,0,0.0
342,sigamos sumando esfuerzos para transformar nuestras ciudades y comunidades,6,0,0,0.0
343,felicidades por apostar por la tecnologia al servicio de la gente,5,1,0,0.2
344,el trabajo conjunto siempre abre nuevas oportunidades de desarrollo,4,0,0,0.0
345,pero ahora preocupa si esto se va a volver doctrina de morena ya que este asunto de cambiar los colo,16,0,0,0.0
346,la innovacion es clave para construir un mejor futuro para las familias poblanas,6,0,0,0.0
347,la innovacion y el trabajo colaborativo entre municipios son fundamentales para impulsar soluciones ,10,1,0,0.1
348,que importante generar espacios de dialogo donde se compartan experiencias y estrategias para constr,12,0,0,0.0
349,huixquilucan vibra con deporte y comunidad el senador y la alcaldesa entregaron la segunda etapa de ,15,0,0,0.0
350,mas agua para tlalnepantla con una inversion superior a los mdp el gobierno municipal encabezado por,18,2,1,0.05555555555555555
351,repetira florentino perez como presidente del realmadrid,5,0,0,0.0
352,tradicion cultura y comunidad te esperan en el tianguiztli tlatilca lugar centro civico de ciudad sa,29,1,0,0.034482758620689655
353,fortalece la educacion en nezahualcoyotl con mas oportunidades para estudiantes atisbos,6,2,0,0.3333333333333333
354,urge que arreglen los semaforos rio san joaquin esquina ingenieros militares mas de una semana y est,11,0,0,0.0
355,cuautitlan izcalli mantiene atencion permanente en comunidades afectadas por acumulacion de agua tri,16,1,1,0.0
356,formamos parte del encuentro nacional de alcaldes por la innovacion y prosperidad compartida desde e,23,2,0,0.08695652173913043
357,pregunto que doctrina es esta que pone en riesgo a la sociedad al cambiar los colores de ley y regla,20,0,1,-0.05
358,cambiando el color oficial de las senalamientos viales y peatonales a color azul borrando el color a,20,0,0,0.0
359,el trabajo coordinado es clave para construir soluciones que respondan a las necesidades de la pobla,21,0,0,0.0
360,estrategia seguridad con todo ha bajado la percepcion de inseguridad en naucalpan montoya durante la,72,5,2,0.041666666666666664
361,llegan las huellas de la transformacion a la colonia alfredo v bonfil alcalde isaac montoya entrega ,13,2,0,0.15384615384615385
362,entrega alcalde isaac montoya una huella de la transformacion mas en la colonia mexico una cancha de,12,2,0,0.16666666666666666
363,isaac montoya destaco la entrega de mil tarjetas del programa mujeres con bienestar en naucalpan al ,24,3,0,0.125
364,durante tres dias el alcalde isaac montoya y el secretario juan carlos gonzalez entregaron mil tarje,13,0,0,0.0
365,gran inyeccion economica para naucalpan el alcalde isaac montoya y el secretario juan carlos gonzale,15,1,0,0.06666666666666667
366,loultimo alcalde de naucalpan isaac montoya expuso los avances de la estrategia seguridad con todo e,14,1,0,0.07142857142857142
367,participa alcalde isaac montoya en el encuentro nacional de ciudades seguras,8,0,0,0.0
368,asiste alcalde isaac montoya junto con la secretaria laura gonzalez a las caravanas de impulso econo,10,0,0,0.0
369,enterate alcalde isaac montoya encabezo en la unidad cuauhtemoc del imss la entrega de mil tarjetas ,16,1,0,0.0625
370,como parte de las actividades desarrolladas en expo seguridad mexico en aalmac contamos con la parti,70,13,0,0.18571428571428572
371,isaac montoya presento en la expo seguridad los avances de naucalpan con la estrategia seguridad con,17,3,0,0.17647058823529413
372,inicia en naucalpan programa mujeres con bienestar acompanado por el secretario de bienestar del est,71,5,0,0.07042253521126761
373,se presume que son los que controlan los tiros de cascajo que isaac montoya se niega a serrar,8,0,1,-0.125
374,encabeza el alcalde isaac montoya la entrega de mil tarjetas del programa estatal mujeres con bienes,12,2,0,0.16666666666666666
375,isaac montoya encabezo la entrega de mil tarjetas del programa mujeres con bienestar en naucalpan co,20,2,0,0.1
376,alcalde isaac montoya entrega un nuevo c en la colonia olimpica radio sustituye un modulo de segurid,12,2,1,0.08333333333333333
377,gran impulso para las jefas de familia en naucalpan el alcalde isaac montoya y el secretario de bien,19,1,0,0.05263157894736842
378,que tambien investiguen al isaac montoya y su grupo de amedrentadores no es normal que golpeen a gen,12,0,0,0.0
379,encabeza alcalde isaac montoya entrega de mil tarjetas del programa estatal mujeres con bienestar,11,2,0,0.18181818181818182
380,isaac montoya encabezo la entrega de mas de mil tarjetas de la becaritacetina para estudiantes de pr,17,3,0,0.17647058823529413
381,isaac montoya entrega mas de becas rita cetina a estudiantes de primaria en san francisco chimalpa a,19,6,0,0.3157894736842105
382,encabeza alcalde isaac montoya y elizabeth rocha entrega de mil tarjetas de las becas rita cetina,12,2,0,0.16666666666666666
383,isaac montoya entrega cancha renovada en mexico y suma otra huella de la transformacion en naucalpan,17,2,0,0.11764705882352941
384,isaac montoya entrego la rehabilitacion del campo las torres en naucalpan transformando un espacio a,25,2,1,0.04
385,huellas de la transformacion llegan a la colonia alfredo v bonfil donde el alcalde isaac montoya ent,14,2,0,0.14285714285714285
386,inauguran la cancha las torres en alfredo v bonfil de tierra a pasto sintetico con esta obra isaac m,21,1,0,0.047619047619047616
387,el alcalde isaac montoya entrego la rehabilitacion total de la cancha el polvorin en la colonia mexi,27,2,0,0.07407407407407407
388,con un contingente de mas de mil personas naucalpan participo en la movilizacion de apoyo a la presi,26,2,0,0.07692307692307693
389,para fortalecer la colaboracion institucional y avanzar en proyectos y acciones en materia hidrica s,21,0,0,0.0
390,la unam bloqueo a mil aspirantes durante el examen de ingreso a licenciatura por posibles irregulari,19,1,0,0.05263157894736842
391,sigue la viol nci en malinalco b l n a hombre en una base de taxis,9,0,0,0.0
392,feliz cumpleanos hoy felicitamos con gran aprecio a presidente municipal de santacatarina nuevo leon,26,1,0,0.038461538461538464
393,enrique vargas celebra la segunda etapa de la unidad deportiva el plan en huixquilucan mas espacios ,16,0,0,0.0
394,exhiben a policias golpeando a estudiantes menores de edad del conalep en huixquilucan durante una m,13,1,0,0.07692307692307693
395,donde esta la gaturra ah ok es que anda de mitin en mitin por que le sobra mucho tiempo sin hacer na,9,0,0,0.0
396,ieem abre espacios a las juventudes para fortalecer la democracia rumboa trinarnoticias siguemeycomp,15,0,0,0.0
397,gobierno de naucalpan impulsa en coordinacion con el gem el cuidado de los seres sintientes,8,0,0,0.0
398,hoy estuve en naucalpan acompanando a mi amigo el senador con los mexiquensesdecorazon seguimos con ,15,1,0,0.06666666666666667
399,naucalpan edomex pregunta por que en la sucursal que se encuentra en la plazatoreo sus empleados de ,9,0,0,0.0
400,por arrancar la operacion de parquimetros en naucalpan,4,0,0,0.0
401,basilica de los remedios en mi pueblo de naucalpan,4,0,0,0.0
402,atencion atencion conductores parquimetros llegan a naucalpan estas son las zonas donde iniciara el ,10,0,0,0.0
403,casi tres horas de pachuca a naucalpan porque se les ocurrio pavimentar la autopista la t va,6,1,0,0.16666666666666666
404,bonita la repavimentacion de periferico norte pero se les olvido colocar canaletas coladeras y bocas,17,1,0,0.058823529411764705
405,donde estas yo naucalpan,1,0,0,0.0
406,como cuando eruviel permitio que una calle desapareciera para que se cobstruyera una parte de la pla,8,1,0,0.125
407,buen dia estimado cliente le informamos clima naucalpan c huixquilucan c lerma c buen viaje,11,0,0,0.0
408,buen dia estimado cliente le informamos tiempo de recorrido cuota minutos de toluca hacia naucalpan ,19,0,0,0.0
409,nunca me habia sentido tan en paz de vivir en naucalpan goei xd,6,0,0,0.0
410,es por ellos por el presente y las siguientes generaciones naucalpan alfredooropeza hechoenelpan por,7,0,0,0.0
411,horas el indiceaireysalud reporta en gustavoamadero atizapan naucalpan tlalnepantla y tultitlan cali,22,0,3,-0.13636363636363635
412,la policia de naucalpan k bonita corporacion,4,0,0,0.0
413,tenemoslluvia chubascos dispersos al oriente y norte de la cdmx y el edomex intensidad moderada lige,80,0,1,-0.0125
414,tengan un fin de semana increible saludos parejas de naucalpan y alrededores cuales son sus planes p,8,0,0,0.0
415,buen dia estimado cliente le informamos vehiculo detenido en el km con afectacion a carril de baja e,14,1,1,0.0
416,edil naucalpan incompetente no responde en meses a peticion de colonos al lado del palacio municipal,14,0,0,0.0
417,buenas tardes estimado cliente le informamos trabajos de conservacion en el km plaza de cobro chamap,17,0,0,0.0
418,un inter les agradaria saludos de aqui de naucalpan,4,0,0,0.0
419,horas el indiceaireysalud reporta en benitojuarez cuautitlanizcalli y naucalpan tlalnepantla y tulti,20,0,3,-0.15
420,cuales son las personas que no encajan con el perfil se llena de godinez buchonas y gente de naucalp,10,0,0,0.0
421,boletin de prensa un elemento de sspc es arrestado y puesto a disposicion de la fiscalia lamentablem,20,0,0,0.0
422,dos pipas se prendieron en llamas despues de protagonizar un choque multiple en la carretera chamapa,16,1,1,0.0
423,y dijo que estudio en harvard o seria jarbart de naucalpan,4,0,0,0.0
424,juan jose moctezuma miranda fue sentenciado a anos y meses de prision por un juez con sede en tlalne,18,1,1,0.0
425,tenemoslluvia intensidad generalmente ligera con puntuales fuertes donde llueve cdmx tlalpan magdale,69,2,2,0.0
426,en naucalpan concluyo la entrega de mil tarjetas del programa mujeresconbienestar durante tres dias ,18,2,0,0.1111111111111111
427,si dios no existe quien me salvo de nacer en naucalpan,3,0,0,0.0
428,alguien sabe si hay cabinas en naucalpan,3,0,0,0.0
429,ptm van a jugar crudos ya duerme la primera en naucalpan la aparicion de este six en las instalacion,23,0,0,0.0
430,dirigete a xonacatlan desde chamapa tomando la autopista toluca naucalpan,7,0,0,0.0
431,buen dia estimado cliente le informamos el tiempo de recorrido cuota minutos de toluca haca naucalpa,22,0,0,0.0
432,venta departamento altavitta residenciallomasverdes naucalpan edomex venta mxn impresionante vista m,104,3,1,0.019230769230769232
433,el pan pinto naucalpan de azul debemos exigir leyes que ya no sean partidistas y que danan el erario,10,0,0,0.0
434,buen dia estimado cliente le informamos clima naucalpan c huixquilucan c lerma c maneje con precauci,12,0,0,0.0
435,nuevo poder judicial quiere valet parking exclusivo el llamado nuevo poder judicial busca contratar ,56,2,0,0.03571428571428571
436,buscamos single para hoy zona naucalpan centro despues de las,5,0,0,0.0
437,dirigete a lerma desde san nicolas tomando la autopista toluca naucalpan,8,0,0,0.0
438,current weather in naucalpan overcast c humidity wind km h pressure mb,11,0,0,0.0
439,tambien yo de naucalpan,1,0,0,0.0
440,de junio lista de lesionados del choque de la carretera naucalpan toluca km,8,0,1,-0.125
441,buenos dias estimado cliente le informamos trabajos de conservacion en plaza de cobro san nicolas km,18,0,0,0.0
442,eso que tanto quieres esta mas cerca de lo que imaginas aparta tus muebles o television favorita con,8,0,0,0.0
443,entendemos tu molestia y agradecemos que nos lo hagas saber compartenos mas informacion por mensaje ,15,0,0,0.0
444,jajajajajajajajaja no sean asi,1,0,0,0.0
445,un dia tuve la oportunidad de conocer el antonov en guadalajara un avion impresionante,5,0,0,0.0
446,la recompensa es la vida familiar,3,0,0,0.0
447,entre mas obra mas sobra dicen los ingenieros y el gobierno con esa comision de que siempre cobra po,11,0,0,0.0
448,mueroooo que bueno que ya llegaste,2,0,0,0.0
449,lei que los gobiernos cancelaron los turnos nocturnos razon por la cual todo se hace durante el dia,6,0,0,0.0
450,y eso que no te toco que estuviera inundada,2,0,0,0.0
451,normal para este gobierno lamentablemente,3,0,0,0.0
452,ningun chile te embona,2,0,0,0.0
453,y que me dices a queretaro,2,0,0,0.0
454,la t va pero de la v rg ja ja ja,5,0,0,0.0
455,porque alla esta sudafrica,2,0,0,0.0
456,como les gusta molestar a la t recuerden reconstruccion de periferico dia imagenes son ia eso no pas,8,1,0,0.125
457,esa parte de periferico norte siempre se inunda y pasaran los anos sin poderla arreglar,6,0,0,0.0
458,todo lo hacen con el qlo los de la t,1,0,0,0.0
459,todo lo hacen mal corrupcion y robadera a lo grande nada mas,4,0,2,-0.5
460,mexico magico,2,0,0,0.0
461,por eso los baches despues,1,0,1,-1.0
462,a mi,1,0,0,0.0
463,igual,1,0,0,0.0
464,te veo,1,0,0,0.0
465,lomasleido alcalde de oaxaca raymundo chagoya comprometio la venta de una calle publica para constru,16,2,0,0.125
466,jajaja x hermanas me mama estar en muy lejano viendo como se rompen la madre en el centro xd,10,0,0,0.0
467,sacaremos a los mediocres corruptos y narcopoliticos de naucalpan naucalpan alfredooropeza hechoenel,9,0,0,0.0
468,horas en el resto de la cdmx y zona metropolitana es de aceptable a buena el riesgo a la salud es mo,11,0,2,-0.18181818181818182
469,ligera en momentos moderada en zona aeropuerto esperemos no se intensifique,7,0,0,0.0
470,holaaa excelente tarde seria un placer poderlos conocer saludos chicos,7,0,0,0.0
471,no hubo plan hoy saludos amigos,3,0,0,0.0
472,buen dia estimado cliente le informamos se libera,4,0,0,0.0
473,guerrero bajo fuego lamentablemente evelynsalgado y claudia sheinbaum no tienen el minimo interes en,20,0,0,0.0
474,cientificos de corea del sur crearon un hidrogel electrolitico ultraflexible que se estira veces res,22,0,0,0.0
475,aseguran toneladas de autopartes en un inmueble de chicoloapan durante un cateo de la fiscalia del e,19,1,2,-0.05263157894736842
476,escucho fuga pa cali y me vuelvo a ondear bien macizo,7,0,2,-0.2857142857142857
477,en la cdmx tenemos a clara brugada que ajolotizo y pinto todo de morado y en nuevo leon tienen a sam,16,0,0,0.0
478,la austeridad que predican es solo mito gastan igual que los anteriores el colmo ni para estacionar ,16,0,0,0.0
479,seguramente va a ser gratuito tanto el valet como el estacionamiento no tienen llenadera los corrupt,7,0,0,0.0
480,no hay agua para beber toner material de limpieza impresoras usadas y chafas toallas para secarte la,14,2,1,0.07142857142857142
481,cual sencillez y austeridad nombre estos salieron mas ladys que nada de ser verdad la noticia,6,0,0,0.0
482,verga we por que son tan pinches nacos y mamadores valet parking para el idiota que parece coyote af,12,0,0,0.0
483,ya no se si reir o llorar se superan,3,0,0,0.0
484,se supone se mueven en metro no ccp,4,0,0,0.0
485,estos pinches del poder judicial al rato que van a pedir seran de la cnte,5,0,0,0.0
486,o sea que la base trabajadora ha laborado desde sin ajuste a su salario por la inflacion para que lo,17,1,1,0.0
487,a ver eso tambien es costoso ya que te andas preocupando por que los tratamientos medicos cuestan,6,0,0,0.0
488,inches wevones y wevonas ya ni quieren manejar pudranse cuatreros y todos los del salieron ratas com,10,0,1,-0.1
489,valet parking exclusivo para sus camionetas machuconas mientras el pueblo bueno no puede usar adecua,18,1,0,0.05555555555555555
490,los nuevos privilegios de los no zurdos y no subordinados del poder ejecutivo,4,0,0,0.0
491,los privilegios del bienestar autos de lujo chofer y guaruras ahora quieren valet parking de capacit,21,0,0,0.0
492,llegaron mas muertos de hambre y con ganas de comer con manteca los muy hdsrpm,7,0,1,-0.14285714285714285
493,los de la austeridad para llegar al poder luego quieren privilegios y rodearse de lujo que decian no,10,1,0,0.1
494,no desinformes eso ha existido siempre porque son edificios en donde se tienen que usar elevadores d,8,0,0,0.0
495,mentirosos y ladrones llegaron para enriquecerse,4,0,1,-0.25
496,lo bueno que todos eran humildes de corazon e iban a llegar en transporte publico o en carros chicos,8,0,0,0.0
497,los integrantes del nuevo poder judicial pues no podemos llamarles ministros pertenecen a la camaril,18,0,0,0.0
498,y la miserable de y que atacaron hasta el artasgo los privilegios de la anterior de norma pina que e,12,1,0,0.08333333333333333
499,sinverguenzas siguen destruyendo al poder judicial federal y quieren vivir como reyes y principes lo,21,0,0,0.0
500,lo que rechazaban privilegios ahora se conducen de forma naca como si sus resultados fueras del nive,12,0,0,0.0
501,esa es la pobreza franciscana que reza todo mierdena si es asi entonces yo tambien quiero vivir esa ,7,0,0,0.0
502,y la austeridad que tanto pregonan,2,0,0,0.0
503,son pendejos hasta para manejar su propio automovil valen verdad de todas las formas,5,0,0,0.0
504,no que los corruptos eran los anteriores por que servicios de ese tipo y descuidan los insumos basic,7,0,0,0.0
505,lo bueno es que ya no van a tener privilegios entonces para que tienen el chofer solo que piensen en,12,0,0,0.0
506,lo bueno que no tenian coche y son del pueblo que se transportaban en metro,4,0,0,0.0
507,ahora alguien de morena va a crear una empresa nueva para adjudicarse directamente ese contrato,7,0,0,0.0
508,primero que compren toner y hojas ya no eso hay en varios juzgados y tribunales,5,0,0,0.0
509,pero ellos son humildes y cercanos al pueblo y asi,3,0,0,0.0
510,esos valets se lo llevaran a sus sesiones itinerantes fuera de la cdmx,5,0,0,0.0
511,pero los que menos ganan esos que se chinguen porque tenemos que pagar estacionamientos y luego no e,7,0,0,0.0
512,lo bueno es que ya se acabaron los privilegios decian,3,0,0,0.0
513,y se quejaban de pina,2,0,0,0.0
514,oraleeee estos servicio ni obama los tiene,3,1,0,0.3333333333333333
515,la acepcion de personas comienza desde el oaj,4,0,0,0.0
516,algunos edificios del pjf no tienen agua para consumo humano ni elevadores las personas con discapac,17,2,1,0.058823529411764705
517,estan demostrando plenamente su incapacidad y asi la justicia,4,0,0,0.0
518,la tremenda corte nos resulto fifi para sorpresa de nadie,5,0,1,-0.2
519,ademas de choferes y ayudantes,2,0,0,0.0
520,ese pinche oaxaco ya se excedio no podemos permitir que un huarachudo nos humille,6,0,0,0.0
521,animal farm,2,0,0,0.0
522,y el toner,1,0,0,0.0
523,que bonita transformacion antes criticaban privilegios ahora los estacionan por ti,5,1,0,0.2
524,que rapido tenemos evidencia de la falsedad de las peroratas del narcoregimen no para que la delincu,17,0,4,-0.23529411764705882
525,no bueno,1,0,0,0.0
526,no son iguales son peores,2,0,0,0.0
527,hasta pendejos para manejar,2,0,0,0.0
528,hola como estan me gustaria conocerlos soy single de anos cm de buen ver aguantador y con algo de ex,11,0,0,0.0
529,me encantaria poder probar esa delicia,3,0,0,0.0
530,saludos amigos buen dia mi nombre es hugo single de anos de edad me agradaria conocerlos,8,0,0,0.0
531,dm,1,0,0,0.0
532,te mande mensaje,2,0,0,0.0
533,lastima ni poder el dia de hoy,1,0,0,0.0
534,hola,1,0,0,0.0
535,yo disponible a sus ordenes,2,0,0,0.0
536,yo de naucalpan,1,0,0,0.0
537,libre,1,0,0,0.0
538,la guardia municipal de naucalpan recupero dos automoviles con reporte de robo en operativos de busq,21,2,1,0.047619047619047616
539,esta ciego este presidente por que no ve o se hace tonto y los baches cuando los vas a mandar repara,8,0,1,-0.125
540,se aplaude el estar mas en territorio y menos en escritorio,3,0,0,0.0
541,bravo,1,0,0,0.0
542,por que los parquimetros quien dio autorizacion de colonos para autorizar lo hacen por sus propios c,11,0,1,-0.09090909090909091
543,gran trabajo y compromiso sr pdte,3,0,0,0.0
544,siga adelante la comunidad esta orgullosa de usted,3,0,0,0.0
545,grandes obras que benefician a todas y todos,2,0,0,0.0
546,felicidades a esta administracion,2,0,0,0.0
547,excelente la transformacion,2,1,0,0.5
548,aca los arcos rumbos a cipreses naucalpan tierra del olvido gracias maestra y montoya ineptos,11,0,0,0.0
549,en san rafael chamapa hubieran puesto unos juegos nuevos solo pintaron la cancha de basquet de guind,14,0,0,0.0
550,y al naucalli cuando le toca esta muy descuidado y esta enfrente de la florida,5,0,0,0.0
551,muy bonito pero aqui en jardines del molinito y en la loma linda estan muy abandonados los parques p,8,0,0,0.0
552,q bonito naucalpan t,2,0,0,0.0
553,muy agradecida de que se preocupe por la recuperacion de espacios,4,1,0,0.25
554,gracias presidente isaac montoya por trabajar priorizando nuestro bienestar,6,0,0,0.0
555,felicidades presidente y vamos adelante vivala t apoyototalamorena,4,0,0,0.0
556,muchas felicidades presidente isaac montoya un gran trabajo,4,0,0,0.0
557,si se nota el trabajo de isaac,2,0,0,0.0
558,muchas gracias por tan excelente recuperacion,3,1,0,0.3333333333333333
559,muchas gracias presidente isaac montoya gracias por redignificar a nuestro fraccionamiento,7,0,0,0.0
560,cuando no se hacen bien las cosas se nota pero cuando si se hacen bien se nota mas gracias alcalde i,8,0,0,0.0
561,isaac montoya gracias por las mejoras realizadas en la florida los resultados son visibles y hablan ,16,0,0,0.0
562,sin palabras presidente isaac montoya marquez todo execelente gracias,7,0,0,0.0
563,excelente,1,0,0,0.0
564,naucalpan t,1,0,0,0.0
565,aca en la mancha nos falta que tengamos lugares de esparcimiento de calidad y con seguridad,7,2,3,-0.14285714285714285
566,muchas gracias presidenteisaac montoya gracias por el apoyo y el acompanamiento durante estos meses,7,0,0,0.0
567,buenas tardes senor presidente de naucalpan yo de mi parte le agradezco mucho lo k hace por favor no,19,0,1,-0.05263157894736842
568,necesitamos el arreglo del tubo de avenida gustavo baz cerca del hospital del imss ya q no tenemos a,16,3,2,0.0625
569,muchas gracias presidente issac por ejercer el presupuesto en las necesidades reales al director del,20,0,1,-0.05
570,pues hay una cancha de futbol abandonada en la colonia la rivera podria ser un gran proyecto de recu,11,1,1,0.0
571,una huella mas una historia mas del trabajo de isaac montoya dignificando a personas y comunidades,7,0,0,0.0
572,naucalpan t apoyando la convivencia familiar,4,0,0,0.0
573,gracias por seguir promoviendo la cultura y el arte en el municipio acciones asi son necesarias para,11,1,0,0.09090909090909091
574,el pasado viernes se disfruto de una increible tarde de cine con la proyeccion de minutos en el depo,35,0,0,0.0
575,que bien que realicen actividades para disfrutar en familia,4,0,0,0.0
576,muchas gracias por fomentar la convibenci de la comunidad ademas de que no todos podemos ir al cine ,7,0,0,0.0
577,solo falto el sofa cama que padre que se comparta estas actividades y fomenten la union familiar,9,0,0,0.0
578,repito eso es trabajo sr pdte,3,0,0,0.0
579,quedo bastante bien siempre sera bueno apostar por el deporte,2,0,0,0.0
580,una huella mas del mundial gracias isaac montoya por tu apoyo a los ninos jovenes adultos y personas,14,0,0,0.0
581,es importante mejorar las zonas urbanas y espacios recreativos para el beneficio de todas y todos si,8,1,0,0.125
582,felicidades isaac que dios te bendiga siempre y que sigas cumpliendo con tus metas estamos con usted,29,0,0,0.0
583,al pueblo circo maroma y teatro,4,1,0,0.25
584,espacios deportivos dignos para las comunidades,4,0,0,0.0
585,todo muy bonito y bien por esa mejora pero que no quede en eso nadamas pues en si el pueblo esta en ,27,1,1,0.0
586,deverias arreglar calles parqes i ayudar alos mas necesitados los ifluenser asen eso i tienen mas rr,14,1,0,0.07142857142857142
587,y alos que no nos gusta el futbol que opciones tenemos por que hace falta un lugar donde se realicen,10,0,3,-0.3
588,felicidades presidente isaac montoya por preocuparse por la comunidad gracias,7,0,0,0.0
589,muy bien amiguito jose trinidad chavez grimaldo hablando por toda la banda,6,0,0,0.0
590,estan quedando muy bonitos los parques algo q ya estaban en el abandono,4,0,1,-0.25
591,waooo sii quedo bien bonita felicidades y se que los que juegan ahi seguiran cuidando de eso porque ,12,0,0,0.0
592,muchas gracias por seguir transformando gracias,4,0,0,0.0
593,siempre al frente presidente muchas gracias isaac montoya,5,0,0,0.0
594,gracias por su campana pero si se ocupa que sean un poco escritos en la comunidad de que todos seamo,26,2,2,0.0
595,jefe muchas gracias por el apoyo canalizado en nuestra colonia estamos muy contentos por las atencio,7,0,0,0.0
596,en colinas de san mateo necesitamos una renovacion en las canchitas,6,1,0,0.16666666666666666
597,gracias por devolver la dignidad a naucalpan bendiciones,5,0,0,0.0
598,felicidades por cada logro,2,1,0,0.5
599,isaac montoya amigo el pueblo esta contigo,5,0,0,0.0
600,no se descansa cuando se trata de transformar nuestro municipio felicidades presidente isaac montoya,7,0,0,0.0
601,muchas felicidades a mi presidente issac montoya,4,0,0,0.0
602,muchas felicidades mi presidente issac montoya,4,0,0,0.0
603,dios lo bendiga siempre donde quiera que vaya,2,0,0,0.0
604,muchas gracias sr presidente isaac montoya,5,0,0,0.0
605,mi nino si esta en plataforma pero en el listado de la escuela no puedo ir a recoger la tarjeta,6,2,0,0.3333333333333333
606,ami no me llamaron que podria hacer para poder ir a recojer actualize datos y todavia fue a una prer,6,0,0,0.0
607,que bonito hacer estas celebraciones a sus ordenes presidente,4,0,0,0.0
608,gracias exelente trabajo sr presidente issac montoya,6,0,0,0.0
609,muchas gracias ojala puedan poner mas juegos para ninos sr isaac montoya,8,0,0,0.0
610,que ayude parque lascuevitas san antonio zomeyucan,6,0,0,0.0
611,muchas gracias por tanto presidente es un gran servicio para las comunidades los ninos estaran muy f,12,1,0,0.08333333333333333
612,excelente presidente el deporte acerca a nuestros jovenes a una mejor calidad de vida,7,1,0,0.14285714285714285
613,gracias presidente una evidencia mas de todo su esfuerzo,4,0,0,0.0
614,senor comisario por que no se pone el uniforme que acaso le da pena portarlo con dignidad yo lo veo ,13,1,1,0.0
615,a ver si ya usan el uniforme correctamente siempre andan encapuchados con toda la cara cubierta y oc,10,0,0,0.0
616,yo tengo anos esperando volvi a actualizar datos nos dijeron que las que teniamos folio les hiban a ,8,0,0,0.0
617,disculpa tengo una duda soy de naucalpan donde puedo actualizar mis datos para recibir mi tarjeta de,11,0,0,0.0
618,soy folio actualize mis datos me agregaron a un grupo de whatsapp me tomaron foto y no sali en las s,10,0,0,0.0
619,yo actualice mis datos y jamas me llamaron a unas si y a otras no,4,0,0,0.0
620,yo actualize datos me tomaron foto y no me llamaron y tengo folio del sera de suerte o ya no vamos a,9,0,0,0.0
621,buenas noches para cuando la entrega de reposicion en reyes la paz,5,1,0,0.2
622,yo no tengo apoyo pero me da mucho gusto saber que muchas personas ya les dieron su tarjeta,4,0,0,0.0
623,a mi tampoco me llamaron,1,0,0,0.0
624,gracias infinitas presidente isaac montoya por su compromiso con las mujeres naucalpences un evento ,10,1,0,0.1
625,evento titanico mi reconocimiento a todo el equipo y agradecer a la maestra delfina y al secretario ,12,1,0,0.08333333333333333
626,jajajajajaja no mamen,2,0,0,0.0
627,esos ya estan listos para la rosa de guadalupe,3,0,0,0.0
628,siempre llorando en ciudadano nunca estan contentos,3,0,0,0.0
629,muy bien presidente issac montoya,3,0,0,0.0
630,eres el mejor presidente isaac montoya marquez tenemos muchas satisfacciones gracias dios te bendiga,7,0,0,0.0
631,exacto presidente tu trabajo abla por si mismo bamos por la continuidad la t sigue y sigue gracias p,19,0,0,0.0
632,gracias presidente,2,0,0,0.0
633,del pueblo y para el pueblo,2,0,0,0.0
634,en el territorio transformando el bello pueblo de naucalpan,5,0,0,0.0
635,isaac montoya muchas gracias senor presidente y q gran trabajo esta realizando en naucalpan con la r,27,1,0,0.037037037037037035
636,no maaaa jajajajaj yo pense que iban a hacer rapell cuerda de descenso rapido bajada de cristo y sol,13,0,0,0.0
637,capacitados para agarrar borrachos chingar alos automovilistas y revisar menores de lo mejor,8,0,0,0.0
638,cuenta con uniformes viejos y quemados jajaj,4,0,0,0.0
639,presidente isaac montoya dios padre celestial derrame muchas bendiciones para usted,7,0,1,-0.14285714285714285
640,gracias presidente isaac montoya por ese apoyo tan importante para las mujeres,7,0,0,0.0
641,muchas gracias presidente un abrazo,3,0,0,0.0
642,acciones como esta son las que hacen la diferencia felicidades por el gran trabajo que estan realiza,7,2,3,-0.14285714285714285
643,gracias ciudad naucalpan gobierno municipal por su atencion y respuesta inmediata,8,0,0,0.0
644,buenas tardes a tod l integrantes del cabildo saludos desde el fracc la florida,8,0,0,0.0
645,saludos,1,0,0,0.0
646,loma linda presente,3,0,0,0.0
647,buenas tardes red de seguridad boulevares presente,5,2,0,0.4
648,buenas tardes a todas y todos en el apreciable cabildo iliana copto presente huertas primera,7,0,0,0.0
649,buenas tardes copaci lomas de san agustin presente,6,0,0,0.0
650,buenas tardes a todas y todos en cabildo delegacion presente,4,0,0,0.0
651,si tienes alguna duda relacionada a los temas en cuestion puedes hacerla por aqui,6,0,0,0.0
652,no por favor mas de esos,1,0,0,0.0
653,cuanto acarreado,1,0,0,0.0
654,felicidades y que siga cumpliendo mejorando el municipio con gestion y trabajando junto a los vecino,14,1,0,0.07142857142857142
655,el mejor presidente que ha tenido naucalpan isaac montoya es un honor estar a su lado transformando ,8,0,0,0.0
656,se ven los cambios,2,0,0,0.0
657,un cordial saludo desde la colonia independencia sr presidente isaac montoya no hemos tenido el gust,69,2,3,-0.014492753623188406
658,muchas felicidades presidente,2,0,0,0.0
659,gracias por las obras que esta realizando pero ya quisieramos que tambien se pavimentaron las calles,12,2,0,0.16666666666666666
660,muchas felicidades dios te bendiga,2,0,0,0.0
661,gracias presidente isaac montoya continuamos con firme conviccion la transformacion avanza,9,1,0,0.1111111111111111
662,naucalpan en transformacion constante y con resultados con toda la actitud isaac montoya saludos,8,1,0,0.125
663,woooow que padre muchas felicidades presidente isaac montoya,6,0,0,0.0
664,felicidades veo que esta haciendo mucho por naucalpan no se olvide de praderas de san mateo,7,0,0,0.0
665,gracias por todo sr presidente esta cumpliendo lo que prometio,5,0,0,0.0
666,impresionante los logros cuanta obra a lo largo del municipio hoy si se ve que el presupuesto se est,13,0,0,0.0
667,el mejor presidente que emos tenido en naucalpan gracias,4,0,0,0.0
668,que naucalpan siga siendo el mejor ejemplo de buen gobierno con funcionarios comprometidos con el bi,13,0,0,0.0
669,gracias por devolver la dignidad a naucalpan,4,0,0,0.0
670,extrano mucho roden pero se ponen mas ambulantes con jerseys de la seleccion en los circuitos,7,0,0,0.0
671,jos alc,2,0,0,0.0
672,excelente dia el gran reconocimiento para personas como tu issac montoya el mejor siempre comprometi,11,0,0,0.0
673,un gran reconocimiento para el ex presidente lopez obrador y a la actual presidenta de mexico claudi,14,0,0,0.0
674,para apuntarse para ayuda de madres solteras informe,5,0,0,0.0
675,actualize datos y me tomaron foto y no tuve la fortuna que me llamaran y tengo folio del,7,0,0,0.0
676,gracias por su apoyo presidente isaac montoya reconocemos su esfuerzo y labor hacia nuestro municipi,18,0,0,0.0
677,aun faltamos muchas con folio en espera,3,0,0,0.0
678,haciendo historia,1,0,0,0.0
679,todo esto es muy bueno y seria mejor si nos ayudan a que todas las luminarias que han reparado se ap,30,1,0,0.03333333333333333
680,ola donde ban a estar manana,3,0,0,0.0
681,es grato saber que existen ese tipo de servicios gratuitos para nuestra comunidad,4,0,0,0.0
682,gracias por los servicios gratuitos,3,0,0,0.0
683,solicitud de elementos de vialidad para cruce lopez mateos y av san mateo los microbuses hacen base ,15,0,0,0.0
684,perfecto ese semaforo ya tenia muchisimo q no funcionaba,4,0,0,0.0
685,y para cuando el que pusieron en avenida primero de mayo antes de llegar al periferico ese servia y ,10,0,1,-0.1
686,muy buen foro para que usted tambien se traiga una mejor idea y vision eso le da mucho crecimiento y,9,0,0,0.0
687,muy bien a seguir trabajando por los naucalpenses senor presidente isaac montoya,7,0,0,0.0
688,mi presidente isaac montoya marquez eres el vivo ejemplo de una persona que con esa inteligencia de ,22,0,0,0.0
689,honor a quien honor merece las acciones son las mejores evidencias de que la palabra convence pero e,12,0,0,0.0
690,un merecido reconocimiento senor presidente a todo su trabajo y desempeno eficiente que ha realizado,9,1,0,0.1111111111111111
691,siempre trabajando en beneficio de nuestro municipio,3,1,0,0.3333333333333333
692,gracias por el apoyo,2,0,0,0.0
693,excelente trabajo isaac montoya gracias por el apoyo a los ninos de ciudad naucalpan,8,0,0,0.0
694,el presidente de hoy que todos queremos felicitar por su gran labor de trabajo vamos por mas preside,6,0,0,0.0
695,una pregunta espero me hagan favor de responderme ami me depositaron y no me han hablado para recoge,16,2,0,0.125
696,mil gracias estoy orgullosa de nuestro presidente isaac montoya y el presidente de mujeres cm bienes,18,0,0,0.0
697,y que paso con el programa de impulsando mujeres naucalpenses,4,1,0,0.25
698,yo soy de naucalpan y de las q se registraron y ya nos estan llamando solo contesten ya q se comunic,15,0,0,0.0
699,yo igual soy de naucalpan actualice datos tengo folio ye registre desde el y no me an llamada,7,0,0,0.0
700,muy organizado aqui ando,2,0,0,0.0
701,no me han llamado ni nada y actualice mis datos y estoy en espera desde el,4,0,0,0.0
702,muy bonito evento y mil respetos para todos los servidores del pueblo y nuestro presidente y nuestro,8,1,0,0.125
703,gracias uriel servidor del pueblo en naucalpan y gran abrazo amigo,7,0,0,0.0
704,tantos anos que hemos pasado en el abandono sin ayuda sin el apoyo de ninguna administracion que hab,46,2,1,0.021739130434782608
705,comunidades abandonadas por decadas hoy se transforman sigamos adelante presidente,6,0,0,0.0
706,excelente presidente obras magnas que van a perdurar por varias generaciones,6,0,0,0.0
707,en hora buena sr presidente mi admiracion por los ordenes de gobierno muchas felicidades,7,0,0,0.0
708,gracias a la vida que nos toco presenciar la conjuncion de gobiernos federal estatal y municipal par,16,0,0,0.0
709,en horabuena asi se trabaja por por el nuevo proyecto de nacion personas inteligentes honradas y tra,10,0,0,0.0
710,saludos con afecto desde santa maria atarasquillo lerma lo extranamos mucho presidente isaac montoya,10,0,0,0.0
711,hola buenas noches yo tambien actualice mis datos y nunca me llamaron apenas me estoy enterando que ,12,1,0,0.08333333333333333
712,yo si eh visto el gran cambio en mi naucalpan tan saqueado y olvidado isaac montoya adriana g escoba,17,0,0,0.0
713,felicidades,1,0,0,0.0
714,hoy recibi la tarjeta gracias por el apoyo,4,0,0,0.0
715,excelente presidente el trabajo coordinado entre los diferentes ordenes de gobierno se refleja en el,8,0,0,0.0
716,ami me gustaria saber cuando va aver registro,4,0,0,0.0
717,buenas tardes yo igual no he recibido y soy del y estoy al pendiente y he auntualizado papeles ojala,8,0,0,0.0
718,muchas gracias a la maestra delfina gomez alvarez por estos apoyos a las mujeres de ciudad naucalpan,23,0,0,0.0
719,gracias yo he podido observar que si hay una transformacion enorme en todo el estado de mexico en ca,26,2,0,0.07692307692307693
720,super excelente,2,0,0,0.0
721,hola sii mil gracias exelente trabajo,5,0,0,0.0
722,miles de mujeres beneficiadas con el programa mujeres con bienestar gracias por tanto apoyo secretar,17,1,0,0.058823529411764705
723,el gran cambio en naucalpan se vive cada dia,3,0,0,0.0
724,excelente trabajo,1,0,0,0.0
725,excelente apoyar a las mujeres significa fortalecer la economia de los hogares,7,0,0,0.0
726,gran apoyo,1,0,0,0.0
727,que gran ayuda para la economia de los hogares en naucalpan,4,0,0,0.0
728,gran presidente,1,0,0,0.0
729,hola buenas tardes a donde acudir para inscripciones porfavor,5,0,0,0.0
730,mi mero profe,2,0,0,0.0
731,banda de gerra un abrazo,3,0,0,0.0
732,te amo mi preciosa princesa,3,0,0,0.0
733,excelentes ellos les ensenaron a mi hijo muy recomendable saludos,5,0,0,0.0
734,banda de guerra con excelentes estudiantes bravo,5,1,0,0.2
735,exelente persona y exelente instructor yo estoy feliz x todas las ensenanzas q a dado a mi hija,8,0,0,0.0
736,guardia municipal ciudad naucalpan son unos excelentes instructores,6,0,0,0.0
737,felicidades eres un gran artista te admiro mucho felicidades,4,0,0,0.0
738,awww mi tio pedro muchas felicidades,4,0,0,0.0
739,excelentisima y descomunal belleza de su obra maestro muchas felicidades,6,1,0,0.16666666666666666
740,presidente isaac montoya en donde podemos promover a un vecinito que quiere compartir su galeria de ,8,1,0,0.125
741,sin palabras un abrazo lleno de admiracion y orgullo,5,0,0,0.0
742,orgullosamente naucalpence y mi tio el buen maestro peri,5,1,0,0.2
743,preciosa obra gracias por dar a conocer los valores culturales de naucalpan,6,0,0,0.0
744,increible todo lo que haces inspiras mucho pedro gonzalez montano pericacho gracias isaac montoya po,13,0,0,0.0
745,excelente programa en beneficio de las familias ysi te todo de las ninas y los ninos de naucalpan,8,2,0,0.25
746,gracias presidente por su compromiso y apoyo,4,0,0,0.0
747,estas becas para ninas y ninos de primaria es sembrar futuro les da certeza para seguir estudiando m,18,3,0,0.16666666666666666
748,este apoyo fortalece la educacion en la comunidad,4,1,0,0.25
749,gracias presidente isaac montoya siempre poniendo en primer lugar a quienes mas lo necesitan,6,0,0,0.0
750,trabajando en equipo se logra que todos tengan bienestar vivan los niveles de gobierno viva la t,8,0,0,0.0
751,excelente colaboracion,2,0,0,0.0
752,edgar santiago gpi,3,0,0,0.0
753,agradezco mucho el gran apoyo,2,0,0,0.0
754,excelente trabajo apoyar para que los apoyos se entreguen donde mas se necesitan,5,0,0,0.0
755,excelente ahora se apoya a los jovenes antes el prian les decia ninis y se robaban el dinero,8,0,0,0.0
756,excelente gracias por ayudar a las familias naucalpenses para que los ninos nunca dejen sus estudios,8,0,0,0.0
757,saludos al maestro pericacho gran ser humano y artista es una persona maravillosa,7,1,0,0.14285714285714285
758,que costo tiene el acta certificada,3,0,0,0.0
759,cada dia naucalpan esta en mejores condiciones gracias al presidente isaac montoya,7,0,0,0.0
760,se nota el esfuerzo y dedicacion por nuestro municipio naucalpan t,5,0,0,0.0
761,buen trabajo transformando espacios mas seguros limpios y ordenados para la ciudadania,6,0,0,0.0
762,con resultados como este se nota el cambio,3,0,0,0.0
763,se ve precioso,2,0,0,0.0
764,gran trabajo en naucalpan,1,0,0,0.0
765,gran trabajo,1,0,0,0.0
766,ciudad naucalpan gobierno municipal donde se reporta un semaforo descompuesto por favor,8,0,0,0.0
767,seran bienvenidas a nuestra colonia chicas,3,0,0,0.0
768,una gran charla muy recomendable,2,0,0,0.0
769,gran y muy justo apoyo para las mujeres que dia con dia se esfuerzan por sus familias,5,0,0,0.0
770,gracias presidente isaac montoya por el gran compromiso y apoyo que brinda a las mujeres naucalpense,11,1,0,0.09090909090909091
771,grandes iniciativas sigan asi,2,0,0,0.0
772,es un programa que apoyara a las mujeres que en verdad lo necesitan,4,1,0,0.25
773,excelente programa,2,1,0,0.5
774,gracias por todas los apoyos que se otorgan a las mujeres de naucalpan canasta basica de alimentacio,31,1,0,0.03225806451612903
775,isaac montoya donde puefo tramitar la tarjeta de apoyo para discapacidad esoero me responda por favo,10,0,0,0.0
776,telefonos para pedir mas informacion,3,0,0,0.0
777,se necesita registro o solo se asiste los eventos,4,1,0,0.25
778,un apoyo que era necesario para que la educacion en mexico no se detenga y nuestras ninas y ninos te,11,1,0,0.09090909090909091
779,felicidades presidente isaac montoya por su excelente trabajo en favor de la comunidad estudiantil d,14,1,0,0.07142857142857142
780,isaac montoya considereme una administradora suya me gusta mucho su forma de trabajar felicidades,7,0,0,0.0
781,gracias por la informacion,2,0,0,0.0
782,ahora como comunidad debemos cuidar estos espacios,4,0,0,0.0
783,de cuanto es la duracion de los cursos un solo dia,2,0,0,0.0
784,como puedo inscribirme a uno de los talleres le agradeceria la informacion,4,0,0,0.0
785,deberian hacer algunos en sabado para las que descansamos en esos dias,4,0,0,0.0
786,carol fernanda casas,3,0,0,0.0
787,minutos,1,0,0,0.0
788,aceptan exmilitares,2,0,0,0.0
789,donde puedo enviar mensaje en privado para que me puedan ayudar con el alumbrado gracias,7,1,0,0.14285714285714285
790,gran trabajo sr pdte,2,0,0,0.0
791,ciudad naucalpan gobierno municipal con quien hay que coordinar la rehabilitacion de los parques pub,16,1,0,0.0625
792,quedo hermoso,1,0,0,0.0
793,espacios dignos alejan de la calle y forman equipos habitos y comunidad con el gobierno de ciudad na,17,1,0,0.058823529411764705
794,espacios dignos para la sana convivencia,4,0,0,0.0
795,excelentes cambios en el municipio de naucalpan,4,0,0,0.0
796,sigamos apoyando la transformacion para el bienestar de los ciudadanos,5,1,0,0.2
797,que bueno ver la recuperacion de espacios publicos que benefician a toda la comunidad felicidades po,7,1,0,0.14285714285714285
798,aqui gobierna la esperanza,2,0,0,0.0
799,excelente iniciativa para fomentar el deporte y la convivencia en la comunidad espacios dignos y seg,22,1,0,0.045454545454545456
800,gracias isaac montoya por estas huellas de la transformacion,5,1,0,0.2
801,para los microcreditos que necesito llevar el acta de nacimiento tendra costo,5,0,0,0.0
802,cuando estaran por molino o plan de ayala,3,0,0,0.0
803,en donde va aser,1,0,0,0.0
804,sin duda un esfuerzo que beneficia a muchas familias y fomenta el avance educativo,7,3,0,0.42857142857142855
805,que todas y todos los ninos tengan las mismas oportunidades para desarrollar su inteligencia estos p,10,0,0,0.0
806,un gran apoyo y estimulo para los estudiantes,3,1,0,0.3333333333333333
807,excelente el apoyo a la ciudadania es la base de esta administracion,5,0,0,0.0
808,la educacion transforma vidas que bueno que estos apoyos lleguen a quienes mas los necesitan,6,1,0,0.16666666666666666
809,excelente apoyo para las familias,3,0,0,0.0
810,excelentes programas en beneficio de los ciudadanos,4,1,0,0.25
811,los esperamos,1,0,0,0.0
812,goya,1,0,0,0.0
813,sin duda con la dignificacion de nuestros espacios publicos la poblacion ha vuelto a usarlos como es,9,1,0,0.1111111111111111
814,excelente informacion,2,0,0,0.0
815,exelente,1,0,0,0.0
816,estuvimos muy a gusto acompanando a nuestro presidente isaac montoya en apoyo a nuestra presi,7,0,0,0.0
817,naucalpan apoya a la t,2,0,0,0.0
818,la numero t,1,0,0,0.0
819,apoyo total a la t presidente isaac montoya,4,0,0,0.0
820,arriba mi presidente naucalpense,2,0,0,0.0
821,que viva la t,1,0,0,0.0
822,que siga la transformacion naucalpan t,3,1,0,0.3333333333333333
823,adelante querido presidente isaac montoya naucalpan empieza a brillar con esperanza vereda con usted,10,0,0,0.0
824,excelente el apoyo a nuestra presi,3,0,0,0.0
825,muchas felicidades sr presidente eres y seras el mejor un fuerte abrazo que sigan los exitos bendici,8,0,0,0.0
826,que viva naucalpan que viva nuestro presidente isaac montoya que siga la t vamos por mas,7,0,0,0.0
827,arriba la t e el precidente issac montoya,3,0,0,0.0
828,viva la presidenta no esta sola y sin duda es una valiente,4,0,0,0.0
829,viva nuestra presidenta todo naucalpan esta con usted no esta sola como tampoco esta solo nuestro pr,6,0,0,0.0
830,muchas gracias senora presidenta comandanta suprema de las fuerzas armadas de los estados unidos mex,18,0,0,0.0
831,desde tlalnepantla el compromiso se siente y se demuestra con admiracion y respeto a las y los nauca,29,0,0,0.0
832,seguimos y seguiremos refrendando el apoyo a nuestra presidenta y con el compromiso con nuestro amig,16,1,0,0.0625
833,honor a quien honor merece presidenta,4,0,0,0.0
834,en la union esta la victoria mexico sera defendido con amor y coraje vereda con ustedes y la t,8,0,0,0.0
835,orgullosamente naucalpan avanza,3,0,0,0.0
836,amor con amor se paga todos unidos,4,0,0,0.0
837,desde tlalnepantla celebramos con orgullo anos del triunfo historico de nuestra presidenta la dra cl,21,0,0,0.0
838,hace anos estuvimos en campana en apoyo a isaac montoya y claudia,5,0,0,0.0
839,lahonestidaddaresultados viva nuestra presidenta viva mexico,5,0,0,0.0
840,millones millones de apoyo mi presidenta claudia di s te bendiga siempre la mejor,7,0,0,0.0
841,apoyo total a la presidenta,2,0,0,0.0
842,excelente comentario,2,0,0,0.0
843,genial,1,0,0,0.0
844,la convivencia y la pasion futbolera se conjuntan,4,0,0,0.0
845,que padre,1,0,0,0.0
846,gran jugador,1,0,0,0.0
847,ya viene el mundial,2,0,0,0.0
848,naucalpan apoyando a la presidenta,3,0,0,0.0
849,todo el apoyo para la t,1,0,0,0.0
850,plan mexico avanza,3,0,0,0.0
851,naucalpan presente con el corazon por delante t con admiracion y respeto a cada vecina y vecino que ,23,1,0,0.043478260869565216
852,presidente isaac montoya fue un gusto acompanarlo en el informe de nuestra presidenta claudia sheinb,10,0,0,0.0
853,acompanando a todo nuestro querido y hermoso municipio a nuestro gran lider y sobre todo a nuestra g,16,0,0,0.0
854,creo en la ta trasformacion bendiciones todas gracias gracias gracias,6,0,0,0.0
855,siempre apoyaremos a nuestra presidenta claudia sheinbaum pardo por este segundo piso de transformac,22,1,0,0.045454545454545456
856,tenemos a la mejor presidenta la dra claudia sheinbaum a la mejor gobernadora la maestra delfina y a,11,0,0,0.0
857,claro que apoyare el movimiento obradorista apoyare maestra delfina y sobre todo apoyo total a mi pr,24,0,0,0.0
858,lomas de san agustin con la transformacion en un honor estar con el mejor naucalpan con claudia,7,1,0,0.14285714285714285
859,la esperanza y el trabajo es de todos y los maestrosdeldinidos seguimos presentes,4,0,0,0.0
860,otra vez apoyando a nuestro presidente al segundo informe de gobierno de nuestra presidenta claudia ,9,0,0,0.0
861,ciudad naucalpan siempre presente en este evento tan importante de la presidenta claudia sheinbaum p,9,1,0,0.1111111111111111
862,naucalpan esta en exelentes manos,3,0,0,0.0
863,gracias presidente por recuperar los espacios olvidados de naucalpan,6,0,0,0.0
864,era un campo olvidado quedo muy bonito,3,0,0,0.0
865,buen trabajo y video narrativo,2,0,0,0.0
866,apoyo total la transformacion avanza,3,1,0,0.3333333333333333
867,de eso estoy segura senor presidente,3,0,0,0.0
868,felicidades isacc,2,0,0,0.0
869,yo estuve tambien presente en apoyo a mi grandiosa presidenta represento al magisterio de mi querida,10,0,0,0.0
870,viva isaac montoya proximo gobernador del estado de mexico,5,0,0,0.0
871,gran y notoria participacion de naucalpan,3,1,0,0.3333333333333333
872,ami no me impresionas con tus pintadas de parques ami demuestrame q acabas con los lacras i q tengas,9,1,0,0.1111111111111111
873,apoyo total,1,0,0,0.0
874,presidente isaac montoya para los maestrosdelfinidos es un honor dar fuerza a cada paso que decide d,10,0,0,0.0
875,los maestrosdelfinidos unidos con naucalpan el pueblo unido con trabajo para un progreso comunitario,8,1,0,0.125
876,seguimos y seguiremos isaac montoya juntos por el bienestar maestrosdelfinidos,7,0,0,0.0
877,apoyo total a la t por un mexico digno,3,0,0,0.0
878,un naucalpan unido jamas sera vencido total apoyo a nuestra presidenta claudia sheinbaum pardo con i,13,1,0,0.07692307692307693
879,siguiendo la transformacion mi reconocimiento presidente isaac montoya,6,1,0,0.16666666666666666
880,siempre apoyandolo presidente isaac montoya ciudad naucalpan gobierno municipal saludos desde loma c,12,0,0,0.0
881,naucalpan presente con isaac montoya los maestrosdelfinidos con usted,5,0,0,0.0
882,naucalpan presente en la defensa de la soberania nacional,5,0,0,0.0
883,apoyo a la presidenta de una comitiva de naucalpan felicidades,5,0,0,0.0
884,siempre apoyando,1,0,0,0.0
885,se ve gran el apoyo de todos,2,0,0,0.0
886,gran y destacada presencia de naucalpan,3,0,0,0.0
887,todo el apoyo la transformacion avanza,3,1,0,0.3333333333333333
888,naucalpan esta presente apoyando la cuarta transformacion,5,1,0,0.2
889,hubieran invitado a ruben rocha moya,4,0,0,0.0
890,yeeeeeeaa es un gran honor estar con nuestra presidenta claudia sheibaum felicidades a todas y todos,9,0,0,0.0
891,excelente presidente municipal gracias por todo lo que ha hecho por naucalpan y es un honor estar co,7,0,0,0.0
892,la mejor presidenta del universo la dra claudia sheimbaun,5,0,0,0.0
893,hola querida amiga no te vayas con esa idea que nos estamos dando cuenta de la realidad que viene di,18,0,0,0.0
894,yo apoyo a mi presidenta hasta el final tambien soy naucalpense,4,0,0,0.0
895,bravo mi presidenta,2,0,0,0.0
896,con conviccion y apoyo en naucalpan siempre a los tres niveles de gobierno isaac montoya delfina gom,15,0,0,0.0
897,al con t,1,0,0,0.0
898,ese sr cravioto es un estupido a href es la primera vez que veo a lopez doriga diciendo este mal voc,12,0,1,-0.08333333333333333
899,se puede esperar de estos descerebrados de mugrena br pura y puras pendejadas desde amlo hasta claud,17,0,1,-0.058823529411764705
900,a trabajar fuera morena mexico desconocido br mexico bizarro br mexico surrealista br mexico magico ,20,0,0,0.0
901,la manga en serio que no sirven para otra cosa puras tonterias tomatelo entonces secre solo les gust,13,0,0,0.0
902,mucha razon amigo lopez doriga este senor no tiene cerebro que puedes esperar son de morenaaaa br so,18,0,0,0.0
903,echar un jarabe pero tapatio encima de su cabeza la ola no nacio en mexico esta tuvo su origen en lo,15,0,0,0.0
904,y pagado por todo los mexicanos desde antes del la ola se usaba en los partidos de futbol americano ,12,0,0,0.0
905,s el narco jarabe la narco ola que verguenzza han de sentir los hijos y familiares de este proyecto ,14,0,2,-0.14285714285714285
906,pena ajena porque de seguro a este tipo no le da verguenza son unos reverendos p jos la naca de guat,13,0,0,0.0
907,del sr doriga para ese pndjo pinchi gobierno de mrda estos de morena hasta se parece al tal alito ja,14,0,1,-0.07142857142857142
908,nadie dice nada ningun chile te envona bien dicho teacher asi la altura de las autoridades que verge,9,0,0,0.0
909,la narcosecta es cutre pajon corrientote y hecho con las patas y no podria ser de otra manera viendo,10,0,0,0.0
910,y quien esta a cargo de la cdmx quienes son los gobernadores quienes son los acordeonistas y asi la ,11,0,1,-0.09090909090909091
911,tu jarabe y no le hagas de tos y devuelve a los franciscanitos a su hogar en cuajimalpa inche ruco c,12,0,0,0.0
912,que forma tan patetica tienes de burlarte de nosotros los mexicanos ctrpm y los franciscanitos cuand,14,0,0,0.0
913,a tus polinuercos al menos eso no no porfa joaquin me encanta escuchar y ver tu programa pero no me ,12,1,0,0.08333333333333333
914,esta ciudad merece mas que una parvada de pseudopoliticos manosos mal hechos ignorantes sin cultura ,16,1,1,0.0
915,ciudad de palacios piedras en las calles de xochimilco xochimilco la cementera de las flores y segur,15,1,0,0.06666666666666667
916,albote por lebanta falsos como el cometario que iso que lopez ovrador entrego el pais ala mana esta ,17,0,0,0.0
917,a los taxis de los anos solo faltan alfombras de peluche craviotto quot el p nd j nace no se hace qu,15,0,0,0.0
918,ridiculos y pateticos ya no mas el menos del de capacidad que mugrena les pide a sus funcionarios es,10,0,0,0.0
919,sorprender su estupidez vieja infame bola de ineptos payasos e improvisados servidores publicos que ,14,0,0,0.0
920,de nuevo de amarillo sobre el morado la ola de violencia esa si es record mundial cravioto es la fie,13,0,1,-0.07692307692307693
921,corruptos cuando van a desazolvar mis coladeras llueve y suben los niveles es un genio que mercadote,13,0,0,0.0
922,su albergue br asesinos lencha ridicula el circo de la t gobierno narco es que creen que siendo chis,16,0,1,-0.0625
923,mexico nacio en los angeles en ignorante chaira de otro estupido del gabinete t esa estupida a de se,10,0,0,0.0
924,la ambicion x dinero ahora hasta es presentador de medicinas para un sueldo extra muerto de hambre s,16,0,3,-0.1875
925,los de morena son unos pateticos bufones ridiculos chingatela ojala y t enyerbes es otro escandalo d,13,0,0,0.0
926,a eso se dedican a burlarse del pueblo br tiene toda la razon sr lopez doriga arrreee ppttoosssssss ,15,0,0,0.0
927,participantes del mundial de futbol br aqui en jalisco ya tenemos tequila mariachi charreadas tortas,19,0,0,0.0
928,payaso pero este tipo no tiene gracia ni inteligencia el circo moreno y tambien el pais nunca estubo,12,0,1,-0.08333333333333333
929,veces no solamente las autoridades mexicanas usan el patriotismo mas rastrero para su propaganda sin,13,0,0,0.0
930,la ola de estadio quot naciera quot en el mundial de futbol mexico como lo afirma la ajolota mayor a,16,0,0,0.0
931,profesional norteamericano george quot krazy quot henderson en para los petroleros de edmonton de la,14,0,0,0.0
932,de oakland de la mlb de beisbol logro que el publico hiciera la primera ola de estadio el de octubre,12,1,0,0.08333333333333333
933,york por el campeonato de la liga americana br br fanaticos de equipos de california siguieron con e,14,0,0,0.0
934,mayoria de las aficiones en estados unidos gracias a las transmisiones de television que empezaban a,12,0,0,0.0
935,prueba de ello es la ola de estadio durante los juegos olimpicos de los angeles en el partido de fut,13,0,0,0.0
936,internacional de ola de estadio en este deporte br br en mexico su primera aparicion ocurrio despues,14,0,0,0.0
937,el estadio universitario en monterrey los aficionados comenzaron el movimiento para entretenerse mar,14,0,0,0.0
938,puede esperar de tanta pndejez de morenarcos clara brugada si son imbeciles los de morena de risa y ,13,0,0,0.0
939,de morena que bueno que se reuna para tapas hoyos en toda la ciudad jajaja mto con el ajolote mayor ,13,0,1,-0.07692307692307693
940,provecho ajolotes estupidos naca brugada como llegamos si no se puede salir nefasto transporte publi,14,0,0,0.0
941,la tos eso si da risa buenas tardes sr doriga y faltan los bloqueos carreteros que estan programados,11,0,0,0.0
942,otra asi son retrasados mentales ignorantes estupidos son una puras payasadas con mugrena se cuelgan,15,0,0,0.0
943,corruptos sinvergenzas rateros br todo lo k hacen lo hacen mal todo se les cae se les agrieta se des,11,0,2,-0.18181818181818182
944,pais al k no kieren br ese gravioto no tiene argumentos con debatir y se hace el gracioso br el part,10,0,0,0.0
945,pasar a mexico cravioto eres guajolotius cinicos burlones que esperar de esas ratas no son mas que u,14,0,1,-0.07142857142857142
946,con gasolina nada distinto se podia esperar de un gey que fue el zapeado en la primaria y el calzon ,13,0,0,0.0
947,muy nopal vulgar y corriente igual que su pintarrajeada ciudad todo para desviar los millones de pes,12,1,0,0.08333333333333333
948,cargado ese tipo solo le falta el maquillaje estamos en manos de una bola de estupidos que no resuel,11,0,3,-0.2727272727272727
949,no solo a nivel cdmx esto esta en toda la republica desapariciones balacera inundaciones los que se ,11,1,3,-0.18181818181818182
950,la policia la justicia hemos perdido la dignidad br salen von si estupidez de jarabe ajolotius es en,14,0,0,0.0
951,le embona nada cuando te quitan los privilegios sola queda hacerla de a tos no ma no que se puede es,14,0,0,0.0
952,de morena entre el jarabe de payasito y el video de clara brugada los extranjeros se van a espantar ,11,0,0,0.0
953,por chamacos de secundaria vergenza le debe dar promover asi la ciudad hasta para su propia imagen s,12,0,0,0.0
954,en san nicolas de los garza en el estadio de la uanl cravioto y su tarada retorica para tarados y lo,13,0,0,0.0
955,de la t igual que todos como mugrona los de morena son tan imbeciles piensan que somos tarugos que f,13,0,0,0.0
956,desde la que esta sentadota en la silla presidencial y todos sus achichincles joaquin ojala y los me,12,0,0,0.0
957,excelentes lideres que nos gobiernen y no payasitos ni chuponcito dice tantas pendejadas trabaja muc,16,0,0,0.0
958,x los puercos de la cnte y estos ridiculos diciendo esto pobre mexico caray que impotencia ver a est,17,0,0,0.0
959,alamierda joaquin cuando lo de los toros lo tuviste en la linea haciendose el chistosito como minuto,11,0,0,0.0
960,tengan consecuencias no tienen madre es un asco de gobierno puras pendejadas estan haciendo y la pre,12,0,0,0.0
961,que hacen los ciudadanos br r se hacen de la vista gorda tienen cosas mas importantes y no es su cau,9,0,0,0.0
962,eligieron o no para gobernar y apuestan a que superman los vendra a salvar br todos desorganizados s,13,0,0,0.0
963,caguama a otros su toque a otros su pipazo los hace olvidarse del muro de berlin del zocalo br otros,10,0,0,0.0
964,y son dependientes de todo luz agua alimentacion br estan perdidos como humanidad ya vimos los ignor,14,2,1,0.07142857142857142
965,toman puede causar endejez hoy amanecio la noticia de que el proveedor incumplio y las correcciones ,13,0,0,0.0
966,chorro les dio y tuvieron que salir a defender sus endejadas de que habia sido una excelente idea le,12,0,0,0.0
967,atiendan leyes normas y reglamentos trabajar mal sale muy muy muuuuuuy caro por eso no hay dinero qu,15,0,1,-0.06666666666666667
968,se colgo la ola derrama ignorancia la primera vez que se hizo fue en eua por un amenizador lo que si,10,0,3,-0.3
969,al menos anuncia un farmaceutico joaquin ya estas chocho todo te molesta ni en tu casa te quieren y ,13,0,0,0.0
970,quot y su cirque du soleil de bajo presupuesto br me dieron piel de gallina deben de estar muy conte,13,0,0,0.0
971,consumiendo ajolotiux ya dejen de hacerla de tos ponganse a trabajar por mexico para ser morenista s,13,0,0,0.0
972,payaso ese deberia de tomar ven n para ratas yo creo a cravioto tambien le va a tocar cantar asi com,14,0,1,-0.07142857142857142
973,solo van a firmar los que hacen el trabajo en el gobierno son los burocratas con todas las limitante,7,0,0,0.0
974,impuestos que no tienen capacidad nisiquiera a veces estudios ni experiencia solo van a firmar y cob,13,0,0,0.0
975,sus patrones hacen o hicieron y ademas exprimen lo que pueden para sus beneficios que se puede esper,7,0,0,0.0
976,que solo lo veo por youtube hasta aca me da el peste que le sale a joaquin lopez por la boca esta po,11,0,1,-0.09090909090909091
977,que le tiene a los gobiernos que no son de los suyos pobre anciano se esta muriendo por dentro ya no,6,0,0,0.0
978,tu ajolotius vayan a chaspmdt la verdad que hasta me avente encima a mi familia cuando les decia lo ,10,0,0,0.0
979,que el tiempo me diera la razon ya desafortunadamente todo lo que el prian no hizo en anos estas rat,7,0,1,-0.14285714285714285
980,se ve que llegaron hambreados por que tragaron a manos llenas lo peor es que asi de ridiculos son to,10,0,0,0.0
981,la t tienen en la cabeza br doriga ayuda mire el caso de los franciscanitos estan secuestrados los e,12,0,0,0.0
982,estas payasadas son el resultado del de lealtad y de capacidad senor joaquin no hay mayores responsa,11,1,0,0.09090909090909091
983,permitido por falta de criterio y conciencia tener a estos ridiculos conduciendo al pais espero que ,12,0,3,-0.25
984,voto tengo esperanza de un cambio y un mejor futuro tomate tres jarabes no es raro de estas alimanas,11,0,0,0.0
985,asesinos de los franciscanitos y francigaticos dan asco ya se parecen al pen de jo de maduro que hab,15,0,0,0.0
986,la navidad solo exhiben lo idiotas ineptos corruptos nefastos que son yo no se que esperan para corr,12,0,0,0.0
987,tiene morena gente ignorante resentida que le encanta que les den atole con la ver asi de simple los,14,0,0,0.0
988,saco ahora todo esta mal segun la oposicion ya son anos y no les cae chayote ni dinero a los oposito,14,1,2,-0.07142857142857142
989,a chambear se les acabaron los privilegios puro llorar se la llevan pobre doriga de algun modo tiene,14,0,0,0.0
990,sin chayote puro mediocre conformista y acarreados acudio para la disque ola br clara brugada y cesa,21,0,1,-0.047619047619047616
991,si sabe distinguir la estupidez del narcogobierno br es una vergenza por ello se esta undiendo el pa,10,0,0,0.0
992,amargados ay sitio muy bonito a no ajolote a pesar d tu educacion como k pend jo balin vengaaa ultra,14,1,0,0.07142857142857142
993,latrocinios del prian vengaaaa gravioto corrupto e idiota nooo nooo nooo noooo me jalo los cabellos ,16,0,0,0.0
994,se lo aplique con todo y en embase como supositorio el ajilente es una especie en peligro de extinci,9,0,2,-0.2222222222222222
995,a mi pobre pais estupid s politicos es una vergenza ahora entiendo el porque no atienden a la gente ,14,1,1,0.0
996,sentido comun ni escucha a la gente br regresen a los franciscanos ya dejen de pasarse por el arco d,14,0,0,0.0
997,cuajimalpa ya tiene dueno son los animalitos no ustedes corruptooos la ola de violencia en el estadi,13,0,5,-0.38461538461538464
998,impunidad ante un homicidio cuando el pais necesita otras cosas solo piensan en seguir lavando diner,14,0,3,-0.21428571428571427
999,donde esta inzunza todos aquellos que los cubres son complices y cuando trump venga ojala tambien se,11,0,0,0.0
1000,clara brugada son nefastos es triste como esta la cdmx deberas pero hay que robarse el dinero de los,14,0,0,0.0
1001,narcopoliticos parasitos vividores gusanos lopeznarcos kandy bobikks ojisapo changoleon patan monito,19,0,0,0.0
1002,nako o peor porque el nombre de nako se queda corto asi son estos prietos mas naka no se podria en v,12,0,1,-0.08333333333333333
1003,el payasito eres tu jajaja calmadito joaquincito minimo que los domingos podamos ir a comer al cdmx ,14,0,0,0.0
1004,las marchas y bloqueos que tengan consecurncias hasta personas hacen bloqueos bola de huevones o que,14,0,0,0.0
1005,la carcel a quien organize y multas yaaa basta no hay ley para nada yaaa estamos hasta la madre de q,15,1,2,-0.06666666666666667
1006,estupidos conciertos las bicicletas el domingo no podemos ir a disfrutar la cdmx que la dejen en paz,14,1,1,0.0
1007,y fantasia mental del poder del pobre cdmx ojala dios los ayude pero si este jarabe lo hubiera anunc,11,0,0,0.0
1008,y hubieras dicho que que gracioso senor hasta te hubieras tomado ajolotiux en vivo joaquin dona friv,14,0,0,0.0
1009,jarabe por donde le entre estos dementes van de picada y lo peor que el mundo no habla mal de ellos ,9,0,1,-0.1111111111111111
1010,no rueda el balon br si no hay solucion no rueda el balon br si no hay solucion no rueda el balon br,13,0,0,0.0
1011,balon pobre cdmx pobre mexico con estos miserables con este narcogobierno inepto corrupto e inoperan,20,0,0,0.0
1012,se inicio el los eeuu en un juego de beisbol de las grandes ligas millones de p nd j s con credencia,15,0,1,-0.06666666666666667
1013,de disque noticiero a merced de los derechangos prianistas por esto no mas formula noticias que tipo,11,0,0,0.0
1014,decena es decir con decenas de miles es suficiente no pero como es ignorante y no fue a la primaria ,11,0,0,0.0
1015,quot y sus paleros ignorantes deberain echarse un buen sorbo ajolotius para que la dejen de armar de,17,0,0,0.0
1016,primaria trunca a m si se me hizo chistoso y antes decia que quot todos los gobiernos son iguales qu,13,0,0,0.0
1017,que esperen los problemas de seguridad de agua de drenajes y mas ahora que vinen lluvias atipicas de,12,2,1,0.08333333333333333
1018,es propiedad de los ciudadanos haciendose el chistosito con ocurrencias de una mente limitada br ten,16,0,0,0.0
1019,como hace falta el pri o el pan con ellos todo estaba bien viviamos como en suiza maldita sea usred ,11,0,3,-0.2727272727272727
1020,sufra aqui larguese son pateticos estos narcomorenos con la excusa del mundial tratan de desviar la ,15,0,0,0.0
1021,quot ya estas despedazado porque ya estas viejo y apestoso cerdo fuiste en contra de las razas indig,13,0,0,0.0
1022,tomaras ese cravioto es el lord molecula del gobierno de la clara brujada br no bueno br mascotas so,17,1,0,0.058823529411764705
1023,del burro macuspano expertos en verles la cara de z nd j s a sus mascotas solovinas puras ocurrencia,14,0,0,0.0
1024,del bienestar ya para que joaquin diga semejantes groserias en vivo es porque de plano estamos muy m,14,0,1,-0.07142857142857142
1025,que te haga gracia como los chistes de pena nieto y de la cochil recomiendalo a tus seguidores ya se,12,0,0,0.0
1026,decir pendejadas obedece a alguien o de plano todos los morenistas ya perdieron la razon y la vergen,12,0,0,0.0
1027,dijo es una estupidez viejo payaso va a ser dificil el transito en la ciudad con este tipo de presen,11,1,0,0.09090909090909091
1028,comunicacion br de por si esta complicado espiritu santo poder de dios en cristo para empezar el jar,12,0,0,0.0
1029,yo creo que se lo receto un medico cubano de los que importan los morenarcos a cual farmacia a la me,10,0,0,0.0
1030,ignorantes pobrecitos payaso zurdo ya vayanse fuera narcopoliticos de mexico y de america recuerden ,15,0,0,0.0
1031,payasos hdsrpm lo que sea con tal de distraer de crear la caja china para que no se hable de su narc,11,0,1,-0.09090909090909091
1032,esas facciones de retraso mental salga a hacer comerciales de su inmensa pndjez asi son todos los qu,11,0,1,-0.09090909090909091
1033,es una mezcolanza de narcopoliticohuachicolerodelicuencial de mente limitada aunque sean mucho lu ot,10,0,0,0.0
1034,lopez doriga y sus amos priandejos que siempre pierden por el doble ante morena la bruja ajolota el ,16,0,0,0.0
1035,temade losperritos decuajimalpa ignorante se equivoco tenia que estar en un circo todo tiene payaso ,12,0,0,0.0
1036,el babotas la cuarta p nd ja transformacion no mamen gobernantes pndjos para votantes aun mas pndjos,18,1,0,0.05555555555555555
1037,el grado de estupidez superlativa de todos estos funcionarios que cobran no ganan cobran un jugoso s,15,0,0,0.0
1038,el sello y distincion del nefasto gobierno de a es precisamente la ineptitud la mediocridad lo absur,14,0,1,-0.07142857142857142
1039,quot el oso hormiguero quot br un tipo tan poca cosa br y con pesimo gusto br tener quot amorios quo,21,0,0,0.0
1040,nomamushka br juai de ritto sr lopez doriga ese jarabe ya existia desde hace anos o mas mi hermana s,15,0,0,0.0
1041,tocayo y ex arrendatario le solicito espacio en su agenda para verlo personalmente y dialogar gracia,18,0,0,0.0
1042,toma ajoletos jajajaja jajaja doriga la basca de las noticias lopez doriga el maistro debiera practi,17,0,0,0.0
1043,cualquier queja error falla e incluso corrupcion que pueda encontrar en otros habria que mutiplicarl,12,0,1,-0.08333333333333333
1044,corroborar el estilo de vida que mantiene con su miserable carrera de corrupcion y asociacion a lo m,16,0,1,-0.0625
1045,sea sino un vil y abyecto crapula yo no estoy aqui defendiendo a nadie sino senalando lo que es faci,9,0,1,-0.1111111111111111
1046,patan y ahi estan las pruebas disponibles para quien busque mejor que tomen acido folico para ver si,10,0,0,0.0
1047,gente inepta como este ignorante que gaste a lo p amp djo de su bolsa haber si pinta esta tirando a ,14,0,1,-0.07142857142857142
1048,este senor por eso estamos como estamos por gente idiota como este senor salen los dos con su ridicu,10,0,0,0.0
1049,retrazado mental nos gobierna lamentable por eso estamos como estamos jajajajajajaja la ajolota brug,16,0,0,0.0
1050,igual o peor que las ratotas payasos de movimiento cacicazgo pablo lemus samuel garcia y demas narco,15,0,0,0.0
1051,y preparada en cdmx y esto es lo mejor arreglen los charcos de la ciclovia de tlalpan no sean tan mi,10,0,1,-0.1
1052,estupidos ignorantes los del gobierno incompetentes esta sra cada burrada cree que va a ser candidat,12,0,0,0.0
1053,a quedar el porque ya no los aguantamos porque no saben gobernar queremos saber cuanto costo la pint,10,1,0,0.1
1054,a quien le asignaron el contrato para pintar mucho drama desde que gano morena en el todo es un circ,10,0,0,0.0
1055,que se pongan a trabajar imaginate ser centroamericano y que te toque el mundial ya con eso de regre,10,0,0,0.0
1056,tu te reias con las genialidad de pena nieto como lo de pena fiel con el chayote te hacia mucha grac,11,0,0,0.0
1057,la felicidad verdad suscribo cada palabra del sr lopez doriga todos son culpables de estas idioteces,14,0,0,0.0
1058,se las festejaban diciendo que era un quot genio quot de la comunicacion solo por decir idioteces co,12,0,0,0.0
1059,hacer lo mismo no pos ya ni que decir de este don o ente como se llame los adjetivos pues le salen s,7,0,0,0.0
1060,en serio neta ese pelao quot gobierna quot dios apiadate de mexico es un pais que no merece pasar po,14,0,0,0.0
1061,mas esperamos para sacar a morena estas proximas elecciones m esta claraaaa que esta bien p nd j pri,16,0,0,0.0
1062,enojen hace dano se les frunce el cutis voy a la ola ay pobre se le cayo a su mama cuando estaba chi,13,0,0,0.0
1063,y tomate mejor tu ajolotius eso pasa por poner a gobernar a totales ignorantes solo saben ser corrup,10,0,0,0.0
1064,videos ridiculos porque no pone usted el ejemplo y comienza a practicar un deporte que chgsm lopez d,14,0,0,0.0
1065,hijo de la sra borola butron de plano me da pena esa gente que en vez de solucionar males mayores co,11,0,1,-0.09090909090909091
1066,ola y la gente haciendo segunda y prestandose a esas pendejadas de la ola en vez de pedir seguridad ,10,1,0,0.1
1067,ajena joaquin joaquin si no ellos mismos no han resuelto quien mato a los colaboradores de clarissss,11,0,0,0.0
1068,no hagan estas estupideces ni ofendan nuestros intelectos con sus banalidades y estupideces el mundi,13,0,3,-0.23076923076923078
1069,de esta manera quot devengan quot lo que comen con nuestros impuestos muy muy vergonzoso jajaja jaja,12,0,0,0.0
1070,que se merecen disfruten lo votado y esta mujer es hondurena que va a saber de nuestra cultura bola ,9,0,0,0.0
1071,jarabe llamado pendejius para ver si se les quita mexico les quedo muy grande y si de verdad tiene h,11,0,0,0.0
1072,narco gobernantes mejor hubiera pedido un treda para ver si la dejan de cagar en todo lo que hacen y,10,0,1,-0.1
1073,la cdmx que mexico no invento la ola en un estadio la ola la invento la universidad de washington en,12,0,0,0.0
1074,la veia en los juegos de mlb con los atleticos de okland pero mucho antes del mundial vieja verduler,13,0,1,-0.07692307692307693
1075,el tipejo de verdad que morena es una desgracia para mexico todos los morenistas igual de estupidos ,11,2,0,0.18181818181818182
1076,y un largo etcetera una guatemalteca dominando a los mejicanos y si va a la ferreteria para que le r,9,0,0,0.0
1077,en tiendas naturistas en pero claro tenia que ser la t callate joaquin te cargas un coraje con la t ,12,0,0,0.0
1078,comi ion gobierno de payasos los chilangos tienen la culpa por votar por la izquierda asuman el secr,15,0,0,0.0
1079,e n d e j a d a s pobre inepto vividor p nd ignorante careces d masa gris pintas con tus p nd jd s y,16,0,0,0.0
1080,amarillo trafico inepto como no es tu dinero es el mayor oso del mundo la ola en mexico nacio en san,15,0,1,-0.06666666666666667
1081,amistoso entre mexico vs argentina en el estadio universitario el volcan se celebro un dia martes a ,13,0,0,0.0
1082,en vez de politicos hay joaquin durante cuantos anos dijiste mas burradas que el propio asno y ahora,10,0,0,0.0
1083,sus afiliados y simpatizantes legos b no manches como dice mi nieto ese narcogobierno inutil es el q,13,0,0,0.0
1084,lopez doriga para empezar avientate y para la lluvia para que ya no haiga tanto desmadre con el agua,13,1,1,0.0
1085,no les alcanza el tiempo para hacer y decir p nd j d s que los chilangos disfruten lo votado mister ,12,0,0,0.0
1086,todos esos que andaban de vandalos que los metan a la carcel nomas que despues no se quejen la clara,13,0,0,0.0
1087,de perritos regresen alos franciscanitos asu hogar el albergue franciscano que estan esperando que s,16,0,0,0.0
1088,es sinonimo de mejicanidad sr locutor ja ja representa nuestro forma de gobernar es el gobierno que ,15,0,0,0.0
1089,democracia de esa urbe despierten capitalinos tienen una horda de idiotas tomando decisiones en su c,12,0,0,0.0
1090,educaron en sus casas y quien y como pasaron hasta la universidad br increible que todos los de more,12,0,0,0.0
1091,su chinche estrategia de al pueblo pan y circo joaquin pese a todo pronostico se organizo la ola may,14,0,0,0.0
1092,pendejez e ignorancia de estas personas de morena esta fuera de lo creible en ves de dar risa preocu,11,0,0,0.0
1093,jarabe ya tiene muchisimo tiempo es ajolotius no ajolotius toda la razon este desgobierno narcopolit,11,0,0,0.0
1094,que no se desapendejen el gobierno de ta que tenemos br gobierno de narcos pa ya so creo que a todos,11,0,1,-0.09090909090909091
1095,salieron descerebrados br hdspm este sr cravioto br de joven cirquero y de viejo payaso br la sra cl,19,0,0,0.0
1096,ridicula br yo que ella metia a la carcel a la persona que le disena la ropa es su peor enemiga hdsr,14,0,3,-0.21428571428571427
1097,de p n d jiux habla simplemente del nivel cultural y educativo que tiene el gobierno actual es una v,17,2,0,0.11764705882352941
1098,estupid s de a las madres buscadoras ajolutius a los ninos con cancer ajolutius a los millones de ba,14,0,1,-0.07142857142857142
1099,la ciudad de mexico el payaso ajolotin hdspm todo morena es un verdadero asco se ve bien distinto ch,13,0,0,0.0
1100,una ofensa es una descripcion que pendejadius esta gente son una bola de pend no sirven mas que para,10,0,0,0.0
1101,autoridad y nadie los va a a investigar o si senora ernestina y ese cravioto es un total estupido ig,9,0,0,0.0
1102,te va a ir el poder de munrra el inmortal joaquin por hacer corajes tranquilo juaco jajajaja le qued,10,0,0,0.0
1103,ajolotiux y todavia el estupido dice que se lo recetaron a el dios salvamos de este payaso puras pen,12,0,0,0.0
1104,es de morena no mamey dona ajolota estamos gobernados por payasos e ignorantes la ineptitud se desbo,13,0,0,0.0
1105,que chistoso el joaki ese ajolotius es un estupido br increible br en manos de quien estamos si es c,12,0,0,0.0
1106,malo joaquin yo pienso que ya estas en la calle de la amargura disfruta tu yate bien ganado con tant,15,1,0,0.06666666666666667
1107,pues que esperabas ni su cara le ayuda expresa con toda su figura la pendejez la t es puro jarabe de,10,0,0,0.0
1108,todos los gobernantes en morena y de la t desde la presidencia hasta las colonias bueno imaginense s,13,0,0,0.0
1109,idolatrico de proteccion y que solo por eso no se va a contagiar y se contagio varias veces lamentab,10,1,0,0.1
1110,mismo nivel pero pronto saldras del gobierno morena sigan votando por morena sra tomese su ajolotiux,17,0,0,0.0
1111,de cien mil este ogt tambien esta iluminado por la oscuridad br otro mas del narco gobierno de m rda,14,1,2,-0.07142857142857142
1112,por no decir otra palabra mas dura esos son los que dicen representarnos deberas que es muy inquieta,9,0,2,-0.2222222222222222
1113,una tragedia nacional estan destrizando al pais a pasos agigantados estan saqueando al pais homo br ,19,0,0,0.0
1114,soberbios hemos tenido gobernantes incompetentes pero ahora ademas son estupidos ya no le cabe tanta,13,0,0,0.0
1115,el ardor que se puede esperar absurdo los maestros ya estan ahi representando a nivel nacional viejo,14,1,1,0.0
1116,amargado sr doriga no se da cuenta que ya br paso su epoca sinvergenzas que se puede esperar de toda,14,0,0,0.0
1117,br br ydonde se metio todos sus ajolotes morados sra clara brugada la payasa haciendo sucirco que cl,17,0,0,0.0
1118,ratones sin queso animo maestros con estes tipo de estupideces ese gobierno se merece los bloqueos b,14,1,1,0.0
1119,el mio jajajaja jajajaja jajajaja jajajaja jajajaja jajajaja el espanolete decrepito de doriga con s,14,0,0,0.0
1120,sacarlos a todos br bien dicen que no hay gobierno corrupto mediocre y burlon sin pueblo p ndejo ya ,15,0,3,-0.2
1121,pero los que estan en el poder y los incautos votantes que se frieguen ellos eligieron poca manera d,10,0,0,0.0
1122,riquin canallin que se puede esperar de morena si desde la cabeza esta mal todo el cuerpo lleno de p,14,0,1,-0.07142857142857142
1123,festejan cosas cuando tienen una catastrofe en la ciudadania que asco este gobierno tan ineficaz mor,11,0,0,0.0
1124,corrientes que hasta dan toques pobre mexico puro circo y burla para el pueblo y lo de la ola puro a,15,1,0,0.06666666666666667
1125,amiguito juan becerra el vocero de morena dandole difusion a la ola que poca madre deberas bienvenid,14,0,0,0.0
1126,los pesos mas los viaticos celular de sueldo y mas jamas estuvo peor la cdmx al anciano se le olvida,16,0,0,0.0
1127,de decir sandeces echate tu jarabe joaquin y no la hagas de tos en el habia edificios caidos con gen,13,0,0,0.0
1128,y priandejos no decian nada asi que no sean hipocritas el mundial de los pobres que no pudieron ni a,12,0,0,0.0
1129,del gobierno en turno hay muchos ejemplos callate chachala detentes riki rikin canallin asi son de p,15,0,0,0.0
1130,de tos y toma ajolitius para empezar ir a la farmacia a que te receten vaya informacion ya no necesi,9,0,0,0.0
1131,cosas mal quizas necesita ir otra vez a la farmacia a que le recete unas pastillas anties tupi z un ,15,0,1,-0.06666666666666667
1132,esto ya no sorprende esa es la bajeza intelectual y la baja catadura moral de todos estos morenarcos,12,0,0,0.0
1133,un verdadero d ot vitacilina para el pendejote de doriga viva la t pobre diablo pero de nosotros dep,12,0,0,0.0
1134,yo confieso que hasta yo me he equivocado le ardio el culo al lord doriga mencanta ver ala derecha m,14,0,0,0.0
1135,del prd la cdx ha sido gobernada por porros con antecedentes nefastos corruptos cinicos e ineptos aq,16,0,0,0.0
1136,joaquin a veces y solo a veces estas del lado correcto cesar cravioto es de los mas mafiosos del gob,10,0,0,0.0
1137,recursos propiedad del refugio franciscano y sus fundadores originales ojala y lis medios no suelten,16,0,2,-0.125
1138,la ola gigante br pues ya forman parte del folklore mexicano no br son uno ellos y el gobierno br y ,13,0,0,0.0
1139,ese tal cravioto escuchar en una pura m aaaaaa que estupido quot ajolote quot gentuza mediocre ponga,16,0,0,0.0
1140,de los contratistas pintar la ciudad de ese color totalmente de acuerdo se nota su incapacidad de go,13,0,0,0.0
1141,incomoda jajajaja morena lo tiene muy apendenado despues de no recibir su pago mensual por parte del,15,0,0,0.0
1142,muy dificil en tiempos de los narcomorenos no se cual da mas verguenza la guatemantecas con su vesti,11,0,0,0.0
1143,el pendej anunciando su jarabe como doctor simi esa es el gobierno tan inepto que tenemos no saben g,12,0,0,0.0
1144,recursos a lo idiot nada mas veanle la cara a ese secretario de gobierno y eso dice todo jajaja br c,13,0,1,-0.07692307692307693
1145,ser mas imbecil por que no a la mas jajaja estan bien amp los de morena claudia sheinbaum sabemos qu,8,0,0,0.0
1146,tu haces si dios no esta contigo joaquin no fueran las graciosas de tu padrino pena porque que te pa,12,0,0,0.0
1147,majico asi son esta bola de mensos esos sueldos son para todo lo que carecen lo mexicanos que protes,9,0,0,0.0
1148,empezando por ti joaquilin dices que hay cosas mas importantes que decir y hacer y aqui estas tu dan,11,0,0,0.0
1149,acabatelos joaquin la verdad es que ya se pasaron de burla estos ineptos estan mejor las capsulas de,11,0,0,0.0
1150,puros inutiles son una vergenza de verdad la cdmx esta cayendose a pedazos esta tomada por los seudo,12,0,0,0.0
1151,de alguien que obtuvo su br titulo en hrs mugrena queria el poder solo para saquear y destruir a mex,15,0,0,0.0
1152,de a cesar cravioto y todos los del gabinete y funcionarios son los ajolotes del gobierno de la ciud,13,0,0,0.0
1153,chairos jajaja me encantan los cometarios de la gente que se ofende ahora nos afectan las palabras a,14,0,1,-0.07142857142857142
1154,mi rda disfruten lo votado chair s estiramano pero tambien a l s pinch s abstencionistas los mexican,12,0,0,0.0
1155,de los que la hacen de tos como joaquin que como no es mexicano pues no lo entiende morena tiene la ,10,0,0,0.0
1156,se roban todo el dinero que ingresa y no le dan mantenimiento tiene transformadores d ellos s pende ,9,0,0,0.0
1157,ser normales y serios como si fueran parte orgullosa de un sector de una ciudad digna es verdaderame,11,0,0,0.0
1158,todos los mexicanos somos unos imbeciles bravo licenciado joaquin que ese senor se meta ese jarabe p,13,0,0,0.0
1159,los hospitale vamos no se si reir o llorar van a llevar a puras mascotas y solovinos idiotizados por,11,0,0,0.0
1160,el hocico el piolin es muy corrupto y cinico es una vetgyeste tipejo no se que esperamos los mexican,12,0,1,-0.08333333333333333
1161,sres no vengan en mexico no hay seguyni para los mexicanos menos para los turistas no se arriesguen ,13,0,0,0.0
1162,hasta el vulgar y corriente naco de paco taibo lo dijo se las metimos doblada un viejo asqueroso com,12,1,1,0.0
1163,hasta el adn que asco de gobierno y de narcopoliticos de cuarta son los de morena el gobierno se gas,12,0,0,0.0
1164,mundo otros millones por hacer la clase de futbol mas grande del mundo millones de pesos en comprar ,16,0,0,0.0
1165,de pesos en total para hacer la clase de futbol mas grande del mundo que duro minutos y todos los mi,12,0,1,-0.08333333333333333
1166,morado y luego repintar de amarillo pero qie tal los baches y zocavones de bienestar que estan en to,12,1,1,0.0
1167,dinero bien se pudo utilizar para hacer bacheo para las fugas de agua para arreglar luminarias estas,13,1,3,-0.15384615384615385
1168,no funciona bien el trolebus elevado se esta abriendo pero seguramente fue calderon o hernan cortes ,13,0,0,0.0
1169,ustedes los narcopoliticos del narcopartido morena o porque no mejor entregan a rocha moya adan augu,14,0,0,0.0
1170,no votemos por morena morena es un peligro para mexico asi o mas pe la estupidez mas grande del mund,15,0,2,-0.13333333333333333
1171,repartiendo atole y ahora tambien jarabe manana van a sacar el gansolotiuxs ni modo votaron por more,12,1,0,0.08333333333333333
1172,que es un verdadero estupido ese gravioto tenia que ser morena sin cerebro joaquin necesito ajolotiu,11,0,0,0.0
1173,no tiene remedio como decia el buen chava flores un hormiguero no tiene tanto animal ya ni hablar de,13,0,0,0.0
1174,poca madre deberia de renuciar esta tipo como se burlan de la jente que verguenza no tiene vergenza ,14,0,0,0.0
1175,el sello de la transformacion de a quot el pendejismo quot jajaja bien pende pobreza de funcionarios,14,1,0,0.07142857142857142
1176,ocurrencia tras ocurrencia o sea una tras otra esta ajolota no tiene madre utiliza el mundial de fut,13,0,0,0.0
1177,tipejo nacolotius recomendado por un nacolote trero estos narcomorenistas no solo son incompetentes ,12,0,0,0.0
1178,el grupo morenista los hombres que vivimos el dia al dia los hombres de a pie nos sentimos defraudad,10,0,0,0.0
1179,los hombres parecemos que estamos encarcelados en nuestro pais debido a tantos delitos que se nos im,10,0,0,0.0
1180,voto y aun mas morena morena perdera por la forma que esta gobernando poniendonos un pie en el cuell,13,0,0,0.0
1181,a sus idioteces a sus ocurrencias tantas necesidades y ocupando el tiempo en estupideces desgraciada,13,0,0,0.0
1182,gente no va a notar sus estupideces y la ciudad de mexico votando por anos por estos estupidos mejor,12,1,0,0.08333333333333333
1183,no del mundo sino del pais para surtir medicamentos a las clinicas del imss a q mmds ya no saben q h,9,0,0,0.0
1184,le manden una docena a joaquin lopez doriga en calidad de urgente para que ya no la haga tanto de to,12,1,0,0.08333333333333333
1185,comprate el chingado jarabe que tanta te hace falta pero que a tu botella le pongan cloro para que t,15,0,3,-0.2
1186,de poca monta jajajajaja que pena ver al gobierno de cdmx es de risa no se de donde saco la brugada ,13,0,0,0.0
1187,la ola nacio en los estadios de usa foot ball americano tal vez en un viaje con unos amigos a miami ,13,0,0,0.0
1188,vaqueros de dallas y delfines de miami ya hacian la famosa ola asi que esa fumada de que nacion en m,13,0,0,0.0
1189,q nivel q nivel esa es la gente d morena nepta que chasppm cesar escroto porque no lo crees si son u,13,0,0,0.0
1190,unos cinicos sinvergenzas asi estan morena emplea a cualquier loco que les siga sus payasadas pero l,11,0,0,0.0
1191,por ellos asi de sencillo ahora no se quejen eso es morena que quiern aser es la puritita vill k g d,11,0,0,0.0
1192,de morena deveras mexico es un chiste otro imbecil tarado ratero por decir lo menos fuera morena fue,15,0,1,-0.06666666666666667
1193,esperen recorde que no es mexicana joaquin no destroza a nadie por una sencilla razon no tiene credi,14,0,0,0.0
1194,estupida por decir lo menos ratera mafiosa como todo este asqueroso narco gobierno fuera morena fuer,13,0,4,-0.3076923076923077
1195,scketch d programa comico es inaudita la situacion q vive nuestro amado df acausa d perversos locos ,18,1,0,0.05555555555555555
1196,que nos da risa y nos burlamos de la gente que van a seguir las traza y nos da igual ese jarabe pres,9,0,0,0.0
1197,esta muuuuuyyyyyy pndjo el cara de hormiga los morenacos haciendo lo mejor que saben hacer ser nacos,12,0,0,0.0
1198,nos sorprende toda la nacada son de morena ineptos corruptos sinicos burlones ignorantes mentirosos ,14,0,0,0.0
1199,comercial es de vergenza ajena br br seguramente fue a un walmart o una tienda naturista y le recome,14,0,0,0.0
1200,el broncolin se enojo el ruquin jajaja ya nada me sorprende todo lo que hace el gobierno es un circo,10,0,0,0.0
1201,lo hiciern morado para su video la original fue en seattle en el futbol americano que tonterias la u,14,0,1,-0.07142857142857142
1202,ya saben quien mato intelectualmente a sus asistentes viva mexico de pena ajena tanto la jefa de gob,12,0,1,-0.08333333333333333
1203,la ciudad de mexico esta como esta cayendose a pedazos por que puro retrasado mental como clara brug,12,0,0,0.0
1204,tipo es un imbecil por lo tanto hace lo unico que sabe hacer el babas empieza diciendo que el jarabe,10,0,0,0.0
1205,payasin retrasadin aparte de narcos ahora mamones y endejos una basura de politicos teacher te tarda,14,0,4,-0.2857142857142857
1206,para mexico quot br que no te extrane asi son naturales y de origen no hay de otra mas que sacarlos ,9,0,0,0.0
1207,la fundacion hackenberg en polanco y ahora tiene secuestrados a los perritos del refugio franciscano,12,0,0,0.0
1208,esta tan jodida la cdmx que bonito se puso el saco se lo midio y ni mandado hacer para el ni modo lu,8,0,0,0.0
1209,trae la tos son una vergenza vea solo su presencia chaira que podemos esperar de este pdjo corrupto ,14,0,0,0.0
1210,la miguel hidalgo hasta sus ocurrencias actuales br joaquin solo hay hacer memoria cuando bien le fe,14,0,0,0.0
1211,la presidencia ademas te acordaras cuando no te cansaste de hacer tus alabanzas a la sra altagracia ,8,0,0,0.0
1212,para el triunfo de claudia y su recua de morenistas unas mas a la memoria de joaquin una vez q compr,11,0,0,0.0
1213,al pri q ahora es morena su opinion por mas cierta q sea carece de lo unico q tenemos loa hombres pa,12,0,3,-0.25
1214,un chingo de vitacilina es peor comediante que servidor publico toooooodo lo que hacen estos nacos t,14,0,0,0.0
1215,un jarabe para las hemorroides por que les estan sangrando fingiendo que no pasa nada por que en el ,11,0,0,0.0
1216,negros asquerosos senora mexico no es de gente negra y no me disculpo mexico es de gente morena y bl,16,0,0,0.0
1217,mexicanos no se dejen defiendan la cultura de mexico br y su raza ka gente negra lo representa a mex,16,0,0,0.0
1218,cansalos wye entraron invadiendo el pais e caravanas esos son conatos de guerra no de incluir a esos,15,0,1,-0.06666666666666667
1219,tuvimos un viejo payaso en anos anteriores robando dinero y todo lo que pudo y ahora una payasa que ,8,0,0,0.0
1220,mismo camino que sus payasos jefes una burla mas para el pueblo que mande a su mama para esa receta ,13,1,0,0.07692307692307693
1221,ni los ajolotes es que estan gastando a lo pen d jo el dinero de los mexicanos hay prioridades y est,11,0,0,0.0
1222,malos a href jajajjaa estuvo chingon con esta pendejeadas da pena ajena disculpe don joaquin pero si,14,0,0,0.0
1223,pues si fue ala farmacia por que en los hospitales ni ese jarabe hay deberia aver comprado tambien p,11,0,0,0.0
1224,que esperabamos solo pendejadas saben decir y hacer mexico ya no puede con tanto corrupto e ignorant,11,0,0,0.0
1225,disparate en su mundo alterno br br eran las mismas idioteces de amlo con su panuelo blanco mexico a,17,0,1,-0.058823529411764705
1226,creo en monterrey en el estadio universitario en mexico hubo un tiempo cuando este lenguaje se hubie,10,0,0,0.0
1227,titular de cualquier medio de informacion serio sr joaquin la linea de esa gente es leal capaz que s,17,0,0,0.0
1228,puertas adentro de las oficinas pan y circo eso no es cultura eso es una quot clara burrada quot al ,14,0,0,0.0
1229,tienes toda la razon teacher pero ademas esa ola no nacio en mexico nacio en estados unidos en el es,14,0,0,0.0
1230,nunca hemos estado peor en la cdmx que se espere a la proxima semana tenia que ser de morena la izqu,11,0,0,0.0
1231,brujula y un cambio es necesario que estupido entre mas viejo mas payaso la desventaja de votar por ,13,0,3,-0.23076923076923078
1232,politico imbecil pero sigan votando por mas mujeres al frente de el gobierno jajajaja narcomorena so,14,0,0,0.0
1233,a este individuo que es solo ejemplo de los peores tiempos de corrupcion en el pais asi esta el nive,10,0,1,-0.1
1234,que esperaban vean el tamano de m rda que nos gobierna entre los mugrenarcos estan compitiendo para ,12,0,0,0.0
1235,no tiene cerebro que vergenza y la burrada esta igual o peor este es el verdadero nivel intelectual ,12,0,0,0.0
1236,las autoridades mientras ellos esten bien pobre imbecil ademas de mamon terrible comico br me imagin,15,0,0,0.0
1237,juego a la jefa de gobierno si se van a reunir reunirse para exigir buenos resultados estan desconec,13,0,0,0.0
1238,inseguridad br la falta de medicamentos br la ola de corrupcion br la ola extorsion br la ola de cal,15,1,7,-0.4
1239,tod s en el inutil gobierno hacen y dicen puras pndejadas siempre demostrando su grado de estupides ,14,0,2,-0.14285714285714285
1240,o no la seguiremos haciendo de tos por sus pendejadas por su mal gobierno es competencia si antes o ,9,0,1,-0.1111111111111111
1241,un partido politico como morena plagado de idiotas de comportamiento infantil que poca madre han hec,14,0,0,0.0
1242,un chiste mi buen ajolotius para los que lacen e tos cool todo mexico gobernado por el crimen organi,13,0,1,-0.07692307692307693
1243,estadio universitario en un juego de mexico vs argentina br no fue en la cd de mexico br pero aparte,16,0,0,0.0
1244,de la cuarta dejolotiux a href uckszu wh gy mb dv ujg ksify lzfolm akanydqag a a href uckszu wh gy m,24,0,0,0.0
1245,mientras ya se gastaron un dineral en pintura y otra mas en repintar de amarillo dan ganas de teletr,14,1,0,0.07142857142857142
1246,que casi siempre expresa opiniones en contra de mexico siendo espanol nuestro pais le abrio sus puer,11,0,0,0.0
1247,representa a la voluntad de los mexicanos por que nunca destaca nuestra riqueza cultural nuestras tr,12,2,0,0.16666666666666666
1248,conocer y querer mas a mexico su vision siempre es negativa no reconoce lo grandioso diverso y valio,13,0,0,0.0
1249,gobierno tenemos que gocen lo votado creaselo es un pend e idiot se le rien al pueblo en la cara y a,13,0,0,0.0
1250,el senor inche cinico de mierd morena movimiento de rependejos nacionales que vergenza con esta muje,15,0,0,0.0
1251,bajo de los ridiculos mejor que se pongan a desazolvar el drenaje y a reparar los danos en el aicm n,12,0,0,0.0
1252,en lo que no se necesita joaquin que esperabas de semejante patan como que este canal se esta volvie,11,0,0,0.0
1253,morena se estan volviendo como ellos gracias joaquin por como siempre expresar lo que muchos mexican,10,0,0,0.0
1254,labor que haces como comunicador que cagado es este guey deveras es asi cravioto br o se cayo de chi,12,0,0,0.0
1255,centro hasta te piden la ine para poder pasar la jefa de gobierno y el secretario de gobierno son un,13,0,0,0.0
1256,estan con ellos quot el pueblo tiene el gobierno que se merece quot la ciudad desmoronandose y estos,11,0,0,0.0
1257,horror o sea ese cravioto no nada mas tiene la cara demuestra que es de verdad no se puede ser tan i,7,0,0,0.0
1258,nosotros esa senora clara esta bien loca moreno ya no ganara en la cdmx cravioto los mexicanos te re,12,0,0,0.0
1259,p ndejo y dale a toda la cuarta transformacion pero regalarles tambos llenos porque lo necesitan tan,17,1,0,0.058823529411764705
1260,ajolotius en supositorios y se ponga una caja uno por uno este payaso de cuarta lambebotas del viejo,15,0,0,0.0
1261,doriga no tiene vergenza es perfecto el senor y bien trabajador y amargado xq ya no cobran chayote e,10,0,0,0.0
1262,perfecto que curioso de nino chistoso de viejo payaso que mas se puede esperar de estos estupidos un,14,0,0,0.0
1263,los sugieren los que recetan son los medicos en los consultorios esa vieja esta bien pen es el colmo,11,0,0,0.0
1264,se larguen mas nacos que morena en mexico no se pueden encontrar gobierno mas corriente no puede hab,14,1,0,0.07142857142857142
1265,mexico este gobierno deberia de pedir tambien en esa farmacia gomitas de pendejolin para ver si le b,14,0,0,0.0
1266,joaquin ajolotius deberia de demandar por estosu productos son buenos pero cravioto es un imbecil po,13,0,0,0.0
1267,la ola ese festejo llamado ola nacio de manera formal en san nicolas de los garza en nuevo leon en e,16,0,0,0.0
1268,ese par ademas de ser asesinos de perritos son un par de nacos estupidos al menos los prianistas ten,14,0,0,0.0
1269,la altura de las circunstancias pero desde amlo solo gente corriente improvisada y sin presencia has,13,1,0,0.07692307692307693
1270,de nendertal puede uno esperar cualquier desaguizado de su parte muy buena puntada del buen gravioto,12,1,0,0.08333333333333333
1271,no ha hecho pendejadas estamos peor que nunca que se proponga a ser la ciudad mas limpia y ordenada ,8,1,0,0.125
1272,ciudad de mexico por esos votaron que pena y vergenza lo malo es que no solo en la ciudad de mexico ,11,0,0,0.0
1273,favor tlaloc haznos el milagro solo veanle la carota a este y listo mas que pen o parece pobre mexic,17,0,2,-0.11764705882352941
1274,mal ha hecho este pais para que lo este pagando asi entre una cientifica y otra economista no se hac,10,0,1,-0.1
1275,doriga se reconoce que es grotesco este mensaje del subsecretario pero por favor moderese tiene uste,14,0,0,0.0
1276,para mejorar la cdmx deben ser planeadas en tiempo y forma asi son bienvenidas pero de manera apresu,12,0,0,0.0
1277,que su mesias tropical y su jefa ajolotera que mas les queda mas que hacerle a la mamada seguramente,11,0,0,0.0
1278,tambien es culpa de calderon jajajaja no hay seriedad y como si no faltara medicamento en los pueblo,12,0,0,0.0
1279,que esperas de una mujer que antes quot vendia quot toperware decenas de miles lo mas ridiculutius c,15,0,0,0.0
1280,a gratis cuanta ignorancia del sr cravioto se va al medico no a la farmacia ellos no tienen la prepa,15,0,0,0.0
1281,mmds joaquin la coordinadora siempre ha hecho estragos y tu vendido por unos pesos inchs ardidos ese,12,0,0,0.0
1282,cierto estimado joaquin br la quot ola quot en los estadios se invento en los estados unidos a final,15,0,0,0.0
1283,george quot krazy george quot henderson br otra mentira mas del gobierno de a br arq enrique arias b,21,0,0,0.0
1284,cientos de perros a cambio de si la que se dice presidenta es una cirquera que se puede esperar de s,10,0,0,0.0
1285,mexico en estado de putrefaccioncomo sociedad y como pais estamos solos y a la buena de diosdios nos,17,0,2,-0.11764705882352941
1286,son los morenarcos empezando por amlo y su titere claudia narcopresidente narcogobierno totalmente d,14,0,0,0.0
1287,su titulo de abogado en dos dias en una universidad patito mediocre a mas no poer tienen diarrea cer,11,0,0,0.0
1288,subieron a de ineptitud lealtad al pais br le debieron pedir la renuncia por pintar las franjas coli,17,0,0,0.0
1289,con la t si hay gobierno para todos ya no queremos mas prian en ano que entra tenemos que mandar a c,9,0,0,0.0
1290,bola de mamones recuerden que habra elecciones en la ciudad o los sacamos o destruyen lo que queda d,13,0,0,0.0
1291,nacio en un estadio de beisbol de usa esa senora no sabe nada pero deberas este gobierno corrupto es,11,0,0,0.0
1292,esta la inseguridad baches falta de agua falta de medicamentos etc etc una funcion mas de este circo,15,1,9,-0.5333333333333333
1293,de morena son la peor escoria de mexico horas hice en taxi de echegaray a la central del sur tres ho,16,0,0,0.0
1294,colmo dilapidando dinero por todos lados y el colmo con p e s i m o gusto ese sujeto gavioto tiene u,13,0,0,0.0
1295,el mr bean de mexico y es muy tonto todo lo hacen kk un jarabe para la tos que si funciona ya le dio,11,0,0,0.0
1296,lo querra que lo demande el favricante ya le pidieron permiso a los quot maestros quot para hacer su,13,1,1,0.0
1297,y esta dando una publicidad un alto mando nefasto asi estan todos los morenacos estan muy neofitos h,10,0,0,0.0
1298,perder el hueso pero la gente de toda forma va a acudir a hacer la ola este como este la situacion a,11,0,0,0.0
1299,la ciudad de mexico es un asco no nos merecemos tener la ciudad asi cuanta estupidez y que se puede ,12,0,0,0.0
1300,estos funcionarios del gobierno las prioridades de este gobierno parecen del mundo al reves pobres l,14,0,0,0.0
1301,en la ciudad de mexico nacio en monterrey bato nefasto y miserable son las kks que heredo el kks la ,14,0,0,0.0
1302,narcomorenos me pregunto si los habitantes de la cdmx estan conscientes que al parecer es lo que mer,12,0,1,-0.08333333333333333
1303,da vergenza este gobierno a ver cravioto br no eres mas que el reflejo de lo mal que estamos en mexi,11,0,1,-0.09090909090909091
1304,payaso pesimo eres un p n jo la senora guatemalteca deberia de ponerse a trabajar en lugar de andar ,14,0,0,0.0
1305,indolentes da vergenza deberian de tomar el metro ambos par de atolondrados que no saben ni como res,13,0,0,0.0
1306,zorritone es mas efectivo y va mas acorde con el par de funcionarios porque son mas zorrillos para r,11,0,0,0.0
1307,eso estamos como estamos ridiculo estu pi do que vergenza defonierno tenemos gobierno federal corrup,16,0,0,0.0
1308,hay nada pero a el seguro le recetaron ajolopendejoux pero le dijeron que a el solo cirugia de cereb,9,0,0,0.0
1309,anencefalia por eso milita en morena bola de imbeciles son incompetentes indisciplinados voraces y e,16,0,0,0.0
1310,calles un jarabe para terminar con la corrupcion un jarabe para la inseguridad un jarabe para mujere,14,1,2,-0.07142857142857142
1311,castro toda pendj ponte arreglar las calles de tu colonia san miguel teotongo las tienes bn olvidada,15,1,1,0.0
1312,te dieron de tragar muchos anos los de tu colonia y el otro ridiculo del cravioto es un pendej no sa,8,0,0,0.0
1313,de barbero con la enana esa luego por esos a esos ineptos e ineficaces se las recuerdan veces cada q,8,0,0,0.0
1314,nosotros que les pagamos de nuestros impuestos para que sean ineptos nada mas recordar cuando el imb,14,0,0,0.0
1315,lo bestia al tal cravioto jajaja es corriente lo fui a buscar no existe no puede ser otra mentira no,11,1,0,0.09090909090909091
1316,cuarta morenarcos por eso estamos comp estamos fuera morena el nivel de la t ni mas ni menos todo lo,12,0,1,-0.08333333333333333
1317,viven en su realidad alterna la coordinadora esta ahi impuestos por amlo que vergenza dios mio ya ap,13,0,0,0.0
1318,circo a href el comediante que mexico esperaba br tienen una gracia igual que de chispeante que la c,14,0,0,0.0
1319,para decirte que tu tambien dices muchas p nd j d defendiendo a la presinepta quien te paga muy bien,13,0,0,0.0
1320,lencha y el del jarabe mas pend jo no se puede aqui puro amargado da flojera escucharlos puros endej,15,0,0,0.0
1321,q tenemos hijos de toda su reputisima y ajolotizima madre esa gente gobierna que se esperaba de crav,12,0,0,0.0
1322,de organizar una ola lo que quieren crear es un grupo de choque gratis contra los maestros del cente,13,1,3,-0.15384615384615385
1323,maestros es cruel instar a que se peleen con ese pretexto ingenuo que realmente es disfrazar grupos ,13,1,1,0.0
1324,burlen veras como les van a arder las patas dios mio la verdad la ola fue creada inventada en usa en,10,0,0,0.0
1325,verdad tiene asesores la sra y les pagan la ciudad sigue en pedazos a unos dias de inaguracion del m,9,0,0,0.0
1326,de fantasia que tanto mencionan que ya se la creyeron que mexico esta fantastico pues que se puede e,11,0,0,0.0
1327,en este gobierno pero vaya que estoy de acuerdo con el maestro lopez doriga de veras que hay que ten,11,1,0,0.09090909090909091
1328,mexico un tianguis br br disfruten lo votado estupidillo morenillo dale el agoliotius a tu ptamdre s,18,0,0,0.0
1329,ni idea tienen de la responsabilidad lo que es estar al frente de un mandato son unos nacos son educ,10,1,0,0.1
1330,doriga saben que querian lo que querian que fuera provocaciones para debilitar al gobierno jajaja ke,16,0,0,0.0
1331,una pan dilla igual la hola nacio en seattle vieja ignorante es la marca de la t pan y circo mientra,13,0,0,0.0
1332,roban el presupuesto de cesar pues se referira a los reclamos por meter las manos en los terrenos de,12,0,0,0.0
1333,que hagan su trabajo para que ya no les reclamen hacen sus pendejadas ya mero me matan al lic del co,12,0,0,0.0
1334,hablas de pendejadas y no sabes cuanto es decenas de miles jajajjajajaa gobierno inepto corrupto y p,16,0,0,0.0
1335,la mama de reptilio de los thundercats es clara brugada ajolotius pe jijos de zaputa ajoleteada mamu,13,0,0,0.0
1336,boletos estan caros y se quedaran fuera algunas veces o muchas no estoy deacuerdo con el periodista ,10,0,0,0.0
1337,escuchenlo y sabran el nivel de ci que tiene este ajolote de ta corrupto este idiota que tiene un de,13,0,0,0.0
1338,puedo con ese spot de la senora clarita todo chundo improvisado y esos mariposeando que le pasa a es,11,0,0,0.0
1339,verguenza para la cdmx disfruten lo votado pinshis chilangos pisados sigan votando por sus narcos ig,16,0,1,-0.0625
1340,manifesto en los estadios de futbol americano antes que en mexico y la senora que ya es gallina viej,13,0,0,0.0
1341,es mejor el jarabe con guayacol que hasta cura tos de perros y quienes se ponen perros cuando les so,13,0,0,0.0
1342,no se me haya pasado la mano por verdades indiscutibles a href morenarcos burlones con un coeficient,12,0,0,0.0
1343,presidente uyy quot super graciosa quot toda una comediante hasta cualquier mamarracho de la ta defo,15,0,0,0.0
1344,nos ven tan mal en algunos paises el ajolotius es para que se lo aplique en el asterisco el mismo br,11,0,1,-0.09090909090909091
1345,le va a dejar el asterisco bien descuajaringado o desbocardado un morenade mas de morena claudia bru,14,0,0,0.0
1346,de ese jarabe porque tiene anos ese producto en farmacias de productos naturales ya los estaria dema,11,0,0,0.0
1347,uso inadecuado para un producto que efectivamente es para la tos van de mal en peor ya no sabemos si,11,0,1,-0.09090909090909091
1348,de la ciudad de mexicoeste mundial en la ciudad va ha ser un desastreque vergenza de funcionarios pu,18,0,0,0.0
1349,estupidos idiotas la ola nacio en monterrey no en la cd de mexico doriga por favor no pierdas los es,16,0,0,0.0
1350,es rico no te su bajes los morenos no pueden dejar de ser nacos maldita sea por esto me quitan isr e,12,0,0,0.0
1351,los chairos naco y feo el tipejo br pe br d br jo naca naca naca ma a naca ese cravioto se esta burl,18,0,0,0.0
1352,ciudadania para mi es un insulto y una ofensa para todos si mandalo a ch n gar a su mother que pague,12,0,0,0.0
1353,un asco y vergenza guatemalteca fea y mava jajajajaja jajajajaja jajajajaja traga te esta doriga ah ,17,0,0,0.0
1354,cravioto no tiene minimo de verguenza con todas sus tranzas con el gran fraude inmobiliario entregue,11,0,1,-0.09090909090909091
1355,mamerto por tanta mamada siiiiii una ola de marchas en contra de morena cravioto deberia despintar s,17,0,0,0.0
1356,al ajolote y tapen su fea cara que ya tiene mas de un ano plasmada en todos lados no lo tomen este j,12,1,1,0.0
1357,del planton por q lo q dice este tarado es q ustedes son los q la estan haciendo d atos no es inteli,10,0,0,0.0
1358,es que pena mexico sera el chiste del mundo que manera de retreceder en la vida los impuestos que pa,14,0,1,-0.07142857142857142
1359,de burros parientes de joaquin cuando se tiene de fidelidad y de otra cosa pues esas quot ideas quot,12,0,0,0.0
1360,esos pues los que guian y representan al pueblo quot patriota quot seguidor de la t ese cravioto sie,14,0,0,0.0
1361,a llorar para pendejadas las que haces tu relajate no te vayas a dar tos viejito doriga tomeselo par,13,0,0,0.0
1362,todos los de morena son unos imbeciles por que todos los zurdos tiene esas ideas de cultura tan pend,10,0,0,0.0
1363,tienen lo que se merecen por votar por esa bola de ineptos disfruten ahora sus croquetas que les dan,11,0,0,0.0
1364,son unos imbeciles del primero al ultimo que triste el nivel de politicos ni comicos ni politicos es,12,0,4,-0.3333333333333333
1365,trabajo este es el gobierno que merecemos dios nos libre de un sexenio mas de estos de cuarta el mun,9,0,0,0.0
1366,en lo realmente importante no en sus tonterias si no sabe larguese todo morena es una burla dan pena,14,0,0,0.0
1367,son unos ineptos en que momento la gente voto por estos idiotas son nuestros impuestos los que malga,11,0,0,0.0
1368,trabajar dios santo me dejes llegar a hacer esas tonterias nunca en mi vida que poca vergenza se tie,12,0,3,-0.25
1369,y cuanta ignorancia eso este gravioto y la jefa son una bola de stupidos los de morena son huerfanos,12,0,0,0.0
1370,mr trump para el dolor de cabeza cravioto en un grandisimo ratero y p nd jo el gobierno de la ciudad,15,0,1,-0.06666666666666667
1371,producto comercial por medio de una burla a sus jefes todos nosotros son empleados que no se le olvi,10,0,0,0.0
1372,quiere otro acarreo este ratero igual que clara brigada el robando donaciones de personas trabajador,15,0,1,-0.06666666666666667
1373,y clars sin regresarlos a su casa mezquina miserables y estupidos vergenza de clase politica este go,16,0,0,0.0
1374,con cargo al erario increible el nivel de mediocridad de serviles y p nd jo que son por eso en isus ,12,0,1,-0.08333333333333333
1375,es el desmadre mas grande en la cdmx hablando de pendejadas verdad joaquin br wait tu rito muy efect,17,0,0,0.0
1376,chdamdre ya no haga corajes teacher mejor acuerdese de popocateeeepetl y sigan haciendose pendej s c,12,0,0,0.0
1377,vaya a asolear el imbeajolote nada mas hay que ver la cara de estupido que va cargando no se puede e,11,0,0,0.0
1378,estan convencidos que su estupidez es virtud muchos chairos deben tomar su desapen que se puede espe,10,0,0,0.0
1379,esta ganando pobre de nuestro pais con tanta corrientada ignorante y estupidos gobernando hasta burr,16,0,0,0.0
1380,tos o sea que el la hacia de tos br me recomendaron este jarabe no fue recetado br lo recomiendo par,12,0,0,0.0
1381,recetan para la tos ya dijo que se lo recomendaron no que lo recetaron br axolotius no mamenir su ma,12,0,0,0.0
1382,deje de gluglutear como pavo debieran estar dando sugerencias en el mercado de su delegacion demasia,14,0,0,0.0
1383,burda estupida es el peor gobierno que hemos tenido que vengan los obreros los del cnte los transpor,16,0,0,0.0
1384,estupido de cravioto disfruten lo votado puro pndjo vean las caras de los morenistas brugada y cravi,19,0,0,0.0
1385,y de otro acarreo ya entiendan mi gente que toda esta gente estupida e idiota son de morenarcos son ,12,0,0,0.0
1386,dejaron que la india yuridia de este mensaje brujada porqueria de gobierno de transformacion de ta h,15,1,0,0.06666666666666667
1387,lo embarre en la bocota cuatreros no entiendo porque no te enojaste con la traidora de chihuaha desp,11,0,1,-0.09090909090909091
1388,y los de la oposicion no dices nada apoyo total para la o transformacion el cerebro de los morenarco,10,1,0,0.1
1389,a tanto y se veran cosas peores jajaja son unos ineptos y corruptos te falto mencionar la porqueria ,13,0,0,0.0
1390,un concierto con julieta venegas con su cancioncita del mundial o la va cantar en la ignahuracion a ,12,1,0,0.08333333333333333
1391,br por promover el jarabe de ajolote le daran buena comicion br claro que se hara la ola mas grande ,18,1,2,-0.05555555555555555
1392,por que todos los morenistas ademas de ser unas ratas cinicas y sinvergenzas tienen el mismito acent,11,0,1,-0.09090909090909091
1393,dona brujada solo diciendo babosadas y estupideces no se puede esperar algo de esta inepta igual que,12,0,0,0.0
1394,pen tontismo es el requisito de los morenarcos de lealtad de capacidad que idiota pobrecita no da ma,11,0,0,0.0
1395,debates y gano para presidente y porque solo habla en genero femenino donde queda la inclusion y el ,12,0,0,0.0
1396,pendejiux hay ojitos no mms oigan al pendejete que por decadas le dio en la madre a la verdad a la r,10,0,0,0.0
1397,al pais que apendejaba por medio de la televisora de cagada que le da de tragar al pendejete de quot,14,0,0,0.0
1398,ahora si le interesa la cd ahora si le interesa el pais diganle al chairo de cravioto que se meta su,11,0,0,0.0
1399,decenas de miles pueden ser mil personas pero xochitl era la peor no jajajaja nunca estuvo tan expue,13,0,0,0.0
1400,gobierno bruja da es lo mas pendeja de morena y eso es ya decir mucho este programa del anciano dori,11,1,0,0.09090909090909091
1401,patrias vamos por anos mas pobre baboso cesar cravioto alias el ojitos la izquierda torpe por no dec,14,0,0,0.0
1402,encontrar a los mas mediocres nefastos brutos tontasos y los encontraron estas que aparecen en el vi,13,0,0,0.0
1403,siiiiiiiii la ciudad de mexico la acorrientaron ustedes br i g n o r a n t e s este tipo desde ahora,13,0,0,0.0
1404,de ese nivel ademas la ola es invento de usa jajaja donde quedo la soberania desde que un candidato ,13,0,0,0.0
1405,creyeron que esas eran las respuestas que necesitaba un pais ante la situacion que siempre ha vivido,11,0,0,0.0
1406,que vive la poblacion por votar por ellos br que no se les olvide que pena nieto fue quien consiguio,12,0,0,0.0
1407,es descarado ya callate quot juay de rito quot pero si amloco siempre salio con pendejadas asi es el,13,1,0,0.07692307692307693
1408,deberia sorprender que gobierne morena que amargado estas es un choro para todos aquellos que nada l,13,0,0,0.0
1409,loque no comes sensillamente igual de simplon que lopez obrador la pobreza definitivamente no tiene ,14,0,0,0.0
1410,con fotos de todos los desaparecidos seguro seguro romperan record cravioto lo que demuestra es que ,12,0,1,-0.08333333333333333
1411,miles de trabajadores al servicio del estsdo mexicano estan desde levantando basura sin parar hasta ,17,2,2,0.0
1412,donde no existen para tapar baches o arreglar emergencias cravioto no trabaja solo esta de grillo ti,9,0,1,-0.1111111111111111
1413,de cerebro a href ah caray un aj lote promocionando su propio jarabe la verdad se necesita tener mpm,16,0,0,0.0
1414,un jarabe pero jaraba de palo que poca madriux ya considerados los gobernantes y funcionarios public,18,0,0,0.0
1415,quot asi son estos pend hdspm quot son estupidos son bien vale mad el pais se cae y ellos con sus ma,14,0,0,0.0
1416,necsitamos pintura necesitamos infraestructura necesitamos drenajes necesitamos vigilancia necesitam,17,3,0,0.17647058823529413
1417,de elegir a porros como gobernantes cuando se junta la estupidez con la ineptitud surgen la guatemal,15,0,0,0.0
1418,la ola del acarreo imbeciles la senora clara brugada es mas corriente que los mecates y el senor cra,13,1,0,0.07692307692307693
1419,de la cdmx el cravioto con su cara de idiota no sorprende que diga idioteces laragate imbecil idiota,17,0,0,0.0
1420,sorprende a mi no estos narcos miserables siempre puras pendejadas no saben otra este es el mundial ,13,0,1,-0.07692307692307693
1421,pt sera partido de trabaj sera para puro tranceros si ahi voy a estar no mm brujada con tanta insegu,13,0,1,-0.07692307692307693
1422,mentir y decir idioteces morenascos cinicos y asesino aspm este senor representa el preparacion fide,18,1,0,0.05555555555555555
1423,por poner a los criados al mando de la residencia los morenarcos se burlan de la gente esta se creyo,11,1,0,0.09090909090909091
1424,cabezas no les da mas los mms de la t br ps el partido o planilla morena ps asi es amlo con la gran ,12,0,1,-0.08333333333333333
1425,mexicanos es a la que deben poner atencion tenia que ser de morena ignorante y para el colmo payaso ,9,0,0,0.0
1426,sujeto jajajaja la gente siempre va a criticar que se pongan a trabajar asi quot gobiernan quot esto,13,0,0,0.0
1427,en manos de estos pregoneros tenemos el gobierno que merecemos cuando un payaso se muda a un palacio,13,0,0,0.0
1428,imagen representativa de la transformacion de cuarta t no pierdo mi valioso tiempo con estas tonteja,14,1,0,0.07142857142857142
1429,capacidad y prueba de ello son anos de la brugada en iztapalapa y la dejo hecha un desastre morena e,13,0,0,0.0
1430,renuncien don joaquin que se le puede pedir a estos ignorantes corruptos inutiles tranzas por esas b,15,0,0,0.0
1431,son y los mexicanos los saque para siempre esta bruta que se informe primero la ola nacio en seattle,12,0,0,0.0
1432,con dinero del contribuyente una vez mas los gobernantes de ajolandia superando la ia la brugada es ,14,0,0,0.0
1433,no de futbol por favor que estos chairos investiguen antes de emitir opiniones un mundial multicultu,16,0,0,0.0
1434,humanismo llegaron a mexico sobre el sr cravioto es por lo que la gente vota y asi seguira nuestro g,14,0,0,0.0
1435,estupido de narco mierdena es el resultado de lealtad y capacidad ese vato tomo apendejatol desde el,13,1,1,0.0
1436,haber como les va al final el peor idiota se llevo el primer lugar cesarcravioto y yo le vendo una p,12,0,0,0.0
1437,con el dedo en el anillo para usted y su jefa de pandilla clara brugada con esa cara de est tupido q,11,0,1,-0.09090909090909091
1438,ajolote ese jarabe que se los den a todos los que votaron por morena en la cd de mexico eso querian ,12,0,0,0.0
1439,ue arreglen la cdmx y el sistema de transporte que todo se cae a pedazos br no hay nada listo no hay,13,0,0,0.0
1440,que tvamos a trabajar que es ua decena de miles esta nora no conce la aritmetica basica nosotros dec,12,0,0,0.0
1441,pero ellos se burlan del pueblo los ciudadania ignorantes que los veneran seguramente celebraran las,14,0,0,0.0
1442,claudia porque reciben unas migajas en su tarjetita asi o mas conformistas vieja ridicula alojote br,17,0,0,0.0
1443,madre rateros corruptos e ineptos y tambien de paso la jefa de pandilla clara brugada que se consiga,15,0,2,-0.13333333333333333
1444,rremamo ajolostupid si la hola viene de eeuu y esa hola trae jirivilla y vienen por los corruptos ci,16,0,0,0.0
1445,es una pena tener estas babosadas que vergenza de estar tan wey y creerte la mera versh aber senor l,13,0,0,0.0
1446,que clarita es muy ridicula y siempre anda en sus utopias en su mundo de peyote y ajolotes br y el l,13,0,0,0.0
1447,ese es el trabajo de los morenistas ser distraccion y comparsa para que se hable de sus ocurrencias ,9,0,0,0.0
1448,que personaje tan detestable esa mujer de morena si conocen el tepocate ese guey no tiene cara de aj,14,0,0,0.0
1449,si esde un gran nivel pero al reves de lo mas pen bajo ya lodijo y muy bien dicho jijos de con todo ,11,0,0,0.0
1450,puras idioteces por dios que nivel tenemos dan lastima y pena nunca se avia visto tanta tonteria es ,12,0,0,0.0
1451,anos solo les exigen fidelidad al regimen tu listo chin a su m la jefa de gobierno hay una periodist,14,0,1,-0.07142857142857142
1452,en toda la republica por los narcos hospitales sin medicamentos los doctores con hostigamiento vete ,14,0,3,-0.21428571428571427
1453,la violencia acrecienta mas desaparecidos ninos en peligro la iglesia perseguida como si es uno los ,12,0,4,-0.3333333333333333
1454,los intelectuales mas prolijos de la t es una reverenda cenutria por eso estamos como estamos con es,8,0,0,0.0
1455,y la culpa la tiene la gente come tortas y croqueteros la pregunta es quien contagia a quien la pres,13,0,0,0.0
1456,este gobierno es un circo esperemos y en este evento en el azteca todos griten fuera morena fuera mo,10,1,0,0.1
1457,absoluto preparacion ni elemental educacion politica un verdadero politico mide sus palabras y conte,14,1,0,0.07142857142857142
1458,br que el mundo conozca lo que es morena ese mega p ndejo cravioto cara de raton corruptaz y mega ra,20,0,0,0.0
1459,mediocre y corrupti ima atolizando a la chairiza es el peor momento porque esta la cdmx gobernada po,15,0,0,0.0
1460,mexico pero el llamado urgente es para todos esos mexicanos ciegos flojos parasitos vendados y vendi,15,0,0,0.0
1461,y cinicos hjos de su repiruja madr creo que uno de los peores momentos en mexico fue la matanza de t,11,0,0,0.0
1462,br no dan una y quieren que los sigamos tolerando br br con que salen br dan coraje y vergenza br to,15,0,0,0.0
1463,tan chafas tenia que ser de morena manoso no si donde quiera se los encuentra uno ahiga cosa viejo m,13,0,0,0.0
1464,a morena amar a morena br lamentablemente no hay remedio para ese grado de dano la ajolota morada y ,15,0,0,0.0
1465,estupidez pobre mexico es vergenza mundial que chafas estamos como q la brugada no dio la talla deve,13,0,0,0.0
1466,quitan y veremos la represion que segun ellos no ocurrira la ineptitud haciendose presente con este ,13,0,1,-0.07692307692307693
1467,todo esta de cabeza mas burros y basicos no pueden ser por eso los tenemos que echar ya basta mexico,10,0,3,-0.3
1468,los ciudadanos que son los que con nuestros impuestos pagamos su sueldo br que ineptitud jefa inepta,12,0,0,0.0
1469,patinos de la t que barbaridad que poca seriedad lamentablemente ese es el estilo de morena ajolotiu,14,0,0,0.0
1470,mexico necesita sus pastilleros antipendejil a ver si le hacen efecto a los morenistas aunque lo veo,12,0,0,0.0
1471,muy chistocito el ghdp que mas espera de gobernadores descerebradoshay no puros payasiux de moreniux,11,1,0,0.09090909090909091
1472,con el prian vende patrias vean como esta usa eso quieren vallanse para haya y dejennos en paz en nu,12,0,0,0.0
1473,no el ajolotius de joaquin que vergenza de politico pued tristemente es para lo que le dan sus neuro,14,0,0,0.0
1474,trabajar por dios estos nes mejor que se pongan a trabajar y desquitensu su sueldo y lo que se roban,9,0,0,0.0
1475,al traste gaste y gaste a lo tonto horrible gusto y robando mas y mas sra preparese se nota su falta,13,0,3,-0.23076923076923078
1476,que esperas si la presidente tmb la hace de payasa sin chiste si estos ineptos tapan el sol con un d,11,0,0,0.0
1477,quiere hacer todo lo posible por dar circo a la ciudadania para quedarse a fuerzas como proxima pres,10,0,0,0.0
1478,sonrisita de estupido bobo e idiota estoy de acuerdo con joaquin no hay seriedad nos gobiernan payas,12,0,1,-0.08333333333333333
1479,ajolotos dios los hace y ellos se juntan no cabe duda que tipo que vaya a burlarse de su madre ah se,9,0,0,0.0
1480,imb cil yo creo se lo tomaron ellos de todo ladran ya no se acuerdan hace anos increible simplemente,12,0,0,0.0
1481,tosiendo porque por eso fue por su jarabe bienvenidos vegan a que se las metan sin saliva a que los ,9,0,0,0.0
1482,bloqueos se cree comico teacher joaquin que puede ud esperar de una senora no mexicana centroamerica,15,0,0,0.0
1483,la maquinaria mafiosa de la t tiene decadas para destruir al pais de igual manera que a este mamarra,13,0,0,0.0
1484,que gobierna el pais emulan el sarcasmo de sus quot diosito macuspano quot haciendose los chistosito,15,0,0,0.0
1485,ciudadano jefe lopez doriga por eso es usted un jefe de la nota por que les dice sus mamads a los qu,11,0,0,0.0
1486,de la corte br todos ellos rateros y pendejs para gobernar pero para robar unos chingones ese partid,13,0,3,-0.23076923076923078
1487,sin moral gaviota te falta mucho y a la otra jefa de gobierno lic lopez doriga el cerebro no les da ,12,0,6,-0.5
1488,carrera la materia gris juaquin pero si en tu programa tuviste a la mas tonta y ridicula vende patri,13,1,0,0.07692307692307693
1489,que dijo yaaa no la hagas de tos y tomate tu ajolotius nada les gusta la ciudad estara en unos dias ,13,0,0,0.0
1490,este sr ni en ellos cabe es menos estupido el tipo jajaja asi es joaquin una verdadera pendexxxa de ,12,0,0,0.0
1491,tu y tus ajolotius van a chasptm y por que no lo puede creer de cravioto pues que mas esperaba cesar,11,0,0,0.0
1492,al que alito tumbo con un grito que pena dan estos estupidos unos datos la ola no nacio en la cdmx e,13,0,0,0.0
1493,que cravioto devuelva el dinero que se robo del fideicomiso de la reconstruccion de los sismos de y ,12,1,1,0.0
1494,por las cosas que hace y dice esta tipa yo tambien soy uam que quede claro esa mamada que br esta es,10,0,0,0.0
1495,una jefe de gobierno mediocre joaquin viejito amargado jajaja pues la titere es lo que ensena puras ,14,0,0,0.0
1496,esta maldita ta t ojala solo fueran estupidos y chistosos son corruptos narcos extorsionadores etc q,14,0,1,-0.07142857142857142
1497,chundos son la jefa y su segundo que esperar de los demas integrantes del gobierno tiene razon teach,10,0,0,0.0
1498,y educados que son los de la t que vergenza dan de joven cirquero de viejo payaso pues solamente alc,12,0,0,0.0
1499,nada que festejar en la destrozada ciudad de mexico no se puede tener menos madre viejo payaso de pe,13,0,0,0.0
1500,mmda bueno ese jarabe existe desde anos solo que por alguna razon le cambiaron la etiqueta a morado ,10,0,0,0.0
1501,gobernar a mexico pero ustedes no se rinsan sigan con las criticas al para que les sirvan de consuel,12,0,1,-0.08333333333333333
1502,un jarabe para que se pongan a trabajar bola de ineptos mejor tomenselo este tipo cravioto a la altu,11,0,0,0.0
1503,un imbecil como llegan a tanto morena ha dejado de ser un partido politico para convertirse en una s,13,0,1,-0.07692307692307693
1504,de pndej s el jarabe para la tos de los chairos es pndej tius que tonto y estupido el hombre hijosde,14,0,0,0.0
1505,estan c los d su calle hablan puras p nd jadas nefasto funcionario puro pendejito en morena quien le,15,1,0,0.06666666666666667
1506,ciudadanos caterva de ignorantes ineptos y segun los ajolotes estan en peligro de extincion y ese ti,13,0,2,-0.15384615384615385
1507,retraso mental que se puede esperar de este tipo de gente que forman el regimen de narcomorena como ,15,0,1,-0.06666666666666667
1508,cinismo de hipocritas los de morena pues tomese todos sus jarabes para que termine abogado como ajol,14,0,0,0.0
1509,en heroes ricos quot charles bukowsky br br quot entre un gobierno que lo hace mal y un pueblo que l,17,0,1,-0.058823529411764705
1510,brujada es la decision mas torpe que se habia vivido en la historia eso ni amlo lo hacia ya basta co,9,1,0,0.1111111111111111
1511,bandoleros de la coordinadora son unos cinicos y burros x eso estamos como estamos ese cravioto es l,11,0,0,0.0
1512,la t ineptos todos los de esa estirpe pero su tu eres mas payaso y peejo viejo y peejo que se puede ,12,0,1,-0.08333333333333333
1513,parecen los funcionarios que salian antes en las peliculas cuando como ahora eran analfabetas la cul,11,0,0,0.0
1514,que tapen los baches no es possible que hasta en periferico haya baches y ni hablar de las coladeras,15,0,3,-0.2
1515,en mexico se hizo por primera vez en un partido amistoso entre mexico y argentina en el estadio univ,11,0,0,0.0
1516,o dicen p nd jadas no son de morena totalmente de acuerdo que se pongan a trabajar y sacar los probl,12,0,0,0.0
1517,tantos asi a href estos pdjos de el partido prieta solo dejan ver como no saben que hacen en el pode,9,0,0,0.0
1518,influencers y tuvieran que contar al respecto ponganse a trabajar y dejen de estar inventando tanto ,13,0,0,0.0
1519,indignacion que por el voto de gente sin cerebro esta bola de payasos deban de ser quienes nos gobie,15,0,0,0.0
1520,el dedo bien dado de atole y espero que a esta bola de payasos se los encuentre la cente y los dejen,10,0,0,0.0
1521,con las estatuas del mundial otro adolorido que burradas hacen estos cuatreros puras nacadas che vie,14,0,0,0.0
1522,gordito alegre que esperas de la t lo que tenemos que hacer es sacarlos a la fregada y encarcelarlos,9,0,0,0.0
1523,sus facultades legales los ciudadanos nos hemos vuelto la burla de estos sinvergenzas br se dan unos,13,0,0,0.0
1524,que no deben nada br se mofan de nosotros y la gente los premia con el voto asi que en las proximas ,10,0,0,0.0
1525,a este gobierno de risa ahora veremos cuanta gente va br br br de t lo que hay que hacer para tragar,11,0,0,0.0
1526,ignorancia en toda su expresion empezando por la presidenta ni como ayudarlos y la clara embrujada q,9,0,0,0.0
1527,el gobierno de este pais es un verdadero circo y abundan los payasos asi que no nos siga sorprendien,13,0,0,0.0
1528,ya son anos de la izquierda gobernando tambien es culpa de calderon bola de ridiculos hay cosas mas ,9,0,0,0.0
1529,la sra la informen bien sr joaquin lopez doriga mejor no lo pudo haber dicho quot con esta p ndejada,14,0,0,0.0
1530,estupid wow ahi estare creo que no podia definirse de otra forma br son nefastos esos moren rcos los,13,0,0,0.0
1531,a sus amos no mameyes en tiempo d aguacates gavito a falta de inteligencia tonterias es un pend ejo ,13,0,3,-0.23076923076923078
1532,o mensaje para todos los politicos empezando con la presidenta y terminar con el puesto mas bajo com,8,0,0,0.0
1533,pueda hacer llegar a todos los quede el saco a la medida gracias sr lopez doriga toda la razon sr qu,14,0,0,0.0
1534,que se ven afectadas y escuchando esas babosadas parece que es una clara burla a ellos y supongo que,13,0,0,0.0
1535,favor saquemos a tanto burro ellos viviendo de fiesta pues por dinero no tienen que preocuparse y el,12,0,0,0.0
1536,cobran oh les pagan por lo que hacen que horror la realidad supera la ficcion pendeja lila es intras,14,0,0,0.0
1537,unidos qe estupidez y en los hospitales sin camas en urgencias duermen sentados en hgrz de ortopedia,16,0,0,0.0
1538,palabras lo cierto es que nuestro gobierno es inepto en todos los aspectos antipatico y mentiroso el,12,0,0,0.0
1539,les da la traidora a la patria maru campos a los chayoteros de los impuestos del pueblo son para sal,14,2,0,0.14285714285714285
1540,est destrozando este pais tratandose los jarabitos y croquetas de estos payasos corruptos es craviot,14,0,0,0.0
1541,este gobierno pena nieto les quedo chico hdspm trump les va recetar un jarabe llamado trumpius madur,17,0,0,0.0
1542,acabo eres un imbecil vizconde cesar siempre has sido un incapaz e ignorante y hasta ratota saliste ,15,0,0,0.0
1543,razonen su voto don joaquin debemos aceptar que si tiene cara de payaso disculpenme payasitos tabien,17,0,0,0.0
1544,al del kks pobre mexico en manos de los peores delincuentes narco politicos ineptos mentirosos inuti,17,0,2,-0.11764705882352941
1545,de morena su intelecto esta trabajando al cuando no hay para mas diganle al cravioto que agarre su i,10,0,0,0.0
1546,wey le falto acido folico cobra miles de pesos para decir endejadas todos siempre solo que ahora com,12,0,0,0.0
1547,cuando comian todos juntos ni les sorprenda consulta para los chairos fanaticos ignorantes chilangos,16,0,0,0.0
1548,seguro el se lo hecha diario para tanto cinismo creen que tienen las encuestas aun a favor y votos s,10,0,0,0.0
1549,pero cuando venga el castigo popular ahi se van a dejar de payasadas bola de subnormales ni para hac,14,0,0,0.0
1550,que a el secretario general de gobierno y a todo morena les recetaran unas pastillas de despendejol ,11,0,0,0.0
1551,corrupto e inepto que muestra ser en el video la ola no nacio en el df nacio en el estadio universit,14,0,0,0.0
1552,te equivoques ajolota bueno por lo menos ya quito los ajolotes bola de ignorancia oye cravioto por q,11,0,0,0.0
1553,s a tu put madre hijo de put este perro se robo muy buen dinero del instituto nacional de pediatria ,15,0,1,-0.06666666666666667
1554,y su deoa de mil riase de la mas grande de su casa pareciera que se esta dirigiendo a un pueblo desc,11,0,0,0.0
1555,tipo de estupideces totalmente absurdo y lamentable quien es responsable de la instruccion de pintar,13,0,0,0.0
1556,estos imbeciles estoy con ud sr joaquin asi se habla bien por usted las drogas destruyen ja ja ja no,14,0,0,0.0
1557,estan constancia de prulaeis secundaria prepa vecinos presentelos eso dijo juanito les deberian rece,12,0,0,0.0
1558,gobernantes tenemos se habla de lo que causa en usa el fentanilo tantos o muchos muertos y afecta ta,10,0,1,-0.1
1559,no existe ese dano no sea malo el jarabe no tiene la culpa este tipo se tomo el pen dejiux el pueblo,11,0,0,0.0
1560,tanta p nd j das con estos inutiles corruptos cinicos mediocres e incompetentes de cuarta que se la ,17,0,0,0.0
1561,con tu presidente y te recuerdo son los mismo estupidos y narcos ufff clara brugada corrupta hasta q,15,0,1,-0.06666666666666667
1562,que apoya a estos patanes esta muy viejo pa payaso deberian de sacar el video donde el presidente pa,15,0,0,0.0
1563,todavia no les llega por que si fuera del partido oficialista ya seria tendencia senor cravioto el q,10,0,0,0.0
1564,que la brugada no tienen madre es el payaso del jarabe tal no se la crisis de crimen asesinatos exto,11,0,3,-0.2727272727272727
1565,de ese producto pues un jarabe que paga impuestos por uso de esa marca y los porros de la cnte hacie,12,0,0,0.0
1566,a sus porros mientras los ciudadanos padeciendo sus ineptitudes en vez de estar con su sarcasmo vulg,10,0,0,0.0
1567,los dos son nefastos irresponsables se pasan ya hasta sindicos politicos tan corrietes estamos pinta,11,0,0,0.0
1568,hay niveles pero en decepcion y estos cada dia se superan ese jarabe que se lo metan por la jefa de ,9,0,0,0.0
1569,recomiendo amloteempinous por narco presidente es un completo chiste que vergenza de gobierno que ab,16,0,1,-0.0625
1570,tantas ocurrencias es mas importante una pelotita rodando que la desigualdad social cultural economi,14,1,0,0.07142857142857142
1571,de en de estar los achichintles asi esta las cosas mi estimado lopez doriga cronica de un desm anunc,11,0,0,0.0
1572,de no viaje a mex por parte de eu y luego trump va a actuar quiza tipo maduro es en serio donde esta,11,0,0,0.0
1573,toma ajolotiux joaquin fuera morena son unos ineptos el idiota de cravioto haciendo estupideces como,12,0,0,0.0
1574,pero todo el gobierno el gobierno esta asi salen con cada cosa para ponerse a llorar mexico necesita,15,0,0,0.0
1575,que se tome su jarabe y se largue a trabajar a otro lado gente mas tarada no hay como los morenacos ,10,0,0,0.0
1576,el ricachon de lopez doriga siempre quejandose del gobierno desde que perdio los privilegios de su c,12,0,0,0.0
1577,cd mexico que mentiroso el muy estupido como el dice que muestren videos de la cdmx de antes del eso,13,0,0,0.0
1578,chin como payaso te mueres de hambre que tontos personajes como dice doriga no me lo puedo creer ech,14,0,0,0.0
1579,lo unico que estan demostrando que no saben gobernar siempre podra estar peor siempre exactamente jo,12,0,0,0.0
1580,donita lo suyo lo suyo era organizadora de eventos gio pues pero la ambicion desmedida y el voto est,12,1,0,0.08333333333333333
1581,son las ideas de javi noble se ve que leyeron veces el libro quot el mejor vendedor del mundo quot q,12,0,0,0.0
1582,sorprenden se le dijo antes de votar que eran lo peor que hay majes ratas demas calificativos que se,8,0,1,-0.125
1583,sale bien ni les saldra asi que a reir de nuestras propias decisiones para no decir pentontadas mas ,8,0,0,0.0
1584,de morena lopez igual de nefasto falseador de noticias desde hace muchos anos y si le buscan tantito,11,0,0,0.0
1585,de su domicilio mejor que nos diga cuanto costo pintar de morado y luego repintar de amarillo la sen,11,0,0,0.0
1586,parar hahah do babe dorga a cada rato dice pndjads jajaja tiene libertad de expresion pero todo le a,14,0,0,0.0
1587,normal que el resto tambien las digan n rc payas de ojos desobedientes ya deje de inhalar sus pintur,18,0,1,-0.05555555555555555
1588,le queda otro calificativo que viejo pndjo no se puede pedir peras al olmo es imposible calidad con ,14,1,0,0.07142857142857142
1589,brugada quieres pertenecer a morena no hacen falta estudios ni un curriculum viate extenso ni un dip,17,0,3,-0.17647058823529413
1590,inepto ratero violador o narco y decir endejadas cada que te pongan un microfono y si le echas ganas,11,0,2,-0.18181818181818182
1591,secretario de gobierno que querian un verdadero imbecil por eso la ciudad esta asi jamas habia estad,13,0,0,0.0
1592,en y los payasos del malestar que se vayan alv la t y sus pndjds ese tarado de cravioto es complice ,12,1,1,0.0
1593,de homeopatia de mexico ganan mucho dinero y todavia roban con esa cara no se puede esperar algo dif,12,0,0,0.0
1594,hagas coraje joaquincillo nada te parece tomalo con sentido del humor para que encabronarse por eso ,12,0,0,0.0
1595,dormir tomatelo tuuuu abue para que no la hagas de tos chingate dos ya quiero ver a la nefasta fulan,13,0,0,0.0
1596,grande del mundo en las calles inundadas por las lluvias tipa ridicula gracias joaquin y grupo formu,15,1,0,0.06666666666666667
1597,bufones de gobierno y de como ruvalcaba el director del metro y otros quieren aplicarla de diferente,11,0,0,0.0
1598,quot que no les afecte tanto quot lo duro que la sociedad la traemos contra ellos porque son una baz,9,0,0,0.0
1599,nada de eso queremos seriedad organizacion respeto al pueblo respuesta a nuestro transporte publico ,16,0,4,-0.25
1600,nomenclatura pero tal se roban el dinero no tienen llenadora las politica solo es para robar sr joaq,13,0,0,0.0
1601,les pone un calificativo nada pero naditita correcto por cada dicho y hecho que se atreven a decir y,6,0,0,0.0
1602,prianistas que gobernaron el payaso es ud y las pendejadas y las estupideces que dice es lo que hizo,9,0,0,0.0
1603,por alabarlos ya sr dizque periodistas lo mejor que puede hacer es decirle a los prianistas con quie,9,0,0,0.0
1604,y dejar de favorecer a quienes se han beneficiado del poder que me imagino le decepcionan ya digales,9,0,0,0.0
1605,los lidere el estupido de cesar cravioto es un miserable raterazo junto con improvisada clara brujad,13,0,0,0.0
1606,lo unico divertido de cravioto es su cara de chiste mal contado disfruten lo votado chilangos hedion,18,1,1,0.0
1607,personajes logico en el circo de la cdmx debe haber payasos definitivamente este gobierno de cuarta ,11,0,0,0.0
1608,de capacidad de lealtad que paso joaquin para ser payaso se necesita clase y preapracion este es sol,14,0,0,0.0
1609,agolotius pongase a administrar bien bola de ineptos se supone que deben ser personas serias y salen,13,0,0,0.0
1610,que tomen ajolotius seria interesante ver como andan de iq esos moretontos pobre imbecil jajajaja sa,16,0,0,0.0
1611,hace un chingo de anos les apuesto que hay un desvio de recursos en la compra de toda esa pintura as,11,1,1,0.0
1612,de muerte para todos los de mugrera en especial para claudia shitbaum y lopez obrador alv por todo e,11,0,0,0.0
1613,bueno muy bueno como te quedo el ojo joaquin payasote la ola criminal del narco mexico magico por es,10,0,2,-0.2
1614,regalar dinero de los impuestos a costa de empeorar la educacion la salud y la seguridad con policia,15,2,1,0.06666666666666667
1615,de excusado se cree maduro esta tarada cravioto yo te recomiendo mitrozin oral para tu verborrea cro,17,0,0,0.0
1616,ese jarabito que se lo meta por culit totalmente de acuerdo con joaquin pero si existiera el chayote,14,0,0,0.0
1617,bilis ya quemaron el pedazo de neurona br y eso es el gobierno nivel de politicos chairos a mas no p,11,0,0,0.0
1618,sus dioses que elaboren jarabe que se llame agolosincerebro diganle a cravioto que deje su naquez y ,12,0,0,0.0
1619,menos se le inche el cerebro son buenos para gastar en tonterias para no resolver un solo problema p,10,0,0,0.0
1620,creer mentiras piensa bien tu voto no cabe duda que si somos tercer mundo jajajajaja jajajajaja y ve,17,1,1,0.0
1621,circo para los mexicanos de mi parte tu y tu jarabe vayan a chi gar a su madre asi los de morena t p,11,0,0,0.0
1622,muy zendejos primero nuestra mandachaira con a y ahora craviotto haciendose los chistosos no les que,15,0,0,0.0
1623,ya cobraron la pension del bienestar tu y aquella estupidos cuales payasos es meramente estupidez si,15,0,0,0.0
1624,que tenemos en el gobierno son nefastos y estoy de acuerdo nunca habiamos estado tan mal que digo ma,12,0,4,-0.3333333333333333
1625,que han llevado al pais a la ruina son unos pobres p nd j s estan ahi por arrastrados y lame botas b,13,0,0,0.0
1626,jefa de gobierno de cdmx br en su de y su gabinete en lugar de formar su narco partido hubieran fund,11,0,1,-0.09090909090909091
1627,de estos descerebrados no gracias a los no salieron a votar en las elecciones muy comodos esperando ,12,0,0,0.0
1628,pende por eso estan los estados y mas mejico por oendejos como este y hasi como este todos los maest,8,1,1,0.0
1629,a mentar su madre por algo eres el ticher maestro sensey clara y cravioto par de pndjos los de moren,15,1,0,0.06666666666666667
1630,quedamos con los bloqueos eso no es importante lo que es no tener madre excelente cravioto excelente,16,0,0,0.0
1631,gobernantes narcos y ratas de morena no tienen madre y todo les vale nadr son la maldita herencia de,18,0,4,-0.2222222222222222
1632,ficcion ai surrelismo etc bravo joaquin no tienen mmmmmm me encanta br cuando dices palabras fuera d,17,0,0,0.0
1633,que vaya a hacer sus bromas al centro de la ciudad ahi donde miles de personas se estan viendo afect,8,0,0,0.0
1634,gobierno de cuarta no quiere lidiar con ese monstruo que crearon llamado cnte y con la mano en la ci,11,0,0,0.0
1635,vez demostrado de capacidad de lealtad bola de ineptos corruptos ajolotiux si viene de la farmacia d,15,0,0,0.0
1636,se puede esperar asi es primero la boca de z guan y despues el inche nom virol con sus p nd chaspm l,14,0,0,0.0
1637,creo que utilzo el ajolotius para las almorranas por eso sonrie el secre hasta donde hemos llegado p,13,0,0,0.0
1638,gobierno esten gobernando la cdmx morena es un cartel politico narcoterrorista huachicolero criminal,20,0,1,-0.05
1639,de croquetas vendiste a mexico a este cartel asi es es una burla se esta burlando de lo que esta suc,10,0,0,0.0
1640,pais tienes toda la razon es increible la estupidez de esa gente ese cravioto es un ridiculo seguro ,11,0,0,0.0
1641,el que mexico no existiria sin ellos como dicen siempre verdad ese cejijunro horroroso de cravioto e,12,0,1,-0.08333333333333333
1642,de la primavera del kinder de ka esquina vieja ridicula que les tiren encima agua con jabon y se van,12,1,1,0.0
1643,multan son tan animales sinicos sin verguerza payasos ignorantes q solo enganan a los pobres y roban,14,0,0,0.0
1644,de pie a cabeza q ignoracia de este ursurpador mejor le hubieran recetado el jarabe de todos los nar,17,0,1,-0.058823529411764705
1645,ignorancia tanto la brujada y el payaso del jarabe por eso la cdmx esta tan bizarra verdad ese cejij,12,0,0,0.0
1646,ni los gusanos se los van atrabajar y pir mentirosos y corructos cravioto esta hinchado del dinero q,12,0,1,-0.08333333333333333
1647,de acuerdo no tienen escuela tiene razon joaquin el cravioto no le vean a los ojos porque himnotizan,10,1,0,0.1
1648,salio pues de morena y de donde mas br made in macustranza el ajolote no es una especie protegida br,10,0,0,0.0
1649,una palangana de agua y al momento de que alguien pedia caldo de ajolote lo echaban al agua hirviend,12,2,2,0.0
1650,hacian tales de ajolote con la misma tecnica br el jarabe de ajolote legalmente ya no podria tener a,14,0,0,0.0
1651,para supuestamente tratar de resolver la situacion no puede esperarse mas de funcionarios que obtien,16,0,0,0.0
1652,doriga puro bla bla bla y este inepto no frena como no mueres curructo morenista que tonteria de acu,15,0,0,0.0
1653,triste es que ni ese jarabe lo tienen en stock en sus farmacias tipica feminista esquizofrenica haga,13,0,0,0.0
1654,nomas asi se justifica y si mejor reparan los baches el sistema de transporte metro y drenaje profun,15,1,1,0.0
1655,madre che gobierno de cuarta sintio el pedradon pobres chayoteros como sufren mejor en el zocalo pay,17,0,0,0.0
1656,del nivel que sea diputado senador secretario alcalde directores etc y puedo seguir tengan un poco d,16,1,0,0.0625
1657,pena la estupidez es la caracteristica distintintiva de los mugrenistas de la cuatrera t ajolotius b,14,0,0,0.0
1658,que esta gobernando no solo la cdmx si no todo el pais esta conciente de la mala muy mala situacion ,9,0,0,0.0
1659,incapacidad asi que su modus operandi aprendido a su mesias lopez es el cinismo esa es su armadura a,11,0,0,0.0
1660,coherente a ese pendej le vamos a recetar unas buenas dosis de verganin perdon de veganin jamas me h,14,0,0,0.0
1661,burla de las necesidades y peticiones de la ciudadania puras pendejadas estos tarados son un asco y ,13,0,0,0.0
1662,los perdimos dios me oiga que pena hacerse el chistoso sin serlo deberia recetarse un jarabe anti in,18,0,1,-0.05555555555555555
1663,tiene usted la razon don joaquin son mediocres no pueden hacer nada bien solo robar eso si lopez dor,11,0,0,0.0
1664,por ellos nos quejabamos de cardenas de amlo de ebrard de mancera y de sheinbaum pero ella si los re,9,0,0,0.0
1665,gestion tenlo por seguro que estara participando la cnte en tu ola gigantesca perro oso mexico se va,13,1,0,0.07692307692307693
1666,br mediocres politicos gente ignorante br a pero con sabios y magico pueblos acuerdate que aprendier,17,0,0,0.0
1667,como quot lo que diga mi dedito quot quot abrazos no balazos quot y quot enganaron a mi inocente com,16,0,0,0.0
1668,sacarlos ya que se pueda esperar de un morenista que en horas hizo su licenciatura que onda con esta,13,0,0,0.0
1669,que la publicidad al menos le sirva al fabricante del jarabe cero profesionales que estupidez y que ,11,0,0,0.0
1670,guatemalteca y el cesar gavioto se cree muy simpatico como en no paga los recursos al contrario se l,13,0,1,-0.07692307692307693
1671,cravioto que vaya a chin gar a su madre este panzona ellos en su mundo de caramelo mientras el pais ,14,0,0,0.0
1672,tus zapatos para esos pidieron nuestro voto en fatalll porque no crear un jarabe desapendejador br s,17,0,0,0.0
1673,honestidad no tienen nada listo para la inauguracion que vergenza si asi como son buenos para payase,11,1,0,0.09090909090909091
1674,y robadera y a todos los niveles pues que ese payaso compre mucho jarabe ajolotius para los de moren,9,0,0,0.0
1675,de defender a sus narcogobernadores totalmente de acuerdo con usted senor juaquin son unos miserable,14,0,0,0.0
1676,de pura gente corriente bola de ignorantes disfruten lo votado y lo aceptado la gran mayoria de los ,14,1,1,0.0
1677,listos para robar y proteger narcos pero mas pendej s estan quienes los apoyan otro acarreo fest que,11,0,1,-0.09090909090909091
1678,puedo reir esa es la cuarta deformacion que tenemos en este pais todos somos franciscanos sigamos di,12,0,0,0.0
1679,que les pertenece por ley y se encarcelen a los de fundacion h y la junta de asistencia privada por ,10,0,0,0.0
1680,testamento que viola toda seguridad juridica para que se respete todos somos franciscanos justicia g,14,1,0,0.07142857142857142
1681,de la misma farmacia se lo receto a el mismo por que la pidio para el que se espera de un gobierno c,12,0,0,0.0
1682,mb dv ujg ksify lzfolm akanydqag a a href uckszu wh gy mb dv ujg ksify lzfolm akanydqag a a href uck,26,0,0,0.0
1683,a a href uckszu wh gy mb dv ujg ksify lzfolm akanydqag a a href uckszu wh gy mb dv ujg ksify lzfolm ,22,0,0,0.0
1684,con cnte no lo dudo y los chairos vayan a las farmacias y pedir ese jarabe para la tos ola de ladron,14,0,1,-0.07142857142857142
1685,a mexico mundial y ebola llegan a cdmx a href uckszu wh gy mb dv ujg xsify oqcd t sp iasaw a la famo,20,0,0,0.0
1686,nacio en eu ese burro corrupto viviendo de a gorra en la calle de newton en polanco ayudo y dio faci,15,1,0,0.06666666666666667
1687,corrupto ese es el nivel el cara de papa haciendola de tos ridiculo haciendo comentarios a su altura,14,1,0,0.07142857142857142
1688,no se que le van a meter esa madre pero por el cul despues de una buena madrina por invesil e incomp,9,0,0,0.0
1689,la miseria de morena y la cara morerata sr joaquin y que esperabas de un duo de porros inservibles n,13,0,0,0.0
1690,la gente o entes o narco gobierno cuanta miseria en estos chairos croqueteros la narcotototota de la,21,0,4,-0.19047619047619047
1691,que triste este partido y esta gente es la que se incha los bolsillos de dinero de nuestros impuesto,12,0,0,0.0
1692,le cala le enfurece que el pueblo bueno y sabio opine reclame senalen las pen de ja das corrupcion o,15,0,1,-0.06666666666666667
1693,tonta esta senora o la presidenta jajaja que haga uno para los morenarcos y los ignorantes como este,12,0,0,0.0
1694,un malandrin corriente y naco si hay ajolotiux en supositorio que se lo aplique el tal cravioto todo,13,1,0,0.07692307692307693
1695,endejez dificulta mucho los dialogos les dije senores de la t cuidado con lo que toman hoy amanecio ,13,0,0,0.0
1696,su cuenta ya lo culparon y la supervision apa aaaaah pero hasta chorro les dio y tuvieron que salir ,10,0,0,0.0
1697,les tengo una receta les garantizo que funciona estudien estudien estudien atiendan leyes normas y r,15,0,1,-0.06666666666666667
1698,alcance y sigue defendiendo creo que la endejez es un dano irreversible para la t gobierno inepto co,15,0,0,0.0
1699,como no ya parece que van a hacer sin costo para el erario somos bueno deberas este inepto cree que ,8,0,0,0.0
1700,supervision del responsable de obras y si no les gusta que se les haga de tos no hagan estupideces c,10,0,0,0.0
1701,brugada y todavia se hace el chistosito que burro es cravioto cinismo de la t alguien puede definir ,12,0,0,0.0
1702,del bienestar el lo va a promocionar vestido de botarga del dinosaurio barney abajo jajajaja les que,13,0,0,0.0
1703,de ajolotiux como es posible que si el mexicano es muy inteligente porque estamos gobernados por pur,10,0,0,0.0
1704,al momento de elegir a los gobernantes senor hipocrita que vergenza todo lo hacen mal y cuando los c,11,0,1,-0.09090909090909091
1705,este tipo de gente sin conocimientos sin profesionalismo y sin etica es un imbecil sii claro se equi,14,0,0,0.0
1706,de pendej s que tipo tan imbecil quot todos somos felices quot nos tratan como tontos nadiense cree ,15,0,0,0.0
1707,sueldazos por acer pendejadas los ajolotes no son marca personal de clara la ciudad no le pertenece ,15,0,0,0.0
1708,feliz pero que visiten los hospitales publicos para que vean la felicidad andante y su eslogan de es,14,0,3,-0.21428571428571427
1709,pasiva que no mame hdspm y todavia se burla q poca asi como lo ven clara brugada sera presidente de ,14,0,0,0.0
1710,mx y todo el mundo es feliz feliz este cara de br sarigueya jajaja es un inbecil jajaja si no nos ha,15,0,0,0.0
1711,es inverosimil que este tipo de funcionarios tan nefastos e incompetentes esten recibiendo un salari,14,0,0,0.0
1712,de lila y morado ni que tuviera la tecnologia extraterrestre como aparecen de la noche a la manana l,11,0,0,0.0
1713,solo exhibe la estupidez no hay gente en el mismo gobierno quien conozca todos los alcances del cont,12,0,0,0.0
1714,cumpla cabalmente el ejercicio del trabajos con la calidad y tiempo alguien no cumplio con su trabaj,11,1,0,0.09090909090909091
1715,error y del horror y o desconocen la normativa de color cuando el arriero es estupido le hecha la cu,13,0,0,0.0
1716,de pnjos que su clientela estubieron fregando y ahora dicen que porque segun normas quot internacion,11,0,0,0.0
1717,lo saben y todo tiene un porque con respecto a su absurdo producto deberia trabajar con seriedad y h,7,0,0,0.0
1718,hagan demuestra su total incompetencia como funcionario una burla al pueblo no se a que farmacia fue,14,0,1,-0.07142857142857142
1719,tiene este tipo cesar cravioto este servidor que falta de seriedad no deberia tener ese puesto la ge,13,0,3,-0.23076923076923078
1720,es dinero tuyo servidor payaso con tanto problema que tiene la ciudad ese wey de rabioto siempre zan,14,0,0,0.0
1721,qchspm y asociados si asi habla en una camara que demuestra un aire de ser superior de narcisista y ,11,0,0,0.0
1722,imagino pura sarcasmo y luego el quot funcionario quot promueve una bebida de empresa privada segura,17,0,0,0.0
1723,del color con el que pintaron media ciudad cuando habia el frasco verde y el amarillo y el pero no t,11,0,0,0.0
1724,si chucha como no decia mi abuelita si chucha como no se equivocaron y lo pintaron del color que que,12,0,0,0.0
1725,metros y luego lo repintaron de amarillo segun las normas gratis si chucha como no ya q existe el ja,13,0,0,0.0
1726,burla y en la cara de las personas eso es falso en los contratos se especifican los conceptos volume,13,0,0,0.0
1727,dice todo jaja un acto de fuerza no prudencia y porque no la tuvieron con los de la marcha lamada de,10,0,0,0.0
1728,le brincan con los que son vulnerables y a quien le preguntaron la ciudad no es de ustedes y si no g,8,0,0,0.0
1729,el senor es un imbecil y cree que todos somos de su condicion bueno los chairos que defienden la def,10,0,0,0.0
1730,hay quien le puede creer que se vaya a pintarle de colores las nalgas pero a su madre que no mame se,10,0,0,0.0
1731,trabajo es asqueroso br tenemos otras prioridades que pintar de pues que le lleve jarabe a la cnte p,10,0,1,-0.1
1732,muy chistosito si es chistoso gracias cesar cravioto muy buen humor siempre hay mucha gente que la h,10,0,0,0.0
1733,lo puso este senor gravioto junto con la senora clara brugada les quedo muy grande la ciudad de mexi,11,0,0,0.0
1734,que hay quien lo postulo para ser secretario de gobierno por este tipo de personajes morena puede pe,10,0,0,0.0
1735,los llama al orden acaso este idiota no se da cuenta de los bloqueos y la bandalizacion de la cente ,12,0,0,0.0
1736,ciudad y lo peor es q puede ser el proximo jefe de gobierno y se rie el cinico pues es que tambien n,11,0,0,0.0
1737,tradicionales los periodistas chayoteros y los prianaguados estan como la gata de angora br br quot ,16,0,0,0.0
1738,como pude una persona con este nivel de inteligencia ocupar un cargo publico el br que fuera br la b,14,0,0,0.0
1739,br no hay agua los drenajes estan colapsado hay mas baches que asfalto los arboles despedazan las ba,16,1,2,-0.0625
1740,gente sin su patrimonio entre mil cosas mas y br este senor pintando de morado las paredes br solo p,14,0,0,0.0
1741,cierto yo tengo el nombre de jarabe que quita la oligofrenia callate metolico por lo que escucho me ,17,0,0,0.0
1742,por que a este paso habria que mantenerlos alejados norona estos mienten tanto como put son sus madr,11,0,0,0.0
1743,del gobierno el gobierno de la cdmx es profundamente ineficiente pongase a trabajar senor y vaya a b,12,0,0,0.0
1744,creen es vomitivo oir a ese tipejo corrupto y resentido de la vida quot payaso soy un triste payaso ,18,0,0,0.0
1745,exactamente a la llamada transformacion de ta hasta la cara tiene de mediocre se creen q tienen la v,10,1,0,0.1
1746,alimente su ego mediocre no le vaya a caer un cubetazo de trumpina chairos deberian documentarse ant,14,0,0,0.0
1747,rsta ciudad para mal lo realmente importante no lo resuelven con esta entrevista me queda claro que ,13,0,1,-0.07692307692307693
1748,secretario de gobierno de la cdmx no es una persona seria es un payaso y lo peor es que se burla de ,10,0,0,0.0
1749,amlo en sus mananeras que se burlaba de las madres buscadoras cuando le decia a los delincuentes que,11,0,1,-0.09090909090909091
1750,iba acusar con su mama infeliz ladron corrupto e imbecil asi como tuviste los huevotes para burlarte,16,0,1,-0.0625
1751,de este grupo uuuuuyyyy siiii nos tienen bien contentos pero no por las obras pesimas malas y feas s,13,0,0,0.0
1752,corruptos e ineptos que facil echarle la culpa a la empresa contratista quien estaba supervisando lo,14,0,0,0.0
1753,las manos seguramente creen que los ciudadanos nos chupamos el dedo bola de incompetentes este wey e,16,0,0,0.0
1754,para esas pendejadas eres un servidor publico imbecil jajajajajaja ahora resulta que la empresa es l,11,0,0,0.0
1755,las compra que les hagan una auditoria y que paguen de su dinero tantas pendejadas ellos necesitan u,15,0,0,0.0
1756,a todos los narcopoliticos senalados para extradicion a eeuu por estar coludidos con el crimen organ,12,0,1,-0.08333333333333333
1757,contra la diarrea para los de morena ahora que se los lleven a todos y terminen en la carcel es una ,9,0,3,-0.3333333333333333
1758,hacer las cosas bien br son servidores publicos y reciben sus buenos sueldos esta destruyendo toda l,11,0,0,0.0
1759,empresa encargada de la pintura se equivoco de color que no fue clara brugada la que escogio el colo,14,1,0,0.07142857142857142
1760,que estamos pagando del herario publico doble gasto de pintura por sus pendejadas la empresa contrat,15,1,0,0.06666666666666667
1761,en el mundo bizarro y hippie de clara brugada y como siempre salen con la idiotez de me interprrtaro,15,0,1,-0.06666666666666667
1762,bla es un payaso simon ya parece que la empresa se va equivocar ellos siguen ordenes todos tienen la,9,0,0,0.0
1763,bien iguales el color amarillo y el morado se entiende no nos interesa los colores nos interesa que ,13,1,0,0.07692307692307693
1764,donde que no veo nadie feliz ya que estamos peor puros gobernantes descerebrados ni a cual irle de m,12,0,0,0.0
1765,haciendo puras mmdas ese senor payasituux de moreniux que se ponga a trabajar en lugar de perder el ,10,0,0,0.0
1766,payasin payasin tiene que justificar el presupuesto es el problema de tener gente tan ignorante que ,12,0,0,0.0
1767,trabajaran para una compania no terminarian un dia y en automatico los despedian por ineptos despida,12,0,0,0.0
1768,esos politicos son una vergenza y tienen a lo que fue una hermosisima ciudad hecha una defecto y si ,12,1,0,0.08333333333333333
1769,y por normatividad para la seguridad de los ciudadanos se esta violando la ley narcogobierno ignoran,12,1,0,0.08333333333333333
1770,de largo esa bruburra es una corrupta inmoral fuera morena habra algo que no se cuando pararemos tod,11,0,0,0.0
1771,que vesn wue estsmos unidos yyyy que no tenemos miedo ya de no comer pero ellos si teme que sus escl,11,0,0,0.0
1772,eso comen y visten seguiremos sin valor de quitarles nustro poder las mismas pendejadas que hizo el ,15,0,1,-0.06666666666666667
1773,de decir la verdad de manera noble un politico preparado el diputado salomon chertorisky que manejo ,12,0,0,0.0
1774,todos si trabajara realmente trabajara esta ignorante en una empresa ya la hubieran corrido y lo sab,9,0,0,0.0
1775,cansa de cometer errores y simplemente sigue alli gastando nuestro dinero en sus tonterias ya basta ,14,0,1,-0.07142857142857142
1776,poco de orden y explicar el para que y el porqu de los colores y senalamientos br por cierto gracias,12,0,0,0.0
1777,contencion de tlalpan y el paso del metro br yano tiene esas ridiculas flores con colores estresante,12,0,0,0.0
1778,por que br se ve coherencia br br br asi que gracias por arreglar algo de todo el desorden que hay e,14,0,0,0.0
1779,y demas avenidas pfff br br y todo esto por que br ahhh pues br br por desicin imposicion br y graci,18,0,0,0.0
1780,br que tiene patas parriba todo cdmx br br por imponer el morado br como sello de apoyo incondiciona,18,0,0,0.0
1781,esas mujeres reunidas creyendo y alimentando el odio hacia los hombres y contando su alterada realid,15,0,0,0.0
1782,el feminismo y las feministas apoyadas por este gobierno br br es en realidad br el machismo br odio,19,0,0,0.0
1783,asi que dona clara burrada br deje de defender esas ideologias donde el odio en contra de los hombre,14,0,0,0.0
1784,con la presta voz de juli ta ven gas br ese movimiento br no va a nada bueno no observan la norma po,16,0,0,0.0
1785,r a n t e quot b y eran diferentes estas br dano patrimonial juicio politico para clara brugada por ,16,0,1,-0.0625
1786,la nacion eso pasa cuando votas por una bola de agitadores que pasaron pr la universidad en paros y ,14,0,0,0.0
1787,nuestros impuestos les vale cuando son ineptos y endejos que mujer tan ignorante que vaya a la carce,11,2,0,0.18181818181818182
1788,orden al gobierno de morena a ese grado la ignorancia de los que nos gobiernan todo miguel angel de ,14,0,1,-0.07142857142857142
1789,lineas en tres carriles no hay pasos peatonales y le importa un cacahuate al narcomorena despilfarra,12,0,0,0.0
1790,usa sus empresas tranzas y recibe de vuelta una lana la guatemalteca clara brugada el ojos juntos se,15,0,0,0.0
1791,todo esto saqueadores de la nacion es pesimo lo que estan haciendo esa empresa no vendia el morado y,10,0,0,0.0
1792,gente apoyo a ariategui pensando que era una victima que rapido saco su verdadera identidad para con,13,0,1,-0.07692307692307693
1793,y quien va a pagar el error este tipo ya fue gobierno y fue muy corrupto no entiendo como esta pseud,10,0,0,0.0
1794,sus contratos periodisticos se lo impongan como director del conacyt le dio beca cientifica a su sob,15,1,0,0.06666666666666667
1795,morena quot pes quot ahora llamado csp asi es la ignorancia a este senor nada le tiene contento es c,13,0,0,0.0
1796,es lamentable esta gente esperanos que ya los saquen no tienen ni idea de lo que hacen que saben hac,9,0,0,0.0
1797,dinero no importa el partido politico o sea hombre o mujer siempre buscan hacer negocios con dinero ,17,0,0,0.0
1798,de cdmx debe renunciar brugada y sus complices de morena brugada es un burro y corrupta no saben ni ,12,0,0,0.0
1799,corruptos no solo eso en el metro los techos negros se ven espantosos y dan impresion de un lugar qu,10,0,0,0.0
1800,apellido burrada deverian exigir su renuncia para que quieren ineptas que no sirven nada mas que par,16,0,0,0.0
1801,que pague el lila los miles de galones de la genial idea de esta neofita estos corruptos violan todo,12,0,0,0.0
1802,gobierno pues clara no sabe expliquenle estan penitentes q van a saber son neofitos que barbaridad b,11,0,0,0.0
1803,todo br por el arco del triunfo br br br ya basta la ineptitud de brujada en todo su esplendor es qu,13,0,0,0.0
1804,magia si esto pasar en una empresa privada la echan a la calle porque no pedimos que la corran ya qu,16,1,3,-0.125
1805,y las medicinas hasta hay una pelcula llamada lnea amarilla esperaramos que corrieran a alguien en e,13,0,0,0.0
1806,medio ano de apoyos sociales necesitamos cuentas claras clara ya no pueden hacer nada porque para la,16,1,1,0.0
1807,casas y nadie la critica la imagen vale la pena mexico es quien es viva mexico tienes toda la razon ,15,0,0,0.0
1808,al pueblo les da pensiones aumenta salarios no que vuelva la oposision ellos saben robar y vender al,13,0,0,0.0
1809,si hace apenas unos dias un comando armado mato a un maestro rural junto a unos campesinos impunemen,14,2,0,0.14285714285714285
1810,pues es para lo que le alcanzaba con su salario pero como le hicieron raid campesinos del pueblito l,9,0,0,0.0
1811,gente y el gobierno ni encuenta da coraje de verdad no es posible aue el gobierno federal mo meta a ,14,1,2,-0.07142857142857142
1812,br apliquen la ley y encarcelenlos br br s maestros comprados por la izquierda prianmc ricardo salin,16,2,2,0.0
1813,ejemplo y formar las nuevas generaciones k nos espera dios si esto son animales k sera del futuro qu,10,0,0,0.0
1814,si son maestros los destitullan porque eso se dialoga no es ala fuerza es como queyo ami patron le p,13,1,1,0.0
1815,casa el tiene todo el derecho de hecho acusarme de robo y bandalismo donde esta la presidenta que di,8,1,2,-0.125
1816,a los alumnos aves a toda la gente de la oposicion y sus pin seguidores porque no dicen algo sobre e,9,0,0,0.0
1817,algo que nada les queda que educacion les estamos dejando a los ninos y a los jovenes desde sexenios,9,1,0,0.1111111111111111
1818,peros ni pretextos y de aseguro no dice algo por que chance son porros del pri y pan una preguntas l,11,0,0,0.0
1819,a ninguno imagina lo que estan ensenando en clase que tal cuando trump mando vandalos a la casa blan,11,0,0,0.0
1820,no son los maestros de mexico son gentuza pagada por la derecha igual que la derecha de wue esta gol,13,1,1,0.0
1821,porque ya vienen las elecciones que ejemplo para sus alumnos tendran cara para aconsejarlos y son ma,11,1,1,0.0
1822,asesinado a personas solo por protestar pacificamente o a los que se salven o queden vivos le darian,13,0,0,0.0
1823,van a usar las famosas carpetas de investigacion el gobierno mexicano es una burla necesitamos caudi,17,1,1,0.0
1824,la violencia del vandalismo son maestros del desorden de la corrupcion son maestros en hacerle dano ,16,4,7,-0.1875
1825,endejo que son pagados para hacer sus desmadres y si son maestros que le quiten la licencia son una ,9,1,1,0.0
1826,le estan dando a los alumnos encapuchados como bandidosy destrozando a su pueblo que mal se ven debe,15,1,1,0.0
1827,que los despida se les dijo no queremos mundial queremos salarios dignos no mas desaparecidos no mas,10,0,2,-0.2
1828,justicia los vandalos para que aprendan a respetar los maestros no deben estar asentado maldades son,11,2,2,0.0
1829,falta de respeto las autoridades los de ben de respetar no son delincuentes asi se hace denle aplaus,14,0,4,-0.2857142857142857
1830,tipo de personas actuan asi es una vergenza destrozando y vandalizando su propia ciudad en la que vi,12,0,0,0.0
1831,alito moreno lilly tellez no duden que la oposicion esta detras de eso les han dado aumentos a este ,11,0,0,0.0
1832,gobierno son una gente muy inconforme pero cuando estaban otros gobiernos nunca se les dio nada de a,9,0,0,0.0
1833,maestros son vandalismo eso es lo que los maestros ensenan a los alumnos que educacion recibieron es,13,3,4,-0.07692307692307693
1834,salario es triste que no respeten nada asi quot ensenan quot pues ayuda no solo critiques si trabaja,13,0,0,0.0
1835,ujule creo que no pero bueno si todo lo que es el metro osea las estaciones del metro estan hechas u,10,1,0,0.1
1836,hasta que los paganos sean los usuarios como acostumbran con sus trenes mal hechos narcogobierno cor,15,1,1,0.0
1837,que han llegado a lo mas bajo sacan una p nd jada mayor y peor son insuperables estos de la t br tar,16,0,0,0.0
1838,y todo lo que le quieran agregar cravioto deberia estar en la carcel y no se nos olvida el caso de l,12,0,0,0.0
1839,imbecil el tipo y la esuoidez ya no mas ridiculo y patetico la cara de pendejaso y corrupto y si sab,9,0,0,0.0
1840,anos antes pa que no te la hagan de tos ajolotos vete pal crjo gavioto br solo con verle la cara de ,15,0,0,0.0
1841,del tamano de pndejez de los que creen que gobiernan la cdmx feo video feo personaje con una idea mu,14,0,0,0.0
1842,ojala y los del jarabe lo demanden por uso indebido de marca gravioto el idiota asi o mas ni contra ,12,0,0,0.0
1843,por que mexico esta tan jodido que barbaros estos de la cuarta transcorrupcion se pasan pobres anima,12,0,0,0.0
1844,la brigada cuando le quiten la beca puede trabajar de comico payaso esto osa cuando se eligen a coni,13,1,0,0.07692307692307693
1845,resultado es que la karan y dejan un muerdelo para ke lo disfruten los chairos acostumbrados al frac,14,1,0,0.07142857142857142
1846,si el fuera el que le a esta haciendo de tos si en carne propia tuviera que ir a un hospital a recog,6,1,0,0.16666666666666666
1847,estar meses esperando consulta o estudios si un familiar estuviera desaparecido si su negocio tuvier,15,0,1,-0.06666666666666667
1848,es el p nd j aprendiz de comediante yo creo que no estas analizando la situacion chumel esto tendria,13,0,0,0.0
1849,que utilizar para pintar la ciudad de morado y luego retornarla al color amarillo creo que estas per,14,0,0,0.0
1850,cesar escroto jajajajajajajaja como es contagiosa su risa gracias por hacerme el dia saludos chumi y,14,0,0,0.0
1851,para nada no importa quien se postule son la misma chingadera wow cuanta estupidez cabe en cravioto ,12,0,0,0.0
1852,analfabeta ignorante sin estudios sin valores rateros corrientes feos descarados mentirosos vende pa,20,0,3,-0.15
1853,terrorista es el dictadorcillo de quinta andres manuel lopez obrador sus parasitos hijos br el narco,16,0,0,0.0
1854,porque se nota que con ese piensas en morenarcos hay pura gente estupida por lo tanto de ellos saldr,16,1,1,0.0
1855,del kks amlo de nalgas al clan no es una ladilla es una protena jajajaja saben cuales son las proten,12,0,0,0.0
1856,brugada representa lo inepto en kakistocracia es patetico y retrata al gobierno ante la ineptitud so,16,0,0,0.0
1857,hacerla de payaso alguien podra tomar en serio a este sujeto con esa cara de endejo y aparte haciend,14,0,0,0.0
1858,no escucha y no le importan las necesidades y peticiones de la ciudadania asi es mi chumel pero habi,9,0,0,0.0
1859,publican cuando salen bien pedos y ni propina dejan idiotas orale pdjos lastima k vivan de criticar ,16,0,0,0.0
1860,pero asi de bajo neta que porqueria de politicos tan idiotas pero es una lastima ver que la sociedad,11,0,0,0.0
1861,que nunca me llegue este servidor es un payaso no tiene seriedad aparte de que son ineptos en el cdm,12,0,0,0.0
1862,en anos el tecolote pues las tres ciudades estan igual pero a samuel y a lemus ni los tocas que clas,9,0,0,0.0
1863,en el imss jejejejeje quot car vioto quot br quot el oso hormiguero quot br con su rostro confirma q,20,0,0,0.0
1864,la vida quot br oiga usted y como no br quot todos los morenacos quot br quot estan espantosos as br,16,0,0,0.0
1865,que quot su gran mayoria quot son quot hijos de br padre desconocido quot br pues a quot odiar al mu,19,0,0,0.0
1866,para distraer del problemon que tiene el gobierno federal con eua en tema de narcos tmec el mugrero ,11,0,1,-0.09090909090909091
1867,nimodo no podemos exigir mas a estos buuuuurros y tontos de morena nimodo a disfrutar lo votado more,14,0,0,0.0
1868,playboy del bienestar la t es un desastre con obras hechas al vapor todas al ahi se va total para un,10,0,0,0.0
1869,usuarios haber si no salen igual de peligrosas que lo demas que han hecho avisenle a este p ndejo co,10,0,0,0.0
1870,de mal en peor cravioto chatrpm no eres mas pejendejo porque tu mesias es el mayor gastando el diner,13,0,1,-0.07692307692307693
1871,sus espectaculos de diario que se pongan a trabajar mexico se cae a pedazos inutil yo creo que fue a,10,0,0,0.0
1872,inventario de ese jarabe que horror con esta gente todo mal hecho que pend o los payasos del bienest,11,0,1,-0.09090909090909091
1873,enojar estos ca tirando el dinero que no es de ellos y por supuesto robando la basura de chumel pien,14,0,1,-0.07142857142857142
1874,corruptos el ejemplo este secretario meco lo veo y no lo creo br de donde salio este remedo de anunc,11,0,1,-0.09090909090909091
1875,ratas de la deformacion de cuarta br disfruten lo votado morenos es el que vivia en un departamento ,13,0,1,-0.07692307692307693
1876,renta era de miles y con esa cara como todos los chairos no pinch s m m s para eso se pagan los impu,12,0,0,0.0
1877,viaje y sufra de inundaciones que revise la normatividad de las senales de transito por lo menos otr,12,0,1,-0.08333333333333333
1878,puede hallar un jarabe para la estupidez para la ineptitud para tener ideas de nivel que pena en eso,13,0,1,-0.07692307692307693
1879,serio mexico es el ridiculo el mal chiste vamos aquedar en el hoyo despues del mundial no solo tuvie,10,0,2,-0.2
1880,tienen en cdmx que no se hagan pndjxs br se van a esperar a que tengan a nivel nacional y no resuelv,12,0,0,0.0
1881,real en su cabeza esto era super este senor gravioto ayudo a estafar lo del refugio franciscano por ,14,0,0,0.0
1882,obrador recomendo un medicamento para la presion arterial alta que se llama amlodipino creyendo que ,15,1,1,0.0
1883,gobierno si es usted muy pero muy indejo le sugiero que no lo presuma ya no tenemos duda es muy fea ,9,0,0,0.0
1884,resulto el cravioto dijo nadie la estupidez es la caracteristica mas distintiva de los mugrenos de l,12,1,0,0.08333333333333333
1885,esta igual de punetas que tu chumel no te rias tan fuerte pues sera el sereno pero esos mens siguen ,12,0,0,0.0
1886,para el cerebro para este hombre de chaleco color ajolote por primera vez estoy de acuerdo con el pa,10,0,0,0.0
1887,le ha atinado entonces el tambien la hace de tos al gobierno de la cdmx como la brugada diciendo que,6,0,0,0.0
1888,cdmx osea andres claudia cuahutemoc marcelo etc etc han sido unos inutiles digo ingeniero balin crit,18,1,0,0.05555555555555555
1889,todo d morado y despues repintarlo todo por q hay partes d la cdmx q el amarillo o blanco es es a fu,8,0,0,0.0
1890,esperar d la pendejez q nunca checa eso verdad el producto si existe cuanto cobra este ser por anunc,8,0,0,0.0
1891,manifestaciones jajajajajajajaja que ironia todavia estamos muy a tiempo de hacerle calzones chinos ,14,0,0,0.0
1892,idiota le urge al gobierno de la cdmx estimado chumel gabriel y auditorio de este tipo de personajes,15,0,0,0.0
1893,de cuarta que pais que curioso ese wey del secretario se parece a uno de esos animalitos que pintaro,10,1,0,0.1
1894,a sobre precio el bufon de chumel de seguro se burla de su chalan por su fisico a sus espaldas no yr,12,0,0,0.0
1895,lo ineptos que son estos disque servidores publicos en mi empesa ya los habia corrido por huevones e,14,0,0,0.0
1896,cravioto a href uckszu wh gy mb dv ujg ksify lzfolm akanydqag a o quiso hacer un comercial como el d,15,0,0,0.0
1897,todo en realidad fue a la farmacia este tipo quien sera mas idiota la jefa de gobierno este tipo o l,10,0,0,0.0
1898,fracasado chairos que escupian a los prianistas que ahora son de morena tomen su ajolotiux jajajaja ,13,0,0,0.0
1899,y no les cumplieron ya no mas vitacilina ya salio el ajolotiux se mamaron jajajaja el cara de papa c,15,0,0,0.0
1900,o sea esa botella de jarabe personalizada tuvo un costo metanle el jarabe por el culo y exijan cuent,14,1,2,-0.07142857142857142
1901,mismos ya que dona p aplico la de la cague pues ni modo gastemos los recursos del erario y pintenme ,12,0,1,-0.08333333333333333
1902,pueblo bueno y sabio morenarcos viejo ridiculo cinico e inepto deberia ponerse a trabajar y no segui,16,0,0,0.0
1903,robarse el predio gravioto no seas sonso eres una vergenza k inmadurez y tontera la ajolotizacion es,15,0,0,0.0
1904,desapendejol es el que deberian de tomar estos morenarcos a ver si asi hacen unas cosas bien estupid,9,0,0,0.0
1905,serie david el gnomo no sirve no le ha quitado lo bizco justificando lo patetico siendo mas patetico,14,0,1,-0.07142857142857142
1906,cravioto tiene cara de fauno de la mitologia griega solo le falta una flauta y un racimo de uvasy a ,16,0,3,-0.1875
1907,te recetamos tentramitrozon oral para su pobre garganta los laboratorios de ajolotius deberia de cob,16,0,0,0.0
1908,mmdas el gobierno cirquero a href uckszu wh gy mb dv ujg ksify lzfolm akanydqag a a href uckszu wh g,24,0,0,0.0
1909,uckszu wh gy mb dv ujg ksify lzfolm akanydqag a a href uckszu wh gy mb dv ujg ksify lzfolm akanydqag,26,0,0,0.0
1910,ksify lzfolm akanydqag a los chinos ya habrian hecho un metro nuevo en ese tiempo segun se abria hoy,10,0,0,0.0
1911,mucho para llegar a nuestro destino abran los ojos por favor este gobierno es un fracaso y salio peo,13,0,0,0.0
1912,manda a tomar su jarabe de ajolotius estpido con este gobierno mediocre les sale mas barato decir qu,14,0,1,-0.07142857142857142
1913,o descarrila son ineptos con muchas ganas de fastidiar a los ciudadanos yo pase caminando desde chab,12,0,0,0.0
1914,esta concluido sigue en obra negra en san antonio abad hiban a poner un puente xq hasta hicieron los,11,1,0,0.09090909090909091
1915,ya no hay trabajadores ya no hay maquinaria qpm ya puro pinche circo no puro caus pues no q a partir,11,1,0,0.09090909090909091
1916,dice la gente p nd j que los fallos del metro son culpa del prian jajajaja como si el prian hubiera ,12,0,0,0.0
1917,gobiernos de izquierda y culpan a quien nunca ha gobernado haber si no pasa como la linea mas impues,13,1,1,0.0
1918,baches pa cuando los van a multar por estar estacionados tanto tiempo en el mismo lugar hijos de su ,12,0,1,-0.08333333333333333
1919,jalada br sobre la gustavo hay placas de no estacionarse desde el mo o hasta el periferico y a mucjo,12,0,0,0.0
1920,piensan k somos cuba se creen duenos mexico libre lo que es gobierno malo si nadie trabaja hoy por e,11,0,0,0.0
1921,bueno la t nos tiene hasta la madre a los mexicanos pensantes que vale mas una pta estatua de un fut,11,0,0,0.0
1922,mexicanos por la vrg su mundial de cagada carcel policias muy estrectos con estas basuras disque mae,18,3,3,0.0
1923,de mierda ya delos de baja dejelos sin empleo no sirven de nada estos es que maestros no tienen nada,8,1,1,0.0
1924,la ley pregunto donde esta la jefa de gobierno son unos porros los dizque maestros una vergenza yo t,13,1,1,0.0
1925,y se metieron acamparon adentro y oncendiaron una puerta y eso fue todo en la noche llegaron los gra,11,0,0,0.0
1926,cuadro en la manana que llegamos a trabajar los intendentes lavaban con manguera los patios si hoy l,13,0,0,0.0
1927,les pongan un alto a esto que desesperante ver esto wtffff maestros que solo buscan beneficios propi,10,1,1,0.0
1928,andan en paros laborales y como siempre los peores estado en educacion oaxaca chiapas y guerrero ya ,15,1,0,0.06666666666666667
1929,laboral br corran a esos sanganos hablab de derechos aplicar la ley v justicia orden combatir la del,17,0,1,-0.058823529411764705
1930,del regimen morenazi son los principales que han violados los derechos de los trabajadores y ciudada,13,0,0,0.0
1931,van a representar el mundial se supone que es mas valiosa la integridad y la vida de un ser humano q,12,0,0,0.0
1932,no salen a protestar en apoyo a las madres buscadoras y de todas aquellas personas que no les han es,12,0,1,-0.08333333333333333
1933,por su alto grado y nivel de incompetencia de todas las autoridades respobsables la cnte se siente d,13,0,1,-0.07692307692307693
1934,no son maestros es gente pagada quienes estan atras de estos cabrones destructores el pais esta meti,10,1,1,0.0
1935,estos son delicuentes son unos delicuentes hagan patria y denles sus chingadazos que encarcelen a lo,13,0,0,0.0
1936,horror y la policia que onda hay no cada dia estamos peor como ellos cobran sueldo integro vacacione,14,0,0,0.0
1937,comerciantes pierden la nacosocialista t no entiende que no entiende pero trump y el mundo ya los es,12,2,2,0.0
1938,dejen su like pinche gente corriente que investiguen bien a ese grupo de porros que hacen destrosos ,14,1,0,0.07142857142857142
1939,poca ma nera de b manifestantes b y que miedo que esos mpartan educacion a los jovenes o ninos de ho,13,1,1,0.0
1940,en su contra vandalos es lo que son que barbaridad que no se extranen si cuando regresen a trabajar ,9,0,0,0.0
1941,carro br por q es lo q estan ensenando br que corran a todos esos delincuentes y pongan verdaderos p,18,1,2,-0.05555555555555555
1942,ya deberian de tenerlos en el br vote estos geyes br no tienen madre br son asquerosos esos son maes,13,1,1,0.0
1943,puta madre antipatrias estos no son maestros son malvivientes y malandros comprados para hacer estos,14,1,1,0.0
1944,en el que estan haciendo el desmadre y se los llevan esperan a que hagan el dano para despues solo l,9,0,0,0.0
1945,porros del pri pan mc traidores a la patria esas personas no pueden ser maestros de la infancia de n,13,1,1,0.0
1946,coraje deberian de luchar contra los delincuentes que roban sus escuelas esos miserables no son maes,15,2,2,0.0
1947,tienen a esas bestias salvajes los mexicanos jamas quedriamos a esas bestias cerca de nuestros hijos,13,1,1,0.0
1948,los destrozos mano dura para los delincuentes quitenles la cedula esos solo ensenan a delinquir no s,15,1,2,-0.06666666666666667
1949,tiene el pesimo nivel que tiene en preparacion una mas del gobierno narco rata que poca madre deteng,13,0,2,-0.15384615384615385
1950,los cuales fueron hechos por cartoneros de nuestro pais los que estan aventando bomba no son los mae,11,1,1,0.0
1951,ya sabemos quienes son los que se dedican a pagar a esa clase de personas son los del pri los del pa,10,0,0,0.0
1952,destruyendo el pais no sea vandalos despues se quejan de que el gobierno los reprime donde esta la d,9,0,0,0.0
1953,cabo el mundial en mexico pero si fuera las femilocaas que dirian br que se queme todo br destruyan ,15,0,0,0.0
1954,los maestros deben de estar dando clases y si se van ponganse de acuerdo para dar clases ustedes y q,11,1,1,0.0
1955,a la carcel por vandalos estos no marchan en paz siempre sin acarreados los bandalos ya saben de qui,10,1,1,0.0
1956,maestros son porros del prian creen q somos idiotas q mal dehen de joder a mexico idiotas sin cerebr,15,1,2,-0.06666666666666667
1957,que exigentes ellos tambien deben indemnizar a los policias y pagar los destrozos a sandra cuevas le,14,0,0,0.0
1958,batracio no da mas ya deberia hacer algo despidos a quien se comporte como delincuente que ejemplo e,12,0,1,-0.08333333333333333
1959,mundial por que ellos no reciben nada de esto en si que la rasa haga esto se me hace injusto ya que ,9,0,0,0.0
1960,asi son los que les pagan a hacer esto por dinero vender hasta el fundillo x unos pesitos sucios hal,11,1,2,-0.09090909090909091
1961,pagan por ir los mueven los prianistas de trump esos delincuentes estan pagados para eso para provoc,9,0,1,-0.1111111111111111
1962,el mejor gobierno ya no nos enganan que den la cara aparte de gente de la mas baja calana los que ag,12,0,0,0.0
1963,es delincuencia y se les deberia aplicar la ley como tal pura ignorancia en los comentarios justo as,13,0,1,-0.07692307692307693
1964,es una de ellas jamas se podra dialogar con el gobierno ellos lo ven como obligacion y no como derec,14,1,1,0.0
1965,son pandillas no maestros el pueblo de mexico reclama sus derechos y nunca son escuchado entonses ha,14,1,2,-0.07142857142857142
1966,los maestros de mexico boico total al mundial muy vien hecho por los maestros y los turistas que se ,13,2,2,0.0
1967,mexico tiene que darse a respetar viban los maestros jajaja pinche mundial todo bien culero a href j,16,1,1,0.0
1968,demas a la carcel el cartel de las letras cnte manden a los granaderos como lo hacen en eu y la ue p,11,0,0,0.0
1969,porros esos que les quitan las mantas a los integrantes de quot mexicanos al grito de paz quot para ,13,1,1,0.0
1970,chantajear para seguir teniendo privilegios claro que hay infiltrados del gobierno por eso no los ag,12,1,2,-0.08333333333333333
1971,seudo maestros basura solo quieren k les den su chinga y correrlos si pago deberia poner mano dura e,14,1,2,-0.07142857142857142
1972,coto parecen ninos malcreados retardo en el trabajo bien en i pintan asen destrozos un dia la misma ,14,0,0,0.0
1973,de tantas manifestaciones i ba aser esto un echo como ban las cosas puros delincuentes sin educacion,14,1,1,0.0
1974,maestros pura lacra que hay en mexico esos vandalos no son maestros son enemigos del pueblo mexicano,16,3,4,-0.0625
1975,oposicion y del extranjero hace falta un gobierno que ponga orden tienen razon los maestros aumenten,16,1,8,-0.4375
1976,la peor lacra de la sociedad estas escorias a los cuales les queda muy grande el titulo de maestros ,12,1,1,0.0
1977,conocimientos usos y costumbres del sur del pais por eso viven en la edad de piedra son unos delincu,15,0,1,-0.06666666666666667
1978,de la educacion quot unos verdaderos vandalos que ademas de destruir la memoria historica monumentos,16,1,0,0.0625
1979,el derecho de la ciudafania al paso pacifico y lo peor estan recibiendo dinero de la embajada de est,11,0,0,0.0
1980,aplique quot un correctivo quot al bolsillo cabr nes webones no lez paguen y cobrenles todos los dan,17,0,0,0.0
1981,de estos golpeadores exijo carcel para estos y que paguen por tanto destrozo ya basta de tanta toler,12,0,0,0.0
1982,y escuela porque estos tienen bloqueo todo ya nos tienen artos en otros tiempos ya los hubieran mand,10,1,0,0.1
1983,los que se supone que educan no pues que bien por el bien ejemplo que le estan dando a sus alumnos l,6,0,0,0.0
1984,esos bueyes no son maestros son alumnos de malandrito moreno el cabo que ni me gusta las mascotas so,12,1,1,0.0
1985,y pierde nunca ganan porque no ladraron en la tragedia de la linea del metro de la ciudad de mexico ,11,0,0,0.0
1986,cerrado el ejercito anda de agministrar empresas con axinaciones directas eso es corrupcion y cuando,15,0,1,-0.06666666666666667
1987,estos vividores que en lugar de estar trabajando estan destruyendo y causando estragos si estos igno,11,1,1,0.0
1988,sobra sabemos quien los mueve y les paga para hacer alboroto maestros quot en ocasiones asi como ext,12,1,1,0.0
1989,los desaparecian pero en fin sin mano dura estos seguiran igual y saben en que va a terminar en que ,9,0,0,0.0
1990,empiezen a haber desvividos en manos de quien estan nuestros ninos br estos no son maestros br son d,12,2,2,0.0
1991,ni se prestan para estos destrozos en nuestro hermoso pais y si bloquean las senales de comunicacion,11,0,0,0.0
1992,no escucha al pueblo bola de vividores h de su ch p p p m cuatro faltas y recision de contrato o lo ,14,0,0,0.0
1993,su m detener a los que estan bandalisando habrir carpetas de investigacion a los dirigentes que son ,14,0,0,0.0
1994,maestros educan no fomentan la violencia adios al mundial de futbol br que vergenza me siguen en pie,18,2,3,-0.05555555555555555
1995,estamos con ustedes los entendemos les aplaudo br el gobierno no los escucha asi no se hacen escucha,11,0,0,0.0
1996,de actos para ser escuchados br y con morena la situacion esta mucho peor la presidenta tiene los oj,12,0,0,0.0
1997,grito de guerra eso seria un estate quieto para esos mal llamados maestros de aumento de su salario ,15,1,2,-0.06666666666666667
1998,malandros gachos el futuro vendra y pagaran todo lo malo que estan haciendo y todos felices felices ,14,0,0,0.0
1999,encarc len a todos por destruir y boicot ar al pais delincuentes contra delincuentes haber quein se ,16,0,2,-0.125
2000,estas zanguijuelas por favor dios saque a la luz la verdad de todos los que estan atras de estos van,13,1,1,0.0
2001,la mano de donde comen nadie mas les importa que ellos mismos ni siquiera los ninos son una vergenza,11,0,2,-0.18181818181818182
2002,destrozan todo a su paso y bloquean el derecho a la educacion acarreados borregos ciegos parecen loc,16,2,1,0.0625
2003,todos esos malditos jugandole al empresario con dinero de otro ahora si fuera morena ya choleeee cua,13,0,0,0.0
2004,a los narcos castiguen a los delincuentes sin importar si son mujeres u hombres y lo mas importante ,14,0,2,-0.14285714285714285
2005,por su partido politico pez aparte de malgastar del presupuesto y la clara embrujada quiere ser pres,12,0,0,0.0
2006,primero claro derrochan dinero como no es de ellos esa guatemalteca ya deportela solo esta malgastad,13,0,0,0.0
2007,ruinas pobre ciudad cayo en manos de la torpe izquierda que estupidez de la brujada pura tiradera de,17,0,2,-0.11764705882352941
2008,se puede cambiar pero como estos gobernantes de morena estan todos ignorantes y peor esa pobre tarad,13,0,1,-0.07692307692307693
2009,votando por estos corruptos pero si desde antes los puentes peatonales dentro de cdmx eran verdes ja,11,0,0,0.0
2010,verdes en cdmx casi todo lo que veia era verde mugrena desperdiciar el presupuesto con sus colores d,17,0,0,0.0
2011,los impuestos al cabo que tiene el colmo de que no lo supieran y gasto doble sobra el dinero verdad ,14,0,0,0.0
2012,el dinero sin sentido la t por ignorancia o por lo que sea desperdicia el dinero publico me recuerda,10,0,0,0.0
2013,misil debe ser puntiaguda para que se entierre en el suelo y haga kapum le dicen que es redonda por ,11,0,0,0.0
2014,dice eso pendejada tras pendejada si tiren el dinero del pueblo no se preocupen y los baches bien ig,9,0,4,-0.4444444444444444
2015,animalitos del zoologico de chapultepec los pinten tambien de morado clara deberia pagar de su bolsa,15,1,0,0.06666666666666667
2016,hospitales publicos bendito dios gente ignorante ni idea tienen que es un color que es para proteger,15,0,0,0.0
2017,se siente iztapalapa esta presente hasta donde llega su ignorancia de la embrujada pintar los senala,15,0,1,-0.06666666666666667
2018,tooodo lo q estan haciendo con las estaciones del metro de nuevo a lo idiota porque no ven fallas re,9,0,0,0.0
2019,el tarado mundial y eso tb nos cuesta ademas de q han provocado caos y lo comenzaron hace poco todo ,8,0,0,0.0
2020,no sale mas caro quot el caldo que las albondigas quot y ya gastaron nuestros impuestos a lo tarado ,12,0,0,0.0
2021,de borrar mi comentario pero qpm ni planear correctamente saben que se lo descuenten a clara de su s,11,0,1,-0.09090909090909091
2022,pinchi burrada por no leer y enterarse de lo que debe saber solo tiro dinero que no es de ella incre,11,0,0,0.0
2023,estos errores no son gratis y los pagan los ciudadanos y quien llamara a cuentas al funcionario resp,14,1,0,0.07142857142857142
2024,fue a la basura por un absurdo capricho morenarco en palabras simples nada mas le hizo a la mmd desp,13,0,1,-0.07692307692307693
2025,supieran ganarlo por ellos mismos una tras otra como si nos sobrara el dinero o quien va a pagar la ,8,0,0,0.0
2026,barandillas de proteccion de vialidades no sabian que el uso de chalecos con colores fluorecentes es,13,2,0,0.15384615384615385
2027,no sabian hay clarita barni gastando mi dinero y quien va a pagar eso que se lo cobren a la burrada ,12,0,0,0.0
2028,calidad de politicos que tenemos en mexico solo hacen ocurrencias y no atienden necesidades publicas,15,2,2,0.0
2029,presupuesto solo por capricho de la jefa cuantos millones para pintar de morado ooooooh y cuantos mi,16,1,0,0.0625
2030,la corrupcion como lo prometio la t por eso cada dia la cdmx esta peor por la clara brunarca que se ,11,0,1,-0.09090909090909091
2031,mas visibles que lucha por la mujer pintando de morado las calles de el df no hay que ayudar a las m,12,1,0,0.08333333333333333
2032,necesitan las mujeres y el imss no tiene no hay que proteger y garantizar la seguridad de las mujere,11,2,0,0.18181818181818182
2033,lo hacen mas por los turistas para que no tengan accidentes mientras ya tiraron y robaron dineral pu,11,0,0,0.0
2034,cocemos a parte y el costo de la ignorancia de brugada sera que ella lo pague en un estudio se llego,9,0,0,0.0
2035,mas visible de todos los colores por eso es usado en todo tipo de senalizacion en la infraestructura,9,1,0,0.1111111111111111
2036,ocurrio pintar las de morado el balizamiento de las pistas de aterrizaje el aicm este no tienen gent,12,0,0,0.0
2037,todas las ciudades se usan ciertos colores en las vialidades o no le da la cabeza doble gasto con es,8,0,0,0.0
2038,peor gobernando nuestra ciudad van a encontrar contratos a aliados de morena van a ver no piensan y ,13,0,0,0.0
2039,de pesos toman decisiones si un estudio previo noooooo es posible debe de ser falsa la informacion p,13,0,0,0.0
2040,se equivocan nunca o si bueno entre estupidez y estupidez ya se chingaron una buena lana porque no c,9,1,0,0.1111111111111111
2041,si son bien estupidos y todo eso nos cuesta a los ciudadanos son unos ignorantes corruptos tirando n,12,0,0,0.0
2042,ser la sede del mundial a creerse el organizador del mundial pura cochinada pues mi opinion que el p,14,0,0,0.0
2043,iluminacion o fantasnas br que nefasto gusto embellecimiento cual si se ve horrible el morado q asco,14,1,0,0.07142857142857142
2044,ahora que a los baches les escarben mas y les den forma de ajolotes es cierto trataron de hacer noto,10,0,1,-0.1
2045,la gente encargada de pintar se equiboco puro gasto gente pensativa lo malo esque le meten presupues,17,0,0,0.0
2046,estos no dan un paso sin chanclas una muestra mas de que el gobierno se gasta a lo tonto los recurso,10,0,1,-0.1
2047,que se le dio la gana en un principio porque lo queria que fuera bonito pero al final nos salio caro,10,0,0,0.0
2048,se ven bien naco como la que los mando pintar la ajolotabrugada gastando porque n es su dinero y ell,13,0,1,-0.07692307692307693
2049,el sat detras de todos los trabajadores br mexico que decepcion no les gusta nada a la gente de mora,14,0,0,0.0
2050,esas cosas pnjs la neta se paso de pendeja ahora y esa mamada de pintar todo de morado pero paguenme,9,0,0,0.0
2051,que les vendio pintura a jajajajaja le voltearon su caprichito jajajajajaja ay no les enbona ningun ,17,1,0,0.058823529411764705
2052,paso a la cdmx br dui br se la comieron los ajolotes es culpa de calderon y de tv azteca obvio la t ,13,0,0,0.0
2053,nada mas por encimita a los laditos donde se ve el resto queda de morado pinche gobierno hasta en es,13,0,2,-0.15384615384615385
2054,poca madre gastar asi en tonterias y despues tirar el dinero que arreglen las calles y dejen de gast,13,1,0,0.07692307692307693
2055,un muy mal gusto dinero perdido y sigue la divina comedia con el partido en el poder que bonito es t,13,0,1,-0.07692307692307693
2056,colocan renuevan o reubican senaleticas imprescindibles para la circulacion br br mejoren las lumina,17,1,0,0.058823529411764705
2057,clara brugada siempre se ha comportado asi con puras ocurrencias y lo sabemos nosotros los que vivim,10,0,0,0.0
2058,nunca se dio cuenta de la realidad de esta demarcacion le quedo grande la jefatura de gobierno y de ,11,0,0,0.0
2059,me encanta como se ve y combina con las jacarandas y si hay gente que nada le parece solo gastos a l,9,0,0,0.0
2060,acuerdo a los colores reglamentarios doble gasto veremos las cuentas todo esto para justificar el ga,17,1,0,0.058823529411764705
2061,no son necesarios al final va a dar su informe para decir que se gastaron millones en eso y se los v,9,0,1,-0.1111111111111111
2062,son las alcaldias no el br gobierno br br hasta para hacer un video hay que estudiar nada les enchuf,9,0,0,0.0
2063,no tambien puffff que prefieren que este todo horrible o algo menos tenga color nada mas puro gasto ,10,0,3,-0.3
2064,que nos pinten a todos nosotros gente idiota los colores tienen su funcion no se deben poner a capri,10,0,0,0.0
2065,se ve bien bonita la yo no se porque siempre estan quejandose de todo se pintan porque pintan si no ,10,0,0,0.0
2066,todo se quejan br hasta porque pasa una mosca por sus narices br debemos apoyar a nuestros jovenes q,14,0,0,0.0
2067,unos vagos y nosotros como padres de familia somos unos aburridos br los jovenes son el futuro de me,11,0,0,0.0
2068,nada les parece ya maduren mexicanos incomodos es lo malo de que cuando llega una nueva administraci,13,0,0,0.0
2069,a lo estupido por mi lamento tanto desperdicio de millonaria pintura mucho as baches calles oscuras ,16,2,4,-0.125
2070,mas para que se vea bonita tu cagada che gente con nada las tienen contentos con nadaaaa si hay form,11,1,0,0.09090909090909091
2071,pintado la estructura de la ciudad durante cada gobierno en turno pasan uno o dos tal vez hasta tres,9,0,0,0.0
2072,de morado y amarillo les molesta porque no antes que ni pintaban nada fuera morena del poder br en y,9,0,0,0.0
2073,narcopartido morena por su mal gobierno no saben gobernar y solo estan destruyendo al estado mexican,13,0,1,-0.07692307692307693
2074,al df y reporto que habia gastado millones de pesos en cubetas de corrector para tinta por borrarle ,13,0,0,0.0
2075,fueron millones que probablemente ahora esten invertidos en bisquets obregon si fue asi como dicen e,14,0,0,0.0
2076,y amarillistas el color es por prevencion en la oscuridad el morado no se ve pesimos gustos de la je,13,1,1,0.0
2077,resalta bien y ya estamos acostumbrados a ese color porfa no gasten a lo ni un chile les enboma la r,12,0,0,0.0
2078,que hay mas necesidades en la ciudad y no nada mas en las colonias fifis necesita mucho arreglo en t,9,1,0,0.1111111111111111
2079,cuando hay eventos de cualquier tipo en el pais se necesita arreglos permanentes en todo los estados,10,1,0,0.1
2080,mucho trabajo en todos los aspectos junto con el estado que es un asco en muchas colonias como ecate,8,2,4,-0.25
2081,sus calles son puros hoyos se ve como se gasta el dinero los panistas con estupidez que manera de de,12,1,1,0.0
2082,el morado pero efectivamente conduciendo era muy dificil distinguir las estructuras sobre todo en la,11,0,1,-0.09090909090909091
2083,me parece muy bien que los dejen en amarillo es indispensable para seguridad de todos gracias parece,11,1,1,0.0
2084,carreteras y calles ya que es mas visible doble gasto desperdicio de recursos para despues revertirl,16,2,4,-0.125
2085,gobierno mejor valla a pintarle el culo de morado a su abuela ningun chile les embona gracias por pe,13,0,0,0.0
2086,verde a amarillo tal y como se aprecia en el video pero ese verde tiene anos asi se imaginan cuanto ,9,0,0,0.0
2087,a volver a chingarse mas con el color amarillo esa brugada nomas no da una que bien se ben bonitos e,13,0,0,0.0
2088,de clara brugada la ajolota del bienestar b pintaron de morado y amarillo pero cuando la estela de l,13,1,0,0.07692307692307693
2089,impuestos que se utilizaban el doble rasero de quienes ahora se quejan hay que descontarselo de todo,12,0,0,0.0
2090,no le gusta nada estan amargados se veia bonito pero nada les gusta por todo protestan los barandale,12,0,0,0.0
2091,el ajolote esta en vias de extincion es que de morado llegariamos tarde se estan robando mas dinero ,11,0,0,0.0
2092,ahora lo vuelven a pintar de amarillo hasta tuviron que limpiar las partes metalicas y piseron el co,15,1,0,0.06666666666666667
2093,era evidente que ahi habia una falla pero los trabajadores estaban bajo el influjo de la ajolotizaci,10,0,0,0.0
2094,mejor que este pintado es criticar por criticar nunca se les va a dar gusto a los derechangos lastim,11,0,0,0.0
2095,estupidez lo morado si es amarillo por una razon visual de maestros no tienen nada son mandados por ,13,1,2,-0.07692307692307693
2096,y a sus representantes los priandejos apliquenles un tlatelolcazo mexico exige que se aplique lo que,16,0,0,0.0
2097,no son maestros son gente provocadora que busca hacer mitote si realmente quisieran dialogo expondri,14,2,2,0.0
2098,son los achichintles del prian solo estan ai para molestar a la sociedad huelen a kgada los maestros,12,1,1,0.0
2099,con tapetes de gimnasio se pasan les creemos o que opinan diganmelo hustedes parenlos o se aplacan o,13,0,0,0.0
2100,en el mundial hay para mejorar salarios de profesores policias y doctores nos quieren ver la cara de,16,0,0,0.0
2101,es gracioso como critican a los maestros que nadie se da cuenta el maldito gobierno que tenemos no e,9,2,2,0.0
2102,policias y cualquier ciudadano comun de una y otra forma exigimos se respete nuestros derechos mient,16,0,0,0.0
2103,diciendo se abrira una carpeta de investigacion que mediocridad de esta senora a leguas se ve que no,13,0,0,0.0
2104,prian ya que los corran dan mal aspecto a la ciudad ponganse a trabajar hagan algo bueno para mexico,14,1,2,-0.07142857142857142
2105,sus alumnos son los mas inteligentes despues de que se larguen van a dejar su cagadero por eso estam,11,0,1,-0.09090909090909091
2106,sus alumnos si es que esos son lo que dicen ser se preocupen la seleccion de fut ya sabemos no da un,7,0,0,0.0
2107,les puso la dichosa reforma educativa que es lo que no quieren carcel para todos estos delincuentes ,11,1,2,-0.09090909090909091
2108,van hacer para que otorgan las autoridades permisos para hacer sus movimientos una cosa es manifesta,12,0,0,0.0
2109,que le permiten estar en varios puntos que los restringen a solo un punto de salud y otro de lclegad,9,0,0,0.0
2110,puede ser que descarguen su frustracion con personas que no tienen que ver destrozos a comercios fac,11,0,0,0.0
2111,gu en za eso no lo hubieran hecho en los goviernos de antes cobardes como que ya hacen falta unas de,11,1,4,-0.2727272727272727
2112,sus exigencias o no se van no hay dialogo debieron usar la fuerza publica cuando podian tlaloc que l,12,1,0,0.08333333333333333
2113,delgado dialogo con transparencia y verdad cuando hay quot dialogo quot recogen los celulares no hay,14,2,1,0.07142857142857142
2114,de tal manera que lo que se habla dentro cuando sale al exterior sale en la version de cada una de l,9,0,0,0.0
2115,una verdadera transparencia asi el publico se haria sus propios juicios mientras no sea asi quedamos,8,1,1,0.0
2116,le tiene miedo que sea verdaderamente transparente calderon fue el que modifico la ley del issste y ,12,0,0,0.0
2117,de mexico dra claudia sheinbam pardo a pero a ti te amenazan con que si no fichas tu numero de telef,12,0,0,0.0
2118,chairos cspm aha suponiendo que se vayan los maestros ahi vienen los transportistas y los campesinos,14,1,1,0.0
2119,atole con el dedo si asi como se cordinan para estos plantones se cordinaran para tener mejor nivel ,12,1,0,0.08333333333333333
2120,del gobierno federal el aumento del es una mentira hay maestros que ganan menos de no hubo aumento p,13,1,1,0.0
2121,de barriles de crudo gratis estos maestros los tienen mendigando mojenlos en la noche es facil k hag,15,2,1,0.06666666666666667
2122,alos maestritos que los detengan como es posible que el gobierno no haga nada parece que les estan p,10,0,1,-0.1
2123,a querer tapar el pozo despues del nino ahogado apoyo total gracias gracias de corazon cnte cuando v,17,0,0,0.0
2124,los ninos de mexico estan reprobados vs otros paises no quiero a estos maestros para mis hijos y mar,14,1,1,0.0
2125,das ni umas ni afores queremos pensiones solidarias jubilacion digna ano con ano esta gente aburre s,15,0,0,0.0
2126,este problema a que siga con sus inches eventos que solo sirven para tirar dinero parque no los mete,13,1,0,0.07692307692307693
2127,trabajar ya que los corran hdspm todos ustedes huevones extorsionadores de la educacion larguense de,12,1,0,0.08333333333333333
2128,los impuestos generados por nuestro trabajo malditos zanganos el gobierno esta con ellos es un probl,12,0,0,0.0
2129,hasta les ponen banos de los de sanimobil si no los quisiera el gobierno no les pondria banos y dari,13,0,0,0.0
2130,al bano a esos chparros a ver donde se cagan pero hasta tanbos de agua les ponen y quien les paga es,10,1,1,0.0
2131,gobierno es gente de el propio gobierno y siembran su circo y todos lo creen no son maestros son por,12,1,1,0.0
2132,estos delincuentes en manos de quien esta la educacion uy no voy a poder dormir si no hay mundial po,9,1,1,0.0
2133,maestros que se cancelen todos los apoyos del gobierno como becas y adultos mayores para solventar l,11,3,2,0.09090909090909091
2134,esperarse y ya estaba planeado por este grupo de delincuentes y zacatrapas que se dicen maestros par,12,1,2,-0.08333333333333333
2135,jaja ni un paso atras presidenta con estos bandidos de la educacion br br es un una guerra hibrida e,13,1,0,0.07692307692307693
2136,br y felices los medios dandole cobertura nacional br br cual evento en mexico jaja este evento no e,16,2,0,0.125
2137,claro diaz ordaz te necesitamos br diaz ordaz te necesitamos que la policia pida identificacion de m,15,2,2,0.0
2138,en mexico es una completa basura br br apoyo total a estos valientes ya deberia tomar medidas serian,16,0,1,-0.0625
2139,federal porque no actan que esperan a que pase a mayores p o r r o s no son maestros son un grupo de,14,1,1,0.0
2140,si se salen con la suya el pueblo paga nos subiran mas los impuestos felicidades por cerrar calle do,13,1,0,0.07692307692307693
2141,lo que es caminar y al refugio franciscano igual los tienen dando vueltas y vueltas mentira tras men,11,0,0,0.0
2142,de habra presencia y que llegue a noticias internacionales que el gobierno de mexico no resuelven na,10,0,0,0.0
2143,peticiones de ciudadanos inconformes todo el apoyo a la cnte gracias a ellos morena gano y ahora ya ,12,0,0,0.0
2144,batallando con esa gente la mayoria son una bola de porros pues deberia de ser duro co ellos ya estu,11,0,0,0.0
2145,cachetadas y carcel a los bandalos solo estan exigiendo lo que la narcomomia chimuela y reseca no cu,14,0,3,-0.21428571428571427
2146,el prian se mantuvo en el poder por mas de anos ahora comprendemos porque el de octubre del a dias d,7,0,0,0.0
2147,es represion ojala que les pongan en la madre malditos asesinos animo profesores todo mi apoyo pues ,11,0,0,0.0
2148,chimpatizante que se llama el maromero que es un chimpanse mafiosos velos bien los sindicatos sirven,15,0,1,-0.06666666666666667
2149,promesas de campana cual dialogo siguen en esa fantasia del dialogo ya queremos acciones respuestas ,16,0,1,-0.0625
2150,miramientos a estos vandalos maestros que solo quieren desestabilizar el pais ya tenemos con el loco,12,1,1,0.0
2151,creyeron en este gobietrno estas son las conscecuencias y los unicos que pagan todo esto son los ciu,11,0,0,0.0
2152,no les importa y el gobierno no les va permitir atentar contra el mundial esto ademas sirve para des,12,0,0,0.0
2153,no son maestros son pandilleros que quieren manipular para que acepten siempres sus exigencias son l,10,2,3,-0.1
2154,su identificacion y comprueben que son maestros cnte mas bloque negro mas anarquistas etc todos paga,16,1,1,0.0
2155,profes las flores y besos a la conductora no a los delincuentes no solo es el mundial tambien son lo,10,0,1,-0.1
2156,ya basta es la realidad de mexico no como lo inventado que los corran muchos tienen hasta pesima ort,11,0,0,0.0
2157,flojos sinverguenzas deberian quitarles el bono de pesos que les dan en el dia del maestro y el dia ,10,1,0,0.1
2158,son acarrreados de sus lideres para hacer desmadres y sus lideres se retiran con las bolsas llenas d,16,0,0,0.0
2159,total para los maestros que vaya el ejercito esos delincuentes no son maestros br br son una vergenz,16,2,3,-0.0625
2160,vaya el ejercito y los bote porque son basura no se manifiestan destruyen golpean roban y amenazan l,13,0,1,-0.07692307692307693
2161,destruir el centro de la cdmx br br ojala los corran si es que en realidad estan en la nomina de la ,13,0,0,0.0
2162,los danos efectuados a negocios y estructuras que han destrozado que se queden ahi por tiempo indefi,12,0,0,0.0
2163,con los ninos que sigan asi se van a convertir como en su momento los trabajadores de luz y fuerza e,10,1,0,0.1
2164,brugada en llamar al ejercito para que disuelvan a toda esa vola de malandros porque eso es lo que s,11,0,0,0.0
2165,hacen caso nosotros como pueblo vamos a controlarlos estas personas no son el pueblo de mexico ya du,11,0,1,-0.09090909090909091
2166,ciudad de mexico nadie los quiere a trabajar maestros br por eso la educacion esta mal br si no trab,12,2,2,0.0
2167,no puede sacarlos a patadas que pka de estos porros de la cnte se han ganado el desprecio de los ciu,10,0,0,0.0
2168,cnte violentos sigan con sus bloqueos marchas destrozos agresiones etc no a sus exigencias ridiculas,17,0,0,0.0
2169,criminales asi es asustan causan terror a los ciudadanos vandalismo a comercios robo arrmados con ma,18,0,5,-0.2777777777777778
2170,los integrantes de la cnte todos los demas grupos afectados debemos unirnos para colapsar este gobie,14,0,0,0.0
2171,inches vandalos disfrazados de maestros pagados por los ratotas prianistas apoyo total para los poli,19,1,1,0.0
2172,trabajadores del monte de piedad personal de ipn aguacateros michoacanos limoneros etc para que sean,14,0,0,0.0
2173,trabajadores y solo el crimen organizado es quien esta protegido y beneficiado ppr favor que los qui,13,0,1,-0.07692307692307693
2174,aumentos hay tuneeles como medidas de emergencia desde adentro del palacio federal que saque a los p,14,0,1,-0.07142857142857142
2175,seguridad imaginate estos ahi desplegados mientras todos entran y salen por otra puerta subterranea ,15,2,1,0.06666666666666667
2176,por que esta el pais asi de atrasado en materia educativa saquenlos a putazos esos weyes son porros ,13,2,2,0.0
2177,cnte deberian ser retirados no son maestros son porros de alejandro moreno ricardo anaya lilly telle,18,2,1,0.05555555555555555
2178,asesino pederasta y enfermo mental que quiere desestabilizar a nuestro pais para robar sus recursos ,15,0,1,-0.06666666666666667
2179,no quieren dialogo jajajaja reciclan las carpas de frena e igual de vacias pero para chin bastan pri,14,0,0,0.0
2180,me hace que no va haber mundial bonito yo disfrutando de que el mundo vera la realidad que vivmos lo,13,1,1,0.0
2181,el pueblo que el mundo se entere del narco comunismo de morena a quien le interesa el mundial ciudad,13,0,1,-0.07692307692307693
2182,ciudad yo vivi toda vivia en calle venezuela y el carmen y trabajaba en bancomer centro turno noctur,15,2,0,0.13333333333333333
2183,dar santo y sena de lo que sucedio al principio de construccion cgl anos cancun mexico morena is for,15,0,0,0.0
2184,ese mapa les falto poner el metro hidalgo jajajaja ni eso saben hacer cnmlike sera con ruvalcaba se ,12,0,0,0.0
2185,segun llego a un acuerdo con el sindicato de trabajadores pero si lo cumplira se ve en su publicidad,12,0,0,0.0
2186,luego no valla a salir con una tonteria dios nos ampare que como tasquenia tambien telemundo es culp,10,0,0,0.0
2187,ya a su edad nomas esta esperando quien gana para irse de ese lado sera que ya pocos paises les cree,10,0,0,0.0
2188,pintan en usa como explican con logica el aumento en el turismo o alguien esta mintiendo o que pasa ,12,0,0,0.0
2189,pagados por gobierno extranjero para causar inestabilidad en el pais son maestros de la violencia ma,16,2,3,-0.0625
2190,vivimos en una dictadura si asi fuera ya estuvieran todos en la carcel desde hace tiempo yo no quier,7,0,0,0.0
2191,despidan ni siquiera han de estar preparados academicamente y quieren vivir gratis de nuestros impue,13,0,0,0.0
2192,afores para dejar las calles es el de aumento salarial el presupuesto al ano del pais por una defici,14,2,2,0.0
2193,si fueran profesores sabrian br la asertividad br br la asertividad es unahabilidad de comunicacion ,16,0,0,0.0
2194,sin hostilidad ni agresividad y respetando los derechos y creencias de los demas ser asertivo puede ,13,0,0,0.0
2195,ya eso no hay protesta eso es vandalismo pero ahi si no se reune el pueblo para combatir esos actos ,8,0,1,-0.125
2196,la cara a un senor que trato de estar extorsionarlo por la mordida de un perro que el perro no era n,8,0,0,0.0
2197,nos reunimos rapido mi madre que ejemplos de maestros que se puede esperar de los vandalos son degra,15,1,1,0.0
2198,begin i am not surprised the people are fed up with the government re built statues stupid teachers ,15,0,0,0.0
2199,cumplir that is a red card penalty and they should be kicked in ther behind a small union representi,16,1,0,0.0625
2200,that have done these destructive types of actions for decades que los metan en la carcel br y los su,12,0,0,0.0
2201,street protest is it a trend nowadays humans the most complicated amp crazy species on earth les ens,18,0,1,-0.05555555555555555
2202,when you pay footballers millions of dollars for min games and for all of their training and you pay,16,0,0,0.0
2203,are sick of corruption which country is this just a fact check for those who are not mexican the cnt,12,0,0,0.0
2204,real one this is a small group of dissident educators who are actually anarchists and have done thes,15,0,0,0.0
2205,and have nothing to do with these guys theyre doing this to stop the world cup ya basta br carcel pa,15,0,0,0.0
2206,problemas siempre hay resoluciones siempre hay hay momentos ahora no es paz lo peor de lo peor prote,11,0,0,0.0
2207,that rioting and vandalism is ok while simultaneously crying for a raise no they do not need to be t,14,0,0,0.0
2208,eduquense para que eduquen what they teach the children these teachers shouldnt be teachers setting ,17,0,0,0.0
2209,our children making use of world cup hosting to kidnap the government it will only cultivate more ki,15,0,0,0.0
2210,behaviour world cup and labour issues are totally different topics grandes maestros mostrando su edu,19,2,1,0.05263157894736842
2211,world cup should be enjoyable for all favor de salar a los americanistas y a la seleccion mexicana e,12,0,0,0.0
2212,interesa obra de estados unidos tiene comprado dirigentes y politicos para desestabilizar el gobiern,17,1,1,0.0
2213,ese sector de la sociedad mexicana ellos no representan legitimamente a todos los mexicanos muchos d,9,1,1,0.0
2214,de ellos abandonan sus areas de trabajo solo por el hecho de estar en comunidad no apoyo para nada a,11,0,0,0.0
2215,es delincuente son maestros del caos y de la destruccion nada que aprender de esas lacras avariciosa,15,1,2,-0.06666666666666667
2216,destruyen su ciudad y les quitan su paz br chillones este mundo podrido no esta para celebrar ningun,14,0,0,0.0
2217,son maestros son chusma desletrada y vulgar que sirve como carne de canon de algun interes ajeno a l,17,3,2,0.058823529411764705
2218,br ya no se dejan enganar y que bien que se manifiesten maestros y dialogo si mundial de televisa no,11,1,1,0.0
2219,madrid abucheado por su lenta reaccion al terremoto del no deberia ya ver mundial todos modos solo p,13,1,0,0.07692307692307693
2220,y los pobres gasten lo que no tienen yo soy profesor en mexico y la cnte no representa en absoluto a,9,1,1,0.0
2221,los cuales tienen sin clases y a los docentes les cobran cuotas y otros afiliados ni si quiera son m,9,2,1,0.1111111111111111
2222,asisten y siguen cobrando dinero publico que deberia estar destinado a la educacion la oposicion est,12,2,1,0.08333333333333333
2223,que se sienten a negociar pero prefieren morder la mano que les da de comer el pueblo de mexico esos,12,1,1,0.0
2224,la cara es obvio que hay infiltrados haciendo estragos por mas protesta que hagas un docente no es t,14,1,0,0.07142857142857142
2225,esta gente esta pagada por estados unidos como ya no pueden entrar a robar y saquear como tantos ano,10,0,0,0.0
2226,carteles y todo mundo lo sabe guerrillas y carteles son armados y financiados por estados unidos par,11,0,0,0.0
2227,de la linea pero no mamen esa conexion va bien tortuga antes terminan primero el metro de bogota que,12,0,0,0.0
2228,a toluca y cuan quedara mas o menos que digamos carcel para los corruptos del pan por traicion a la ,12,0,0,0.0
2229,de acabar esta madre se tardaron menos en teotihuacan en terminar las piramides que estos pendejazos,10,0,0,0.0
2230,antes ches ineptos van para dos anos mas ojala no pinten de morado ni pongan ajolotes ni candelabros,12,0,0,0.0
2231,esta quedando ese reportero no sirve para nada en las redes hay mas informacion concreta que decir s,12,0,0,0.0
2232,de partes si en usa no producen nada todo lo importan no manches casi el carro se lleva al vato de l,10,0,0,0.0
2233,loret de mola simplemente quot maravilloso quot este cursillo ojala lo puedan continuar con el maest,17,1,0,0.058823529411764705
2234,de cuando iba a la primaria br se abre una forma diferente de ver la historia cuando se analizan los,12,0,0,0.0
2235,viviendo otra revolucion a la que se ha llamado t pero la inmediatez del presente no nos permite ver,9,0,0,0.0
2236,la decadencia del imperio de los estados unidos y su forma de injerencismo no solo diplomatico sino ,11,0,0,0.0
2237,en especial al prian gracias a lo ameno del analisis del dr garciadiego saludos que barbaro en una h,12,0,0,0.0
2238,y los de prepa la mala leche del cartel recordemos que el burro porfiado provoco que los mexicanos c,14,0,0,0.0
2239,estuve todo el dia esperando este video cnte br transportistas br palcohabientes br br unidos una pr,14,0,0,0.0
2240,bloquear la inauguracion del mundial en todas las arterias viales q le hacen si la sep esta pidiendo,11,1,0,0.09090909090909091
2241,junio mas rezago escolar bolsa de acabados si se hacen las mesas de dialogo son precisamente para es,12,0,0,0.0
2242,su flauta que fregaos piden estos inches maestro ya ni yo que meses sin podee trabajar poeque me las,13,1,0,0.07692307692307693
2243,no cobren delincuentes desgraciados estos quot maestros quot estan exigiendo algo que no les gusta q,11,1,2,-0.09090909090909091
2244,digan que ellos no estaban de acuerdo sus dirigentes sus lideres pactaron por lo bajito con el gobie,12,0,0,0.0
2245,y quieren que el gobierno en turno lo quite mi pregunta es por que en el no incendiaron el pais como,8,0,0,0.0
2246,sus dirigentes al final fueron ellos quienes los vendieron a ellos al gobierno ellos no se dan cuent,9,0,0,0.0
2247,y el mcprian titeres de estados unidos si ellos quisieran arreglar algo primero deberian de destruir,12,0,0,0.0
2248,el zocalo un mitin de ellos sin intermediarios ellos deberian de correr a sus lideres tanto de la cn,10,0,0,0.0
2249,acuerdo se deberian de dar cuenta que tan ricos son sus lideres y como los venden al mejor postor y ,11,0,0,0.0
2250,con estos maestros si el plan de estudio esta mal imaginense sin clases y nuestros hijos estan esper,11,2,2,0.0
2251,hijos son unos delincuentes esos disque representantes de la cnt metanlos a la carcel por alborotado,14,1,1,0.0
2252,al pan y pri que muestren los antecedentes nadie les cree son webones estos maestros no tienen llena,13,3,4,-0.07692307692307693
2253,una plaza los verdaderos maestros estan trabajando que lo manden a ucrania pero a la guerra ahi es d,8,1,1,0.0
2254,jesus tovar me dan ganas de llorardurante decadas no se hizo nada bueno si se hizo mucho pero para l,8,0,0,0.0
2255,viene a mexico viene a enzear y para ablar de asuuntos que no son su incumbencia es de dar risa ya n,12,0,0,0.0
2256,millones de pasquines con esta informacion y difundir a nivel nacional conferencias en los comites p,15,0,0,0.0
2257,me fascinan tus analisis con gran conocimiento de fondo me siento orgullosa de que haya mexicanos co,15,0,0,0.0
2258,no deja de ser un refugiado cubano me pregunto que a hecho los gringos en una verdadera lucha contra,10,0,0,0.0
2259,las calles de usa en guanajuato estan orgullosos de que vengan las espanolas ayuso y cayetana a darl,15,1,0,0.06666666666666667
2260,por la nueva corte de justicia y esperamos ver hechos contundentes en el caso maru campos israel en ,15,0,1,-0.06666666666666667
2261,judios br la presidenta no se ha informado pero si donaldo trompetas dejo libre al expresidente de h,14,0,0,0.0
2262,ver son reales no lo ha hecho asi que no hay que mandar rocha esto es soberania asi es fuera el inge,9,0,0,0.0
2263,con el embajador injerencista metiches arreglen su pais no se metan con mexico por infiormar gracias,19,1,0,0.05263157894736842
2264,verian como la pone por el suelo a esta arrastrada de la calletana porque viene a meter las narises ,10,0,0,0.0
2265,chingon don chuy segun lei estados unidos participo en la caida del presidente diaz debido a que dia,15,0,0,0.0
2266,y eso molestaba a los gringos trump es nadie es un titere del zionismo el maestro se rie de las clar,12,1,0,0.08333333333333333
2267,sabemos que jesus tovar esta en otro nivel que barbaro gracias hay muchos politicos en eeuu que enti,12,0,0,0.0
2268,lo traducen al resto los miembros de su gobierno es lo que hace que reaccionen energicamente en cont,10,0,1,-0.1
2269,miedo y le dice noo por favor los de derecha si tienen proyecto pero les da vergenza decirlos porque,14,0,0,0.0
2270,apoyar la instituciones de salud privatizar minas privatizar los trenes privatizar puertos quitar la,17,1,1,0.0
2271,href a maria jauregui y zuany ya comparecio exfiscal ulises lara entrevistas y mas de diligencias ah,17,0,0,0.0
2272,pensar que los narcos sean tan estupidos de ponerse con sanson a las patadas solo los gringos desgra,12,0,1,-0.08333333333333333
2273,narcolaboratorio de chihuahua en donde murieron los agentes de la cia era un set preparado para pilo,14,0,0,0.0
2274,gringa ese payaso lambiscon de rubio es un propagandista y mentiroso del regimen trompista les ve la,12,0,0,0.0
2275,enganan jeje y que estos parasitos nos quieran hablar de democracia saludos desde tijuana bc exelent,17,0,0,0.0
2276,te escucho en xochimilco ciudad de mexico maestro si dejaron a sandra cuevas le garantizo que a maru,13,1,0,0.07692307692307693
2277,misericordia con su especie politica y eso mismo esperaran en su debido momento para ellos y cuando ,10,0,0,0.0
2278,pasa en restaurantes de lujo es decir senor ron cada chango en su mecate respetandonos y dedicados c,13,0,0,0.0
2279,muy sin moral sin sensatez senor loco gracias jesus por informarnos de todo la intrusion de eu ah nu,15,0,0,0.0
2280,es otro milei ese pais es un lobby dominado por estado profundo un delincuente armado si asambleas v,13,0,1,-0.07692307692307693
2281,lo que quiere hasta traicion a la patria br la presidenta no esta enterada asi como con lo de chihua,8,0,0,0.0
2282,de chiapas en relacion con el convenio con el gobierno irani marco r alucina hola desde sinaloa mexi,20,0,0,0.0
2283,no va haber desafuero a br la gobernadora maru campos esa tarea br se la han dejado a la morenita ca,14,0,0,0.0
2284,gobernadora de chihuahua br ella tiene que exhibirla todas sus corruptelas en el desarrollo como gob,14,0,0,0.0
2285,toda su corruptelas y el paso siguiente es meterla a la carcel punto puro pinche chisme y nada de or,11,0,0,0.0
2286,para hablar de soberania tenemos a nuestra presidenta no necesitamos personajes nefastos que solo lo,13,0,0,0.0
2287,no no creo estoy segura que todo lo que buscan es desestabilizar al pais y no dudo lo logren ya que ,10,0,0,0.0
2288,todo todo lo que la presidenta diga u haga dano pena ya que esto no se lo harian si fuera un hombre ,11,0,0,0.0
2289,el injerencismo de los estados unidos de mexico bien dicho jesus br es como el que llega a la clase ,11,0,0,0.0
2290,tema br ya no tiene caso repetir la clase br saludos porque no detienen a los quot maestros quot que,13,1,1,0.0
2291,a los golpeadores de de la quot cnte quot quot que apoye la democracia hay que ver lo que acaba de e,13,0,0,0.0
2292,traves del narcohondureno soltado por eua y milei son las falsas banderas que utilizan hasta contra ,12,0,0,0.0
2293,la propaganda falsa y mentirosa que usan hasta la saciedad excelente analisis politico de la diploma,11,0,0,0.0
2294,el vato que metio lili tellez al senado que llevaba un maletin alguien sabe de eso la presidenta jun,13,0,0,0.0
2295,la patria el ruido que hacen es para justificar el intervencionismo de eua muy cierto la de chihuahu,11,0,0,0.0
2296,politico a maru campos el problema de morena es morena por no ponerse a trabajar y tienes senadores ,12,0,0,0.0
2297,morena es tibia y si no hace nada si hay probabilidad que le pase a mexico como a petro en colombia ,11,0,0,0.0
2298,agredir busca el embajador de estados unidos coincido jesus con ud defendamos nuestra soberania tu s,16,0,0,0.0
2299,sus preguntas maliciosas que hace a los morenistas en sus mesas de dizque debate puro talk show salu,16,0,0,0.0
2300,esta serie retrata totalmente el corporativismo gringo y su decadente estilo de vida br br cada que ,16,0,1,-0.0625
2301,salen narcos en la serie y adivinen de que nacionalidad son mexicanos br br y ponen a los mexicanos ,13,0,1,-0.07692307692307693
2302,llega un gringo hijo del protagonista a quot salvar quot a la joven viuda y las otras viudas los gri,16,0,0,0.0
2303,veo la serie porque dan informacion de como manejan la industria petrolera en usa y dejando de lado ,10,0,0,0.0
2304,entretenimiento es usada para como dices colonizar a los espectadores pues l s espanoles rico no hue,15,0,0,0.0
2305,eso que tiene a luna en la carcel que vaya por calderon y aplaque a su amiga con derechos m campos l,12,0,0,0.0
2306,en contra de las politicas gringas y de la derecha mexicana que oprime viva la t y claudia sheinbaum,16,0,0,0.0
2307,cadenas y hasta la corrieron de televisa toing cuellatana si maru campos o salinas pliego son candid,16,0,0,0.0
2308,nacional en la expulsion del embajador de estados unidos de norteamerica ganaria millones de mexican,18,0,0,0.0
2309,vasalla del empeorador tio sam llego a mexico para dar quot catedra quot de las libertades gringas y,16,0,1,-0.0625
2310,son los casacas azules eso es lo que hizo fox y el pan cuando se lanzaron a venezuela segun iban a s,13,0,0,0.0
2311,siempre toda la razon sr escobar gracias por la informacion eeuu no quiere parar el trafico de droga,15,0,1,-0.06666666666666667
2312,muchos estamos trabajando en nuestras labores esperando tus comentarios y no tenemos mas tiempo que ,8,0,0,0.0
2313,desconocimiento cree ciegamente en rubio y musk con el mismo que tuvo pleito se insultaron y hasta l,12,0,0,0.0
2314,ing slim revento e insulto sin prueba alguna su berrinche ni al caso cuando la diplomacia deberia es,15,0,0,0.0
2315,de eeuu son un peligro de acuerdisimo con cada palabra dicha por usted sr escobar muchas gracias muc,16,0,2,-0.125
2316,desde michoacan gracias por dar una buena informacion br todos los traidores a la patria y que quier,12,0,0,0.0
2317,nadie salio beneficiado ni los mismos invasores mucho menos el pueblo mexicano y acuerdense que el u,11,0,0,0.0
2318,dos ultimas intervenciones de los estados unidos de norteamerica mexico no fue beneficiado en nada y,12,0,0,0.0
2319,victoriano huerta br no la intervencion extranjera politica o militar de estados unidos autodetermin,17,0,0,0.0
2320,que faltan si segun con un dron se ataca eu son drones vendidos por eu y falsa bandera que usa eu pa,16,1,0,0.0625
2321,te mando un fuerte abrazo desde texas usa de acuerdo si se debe de castigar ah esta borrachenta trai,14,0,0,0.0
2322,con el juicio politico a maru campos mi apoyo total cayetana es mas o menos la margarita zavala mexi,13,0,0,0.0
2323,clases y fueron marchas pacificas organizadas por los sindicatos que todavia tienen muchos mafiosose,14,1,1,0.0
2324,bien por favor esos son malandros disfrazado pues la verdad no se que tanto piden a ellos son a los ,7,0,0,0.0
2325,vacaciones son unos huevones y aparte tapandose la cara que clase de maestros son esos son una verge,16,3,3,0.0
2326,asi no es esto es dialogar no destruir delo de el futbol saldra enl dinero para el pais no manches s,13,0,0,0.0
2327,gente destructoras de la capital y estan destruyendo luego porque salen golpeados maestros flojos ex,18,2,2,0.0
2328,no son maestros donde esta la educacion fuera morena trump el mejor presisidente de el mundo todo aq,12,2,2,0.0
2329,aquel que se cubra el rostro se llevaranuna gran sorpresa delincuentes con ordenes de apreension mmm,12,0,1,-0.08333333333333333
2330,maestros ni maestros son les han dado chayote hahahaha puro delincuentes mira quien vaila son porros,13,2,3,-0.07692307692307693
2331,centros publicos y los han hecho peor q privados x todo cobran ademas cada fin de mes q caiga en vie,12,0,0,0.0
2332,semana todo un cachondeo coordinadora de los flojesores tienen razon los maestros en revelarse porqu,15,3,3,0.0
2333,los maestros siempre de revoltosos extranan las palizas de los gobiernos prianistas ya se les olvido,12,2,1,0.08333333333333333
2334,mejor escuchados que los gobiernos del prianato br no son maestros br son porros del prian no nos ha,14,1,2,-0.07142857142857142
2335,los ciudadanos no queremos esos oportunistas mercenarios dizque maestros ellos no son aptos para edu,13,2,1,0.07692307692307693
2336,estos son enemigos de mexico se venden a intereses que desean menoscabar a mexico ante el mundo vivi,12,0,0,0.0
2337,ultraderecha flojos que se vayan a trabajar se quejan de represion si ellos son los delincuentes y t,12,0,1,-0.08333333333333333
2338,es posible que hasta ahora hagan eso y no en su momento no se quien los anda moviendo como manada de,8,0,0,0.0
2339,maestros si faltan un solo dia y carcel por terrorismo a todos los dirigente y disque maestros que s,14,2,2,0.0
2340,maestros br son acarreos pagados y mandados br son albaniles trabajadores del campo gente de comunid,19,1,1,0.0
2341,irresponsables y con ideologia mas cercana a la derecha aunque su discurso es otro lo he vivido desd,9,1,0,0.1111111111111111
2342,orgulloso de ellos pero no creo que inventen el que la cnte les haga valer sus derechos laborales y ,11,0,1,-0.09090909090909091
2343,corrupcion y la impunidad solo haciendole el caldo gordo al prian y estados unidos es bueno ensenarl,15,1,4,-0.2
2344,estan ganando muy bien para que anden armando zafarranchos lo que pasa que les oagan para hacer ese ,9,0,0,0.0
2345,los maestros que educan a nuestros hijos que desgracia cnte siempre han sido muy rapaces y no tienen,12,1,1,0.0
2346,siempre ablando de soberania quieres ver a mexico mas undido con los morenarcos viva la t vi a nuest,12,0,0,0.0
2347,e hijos y por nuestros adultos mayores viva morena viva la presidenta de mexico claudia voto masivo ,19,0,0,0.0
2348,de mexico y de nuestras familias mexicanas e hijos y por nuestros adultos mayores pacto ciudadano lo,18,0,1,-0.05555555555555555
2349,voto pri pan son el cancer de mexico pri pan son vende patrias traidores asesinos canceres sanguijue,23,1,1,0.0
2350,un dia quot una casa dividida no prevalece quot pero hoy mas que nunca la nacion mexicana estamos un,14,0,0,0.0
2351,todo nuestro apoyo total a nuestra querida presidenta siempre viva mexico viva naucalpan viva nuestr,15,0,0,0.0
2352,filas y estar unidos en torno a nuestra presidenta siempre unidos eso es muchisimo pueblo bueno viva,15,0,0,0.0
2353,imaginemos que cada uno de esos votantes informe e invite a otra persona a votar por morena en las p,14,0,0,0.0
2354,nos necesita el pueblo debe estar a la altura de la presidenta claudia sheinbaum pardo mejor que pue,14,0,0,0.0
2355,por esta jija del narco viva mexico ya viva nuestra presidenta claudia que les queda decir a los nar,13,0,2,-0.15384615384615385
2356,ya era hora que los morenacos salieramos a todas las plazas y a todos los estados para defender a nu,8,0,0,0.0
2357,comentocratas que son unos vendepatrias y que bueno por ellos saben que el mundial es una bazofia hi,9,0,0,0.0
2358,sus hijos para que les ensenen en el gobierno mando desaparecer a estudiantes antes del mundial por ,13,1,0,0.07692307692307693
2359,ganados por los profesores y hoy se han tratado de ir recuperandolos poco a poco asi es lo malo es q,8,0,0,0.0
2360,de eso se valen los derechistas para golpear al gobierno hermoso por favor boicoteen los partidos al,16,0,0,0.0
2361,no le pusieron falso dios xd horribles esas estatuas algo bueno hicieron derribandolas eran de pesim,12,0,0,0.0
2362,colocar esa estatua con el culo al aire tenian que colocarle al menos un taparrabos los quot defenso,16,0,0,0.0
2363,mathilde amooo a malcriada no se quien es el narraemdor pero es extraordinario lo felicito yo vivi p,16,0,0,0.0
2364,todo tiene su lugar y su momento que delegacion es bellinghausen el restaurante abierto por el chef ,10,0,0,0.0
2365,la zona coreana no es hamburgo es liverpool y un tramo de la vuelta sobre florencia a partir de lope,15,0,0,0.0
2366,s br cada vez que boy ha mexico br me hospedo enel hotel plaza florencia p s br del al todas las cal,15,1,0,0.06666666666666667
2367,electrico lo pusieron suteraneo asi como lo hicieron en zacatecas y de igualmanera arreglaron el sis,13,0,0,0.0
2368,hasta los anos de echo vivi en la calle de lucerna hasta mayo de br cuando emigure ha new york city ,17,1,0,0.058823529411764705
2369,relaciobes culturales en amburgo por que se queja todavia ay restaurante buenos boutiques artista y ,15,0,0,0.0
2370,en la calle de sinaloa detras de las ciebeles la zona rosa todavia tenia un poco de glamour predomin,13,1,0,0.07692307692307693
2371,papa me llevo a comer una vez iba muchisimo al cine latino ahi compraba mi bono anual para la muestr,14,0,0,0.0
2372,habia un vips y una boutique con un homenaje a james dean recuerdo era un viernes santo los domingos,13,0,0,0.0
2373,de sony donde me compre mi primera videocasettera en el circulo del metro insurgentes habia restaura,10,0,0,0.0
2374,aqui ni de alla un tanto divertida con las ocurrencias de la protagonista me gustaban los chocolates,12,0,0,0.0
2375,el cafe siempre sonaba con hospedarme un dia en el hotel marco polo que estaba a la vuelta del cine ,12,0,0,0.0
2376,algunos anos piensas que habra progreso y desarrollo pero no ese lugar esta hecho como si fuera el h,9,1,0,0.1111111111111111
2377,que dibujaba unos monos muy feos dijo que la zona rosa se acorriento cuando abrieron la estacion del,13,0,0,0.0
2378,bares gays por que terminaste hablando con acento sudamericano a href habiendo fotos de jose luis cu,13,0,0,0.0
2379,tenia un conjunto y ally dejaban las ganancias en discos bares y restaurantes fue una gran vida me r,16,0,0,0.0
2380,la cafeteria auseba ahi llegaban personajes del medio artistico e intelectual que lindos tiempos que,14,0,0,0.0
2381,y mansiones estaban desde antes algo interesante me parecia pocos cocodrilos locos de matias goeritz,13,0,0,0.0
2382,la historia de mexico da nauseas y repulsa por culpa del clasico y eterno malinchismo del mexicano l,11,0,0,0.0
2383,lugar elegante super chic la zona rosa en donde me compre un vestido de autor por el que aun suspiro,14,0,0,0.0
2384,lastima que entre poblacion y gobierno nos hemos esforzado por acabar con lo bueno de nuestro pais l,12,0,0,0.0
2385,proteccion y vialidad la chota si yo lo vivi pero pero poniatowska es una plagiaria convicta la zona,14,1,0,0.07142857142857142
2386,lo que se robaban ahora ya no pueden hacerlo que sorpresa lastima de paginas habian mucha y esto es ,9,0,1,-0.1111111111111111
2387,deseo exito para los lectores que esten acostumbrados a este ambiente de lexico si quieren calidad d,13,2,0,0.15384615384615385
2388,seria lastima de paginas o sea programas en los s yo vivi mi juventud en la zona rosa todavia en el ,15,0,0,0.0
2389,elyse y muchas galerias de arte y cafes ahora es una porqueria drogas y prostitucion y antros de mal,15,1,0,0.06666666666666667
2390,lo hace chafa a href la zona rosa el barrio mas elegante de la ciudad de mexico que sucede hoy ahi p,13,0,0,0.0
2391,la ciudad de mexico vive actualmente un profundo proceso de renacimiento y transformacion urbana aun,13,2,0,0.15384615384615385
2392,elegante de la capital titulo que hoy ostentan barrios como polanco hoy en dia destaca como el coraz,13,0,0,0.0
2393,delegacion cuauhtemoc br br lo que sucede hoy en sus calles se agrupa en las siguientes realidades e,16,2,0,0.125
2394,mexico acaba de inaugurar una inversion de millones de pesos destinada a la rehabilitacion total de ,16,4,0,0.25
2395,del mundial nueva infraestructura se instalaron mas de luminarias de ultima tecnologia nuevos sanita,17,0,0,0.0
2396,esculturas de la colonia y se proyecta la proxima operacion de un tranvia turistico en la zona el ba,15,0,0,0.0
2397,el corazon de la cultura la libertad y el orgullo de la diversidad sexual en mexico sus calles princ,16,1,0,0.0625
2398,antros como kinky bar y centros culturales inclusivos que la convierten en una fiesta urbana permane,20,0,0,0.0
2399,quot barrio coreano paralelamente a su vida nocturna la zona rosa se ha convertido en el nucleo de l,15,0,0,0.0
2400,de dia encuentran una gran oferta de restaurantes de autentica barbacoa coreana k bbq cafeterias tem,19,0,0,0.0
2401,de asia oriental comercio tradicional y antigedades para los amantes del arte el barrio conserva esp,18,1,0,0.05555555555555555
2402,coleccionistas asi como galerias independientes que rinden honor al pasado artistico que impulsaron ,15,0,0,0.0
2403,analisis y descalificacion del video que esta en la parte superior y que deforma quot caminos de los,15,0,0,0.0
2404,video es totalmente cierto lo que se dice antes era una lugar realmente hermoso me toco conocer quiz,10,0,0,0.0
2405,auseba o el duce d este el konditori y la calle amberes llena de joyerias y particularmente recuerdo,13,1,0,0.07692307692307693
2406,indigentes oxxos tugurios de quinta y puro progre para rematar los coreanos por todas partes en fin ,12,0,0,0.0
2407,a hacer este video en ia pongan a alguien mas estetico exista el ballet teatro de espacio yo hiba en,12,1,0,0.08333333333333333
2408,ahi vi alien el octavo pasajero en una salita de arte que era del tamano de todas las de hoy en da a,11,1,0,0.09090909090909091
2409,leia su artculos vea yo tiendas de ropa regional mexicana muy bonita el bellinghausen el chalet suiz,17,0,0,0.0
2410,el metro de bronx con tanto indigente y el olor asqueroso lo que me gusta ahorita es ver las tiendas,12,0,3,-0.25
2411,cosa hace anos era zona de muchos teibol dance el foxys royal shadow sambuca golden etc etc hasta qu,15,0,0,0.0
2412,se convirtio en zona gay antros gays esos hermosos tiempos ya se terminaron hoy parece tianguis llen,19,0,0,0.0
2413,se baso en el quot astillero quot para hacer al conductor que habla como argentino br br el texto te,16,0,0,0.0
2414,pero muy interesante bueno si les sirve de consuelo actualmente la zona rosa es uno de los barrios g,12,0,0,0.0
2415,san francisco new york madrid londres y paris en los anos s comi en la trucha vagabunda en conditori,17,1,0,0.058823529411764705
2416,de noche el bar guau del perro andaluz el piano bar del chato parado el can can la mancha en el hore,15,0,1,-0.06666666666666667
2417,llamado elite en la calle de oslo donde leian el tarot y en la glorieta de insurgentes los tacos don,14,1,0,0.07142857142857142
2418,vi lo relacionado a drogas o no me toco verlas mi edad era entre los a anos a el paraiso de la derec,15,0,0,0.0
2419,moralina motu proprio todos lamebotas del prictador en turno pero como que bandas de n rcos marcelo ,16,0,0,0.0
2420,yo iba a pasear comer trabajar y divertirme en la zona rosa en los s la ultima vez que fui ahi en lo,8,0,0,0.0
2421,lleno de clubs para gays ya no me gusto para nada ahora me encontre este video que lastima era un lu,12,0,0,0.0
2422,remembranza el pasado mexicano como ha cambiado la historia yo conoci todas esas partes la zona rosa,12,0,0,0.0
2423,las racias los golpes de los policias it s asaltos por ellos mismos hacia nosotros tuve la fortuna d,8,0,1,-0.125
2424,primeros anos de los antes del sismo practicamente era el lugar donde podia viviirse de forma variad,13,0,0,0.0
2425,de antano como la cueva de amparo montes y que decir dek senorial entre otros muchos felicidades por,13,0,0,0.0
2426,remodelaron gran parte de la zona rosa que dolor que gucci ya no esta como es de primera necesidad a,10,0,0,0.0
2427,la zona rosa ahora es un corredor de puestos ambulantes habia unos salones de te que servian unos pa,14,0,0,0.0
2428,ha afeado totalmente lamentable vamos a ser otra venezuela y con el gobierno de ahora tienen la ciud,9,0,0,0.0
2429,zona rosa ahi justo donde empieza la zona en esa epoca de principios de los noventa ya no se disting,13,0,0,0.0
2430,era de las s mejores lugares para salir de antro el rock stock mekano y danceterias estaban ahi me t,13,0,0,0.0
2431,declive de la zona por el crimen muy buenos recuerdos de la zr clara brugada ojala rescates la zona ,15,0,1,-0.06666666666666667
2432,florencia alli conoci al subcomandante marcos la zona roja actualmente en el inicio de los aun conse,14,0,0,0.0
2433,mas transparente que es una maravilla para entender la ciudad y en este punto de encuentro intelectu,14,0,0,0.0
2434,se retrata el estilo intelectualby sitios iconicos de la zona rosa quien aun busca algo cercano a el,14,1,0,0.07142857142857142
2435,boheme el nuevo la madioala muy reciente pero agradable clima bohemio que pena para mi todo sucedia ,12,0,0,0.0
2436,los con todo y mi mama mi pretendiente gringo hijo de un consul celebro mi cumplenos en los violines,12,0,0,0.0
2437,cortes con mi madre un dia nos presento a uno de sus cocineros un joven frances y nos invito sin exi,11,1,0,0.09090909090909091
2438,el perro andaluz acompanaron a mi futuro marido y a mi ya no me importa tanta elegancia sino por que,15,0,0,0.0
2439,salida del metro no se salva mi barrio clase media que no tenia esta invasion de vendeores a los que,13,0,0,0.0
2440,que lo tienen y con eso ha llenado de la misma mercancia cuadras enteras miguel angel mencera proteg,12,0,1,-0.08333333333333333
2441,lo suyo y que el tiempo hace lo suyo pero tambien nuestros antiguos gobernantes no hicieron nada por,6,0,0,0.0
2442,eran increibles ahora esta todo grafitera do es una porqueria no solo la zona desaparecio sobre insu,12,0,0,0.0
2443,los temblores la pandemia y lo que yo conoci en mis anos de juventud ya no existen gracias por esos ,10,0,0,0.0
2444,amp chiles br seguido con mi novia cenabamos spaghetti a la bolognesa aaaah los s la primera devalua,11,0,0,0.0
2445,alta que se agregaron tres ceros a la moneda pesos se hicieron y comprabas menos con eso hiy la zona,12,0,0,0.0
2446,a la zona rosa pero ni modo hay que ceder el espacio al quot pueblo quot mantenerlo limpio le corres,13,1,0,0.07692307692307693
2447,mis abuelitos es el reflejo perfecto de la decadencia de todo el pais por que moriste porfirio diaz ,13,0,0,0.0
2448,un hotel que definiria la zona ahi sigue con su restaurante es toda la cuadra por dentro entre londr,12,0,0,0.0
2449,privadas las tiran y queda terreno mucho tiempo br detras de este hotel estaba la tienda salinas y r,14,1,0,0.07142857142857142
2450,tranvias de av chapultepec insurgentes genova jalapa y oaxaca y en una de esas cuadras que acababan ,13,0,0,0.0
2451,salio un auto para llevarse secuestrados a madero y pinosuarez en esa guerra de intervencion gringa ,16,0,0,0.0
2452,y queda un terrenote y hasta con tierra br hacen la glorieta por el metro insurgentes muy grande y c,13,0,0,0.0
2453,todavia es visible hacen niza ancha y te atropellan sus autos de carreras para desembocar en un chur,14,1,0,0.07142857142857142
2454,queda con pasos a desnivel que cerraron paso a calles como havre que conecta con cordoba y amberes q,14,1,1,0.0
2455,bello hotel levantan una plaza con cines que no encaja y los de salinas y rocha el de la policia y e,13,0,0,0.0
2456,edifico abandonado por decadas y que tiran para levantar la fiscalia br hacen eje vial monterrey y l,15,0,1,-0.06666666666666667
2457,las callecitas que conectaban las calles de genova o de hamburgo con otras se van los bancos mexican,13,1,0,0.07692307692307693
2458,galerias tambien el vips se quita y se levanta una torre en donde mataron en lancaster se va el sher,11,0,0,0.0
2459,se fue la embajada de eu que estaba alado la embaja de francia en havre se va enfrente del auditorio,12,0,0,0.0
2460,casas y edificios buenos y estaba llena de narcos br es ese desplazamiento que hacen los duenos de p,12,0,1,-0.08333333333333333
2461,el restaurante chino de la zona rosa es el luau muy interesante video me trae muchos recuerdos mis p,15,0,0,0.0
2462,por los recuerdos el declive se inicio cuando la direccion de policia se instalo ahi interesante vid,14,0,0,0.0
2463,un tiempo en el hotel golden suites en la calle hamburgo durante los sesentas y como maestro de ingl,14,3,0,0.21428571428571427
2464,londres en los setentas es triste pero es la verdad la zona rosa es un lugar centrico que ha ido per,13,0,0,0.0
2465,es la calle de amberes totalmente degradada se fueron las boutiques y llegaron antros de mala muerte,18,1,0,0.05555555555555555
2466,ahora es zona roja decadencia total llegaron los pobres y destuyeron todo estaba pasando lo mismo el,13,0,0,0.0
2467,calonias que increible relato como extrano esa epoca yo naci en vivia en la av amsterdam en la col c,18,0,0,0.0
2468,feliz de mi vida br gracias i a que aburrido yo les comento que jodio a la zona rosa fue cuando pusi,12,0,0,0.0
2469,denigrarse en mi adolescencia y juventud lo que primero me llevo a conocer la zona rosa en la decada,11,1,0,0.09090909090909091
2470,como el cine insurgentes y principalmente el cine latino asi como salas mas pequenas e intimas como ,13,1,0,0.07692307692307693
2471,muy distintos a los grandes cines de reforma mas reducidos mas cercanos con una atmosfera casi de ci,13,1,0,0.07692307692307693
2472,culto suspenso psicologico cine clasico y producciones de autor que dificilmente encontraban cabida ,17,0,0,0.0
2473,obligada mas por gusto que por necesidad viniendo desde el metro insurgentes incluso cuando el desti,12,0,0,0.0
2474,maria isabel sheraton o el elektra br br el segundo motivo que me acerco a esta zona fueron sus tien,15,0,0,0.0
2475,aquellos anos yo era apenas estudiante de secundaria y preparatoria asi que me limitaba a mirar como,11,1,0,0.09090909090909091
2476,que tanto me atraia br br el tercer gran motivo fueron las llamadas chispas maquinas recreativas con,18,0,0,0.0
2477,entre otros eran ruidosas llenas de luces y movimiento y tenian un atractivo casi hipnotico br br co,14,0,0,0.0
2478,ya no conservo con claridad pero de las que guardo imagenes difusas de sus entradas iluminadas llena,13,1,1,0.0
2479,tanto por la edad como por la falta de recursos br br la zona rosa tambien me atraia por otras expre,14,0,4,-0.2857142857142857
2480,de arte que solia ver unicamente desde afuera asi como las tiendas de ropa cafes y restaurantes que ,14,1,0,0.07142857142857142
2481,br br aun asi dentro de mis posibilidades habia algunos lugares a los que si podia entrar el sanborn,12,0,0,0.0
2482,beber y los deliciosos tacos de guisado en cazuela de tacos beatriz en la calle de londres br br yo ,15,1,0,0.06666666666666667
2483,hacia que el traslado fuera relativamente economico y accesible con el tiempo estos recorridos se co,12,0,0,0.0
2484,poco a poco esas salidas se fueron haciendo mas y mas esporadicas con el ingreso a la universidad y ,7,0,1,-0.14285714285714285
2485,haber disfrutado a placer la zona rosa ya no tenia tiempo ironias de la vida cuando regrese muchos a,9,0,0,0.0
2486,conocido a veces me pregunto sino estara pasando lo mismo en zonas como la del centro de coyoacan br,14,0,0,0.0
2487,una de las etapas mas significativas y felices de mi vida muy buen video recuerdo de nino en los s i,10,0,0,0.0
2488,bonita y elegante otro nivel con restaurantes y cafes muy exclusivos recuerdo mucho las galerias de ,15,1,0,0.06666666666666667
2489,como el quetzal la ultima vez que fui fue la decepcion total un completo basural lleno de vendedores,12,0,0,0.0
2490,iba a kineret por mi br pretendiente suizo br y luego ibamos a ver nar cafe y pastel al dukades yo t,16,0,0,0.0
2491,al angel que tiempos aquellos fui muy afortunada gracias dios santisimo me dio gueva el fulano en ai,12,0,0,0.0
2492,con un iphone por cierto el belighusen ya cerro este ano y otra cosa se la pasaron contando puros ch,13,0,0,0.0
2493,ahora lo comprendo naci en los s mi padre trabajo en el hotel el presidente en la calle de hamburgo ,11,1,0,0.09090909090909091
2494,olor de su tabaqueria que ademas vendia dulces llenaba parte de la calle br es una lastima que la in,14,1,2,-0.07142857142857142
2495,entorno que estresante la ia mejor solo narran el video ahi pase muchas vivencias importantes de mi ,13,0,0,0.0
2496,del todos los ambitos fueron dias maravillosos que nunca volveran que lastima hayan dejado caer en l,13,0,0,0.0
2497,cdmx habia cultura arte performances hoy solo huele a taquerias y cervecerias un asco antes era un l,14,1,0,0.07142857142857142
2498,quot baratijas quot ya parece tepito que horror puro acarreado jajaja cuantos en las calles jijijiji,15,1,0,0.06666666666666667
2499,disfruten de lo votado pincje vieja ridicula ya no encuentra que hacer para proteger a sus narcos sa,10,0,2,-0.2
2500,a preferir hundir a mexico antes que entregar a sus narcos miles mil personas aunque les arda y les ,12,0,1,-0.08333333333333333
2501,acarreo y a costa de amenazas y dadivas la gente tiene demasiada necesidad el evento de claudia shei,14,1,1,0.0
2502,centralismo politico disfrazado de rendicion de cuentas disenado estrategicamente para desviar la at,18,3,2,0.05555555555555555
2503,y un monologo en plazas publicas la administracion evita el verdadero debate tecnico la autocritica ,16,0,0,0.0
2504,por encima de soluciones reales a los danos institucionales del pais fuera morena como tres mil mexi,13,0,0,0.0
2505,por rocha circo maroma y teatro para el pueblo mexicano pobre gente forzada a asistir a las tonteras,16,1,1,0.0
2506,politicos de morena estos van arriesgar la vuelta vida fuera morena prolongar suburbano br perforand,18,0,0,0.0
2507,servicio para llegar al aeropuerto jajaja saben porque no lo hicieron en el zocalo br porque obviame,14,1,0,0.07142857142857142
2508,lame botas br puro acarreado br puro muerto de hambre el tipico bano de pueblo ese es el pueblo sabi,20,0,1,-0.05
2509,y patio trasero de usa vaya que estan ardidos derechangos ayer la goberladrona no movio ni con sus m,13,0,0,0.0
2510,tristerealidad y mentiras prianistas para que vean mexico esta de fiestaaa acarreado y empleados de ,15,0,0,0.0
2511,felicidades ya no hay narcogobierno y somos muy felices comemos carne pollo con jitomate gracias el ,16,0,0,0.0
2512,eeuu digo es algo que se me ocurrio crees que estaran contentos y sin hacer nada cuando invadas mexi,10,0,0,0.0
2513,ustedes pertenecen a una cadena gringa bueno bueno bueno bueno a ver que pasa obligados mediante qui,12,0,0,0.0
2514,acarreados viva mexico no informo que sus narcopoliticos tienen acusaciones en eu por los chapitos y,13,0,0,0.0
2515,se le olvido narcofest es una pesima presidente de la republica pobre gente con este sol intenso en ,14,0,0,0.0
2516,inmenso amor al pueblo mexicano lo guia con sabiduria valentia templanza lealtad honestidad br y tra,22,1,1,0.0
2517,y es verdad nada es mentira pagan ha ala gente todos acarreados por buces de todos lados y si no ban,12,0,0,0.0
2518,ni mas ni mas esa es la realidad de lideres de comerciantes campo y pueblos todos pagados con sus pe,11,1,1,0.0
2519,lo menos para un kilo de frijol uno de huevo tortiyas y un refresco de litros y tomate y chiles y si,11,0,0,0.0
2520,y vinieron ha pasear y su bandera tenemos mucha presidenta viva la t algo nunca visto proeza para ad,17,0,0,0.0
2521,viejilla guacamaya a su patron llevenle vitacilina con cascara de tunas para que ni se haga ilucione,14,0,1,-0.07142857142857142
2522,hambre lambiscon apoyo total a la t lo bueno que no son violentos que agarren a los cabecillas aqui ,9,0,1,-0.1111111111111111
2523,paso de la raya ya no es protesta es guerra contra el gobierno y los buenos ciudadanos que queremos ,9,0,0,0.0
2524,les vieron la jeta con promesas falsas a morena le salio el chirrion por el palito como ciudadano ex,14,0,1,-0.07142857142857142
2525,maestros o son los tipicos infiltrados porque para que se tapan la cara si se supone que estan lucha,10,1,1,0.0
2526,descubierto orgullosos de ser maestros y manifestarse de forma pacifica y sin cometer delitos maestr,14,2,3,-0.07142857142857142
2527,faltar a sus labores sus peticiones son incoherentes aumento de por ciento no ser evaluados y pensio,13,1,0,0.07692307692307693
2528,apestos disfrazados de paleros de morena ven para que hacen mitote con el evasor salinas pliego idio,18,0,0,0.0
2529,maestros y pongan militares en las escuelas el militar esta capacitado para dar clases y que aga una,14,2,1,0.07142857142857142
2530,los prianistas gerra quieren gerra tendran abrazos a los delincuentes armas no le letales contra los,13,1,1,0.0
2531,de los medios y el reforma para sacar la nota quieren mostrar al mundo el quot caos quot que hay en ,15,0,1,-0.06666666666666667
2532,que maestro ni que maestros gracias meme micha por la nada parcial informacion br como da vueltas el,14,2,1,0.07142857142857142
2533,hacian con los suyos es lamentable que muchos de los que se dicen quot maestros quot ya sea porque c,10,2,1,0.1
2534,tambien aquellos que solo compraron sus titulos de licenciaturas maestrias y doctorados en instituto,16,0,0,0.0
2535,ni asistir a clases finalmente no les gusta ni el trabajo con ninos ni el salario que les paga la se,13,2,0,0.15384615384615385
2536,menos estresantes mejor pagados con menos beneficios y con menos vacaciones es tiempo de volar alto ,14,1,0,0.07142857142857142
2537,y mossad es tiempo de que nuestra presidenta csp ordene alas fuerzas especiales que arresten a cualq,14,0,0,0.0
2538,derecho de poner orden los burros no les gusta ser evaluados porque no les gusta estudiar se lo mere,11,1,0,0.09090909090909091
2539,violentos y son los que hacen los destrozos son pagados por el prian estos lideres se venden al mejo,10,0,0,0.0
2540,ciudadanos vayamos hacerle frente y dejarles en claro que son nuestros impuestos necesitamos mas con,16,0,0,0.0
2541,esto es obra de la cia y mcprian ya la gente esta harta que les nongan limites los que andan en esta,12,0,0,0.0
2542,a esos que les exploto el petardo ni modo pero esperen dejen que se vengan las vacaciones y ahi si l,11,0,1,-0.09090909090909091
2543,que se cubren el rostro alguien sabe que tanto piden los hambreados estos que chingaos quieren si ya,10,0,0,0.0
2544,cumplan sus caprichos a estos oportunistas estos pinches encapuchados no son maestros son golpeadore,16,1,1,0.0
2545,encarcelarlos y que no salgan hasta que paguen los danos que causaron ecapuchados son malandros o ma,11,1,1,0.0
2546,que el pais quede mal ante el mundo ya basta en este sexenio si nos han mejorado salarios a los maes,13,1,2,-0.07692307692307693
2547,el dinero esra en las afores que no son del gobierno parecen delincuentes por mi que no ruede el mun,11,0,1,-0.09090909090909091
2548,mediatico para traer enfermedad y gente extranjera de lo peor los opositores siempre llevando a sus ,15,0,0,0.0
2549,autoridad son terroristas no son maestros ches miserables el gobierno de morena son una basura porq ,13,1,4,-0.23076923076923078
2550,solo les pide q regrese lo q se roban es una basura morena pero se daran cuenta en las urnas muy pro,11,0,1,-0.09090909090909091
2551,con encapuchados que detengan y le saquen quienes los mandaron y asi vayan deteniendo a todos estos ,12,1,2,-0.08333333333333333
2552,los comentaristas que estan en contra de los maestros tienen su vejez asegurada saludos chica oye me,13,1,1,0.0
2553,campus los estas legitimando ya que los encarcelen maestros mas bien parecen una pandilla de delincu,13,1,4,-0.23076923076923078
2554,de la snte br ya basta no soportamos a esa mafia br son una bola de huevones que de maestro no tiene,12,1,1,0.0
2555,metidos entre los maestros eso siempre hacen para querer hacer ver mal al gobierno de la t cual es s,10,2,3,-0.1
2556,por ya sabemos quien para hacwr desmadres y mas ahora que empieza el mundial de verdad les pagaran m,10,0,0,0.0
2557,quieren jubilarse a pronta edad para seguir de vandalos pobre de sus alumnos si nos les conviene sus,14,0,0,0.0
2558,no son maestros son delincuentes quien esta detras de ellos quien los financia la secretaria del bie,10,1,2,-0.1
2559,esos no son profesores son iguales que los prian exigen respeto y ellos muestran todo lo contrario y,11,0,1,-0.09090909090909091
2560,dices ser maestros que vergenza no lo parecen son vandalos porros por esi salen con la cara cubierta,13,1,1,0.0
2561,y el prian esos son delincuentes gente pen d ja con el prian estaban peor el pueblo va a pollar que ,14,0,1,-0.07142857142857142
2562,estos porros pagados delincuentes agrecivos el pueblo exige que loz metan al bote les pagan diarios ,22,0,1,-0.045454545454545456
2563,x agredir al trabajador de limpieza ya basta estos ya nos tienen hasta la m el pueblo ya nos llenaro,13,1,0,0.07692307692307693
2564,estos portos agrecibos nos afectan para ir al trabajo a la escuela son basura que manda el eu salina,17,1,1,0.0
2565,aser este desmzdrf wue esoeranos ciudadsnod ys basta hasi quieren atacar a la precidfnta que caduali,18,0,0,0.0
2566,comtrolar ya basta son criminales ssi se hubieran puesto con los ditadores esos son a los que les ha,11,0,4,-0.36363636363636365
2567,erario que maestros van a ser esos docentes merecen carcel que chngados quieren estos parasitos que ,16,2,1,0.0625
2568,con agua y los manden a chaspm bola de ojetes chantajistas y los ninos sin clase que poca que les de,13,1,1,0.0
2569,son armas y peligrosas esos quot maestros quot si necesitan mejor educacion su propia vestimenta los,14,3,2,0.07142857142857142
2570,como estos delincuentes que vergenza para el estado de oaxaca esos tipejos no son profesores son gol,13,0,2,-0.15384615384615385
2571,que son delincuentes quien quiere a estos disque maestros donde esta la ley apliquenles la justicia ,10,3,5,-0.2
2572,dan chayote pero si mienten no conocen para nada lo que pasa en el magisterio no mientan decia lopez,11,0,0,0.0
2573,primero antes de hablar esos son unos desagradecidos son opositores a la t como decia amlo son de la,11,0,0,0.0
2574,delincuentes prianistas manden al ejercito estan cometiendo delitos federales enviarlos a la carcel ,18,1,1,0.0
2575,de clara brugada los maestros piden la abrogacion de la ley del isste misma que fue promesa de campa,14,1,1,0.0
2576,aumentos no son la sueldo base del docente sino esta repartido en prestaciones que no impactan para ,12,2,1,0.08333333333333333
2577,apoyo a quienes estan alzando la voz no hay voluntad politica del gobierno para dignificar el sueldo,14,1,0,0.07142857142857142
2578,una segunda plaza u otro empleo porque no hay salario digno los maestros merecen ser escuchados y di,10,1,1,0.0
2579,oportunidad de aumentos desafortunadamente el presupuesto asignado para tales promociones es insufic,14,0,1,-0.07142857142857142
2580,unos cuantos menos del de los aspirante lo que ano con ano viene siendo una burla soy docente con an,10,2,0,0.2
2581,no apuesta por la educacion y aunque va a sonar dura mi critica apuesta por becas sin seguimiento po,13,2,0,0.15384615384615385
2582,familia para enviar a su hijo a la escuela no le exige ni le pide nada puedo no asistir no cumplir p,10,2,0,0.2
2583,todo lo referente a alimentacion saludable desarrollo socioemocional sana convivencia aunque desde l,12,1,0,0.08333333333333333
2584,alimentacion con actitudes violentas creo que hay serios problemas que deben tratarse dialogarse y s,14,1,0,0.07142857142857142
2585,hoy no es solo por el gremio sino por todas las generaciones que no tienen un sueldo digno los derec,8,0,0,0.0
2586,hoy abanderan los docentes que quiere la cente q tanto protestan si ahora estan mejor br br los porr,13,1,0,0.07692307692307693
2587,embajador usa ya q se lleven a los encapuchados por vandlizar otra vez esto es cada ano ya se debe d,8,0,0,0.0
2588,desmanes y una cosa me parece curiosa guadalajara y monterrey tambien son sedes mundialistas pero po,10,1,1,0.0
2589,boicotear quot el mundial sera por que no es un gobierno de morena o por que saben que ahi si les ap,10,0,0,0.0
2590,pareciera que la desestabilizacion esta encaminada a un solo partido en el gobierno gente mexicana y,12,0,0,0.0
2591,marchas no de paz si no de destruccion osea no se dan cuenta que si seguimos actuando con la bola de,10,0,0,0.0
2592,protesta eso es tirania y debe ser condenado tambien yo mejor les reconsidero que se pongan a estudi,11,0,0,0.0
2593,cederte como un cobarde por unos cuantos pesos mejor chingandole pero honradamente ya dejense de pen,13,0,0,0.0
2594,la presidenta y jefa de gobierno los trabajadores y ciudadanos arriesgan sus vidas mientras ellas es,12,0,0,0.0
2595,radical que utilice la violencia y si son infiltrados deberian ser ellos los primeros en agarrarlos ,8,0,1,-0.125
2596,su movimiento aguas presidenta por que esas omisiones alimentan a las derechas del mundo y las hacen,12,1,2,-0.08333333333333333
2597,revoltosos y pagados los tienen que mandar a la carcel ya no les tengan consideraciones no las merec,12,0,1,-0.08333333333333333
2598,claudia nuestro presidente no aplica la ley no hay justicia porque no les para un alto a este grupo ,10,0,0,0.0
2599,el gobierno a que le tiene miedo porque no aplica las leyes que esta esperando hasta cuando ya basta,11,0,1,-0.09090909090909091
2600,y se los arremangue a toda la bola de weyes como extrano a la antigua cnte en los tiempos del neolib,12,0,0,0.0
2601,encapuchados no realizaban actos vandalicos aunque ni los pelaban en gobernacion no usaban la violen,15,1,1,0.0
2602,de valentia y con esas amenazas chafas quieren que se les atienda como si fueran la reina del mundo ,11,0,1,-0.09090909090909091
2603,nada que negociar que se vayan a las escuelas donde debe estar un maestro estan lastimando alos poli,13,2,0,0.15384615384615385
2604,de dialogos no mas atole con el dedo morena de izquierda mi abuelita en bicicleta esas son pandillas,13,1,3,-0.15384615384615385
2605,no los dejen entren a cagar no les den agua no dejen se acerquen para destruccion de comercios unido,18,1,1,0.0
2606,la cnte son unicamente malandros el gobierno ya deberia meterlos en cintura ya se pasaron de tueste ,14,0,0,0.0
2607,n maestros que educan a mis hijos buenas noches meme yamel saludos desde la ciudad de mexico alcaldi,17,1,1,0.0
2608,ti y tu equipo de trabajo no dudaria que el gobierno se trajo a integrantes de los ardillos piensa m,13,0,2,-0.15384615384615385
2609,gobierno o no mario o no claudia lo sabes muy bien porque fuiste dirigente en la unam estos son maes,9,1,2,-0.1111111111111111
2610,para estabilizar a nuestro pais ya estos maestros son unos mercenarios solo busca presionar para sac,13,2,2,0.0
2611,presidencias municipales y sacar beneficios monetarios o trabaja la para cia esos enmascarados no so,13,0,1,-0.07692307692307693
2612,malandrines violentos esos maestros mejor llamen a trump pa que los fulmine es lamentable que la con,16,1,1,0.0
2613,la creencia de que todo se debe arreglar de manera cavernicola muchas mujeres estan tan acostumbrada,10,0,0,0.0
2614,atreven cuando se ven solos la cobardia los inmoviliza donde estan los hombres los responsables los ,12,0,0,0.0
2615,trabajador los policias deben de hacer acto de presencia ante estos delincuentes y esas personas edu,16,0,1,-0.0625
2616,la tibieza no cabe con violentadores pagados por pri pan mc no mas abrazos con la basura los dialogo,16,0,1,-0.0625
2617,favor detenganlos y metanlos a la carcel a estos malnacidos que de maestros no tienen nada al contra,13,1,1,0.0
2618,vandalismo tus derechos terminan cuando afectas los derechos la economia la seguridad y la tranquili,14,2,2,0.0
2619,el pueblo lo exige meme esos que se dicen maestros son solo porros prianistas deben ser sercados cer,11,2,1,0.09090909090909091
2620,tengas sus identificacion de cada uno se les debe retirar la cedula profesional y que ya no ejerzan ,9,1,1,0.0
2621,nuestros hijos deben llevarlos a rendir cuentas ante las autoridades y que paguen los danos hechos e,12,1,0,0.08333333333333333
2622,les iria muy mal en sus resultados eso que hacen no es libre manifestacion es vandalismo y deben pag,11,0,2,-0.18181818181818182
2623,la cnte justo es lo que se pide pero mesa con la presidenta porque los secretarios de la sep y gober,12,0,0,0.0
2624,por eso se pide mesa con la presidenta pero ella no ha recibido a la comision nacional unica de nego,10,0,0,0.0
2625,se han atendido demandas estatales no las nacionales asi que cada vez que la presidenta dice que hay,10,0,0,0.0
2626,a abrogar la reforma de la ley del issste acerquese al planton para platicar con ellas y ellos que l,11,1,0,0.09090909090909091
2627,las autoridades tan blandengues ijole tripona no te da vergenza defender a los granaderos que no son,12,0,0,0.0
2628,de una semana defendias la pintura morada hoy lo vuelven a pintar de amarillo es el supuesto de que ,13,3,1,0.15384615384615385
2629,esa manera deberian detenerlos ese trabajador que culpa tiene cobardes por que se cubren la cara cal,15,0,0,0.0
2630,todo a reventar el futbol y quitar a la presidenta narc cos de calderon like me gusta los derechos s,14,1,1,0.0
2631,el pueblo de mexico muy buenas tardes meme un saludo desde chihuahua el reportero de investigacion s,15,0,0,0.0
2632,bien se ve como un golpe politico estoy de acuerdo la cnte esta solo provocando y aprovechandose de ,10,0,0,0.0
2633,personas que no son maestros puro vandalismo que horror esos son los que educan a nuestros hijos no ,13,1,2,-0.07692307692307693
2634,calderon en son unos criminales br deben ser procesados por intento de secuestro amenazas e intimida,12,0,4,-0.3333333333333333
2635,a cualquier obra o evento quieren sacar raja politica pero de clases y educacion nadota eres un bomb,16,2,0,0.125
2636,de choque que paga el gobierno para que vean mal como estan haciendo losaestros y digan hay pobre d ,12,0,2,-0.16666666666666666
2637,casi seguro se termina el mundial y se termina la protesta corran a todos esos delincuentes contrate,12,0,1,-0.08333333333333333
2638,parasitos se les debe de reprender se pasan de agresivos dudo mucho que sean maestros luego luego se,11,1,1,0.0
2639,el ejercito y la guardia nacional estos no son maestros son vil delincuentes ya basta que no les pag,10,1,2,-0.1
2640,cada marcha hay provocadores destrozos hacen caotica la cdmx esas autoridades q no hacen su trabajo ,11,0,0,0.0
2641,reacciona en beneficio del pueblo esos de morena estan peor q el prian paz armonia mexico de verdad ,13,2,2,0.0
2642,es la forma en todo caso si efectivamente no son maestros el magisterio deberia aclararlo los verdad,15,2,3,-0.06666666666666667
2643,cien por ciento asi deberian ensenar al cien porque la educacion esta por los suelos lo mas probable,12,1,0,0.08333333333333333
2644,para buscar represion y culpar al gobierno de autoritario el gobierno debe tener mano dura con la cn,15,0,0,0.0
2645,camion de la basura quot eres un obrero quot y a mucha honra esta trabajando sin perjudicar a nadie ,12,1,1,0.0
2646,actuan como delincuentes que la uif investigue quien esta financiandolos el dinero del prian y algun,13,0,1,-0.07692307692307693
2647,esos prianistas quieren violencia y sangre si se puede lo del camion es secuestro el video es eviden,12,1,3,-0.16666666666666666
2648,dan vergenza a la ciudadania que es lo que van a ensenar a los alumnos a ser porros son delincuentes,10,0,1,-0.1
2649,en aulas su trabajo es marchas bloqueos y destrozos siempre exigiendo privilegios y el gobierno se l,14,0,0,0.0
2650,de goma el conductor de la basura es un valiente mis respetos si son provocadores pues estan haciend,9,1,2,-0.1111111111111111
2651,deslinda la cnte esta cabron el nivel de descomposicion de este si esta herido se lo merecen por pan,14,0,2,-0.14285714285714285
2652,y violentas b no van a negociar van a imponer sus ridiculas quot peticiones quot no tienen vocacion ,12,0,0,0.0
2653,seudomaestros no les conviene el salario y las prestaciones que renuncien hay docentes con maestria ,15,1,2,-0.06666666666666667
2654,no respetan ya no deben permitir que hagan lo que quieran carcel para ellos estos no son maestros es,10,1,2,-0.1
2655,mi bella ciudad esos entes de la cnte son unos delincuentes chantajistas manipuladores codiciosos y ,14,1,1,0.0
2656,lo que es del pueblo no son pacificos que los lideres de la cente se hagan responsables de los desma,11,0,0,0.0
2657,analiza reflexiona cuestiona eso es delincuencia organizada ya que actuen en contra y los metan al t,14,0,1,-0.07142857142857142
2658,provocan los senadores y diputados del mcprian ya no pueden impartir clases es como si ahora los del,12,0,1,-0.08333333333333333
2659,pobladores no los dejen entrar a las escuelas ahi ssi van a llorar esos no son maestros son porros p,12,2,1,0.08333333333333333
2660,desmarcarse de estos lamentables hechos porque los que dimos origen a esta organizacion nunca nos vi,14,1,1,0.0
2661,un movimiento como este que ha costado vidas de trabajadores de la educacion gracias por la informac,13,1,0,0.07692307692307693
2662,uno y se lo llevaran detenido empezaria a llorar y llamar a su mama a esta gente ya no se le debe pe,9,1,1,0.0
2663,encapuchadosy segunda porque desde el triunfo de lopez obrador es cuando mas se les a apoyado y no e,9,0,1,-0.1111111111111111
2664,maestros con su lenguaje y actuar son porros del prian la indecnte es sinonimo de br delincuencia br,20,1,4,-0.15
2665,pero nada relacionado con la educacion br en el recurrdo que protestaron pero me imagino que les lle,9,1,0,0.1111111111111111
2666,protestar br quien los finances br quienes son los lideres de estos delincuentes a mi como madre de ,12,0,1,-0.08333333333333333
2667,profesores como siempre la oposicion sin proyecto pagando a porros violentos para hacer el trabajo s,14,0,1,-0.07142857142857142
2668,todo meme la autoridad debe actuar encontra de los manifestantes que provocan destrozos y enjuiciarl,13,2,2,0.0
2669,se dejen mangonear por unos que quieren solo sus privilegios y recibir dinero de quien sabe quien pa,9,0,0,0.0
2670,cludio x estos ya no son dela cnte son porros de lord botox a moreno puro delincuente fuera porros p,14,0,1,-0.07142857142857142
2671,delincuentes no son maestros que poca educacion esos porros de la cnte son muy valientes con la t as,11,3,3,0.0
2672,de la coordinadora pero encabezados por encapuchados con palos y que agreden a la gente en la calle ,10,1,0,0.1
2673,si esos son los que dan las clases por eso estamos como estamos que clases de maestros si son revent,7,1,1,0.0
2674,creer que van ahi solo pq son quot buena gente quot y van a apoyar a los maestros meme me puedes ori,16,1,1,0.0
2675,priego para una breve asesoria a un asunto legal personal tengo anos y en verdad necesito que me ori,13,0,0,0.0
2676,del servicio de limpia es boicot hecho por los canallines y bandalito mandados por trompas esos prof,13,2,0,0.15384615384615385
2677,son unos chantajistas a la carcel todossss atras de estos infelices parasitos de disque maestros est,14,1,1,0.0
2678,maestros estos son unos infelices delincuentes que estan vendidos a la derecha no se cuando pensara ,13,2,3,-0.07692307692307693
2679,para mi son unos provocadores no esta bien que hagan destrozos vandalismo con tanta violencia cuanto,10,0,2,-0.2
2680,estan ocasionando que quieren esclavitud de un gobierno extranjero que no le importa la gente sino s,13,0,0,0.0
2681,ayer fuimos por la lucha del pais y br y el festejo de anos de la dra claudia ahora en el zocalo es ,11,0,1,-0.09090909090909091
2682,me pregunto si estos manifestantes son los que educan a la presente infancia a donde vamos a llegar ,10,1,0,0.1
2683,encapuchados y los investiguen y a los maestros tambien y los que hagan destrozos que sean encarcela,12,2,2,0.0
2684,el prian para provocar violencia el punto es que los que traen cuetones o cualquier artefacto explos,13,0,1,-0.07692307692307693
2685,detenidos para wue no danen a nadie estos no son maestros son porros merecen una buena represion por,14,2,2,0.0
2686,no se puede permitir eso no quieren ser evaluados pero algunos maestros llaman cono al cilindro de c,14,2,1,0.07142857142857142
2687,san nicolas las flechas de circulacion estan invertidas y les ensenan a circular de forma equivocada,15,1,0,0.06666666666666667
2688,mandan a uno a volar al maestro de sexto de mi hija en su momento le tuve que ensenar como se hacian,10,1,0,0.1
2689,ensenando mal esos son los maestros de la cente sabes porque hacen su desmadre los maestros cada que,11,2,3,-0.09090909090909091
2690,les hacen nada br asi de sencillo ya basta no crees br deben hacer detenciones ya que espera la secr,13,3,0,0.23076923076923078
2691,estas personas yo pienso que son pagadas por felipe calderon por el pri por el pan pero como el gobi,11,0,0,0.0
2692,hacer todo lo que quieran hacer cnte delincuente atento llamado al gobierno no tengan miedo de que o,13,0,1,-0.07692307692307693
2693,merece ser bien tratada asi asi como de ellos en capucha para hacer destrozos entonces castigan los ,9,1,1,0.0
2694,dijo alguna vez claudia x gonzalez son unos del ncuentes y en sus manos estan nuestros hijos piden m,10,0,0,0.0
2695,los que si hacen su trabajo lo que no me explico yo por que dejan que hagan ese tipo de marchas si s,8,1,1,0.0
2696,de maestros no lo merecen ellos no lo merecen con ese comportamiento por favor haga el gobierno algo,13,1,1,0.0
2697,ver los negocios que destrozan ahi que culpa tienen del problema que traen arrastrando a ellos adema,10,0,0,0.0
2698,delincuentes entonces gobierno por favor haga algo una ley fuerte castilla y lo severamente para que,14,0,1,-0.07142857142857142
2699,encapuchado debe de ser identificado y hacerles cargos criminales por los destrozos que los encarcel,13,1,2,-0.07692307692307693
2700,unus maleantes exigen respeto para ellos y ellos ejercen violencias a otros su ya hay instrumentos p,14,0,0,0.0
2701,no es marcha es pura provocacion es terrible observar como los integrantes de morena y del estado in,12,0,0,0.0
2702,les otorgo el pueblo en las urnas con esa abrumadora mayoria y continuen consecuentando a estos deli,12,0,1,-0.08333333333333333
2703,asco miserables parasitos hola meme buenas noches creo que estos ciudadanos que son los que educan a,11,0,0,0.0
2704,les paga por hacer ese circo en realidad ya hubieran arrestado a los que avientan los petardos y a l,11,0,0,0.0
2705,pues que escuchen primero pero como siempre otros tienen que pagar el pato deberian tomar el estadio,13,0,0,0.0
2706,mossad israeli de financiar organizar y armar a grupos de oposicion para desestabilizar al regimen y,15,0,0,0.0
2707,si son docentes o no por que regularmente la snte su manifestacion es al cien politica y los que no ,9,2,1,0.1111111111111111
2708,solo perjudicar hacer vandalismo y generar violencia y dejar en mal a todos los verdaderos maestros ,14,1,4,-0.21428571428571427
2709,semana diganme que cayeron mas mascotas de los narco prianistas no puede ser solo uno seguramente es,12,1,2,-0.08333333333333333
2710,imparten clases a nuestros hijos y nietos quien les va a creer que estos son maestros estos son vand,9,1,1,0.0
2711,son maestros esos si son inches delincuentes como decia claudio los verdaderos maestros estan en las,13,2,3,-0.07692307692307693
2712,para los revoltosos tal parece que la presidenta no tiene asesores o no tiene inteligencia politica ,10,0,0,0.0
2713,maleantes no son maestros atrapar los lideres y paguen con sus bolsillos y multa para todos ellos so,14,1,3,-0.14285714285714285
2714,son delincuentes asta maleantes deverian ir carsel los que agan dano y destrozos y se lo cobren al l,15,1,2,-0.06666666666666667
2715,por destrozos porque aun no se toman medidas a estos delincuentes y exiganles pagar lo que destrozen,12,0,1,-0.08333333333333333
2716,en gana se alboroto el avispero cia en mexico todas esas imagenes de esos malandros provocadores ya ,17,0,0,0.0
2717,ataca a maestros quot br enserio esto es lo que estan promoviendo los gringos terrori t aca ya que l,12,1,1,0.0
2718,meme hola no al registro no a un gobierno autoritario y socialista registrarlo seria arrodillarnos a,15,0,1,-0.06666666666666667
2719,de adelantarnos no hay que usar el celular un dia para que se den una idea de la perdida que eso les,8,0,0,0.0
2720,muy estupido para proporcionar tus datos el pueblo manda el pueblo ya dijo que no queremos es leyes ,12,0,0,0.0
2721,hay las condiciones de seguridad no ni mais paloma no y no lo haremos nooooooooooooooooo jajaja jaja,14,1,1,0.0
2722,celulares jamas no al registro de celulares ni a la curp biometrica no no y noooooo volver a lo anti,12,0,0,0.0
2723,celulares incluyendo el mio ya llego el fin de los telefonos celulares no lo hare registrenseee de t,11,0,0,0.0
2724,tramite que se hace hay que entregar curp ine comprobantes ya desde antes se hacen las llamadas frau,11,0,0,0.0
2725,un p nche reclusorio ya mero que van a poder cuidar la informacion de millones de mexicanos no se re,12,0,0,0.0
2726,no te suspenden el servicio telcel no va a perder tengan gevos no se dejen intimidar por el gobierno,12,1,0,0.08333333333333333
2727,que tomar una foto ni madres compren una esim o si vives en frontera compra una linea extranjera no ,11,0,0,0.0
2728,consigo un esim para que ya tienen toda la informacion de todos los mexicanos por mi parte que lo ca,8,0,0,0.0
2729,da las instrucciones como si fuera bueno y no es verdad si te piden todo eso no sea mentirosa segun ,7,0,0,0.0
2730,no cuenten yo no lo voy a registrar no lo voy aser bola de ratas naaaa chingue a su madre no voy a r,12,0,1,-0.08333333333333333
2731,no registren nada no al control no soy animal de granja chasrpm precisamente hoy me quise registrar ,11,0,0,0.0
2732,en la base de esa compania telefonica no lo hare y no lo pienso hacer si asi como estamos el mismo g,9,0,0,0.0
2733,nos chinguen ahora con esa nueva forma de obtener nuestra informacion no pues ya estuvo que va a sub,10,0,1,-0.1
2734,mas armonicos y serenos que nunca la delincuencia organizada cada dia mas descarada que todos en el ,11,0,1,-0.09090909090909091
2735,roban nuestros datos no pueden hackear van a suspender millones de lineas muy bien me imagino la pop,13,0,0,0.0
2736,barredora nel chupenla no ni lo voy a hacer si me quitan el servicio compro un numero virtual y adio,14,1,0,0.07142857142857142
2737,estar lleno de vendedores ambulantes y de fritangas como esta toda la ciudad de mexico yo vivo en la,13,0,0,0.0
2738,de tlalpan como por el paseo peatonal es increible no tengo palabras para decirle a la bella clara b,15,1,0,0.06666666666666667
2739,se te extrana en iztapalapa pero es un gusto compartir con la cdmx que barbara clara brugada siempre,15,0,0,0.0
2740,por todo el jardin vigilancia constante mantenimiento y sin indigentes por favor de lo contrario no ,14,1,0,0.07142857142857142
2741,bien solo la cometocracia desinformando y estan frustrados la calzada flotante de san antonio abad s,14,0,0,0.0
2742,ordenara la movilidad peatonal y estimulara el comercio espero que por lo menos le den mantenimiento,18,1,0,0.05555555555555555
2743,inconclusas opacas y que todas se les caen br br le construyeron al ambulantaje delincuencia indigen,14,0,3,-0.21428571428571427
2744,vueltecita la jefa al metro bellas artes hidalgo chabacano y mas espero ir pronto para conocerlo muc,17,0,3,-0.17647058823529413
2745,mantenimiento al drenaje en aquellas colonias que se inundan en tiempo de lluvias millones de pesos ,15,0,0,0.0
2746,es la realizada en el metro cuando se pudo atender mantenimiento de vias comprar mas trenes etc se d,16,0,0,0.0
2747,candelabros en la estacion de hidalgo plantitas en las estaciones de la linea falta saber cuanto cos,14,0,3,-0.21428571428571427
2748,lo secundario anteriormente habia propuesto que los trabajadores estuvieramos como home oficce seria,13,0,0,0.0
2749,correctivos a esta mujer en las proximas elecciones morena pierde la ciudad de mexico vaya que si es,12,0,0,0.0
2750,esta narrado por alguien con acento extranjero no es cuestion de xenofobia pero brugada se ha ganado,14,0,0,0.0
2751,y cualquier obra que ella inaugure esperaos a que se descascare la pintura lila y morado vaya capita,14,1,0,0.07142857142857142
2752,no se caiga puro corrupto se ve hermoso esperemos que no lo grafiten y los comerciantes no se apropi,12,1,0,0.08333333333333333
2753,personal que cuide el espacio felicidades hermosooo es patrimonio del pueblo al igual que todo nuest,16,1,0,0.0625
2754,di no a la destruccion y violencia mexico un soldado en cada hijo del pueblo te dio viva la t y todo,11,0,1,-0.09090909090909091
2755,bien su obra pero yo le sugiero que la proxima obra sea el cambio de camiones de basura de los anos ,10,0,1,-0.1
2756,obras como esta o conciertos quot gratis quot que no ayudan en nada a los ciudadanos tomada de pelo ,14,0,0,0.0
2757,se gasta el dinero en un parque en medio del trafico mil millones es ridiculo la verdad les quedo mu,13,0,1,-0.07692307692307693
2758,hay que ver como lugares tan hermosos como bellas artes la alameda monumento a la revolucion el zoca,14,0,0,0.0
2759,la gran ciudad de mexico gracias felicidades senora clara brugada y a todas las personas que trabaja,13,0,0,0.0
2760,obra y ojala funcione para todo lo que usted dice clara le pregunto si tanto le interesa el bienesta,12,1,0,0.08333333333333333
2761,a una cuadra de tlalpan paralela a su hermosa calzada flotante y que tantos reportes de asaltos y ro,15,1,3,-0.13333333333333333
2762,las lluvias se queda resumida al igual que en la calle manuel othon donde esta la clinica del issste,15,1,0,0.06666666666666667
2763,babilonia vengase a dar una vueltita no va a caminar mucho xochimilco ojala llegue al lugar de orige,15,0,0,0.0
2764,un pais pujante que renace de sus ruinas delincuencia impunidad y corrupcion piramidal todo muy bien,13,1,4,-0.23076923076923078
2765,brugada ha demostrado su ineptitud con creces es buena idea pero tiene rampas para minusvaliddos ten,12,1,0,0.08333333333333333
2766,en el futuro que podrian afectar al cemento esperemos que dure porque mucha gente no sabe cuidar lo ,12,0,0,0.0
2767,ingirmal que lo cuiden comparando la ciudad de mexico con babilonia br br no tenemos ni idea de como,14,0,0,0.0
2768,mucho mejor que esto fue un buen intento pero hubiera empezado antes mucho antes y tal vez mejores o,8,0,0,0.0
2769,tren debio evolucionar a una linea del metro ah si que aun no han terminado las intervenciones en la,15,2,0,0.13333333333333333
2770,en el gobierno local y otra ciudad tendriamos hoy el aeropuerto se cae a pedazos y eso que segun est,12,0,0,0.0
2771,una promesa para el mundial a ver como se comporta el aicm ya esta saturado sin nampresion de un mun,13,0,0,0.0
2772,mentirosa hermosa obra ahora toca cuidarla asi podran ver como se hinunda la ciudad porque no hay ma,12,0,0,0.0
2773,todos los maestros del cnte campesinos madres buscadoras etc y ver como se la juegan los que van en ,12,1,2,-0.08333333333333333
2774,este nefasta idea desgraciando a calzada de tlalpan clara cree que la cd de mx es iztapalapa creo qu,14,0,0,0.0
2775,panista rubalcaba como es posible que lo tengan de director del transporte publico del metro hermoso,14,0,1,-0.07142857142857142
2776,es que tienen demasiadas mascotas y secaran toda el area verde terminara cubierto de piedra de tezon,18,1,0,0.05555555555555555
2777,d struya su ciudad mexico son puro pagado del prian salinas pliego aztecos regresa a los perrros y g,18,1,0,0.05555555555555555
2778,de xochimilco y estatu del perro chihuahueno que no es mexicano con ese dinero se pudo construir mas,12,0,0,0.0
2779,no hay de que emocionarse abajo de ese puente elevado va a haber muchos vendedores ambulantes e indi,13,0,0,0.0
2780,del puente elevado ya quiero conocer este espacio bien por todos los arreglos y cambios que has real,11,0,0,0.0
2781,importar si llueve o tiembla asi tambien paguen a los que estuvimos trabajando toda la noche br para,11,1,0,0.09090909090909091
2782,lloviendo trabajamos no es justo que solo se la safen al decir que a nosotros nos pagan con un apoyo,8,0,0,0.0
2783,sobrepasa el horario y sin goce de sueldo yo le llamo explotacion laboral uno esta por necesidad per,15,0,1,-0.06666666666666667
2784,gobierno solo mil millones en esta porqueria ya la veremos despues que pase el mundial bano publico ,14,0,1,-0.07142857142857142
2785,miadero cagadero violaciones en asaltos foco de toda clase delitos ya veremos cuanto dura ambulantes,17,0,1,-0.058823529411764705
2786,jajaja cual terminada jajaja gracias rata morena sra presidenta los ratas de el gobierno reparten a ,15,1,2,-0.06666666666666667
2787,corrupcion esos son ovarios gracias sra presidenta guacala pura putrefaccion morenarcos son el crime,20,0,4,-0.2
2788,los que esten encotra de la precidenta que chingen asu madre f ky todos son corruptos no importa cua,13,0,0,0.0
2789,lo demas y valio quesadilla esta no fue la excepcion de acarreos lo mismo que todos los gobiernos qu,9,0,0,0.0
2790,hacen la diferencia enganan mienten manipulan acarreos con el objetivo de manipular las masas para l,12,0,0,0.0
2791,que servidores publico y los que quieren estar en el poder candidato para muestra el gobernador de h,13,0,0,0.0
2792,acarreos para csp presidenta goga personas manipulados por bienestar como ayer moviendo a mexico que,18,0,0,0.0
2793,frio calor empujones heridos o muertes el voto y el poder es lo primero br acarreos primero los mas ,11,0,1,-0.09090909090909091
2794,sp empleados y el partido en el poder todo por br br por c u de los presentes br por el dia que no t,13,1,0,0.07692307692307693
2795,de traslado camiones br varios musica artistas comidas empleados y funcionarios escenarios instalaci,23,2,0,0.08695652173913043
2796,pardo en quot informe quot en un solo dia br br pero se sabe que estos eventos siempre son previsto ,14,1,0,0.07142857142857142
2797,y mas de esos meses de servidores publico partido en el poder etc y tiempos de no atender otros asun,11,0,0,0.0
2798,incluso de la propia presidenta y funcionarios ni se percatan analizan por que no les interesa el pu,9,0,0,0.0
2799,obtener y nada mas asi ahorita csp le ocupa las elecciones intermedias las del y ser popular a costa,10,0,0,0.0
2800,y bienestar par sus familias realidad no vista injerencia de eeuu no de cuba si la que se muerde la ,12,0,0,0.0
2801,que todos los gobiernos que le anteceden igual que todos los partidos politicos las mujeres no hacen,13,0,0,0.0
2802,para las votaciones hacia el partido en el poder y claro primero los pobres y los que servidores pub,9,0,0,0.0
2803,el gobernador de hidalgo haciendo propaganda y manipulacion con los programas bienestar federales y ,18,0,0,0.0
2804,que hable mexico solidaridad lo mismo etc c doctora presidenta claudia sheinbaum pardo felicidades e,19,2,1,0.05263157894736842
2805,pavon con los sentimientos de la nacion br el espiritu de benito juarez garcia entre los individuos ,14,0,0,0.0
2806,el de miguel hidalgo y costilla viva la libertad el del padre de la democracia francisco indalecio m,16,0,0,0.0
2807,el azote de donald trhom br y de los demas mertires de la historia y los lideres caudillos viva nues,17,1,0,0.058823529411764705
2808,morena viva mexico el que discute esto es porque de plano es muy ignorante o por hay tenia un buen n,11,0,0,0.0
2809,quemados no mms que asco claudia mas que informe parecen sus buenos deseos no hay ni una sola obra p,13,1,0,0.07692307692307693
2810,sin razon sin nada que decir de rocha hoy mentir esa sera tu historia sin madre ni memoria mensaje p,13,0,1,-0.07692307692307693
2811,razon tienen molotov dame el pawer todos son iguales todos acaso no estan cansados ya viva mexico y ,15,0,0,0.0
2812,y se lo creas sabia que ay empresas automotrices que anunciaron que se van de mexico muestras aya pe,17,0,0,0.0
2813,fracoso del bienestar de los cerdos d ela nacion y la cuarta generacion viva la cuarta generacion y ,15,0,0,0.0
2814,disen ke es puro amor lanzando odio a sus socios de aora del pri que tambien le dan como anillo al d,14,0,0,0.0
2815,por ke no recuerda la averraciones del binestar de amlo la pobre gente le con medidas el bienestar f,14,0,0,0.0
2816,caludiartijaw andaban con mucha seguridad como su amigo el rocha moya asi o menos asegurados narco g,15,1,1,0.0
2817,nacion y la cuarta generacion oye averracion del binestar acarreos del bienestar el socialismo ya sa,17,0,3,-0.17647058823529413
2818,primero lo lopez y los cerdos d ella nacion ariva la precidenta si es verdad la patria no se vende v,14,0,0,0.0
2819,vida para la presidenta claudia sheimbaum jajaja se colaron lo bots chiapanecos solicitamos el respa,15,0,2,-0.13333333333333333
2820,migrantes y de quienes se quedan en chiapas el mejor gobierno actual de mexico sin duda segun recorr,13,0,0,0.0
2821,es un pais sometido por el narco la delincuencia casiquismo y corrupcion nmms corri a ver el tipo de,13,0,3,-0.23076923076923078
2822,claramente a quien le habla sheinbaum y amlo a un pueblo con ignorancia no se vale yo surgi desde la,12,0,0,0.0
2823,de gente la presidente y los acarreados pura hipocresia y mentirero dan tristeza gente nefasta j z m,21,0,1,-0.047619047619047616
2824,palabras vacias desaparecidos no buscados porqueria de mujer habla del jaqueo al banco de bienestar ,18,0,1,-0.05555555555555555
2825,pueblo eres tediosa y a los mexicanos no corruptos nos das asco tapadera inmunda br mentirosa mentir,18,0,0,0.0
2826,sinvergenzas prianistas y ala carcel k pagen todas sus fechoriasss la presidenta es un ejemplo de go,13,0,1,-0.07692307692307693
2827,mentiras br ojala sea la primera y ultima mujer todos los que gritan son los corruptos morenistas y ,13,0,0,0.0
2828,los narcos los que te dieron el triunfo la gente pagada con sus apoyos por eso va si me pagaran una ,10,0,1,-0.1
2829,esta sucesora de pena nieto todavia habla de corrupcion que poca y que vergenza felicidades ala pres,19,0,1,-0.05263157894736842
2830,y como se llamo el informe avia una vez que pena da mejor me quedo a descansar en mi casa y a ti te ,9,0,0,0.0
2831,mentiroso e irrespetuoso puras pin mentiras br que viva trump todos los que fueron llevaban puesta l,16,0,0,0.0
2832,de yo con maru ahi no es yo con rocha upssssssss es domingo familiar mejor una huaaamma que ver a es,10,0,0,0.0
2833,br este si es un verdadero gobierno que da cuenta de todo lo que se hace viva nuestra presidenta rid,8,0,3,-0.375
2834,cargos no es carnaval aunque si fue puro payaso eeuu tiene todo el derecho en su accionar por sus ci,12,0,1,-0.08333333333333333
2835,pagados y mas pagados acarreados dijera el mas cinico mentiroso corrupto amlo entre mas ignorantes m,13,0,0,0.0
2836,este narcogobierno regresar chulada de presidenta que tenemos la senora rompe record en mentir y men,14,0,1,-0.07142857142857142
2837,con viajes el japon y comprando en cartier le esta sangrado el occico fuera la corrupcion de morena ,13,0,1,-0.07692307692307693
2838,le siguen igual chale sus secretarios parecen que van a una cantina informe bien gacho narca praside,14,0,0,0.0
2839,hijos adan augusto mario delgado etc etc bola de narcosss y donde esta rocha moya tambien maduro lle,17,0,0,0.0
2840,haya mucho publico no significa nada ademas habiendo evidencia clara que la mayoria son acarreados a,11,0,0,0.0
2841,pierde credibilidad su partido morena gastado en corrupcion les arde tanto son mas los ineptos como ,10,0,1,-0.1
2842,siempre pobre gente todos acarreados para que tanto cacaraqueo puro tirar veneno que buen informe bi,17,0,0,0.0
2843,narco grande la presidenta que resultados va a dar br que mexico regala petroleo a cuba que los juec,14,0,1,-0.07142857142857142
2844,van a pedir tus datos biometricos puros acarreados por que no lo hicieron igual la tras mision hayer,13,0,0,0.0
2845,de esta narco presidenta todas las mentiras juntas para que si las escuchamos todos los dias mentira,12,0,1,-0.08333333333333333
2846,tenemos mucha presidenta magistral discurso sobre la injerencia mujer poderosa plantandole cara a cu,17,0,1,-0.058823529411764705
2847,del macprian rendicion de defensa de los narcopoliticos seria por que a eso fue es una vergenza naci,9,1,1,0.0
2848,gente de culiacan dando resultados segun ella de baja ase homicidios frente a acarreados a fuerza ha,15,0,1,-0.06666666666666667
2849,sus espaldas y los medios pendejos se prestan a aplaudir estas pendejadas tambien es un discurso de ,15,0,0,0.0
2850,encubriendo a sus narcopoliticos alguien sabe a que hora termina mas o menos me not esta senora que ,14,0,0,0.0
2851,traidor avlando mal de nuestra presidenta claudia la precidenta mas grande del mundo no lo ogan mas ,17,0,1,-0.058823529411764705
2852,su amor al pueblo grasias senora por ese amor nosotros somos la soberania tenemos que luchar por ell,11,0,0,0.0
2853,carne de burro aqui en mexico va hacer de gatos sra opino igual que ud mi agradecimiento para claudi,13,0,0,0.0
2854,presidenta cientifica dra claudia sheinbaum pardo viva mexico viva mexico viva mexico tranquila sra ,16,0,0,0.0
2855,de los impuestos que pagamos hojala que nunca le maten desaparezcan o le cobren derecho de puso o un,14,0,3,-0.21428571428571427
2856,asi es y los de morena lo sabemos a la carcel quien sea del partido que sea que se juzgue y paguen l,8,0,0,0.0
2857,razo un estamos con la presidenta claudia sheinbaum viva la t trafomacion vamos sin miedo gracias be,17,0,0,0.0
2858,que viva nuestra gran presidenta claudia sheinbaum pardo br viva la t viva morena est sra si nos rep,20,0,0,0.0
2859,esta gente es patriota no vende patrias como alito lily tellez anaya xochitl pero en las elecciones ,16,0,0,0.0
2860,sra me representa esta bien informada claro q estamos con la presidenta al xq estamos mirando result,13,0,0,0.0
2861,vendidos y sin etica profesional no importa xq los resultados estan a la vista en cambio maru campos,13,0,0,0.0
2862,declaracion eso demuestra que tienen mucha cola q le pisen no dio su version xq esta mintiendo y cua,10,0,0,0.0
2863,arriba mi presidente wow senora usted representa mexico amor con amor se paga todo el apoyo y unidad,14,0,0,0.0
2864,los mexicanos acabemos con los traidores entreguistas panistas hoy la calumnias y mentira esta del l,15,0,0,0.0
2865,mundo apoya a claudia sheiba felicitaciones senora me representa hermosa senora gracias por defender,15,1,0,0.06666666666666667
2866,y a la dra claudia gente inteligente la entrevistada hoy gracias viva amlo viva claudia viva mexico ,25,0,0,0.0
2867,jajajaja y miren quien lo dice claudia que la amamos eso le diria yo que estoy muy muy orgulloso de ,10,1,0,0.1
2868,gobernar y que amlo se quedo corto cuando nos decian q quien l lo antecederia era grande grande gran,13,0,0,0.0
2869,no emos podido estar apoyando la causa pero dsd donde nos encontramos apoyamos asi q fuera las traid,15,0,0,0.0
2870,solos se estan undiendo los pranpriistas pura gente narcoadocttinada del bienestar por tener la mejo,15,0,0,0.0
2871,claudia sheinbaum y lopez obrador sin comentarios chingona mi presidenta fuera prian traidores a la ,15,0,0,0.0
2872,mi voz el claro ejemplo de que no por tener cierta edad tiene la sabiduria jajajaja apenas si se le ,11,0,0,0.0
2873,los demas br ella ejemplifica al mexicano promedio que le lavaron el cerebro jajsjsjs ya ben favhos ,15,0,0,0.0
2874,pueblo ya no es tonto antes criticaban mucho ha don manuel lopez obrador que asta ala carcel querian,16,0,0,0.0
2875,menos y como dise cristo hay mas alegria en dar que resiviran y si si es sierto hay muchos dela ters,11,0,0,0.0
2876,hal dios heterno dueno del cielo y amo del universo cuyo nombre es jehova o yhwh y cristo jesus y ha,16,0,0,0.0
2877,y gran ayuda att todos los dela tersera edad y dela cuarta transformacion viva mexico senores estran,18,1,0,0.05555555555555555
2878,pristas y panistas y moviendo ciudadano ay donita es un honor estar con maximo hoy viva mexico viva ,16,0,0,0.0
2879,no importa que partido apoyamos si un poolitico falla que se le jusgue viva claudia viva mexico cabr,17,0,0,0.0
2880,car porque es mucha claudia buena entrevista maximus prime lo que necesitamos es tener gente honesta,14,0,0,0.0
2881,noticrios de tv azteca fueron puros acarreados la teporcoha maru tiene pacto con el diablo por todos,15,1,0,0.06666666666666667
2882,diputados de morena d e chihuahua no fueron por segunda vez quiza los prian los amenazaron que se ju,10,0,1,-0.1
2883,las de la ley pobre senora mugrosa ignorante muy acertadas las palabras de esta senora pura habla y ,15,0,0,0.0
2884,asi viven contentos lo sombichairos cachando las migajas k les avientan como perritos desvalidos me ,14,0,0,0.0
2885,su informacion y a codigo magenta muchas felicidades efectivamente este narcogobierno deberian de es,16,0,0,0.0
2886,al pais este narcogobierno no tiene llenadero como mexicanos unirnos y sacar desde esta complice gri,11,0,1,-0.09090909090909091
2887,perros rateros viva mexico fuera morenarcos fuera este narcogobierno es un cancer al pais br marcela,16,0,1,-0.0625
2888,br asi que quienes votaron por el de la chingada ya no pidan ayuda br ahora o nunca o nos unimos com,10,0,0,0.0
2889,siempre una cosa es soberanis y otra defender narcopoliticos no te confundas claudia vengan por los ,14,0,0,0.0
2890,chingada falto ijosdelagranputaaaaaa periodista de donde lee noticias nada mas ese tono de voz y su ,15,0,0,0.0
2891,eres periodista no tienes ninguna gracia no sabes ni lo que lees tus opiniones siempre fuera de tema,9,0,0,0.0
2892,si estas personas sudan agua bendita ya las acusaciones para este partido morena son bastas y ellos ,15,1,1,0.0
2893,o mas hipocritas por el bien de todos no hay que dejar en paz a los hijos de todos los narco politic,7,0,1,-0.14285714285714285
2894,hijos de todos gracias codigo magenta por hablar e investigar pues si marcela muyyy de acuerdo pero ,14,0,0,0.0
2895,y todavia hay quien se presume de la trastornacion que bien dicho mejor explicado imposible perrys h,11,0,0,0.0
2896,el sr no tiene las tablas para gobernar que de cuentas a los mexicanos sobre su enorme fortuna excel,15,1,0,0.06666666666666667
2897,resentido hijos de spm unos raterasos por eso los hijos de andres son unos sinvergenzas porque el pa,13,0,0,0.0
2898,excelente gracias marcela por decir la verdad los multimillonarios hijos del bienestar narco morena ,17,0,2,-0.11764705882352941
2899,y todod lo de mas hijos del mal soberania que no existe cuando eres un pueblo compra votos secuestra,15,0,2,-0.13333333333333333
2900,contrario da lastima y asco putisiiisimoo padreee no entiendo por q tanto odio hacia un politico y t,14,0,0,0.0
2901,y los hijastras de fox ademas de los juniors de salinas de gortari jamas vi a los medios de comunica,14,0,0,0.0
2902,costillas de los gobiernos de sus padres al contrario les lamian las patas para reivir dadivas o com,13,0,0,0.0
2903,comprendo como es q siguen cometiendo los mismos errores las paginas pedorras como esta y los de la ,10,0,0,0.0
2904,reportajes pedorros como este su seriedad y parcialidad se ve afectada y disminuida ante millones de,13,0,0,0.0
2905,en turno por una sola vez usen la logica usen ese cerebro q por culpa de su odio a una persona no lo,11,0,0,0.0
2906,bien del gobierno alabenlo besenle los pies y veran como el pueblo de mexico le da la espalda al gob,11,0,0,0.0
2907,cuenta cuando la prensa carronera habla bien de algun gobierno es por q las cosas estan llendo mal e,12,0,2,-0.16666666666666666
2908,tener el cerebro anestesiado para no entender que les cambio la vida al ser declarados como terroris,14,0,2,-0.14285714285714285
2909,nacional y sus secuases deben pagar las consecuencias de sus actos usenlo excelente me encanta tu es,15,0,0,0.0
2910,marcela por el bien de el que es el unico que tiene cola que le pisen soberania es no permitir el ro,10,0,2,-0.2
2911,medicinas en hospitales soberania es tener la infraestructura necesaria para el bienestar de la soci,14,0,1,-0.07142857142857142
2912,mentir ni encubrir la maldad soberania es amar al pais soberania es no burlarse de la sociedad y ser,14,0,0,0.0
2913,la raza que voto por este parasaito se paso de ingenua anos sin puesto y sin trabajo de que vivio la,11,0,1,-0.09090909090909091
2914,justos mexico voto por ellos los amo se entregaron a su presidente no hay engano todos lo sabian qui,12,0,0,0.0
2915,como el costo que esta pagando mexico dejense de victimismo y asuman su parte de elegir al president,14,0,0,0.0
2916,marcela br excelente post y tu cada vez mas hermosa los hijos de ancase la chicharra son todos los m,13,0,0,0.0
2917,garcia luna del narco amlo aunque sude agua bendita pregunta seria marcela si no se ha juzgado a los,16,1,2,-0.0625
2918,delito por que piensan que si se juzgara al propio amlo felicidades marcela gracias por tu dedicacio,12,0,0,0.0
2919,un pinch macuspano enganap nd jos y todo se chingo trivagos webones tranzas corruptazos mantenidos e,16,0,0,0.0
2920,trump se lleve a amlo y a sus hijos pero mientras la gente siga recibiendo las limosnas del bienesta,12,0,0,0.0
2921,pasamos a ser indigentes del bienestar hijos de la chingada tooodos los de morena y su t pero en que,11,0,0,0.0
2922,partido es lo de menos en verdad en que politico se puede confiar mexicanos defiendete por dios ya n,9,0,0,0.0
2923,combatir si ustedes son los delincuentes pwrro no come perro sra marcela exelente informacion felici,17,0,1,-0.058823529411764705
2924,carronoros hijos de diablo llegan a rrobar destruir mentir mata ar pues que hagan publicas a todo el,19,0,0,0.0
2925,saben que somos mas que los mexicanitos indignos que llevaron al poder a estos criminales vamos a da,10,0,1,-0.1
2926,y millllonsores de votos en su contra que no se puedan levantar ni con lad complicidades ondignad de,12,0,0,0.0
2927,pretextos ajuuuuuua la famili mas maldita de nuestro pais los lopez obrador ojala y vengan por todos,13,0,0,0.0
2928,y como bviviefon y donde esta los hijos de felipe no la aguantan br br deberian de levantarte cargos,12,0,0,0.0
2929,moya narcomorena convirtio a mexico en una cleptocracia donde todos sus politicos saquean y roban a ,11,0,0,0.0
2930,es tendra visa en fisica pero en el sistema gringo ya no la tiene bravo marcela los mexicanos recono,10,0,0,0.0
2931,amlo odia tanto a los mexicanos se la pasa destruyendo todo lo que esta a su alrrededor es un ser de,10,0,0,0.0
2932,defraudo a todos es un abusivo arrabalero vulgar gandalla hdlchogt hijos de srpm ellos no tienen la ,12,0,0,0.0
2933,politicos vividores pues claro como sabes que los mexicanos estan como los venezolanos que no podian,9,0,0,0.0
2934,entre usa y los saque por entirosos el padre y los hijos unos mal nacidos morenacos que lo unico q s,11,0,1,-0.09090909090909091
2935,por tu excelente contenido saludos un ejemplo de no tener madre hdsrpm poreso no den biometricos cur,15,0,0,0.0
2936,marcela y estos son unos hijos de la ingada lo dices muy bien hijos de la chin ada por cierto para m,11,0,0,0.0
2937,de pena nieto fueron o son procesados por el crimen organizado o por delitos de droga nada mas por d,9,0,1,-0.1111111111111111
2938,con fox con su secretario y con calderon su super policia nada mas por mencionar algunos casos esos ,9,0,1,-0.1111111111111111
2939,y ahora por un gobernador por cuatro simplemente recuerden todos los de tamaulipas todos delincuente,9,0,1,-0.1111111111111111
2940,recuperado asi que dejen de decir tonterias y deformar la historia por que esta no se olvida por mas,9,0,1,-0.1111111111111111
2941,generaciones asi me encanta ver gente hocicona ardida que miente se le olvida el pasado ya se olvido,11,0,0,0.0
2942,con la dea y con la silla hicieron el iran contra hicieron el iran gate utilizaron a caro quintero a,12,0,0,0.0
2943,y con los acuerdos en estados unidos ya se les olvido ahora resulta que eua tiene la razon ahora res,10,0,0,0.0
2944,como esta de sus tonterias pero me va a encantar que al final de la historia se van a zurrar por que,7,0,0,0.0
2945,solo llegaron a endeudar a nuestra nacion br pobre mexico br br saludos br pd merecen un castigo por,17,0,0,0.0
2946,parecia astuto y muy inteligente ahora vemos por su carta de paginas que en realidad es bastante est,14,0,0,0.0
2947,in trump we trust los bes s del bienestar me dan asc hijos de la ching d de ahi son hijos de la t br,10,0,0,0.0
2948,se los va a cargar br viva tttttrump saludos esto es culpa de amlo sheinbaum y su prole son el cance,13,0,0,0.0
2949,a la presidencia y en cuanto los traiciono se dieron cuenta de la maldad pobres inocentes verdad a h,17,0,0,0.0
2950,a a href uckszu wh gy mb dv ujg g afy ywgukuhl plbia ae a a href uckszu wh gy mb dv ujg g afy ywguku,24,0,0,0.0
2951,href uckszu wh gy mb dv ujg g afy ywgukuhl plbia ae a caca del bienestar sra marcela no son tacones ,20,0,0,0.0
2952,su inteligencia en sus presentaciones de acuerdo con ud cordiales saludos siempre tu dime que les lu,17,0,0,0.0
2953,la austeridad disfruten lo bitado el papi y el junior par de cinicos descamisados hdschm hijos de fr,15,0,0,0.0
2954,felicidades por tu valentia el huachicol es un modus oper quot andy quot o superandy o no hahaha hah,16,0,0,0.0
2955,ban hacer grasias a lopez obrador tal cuallll pejijos del de la chingada muy bueno marcela los hijos,16,0,0,0.0
2956,a los mexicanos y estos quieren mas de ese atole horrorrr asi de fuerte se le tiene que hablar al me,9,0,0,0.0
2957,mexico br asi de critico tiene que ser el periodismo en todo el pais br asi de claro necesita el mex,12,0,0,0.0
2958,valientes en mexico se tiene que ser contra el gobierno criminal inepto vulgar y cinico de todo more,14,0,1,-0.07142857142857142
2959,por apoyo a las madres buscadoras y para que jamas ninguna lo sea br hasta que el mexicano lo haga b,13,0,0,0.0
2960,oro para luego convertirlos en lingotes de oro para poder repartirlos entre la chairiza b narco more,16,0,2,-0.125
2961,tacones marcela felicidades y gracias no marcela el diminutivo de andres es andrecito andy es andres,16,0,0,0.0
2962,fox podras gente tan fea por dentro y por fuera hijos de fregada hijos de su pink floyd el chompiras,14,0,0,0.0
2963,estos los de la chingada los pobres pendejos que pensaron que eran diferentes la cha cha de palacio ,11,0,1,-0.09090909090909091
2964,y sus equipos gobernadores huachicol etos y luego el pueblo bol limosna el coco de los poderosos es ,15,0,0,0.0
2965,evidencia quien hubiera pensado los hijos de lopez los nuevos ricos ni la burla perdonan con esas gr,15,0,0,0.0
2966,pero hay un dios todopoderosoy a el le van a dar cuentas si no se arrepenten directo a washington qu,8,1,0,0.125
2967,son grandes empresarios maldito gobierno de izquierda hijos de su re madre narco gobierno farsante c,18,0,2,-0.1111111111111111
2968,trupse renovo la ta no cuanta ignorancia hay en el pais cuando despues de todo esto y mas haya tanta,12,0,0,0.0
2969,estos hijos de mier da ojala que a los politicos evitaran los ecosidios que hacen los extranjeros en,11,0,0,0.0
2970,esta pasando lo de topolobampo y muchas otras destrucciones y saqueos de nuestro pais quien protege ,12,0,0,0.0
2971,incompetentes mentirosos y timadores esta formada por lo peor de este pais gente que pisotea nuestro,15,0,0,0.0
2972,ya ve a comerte unos tacos de lengua marcela para que sigas tirando mas veneno antes nunca se hablab,9,0,0,0.0
2973,ati te duele la pansa manipulacion tergiversacion mentiras y calumnias es este canalucho hijo de la ,15,0,0,0.0
2974,su familia un verdaderopendejo jajaja como empiezas br hijos de jajaja hija de zorro me encantas mar,15,0,0,0.0
2975,esto ya me esta cansando mucho ruido pero nada de accion gracias marce por tu excelente trabajo info,13,0,0,0.0
2976,gritos gracias no son solo lo hijos es el padre tambien la senora presidenta se hace omisa las pegab,13,0,0,0.0
2977,claudia sheinbaum la chichis de limon me caga los huevos con su pinche voz de menza camina como menz,18,0,0,0.0
2978,ni mas ni menos son los hijos de la austeridad excelente video columna marcela espero que las autori,15,0,0,0.0
2979,y queden encarcelados alla junto con maduro es gente muy fea ni la ropita de marca que se roban les ,13,0,0,0.0
2980,dice codigo magenta marcela la seleccion de japon y suecia dicen como puede haber ciudadanos tan pen,15,0,0,0.0
2981,y nuevo leon que humillo si estado mundialmente primero los pobres para joderlos malditos aldeanos m,14,0,0,0.0
2982,gimme the power quot quot gente que vive en la pobreza nadie hace nada porque a nadie le interesas q,15,0,0,0.0
2983,es mas ciego el que no quiere ver hijos de la chin gada excelente periodista marcela garza codigo ma,14,0,0,0.0
2984,de la tapadera de sheinbaum en defender a los narco juniors y defender en general a todos los crimin,16,0,2,-0.125
2985,podran ponerse todos las marcas y colgarse todo el oro pero lo naco y lo narco y panzones no se les ,9,0,1,-0.1111111111111111
2986,porra ya deberia ser seria solo la educacion nos hara libres bonita cosa dijo mi abuelita que lastim,13,1,0,0.07692307692307693
2987,cnte ya no hay otra salida que lastima porque los destrozos siguen pues cuanta falta nos hace un dia,13,0,3,-0.23076923076923078
2988,solamente cuando le tocan a sus allegados complices ahi si se pone como perra a defenderlos ni a los,13,0,0,0.0
2989,con casi cero inflacion construir tres lineas de metro al mismo tiempo organizar unas olimpiadas de ,12,1,0,0.08333333333333333
2990,los de estados unidos incluso y no ser marioneta de tu antecesor claro que no puedes ser diaz ordaz ,9,0,0,0.0
2991,bien probado hay imagenes y videos noticiosos como la policia de brugada golpeo a los agricultores q,13,0,0,0.0
2992,mal hizo lo que creyo necesario para mantener el orden y a esta presidente le tiembla la mano con lo,12,2,4,-0.16666666666666666
2993,y muchos descuentos de mas de lo normal del ano pasado que pendejadas disen claudia sheibaum pardo s,12,0,0,0.0
2994,tierras comunales como lo hizo ese culero de dias ordas no esta despojando de nuestras propiedades c,16,0,0,0.0
2995,a dus mamadas de sedema corena ecoguarda conafor a un pueblo originario y autonomo mo indigena apart,16,0,0,0.0
2996,de p g d es una odisea llegar a la zona rosa con los bloqueos de la cnte asi ha sido toda la semana ,13,0,0,0.0
2997,de lo que te pagan para subir tu sentir dejame decirte que para muy poco te va a servir pues quien o,10,0,1,-0.1
2998,tus seguidores no corras ni quieras ser famoso eso se acaba en un parpadear es una estupidez de usa ,11,0,0,0.0
2999,jajaja pobre safado ay un problema grabe desde que alito no le hisieron nada y haora la maria campos,15,0,0,0.0
3000,patrias que pasara con guanajuato lo que es derecho no esta pando y me canso ganso los batea los pon,14,0,0,0.0
3001,pieza que donald trump se ocupe su pais y que claudia sheinbaum en el suyo que el gobierno de estado,11,0,0,0.0
3002,como buenos mexicanos con amlo buena informacion jobat echale ganas felicidades tengan presente que ,17,0,1,-0.058823529411764705
3003,pais se acobardaron ante los gringos asta que llegaron los verdaderos heroes claudia y obrador hay q,16,0,1,-0.0625
3004,a los ciudadanos mexicanos y destruir al bello pais mexico is a priority to extradit him first then ,17,0,0,0.0
3005,citizens ask for it mr president donald j trump it is a priority to extradit lopez obrador the leade,18,0,0,0.0
3006,rafita por favor ve el reportaje de quesadilla verdades hay un proyecto que viene de alemanes aqui e,17,0,0,0.0
3007,reatransmision llegando y dejando su like apoyemos a este canal de nuestro querido amigo rafa herrer,15,0,0,0.0
3008,comando elite que miedo con los sicarios ya ni voy a salir de mi casa me voy a volver ermitano poes ,9,0,1,-0.1111111111111111
3009,gracias a dios un excremento menos y si no es verdad poes en paz descanse mi humilde opinion ayo pen,13,0,0,0.0
3010,imaginate llarte brayan balbino pense que estaban peleando rutas de fantanello hacia murrica entonce,15,0,0,0.0
3011,el cristal del piloto en un vehiculo en movimiento no se entiende porque estos malandros no tiene su,12,0,0,0.0
3012,rata menos muerto el perro se acaba la rabia jajajjaja puras buenas noticias wey ah ok no hay pedo o,14,0,2,-0.14285714285714285
3013,por andar en misa y una lacra menos en la ciudad que investiguen a la fulana que llego corriendo seg,11,0,0,0.0
3014,en mexico nadie ayuda y menos llegan corriendo ja ja ja se llama brayan que esperaba el inutil estan,16,0,0,0.0
3015,leche estos fulanos van directo a la carcel o los watan por faroles asi es la ley auto de lujo en un,12,0,0,0.0
3016,investigan parece que tienen privilegios estas lacras estamos indefensos con este gobierno que prote,15,0,1,-0.06666666666666667
3017,no se pelien entre ustedes a mi me sucedio no hay barrio esas son putadas br esos son para banditas ,13,0,0,0.0
3018,cardoso ya ni siquiera la mana esta a salvo con este gobierno que tiempos aquellos con calderon que ,12,0,0,0.0
3019,un mugroso menos que buena noticia para empezar el dia asi terminan absolutamente todas esas escoria,11,0,1,-0.09090909090909091
3020,menos que gusto dan este tipo de noticias una rata menos en cdmx una lacra menos ahi la bronca es qu,9,0,1,-0.1111111111111111
3021,lleva al hospital ni idea tenia quien era y actuas de buena fe pero si no hay una evidencia clara ig,11,0,0,0.0
3022,siempre y el gobierno descansando la justicia entre malandros es rapida y expedita no como la nueva ,10,0,0,0.0
3023,la cdmx ahora las zonas caras la habitan ratas narcos y politicos ratas clara bruta da sabe bien que,14,0,3,-0.21428571428571427
3024,de los asesinos ya por el antecedentes del occiso dan carpetazo he aqui la total impunidad y corrupc,13,0,6,-0.46153846153846156
3025,obrador ojo pndjs la mujer andaba queriendo salvar a alguien que tal ves pudiera quitarle despues la,17,0,0,0.0
3026,corren por todos lados y topandose entre ellos mismos un pinche pendejazo menos la mafia aduenada de,10,0,0,0.0
3027,dieran piso era una manzana podrida hijo de pt paso a chingar al del carro estacionado es comomlas m,16,0,1,-0.0625
3028,los de la moto una menos ojala y no haya dejado semillas porque salen igualitos final feliz que inve,14,0,0,0.0
3029,entonces no era tan inocente que digamos eehh aahh no de perdio nada al contrario le hacen un bien a,12,0,0,0.0
3030,se perdio nada bueno nos liberaron de escoria gracias uno menos que bueno que se lo cargo la versh o,8,0,0,0.0
3031,cabron br br estoy harto de vivir en esta che ciudad con una sociedad podrida a href usando vaporiza,15,0,0,0.0
3032,colonias de alvaro obregon operadas por el crimen organizado que buena noticia una cucaracha menos l,14,0,1,-0.07142857142857142
3033,no tiene importancia esto una amenaza menos un lacra menos que bueno santos ajolotes morados dira cl,13,0,3,-0.23076923076923078
3034,da de baja entre si que el pinche gobierno desbilo destapado del canguado del cage estamando x h v e,17,0,0,0.0
3035,al chile que bueno y los demas cacas cuando falta aarrancar de rais esta mana lo bueno es que segun ,12,1,3,-0.16666666666666666
3036,el super paw patrol que ya disminuyo la violencia majinenje si no gracias a dios no paso nada los mo,14,1,1,0.0
3037,bienestar bolivariana claudia shiembaun ordaz lopez que sera traicionada por sus mas cercanos colabo,12,0,1,-0.08333333333333333
3038,autoridades que solo sirven y estan para tres cosas br br ni modo bendito karma el se lo busco uno m,10,0,0,0.0
3039,sin placas quien mata de hierro muere de hierro una lacra menos que bueno una lacra menos puras rata,11,0,1,-0.09090909090909091
3040,tu min a href el oficial fumando en la ambulancia xd unos profesionales estos capitalinos cobardes c,15,0,1,-0.06666666666666667
3041,jajaja una buena noticia bueno que en mexico siempre viven enojados o que pedu no se perdio nada una,13,0,1,-0.07692307692307693
3042,escribir saben se lo cargaron por rata excelente una maldita basura menos mis respetos a la senora q,12,0,2,-0.16666666666666666
3043,otros poniendo la basura en su lugar porque nuestro gobierno no puede una caca menos a huevo que sab,10,0,1,-0.1
3044,sus actos una lacra menos y la pena capital a sicarios cuando una entonces era un hijito la pregunta,9,0,1,-0.1111111111111111
3045,es que hace y de quien es socio pero dicen que ya bajaron los delitos videos para celebrar ya no qui,11,0,0,0.0
3046,no se llevo nada lo robado lo disfrutan otros tantas cosas que uno ve que uno escucha ojala algun di,10,0,1,-0.1
3047,tenemos que terminar con estas lacras de la sociedad un bryan menos quot inmortales en intocables qu,13,0,1,-0.07692307692307693
3048,el balbino se fue por donde vino quot por la chingada ya me habia preocupado crei era una tragedia b,17,0,0,0.0
3049,milenaria un chilango buchon menos de seguro era mayito flaco o ajuste de cuentas era cartel rival u,18,1,0,0.05555555555555555
3050,vivir persiguiendo el viento todo es vanidad y afliccion de espiritu que bueno un culero menos y has,11,0,0,0.0
3051,como no y ahora el negocio de la extorsion se lo queda otro pendejo malviviente y asi sucesivamente ,12,0,2,-0.16666666666666666
3052,br br y mientras la ciudadania somos los que pagamos los platos rotos con la inseguridad sin placas ,12,0,1,-0.08333333333333333
3053,punetasss chingando al pueblo que si paga impuestos gracias a dios se lo hecheron a esta basura huma,15,0,1,-0.06666666666666667
3054,no se metian con nadie ni amigos tenia jajajajaja jajajajaja y mas jajajajajaja y su esposa que c a ,11,0,0,0.0
3055,torturar personas que lastima que no estaba adentro para que tambien la mandaran al infierno tambien,10,0,0,0.0
3056,que se lo c rgo la v r g ya no alcanzo su episodio con saskia ni con joey stones ya no contara que l,13,0,0,0.0
3057,eso ya te tocaba carnal auto de alta gama sin placas pero el gobierno de la transformacion de ta nun,14,1,0,0.07142857142857142
3058,por el n rc son sus patrones y patrocinadores brayan no falla eh la pucha otra rata al panteon br as,13,0,1,-0.07692307692307693
3059,se lo cargo el payaso esa porqueria no valia nada essa que lo ayudo pronto esa estara en la carcel o,14,1,0,0.07142857142857142
3060,del mlnton ya sabemos la jente no se muere por que si cuando uno trae el culo sucio estas son las co,8,0,1,-0.125
3061,savemos exelente una rata menos pobre marrano que bueno pinche mugroso asqueroso tepiteno americanis,15,0,2,-0.13333333333333333
3062,moto estan bien bravo una rata menos brayan brayan brayan no mamen no le pongas esos pinches nombres,15,0,2,-0.13333333333333333
3063,que trabajan y la policia bien gracias como cuando sabes que es una limpia pero no sabes a quien agr,7,1,0,0.14285714285714285
3064,que si ya te llamas brayan no te queda otra que andar de malandro padres adolescentes piensen bien q,13,0,0,0.0
3065,historial criminal y no lo detenian inche seguridad publica de en mexico no te tocaba carnal babuino,17,2,1,0.058823529411764705
3066,mierda menos que bueno jajaja excelente un brian menos bueno la verdad no se pierde nada solo es una,10,0,1,-0.1
3067,la ciudad muy pintadita con ajolotes pero que tal la inseguridad sigan votando por la izquierda un t,14,0,1,-0.07142857142857142
3068,pero no pueden invertir en vidrios antibalas recojan su basura nooo eso debe ser falso br el jarfuch,13,0,2,-0.15384615384615385
3069,mexico y que todo es una campana de lis conservadores para desprestigiar al gobierno que hace tan bi,12,0,0,0.0
3070,de garcia luna br este es un estado fallido el gobierno no sirve para nada y solo protege a las band,13,0,1,-0.07692307692307693
3071,de lacras nadie los va a extranar solo sus complices ojala suceda mas seguido con estos sujetos que ,12,0,1,-0.08333333333333333
3072,que a hierro mata al hierro muere ley de vida bueno una menos en la ciudad le dieron piso a brian el,13,0,0,0.0
3073,vayas con tu motito de repartidor porque por cualquier cosa te quieren llevar al corralon no se perd,10,0,0,0.0
3074,todo empezo mal mexicanos de cagada una escoria menos jajajaja jajajaja jajajaja jajajaja no mames c,17,0,1,-0.058823529411764705
3075,de cuarta a disfrutar lo votado ya estamos listos para recibir el mundial y si ya saben quienes son ,10,0,0,0.0
3076,brayan que esperaaban hhhhaaaaa bueno no se perdio nada excelente una rata menos en la ciudad no se ,12,0,1,-0.08333333333333333
3077,lujo es mas que obvio que ay autoridades coludidas con estos extorsionadores mejor para el mundial l,15,0,1,-0.06666666666666667
3078,ote circulando en la zona exclusiva de metrobus parece que el gobierno de la ciudad les da lugar a c,11,0,0,0.0
3079,sin placas asi como si nada preguntome yo no que muy mergas tambien le entran las balas asi acaban l,10,0,0,0.0
3080,a los habitantes y lo mejor de todo gratis el favor el que a hierro mata un parasito menos el cual y,8,0,0,0.0
3081,buena noticia entonces no se perdio gran cosa auto de lujo sin placas quien era pues un ogte menos v,13,0,0,0.0
3082,must repent for the kingdom of heaven is at hand be born again for the remission of your sins and ke,15,0,0,0.0
3083,john br john i guess we are going to see a increase in mexico quot s produce due this storm hay cabr,14,0,0,0.0
3084,de lluvias paso por ahi se supone que no deberia aver construido en el serro esa gente quiere eso qu,10,0,0,0.0
3085,su presidenta que bienestar para todos los mexicanos quot estan bien quot quot espero que si porque ,12,0,0,0.0
3086,grabando che guajolote la culpa es de calderon y pena nieto y en este caso que pedo con los ajolotes,14,0,0,0.0
3087,toca uno llega ayuda br pueden nadar y rescatar a la gente br en pura pdjada se han gasto el dinero ,14,0,0,0.0
3088,evitar estas desgracias ojala no se tenga nada que lamentar por estos echos ni pex por la libre o po,13,0,0,0.0
3089,encuentren bien las personas amarillistas eso no es inundacion dejen que lleguen bien las lluvias y ,9,0,1,-0.1111111111111111
3090,nombre bajo el cielo dado a los hombres en que podamos ser salvos br hechos a href poco a poco se es,12,0,0,0.0
3091,a los idolos hay un salvador y les da vida eterna jesucristo no hay otro y los ciudadanos quot recom,13,0,1,-0.07692307692307693
3092,el drenaje de la ciudad y no para estupideces la principal fuente para las cosechas la siembra y agu,11,1,1,0.0
3093,la explosion demografica la casas y edificios estan en partes donde el agua fluye y se concentra lle,12,1,1,0.0
3094,llueva y nos quedemos sin agua para que nadie salga afectado por la lluvia como dicen todos los que ,9,1,1,0.0
3095,poco estuvo a punto la ciudad cdmx de llegar cero agua culpa de la administracion anterior ha pero e,13,1,1,0.0
3096,bomba de tiempo x la basura que hay abajo era un basurero municipal y esa basura se forman gases x e,14,0,2,-0.14285714285714285
3097,alli las autoridades si respondieron luego luego en cambio en chalco los dejan a su suerte no que se,12,0,0,0.0
3098,habitacionales el agua que cae ya no se filtra el los campos que antes habian en cuajimalpa y chimal,12,1,1,0.0
3099,de santa fe zona residencial y comercial hacen muchos edificios pero ninguna represa gracias mj omg ,16,1,1,0.0
3100,yo buscando a santa fe klan bajo el agua increible pensaban que nadamas pasaba en chalco ya no mas f,14,1,1,0.0
3101,si hay gente tan cochina que tira la basura y no espera al carreton de basura de verdad que siempre ,10,0,2,-0.2
3102,es de la gente que no tiene educacion le creen a tv azteca ya no vean esta porqueria que bueno para ,12,1,0,0.08333333333333333
3103,lo esta haciendo el gobierno de brugada para que salgan los ajolotes la carretera libre esta colapsa,11,0,2,-0.18181818181818182
3104,gota de lluvia en todo el dia y eso si hizo hoy un caloron del demonio cuanta agua me siento como pe,11,2,2,0.0
3105,hacer su partidos del mundial a ver si asi ponen atencion mejor en combatir la delincuencia ya dijo ,10,1,2,-0.1
3106,que construyen en areas protegidas lo malo no es eso no que les meten todos los servicios entonces s,11,0,0,0.0
3107,voy a decir pero nunca tenian que construir en esa area todas esas casas estan expuestas eda barda a,13,0,1,-0.07692307692307693
3108,de lejos lo mal k estaba y no le echen la culpa a orvananos son maestros pero albaniles corran a los,13,2,3,-0.07692307692307693
3109,todos somos franciscanos apoyo total a los maestros tambien vamos a marchar el dia de junio por la d,10,2,2,0.0
3110,ya maestros no tienen llenadera mafiosos largece a trabajar ya no lespagen mas que la mitad snte es ,12,1,2,-0.08333333333333333
3111,artos es verdad carcel para extorcionadores ya el gobierno pongan un alto a esta delincuencia organi,12,0,1,-0.08333333333333333
3112,moral etica y menos valores este dirigente todos los danos que provocan quien pagan somos los mexica,14,0,0,0.0
3113,pero muy buenos gracias por esos reportajes br diez saludos cnte maestra es amigo de internet saludo,17,1,0,0.058823529411764705
3114,maestra de mexico pensionados y grillos nada que hacer ni casa ya vi a los pobre ninos de chiapas y ,14,1,1,0.0
3115,diciendo nimodos otro ano escolar perdido faltan mas pruebas para que el gobierno pueda actuar contr,13,0,0,0.0
3116,tambien por delincuentes corruptos no les den nada con esas aptitudes no merecen nada y no de cubran,11,0,1,-0.09090909090909091
3117,centro de la ciudad de mexico que paguen sus destrozos ya basta de bloqueos no puede prevalecer el i,15,0,0,0.0
3118,bueno que se sigan manifestando los maestros a ellos les dan una miseria de salario y sobre todo con,8,2,1,0.125
3119,pri los de la cnte se ponen muy dadivosos con lo ajeno esos de la cnte son provocadores porros delin,13,0,1,-0.07692307692307693
3120,sea la misma fregadera queremos que se larguen y nos dejen trabajar en paz dan paso gratis que gener,10,0,0,0.0
3121,maestruchos delincuentes ya que trabajen son unos retrasados mentales quieren aprovechar el mundial ,14,0,1,-0.07142857142857142
3122,mexico ante el mundo y la gente en mexico las empresas pues si a ellos no les importa porque abria d,11,1,1,0.0
3123,no les de nada aca en tuxtla gutierrez chiapas todo lo contrario cobraron lo que cobraba la caseta e,13,1,1,0.0
3124,positiva solo perjudican la economia del pais desdichados bandidos y exigen seguir conservando sus p,17,0,0,0.0
3125,no deben tener a su caego la educacion de los ninos a todos que se pone felices porque estos golpist,13,1,0,0.07692307692307693
3126,hay baches inseguridad falta caminos los mexicanos apoyamos a los maestros primero resolvemos los pr,15,1,6,-0.3333333333333333
3127,no dream seguido son los mismos que causan caos de en la ciudad y casetas ya urge pero urge cambiar ,12,0,0,0.0
3128,hacen y en anos anteriores van a la sep con cuchillos en mano y golpean y secues tran a los trabajad,11,1,0,0.09090909090909091
3129,hijos en primaria o guarderia y aparte todos los destrozos que hacen como podemos pedir los ciudadan,12,0,0,0.0
3130,los dems ciudadanos o sea donde esta el estado de derecho para el resto de los ciudadanos cuando est,12,1,3,-0.16666666666666666
3131,hacerle dano a la ciudad y sus ciudadanos auxilio jaja el problema que las casetas estan en su mayor,13,1,0,0.07692307692307693
3132,asi para que hace pactos electorales el gobierno con ellos los maestros solo saben chantajear son ig,12,1,2,-0.08333333333333333
3133,nuestros hijos que no saben leer de corrido y la ortografia es lamentable bien caos y anarquia al me,13,0,0,0.0
3134,que esta en casetas para que esta mano dura pero ya aplausos para esos maestros ese tipo de manifest,10,1,1,0.0
3135,jajajaja deberian lavar los autos y camiones de a grapa tambien eso esta bien asi no percudican a na,14,0,0,0.0
3136,les pegan mas en su bolsillo alos duenos millonarios aqui es cuando se extrana al pri que les mandab,12,1,1,0.0
3137,que morena se ponga las pilas utilice la operacion garrote duro con los granaderos contra ellos todo,14,1,1,0.0
3138,son un vandalos pagados para hacer desastres la autoridad tiene que actuar de inmediato e impedir qu,11,0,1,-0.09090909090909091
3139,afecta en lo mas minimo al gobierno este show termina el viernes o el sabado ya claudia y brugada le,15,1,1,0.0
3140,libre esta con ustedes br si no hay justicia no hay mundial los maistros no maestros saben chantajea,15,2,1,0.06666666666666667
3141,toda la ciudad muchos reciben mejores pensiones y mas periodos vacacionales que medicos jubilados po,15,1,2,-0.06666666666666667
3142,te brinda un seguro si no lo tienes pierdes la proteccion pero que se puede esperar de estos troglod,9,2,0,0.2222222222222222
3143,hacer eso que bloquearlas y afectar a mas trabajadores y solo con perdidas monetarias al sector priv,13,2,2,0.0
3144,que el gobierno no podria hacer sin enfrentarse a blac rock y sus secuaces yo apoyo a los maestros q,10,1,1,0.0
3145,basta que siempre los maestros tengan que sufrir hambres vejaciones humillaciones no queremos fubt b,14,1,1,0.0
3146,politicos y gobernarcotraficantes habra que hacer con cuentas para descontarles a todos esos burros ,8,1,0,0.125
3147,entrando en casetas porque le pegan a nuestros impuestos a nuestras obras a lo que se esta haciendo ,9,0,0,0.0
3148,tambien lo tienen las mejores prestaciones el examen del jurado los sueldos y todavia quieren mas y ,10,0,0,0.0
3149,para los profesores noooo ese viejito no se le entiende nada lamentando su senal fue sacada en telgu,16,0,0,0.0
3150,por el tiempo con certeza que vamos a seguir con lluvia saludos y bendiciones porque en el mapa nunc,12,0,0,0.0
3151,como dice el clima ya no lo voy a ver buenos dias muchas gracias por su informacion oshtiaaaa cdmx s,11,0,0,0.0
3152,ayude a todas las personas que estan pasando situaciones como estas por las lluvias eso pasa cuando ,10,0,0,0.0
3153,drenajes de hace anos dios nos ampare asi empiezan los juicios divinos xq se han olvidado de los man,11,0,0,0.0
3154,quot sobre todas las cosas quot br amaras a tu projimo como a ti mismo br no tendras quot dioses o d,12,0,0,0.0
3155,adoraras br no quot robaras br no quot mentiras quot br guardaras el shabat o dia de reposo no domin,20,0,0,0.0
3156,etc br no desearad la mujer de tu projimo br br los cumplen vienen cosas peores esto solo es un avis,14,0,0,0.0
3157,hacer conciencia y recapacitar x preguntarse x q tanta lluvia y calor frio es q si se dan cuenta est,16,0,0,0.0
3158,pedirle perdon a dios oremos por nuestro pais es sillent hill ah pero el gobierno dice que estamos l,14,0,0,0.0
3159,amen amen que horror que panico que bueno que ya no trabajo por alla sino me lleva la china que mied,13,0,0,0.0
3160,kk s como ofrenda a trumpchilopostli dios todopoderoso protegenos calma las tempestades en tus manos,15,0,0,0.0
3161,claudia este tras las rejas tlaloc tomara venganza porque el cuyo comercializo a la aguila azteca ah,15,0,0,0.0
3162,va a matar gente para afectar a claudia no no tres sexesenios sin robar duelen no no ni tlaloc quier,13,0,0,0.0
3163,bloqueos de cnte y obras inconclusas ya nos exhibiste claudia ya nos exhibiste no saben hacer si dej,13,0,1,-0.07692307692307693
3164,como dice se les falta educacion etica lo demas no tiene fundamento buenas noches bendiciones que mu,16,1,4,-0.1875
3165,quiere que uno de wstos simios eduquen a sus hijos no luchan por nada luchan con el dinero que les p,13,0,0,0.0
3166,un evento como reunion fiesta marchas juntas mitines etc debe de ser responsable de quienes asistan ,16,2,0,0.125
3167,heridos y si ellos no estan con los encapuchados pues los deben de atrapar desenmascarar hacer confe,10,1,2,-0.1
3168,y su bola de acarreados ellos tienen derechos to tambien destruyen y nada hacen orina y defecan en l,13,1,1,0.0
3169,y mis hijos al trabajo usen tanques de agua y que se largen los verdaderos manifestantes antes no se,14,1,2,-0.07142857142857142
3170,un manifestante que busca un beneficio busca danar tras el anonimato pueden ser narco ingerencistas ,15,1,1,0.0
3171,padres de familia que lo podemos aser pero que ya no regresen a mi comunidad br yo les pago y exijo ,12,0,1,-0.08333333333333333
3172,nos estamo movilizando para eso siempre ano tras ano mis hijo llegan retrasados a la secundaria al p,14,0,0,0.0
3173,las escuelas sin clase que vaya uno dos a representarlo pero que no se abandonen a nuestros hijos ah,8,1,0,0.125
3174,regresen los mastroque abandonen su trabajo en verdad me gustaria que les mandaran los antimotines y,9,0,0,0.0
3175,maestros no se enganen son verdaderos malandrines vividores de nuestros impuestos esos no se les pue,14,2,2,0.0
3176,estupidas ya dejenos en paz y largense a a sus lugares a cerrar sus calles y perjudicar a tanta jent,12,1,0,0.08333333333333333
3177,largense cansi ni trabajan y si les yega el pago todo el tiempo quieren que se les aumente cuando ti,9,0,0,0.0
3178,los profesores se burlan de los alumnos y los humillan y si te quejas la sep no hace nada dice que p,12,1,0,0.08333333333333333
3179,y las autoridades se lavan las manos nunca ellos estan al cuidado pero eso si exigen aumento deberia,11,1,0,0.09090909090909091
3180,haber si tienen derecho a aumento maldito narco gobierno y su puto mundial eso les prometio la t y t,11,0,1,-0.09090909090909091
3181,dedo y ya donde estan los gustavos y los luises cuando se les necesita lugo se quejan si la policia ,12,0,1,-0.08333333333333333
3182,y pintas a su casa maestros o bandalos que les descuenten de su sueldo todos los lemanes que hagan l,11,1,1,0.0
3183,causen mas destrozos y asta posiblemente una tragedia quien va a poner a mexico abajo con paro o sin,10,0,0,0.0
3184,maestros hagan sus desastres afecta a la ciudad y a los ciudadanos no se vale que destruyan todo a s,12,1,1,0.0
3185,que no rompan nada no ayudan mucho al pais apenas su sueldo es justo xq no trabajan muchas un obrero,8,0,0,0.0
3186,educacion q los mismos maestros prepotentes cua do ellos dan el primer ejemplo vandalico hacia los b,8,2,1,0.125
3187,q en la casa dan malos ejemplos si es cierto son puro pendejo imaginense q ejemplo para los estudian,12,1,0,0.08333333333333333
3188,verdaderos maestros tambien sus horarios de trabajo son de pocas horas y tienen vacaciones de meses ,13,1,1,0.0
3189,que se dicen maestros eso era ayer cuando tenian a la musulmana en las calles con sus seguidores bol,11,2,1,0.09090909090909091
3190,delincuentes ahora hasta las marchas des cubren prensa de mierda asquerosa televisa ahora como tambi,15,0,1,-0.06666666666666667
3191,en la misma hoya y nivel mundial es lo mismo alemania subio el gas el e igual ke la energia electron,13,2,0,0.15384615384615385
3192,electrica tambien preguntele a anaya ke robo energia electrica para su fabrica de fertilizantes y fe,18,1,1,0.0
3193,que de maestros no tienen nada son unos flojos vendidos y agresivos que solo vienen hacer destrozos ,12,1,1,0.0
3194,es evidente que la educacion de sus alumnos no les importa solo quieren sacar mas del erario publico,11,1,0,0.09090909090909091
3195,de encuentro ala verga maestros de la queeee sera del desorden tu tambien eres complice el pueblo lo,13,2,1,0.07692307692307693
3196,los maestros son violentos son vandalos son delincuentes asesinos que de verdad no hay quien pare a ,12,1,3,-0.16666666666666666
3197,complices ya es intolerante pinchis perros el pueblo en general debe de responder ya que el gobierno,13,1,1,0.0
3198,y la saga el universal reforma los apoyan jajajajajaja por eso no querian que siguieran las clases h,11,0,0,0.0
3199,destrozos y el ctem responde nos deslindamos de ellos y al dia siguiente estan de vuelta a quien qui,12,1,2,-0.08333333333333333
3200,esos son los maestros entonces quienes son los pandilleros que ejemplo dan cnte delincuentes ridicul,10,1,3,-0.2
3201,es una dictadura comunista hacen dano a los inmuebles si hacen dano alas personas trabajadoras si lo,15,0,1,-0.06666666666666667
3202,huevones deberian electrificar esas vallas ni siquiera an de ser maestros no le deverian de permitir,12,1,1,0.0
3203,su merecido se dicen maestros y que ejemplo de dan a los alumnos no quieren negociar son unos delinc,10,1,2,-0.1
3204,santa paz no causarian destrozos que los metan a todos a la carcel no les da derecho a ser sus desma,11,0,0,0.0
3205,siquiera los apoye quieren hacer su santa voluntad y mano dura contra esos que se dicen ser maestros,14,1,1,0.0
3206,no son maestros esos son vandalos pobrecitos se dejan utilizar por unos mugres pesos jajajaja son un,16,1,1,0.0
3207,evitar todo eso los que esten encapuchados o con arm s los detengan al momento o sacarlos d la march,9,0,0,0.0
3208,permitirles hacer d strosos ya les gusto hacer su desmadre que los retiren con pipas de agua no los ,12,1,1,0.0
3209,r esos de la cente quieren mas dinero no tienen llenadera cada ano quieren mas y mas si esos son los,10,1,1,0.0
3210,una sociedad podrida la pregunta es quien los financia y cuales son las intenciones reales detras de,13,0,1,-0.07692307692307693
3211,no han de ser maestros esos son vandalos delincuentes su lucha es justa br no son atendidos ni escuc,12,1,3,-0.16666666666666666
3212,de la cnte son provocadores y corruptos br son delincuentes br los controla el prian apoco esos son ,13,2,2,0.0
3213,digo que si los desaperecen no habria problema denles en su madre ojetes huevones lacras huevones bu,14,0,0,0.0
3214,en punto con enrique acevedo aqui en argentina se emite de lunes a viernes a las pm si los agarran a,11,0,0,0.0
3215,la autoridad para detener a todos estos vandalos br no es posible que permitan que estos delincuente,12,0,1,-0.08333333333333333
3216,ridiculo br mundial son criminales y deben ir a prision otros criminales que se burlan del pueblo de,15,1,3,-0.13333333333333333
3217,para hacer esto a la vista del mundial ya deberian darles un escarmiento saquenlos de ahi no son mae,13,1,1,0.0
3218,de los maestros cada ano es lo mismo y se pensaba que con el aumento al salario base minimo diario s,12,1,1,0.0
3219,respectivo retroactivo integrado la proxima subida es mejor que pidan incremento para su retiro en r,16,1,1,0.0
3220,muchos dias de asueto feriados son privilegiados en vacaciones y prestaciones sociales por encima de,15,1,1,0.0
3221,de ninos es un riesgo br br que saquen a toda esta gente de las escuelas y a la carcel por cometer a,13,2,2,0.0
3222,una bola de vandalos que los corran y los metan a la carcel hay millones de jovenes maestros que qui,13,1,1,0.0
3223,quincena por trabajar vale madre mantener a tanto nini pendejo y las tranzas de los chokoflanes andy,18,0,0,0.0
3224,quiere justicia se ha pedido el dialogo y el mario delgado dice una cosa en youtube tiktok y los not,12,0,0,0.0
3225,cerrados quieren por sus webos hacer del maestro un pendejo nos ve como pobresores porque el vive en,12,1,0,0.08333333333333333
3226,precio que le importa la educacion si el disfruta de una vida como en suiza sus hijos los mandara a ,13,2,1,0.07692307692307693
3227,estan haciendo destrozos jaja no sean mamones son vandalos o maestros por que parecen bestias total ,14,1,1,0.0
3228,calderon y fox esta presidenta que dialogue con estos revoltosos de la cente estas destruyendo la ci,13,2,0,0.15384615384615385
3229,me sigan que estos delincuentes son maestros por favor quienes estan de tras de todo esto jente mier,14,1,2,-0.07142857142857142
3230,todos esos seudo maestros y esquiroles del neoliberalismo pues porque el gobierno no dialoga solo se,13,1,1,0.0
3231,ahi estan los buenos maestros ya deberian haberlos avisado de que se retiren del centro de la ciudad,11,2,2,0.0
3232,jamas andan encapuchados los policias del grupo de choque de la t si el trompas les esta pagando pur,12,0,2,-0.16666666666666666
3233,la autoridad br gobierno de papel dan lastima esos son dlelicuentes pagados por el prian no saben co,16,0,1,-0.0625
3234,traten bien si son unos desmadres esos destructores son pagados por alguien que quiere culpar a los ,14,2,4,-0.14285714285714285
3235,che desmadre esos son los maestros que nos representan y educan a nuestros ninos no inventen por eso,11,1,2,-0.09090909090909091
3236,deberian mandar al ejercito y poner un alto a esos delincuentes estos mafiosos terroristas guerrille,12,2,4,-0.16666666666666666
3237,mexico personas honorables por eso los ninos crecen delincuentes no se ven muy maestros esos no son ,17,2,5,-0.17647058823529413
3238,gy mb dv ujg ksify lzfolm akanydqag a a href uckszu wh gy mb dv ujg ksify lzfolm akanydqag a a href ,26,0,0,0.0
3239,akanydqag a a href uckszu wh gy mb dv ujg ksify lzfolm akanydqag a a href uckszu wh gy mb dv ujg ksi,22,0,0,0.0
3240,y apenas la quieren abrogar algo esta raro alguien los esta manipulando pinchis desquehacerados buev,15,0,0,0.0
3241,chayoteros la basura politica del momento bueno parece que la nueva dinamarca no es un buen pais par,13,1,1,0.0
3242,o estudiante br o enfermo carcel para estas malditas ratas vagos que hagan lo que tengan que hacer p,11,1,1,0.0
3243,enojados con el estado valen mas sus derechos que cualquier monumento pinches animales seudo maestro,18,1,1,0.0
3244,les paga trump maestros son unos porros violentos que iban armados con tubos petardos y otras cosas ,16,1,2,-0.0625
3245,lo que estan haciendo ya no debe seguirse tolerando deben de meterlos a la carcel que paguen por tod,8,0,0,0.0
3246,que asignen las plazas a maestros de verdad que les interese la educacion y en la noche puro borrach,14,2,1,0.07142857142857142
3247,exigencia de derechos y sus obligaciones puro resentido vividor ahora si se delsindan si desde un in,13,1,1,0.0
3248,el chivo con tontera ya retirenlos que absurdo que falta de valores que falta de respeto va a ser he,14,0,6,-0.42857142857142855
3249,nuestras demandas centrales jajaja pinche vieja ridicula que compren escaleras para subir las vallas,18,1,1,0.0
3250,es el mundial de lopez obrador en donde esta la guardia nacional a ellos es a quien deben de detener,10,0,1,-0.1
3251,prian como ya no pueden robar mandan delincuentes deberian echarles agua para que se vayan estois lo,14,2,3,-0.07142857142857142
3252,delincuentes echeles agua para que se calmen asi pero el gobierno tiene la culpa a su manera tiene l,9,1,2,-0.1111111111111111
3253,estupido gente total a apoyo a los profesores el gobierno no debe modificar los articulos loo que ya,12,2,1,0.08333333333333333
3254,de ayotzinapa estos no son maestros son golpeadores del prianmc son uno h de su ch p p p m cuatro fa,14,1,1,0.0
3255,haciendo destrosos encerrar a los lideres se largan a dar clases asquerosos si tan solo hubiera exis,12,1,1,0.0
3256,el dia si seguian faltando se les quitaba la plaza donde ya no podian heredar plazas y tenian que ha,11,0,0,0.0
3257,seguir dando clases si tan solo alguien hubiera hech a pues si la hizo pena y narcocacamlo y narcomo,10,0,0,0.0
3258,maestros nomas que aprendieron bien de narcocacamlo y ahora quieren mas y mas justo como narcocacaml,12,2,2,0.0
3259,cerrada las av principales por unos cuantos por mucho que tengan derecho de manifestarse que nacos s,12,0,0,0.0
3260,tomar de reenes a todos los mexicanos son unos delincuentes que no les importa la educacion de estad,13,2,1,0.07692307692307693
3261,estuvo como jefe de policias no dejaba que los manifestantes cerraran totalmente la vialidad como lo,12,0,0,0.0
3262,porque unos cuantos inutiles tenian cerradas av reforma y eran de los mundos salvajes dis que sus pe,15,0,0,0.0
3263,vialidades hacen de su santa voluntad mientras ninos mamas abuelitas tienen que caminar tanto que se,12,0,0,0.0
3264,maestros viejos pansones y senoronas muy pansonas bien que lo podrian repletar como lo hacia ese tal,15,2,2,0.0
3265,que ser omisos tambien es delito puras jaladas hacen destrosos ya corranlos esos no son maestros sup,13,2,1,0.07692307692307693
3266,reten a golpes a estos quot maitros quot aqui es donde si me hubiera gustado que el gobierno fuera r,12,0,0,0.0
3267,de la sente son golpeadores y viles delincuentes pagados por la oposicion apoyo al magisterio esas s,13,0,1,-0.07692307692307693
3268,cubierto se separaron del contingente es obvio que como siempre le hacen es un grupo de choque del p,10,1,2,-0.1
3269,restarle importancia rebajandolos asi a simples delincu ntes y mover la opinion publica en su contra,14,1,0,0.07142857142857142
3270,diga se lo merecen etc esta estrategia para demeritar luchas sociales es muy antigua y la gente toda,12,0,0,0.0
3271,cuando veo stas acciones se extrana a los gobiernos que les daban la chinga que clase de cavernicola,14,0,0,0.0
3272,una banda de delincuentes y malhechores han de ser los maestros de los grupos del bloque negro yo m ,12,1,2,-0.08333333333333333
3273,disque maestros q causan destrozo permitido x el mismo gobierno a donde iremos a parar con tanta vio,14,1,2,-0.07142857142857142
3274,los cargos publicos d gobierno los politicos q no saben gobernar nuestro pais ya basta d tanta viole,15,0,1,-0.06666666666666667
3275,q no saben como sacar al pais adelante dejen esos cargos publicos q les quedan muy grande sufragio e,15,0,0,0.0
3276,tanta violencia q les estamos ensenando a nuestros hijos si la sep reconoce que un grupo de infiltra,10,1,2,-0.1
3277,el narco gobierno de morena para reventar las marchas pasificas recuerden muy bien a los del bloque ,13,1,2,-0.07692307692307693
3278,grupo de infiltrados y descubrirles el rostro y hacerlos confesar que quien los manda quien es su je,12,0,1,-0.08333333333333333
3279,detras de este grupo de choque la solucion es escuela por internet los maestros se pueden suplantar ,12,2,3,-0.08333333333333333
3280,esos mounsttuos eduquen a nuestros hijos que paro nacional ni que su chingada madre metan al bote a ,12,0,0,0.0
3281,pinches vandalos porros pagados por la oposicion estos cabrones deben ser metidos a la carcel asi ha,11,1,0,0.09090909090909091
3282,apoya estos as cavernicolas no tienen llenadera ya basta con esta pelusa esos son pagados yo soy mae,12,1,1,0.0
3283,sin esos hijos del pri y del pan que traza de maestros sin esos ojetes maestros salvajes metan al bi,14,2,2,0.0
3284,es marcha es una delincuencia organizada del prian de alo moreno esos simios y delincuentes no son m,13,1,3,-0.15384615384615385
3285,algo el gobierno con esos parasitos q los corran eso ensenan alos alumnos todo el tiempo quieren mas,11,0,0,0.0
3286,lopez obrador asi que no se quejen mis padres fueron maestros por casi decadas y afortunadamente con,10,1,1,0.0
3287,de decir que ensenan los peores indicadores de todo el tiempo es en sus estados br cnte el gran fast,8,0,0,0.0
3288,ninos de sus estados y las economias que afectan de donde van y hacen destrozos esos no son maestros,10,1,1,0.0
3289,tren transismico no se puede echar a andar x estos ganan bien ya a la carcel a todos estos vandalos ,14,1,3,-0.14285714285714285
3290,puros vandalos deberian meterlos a todos a la carcel todos los anos hacen lo mismo olle y el estadio,12,0,0,0.0
3291,lleva meses sin pagarle a empresas y contratistas y yo trabajo para uno y llevo un mes sin mi paga e,12,0,0,0.0
3292,la marina a dar clases manifiestense en las colonias de alto valor economico si los dejan entrar ahi,13,0,0,0.0
3293,a su pueblo sabemos que esto no es mexico y estos no son maestros y yo esta ay y no se vio esto mier,8,1,1,0.0
3294,eso estan tan mal los mexicanos que veten a todos esos disque maestros y otra cosa esta manifestacio,11,1,2,-0.09090909090909091
3295,aportaciones alas afores que de la noche a la manana paso de a mas de mil esto deja sin pension a to,12,0,0,0.0
3296,por anos fue mermando a todo trabajador el outsoursing fueron los de alito quot maestros quot mental,14,1,1,0.0
3297,listo la mayoria si son maestros estos estan obligados engrosar las manifestaciones en pro de la cnt,13,1,2,-0.07692307692307693
3298,encapuchados son miembros directos de la cnte y es mas comodo para esta deslindarse de cualquier res,9,0,1,-0.1111111111111111
3299,no se les cree violentos esos no son maestros que no les paquen esos no son maestros son bandalos qu,7,2,2,0.0
3300,agarrenlo hubieran ido al nark mitin de la desnalgada inepta los escucha porque los escucha jajajaja,19,1,1,0.0
3301,que nadie los apoya siguen de huevones que no les depositen su quincena cuales maestros un maestro n,13,2,1,0.07692307692307693
3302,opinaar para mexico no sacan nada de albania gracias por ver nuestro noticiero a href saludos a todo,17,0,0,0.0
3303,trump is the best president the ee uu congratulations dios esta contigo siempre amen congratulations,19,0,0,0.0
3304,congratulations os empregos nos estados unidos da america so os empregos dos imigrantes nos estados ,15,0,0,0.0
3305,fifa de futebol o ice pode prender vc para verificar vc isso pode durar mais de meses infelizmente o,21,0,0,0.0
3306,estados unidos da america infelizmente para os estados unidos da america infelizmente infelizmente n,13,1,1,0.0
3307,mandados por los ultra derechistas prianistas y otros vandalos eso son haganlos que pagen todos los ,13,0,0,0.0
3308,perder por andar cerrando carreteras no son maestros son delcuentes sin llenadera todo el tiempo pid,14,1,1,0.0
3309,clases profesores eso es un cartel cartel snte ke secuestran la ciudad para pedirle dinero al gobier,17,0,0,0.0
3310,en un monton de violentos vendidos para educar a nuestros hijos quie paga las comidas esos no son ma,11,1,2,-0.09090909090909091
3311,trabajabanalgunos mafiosos del sindicato organizan esto curiosamente estos desmadres son ciclicos co,17,0,0,0.0
3312,al mundial de futbol br vergenza jajajaj y los chilangos viendo como destruye su ciudad y son casi b,16,0,0,0.0
3313,son educadores o delincuentes y estos ciudadanos son los encargados de la educacion en mexico que ve,11,2,2,0.0
3314,por anos y bye puros vividores que danan cosas que le pertenecen al pueblo de mexico no lo permitamo,11,0,0,0.0
3315,el colmo en lugar que se pongan a trabajar es plan con mana como saben que el gobierno les da dinero,9,0,0,0.0
3316,entra el ejercito y los quita estan en su derecho honestamente estos maestros creen que dando esa im,14,2,1,0.07142857142857142
3317,inconformidad msnden a su srio sindical que para eso cobra esta es la peor forma de arreglar un conf,12,0,1,-0.08333333333333333
3318,se quejaron antes esto suena raro ojala y tomen asi el estadio azteca dentro de dias sin unos hdspt ,13,0,0,0.0
3319,en consideracion en los trabajos cnte cuando vas a volver a dar clases a los ninos muchas demandas p,14,0,0,0.0
3320,que se dicen maestros de la coordinadora son unos flojos irresponsables y actuan como delincuentes p,11,2,3,-0.09090909090909091
3321,mexico br que bueno que no se dejen enganar zasss clauss y tu mundial quita tus comentarios de hacie,11,0,0,0.0
3322,si hasta cuando se aplicara la ley contra estos seudo maestros que no les interesa la educacion solo,13,2,1,0.07692307692307693
3323,chilanga que sin deverla ni temerla tengan que lidiar con los disque maestros lo mejor seria cancela,15,2,2,0.0
3324,los de morena estos disque quot maestros quot se la pasan mas jodiendo a terceros que dando clases t,15,1,2,-0.06666666666666667
3325,ni un peso a estas personas que suspendan su salarios no devengados despues de recorrer nuevamente e,15,0,0,0.0
3326,remodelacion estuvo a la altura de lo que representa este estadio historico o esperaban mucho mas br,12,1,0,0.08333333333333333
3327,no lo presentaron como otra cosa es muy claro quienes quieran disfrutar lo haran y quienes no lo cua,11,0,0,0.0
3328,transite por esta quot ocurrencia quot hecha al vapor y cariiisimaaa por si se cae saludos como esta,14,0,0,0.0
3329,primero los paleros delos maestros poniendo el ejemplo ala juventud haciendo desmadres i hotra tlalo,16,1,1,0.0
3330,votar por morena no rezar tres veces al dia y pensar en tu vecino casado sarcasmo de que se quejan c,11,0,0,0.0
3331,nuevos a la mejor ni se han enterado por que estan en su casa en aspen o en suiza todo es el resulta,8,1,0,0.125
3332,quiza nunca se debio fincar el cartel inmobiliario del pan y un largo etcetera finalmente la natural,18,0,0,0.0
3333,pan que son insaciables es la segunda vez en este ano br porque ya en varias ocasiones se ha inundan,10,0,0,0.0
3334,nuevo br de seguro por corrupcion del gobierno de interlomas permitieron construir ese edificio porq,16,0,2,-0.125
3335,climatico apocaliptico en marcha y lo que falta el diluvio universal inminente lo normal cuando vive,15,0,3,-0.2
3336,dame la gracia de recibir el espiritu santo de dios y la gracia de amar como tu hijo jesus nos quot ,16,0,0,0.0
3337,sangre de cristo salvanos a nosotros y al mundo entero padre eterno te ruego por todos mis familiare,16,0,0,0.0
3338,por una noche mas carlos tiene que descansar porque se le ve algo agotado virgen de la paz proteje a,13,0,0,0.0
3339,a mexico amen preciosa sangre de jesus protejenos virgencita reina de la paz intercede por mi y mi f,17,0,0,0.0
3340,hijo de david ten misericordia de mi y de mi familia entera mexico ay que mandar a los inmigrantes l,13,0,0,0.0
3341,y segun alejandra rojo de la vega dice que la cuauhtemoc es la delegacion mas segura pues si se desa,10,0,0,0.0
3342,nada excelente felicitaciones al gobierno por detener a esta bola de drogadictos narcos extorsionado,15,0,2,-0.13333333333333333
3343,amenazan y pues a quedarse callados br br no puedes culpar a los del hotel incluso ni a los empleado,14,0,0,0.0
3344,o peor las represarias br ver y callar gracias jueces corruptos que son parte de estas lacras el dia,13,0,0,0.0
3345,dejar libre a cualquiera y de que sirve si ya estan libres en plena era digital y su audio va desfas,13,0,0,0.0
3346,otras armas se las apropiaron lis polipuercos detenerlos es una cosa juzgarlos es otra historia puro,15,0,0,0.0
3347,hacer sus fiestitas y apenas les alcanza para un hotel jajajajaj entiendan estos mugrosos no son nar,14,0,1,-0.07142857142857142
3348,creen como se creen puro mugroso se deberian de llamar nacofiestas puro shrek duro contra los angeli,18,0,0,0.0
3349,que investigen tambien al alcalde de metepec la betzabe jaja ahi mismo en el hotel habia in entran h,10,0,0,0.0
3350,dan seguro les pagan lo que quieren y por nesecidad acepta el trabajo pura gente decente dios mio en,12,0,0,0.0
3351,son la tonteria jugando a ser delincuentes br son unos delincuentes los deberian meterlos a la carce,13,0,2,-0.15384615384615385
3352,a los delincuentes no van a tener miedo porque los siguen considerando ninos que ya no lo son que bu,9,0,1,-0.1111111111111111
3353,suelten aun que uno de ellos sea menor de edad tenerlo en la carcel y asta que cunpla la mayor de ed,14,0,0,0.0
3354,trabajo c y los papas bien a gusto viendo el progreso de sus malandros que ya trabajan pero cuando l,11,2,0,0.18181818181818182
3355,gritando que los quieren vivos esos hoteles deben ser clausurados de seguro ya andan libres gracias ,16,0,0,0.0
3356,los hoteles que bueno que atraparon a los regatoneros vergeros exelente trabajo officiales por atrap,14,0,3,-0.21428571428571427
3357,delincuentes malvivientes puro pusilanime huevon agarran a los mas idiotas que se enfoquen a ir por ,11,0,1,-0.09090909090909091
3358,mas tontos seran nacofiestas los de estos lacras se sienten millonarios y son puros lacras el estier,13,0,0,0.0
3359,el verdadero terror por que en mexico las carceles los tratan como reyes y siguen delinquiendo y man,12,0,0,0.0
3360,dan pena por que parecen que estan en sus casas los socios de esos moteles siempre son delincuentes ,10,0,1,-0.1
3361,quiere ir a la cuidad ya con los nombres te das cuenta urge pena de muerte en este pais que toda esa,11,0,0,0.0
3362,libertad para poder estar armados y portando para poder defendernos somos mas los buenos donde estan,10,0,0,0.0
3363,sus mamas se hacen las victimas despues llorando al gobierno que busquen a sus hij s y como sabiendo,11,0,1,-0.09090909090909091
3364,por eso mexico esta jodido de personas endejas q se sienten superiores consimiendo porqueria la culp,14,0,0,0.0
3365,usar celular y tienen cuenta face esta mas pendiente del chisme de la vecina y no lo que hacen sus h,12,0,0,0.0
3366,no se por que estos reportes hacen parecer como si se hiciera justicia si nadamas les van a cobrar u,10,0,0,0.0
3367,dinero del crimen para las autoridades megustan mucho tus reportajes mi c y tu me caes muy bien solo,10,0,1,-0.1
3368,labor narco morena protege a la union los usa como paleros esos chavos son futuros neurociruganos y ,16,0,1,-0.0625
3369,un dron de casualidad como los persas estan aventando y de casualidad cae uno ahi y asunto arreglado,14,0,0,0.0
3370,y ahora surgiran nuevos integrantes no se que hago viendo esta porqueria de pseudoperiodismo es peno,12,0,0,0.0
3371,menos en tijuana tambien hay muchos lacrosos y rateros una operacion enjambre en el barrio de tepito,12,0,1,-0.08333333333333333
3372,agarran a un chingo de lacras pero donde chingados los meten si llano ay cupo o les toman la foto y ,14,0,0,0.0
3373,son adultos ya les pueden dar cran al alacran y los padres de familia superados por los hijos despue,12,0,0,0.0
3374,esta mugre de personas son mugrosos pero si los meten a la carcel no se reforman salen peor de lo qu,12,0,1,-0.08333333333333333
3375,las colonias de la cd de mexico las bolsitas son para mini sandwichs en primera que los guarden en l,11,0,0,0.0
3376,mujeres en segundo sin dercho a fianz y en tercero clausuren el hotel los encierran y luego que como,11,0,0,0.0
3377,la cabeza vas a decir que no apenas los subes ya hasta unas salieron ya estan fuera tienen que lleva,9,0,0,0.0
3378,cuando lei quot caen quot me ilusione pero no solamente han sido detenidos quiza por unas horas sola,10,1,0,0.1
3379,entonces de nada sirvio puro escandalo para nada les falto decir que todos estos mugrientos cobran s,13,1,0,0.07692307692307693
3380,jovenes construyendo el futuro ya no hay noticias de los invasores colombianos o venezuela y de otro,13,0,1,-0.07692307692307693
3381,union van a recibir muy bien a los extranjeros y por que no invsutan el hotel y ahora agarren s los ,12,0,0,0.0
3382,y nunca salgan que tristeza ver estos jovenes echando a perder su vida los padres no les preguntan q,11,0,0,0.0
3383,de esas fiestas tiene conocimiento la ssc y pdi y como pagan no les hacen nada br br ja y les toparo,13,0,0,0.0
3384,solo presento esas puro mollera sumida sin por venir escoria de la humanidad es una bil mentira soy ,12,1,0,0.08333333333333333
3385,todo es inventado para subir estadisticas y a las pruebas me remito y la mayoria son jovenes con est,12,0,0,0.0
3386,inventando como siempre puro premio nobel orgullo del pais muy bien les hubieran dado piso ahi mismo,14,0,0,0.0
3387,detener a los que hacen sus antros callejeros en tepito exigimos un castigo ejemplar para delincuent,13,0,1,-0.07692307692307693
3388,si puro mugroso como la sandra ay tuuui como crees pura gente bonita y porque no buscan a los papas ,14,0,0,0.0
3389,cuenta que todos escuchan la misma musica br br br y luego dicen que eso no importa pura chingadera ,13,1,0,0.07692307692307693
3390,su mamita se nesesita un cecop para que la vivan y respeten al pueblo travajandor mano dura puros co,16,0,0,0.0
3391,brandon y la betza caen y caen criminales y todo sigue igual al rato los sueltan quiten sus letras n,14,0,1,-0.07142857142857142
3392,defendiendo a las ratas shingo de r y solo les quitaron pistolitas porque los de las metras tenian p,13,0,1,-0.07692307692307693
3393,juventud tan estupida puro mugroso chaka que no solo roba motos si no el oxigeno que necesitamos par,15,0,0,0.0
3394,falta sandra cuevas la remora buchona no se preocupen van a salir rapido porque las leyes los proteg,14,0,3,-0.21428571428571427
3395,libres si seguimos asi en el futuro estaremos peor cuando era el salvador de que sirve que los deten,10,0,0,0.0
3396,menores de edad por eso hay tanta madre buscadora por verguerxs y si las autoridades saben x que no ,12,0,0,0.0
3397,el b orden b a estas lacras br pero a clara brugada le da miedo acabar con esas lacras sobrinos de s,15,0,0,0.0
3398,los jueces con billete en mano faltan los lideres cabecillas principales del narcoacarreofest no nos,13,0,1,-0.07692307692307693
3399,detenerlos la poli de la municipal grupo goe lastima que lo de la poli es para la poli traian armas ,13,1,0,0.07692307692307693
3400,deberian detenerlos deberian desvivirlos y decir que fue en accion que jovenes tan bien educados y p,12,0,0,0.0
3401,de delinquir las leyes son una porqueria estan echas para protegerlos chale lakratepec pues si pero ,14,1,0,0.07142857142857142
3402,mas malignos que el virus del hebola luego ahi andan sus mamases todas fodongas descuidando el puest,12,0,0,0.0
3403,ahi anda llorando les y inventando se que sus hermosos princesos no hacian nada malo que tenian beca,11,1,0,0.09090909090909091
3404,hay su mural con alitas ahi en la colonia el kevin el brandon la betzabel donde estan las demas arma,10,0,0,0.0
3405,pura cagada en el zoo como siempre el kevin el brandon el brayan la kimberly la yeimi y rocha cuando,14,0,0,0.0
3406,es trabajar jajajajajaj por patos les cayeron jajajajajaja se me hace extrano que el estado de mexic,11,0,0,0.0
3407,mexico las autoridades son un florero los agarraron para tomarles su foto grupal como si se fueran a,12,0,0,0.0
3408,fiestas y eso pero si tu mismo dices que son malandros lacrosos por que echarle la culpa al hotel si,10,0,0,0.0
3409,la neta esos angelitos no llegaran a vida adulta tranquila todos sabemos como acaban br a href que n,16,0,0,0.0
3410,br podra tenerlo quot todo quot pero amor y cuidados no lo tiene este chico si esta en serios proble,14,0,0,0.0
3411,todo quot pero amor y cuidado no lo tiene calacas porque al tambo salen ratito despues los padres ta,14,0,0,0.0
3412,los padres se tapan los ojos y ya ellos son los que deberian estar en la carcel y castigarlos severa,10,0,0,0.0
3413,detengan los corruptos jueces lo liberan rapido es una vergenza q las leyes no se cumplan con un par,14,0,0,0.0
3414,jajaja puro asqueroso naco harfuch ahi tienes estos trabajitos encargate de estos piojosos pobres mu,14,0,1,-0.07142857142857142
3415,si no se detienen si no le ponene un alto su final sera espantoso y eterno ven a jesus y comienza un,14,0,1,-0.07142857142857142
3416,espiritualmente es decir separados de dios para nacer de nuevo es indispensable reconocer que soy pe,11,0,0,0.0
3417,a abandonarlos recibir a jesucristo como unico y suficiente senor y salvador vivir como el vivio y v,13,0,0,0.0
3418,reconozco que soy pecador y que mi destino es el infierno me arrepiento de todos mis pecados creo qu,9,0,0,0.0
3419,al tercer dia resucitaste te recibo como mi unico y suficiente senor y salvador te pido que me perdo,12,1,0,0.08333333333333333
3420,te pido que me limpies de mis pecados te pido que en tu forma de espiritu santo me ayudes a dejar el,13,0,0,0.0
3421,el libro de la vida te pido que tu espiritu santo me ayude a leer las sagradas escrituras y a medita,14,0,0,0.0
3422,senor jesus amen ahora comienza a leer las sagradas escrituras comenzando con la epistola de pablo a,17,0,0,0.0
3423,para asesoria espiritual pura ignorancia en masa q mas gracias por la direccion del los hoteles ya e,13,1,0,0.07692307692307693
3424,de la pejidenta en el monumento a la revolucion que bueno que cambiaron a la vieja que narraba de la,10,0,0,0.0
3425,y empieza a tirar hay no que horror mostros y mostras del crimen los marranos de los munisipales ya ,12,0,1,-0.08333333333333333
3426,que todos esos morritos se libren del camino que la carcel y seguro ellos si tienen la beca del bien,13,1,0,0.07692307692307693
3427,licenciado moridos seria una mejor solucion pero todo esto sucede porque las autoridades se mantiene,11,0,0,0.0
3428,la delincuencia sus hoteles de rayas de cebra la denuncia disminuira la delincuencia sea valientes y,16,1,2,-0.0625
3429,que muchos de ellos son amigos de narcomorena al rato ya andan libres ya cuando estan arrestados o e,10,0,0,0.0
3430,asen nada q son un alma de dios alcahuetes q son los padres destilando ignorancia yo no entiendo det,14,0,0,0.0
3431,rojos con los mismos weyes y la inseguridad a todo lo que da mugrosos de la union eso provocan los n,11,0,1,-0.09090909090909091
3432,la imitan andan mal ninos andan mal hora no lloraron las gallinas tepitenas y todavia los hacen que ,16,0,2,-0.125
3433,que se creen mafiosos los van a soltar como siempre y van a seguir delinquiendo por eso presumen por,7,0,0,0.0
3434,acabar lastima que tan jovenes anden en entregando sus almas al maligno y ahora por alucines a pagar,12,0,0,0.0
3435,j creo que jugaban a ser delincuentes de que sirve que los detengan si son los mismos al rato los su,10,0,1,-0.1
3436,malas alcahuetas a decir mi hijo no hace nada mi hijo no es malo jajaja jajaja imaginate que estudia,12,0,0,0.0
3437,nos damos cuenta de la calana que son jaja son hijos de padres ignorantes y faltos de principios jaj,14,0,0,0.0
3438,pues a que hoteles vas jajajajajaja bueno es que ya este tipo de sociedad con esos tipos de papas qu,9,0,0,0.0
3439,son de los que piensan y sienten que su sangre debe tener descendencia aunque sea de este tipo sus c,10,0,0,0.0
3440,todos estan libres no hay ningun detenido y por q no hablan de todo lo q se robaron las autoridades ,8,1,1,0.0
3441,no se presento verdad y toda la chama ada esta libre con una buena lana al juez en fin nuestras auto,11,0,0,0.0
3442,lo ideal es q no respiren para poder tener un mejor pais si los duenos de esos hoteles son malandros,11,0,0,0.0
3443,vamos a donarles una taquiza en sus fiestas con comida envenenada ya vamos a salir a cazar pollitos ,14,0,0,0.0
3444,de la calle excelente noticia q clausuren el hotel y si cuando esten ahi en lugar de detenerlos les ,14,1,0,0.07142857142857142
3445,se quedaron su botin esos mugrosos narcos traen buen armamento salen manana y quien les da las armas,14,0,1,-0.07142857142857142
3446,estos malvivientes son los que tienen al mexico en cobro de piso robos secuestro y etc puro macuarro,15,0,2,-0.13333333333333333
3447,amigos de sandra cuevas jsjsj pura lacra naquisima la oregukys es donde sacan las armas quien se las,12,0,0,0.0
3448,ninos y despues de lo juegos del mundial los sueltan o horas maximo y para fuera pues lacra puro mug,12,0,0,0.0
3449,unos angelitos que aburrido que fueron hacer los reporteros la union tepito esta protegida por diana,15,0,0,0.0
3450,llaman hijos de la mala vida mientras otros travajan estos roban la comida lla ni la joden lacra des,17,0,0,0.0
3451,padres no los someten el ce cuatro lo tiene gue haser la factura les llega y la copa tendran gue dev,14,0,0,0.0
3452,de cuba puerto rico republica dominicana venezuela colombia ecuador peru honduras el salvador guatem,17,0,0,0.0
3453,las filas de esos grupos delictivos es sandra cuevas y ahora alessandra rojo solo presentaron armas ,14,0,0,0.0
3454,que estan con sonido desfasado como efecto domino estaraaan callendooo puro pueblo bueno y sabio efe,18,0,1,-0.05555555555555555
3455,polarizados etc etc para que no sean reconocidos pero no por las autoridades porque las autoridades ,8,0,0,0.0
3456,por personas de la poblacion que si alzan la voz y que si luchan contra la corrupcion el crimen orga,11,0,2,-0.18181818181818182
3457,de reclutamiento convencen a jovenes que crean que son mas faciles de manipular enganar intimidar y ,15,0,0,0.0
3458,fiestas y poco a poco empezar a relacionarlos con gente del crimen organizado y comenzar a cada vez ,11,0,1,-0.09090909090909091
3459,aprovechandose de la falta de antencion de los padres o de los problemas intrafamiliares que tienen ,13,0,3,-0.23076923076923078
3460,que el que habla era el hermano de bisogno y usaba un seudonimo por seguridad ahora estan con el fof,13,1,0,0.07692307692307693
3461,de inmuebles falto la britney y el bryan mientras no salgan con sus jaladas que fue una detencion il,13,1,0,0.07692307692307693
3462,si urgen campos de trabajo forzado para brayans kevins brandons brittanys y demas malandros tristeza,13,0,0,0.0
3463,la delincuencia organizada estamos hasta el gorro de estos malditos y el gobierno tambien tiene la c,9,0,1,-0.1111111111111111
3464,golpes contundentes deberian tambien clausurar el negocio a los duenos por alcahuetes y solapar todo,16,0,0,0.0
3465,britany bueno esto es mexico esto es lo q a promovido morena con tanta impunidad ahora nadie los pue,11,2,2,0.0
3466,ya q por parte de autoridades en mexico esto ya se les salio de control ahora elllos ya son parte de,9,0,1,-0.1111111111111111
3467,es el hijo de achepe jajajajaja es que uno solo no pueden pagar la habitacion esta madre es ia vean ,10,0,0,0.0
3468,que dice como se prestan a esto a desinformar asi no creo que sean eso los tipos esos y de que sirve,7,0,0,0.0
3469,asi es la ley los malos afuera y los inocentes pobres adentro porque no tienen con que ojala q los r,10,0,0,0.0
3470,un brandon tu hablaste mal del refugio franciscano apoyaste a los perricidas sin saberlo y es que te,15,0,1,-0.06666666666666667
3471,carcel y puedo apostar que mucha de esa basura recibe las vecas del bienestar que la basura de claud,15,0,2,-0.13333333333333333
3472,bien ya los estan dejando libres y el lacroso tatuado emana envidia puros mugrosos y mugrosas sonnlo,18,0,0,0.0
3473,pa la mafia el hotel pistolas de la zaragoza igual las autoridades lo saben y no hacen nada pero seg,9,0,0,0.0
3474,brandon kevin como las cucarachas hay de estos que flojera de fiestas esas habitaciones son para ir ,11,0,0,0.0
3475,nuevo ecatepec ese lugar esta podrido en cada esquina es muy obvio que presumen si todo es robado a ,10,0,0,0.0
3476,van a vivir de los que trabajamos luego dicen que las narco series y los narco corridos no hacen dan,8,0,2,-0.25
3477,andan esos vatos y esas viejas con armas largas drogas alcohol luego desaparecen y ahi estan los pob,16,0,1,-0.0625
3478,que la juventud se vaya a la se parecen a mis vecinos que son unas lacras pero no saben que algun di,7,0,0,0.0
3479,se sienten intocables eso paso en edimburgo chale que mal pedo diputados de morena mas bien si asi s,9,0,1,-0.1111111111111111
3480,hubo asaltos en ecatepec acabaran muertos y lo malo que estas cosas se van a reproducir entre ellos ,13,0,2,-0.15384615384615385
3481,toda la pantalla tapizada vale bolillo bye bye yo pago la fianza de la de la faldita blanca donde ca,15,0,0,0.0
3482,un hospital o escuela menos un cereso y gracias a la macuspana se cerro las islas marias para que no,12,1,0,0.08333333333333333
3483,de controlar y hacerlos utiles al diablo para despues desecharlos como quien bota carne podrida y as,14,0,0,0.0
3484,detengan si los soltaran de inmediato eso es lo que hace la inepta y corruta fiscalia y posteriormen,13,0,0,0.0
3485,de llantas tornel y su comite sindical y me salio esto y de que sirve al rato andan libres c eres un,14,0,0,0.0
3486,la revolucion sin comentarios asi como llegan asi se van lo malo es que estas rat s vuelven a salir ,13,0,0,0.0
3487,que corriente lugar y esos jovenes tan ordinarios que bueno que los metan al tambo el problema es br,11,2,0,0.18181818181818182
3488,al rato saldran los malnacidos los hubieran fumigado como las ratas que son pero eso jamas pasara pu,10,0,1,-0.1
3489,billete hasta parece promocion al motelucho y los papas mandenselos a bukele en el estado de mexico ,11,1,0,0.09090909090909091
3490,de esas escorias el kevin y el brandon parece broma con sus caras de neros de barriada ya ubiquense ,13,0,0,0.0
3491,pertenencias de sus huespedes ni saber a q se dedican sus clientes actualmente por las modificacione,11,0,0,0.0
3492,con acreditar la mayoria de edad es suficiente ese tipo de habitaciones siempre se rentan para fiest,10,0,0,0.0
3493,hacer desmanes ese tipo de fiestesitas llevan anos realizandose en cualquier hotel donde puedan ingr,14,0,0,0.0
3494,no salieron en la foto de la escuela ahora en la foto de la policia jaja huele a pipi a esos veintea,11,1,0,0.09090909090909091
3495,tiene miedo por eso estamos como estamos por no saber educar a sus hijos por no entregarlos cuando s,8,0,0,0.0
3496,anos pobre de mi mexico hundido en el terror y lo peor de todo que los narcopoliticos y narcoabogado,11,0,0,0.0
3497,investigar los choferes de combi que meten morritas de cq no mms yo entraba desde los ahi con mi mor,11,0,0,0.0
3498,mamas donde estan y despues que no aparecen dicen que el gobierno tiene la culpa tanto show para q s,9,0,0,0.0
3499,jueces y ministerios publicos porque son bien corruptos que tristeza ver tanta porqueria de chamacos,15,0,0,0.0
3500,y las chavas estan medio bonitas br br que mal que se junten con tanto bueno para nada y manana ya l,11,0,1,-0.09090909090909091
3501,carpeta de investigacion nomas de verlos ya me dieron ganas de meterme a estudiar de nuevo la secund,12,0,0,0.0
3502,porque ellos mismos no se aguantan su propia peste generaciones perdidas y los padres estan al tanto,10,0,1,-0.1
3503,congales y nadie hace nada y lo sabe toda la gente x el descaro de ese tipo de gente y la autoridad ,12,0,0,0.0
3504,de encana lo malo que los van a sacar pronto que pasa ecatepec br mas vigilancia parece tierra de na,12,1,0,0.08333333333333333
3505,en la mier da jajapuro pndj asquerosos las futuras generaciones de bandas de delincuentes sin proble,14,0,1,-0.07142857142857142
3506,la policia de la cd de mexico tenia que ser el kevin el brandon y la betzabel por ahi an de andar el,10,0,0,0.0
3507,kimberly color carton jpuraeskoriapuromalparidojppura zatna pero de que sirve que los detengan si pa,18,0,0,0.0
3508,estudien seran mejores mucho mejores personas y no unos lacrosos inutiles buenos para nada br si no ,16,0,0,0.0
3509,militares para llevarlos a la carcel son narcos que trabajan para otros narcos mas grandes mejor que,10,0,2,-0.2
3510,quienes son estos criminales buenos para nada no entiendo porque no los encierran la policia les da ,10,0,1,-0.1
3511,no comiencen los operativos para recoger todas esas armas esto seguira mas tardaron en pasar la noti,12,2,0,0.16666666666666666
3512,que nadie los moleste ya no suelten estas bazofias buenos para nada tan facil que es hacer un bukela,10,0,1,-0.1
3513,agarrar a todos los tepitenos y encarcelarlos pagaran algunos inocentes pero seran los menos para li,11,1,0,0.09090909090909091
3514,edad por eso no se acaba esto puro piojento jajajjajajajjajajja pero los dejan salir que por que no ,13,0,0,0.0
3515,quererse esas chicas para andar con ese tipo de malvivientes se acabo la fiesta que que quieren que ,12,0,0,0.0
3516,ellos en unos dias ya andaran libres como si no supieramos que jamas se logra algo mas haya que su d,10,1,0,0.1
3517,ya andan en la loquera de nuevo deben aplicar extinsion de dominio a los hoteles por las drogas y ar,12,0,0,0.0
3518,y vas a sus casas viven en la basura en posilgas porqueria de seres humanos me encanta ver estas not,14,0,1,-0.07142857142857142
3519,era el pueblo bueno y sabio que estaba festejando el segundo ano del narcofest de la frijolera gerri,11,0,0,0.0
3520,ver esta noticia me dieron ganas de banarme y estudiar otras dos licenciaturas ya sabia que les iban,11,0,0,0.0
3521,duro la fiesta a estos mugrosos de la u ya se va acabar el partido de mexico don efe y usted ni sus ,12,0,0,0.0
3522,es live sabado futbolero final d conca ya prenda el live al rato que empiecen los contagios por ebol,15,0,0,0.0
3523,por los candelabros solo veo memes en contra y como dicen es una ridicules si vayan a la gente a med,11,0,0,0.0
3524,mintiendo le quieren ver la cara a la gente esta caotico ir al centro de la ciudad el tren ligero no,12,0,0,0.0
3525,no mienta senor los usuarios del metro sabemos que se para todo el tiempo esta peor que nunca pero s,10,0,0,0.0
3526,tonterias e inviertan en transporte para la gente que trabajamos en este pais siempre vs y el mc pri,10,0,0,0.0
3527,que el prian ya estan hechos con todo respeto chinguen a su madre con su mundial pedorro eso es para,11,0,0,0.0
3528,la madre con trabajos esforzados y nunca gozaran de un mundial jajaja este panista lo exhiben y se h,13,0,0,0.0
3529,sujeto garrido si piensa con su cabezota y su comportamiento ahora imaginense sus lideres arriba mor,15,0,0,0.0
3530,por tu gente por los mexicanos y que te importa la gente extranjera al menos que tengas dinero inver,11,0,0,0.0
3531,la usan contra mil autos el diputado de morena ha sido adoctrinado para negar todas las imbecilidade,11,0,0,0.0
3532,lo hace claudia y todos en morena respecto a lo que emilio dice del yunque tampoco hay mucha informa,9,0,0,0.0
3533,politicos para luchar contra lo que consideran amenazas a la religion catolica como el comunismo o e,13,0,1,-0.07692307692307693
3534,cual deberia de ser bueno para la sociedad quisiera que estas mesas continuen pero ahora con un repr,10,0,0,0.0
3535,a nombre de la sociedad civil que al final es por quienes estan ahi pedro incemina amanerados invita,12,0,0,0.0
3536,de la cdmx nuevos trenes ligeros donde llegamos antes al trabajo para nada ciclovia no estudiaron qu,11,0,0,0.0
3537,de morena solo se defiende hablando de los errores de hace muchos anos en lugar de desmentir con hec,8,0,0,0.0
3538,la bola de ratas fugando a ver quien tiene la razon br comienzen bajado sus salarios y vacasiones y ,12,0,1,-0.08333333333333333
3539,pueblo o hacerse a un lado dudo mucho que un mundial importe mas que visibilizar los problemas del p,12,1,0,0.08333333333333333
3540,puro inepto esta a cargo del pais ni a cual irle puras quejas tu como partido opositor que propones ,12,0,0,0.0
3541,damita con telefono y relog ultima generaion este es el peor gobierno que hemos tenido con el mayor ,11,0,1,-0.09090909090909091
3542,de cada es que en verdad la cdmx con su gobierno de morena y gdl con movimiento ciudadano si se han ,10,0,0,0.0
3543,infraestructura pero el pri en mty no cumplio quedo a deber con un monorriel y demas obras que no se,11,0,0,0.0
3544,moreno osea el prian si invertia en lo q la mayoria de gente nesesitaba gracias roy por hablar a nom,14,0,0,0.0
3545,seguir defendiendo lo horrible a lo que hemos llegado con morena jajajaja por mucho que quieran tapa,14,0,0,0.0
3546,de morado y solo habian dejado un carril mi carro tiene un mes que lo compre de agencia y hoy es dia,10,0,0,0.0
3547,quien reclamo a nadie porque todos sus procesos son programados para que uno desista esta mesa de qu,13,0,0,0.0
3548,propuestas la priista tiene cara que su padre es algun narcopolitico o algun narcopresidente municip,12,0,0,0.0
3549,gana con el narcotrafico los prianistas defienden su corrupcion estan furiosos por que ya no pueden ,12,0,1,-0.08333333333333333
3550,tanto critica y que han propuesto al pueblo solo estan a la espera de una intervencion por su poca i,9,0,0,0.0
3551,porque tienen tanto rechazo y repudio de las mayorias llegan al poder y terminan haciendo lo mismo q,9,0,0,0.0
3552,besito en la mano como vasallos y entregar los recursos se ve que odian la cultura popular quieren q,15,0,1,-0.06666666666666667
3553,anos la brujada peor el segundo es morenista br le escupen en la cara sus errores y se pone a echar ,13,0,0,0.0
3554,gusta las desgracias esta pesima todo mal vs el pri de la represion el pan del cartel inmobiliario y,15,0,1,-0.06666666666666667
3555,el del pan porque no aceptan sus ideales vivo en mexico y hay algo que la inversion no puede reparar,11,1,0,0.09090909090909091
3556,de insatisfaccion hacia el gobierno actualmente se preparan manifestaciones y marchas justo los dias,14,0,0,0.0
3557,riquisimos tacos sopes enchiladas pozole etc y una rica cerveza corona bien fria saludos sombrero vi,22,0,0,0.0
3558,en cdmx sal con mucha anticipacion para los eventos porque con los maestros en la ciudad y la lluvia,12,2,1,0.08333333333333333
3559,toma tus precauciones y sal con tiempo de sobra es normal que en eventos masivos todo se llene sal c,11,1,0,0.09090909090909091
3560,no andes corriendo porque se te ocurrio salir media hora antes en una de las ciudades mas grandes y ,12,0,0,0.0
3561,solo hay que informarse que bueno que viajas al mundial entonces no me pierdo tus videos aunque quie,13,0,0,0.0
3562,disfruta el mundial yo lo vere a traves de tus ojos estuve en mexico hace dos dias tenia una escala ,11,0,0,0.0
3563,centro y poder desayunar y pasear un poco pero entre el trafico calles cerradas por maestros y negoc,15,3,2,0.06666666666666667
3564,vuelo espero que todo salga bien pero hay complicaciones que no se pueden negar bienvenido a mexico ,14,0,0,0.0
3565,izquierda gracias televisa de nuevo te estoy empezando a querer uff que buenas imagenes ya me imagin,13,0,0,0.0
3566,sin tanta construccion un hermoso lugar para caminar en un volcan apagado en la ciudad de mexico alc,17,0,1,-0.058823529411764705
3567,gasta el dinero el cambiar drenaje hola que tal dale like a este video gracias por tu apoyo holaaa o,17,0,0,0.0
3568,no me hablara llore solo de saber su tristeza dios le de fuerza y paciencia para esperar y aceptar e,15,0,0,0.0
3569,nos no vosso imaculado corao virgem maria purissima sem pecado concebida no digas estupidese usteded,21,0,0,0.0
3570,a madero etc etc etc no me extranaria que otra vuelta le regalen el mundial a messi el titulo de tu ,14,0,0,0.0
3571,funemos a mexico se le respeta payaso si nos parecieramos realmente los voltearon haber pero no es a,14,0,0,0.0
3572,eva y delfina gomez gobernadora del edomex siega sorda y presumiendo su seguridad todos los dias cua,16,1,1,0.0
3573,transito como se menciona en el video toma todo el dia por eso la gente nunca lo hace solo nos queja,11,0,0,0.0
3574,debe venir desde arriba si a quien elegimos como alcalde no supervisa a sus equipos ni pone un alto ,10,0,0,0.0
3575,del dinero va hasta con ellos personas como ellos son dignos de respeto y todos deberiamos de formar,10,0,0,0.0
3576,de tomar consideracion pero que tal su puto mundial ojala y lo estropen somos mas que esos idiotas q,10,0,0,0.0
3577,animo chicos chingon y todos mis respetos ven a bajando el puente de tepalcapa hay una patrulla con ,17,0,0,0.0
3578,algun abogado o si tienes algun familiar abogado o policia o politico para ver si te pueden extorsio,11,0,0,0.0
3579,bravos con la ciudadania pero como doblan las manitas con los delicuentes colab con proyecto escolar,13,0,3,-0.23076923076923078
3580,libertad de expresion estan en peligro ya tenemos que despertar mexicanos dejense de colores de fana,13,0,2,-0.15384615384615385
3581,dejemos de ser mudos da mucho coraje felicidades hacen muuuuy buena mancuerna ni como darte el pesam,11,0,0,0.0
3582,todo mexico no creo que aiga un policia honesto en lugar de cuidar y proteger andan de mordelones vi,15,0,2,-0.13333333333333333
3583,los disculpo pero los mandos les exigen una cuota por crucero moto o patrulla y pues ni modos que la,13,0,0,0.0
3584,buscan su parte ahora con el mundial van robar con ganas la mana y ellos son lo mismo eva te felicit,11,0,0,0.0
3585,lo conocia muy bien hecho muy cerca del toreo donde hiciste este video haz un video de como las grua,12,1,0,0.08333333333333333
3586,de legaria y la glorieta de presa salinillas presa don martin atras de casa de moneda la gente que v,15,0,0,0.0
3587,donde no hay lugar para estacionarse y siendo una zona comercial residencial si te toca la mala suer,10,0,0,0.0
3588,calle las gruas se llevan los carros grilletes mi primer auto fue un cavallier chevy carrazo nunca o,14,1,0,0.07142857142857142
3589,mas barato huir y que ser encerrado y que se lleven el carro y bala bla bla br invertir encerrado ca,18,0,0,0.0
3590,pero es la verdad br siempre listo para correr la solucion no es suspenderlos es meterlos a la carce,9,0,0,0.0
3591,que hubo uno que fingio incapacidad para asi extorsionar y si los suspenden lo van a hacer aunque te,8,0,0,0.0
3592,abogado ruo br esta bien pero los rufianes policias la ley se lo pasan por el arco del triunfo br pu,14,0,0,0.0
3593,lo que digamos pues deberias de darte una vueltecita aca en tultitlan de la quebrada hasta villas sa,12,0,0,0.0
3594,sentidos los de transito municipal se dan un festin con los camioneros y automovilistas una gran adm,10,0,0,0.0
3595,y ustedes que pasaron por el toreo cuatro caminos como se le conoce en los alrededores del campo mil,12,0,1,-0.08333333333333333
3596,a pie automovil o locatarios en el caso muy particular de una amistad ya sufrido robo con violencia ,14,0,2,-0.14285714285714285
3597,ni militares mucho menos la gn que en una ocasion cerca de la puerta numero por donde queda la briga,9,0,0,0.0
3598,elementos militares que solo ignoraron y siguieron de largo siendo que desde el policia militar son ,12,0,0,0.0
3599,saludos cordiales chulada de video nosotros tenemos la fuerza para parar esto si queremos es necesar,13,0,1,-0.07692307692307693
3600,ciudadano aferrarte a no darles y cerrar tu carro y llamar al anticorrupcion hago un llamado al gobi,14,0,0,0.0
3601,capital y x k siguen estas lacras haciendo sus pendejadas que pasa harfush ay k ir sobre los jefes d,13,0,0,0.0
3602,tarifa k tienes k traer diarios ay k hacer cambios de jefes de policia ya basta la unica forma de em,14,0,0,0.0
3603,algo es con informacion masiva incisiva y la repeticion diaria de la informacion que pasaria si en l,11,0,0,0.0
3604,gastar tu dinero tuvieramos comerciales o programas que a diario cada maldito momento en cada oportu,14,0,0,0.0
3605,ejemplos practicos asi toda la ciudadania estaria informada y preparada para saber que hacer asi com,9,1,0,0.1111111111111111
3606,porque nos han informado masivamente el como actuar ante un fenomeno natural llevamos mas de a os re,11,0,0,0.0
3607,la alarma pues lo mismo aplica para un fenomeno socio cultural con informacion masiva el unico probl,16,3,0,0.1875
3608,de quien pague ma y las redes sociales apenas son el inicio de obtener esa informacion pero no todos,9,1,0,0.1111111111111111
3609,la misma hora chale esos polis no se ven tan derechos a href uckszu wh gy mb dv ujg xsify oqcd t sp ,20,0,0,0.0
3610,mb dv ujg xsify oqcd t sp iasaw a a href uckszu wh gy mb dv ujg xsify oqcd t sp iasaw a deberias de ,21,0,1,-0.047619047619047616
3611,adolfo cerqueda rebollo este prometio en el un reordenamiento vial recuperacion de la vias publicas ,17,1,0,0.058823529411764705
3612,municipal que el mismo presumio en el que se haria respetar pero esta favoreciendo a unos cuantos qu,8,0,1,-0.125
3613,estas muy coludidos con los altos mandos de la policia de neza norte y de palacio municipal se ve qu,12,0,0,0.0
3614,y malos corredores que son los policias seguro que si quiere los alcanza en un minuto a mi me han pa,10,0,1,-0.1
3615,sin deberla se ponen bien pesados hasta que no te sacan dinero si no puede uno van en bola policias ,10,0,0,0.0
3616,verdad otra problematica muy fuerte en la zona es el ambulantaje ya tomaron las banquetas y un carri,12,0,0,0.0
3617,que toman otro carril para hacer base ocasionando que la vialidad para carros y peatones este compro,13,0,1,-0.07692307692307693
3618,su favor y cobran para dejar pasar a los carros segun haciendo que fluya el trafico pero realmente e,14,0,2,-0.14285714285714285
3619,eva amo mis papas iban a una fiesta de cumpleanos hace un ano y los pararon ahi en perinorte hiciero,13,0,0,0.0
3620,se la bajaron a mil pesos que si no les iban a quitar la camioneta y como era sabado tenian que espe,12,0,0,0.0
3621,que segun ese dia no circulaba y no tenia ni permiso la neta se me hace super injusto que nadie regu,8,0,1,-0.125
3622,comedia al reportaje y documentalismo social valioso trabajo el que realizas eva mil gracias esto es,14,1,0,0.07142857142857142
3623,un gran impacto por que solo asi le bajaran a su gandallez gracias por le que hacen siempre utilizan,12,0,0,0.0
3624,la impunidad con lo sistematizado que esta con la poca responsabilidad que se toma no se puede negar,11,0,2,-0.18181818181818182
3625,malditos ra tas hay que mandarlos a la chin no hay que dejarnos ya basta gracias y todo bien peeeero,13,0,0,0.0
3626,le lleva esos videos a la presidenta para que ponga orden alos departamento de policias pero dice la,12,0,0,0.0
3627,corruptos desde arriba hasta abajo felicidades ruben es una gran persona y un buen abogado creo que ,16,0,1,-0.0625
3628,ensenenle este video a la senora judia atea de las mananeras aver con q tonteria sale ya malditos au,17,0,0,0.0
3629,malditos corruptos hijos de su maldita m esto es fiscales gobernadores jueces abogados y estos ultim,15,0,0,0.0
3630,orinarse pero al secuestrador y al que esta robando lo dejan cuidate mucho eva necesitamos ser como ,12,0,0,0.0
3631,documentar la gran cantidad de vehiculos sin placas que las autoridades ignoran br todos sabemos de ,12,0,0,0.0
3632,gente a los proveedores los andan mordiendo tambien br deberia usa invadir y se les acaba la mordida,10,0,0,0.0
3633,y aun asi la ladrona de mexico se enoja por las cachetadas guajoloteras que le da mi eccelentisimo p,13,0,1,-0.07692307692307693
3634,lindo y querido y su bola de ratas tambien en puebla y tlxclala andan igual nos hace falta un ru abo,16,0,4,-0.25
3635,de los que denuncian luego podrian ser victimas pobre mexico imaginen a este tipo de policias con ac,11,0,2,-0.18181818181818182
3636,van a sacar miles de millones no registren sus datos la ley espia es peor de lo que se dice soy de m,12,0,0,0.0
3637,tengo anos viviendo en el extranjero y voy a mi cdmx seguido y nunca me han extorsionado ni asaltado,7,0,0,0.0
3638,abogado que ha sido amigo de sandra cuevas deja mucho que desear y desde hace anos la policia es una,11,0,0,0.0
3639,gto desde el df seguido paraban a mi papa en cuautitlan y querian mordida eso no es nuevo lo que pas,12,0,0,0.0
3640,grabar hay muchos youtubers hay mas medios de exponerlos igual ha crecido mas la poblacion ru te amo,12,0,0,0.0
3641,m sacaron los polis por placas de queretaro animo cada uno tiene lo que busca o lo que merece desde ,12,0,0,0.0
3642,era complice de sandra cuevas porqueee solo habla de lo que le conviene y es triste porque nadie com,10,0,0,0.0
3643,sandra cuevas jajaja por el amor de dios y cuevas anda con la mana de la union y la chokiza excelent,14,0,0,0.0
3644,el ru abogado anticorrupcion y es compa de sandra cuevas en metro santa marta tambien estan puro lav,17,1,0,0.058823529411764705
3645,esos ratas uniformados toco shipear a eva y a ruben yo soy nuevo en mexico el problema la tiene los ,12,0,1,-0.08333333333333333
3646,por eso estan asi excelente trabajo un favor ve y cuestiona a los politicos como proyecto escolar ti,11,0,0,0.0
3647,caminos con esos semaforos ru se deve dar a conocer mas realmente es una persona que deveria de tene,10,0,0,0.0
3648,incorruptible y de estas personas nesecita nuestro pais mis dos youtubers favoritos interrumpes much,14,0,1,-0.07142857142857142
3649,lo dices vemos los estragos o sintomas pero hay mas cosas que desconocemos y que hemos ido normaliza,8,0,0,0.0
3650,se va haciendo consciencia y hay que tratar de no ser participes de estos actos para que se puedan r,9,0,1,-0.1111111111111111
3651,unos pocos like y compartir compartir compartir br que todos los automovilistas traigan camara en su,17,0,0,0.0
3652,es mi heroe la nueva christina pacheco en guadalajara tambien esta ese problema con la policia y tra,12,0,0,0.0
3653,con una acusacion falsa de placas sobrepuestas siempre buscando hostigar y la mordida les creo me ha,10,0,0,0.0
3654,todos son iguales pero si la mayoria ruabogado para gobernador jajajajajaja nunca falta la senora ch,13,0,3,-0.23076923076923078
3655,nos gobierne si es pueblo sin ley y donde esta claudia usted que assistes con el dinero aye donaron ,13,0,0,0.0
3656,mal te robas el dinero que buen reportaje mis respetos excelente trabajo a raz de piso y el ciudadan,14,0,2,-0.14285714285714285
3657,si no denunciamos atencion a todos br br la corrupcion no se combate solo senalando al policia de me,12,0,1,-0.08333333333333333
3658,la parte visible del problema br br si de verdad queremos eliminarla tiene que empezar desde lo mas ,9,1,0,0.1111111111111111
3659,deciden br br ellos son los que exigen cuotas piden dinero por dejar usar las patrullas por entregar,15,1,0,0.06666666666666667
3660,ellos son los que crean y mantienen esa costumbre sucio br br mientras quienes gobiernan y dirigen s,14,0,1,-0.07142857142857142
3661,no podemos seguir culpando solo al ultimo de la fila br br la verdadera lucha contra la corrupcion d,12,0,1,-0.08333333333333333
3662,limpias y que sirvan de verdad al pueblo br br br br hashtags para youtube br a href a href a href a,17,0,0,0.0
3663,a href a href a href ufff que buena colaboracion br excelente video como siempre super linda colabor,17,0,0,0.0
3664,me dan ganas de salir a gritarles ratas uwu que no ese we el abogafo no es el mismo que sale en reel,12,0,1,-0.08333333333333333
3665,y la gobernadora delfina no dijo que iba a limpiar el estado estan peor compartan estos videos todo ,13,1,0,0.07692307692307693
3666,todo bien organizado para extorcionar automovilistas y negocios en la calle y denunciar es lo de men,9,1,1,0.0
3667,es el programa favorito de chile buenisimo video como siempre amo tu contenido saludos desde stgo de,17,1,0,0.058823529411764705
3668,no es de apenas ayer no solo hay corrupcion en lo del transito tambien esos policias que agarran a c,7,0,1,-0.14285714285714285
3669,malos van por la gente inocente queriendo sacarles dinero metiendo miedo y llegan como unidades van ,15,0,0,0.0
3670,dudo yo quiero que alguien me explique porque dice como es tu nombre siempre me saca de onga jajajaj,14,0,1,-0.07142857142857142
3671,bien merecidos se lo tienen pero los verdaderos mafiosos son los jefes de ellos la fiscalia los juec,12,0,0,0.0
3672,los munipales de naucalpan son los q roban ahi en metro toreo pues que esperan el mundo es el mundo ,12,0,0,0.0
3673,afuera del metro toreo en naucalpan hay como policias y van parando a todos a mi me pararon solo x t,12,0,0,0.0
3674,motivo de que me detuviera que yo era abogada y ya me dijo no es q le queria explicar sus placas for,9,0,0,0.0
3675,todos se pueden defender ojala los exhiban son unos chingones br que tristeza por nuestro mexico ima,14,1,0,0.07142857142857142
3676,este capitulo estuvo super super interesante felicidades eva eva me gustaria que ayudaras a visibili,17,0,0,0.0
3677,la fabrica de amoniaco br btw amo tus videos tqm y la moto con cinta de aislar para tapar parte de l,15,0,1,-0.06666666666666667
3678,imposible desaparecer la corrupcion ya que ellos se adaptan y buscan otra manera de robar pero la in,11,0,1,-0.09090909090909091
3679,y mas a ruabogado pena de muerte como en algunos paises asiaticos a los corruptos ya basta preguntal,14,0,0,0.0
3680,viva mexico corrupto y la ratera de la gohernadora no hace nada a href me encanta como desebran este,11,0,2,-0.18181818181818182
3681,del estado ches autoridades corruptas sra delfina ojala pueda hacer algo que buen video y buena alia,13,0,0,0.0
3682,para que sus superiores tomen cartas en el asunto y el superior que no tome cartas en el asunto sobr,11,0,0,0.0
3683,ley es solo para que ganen tiempo y para aburrir al denunsiante o asrsela cansada en si usan las ley,13,0,0,0.0
3684,carsel agan lo mismo que iso la mujer que mato los en su propiedad solamente asi asen justicia de lo,12,0,0,0.0
3685,justicia que asco de sociedad la mexicana jodiendose los unos a los otros pero nunca exigiendole a l,11,0,0,0.0
3686,por ratas que si son muchas este video quizas podria creer que causaria esperanza pero con lo que di,8,0,1,-0.125
3687,jefes los altos mandos son los que encabezan todo entonces denuncias pero no sirve de nada imbitamos,11,0,0,0.0
3688,lo que se vive a diario con ellos que violan las normas que por ley deben seguir bueno a estas autor,10,0,0,0.0
3689,no le ponen un asta aqui con tantas ebidensias es tiempo de poner orden o quieren que la siudadania ,13,0,0,0.0
3690,ayayayyy ajua arriba mexico fierroooo parientes a href el de la moto tomandose foto con una calcoman,15,0,0,0.0
3691,ru dio y ojala alga cambio para la jente que vivimos en el extranjero podamos ir con mas confianza y,11,0,0,0.0
3692,licenciado que nos plantan paquetitos y nos amenazan porque eso nos paso a nosotros cuando fuimos a ,11,0,0,0.0
3693,pesos dolares para cada uno y eran sino nos llevaban a todos hasta nuestros ninos fue bien feo graci,9,0,0,0.0
3694,ca cuidense mucho y gracias por sacar ala luz todo esto ah y sobre todo explicar quien es el que es ,10,1,1,0.0
3695,saber abrazos desde texas te super rifas eva excelente contenido esto esta tan normalizado que ya no,10,0,1,-0.1
3696,corrupcion pero la poblacion tambien muchas veces es complice porque los policias pueden extorsionar,11,0,1,-0.09090909090909091
3697,sus documentos o pagar una multa y al hacer eso nos volvemos complices toleramos la corrupcion siemp,11,0,1,-0.09090909090909091
3698,las consecuencias de sus acciones para que no caigan victimas no estoy justificando las acciones de ,10,0,1,-0.1
3699,real ponga orden con todo esto y cuide a los ciudadanos la mayoria de los jefes de policias de exige,12,0,0,0.0
3700,trabajar en un lugar digno y asi respetan su horario por eso no les queda a los polis hacer deberian,10,0,0,0.0
3701,todo el apoyo compartan mexicanos unidos jamas seran vencidos pero dice y dice la presidenta que ya ,13,0,1,-0.07692307692307693
3702,aparte nos roban ok solo para dejarlo claro para evitarse todo el rollo con la quot autoridad quot e,16,0,0,0.0
3703,en esos casos solo se llama a asuntos internos y ya el sistema esta podrido ru bogado defensores del,15,0,0,0.0
3704,ahi siempre hay trafico los franeleros no te dejan pasar si no les das dinero quot ya se la saben qu,12,0,1,-0.08333333333333333
3705,no traicionar dice morena jaja ellos tienes otros numeros ya basta raza chaquetera de estar viendo v,18,0,0,0.0
3706,a esa gente y mejor hagan virales a personas como este senor el lic esta haciendo una buena labor so,14,0,0,0.0
3707,este video me representa todo lo que quiero evidenciar a las autoridades corruptas buenas noches un ,13,0,0,0.0
3708,vendedor y me platico que los directores de ellos les exigen una cuota diaria por ejemplo a los que ,11,0,0,0.0
3709,diarios a los agentes de transito de moto y a los que tran carro asi mismo me comento que al oficial,11,0,0,0.0
3710,o corromperse y dar la cuota lo mandan al lugar mas lejano y lo ponen por ejemplo controlando un sem,9,0,0,0.0
3711,le de el sol yo siempre paso ahi y hasta se puede ver en las noches como no siquiera los policias ha,7,0,0,0.0
3712,desastre para que pasen carros y personas escupen a los carros a los que no les dan dinero y tambien,10,0,0,0.0
3713,los puedes ver incluso en los puestos de tacos y asi pero ni hacen nada por la unidad incluso permit,9,0,1,-0.1111111111111111
3714,y eso los polis lo permiten son los encargados pero de recover el dinero las palabras por su nombre ,13,0,1,-0.07692307692307693
3715,sabe ese es un cancer nacional esa es solo un pequena punta del iceberg por que uno se extorsionan l,11,0,0,0.0
3716,de multas arrastres de vehiculos etc en san luis potosi capital administrado por el pan existe una m,17,0,0,0.0
3717,automovilistas que los dejan parkearse en lugares prohibidos pero sin senaletica se esconden y acto ,15,0,0,0.0
3718,vez el negocio insistiendole a la gente evitar estacionarse los retenes estatales administrados por ,14,0,1,-0.07142857142857142
3719,mejjico alm este wey esta dispuesto a m r rs por sus ideales que huevotes el ru abogado yo pense que,15,0,1,-0.06666666666666667
3720,transformacion br que opinan hermanos no que ya no hay corrupcion morena ineptitud o complicidad has,16,1,2,-0.0625
3721,que gobierna no sabe nada ya di que te dieron pena de muerte y por eso no procediste hoy con la evid,9,0,0,0.0
3722,y no hicieron nada ni levantar la denuncia podian llamar al y tenian que proceder que paso ahi ruabo,10,1,0,0.1
3723,quien nos dirigimos si todos estan coludidos cuales son las redes del abogado pero en mexico no pasa,10,0,0,0.0
3724,de mexico creo que los ciudadanos debemos unirnos hacer una marcha y plantarse ante el secretario de,12,1,0,0.08333333333333333
3725,de tantos corruptos y prepotentes no puede por k son las misma s ratas gracias por la gran labor y u,10,0,1,-0.1
3726,al canaca jajajaja eh mire ahi veale apuntele bien me amarraron como puerco mames yo vivo ahi enfren,17,0,1,-0.058823529411764705
3727,deberian de pagarles sueldo tambien exponer publicamente que en cancun los transitos tambien se dedi,13,0,0,0.0
3728,debido a eso detienen tanto a turistas como locales y recibo casi todas las semanas reportes de clie,14,1,0,0.07142857142857142
3729,o te piden ir a retirar efectivo y a mi mismo me han pedido desde hasta pesos para evitar la grua la,10,0,1,-0.1
3730,videos no de las tik tokers que presumes vida penn amp sativa nuestro mexico magico todo el tiempo a,14,0,0,0.0
3731,elementos me dan asco todos esos policias que joya de video mi opinion es que tu que tienes el micro,11,0,0,0.0
3732,empiecen hacer limpieza porque ya estamos cansados no es justo que estes trabajando para darles mas ,10,1,0,0.1
3733,el abogado te amenazan por favor hazlo lo que puedes gracias para que sigan diciendo que eva hace qu,16,0,0,0.0
3734,nada pero bien que critican este video hazlo viral que llegue hasta donde esta la presidenta y el pa,8,0,0,0.0
3735,diga de ahi de donde nepantla porque eso es intolerable y eso que los que lo golpearon al abogado y ,7,0,0,0.0
3736,ellos lo hacen porque los mandan eso es normal que lo sepamos entonces que vayan sobre las cabezas g,9,0,0,0.0
3737,les pasa lo que les pasa con sus quot jefecitos quot que asco los policias son los porros de los pol,12,0,0,0.0
3738,con los extorcionadores incluso la esposa de manzo lo entrego al cartel rival br manzo era como el n,18,0,1,-0.05555555555555555
3739,se deben regular por la poblacion al cual le sirve eres la cristina pacheco de nuestros tiempos grac,14,0,0,0.0
3740,sus jefes los mandan a robar esto es falso wowwww eva me encantan tus videos porque hablas las cosas,11,0,0,0.0
3741,del iceberg para que veas donde esta la corrupcion contactame el edo mex y cdmx no habian estado asi,14,0,1,-0.07142857142857142
3742,se habian visto llevense el dinero pero dejen de hacernos dano y pintarnos de morado con amarillo po,15,0,0,0.0
3743,quot labor quot han sido anecdoticos para mal br le tengo mas confianza a los drogos de mi colonia q,16,0,1,-0.0625
3744,q todavia ayga personas ke ayuden alos mas de protegidos porque el gobierno losve como vichos raros ,17,0,0,0.0
3745,la torta y el trasporte senores tengamos un pokito de orgullo ke no se aprovechen de nuestra pobreza,12,0,0,0.0
3746,roban todo el dinero de nuestros impuestos y ya le mandan dinero acuba mientras ke lo ganas no al ca,13,0,0,0.0
3747,te acompane con todo tu equipo de trabajo para llevarnos mas realidades de nuestro mexico este we si,10,0,0,0.0
3748,queda descartado porque esos tipo son los que deciden que vehiculos pasan y que vehiculos no haciend,11,0,0,0.0
3749,todos los dias estan no hay ningun policia en el que se pueda confiar mi opinion es debemos los debe,11,0,0,0.0
3750,ke ya estuvo bueno ke pisoten nuestros derechos sino los respetan ala buena pues aguevo porke lla es,15,0,1,-0.06666666666666667
3751,dito gobierno no ase nada es como si no tuvieran autoridades no sirven paranada la chica de lentes a,14,0,0,0.0
3752,vivir mal br presionar y presionar br apoyarnos para obtener trato justo de los servidores publicos ,19,0,1,-0.05263157894736842
3753,de seguridad publica son los mas corructos de todos el pais como estan alas ordenes de los narcos y ,10,2,1,0.1
3754,feradersl no pone en cintura ahora asta la gn pasaron aser rateros en el momento ke ase y ledanke pu,17,0,2,-0.11764705882352941
3755,contratar delis en la poli para asegurar dinero para sus bolsillos aqui en cancun igual son bien cor,11,0,0,0.0
3756,alch puro psicopata en la politica este cabron quiere ayudar al pueblo ruoavogado heres candito para,17,0,0,0.0
3757,policias acabariamos con esto si nosotros tampoco optamos por dar la dichosa quot mordida quot en es,14,0,0,0.0
3758,coructos narco y comunista burros si votants por este partido coructo alch ru abogado para gobernado,17,0,1,-0.058823529411764705
3759,es chistoso los dos hablando de que los policias son el sintoma y los dos atacando el sintoma sin at,11,0,0,0.0
3760,porque no van a las jaladas esas de las mananeras y le presentan los hechos la presidenta eso es ata,10,0,0,0.0
3761,gracias amlo br gracias shitbaum br gracias t br gracias morena br colaboraciones de las goood moren,18,0,0,0.0
3762,sirvio veo a un mexico mas despierto que pide cuentas que alza la voz br ojala tengamos candidatos c,15,1,1,0.0
3763,algunos de nuestros policias lo que hacen es extorsionar al ciudadano no podemos pedirles auxilio po,10,1,0,0.1
3764,policias y jefes que son quienes los obligan a extorsionar en toluca pasa lo mismo ademas los elemen,11,0,0,0.0
3765,mordidas le ponen combustible parece capitulo de minutos menos me regreso a mexico corrupcion a lo m,15,0,1,-0.06666666666666667
3766,pero igual no hubiera servido de nada por que siento que se exponen mucho en este caso xq tanto eva ,9,1,0,0.1111111111111111
3767,los policias los dejan trabajar por una cuota excelente video con un invitado de lujo mas personas c,14,0,0,0.0
3768,y prepotentes espero que todos los ciudadanos lo podamos apoyar por que es una labor donde pone en p,12,0,2,-0.16666666666666666
3769,saber como estamos o sea son quot autoridades quot y se pasan de verdura mientras a la presidenta le,13,0,0,0.0
3770,una relacion con sandra cuevas el poli del minuto es el peor de todos siempre esta extorsionando en ,11,0,0,0.0
3771,la policia llego de la mana y el narco son el resultado de la detencion de los jefes que a atrapa ga,12,2,1,0.08333333333333333
3772,saltan al gobierno y son bien recibidos porque conocen la mana y el narco la maestra delfina le cae ,12,0,1,-0.08333333333333333
3773,delincuencia organizada el ciudadano trabajador es su botin dios nos ampare contra esa gente mala ya,15,0,1,-0.06666666666666667
3774,uso exclusivo del ejercito operan a plena luz del dia y a ojos vistos a href la moto del poli ratero,17,1,1,0.0
3775,gy mb dv ujg medal yellow first red a me encantan tus reportajes a ti te llamaban lina en la escuela,14,2,0,0.14285714285714285
3776,con mis bebes me detuvieron policias municipales de cuautitlan izcalli haciendose pasar por transito,16,1,0,0.0625
3777,aun q yo les dijera que ellos no podian detenerme no me dejaban ir me quede parada hora haber si asi,10,0,1,-0.1
3778,a mis bebes y ya era tarde los tuve que seguir aun asi con enganos diciendome que iria a pagar mi in,10,0,0,0.0
3779,lo unico que queria era salir de ahi por mis hijas el chiste que muy amable los senores justicia me ,14,0,0,0.0
3780,solo asi desde ahi se fueron y me dejaron ir br aclaro yo recien manejaba me acababa de mudar para c,10,0,0,0.0
3781,mis hijas yo lo unico que queria era que me dejaran ir les pedi mi infraccion y ni asi me dejaron ir,8,0,0,0.0
3782,br es realmente triste que te sientas insegura con los que te debes sentir segura br pero me puse la,13,0,0,0.0
3783,ah vuelto a pasar por q ya tengo mas conocimiento yo cada que voy de usa a mexico siempre me paran y,8,0,0,0.0
3784,asuntos internos se ve mas corrupto que elba esther gordillo y javier duarte juntos que horror y que,17,0,0,0.0
3785,que se pueda al ciudadano comun no les basta lo que se paga de impuestos lo que te quita el sat los ,10,0,0,0.0
3786,roban y asaltan a plena luz del dia sino que tambien hay q cuidarse de la policia y transito viendo ,12,1,0,0.08333333333333333
3787,su moche y la bendita cuota que todos los dias les imponen sus disque jefes que a su vez tienen que ,10,0,0,0.0
3788,lo haya puesto en el cargo y asi sucesivamente para completar el bendito ciclo q tiene a mexico hund,11,0,0,0.0
3789,mentiras desafortunadamente los altos mandos son los culpables que se an servido de sus cargos pidie,13,0,0,0.0
3790,apoyar ala banda lastimosamente siempre chingan ala gente trabajadora pero ven a dos weyes sin casco,16,0,1,-0.0625
3791,llega hasta los diputados cenadores y talvez al presidente de mexico br asuntos internos tambien cor,18,0,0,0.0
3792,platico que ellos hacian lo mismo y que tenian una cuota que cubrir definitivamente no se puede conf,10,0,0,0.0
3793,lo tienen bien claro el gobierno te extorciona la corrupcion es de niveles de uno al cien esta senta,12,0,1,-0.08333333333333333
3794,br hay que estripar las raices no las hojas vallan a tlalnepantla a href eeeeeeh es que todos estamo,14,0,0,0.0
3795,mucho mas raro y no en zonas muy pobladas eso es nada en el centro de cdmx la purar ata que excelent,9,0,0,0.0
3796,acciones mediaticas son lo unico que hace funcionar el sistema si nadie sabe si no se enteran tantos,11,0,0,0.0
3797,periodistas que exponen su vida y su integridad por ayudar a la sociedad son un ejemplo de admiracio,12,0,0,0.0
3798,los cochinos marranos que tenemos me podrian proporcionar el telefono de asuntos internos de la cdmx,11,0,0,0.0
3799,ciudadanos no van por el jefe a su casa y excivanlo y hagan lo que quieran con el la gente tambien t,9,0,0,0.0
3800,ignorantes como puede ser que no sepan de leyes y no se tiene que ser abogado hace tiempo escuche un,10,0,0,0.0
3801,este tipo de extorsiones es una cadena de arriba abajo y viceversa incluyendo los malandros bueno el,9,0,0,0.0
3802,no se podia son una bola de me impresiona como nos tenemos que cuidar de los que se supone estan par,10,1,0,0.1
3803,si veias a un grupo de personas en una esquina te daba miedo pasar tener a una patrulla te daba un p,12,1,0,0.08333333333333333
3804,una calle es a quienes les sacas la vuelta es de quien hay que cuidarte ru pues es evidente que no i,8,1,0,0.125
3805,demostrado que todos son iguales a href mago el poli jajaja la corrupcion es corrompida por el propi,14,0,1,-0.07142857142857142
3806,el ya fui a sus redes a seguirlo dios lo proteja y lo cuide porque se arriesga mucho y tu eva x favo,10,0,0,0.0
3807,cancer que nos invade desgraciadamente estamos gobernados por el narco gracias a dios pronto estas l,15,0,1,-0.06666666666666667
3808,del narco y libre de estas ratas y lleguemos a tener a un bukele y cuando esto suceda este chico deb,10,0,2,-0.2
3809,bien de mexico ixtapaluca los necesita br justo en el centro porfa muy buen video gracias por expone,16,0,0,0.0
3810,que poco a poco vayan cambiando las cosas o al menos hacerlas ver que si se puede hacer algo falla n,9,0,0,0.0
3811,traer su numero de policia como los futbolistas br falla numero dos los policias deben videograbar a,15,0,0,0.0
3812,al celular del infractor y al departamento de infraccones el policia manoso si te dicen que solo ay ,11,0,0,0.0
3813,te siguen chingando esos policias como pondran dormir con que cara llegan a reganar a su hijos cuand,14,0,1,-0.07142857142857142
3814,acepta esta realidad en la secretaria de seguridad ciudadana de la cdmx si haces denuncia pide pasar,15,3,0,0.2
3815,haga publico porque nos afecta como ciudadanos que chingon ese wei todo policia debe portar gafete p,16,0,0,0.0
3816,salen a chingar te piden licencia y no te la dan hasta que les das el varo y acerle llegar a la gobe,12,0,0,0.0
3817,de la mano porque no vienen a checar la policia de cuautitlan ay un lugar especial santa elena y car,14,0,0,0.0
3818,noches porque no lo transmiten en algun canal de television es muy frustrante ver como parece que po,6,0,0,0.0
3819,la gobernadora delfina de morena que opina exacto ya nos faltaron al respeto autoridades y policias ,16,0,0,0.0
3820,altos capitales de la burguesia imperante una plutocracia no esperemos que esos lacayos pierdan su n,14,0,0,0.0
3821,que perra vergenza y esos son nuestros quot aliados quot contra los malvivientes del pais el ru abog,13,0,0,0.0
3822,union lo que no se hizo en casa y de pequeno ya sobra el show muy lamentable no haber dado una nalga,9,0,0,0.0
3823,tbn le vale madres las pruebas nos va a decir donde estan las pruebas contra mis ratas con licencia ,10,0,1,-0.1
3824,heroe nacional no los que nos mientan cada mananera con sus heroes nacionales de la historia oficial,12,0,0,0.0
3825,pais tengo un amigo que fue parejota en cdmx y el me cuenta como esta el desmadre cuenta con migo ev,10,0,0,0.0
3826,esos cuates de asuntos internos estan bien pdjos a lo que les preguntaste no saben su funcion que ti,9,0,0,0.0
3827,alegro que cada dia el hartazgo va en aumento en algun momento dado llegaremos a explotar esa esfera,9,0,0,0.0
3828,personas que nos vamos a quedar en el camino pero que eso no sea impedimento para que las proximas g,10,0,0,0.0
3829,harto de la corrupcion y literal paso lo mismo que con la deuda externa la duplicaron woww el duo di,15,0,1,-0.06666666666666667
3830,que capacidad y valor para ejercer honorablemente su profesion yulay es de morena o solo es moreno e,11,0,0,0.0
3831,era el costal de sal de tu novio jajaja saludos y sigue subiendo gracias bye que bueno que te quitas,13,0,0,0.0
3832,bueno para detener a los malandros pues que detenga a estos ladrones prevaricadores extorsionadores ,14,0,1,-0.07142857142857142
3833,del ipn y canal br o el de la cnte br ya que ambos son del tema educativo br en el del ipn hay alumn,11,2,1,0.09090909090909091
3834,es ilegal politicos y autoridades hasta cuando hasta cuando estos parasitos de las policias muy espe,11,0,0,0.0
3835,creible que gobiernos van y vienen y ninguno limpia esta cloaca lo cual solamente significa una cosa,12,1,0,0.08333333333333333
3836,para mexico donde esta el no somos iguales de morena que dice a todo esto la senora delfina es trist,10,0,0,0.0
3837,foto y trae la placa tapada no cabe duda que la que la gente hoy en dia ya no respeta ninguna ley pe,12,0,0,0.0
3838,los verdaderos corruptos estan en las oficinas y si ahi no hay cambios afuera no pasara nada no habr,11,0,0,0.0
3839,cabeza de la vibora y el cuerpo caera es con los burocratas ir ah sacar esos malos funcionarios unas,14,0,0,0.0
3840,la malo que hacen bien llevo como anos viendo videos tuyos no siempre hasta hoy te ganaste mi suscri,10,0,0,0.0
3841,ahorita con el mundial los perros policias corruptos viajo una vez por carretera ahi el estado de mo,13,0,0,0.0
3842,turistico cuando viajo y siempre pero siempreeeeee no hay vez que no pase por el tramo de las torres,9,0,0,0.0
3843,pegue una moto y a checar todo literal solo buscan un pretexto para sacarte dinero br br como odio p,14,0,0,0.0
3844,de tiempo y evitar a esos hdp br br saludos pero no pasa nada la pelota regresa a casa guerra civil ,16,0,0,0.0
3845,las mujeres las que pueden levantar multas acuerdense que tienen horas para pagar tu multa y que no ,11,0,0,0.0
3846,ir a la oficina de la tesoreria y pagar y acuerdense que no te pueden levantar cada rato multas a so,7,0,0,0.0
3847,tu carro espero k si hagan algo puros delos mismo pogance a trabajar en el campo y la gobernadora de,11,0,0,0.0
3848,punto donde denunciar en redes sociales tiene mas peso que denunciar en organismos oficiales de auto,13,0,0,0.0
3849,que perpetua los intereses de los funcionarios corruptos y nada mas indignacion y ahora con la nueva,10,0,0,0.0
3850,reglamento de transito que podemos hacer yo vivo en quintana roo y moverse en carretera es como cruz,13,0,0,0.0
3851,los deberian de cesar a los malos elementos y al de la corporacion meterlos a la carcel yo les digo ,10,0,0,0.0
3852,la multa y lla ustedes tienen horas para pagar tu multa y se quitaran de la corrupcion solo los de t,12,0,1,-0.08333333333333333
3853,ru obviamente pero por que si es abogado y muchas ocasiones son delitos en fragancia por que no proc,11,0,0,0.0
3854,son los gobiernos y todas las autoridades y los senadores jueces gobernadores alcaldes mp y todos lo,12,0,0,0.0
3855,a traer mas problemas que beneficios todo lo que hace este abogado esta y se ve bien quot montado qu,12,0,0,0.0
3856,inteligente con quien te juntas y cuando una pide una patrulla por una pelea llegan horas despues y ,12,0,0,0.0
3857,largan entonces para que pagamos impuestos pero para robar y pedir para eso si son buenos el establo,11,0,1,-0.09090909090909091
3858,ponernos al brinco entre los mismos ciudadanos mi papa les decia a esos corruptos mordelones decia c,14,0,0,0.0
3859,procede a corralon si demuestras q hubo extorsion y levantas la denuncia y te devueyel vehiculo sin ,13,1,1,0.0
3860,esta duda este bombon si es periodista y trabaja muy bien no como la lencha de la nino de rivera que,11,0,1,-0.09090909090909091
3861,no ir a la carcel metete de policia con placa ya podras robar al cabo el govierno permite la corrupt,12,0,0,0.0
3862,no pasaron ni minutos y me salieron desgraciadamente ellos tienen que sacar la mochada que les piden,13,0,0,0.0
3863,jajaj son la mera rata con placa o mejor conocidos como la delincuencia uniformada primero que nada ,12,0,2,-0.16666666666666666
3864,puerc s pasando a otra cosa tambien hay que ser conscientes que en cuanto educacion vial se refiere ,12,1,0,0.08333333333333333
3865,por tu voz este bato sera pasa quejando ya aburrio la gente que les hace caso ese no es su trabajo d,10,0,0,0.0
3866,eso lo hacen para robar ala gente que va al dia son corruptos y la presidenta no les para el alto qu,9,0,0,0.0
3867,que no saben respetar esten haciendo de las suyas ha pero a final de turno todos llevan su mochada d,8,0,0,0.0
3868,quedar mal y te toman por complice y no es haci usted merece respeto pero que no la hagan quedar mal,12,0,2,-0.16666666666666666
3869,mananeras a la querida presidenta donde ella dice no pasa nada en gdl igual me amenazaron con sacarm,12,0,0,0.0
3870,saque el billete claro esto esta chido y el denunciar a los poli y que decir de la jente que ofrece ,10,1,0,0.1
3871,los disque viene viene de esa zona del mexipuerto a panteones jajaja a todas horas mas de canijos se,15,0,0,0.0
3872,y por que no se los lleven hacen un trafiquerio jajajaja y asi salgas con tiempo de antelacion es un,8,0,0,0.0
3873,no se meten al mexipuerto jajajaj br igual deberian de documentar toda la zona que se camina del mex,14,0,0,0.0
3874,y para acabarla en esa zonita de las peluquerias esta llena de puras ratas y los polis lo saben jaja,11,0,1,-0.09090909090909091
3875,se hacen bien mensos de las peores zonas que hay en naucalpan y triste para la gente que awbo tenemo,11,0,0,0.0
3876,aplicar en esa zona de las peluquerias unos changos bien neros que segun solo querian la hora y me q,10,0,0,0.0
3877,la liconsa deberia hacerse un trend viral agarrando retenes ilegales y descubriendo policias corrupt,18,0,0,0.0
3878,una vez mas monetizando con la pobreza nomancheees pase por ahi ese dia y no los vi les hubiera rega,10,0,0,0.0
3879,y la otra en el microfono cuidado eva ponga el ejemplo de manejar aunque sea con una mano esto es lo,9,0,0,0.0
3880,periodismo de investigacion es peligroso obviamente estos abusos son sistematicos y coordinados por ,14,0,1,-0.07142857142857142
3881,digo que estos vividores disque son de trancito de naucalpan se le haga llegar a la gobernadora delf,13,0,0,0.0
3882,en las mananas por ese cruce de ingenieros militares hacia la mexico tacuba es un tramo de facil uno,13,0,0,0.0
3883,o particular br br esos tipos que se ponen en el cruce disque a ayudar no ayudan en nada y hacen mas,12,0,0,0.0
3884,la gente tiene poca cultura civica y no les importa que haya semaforos en ese cruce se pasan el alto,12,0,0,0.0
3885,toreo sin esperar a que se pare el flujo vehicular br br lo que si les puedo decir es que esos tipos,12,0,0,0.0
3886,mas una extorcion para ayudar a cruzar no son policias ni de transito son civiles que se les hizo fa,12,0,0,0.0
3887,href cada semana tengo que ir a la cdmx por negocios prefiero tomar autobus en lugar de llevar mi pr,9,0,0,0.0
3888,cosa con tal de sacar dinero valientes por denunciar a estos delincuentes de que seguramente son los,12,0,1,-0.08333333333333333
3889,los muy hdspm y se supone que las autoridades deberian estar del lado de los ciudadanos y es todo lo,7,0,1,-0.14285714285714285
3890,hay policias corruptos tambien hay abogados corruptos estubo mas chido el video con mi mai espero qu,14,0,0,0.0
3891,han sufrido de extorsionistas con patrulla solo pude tolerar min de este video br mexico alguna vez ,15,0,0,0.0
3892,inmediato al asi fueran buenos para agarrar a gente como rocha moya los manosos pero a esos hasta le,12,1,0,0.08333333333333333
3893,municipales hasta los politicos de arriba hasta la corrupta presidencia no sabe en la colonia a v bo,13,0,0,0.0
3894,a sus papas pesos por nino ratotas y todavia se ofenden los muy perros nada nuevo se save que los po,12,0,1,-0.08333333333333333
3895,droga o te abren carpeta de investigacion no cualquiera expone su integridad para documentar el dia ,14,0,0,0.0
3896,sus vistas en youtube br o policias que levantan infracciones porque tienen que entregar una cuota p,16,0,0,0.0
3897,la extorsion mandos altos y muchas veces se dice que ese dinero es la caja chica del presidente muni,12,0,1,-0.08333333333333333
3898,pero hay que empezar como se barren las escaleras de arriba hacia abajo br estoy en contra del tal a,12,0,0,0.0
3899,ustedes como ciudadanos tambien pongan de su parte conduzcan bien tengan sus licencias sus focos sus,12,0,1,-0.08333333333333333
3900,esto sucede es bien sabido por todas las personas que viajan para la ciudad de mexico anos anos diga,9,0,0,0.0
3901,verdaderos ladrones son esos elementos corruptos y quien hace algo si lo saben y el ru abogado cuand,12,0,1,-0.08333333333333333
3902,en menos de mn fuck youtube hagamos viral este tipo de contenido compartan para que mas personas les,13,0,0,0.0
3903,de los lopez al chile si me enchilo viendo todo esto muchas gracias a ambos br muy buena colaboracio,12,0,0,0.0
3904,tienes una gran moral y valor civico yo me fui de mi querida cdmx por esto literal me daba tanta rab,10,0,0,0.0
3905,mas al fin alguien dan a conocer a este tipo de ratas que asco da la policia delnedomex que espera l,11,0,1,-0.09090909090909091
3906,sabe donde es menos el gobierno br y si es tema ya del gobierno por que es muy grabe que buen labor ,10,0,0,0.0
3907,que cclase de extorsion querian hacer el cartel azul y como se pueden defender las personas en esa o,13,0,1,-0.07692307692307693
3908,casi se llevan al ru eva palera de la derecha por eso te dejo lalo ese crucero de ing militares y tr,13,0,0,0.0
3909,que esta la plaza comercial es un caos total estos videos son los que deberian exponer en la mananer,9,0,0,0.0
3910,enteran de lo que pasa en las calles pero si las personas hacen virales a esa gente llegara a ella r,11,1,0,0.09090909090909091
3911,polirratas este cosido en el uniforme p nches policias rateros no se acaban porque estan protegidos ,13,0,1,-0.07692307692307693
3912,detenido por un delincuente o por un policia deberiamos de hacer una iniciativa ciudadana contra pol,11,2,2,0.0
3913,los ciudadanos necesitan empesar a bajar a policias no hay de otra los jefes piden su cuota pero cua,13,0,0,0.0
3914,propia gente por eso esto no se acaba porque los mandos son quienes promueven todo ok que esta asien,12,0,1,-0.08333333333333333
3915,pasen la vos govierno de mexico corrupto merecen los policias corruptos pena de muerte y al chile po,17,0,0,0.0
3916,tambien que se los lleven a los polis al bote y tambien el ciudadano que demande para que le saquen ,10,0,0,0.0
3917,si se les mete una demanda a los polis tambien se los llevan y les sacan una lana asi que se arme de,9,0,0,0.0
3918,cantidad de transito siempre hay alguien quot ayudandote a pasar quot por una moneda asi es en todo ,15,0,0,0.0
3919,es un tema que afecta a muchos mexicanos en la ciudad de mexico cobran entre a pesos por traslado ti,11,0,1,-0.09090909090909091
3920,legitima llegan y te dicen que te van a apoyar y te llevan a un hospital privado con los que tienen ,9,0,0,0.0
3921,porque no se esta hablando de ello y lucran con las urgencias medicas de las personas es una lastima,12,0,0,0.0
3922,puedes acabar como ruba dedicate a lo que haces normalmente cuidate pero no excedas el limite del go,14,0,0,0.0
3923,las manos eres el mejor ruabogado eres de los pocos que ayudan a mexico hay una pelicula documental ,11,0,0,0.0
3924,recomendadisima la pelicula a href claro que es entron el mexicano ahi esta la revolucion este video,12,0,1,-0.08333333333333333
3925,se refleja en todos lados da coraje porque son los que se supone que nos deben de dar seguridad no b,9,1,1,0.0
3926,desde los jefes con abuso de poder politicos haciendo proyectos fantasmas o proyectos con materiales,14,0,0,0.0
3927,vez me detuvieron solo por ir caminando a mi trabajo dos policias en moto me revisaron la mochila la,10,0,0,0.0
3928,pidieron dinero que porque tenian pruebas de que yo andaba vendiendo cosas ilegales br me quitaron l,13,0,0,0.0
3929,mi que por ser pobre y que ni para pagar tenia br ya ni siquiera puede uno estar tranquilo porque la,9,0,0,0.0
3930,camino y te destrozan todo oigan pero el cabeza de panal dijo que ya se termino la corrupcion con su,13,0,1,-0.07692307692307693
3931,me esperaba a href colele exactamente obedecen ordenes y esas ordenes vienen de los jueces o de los ,13,0,0,0.0
3932,ruabogado para presidente para que aga el cambio por que ya es dificil salir por que sabes que te va,9,0,0,0.0
3933,es lo mismo no viene bien uniformado y el es el de asuntos internos jaja todos lo sabemos y la preci,9,1,0,0.1111111111111111
3934,deverian de estar vigilando el mal actuar de los policias ruabogado para presidente obviamente los a,14,0,2,-0.14285714285714285
3935,personas que roban un refresco y ya esta en la carcel ellos roban mas y siguen haciendo el mal uso d,10,0,2,-0.2
3936,delito y siguen trabajando ruabogado para presidente para que venga el cambio en verdad en mexico gr,13,0,0,0.0
3937,nada de asuntos internos directo a la carcel etiqueten a la gobernadora ponamosla a trabajar ay no e,15,0,0,0.0
3938,todo ese hombre hay algo que no haga bien coyeye coyeye que fuerte video es tan frustrante vivir en ,14,0,3,-0.21428571428571427
3939,narices a plena luz del dia gracias por documentar esto que chida la gente que se atrevio a alzar la,14,1,0,0.07142857142857142
3940,impactante darnos cuenta de que es un problema estructural donde todos estan involucrados esta cabro,10,1,0,0.1
3941,hizo muy politico el hecho de colaborar con ese sujeto que desde luego tiene cola que le pisen yo di,8,0,0,0.0
3942,tambien apoyen y compartan porque no se unen varios y les dan una calentadita para que la piensen br,8,0,0,0.0
3943,que te lo quiten pues no que se acabo la corrupcion con la t y que estamos mejor que en dinamarca ja,7,0,1,-0.14285714285714285
3944,madrearon y me sacaron dinero este es un excelente contenido muchas felicidades la policia no tiene ,13,0,1,-0.07692307692307693
3945,todos estos malditos policias son una mafia de ladrones en todo mexico es lo mismo adonde quiera que,12,0,2,-0.16666666666666666
3946,sus ojos miraran de mil policias cuando mucho son honestos y los de mas son rateros todos hola ru y ,12,0,1,-0.08333333333333333
3947,a fin a pesar que fue muy largo buen video con buenos datos e informacion bien fundamentada dios los,12,0,0,0.0
3948,respetar a las personas y que no les valga madres los mejores es una pena que esto pase en el estado,9,0,0,0.0
3949,la republica que siempre esta diciendo que no hay crimen que todo esta bien nomas imaginate como nos,9,0,1,-0.1111111111111111
3950,nada jajaja te mamaste con esa colaboracion para la otra tambien que invite a su faje sandra cuevas ,11,0,0,0.0
3951,cabeza estos dos grandes creadores de contenido y defensores de nuestros derechos nos dan el impulso,11,0,0,0.0
3952,y a los traileros los molestan mas hijole la verdad que pena pero es una realidad yo tengo familia e,10,0,0,0.0
3953,por viaje la verdad ya no me dieron ganas de regresar y todo por traer placas foraneas que pena y ma,10,0,0,0.0
3954,locales de otros estados saludos y buen video el equipo perfecto y arriba naucalpan que buen crossov,13,0,0,0.0
3955,gente jaja mis respetos para ese hombre son los que realmente deberian gobernar nuestro pais y tambi,15,0,0,0.0
3956,si mas gente fuera mas valiente como estos dos grandes youtubers y la sociedad no colaborara con l e,11,0,2,-0.18181818181818182
3957,y apoyernos gracias por el contenido sin duda alguna esa parte y entendimiento que tiene ru no cualq,11,0,0,0.0
3958,la jugada pero pues de eso depende supuesto trabajo y sustento economico saludos desde tultepec esta,11,0,0,0.0
3959,se suben al autobus que mejor los lacras polis se pingan arreglar las calles como son senalamientos ,13,1,0,0.07692307692307693
3960,abogado debemos ser mas como el esos rateros en otro trabajo ya los unieran corriendo pero como se r,8,0,1,-0.125
3961,atropelle a uno de esos con mi camioneta se me salia el corazon del nervio y jamas paso nada era un ,11,0,0,0.0
3962,que te hayas sumado con el ruabogado a ver si la ciudadania empieza a poner en su lugar a estos lacr,8,0,0,0.0
3963,de asuntos internos se ve mas corrupto que todos la vibra no se puede esconder triste pais en el que,12,0,0,0.0
3964,sra delfina gomez del partido morena se ve que no a hecho nada hasta parece que el que tomo el diner,10,0,0,0.0
3965,mismo vato cambiandose outfits nomas hay una clara complicidad falta de capacitacion y una gran indi,12,1,3,-0.16666666666666666
3966,naucalpan y q asen la presidenta de mexico habria la gente de agarrar a los policias y punta de vrg ,13,0,0,0.0
3967,solucion exacta se puede hacer ley de talion justa caso cerrado oh aplicacion de constitucion de y a,15,0,0,0.0
3968,ciudadano tambien colaboramos con la delincuencia al dar y no presentar denuncia por lo tedioso pero,10,1,1,0.0
3969,se termine la corrupcion pero si podemos ayudar a disminuirla fue amlo el que desperto al tigre br l,10,0,2,-0.2
3970,br que bueno que ayuden toda esa zona es panista br igual que manzo la neta ni le creo a uno ni otro,10,0,0,0.0
3971,como si dijera me ataco con su rashooo laseeerr ya comprando se le pide a la presidenta apoyo invest,14,0,0,0.0
3972,que mexico donde ella ejerce lo permite poquita privacidad al entrevistado no estaria mal es triste ,15,0,1,-0.06666666666666667
3973,mas nunca se dan cuenta q las golpisa se ah llevado el hno pero q dios te bendiga q dios te guarda s,9,0,0,0.0
3974,para que nos roben ru abogado es un maestrazo de las veces que he viajado a la ciudad de mexico la v,9,0,0,0.0
3975,roban sin naduta de pena de verdad senora presidenta pongan atencion a eso sabenos que son alumnos d,13,0,0,0.0
3976,c pasan los con las mordidas dios cuide al abogado y noleagan nada que triste como me dueles mexico ,14,0,0,0.0
3977,ta perron el viejo este vato esta bien picudo mis respetos desde el norte y que hace la policia de m,11,0,0,0.0
3978,cargo tienen pruevas no dijo la presidenta que presenten pruevas pues ahi estan ru abogado es un ver,15,0,0,0.0
3979,este tema muy apropiado la mordida br es una mafia de los policias corruptos br especifiquen en que ,13,0,0,0.0
3980,nunca tenemos nuestros documentos en regla y al hacer eso te expones a ti mismo y a los demas ciudad,7,0,0,0.0
3981,aprovechan que uno es irresponsable y sacan su mordida y el mayor problema de todos son los dirigent,12,0,0,0.0
3982,por miedo no dijo porque sabe que el tambien trae la cola cagada y no esta actuando conforme lo marc,10,0,0,0.0
3983,constituir en algo peor a la mordida que otorgo el problema no es solo institucional es cultural yo ,10,1,0,0.1
3984,no tienen herramientas con que hacerlo pero si uno es irresponsable y ademas vive en una comunidad l,9,0,0,0.0
3985,pena compartir y hacer viral no el mexico magico ni el simi vas a necesitar proteccion de todo tipo ,15,1,1,0.0
3986,era en el tiempo del negro durazo un policia corrupto y asesino y aunque paso un tiempo en la carcel,10,0,0,0.0
3987,la neta todos tenemos mas cuidado con la tira que con los malandros que pena ver como empeora la pol,11,0,0,0.0
3988,claudia y asi se vea con claridad la realidad de la delincuencia del mismo gobierno en la ciudad la ,11,0,1,-0.09090909090909091
3989,motocicletas si traes todos los papeles me a tocado que te piden para el refresco varios ocasiones n,10,0,0,0.0
3990,mi motocicleta y pusieron que no tenia tarjeta de circulacion y la llevaron en el corralon de san jo,13,1,0,0.07692307692307693
3991,corrupcion me gusta mucho este tema en particular y que como bien dicen salga en redes sociales para,10,0,1,-0.1
3992,en cdmx y en todo el pais es lamentable vivir dia a dia de esta manera pero como bien dicen tambien ,6,0,0,0.0
3993,que han existido existen y existiran personas dispuestas a dar las mordidas y bueno termina siendo u,11,0,0,0.0
3994,cabr n acabar con esta situacion que a muchos miles de mexicanos nos afecta br esperemos que el hace,15,0,0,0.0
3995,cargadero dejemos de dar mordidas dejemos de usar quot palancas quot para obtener las cosas tenemos ,12,0,0,0.0
3996,bien tu seras la nueva cristina pacheco animo llamado a la ciudadania sieste cunado se avienta el ti,12,0,0,0.0
3997,necesita ayuda de todos si no lo apoyan jamas cambiaran las cosas uno solo contra culerote pues nunc,8,0,0,0.0
3998,pone el pescueso por los ciudadanos y es solo uno si se arman los los quot rua league of legends quo,13,1,0,0.07692307692307693
3999,porqueria deberias hacerlo serie los policias en todo mexico desde isla mujeres hasta baja californi,12,0,1,-0.08333333333333333
4000,sea que tenga el conductor sus documentos en regla br o no de todas maneras al momento de ser elegid,8,0,0,0.0
4001,la mordida de la extorcion para poder dejarlo ir y ustedes ruabogados eva maria beristian cuidense b,16,0,1,-0.0625
4002,el propio presidente municipal o presidenta municipal incluso algunos gobernadores y eso hace mas di,13,0,0,0.0
4003,solos juntense para protegerse y que dios los bendiga por su lucha en favor de la ciudadania gracias,11,0,3,-0.2727272727272727
4004,a cambiar tambien hay que seguir las senales estas como a km h en donde dice km h chales compartanlo,15,0,0,0.0
4005,su gobierno perros lacras soy de leon y voy cada mes a cdmx tuve que sacar placas del estado de mexi,12,0,0,0.0
4006,que buen programa sacando a balcon a todos los polis corruptos pero aqui la culpa los tienen las cup,12,1,0,0.08333333333333333
4007,y eva maria rifado tu programa son unos delincuentes con placa pero seguro los mandan los altos mand,14,1,1,0.0
4008,pura ratota inservible extorcinando al pueblo si el ex govierno de mex salinas de gortari fox pena n,19,0,0,0.0
4009,ir al aeropuerto porque actualmente estan al sacando dinero hola senorita mary br te quiero felicita,12,1,0,0.08333333333333333
4010,policias corruptos br tambien los invito a ti y al abogado ruben a que saque a la luz a un falso ret,14,1,0,0.07142857142857142
4011,ciudad de mexico a la altura de la desviacion a martin carretera inmediatamente bajando de esa desvi,17,0,0,0.0
4012,casi pegado a la mexico pachuca br en ese punto se plantan policias en moto y camioneta yo pienso qu,11,0,0,0.0
4013,cabe mencionar que yo hice una llamada denunciando pero desgraciadamente no hicieron nada para darle,11,0,0,0.0
4014,seguir denunciando hasta que seamos escuchados son unas todos los corporaciones policiacas deberias ,12,0,0,0.0
4015,intentan parar y simplemente ya no me detengo el govierno es el mismo ladron valientel los dos a hre,14,0,2,-0.14285714285714285
4016,mios a href coyeye pocoyo la chilangada siempre a sido asi tranzas me acorde del caso de una reporte,12,0,0,0.0
4017,se dio cuenta que un grupo de policias estaban extorsionando a una camioneta los polis al verla sali,9,0,0,0.0
4018,que condicion fisica de ellos al final los polis escaparon y salvaron a unos extranjeros de ser exto,12,0,0,0.0
4019,misma eva son heroes heroinas sin capa que merecen un reconocimiento por exponer la corrupcion de la,13,0,1,-0.07692307692307693
4020,que realmente esta pasando asi deberias de hacer un video pero de la mafia de los franeleros estan i,12,0,0,0.0
4021,para apoyar a otro ciudadano cuando vea que este sufriendo de abuso de autoridad yo inocentemente cr,13,0,3,-0.23076923076923078
4022,corrupcion desde abajo me decepciono al contrario de lo que decia amlo las escaleras no se barren de,12,0,1,-0.08333333333333333
4023,su relacion con sandra cuevas pero si estos supuestos que son autoridades no te respetan porque yo s,7,0,0,0.0
4024,te estan extorsionando ya es una falta de respeto y ademas hay que recordar que la extorsion es un d,8,0,4,-0.5
4025,todos hacen lo mismo extorsionar dos de los mejores creadores de contenido gran colaboracion ese com,11,0,0,0.0
4026,sirve porque los automovilistas tambien promueven la corrupcion no importa que tengan el rojo se te ,12,0,1,-0.08333333333333333
4027,br yo diario pasaba por ahi y diario un automovilista me aventaba la lamina y no solo a mi sin impor,10,0,0,0.0
4028,rojo ver a ruabogado diciendo esas p ndej d s es como ver a norona diciendo que su casa de millones ,11,0,0,0.0
4029,de la camara de diputados ruabogado esta con sandra cuevas y entre los dos son unas ratas ruabogado ,12,0,1,-0.08333333333333333
4030,cuando este ya en un buen puesto ahora si se chingue al ciudadano directamente de su bolcillo eva er,10,0,0,0.0
4031,tu lo haces por las vistas y la monetizacion eva sobre tu hipotesis quot los superiores de los polic,11,0,1,-0.09090909090909091
4032,quot te recomiendo entrevistar a un policia de transito o ex policia de transito para cerciorate si ,13,0,0,0.0
4033,estar ahi esto ya no se trata de colores ni partidos politicos esto ya es cuestion de etica no exist,9,1,0,0.1111111111111111
4034,ex policia en el podcast del gafe que les ensenan desde la academia de policia eva seria genial que ,13,0,0,0.0
4035,parte de tlane los de transito de tlanepantla son unos extorsionadorea saluds lic ruabogado desde cu,11,0,0,0.0
4036,mas seguro q desde antes q yo me diera cuanta de nino tienen q reorganizar la policia cuantos polici,10,0,1,-0.1
4037,no han mejorado su forma de trabajo ya deberian de facilmente darte solo tu multa y ellos facilmente,13,0,0,0.0
4038,carros por cualquier cosa ya no deberia de pasar el mismo gobierno tiene la culpa q todo esto siga p,14,0,0,0.0
4039,asi cuidarian mejor su trabajo y pedir minimo la preparatoria y obviamente q no tengan record crimin,13,0,1,-0.07692307692307693
4040,si el servidor publico suelta la cachetada y esconde la cara todos losavemos y ya por ultimo aunque ,10,0,0,0.0
4041,da hasta verguenza ajena a href uckszu wh gy mb dv ujg opgfy dokfsxknapq agao a a href uckszu wh gy ,22,0,0,0.0
4042,vivir en un pais pudrido en la corrupcion mexico tan lindo sumido y liderado por pinches ratas hasta,16,0,3,-0.1875
4043,nada que chusma igual que en venezuela diferentes paises mismos gobiernos eva por favor podrias hace,11,0,0,0.0
4044,mataron a una senora que solo se dedicaba a rescatar perritos y nadie visibiliza este problema ya es,12,0,0,0.0
4045,rescatar perritos evamariaberistain bien gorditos esos polis si dejan las mordidas why dont they req,18,0,0,0.0
4046,started wearing body cams and turning them on when this is happening with police bravo por este cros,11,0,0,0.0
4047,mexico ya entiende que desunido no sirves contra todas estas mafias no vengas a mamar con taanto rol,13,0,0,0.0
4048,lugar de amlo br la pinche gasolina magna ya costaria o pesos para l litro br asi que a mi no me eng,14,0,0,0.0
4049,no hay de otra que la ley de herodes ru y eva adelante tambien en monterrey ay corrupcion con m c y ,12,0,1,-0.08333333333333333
4050,a veces semos un poco groseros es porque nos sentimos prepotentes da miedo ir a mexico que bueno que,11,0,1,-0.09090909090909091
4051,redes sociales para aprendan ser buenos policias es el momento de juntarnos este de junio que se vea,11,0,0,0.0
4052,hartando que se quiera maquillar la ciudad cuando la gente comun paga los salarios de los que nos az,14,0,0,0.0
4053,ahi esperan a los militares los policias y les roban hasta sus quincenas un amigo me conto que hasta,11,0,0,0.0
4054,les roban todo lo que tienen mil bendiciones para uds ya que s t n esta presente en cada corrupto mu,10,0,0,0.0
4055,el mi opinion es nunca se acabara la corrupcion ahora debias de investigar a la periodista que secue,10,0,1,-0.1
4056,estamos llegando a un ambiente pre revolucionario recuerden que antes del estallido de la revolucion,17,0,0,0.0
4057,que vio perder la tierra de sus ancestros por un plumazo que beneficiaba a algun hacendado confinand,12,0,0,0.0
4058,situacion similar te fincan un delito de la nada y si te va bien durar meses en la carcel si te va m,10,0,1,-0.1
4059,todavia se puede poner peor la gente ante la injusticia podra en un futuro empezar a matar a element,13,0,0,0.0
4060,para que valga la pena quot y es un sinsentido que se llegue a tal situacion y todo por la proteccio,10,1,0,0.1
4061,poner orden para mi ya bailo crei que sus ideas eran propias me estaba gustando pero hablo del tigre,11,0,0,0.0
4062,sombrero ni modo adios sombrero jajajaja pos que tengan todos sus papeles y asi no se quejaran de mo,10,0,0,0.0
4063,hiciste chayotera esta corrupcion es lo que dejaron los prianistas prd mc p verde puros policias rat,17,0,2,-0.11764705882352941
4064,pena saber es por que no aclaran que lo primero que hay que hacer es hablar al y darle un muy correc,9,0,0,0.0
4065,sobre todo no arriesgarse a danos mayores lo cual desafortunadamente no lo explican en lo absoluto b,14,0,0,0.0
4066,alternativa consistente en establecer una conversacion inicial con el funcionario que bien considere,16,1,0,0.0625
4067,absolutamente legal en el articulo constitucional en su parte civica y en correlacion con todo su de,9,0,0,0.0
4068,ciertos avances y resultados que consideramos sumamente importantes en los temas que bien estamos ll,14,0,0,0.0
4069,esta alternativa sin ninguna necesidad de ponernos en riesgo con todo gusto lo podremos verificar di,12,0,1,-0.08333333333333333
4070,del facebook de nuestro coordinador general y juridico asi como presidente general del tribunal supe,13,0,0,0.0
4071,quien tenga de lo cual podremos comentar directamente por mensaje personal en el facebook directo de,13,0,0,0.0
4072,manejar indebidamente censura al respecto en que en esa plataforma del facebook me podran ubican com,13,0,1,-0.07692307692307693
4073,bien iniciar el correcto manejo legal de ese tema de interes que cada quien tengamos debidamente br ,14,0,0,0.0
4074,pedia asi nomas porke trai lic de sinaloa k poca y me amenazo de llevarlo al corralon sin cometer in,15,0,0,0.0
4075,los otros demas influencers que no sirven para nada amo mi pais y me duele ver tanta corrupcion pero,11,0,1,-0.09090909090909091
4076,acabo la corrupcion y que tendremos un sistema medico como el de dinamarca ojala despertemos y comen,13,0,2,-0.15384615384615385
4077,dando mordidas los tipos de los semaforos es verdad que estan dia y noche los muy lacras y si no les,10,0,0,0.0
4078,que es un don ya grande que se enoja si no te quieres pasar el semaforo en rojo hace berrinche y tod,10,0,0,0.0
4079,no esperaba esta colaboracion pero es la que se necesita para hacer viral todo este contenido junten,13,0,0,0.0
4080,y eso que ya no esta el negro durazo excelente video y mi apoyo a ruben que soy testigo de su lucha ,12,0,0,0.0
4081,lol sigan votando morena siempre es asi todos estan de acuerdo mis respetos para este joven que tris,14,0,2,-0.14285714285714285
4082,todo el sistema necesita un instituto autonomo anticorrupcion que tenga las facultades de suspender ,14,0,0,0.0
4083,senalamiento donde persona corrupta con dolo sea privada de la vida y si fuera victima de superiores,14,0,1,-0.07142857142857142
4084,br nota he visto muchos carros sin placas que son usados por policias quien sabe si estos autos sean,11,0,0,0.0
4085,las autoridades yo creo que en porcentaje los que hacen bien su trabajo en un porcentaje muy bajo ho,7,0,0,0.0
4086,hacer algo que esten obligados a entregar alguna identificacion hasta que la gente no se levante enc,10,0,0,0.0
4087,nada en la ciudad es igual no ayudan en nada los policias solo te quitan y te despojan lamentable ro,9,0,0,0.0
4088,policias hablando muy raro y segun ellos quot formal quot es una realidad a nuestras autoridades les,12,0,3,-0.25
4089,de un quot youtuber quot influir en la sociedad para bien hacerla despertar y mas en este estado de ,12,0,0,0.0
4090,y unidos podemos hacer grandes cosas pa que lloras disfruta lo votado ruabogado tan valiente que dio,13,0,1,-0.07692307692307693
4091,los bendiga claudia s te hacemos responsable por la vida de ru abogado ven a san pedro cholula puebl,16,0,0,0.0
4092,millon en dos dias si que esta clase de videos y los de chinguamiga deja vistas estas focas aplaudid,13,0,0,0.0
4093,nicolas maquiavelo oh ya uno de la literatura espanola no se comfundan hablo del colombiano garcia m,14,0,0,0.0
4094,escriba no todas estas focas dales a una chinguamiga y todos felices cuando ven placas de otro lado ,13,0,1,-0.07692307692307693
4095,muchisimos videos estaba a nada de enamorarme de eva incluso sabiendo que andaba con el rasta pero h,12,0,0,0.0
4096,ahorrando un chingo de chamba a la policia estatal y federal nomas que vean este video y les caigan ,13,0,0,0.0
4097,p rr y siendo ya tan obvio que el mismo gobierno nos chinga que nos extorciona nos miente es obvio q,10,0,0,0.0
4098,forma empleados de los mismos que tienen el control sabiendo eso que hacemos que excelente colaborac,12,0,0,0.0
4099,trabajo excelente eva maria te felicito por tu trabajo excelente dedicate a destapar la corrupcion p,16,0,1,-0.0625
4100,es de malos gobiernos pasados los prianistas sinvergenzas mantenidos vividores saqueadores carcel pa,18,0,0,0.0
4101,mexico y del mundo eva maria trate de ablar con la presidenta de mexico claudia presidenta tienen qu,14,0,0,0.0
4102,ilegales pero si sucede en las narices de la presidente que nos espera al resto del pais bendiciones,13,0,1,-0.07692307692307693
4103,de facil y ya y ese crosover como van a victimizar a los policias si yo se que un trabajo es deshonr,6,0,0,0.0
4104,cosas de ese tipo no entro ni siquiera la mayoria de ellos saben que en la policia se entra a robar ,8,0,0,0.0
4105,victimas de los mandos ay pobres muertos de hambre que se busquen otro trabajo si es que saben hacer,13,0,2,-0.15384615384615385
4106,estos policias corruptos parasitos torcidos no tienen perdon de dios ni del pueblo de mexico que poc,15,0,0,0.0
4107,electrica para ejemplo de mexico y del mundo recuerden que si los van a multar tienen que darles un ,11,1,0,0.09090909090909091
4108,monto y donde pagar que es en oficinas de gobierno y si no te lo dan es ilegal si es un servicio ant,9,2,0,0.2222222222222222
4109,para que lo vayas y lo pagues y debe de decir cuanto es ante la ley ellos no son cajeras ambulantes ,8,0,0,0.0
4110,no es curisos y cuestionable como ningun youtuber que segun ayuda no esta hablando del caso ninguno ,9,0,0,0.0
4111,prohibieron a costa de un poco de fama y dinero asi nunca se hara la diferencia y nos quejamos de lo,10,0,0,0.0
4112,nuestras autoridades y nuestras leyes eso si duele mexico no ala mega planta de amoniaco hablen de l,13,0,1,-0.07692307692307693
4113,que nosotros nos petateemos a que la corrupcion desaparezca pero la naturaleza sera eterna lo tiene ,10,0,1,-0.1
4114,estos rufianes policias torcidos vende patrias estan estafando al pueblo de mexico porque no se apli,18,0,0,0.0
4115,mantenidos vividores saqueadores carcel ya ya ya ya ya ya ya ya ya ya ya basta de burradas cochinada,14,0,0,0.0
4116,de mexico presidenta ponganse fuerte mano dura a estos parasitos torcidos policias torcidos youtuber,16,0,0,0.0
4117,tener un cambio verdadero que lo haga en michoacan no mejor nop a estas ratas se les hace mas facil ,11,0,1,-0.09090909090909091
4118,se echaron a dormir puesto que las ratas se reproducen deberian ensenarle estos videos a la presiden,12,0,1,-0.08333333333333333
4119,problema es tambien la gente que no anda en regla cuando sale mas barato sacar los papeles bien y no,12,0,0,0.0
4120,coludidos totalmente muchas gracias por toda la calidad de este video y contraloria no hacen nada to,13,1,0,0.07692307692307693
4121,su madre los policias corruptos hola muchachos les mando un abrazo y los felicito x su gran labor es,13,0,0,0.0
4122,una con personas como ud un hijo mio k vive en guadalajara dejo de venir a verme aca al edo de mex x,14,0,0,0.0
4123,corruptos diske policias k ni sikiera son los correctos de parar a la gente y extorcionarlos ahora m,13,0,0,0.0
4124,confianza suerte chicos y k dios los bendiga y cuide recuerda que eva no tiene tendencias suicidas y,12,0,0,0.0
4125,debe ser solo la suspension es extorsion lo que implica un pena corporal ademas al ser una accion qu,10,0,1,-0.1
4126,pena se incrementa hasta en dos terceras partes que bueno que hiciste este video efectivamente ahi s,15,0,0,0.0
4127,de tranza inclusive los de transito ven toda la robadera y no hacen nada y para acabarla siempre un ,10,0,0,0.0
4128,mexico aqui en mazatlan es la misma porqueria ojala que se mejore para todos aqui los pobres reparti,12,0,0,0.0
4129,ir que esto muestre en la mananera la che claudia nomas le gusta mostrar lo que le conviene puro cir,16,0,1,-0.0625
4130,que dios te guie tus pasos y que te proteja en lo que estas haciendo bendiciones no es secreto para ,9,0,0,0.0
4131,gobierno q sea ellos se manejan a parte br es un mega negocio y una organizacion perra que implica c,14,0,0,0.0
4132,cuando todos los q han usado placa saben donde esta el biyuyu br br sonemos el abogado para lider de,13,1,1,0.0
4133,desgraciadamente esto lleva muchos anos y esto es una cadena policias transito y diferentes corporac,11,1,0,0.09090909090909091
4134,del c se deberian monitoriar exelente trabajo en mi estado ayer acaban de reclutar a nuevos elemento,15,0,0,0.0
4135,apenas y termino su bachiller haste le pegan q los carros en ese cruce ru estaba muy al tiro jajaja ,11,0,0,0.0
4136,norma mientras manejaba estaba muy pendiente porque las sanciones no van a la licencia de conducir b,11,0,1,-0.09090909090909091
4137,problema y si no se presenta a pagar pues que le pongan orden de arresto y ver en la corte como estu,11,0,1,-0.09090909090909091
4138,documentos o el vehiculo br es de la epoca de las cavernas chingon ru bien hecho pense que el pri ya,11,0,0,0.0
4139,no a llegado morena me cae mal pero hace lo correcto y es nuestra obligacion civil apoyarlo y difund,12,0,1,-0.08333333333333333
4140,forma podemos seguir promoviendo esto a href exaaaaaaacto si el transito hiciera su chamba de transi,15,0,2,-0.13333333333333333
4141,al contrario va a ser peor por que ahora la guardia nacional solo te van a quitar el coche solo por ,8,0,0,0.0
4142,y en las carreteras siempre esta solo esta preocupante que esto sera peor mi mexico magico la corrup,13,0,1,-0.07692307692307693
4143,cambio con morena y que paso claudia impuso a un criminal como harfuch al frente de la ssc de cdmx y,13,0,1,-0.07692307692307693
4144,a un chacal a cuidar gallinas los que hablaban de anticorrupcion los que se alzaban el cuello de no ,10,0,0,0.0
4145,que eso go siempre se tapan l los ojos nunca he entendido por que la presidenta los de morena hablan,10,0,0,0.0
4146,o escenarios donde se paran justo por esa zona un poco mas arriba por la plaza literal no hay espaci,11,0,0,0.0
4147,que hicieras un video de eso literal los puestos ambulantes se aduenaron de las banquetas tambien qu,11,0,0,0.0
4148,su dedicacion de este abogado un granito de justicia se les acumulara al final del dia unanse y grac,10,0,0,0.0
4149,sus derechos o reportarlos yo vivi una experiencia similar mas no les di dinero que era lo que me pe,11,0,0,0.0
4150,ellas aqui lo reporte y me dieron unas nuevas aqui se les respeta por servir y hacer su trabajo que ,7,0,0,0.0
4151,tiene el poder y solo unidos los correran y los nuevos elementos que sean mas educados y sirvan a lo,10,0,0,0.0
4152,denunciar a estos policias lacras que los encarcelen y que no salgan pinche ciudad asquerosa eva mar,15,0,0,0.0
4153,darse uno que otro lujo pero como que tu periodismo ya se esta cargando mucho ya casi no hay diferen,10,0,0,0.0
4154,no pierdas tu esencia solo por dinero que pena porque no entrevistan a los jefes en las bases para v,9,0,0,0.0
4155,si no a la delfina son hermandades de anos esto lo deben denunciar alas autoridades deomar garcia ha,16,0,1,-0.0625
4156,sus buenas pensiones son servidores de los ciudadanos y solaparlos estan siguiendo su corrupcion un ,11,0,1,-0.09090909090909091
4157,echen pa fuera todos estos actos de violencia es la poca diciplina de gobierno en tener elementos po,11,0,1,-0.09090909090909091
4158,sueldos prestamos mi mexico lindo a poco del a href ya te vendiste ala derecha que mal pero no mient,15,0,1,-0.06666666666666667
4159,mexico buen invitado y reporte saludos a href hay publicadores en la red que herraron su vocacion br,18,1,0,0.05555555555555555
4160,digestivo e incursionan digitalmente br br posteriormente observan lo extraido lo huelen y lo prueba,15,1,0,0.06666666666666667
4161,br br pobres no saben que los seres humanos y sus instituciones tienen una carita sonriente y un tra,14,0,0,0.0
4162,encontraras br br ho ho ho y donde queda este tema en la mananera en lo unico que no estoy de acuerd,11,0,0,0.0
4163,que practicamente se les da herramientas a los delincuentes para evitar que los detengan y los revis,12,0,2,-0.16666666666666666
4164,el vehiculo entonces un ciudadano delincuente puede alegar su derecho al libre transito y oponerse a,14,0,1,-0.07142857142857142
4165,sugerencia deberias hacer una visita al paradero norte de cuatro caminos estaria increible para que ,16,1,1,0.0
4166,corruptos desde que comenzo la linea del cablebus todo empeoro br br tambien no menos importante en ,14,0,1,-0.07142857142857142
4167,de la gente hay una lugar llamado quot los arcos quot en naucalpan te encantaran ojala puedas acudir,14,0,0,0.0
4168,para estar vandalizados maldita la gente que atenta contra las personas que juraron defender maldita,14,0,1,-0.07142857142857142
4169,tocara el infierno a href el gobierno no tiene ningun interes en resolver estas agresiones contra lo,13,0,0,0.0
4170,jajaja el toreo siempre ha sido un cochinero a href no necesito mas pruebas para comprobar que mexic,12,0,0,0.0
4171,llegar a mitikah siempre hay un operativo para motos si o si siempre estan tuve que dar aquella vez ,8,1,0,0.125
4172,ha hecho nada segun con el actual gobierno las cosas iban a cambiar pero estamos mucho peor y no sol,7,0,0,0.0
4173,tijuana es la misma porqueria pura rata con placas buen video el nino del minuto un duro a href much,12,0,1,-0.08333333333333333
4174,la tarde ahi es donde te das cuenta que no hacen su trabajo br solo se paran a hacer nada toreo es l,8,0,0,0.0
4175,en lugar de ayudar empeoran todo br br transitos que no hacen su trabajo se la pasan en su celular y,8,0,0,0.0
4176,bien pero su relacion con sandra cuevas no se borra con nada quien es el jefe policial responsable d,12,0,0,0.0
4177,seguro tambien recibe de sus subordinados el producto de la extorsion br la policia en todo el pais ,15,0,1,-0.06666666666666667
4178,exponer todos esos ratas a href gracias edgar divar triste realidad de todos los dias en mi vida me ,13,0,1,-0.07692307692307693
4179,lamentablemente me este pais cuando ves un policia debes huir por que ellos son los verdaderos delin,15,0,1,-0.06666666666666667
4180,mundial br es la unica manera de visibilizar que cada dia vivir en mexico es una muerte lenta la cru,12,0,0,0.0
4181,sus las alianzas quot acme quot en sinaloa y sonora los retenes d quot afis quot son weyes del cds y,14,0,0,0.0
4182,minuto a href no es diana zambrano lic ru se la rifa un favor direccion de la de anticorrupcion y te,14,0,0,0.0
4183,o algo parecido a contraloria interna en cdmx ir a hacer la denuncia para que pierdas tu tiempo y no,9,1,1,0.0
4184,que los mandan el gobierno vamos a apoyar a ru llegue a la mananera con la sheimbn es momento sigan ,13,0,0,0.0
4185,servidores publicos los odiamos somo muchos por que caraj no se unen ca ches mex solo gritamos y nos,15,0,0,0.0
4186,a autoridades tan ignorantes ni si quiera pueden explicar el procedimiento a seguir dios los bendiga,9,0,0,0.0
4187,mananera este tema del estado de mexico ya se ha hecho publico en varios medios informativos y sigue,13,0,0,0.0
4188,que los criminales ahahaha no los criminales y policias son lo mismo le temblo la voz al supervisor ,10,0,2,-0.2
4189,la cdmx y en verdad piden los miles de pesos a href ese guey esta demasiado nervioso como tiene algo,13,0,0,0.0
4190,y un correo sobre un grupo de personas con discapacidad visual que perdio sus espacios de trabajo de,11,0,0,0.0
4191,mas de anos manana realizaran una manifestacion para visibilizar su situacion ojala puedas conocer s,15,0,0,0.0
4192,bueno que expongan todo lo que pasa dia a dia en el pais br porque segun la chichis de limon estamos,9,0,0,0.0
4193,hicieras un video sobre lo que vivimos los que vendemos en la calle br y como muchas veces los mismo,10,1,0,0.1
4194,br y las trabas que luego te ponen cuando quieres sacar una licencia a href los ejercisio matutinos ,13,0,0,0.0
4195,intentar mejorar la situacion en los diferentes sitios que tienen vigilados a href gracias por infor,14,0,0,0.0
4196,estas cuotas que le tienen que reportar a sus superiores y por el uso de la patrulla la gasolina y m,6,0,0,0.0
4197,su familia y le tienen que atorar la neta hay que torcer a los altos mandos y que entre harfuch con ,9,1,0,0.1111111111111111
4198,probado que este operativo a torcido a gente de todos los partidos y funcionario sea quien sea asi e,11,1,1,0.0
4199,seguros aprendanse los articulos que los protegen pues obvio los policias que andan extorsionando so,14,1,0,0.07142857142857142
4200,buen trabajo a href jajajaj que asco me da la policia esta podrida en todos los niveles posibles ese,13,0,0,0.0
4201,con este calor dudo sea de unos dias o semanas para aca estaria bien tener una radio para escuchar l,11,0,1,-0.09090909090909091
4202,la triste realidad de mexico br yo he trabajado en encuestas relacionadas a la percepcion y califica,14,0,0,0.0
4203,principales autores de la corrupcion son los transitos y lamentablemente los ciudadanos que se prest,12,0,1,-0.08333333333333333
4204,que les llamo la atencion el video tengo el cel conectado a la bocina del trabajo se ara viral que f,11,0,0,0.0
4205,los policias y el gobierno en general pero tambien muchos automovilistas se ven esas situaciones por,10,0,0,0.0
4206,muchos automovilistas que no se comportan y se ven en la situacion de tener que aflojar a href el pr,10,0,0,0.0
4207,informacion al elemento que estas denunciando y te amenazan a ti o a tu familia para que retires tu ,11,1,0,0.09090909090909091
4208,querida eva br yo a diario frecuento la zona ya que tomo los camiones que van al chamizal y salen po,14,0,0,0.0
4209,problematica que hay en ese lugar br me toca ver a diario que el trafico se hace porque el transport,9,0,1,-0.1111111111111111
4210,quieren pasar br y precisamente en ese lugar el semaforo esta de adorno el personal de transito se l,13,0,1,-0.07692307692307693
4211,veces se queda a poco de provocar un tragedia ya que los automovilistas y peatones no respetan el al,13,0,0,0.0
4212,su uniforme al mismo checador de la ruta que va al chamizal y pabellon bosques en vez de realizar el,9,0,0,0.0
4213,invito hacer un reportaje de robo de motocicletas en el estado de mexico poniendo a prueba cuanto ti,13,0,1,-0.07692307692307693
4214,para hacer ese reportaje el crossover mas epico nomas pa la proxima no manejes con microfono a href ,16,0,1,-0.0625
4215,en las policias pudimos contra la suprema corte los polis corruptos y sus jefes seran pan comido por,12,0,1,-0.08333333333333333
4216,dinero el telefono y de todo cuando nadie los ve pero si nos unimos y no les damos nada que harian d,10,0,0,0.0
4217,mas a esta bella mujer hay algo que no haga bien lt nambreee si les rascaramos nos quedamos sin evit,14,0,0,0.0
4218,los polis y vialidad de ecatepec y tlalnepantla estan pero bien perros robando gente por iniciativa ,13,0,0,0.0
4219,trabajo y cuando fui a hacer mi denuncia el oficial de la fiscalia que me tomaba la declaracion paro,11,2,1,0.09090909090909091
4220,los policias empiesan a decir que si le plantan marijuana u otra cosa para pues proceder con el reci,15,1,1,0.0
4221,en redes sociales yo incredulo todavia pensaba que no era tan normal pero presenciarlo me hizo darme,11,0,0,0.0
4222,por hecho que la investigacion de mi denuncia no va llegar a nada a pesar de identificar al ladron y,9,1,1,0.0
4223,de mordidas amo el valor que tienes para ir a la zona donde vivo por que no cualquierra confronta de,9,0,0,0.0
4224,que muchos vivimos en naucalpan estaria un video de como caza la icetapo o de la historia de la cia ,10,0,0,0.0
4225,fuerzas especiales gringas entrenan a futuros sicarios o como hacen y organizan golpes blandos o el ,18,0,2,-0.1111111111111111
4226,el mundo para liberarlos de sus recursos y soberania br br como que solo muestras cosas negativas de,14,0,1,-0.07142857142857142
4227,no lo van a ser los de la policia y cualquiera con un grado de autoridad como cuando voy a la ciudad,7,0,0,0.0
4228,papas siempre les sacan un dinerallll muy bien ru un saludo hay que acabar con las ratas ufff que bu,10,0,1,-0.1
4229,esos tipos que hacen de transito en esa zona por el br trafico que estaban provocando y la autoridad,12,0,1,-0.08333333333333333
4230,de que hay que ser buen ciudadano pero tambien el que le va a pedir la foto al ru lleva la placa tap,7,0,0,0.0
4231,ni se enteran viva la t y la sra delfina y morena se acabo la corrupcion desde que entro el senor ob,12,0,1,-0.08333333333333333
4232,fan pero ya veo esto vendido me retiro no son autoridades son trabajadores del estado que deberian d,12,0,0,0.0
4233,como hacer lo que ustedes hacen en la zona metropolitana de guadalajara lo hago triste pero cierto n,9,0,0,0.0
4234,dinero del viaje y la renta y que nos friegan era de madrugada muy triste se la rifan ustedes mis re,13,0,0,0.0
4235,guelatao de la linea a el transporte publico baja al pasaje en el carril de alta y para cruzar tiene,13,0,0,0.0
4236,de que hay transitos solo estan parados esto sobre todo despues de las am por favor ve porque ya es ,7,0,0,0.0
4237,no te dejan pasar y tambien si no les pagas se enojan y te siguen hasta que les des unas monedas que,10,0,0,0.0
4238,de quien cuidarte y a quien ir para pedir ayuda los policias y los malos son iguales mismas manas y ,13,0,0,0.0
4239,que se le relaciona con sandra cuevas cuidate eva ases un ermozo trabajo social te veo desde new jer,15,0,0,0.0
4240,m a el cartel de los azules en todo el pais este gobierno quiere mantenernos con miedo y estresados ,11,0,0,0.0
4241,en el mi esposo regresando de trabajar de noche en naucalpan y caminando lo detuvo una patrulla para,13,0,0,0.0
4242,sueldo de la semana no se imaginan como sufrimos estando yo embaraza nos quedamos hasta sin dinero p,11,0,0,0.0
4243,aviso que les pidieron esa cantidad para dejarlos ir y todavia le dijeron que le iban a dar una cont,8,0,0,0.0
4244,cdmx siempre estoy a la espectativa hace dias una familiar la detuvieron estaba por llegar al aeropu,12,0,0,0.0
4245,le pidieron mil pesos mexico vs mexico antipatriotazzz vs patriotas una vez me detuvo un pseudo poli,18,0,0,0.0
4246,recorde que soy de slp terrible un asco por parte del departamento de policia y administracin en tur,14,0,0,0.0
4247,ahi se agilizo el transito puro naucalpan que tristeza de pais y la maestra gobernadora con cara de ,15,0,0,0.0
4248,un operativo enjambre desde hace muchisimos anos llego morena y esperabamos que actuaran contra esto,11,1,1,0.0
4249,se podran mantener limpios deberian de hablar de los retenes de la mana graben estaria bueno pues el,9,0,0,0.0
4250,rat mcprianistas como dicen el que no conoce su pasado no entiende su presente y el futuro no lo ve ,12,0,0,0.0
4251,un cambio no como varios artistas que nada mas se van a dormir o hacer realitishow porque los buenos,8,0,0,0.0
4252,edo mexico de cuanto es moche entre los funcionarios del gobierno de ambas entidades que tipo mas gh,12,0,0,0.0
4253,totalmente de acuerdo saludos al abogado y mas ciudadanos como el saludos eva abrazos no balazos mis,14,0,1,-0.07142857142857142
4254,solo para informar sobre las injusticias y tratar de hacer lo correcto el pueblo de mexico deberia t,10,0,0,0.0
4255,es dinero y tenemos familia gracias abogado que de esa sra mi admiracion mas de estas fregonas por q,9,0,0,0.0
4256,tengan una camara filmando dentro de su carro y ya por fin esta sucediendo un cambio en la policia n,11,0,0,0.0
4257,con un celular para poder grabar este tipo de injusticias gracias a las redes este movimiento de ru ,12,0,0,0.0
4258,importante br saludos como me gustaria tener ese poder de grabar a los transito y hacer virales sus ,12,0,0,0.0
4259,naucalpan ya se ha indicado que el presidente municipal colabora con los criminales se han hecho den,10,0,1,-0.1
4260,mmdas que son ataques de la derecha cuando es un criminal entre ru abogado y el proyecto de incomoda,12,0,1,-0.08333333333333333
4261,dice no por el gobierno si no por la presion mediatica oficiales no deben agredir a nadie por favor ,8,1,2,-0.125
4262,puebla necesitamos una abogada o abogado asi de valiente y desia lopez obrador que ya no abia corrup,13,0,1,-0.07692307692307693
4263,decian quot esta bien que todos venimos desde abajo esta bien que todos venimos del barrio y todos s,9,0,0,0.0
4264,cierto nivel de estudios y educacion debemos hacer el esfuerzo por dejar el barrio para el barrio de,12,3,0,0.25
4265,una profesion y aplicar el conocimiento y la capacitacion que en teoria tenemos quot br el modito el,12,1,0,0.08333333333333333
4266,profesionistas quot de la actualidad juristas contadores ingenieros arquitectos doctores maestros o ,18,1,1,0.0
4267,profesionalismo de la gente tal vez ya no hay profesores como los de antes para esa gente que sequej,9,0,0,0.0
4268,juntar unos porque uno solo ovio lo intimidan asi que mejicanos quieren cambios si ven que la polici,12,0,0,0.0
4269,vean que no esatan tontos y les digan alos polis y sepan que se sepan defender y lo que no los compe,15,0,0,0.0
4270,de los policias si quieren cambio aunque no los paren a ustedes porque algun dia les va a tocar y lu,9,0,0,0.0
4271,de ustedes depende el cambio entre mas se junten agrabar en bola todos juntos apoyandose asi van a g,15,0,0,0.0
4272,si quieren quejarse quejense en las paginas del gobierno llenenles las paginas y asi despues alos de,12,0,0,0.0
4273,chinguense porque a ustedes los estan extorsionando no se vale que anden exponiendo a todos los poli,11,0,0,0.0
4274,andar de felicidades mientras otros youtuberos solo estan pendientes de palacio nacional tu realment,13,0,0,0.0
4275,paises hispano america si hubieran la pena de muerte br como tenemos en usa y otros paises desarroll,14,0,0,0.0
4276,estas lagras donde dinde esta la presidenta no hace nada ay no q horror vivir todos los dias en esta,11,0,1,-0.09090909090909091
4277,policias uno puede confiar la gente en mexico le tiene el mismo miedo a la policia que a los delincu,8,0,1,-0.125
4278,sin hambre yo deje de ir a la cdmx porque solo te detienen y te sacan dinero eso de que les piden co,12,0,0,0.0
4279,durazo pnch gobierno de mrd solamente quieren acaparar para ellos de que estan hablando desde que en,14,0,0,0.0
4280,vino a corromper a la policia en mexico la enfermedad siempre son los politicos de cagad haz un repo,12,0,0,0.0
4281,el dicho si no hay justicia para el pueblo que no haya paz para el gobierno br br en lo particular y,11,0,0,0.0
4282,cuando veo que se le descompuso el coche o cuando piden ayuda por un asalto siempre pienso que igual,8,0,1,-0.125
4283,estando solo br br ojala un dia tengamos una sociedad mas responsable de si misma sabia preparada me,12,0,0,0.0
4284,de robar br br los amo eva y ru mi fe siempre esta puesta en personas y movimientos con valores como,17,0,0,0.0
4285,a la misma zona de toreo en ingenieros militares y transmisiones militares a checar otros problemas ,11,0,0,0.0
4286,edomex y la cdmx ambos estados se echan la bolita para no asumir responsabilidades los semaforos no ,12,1,0,0.08333333333333333
4287,musica a todo volumen y se la viven drogandose en publica se cuelgan de la luz y por la sobrecarga l,11,4,0,0.36363636363636365
4288,horas completas los microbuseros no conocen de autoridad alguna acosan te echan sus combis te mienta,12,0,0,0.0
4289,es edomex no le corresponde a la cdmx quot o viceversa ty la gobernadora delfina para cuando empieza,12,0,0,0.0
4290,mas estara trabajandoooo pura corrupcion mexico claro dentro la policia tambien es morena gobierno s,10,0,1,-0.1
4291,historia de hace mas de anos no sorprende y las autoridades superiores siempre lo han sabido porque ,12,0,0,0.0
4292,coatzacoalcos veracruz por nombrar algunos lugares de la parte sur sin hablar tambien del crimen org,14,0,1,-0.07142857142857142
4293,escuelas habran estudiado quienes serian sus maestros de que partido politico seran miembros de que ,12,2,2,0.0
4294,gracias eva maria nos ensenas un mundo transparente y que todos sabemos que existe pero no podemos h,10,0,0,0.0
4295,gobernadora dijo que iba a cabar la corrupcion en el estado de mexico desgraciadamente los policias ,12,0,1,-0.08333333333333333
4296,sin casco estamos podridos por estos policias q no hacen su trabajo donde estan sus jefes donde esta,9,0,1,-0.1111111111111111
4297,por la corrupcion me da muchisima impotencia ver nuestra realidad con nuestra quot autoridad quot lo,12,0,1,-0.08333333333333333
4298,un youtuber gusgri vlogs que expone estafadores que se hacen pasar por personal bancario obtuvo una ,14,0,0,0.0
4299,de la fiscalia es quien les proporciona listas de datos de personas candidatas a ser estafadas graci,13,0,0,0.0
4300,ahi en la zona de el molinito donde diario estan las ratas uniformadas en moto haciendo retenes a di,12,0,1,-0.08333333333333333
4301,roban mas que la mana misma jajaja no tengo miedo pero es muy dificil hacer denuncias en tlalpan and,11,0,0,0.0
4302,viaje nos detuvo la guardia nacional veniamos de una excursion quot en su revision al chofer le rebu,16,0,0,0.0
4303,y todavia le pidieron un cigarro no manches eva eres una chingona a href jajajajajajajaajjaja q pedo,12,0,0,0.0
4304,se estaciono en un lugar prohibido al momento se acerco un agente de transito o policia y le dijo qu,10,0,0,0.0
4305,accidente desafortunadamente mi papa acostumbrado al mal obrar de aqui de oaxaca en esos temas le di,12,0,1,-0.08333333333333333
4306,blanco el oficial le dijo que no que ahi no se manejaban de esa manera y que hiciera favor de retira,9,0,0,0.0
4307,hizo caso y entendio sintiendo un poco de pena br asi deben de funcionar todos br si tu papa o famil,10,0,0,0.0
4308,papa en merida sientete orgulloso algo bien que buena colaboracion esos polis de naucalpan y tlalnep,11,0,1,-0.09090909090909091
4309,fake por aqui hoy estaban otra vez que huvotes del lic no mmn ru abogado saca diario videos asi pero,10,0,0,0.0
4310,negocio es de ellos a href a href jaja mandame saludos eva tienes unos bien grandotes soy tu fans la,14,0,0,0.0
4311,el solo esta ejerciendo su trabajo aplicando la ley nosotros como pueblo deberiamos atacar a esos co,10,0,0,0.0
4312,el cobarde quiere jajajajaja a href la moto con la placa alterada y el poli comiendo mocos jajajajaj,14,0,1,-0.07142857142857142
4313,pregunta en la policia se puede entrar con esas condiciones fisicas como el gordito de lentes que ha,11,0,0,0.0
4314,si hay que corretear a alguien a pie dudo mucho que pueda hacer algo senorita ellos tambien estan co,11,0,0,0.0
4315,zona y muchas gracias por su labor que poquisima madre saquen las caras en carteles de estas ratas b,15,0,1,-0.06666666666666667
4316,se me atraveso haca mucho tiempo pero ahora me doy cuenta de la dimension de la situacion que triste,10,0,0,0.0
4317,coraje sabes que en donde sea que te encuentres a uno va abusar de su poder cargo puesto yo los evit,10,0,0,0.0
4318,maria muera la corrupcion dice la presidenta pruebas pruebas pruebas a href y el motosimio yendo en ,15,0,1,-0.06666666666666667
4319,pudieron votar por ru abogado de presidente decidieron votar por los corruptos de siempre que triste,14,0,0,0.0
4320,jalisco hacen retenes y quitan las motos uuuuttaa que coraje voy en el minuto a href y ya me entro l,14,0,0,0.0
4321,como pinches ratas personas con un trabajo tan importante como lo es poner orden y salvaguardar la i,13,0,1,-0.07692307692307693
4322,ayer un policia de transito le quito a mi familia fuerena por meterse al carril del metrobus de la r,15,0,0,0.0
4323,en las inmediaciones de la napoles y ciudad de los deportes exigian al principio amenazandoles con q,14,0,0,0.0
4324,sus superiores por medio de un radio que se trataba de un vehiculo de un licenciado empleado de una ,11,0,0,0.0
4325,toreo minutos para salir en camion combi hacia periferico en un trayecto que caminando te tardas min,17,0,0,0.0
4326,publico y a coches para quot agilizar quot el trafico que se puede esperar si la presidenta defiende,13,0,2,-0.15384615384615385
4327,escuchando todo lo que ha pasado el abogado y mis respetos para usted es terrible lo que le ha pasad,7,0,0,0.0
4328,saber que no es un secreteo que no es un chisme es algo sumamente documentado y en general ningun go,7,0,0,0.0
4329,al menos ahora los cobardes huyen y otros tantos se agrupan y agreden abusando de su poder ummm yo l,11,0,1,-0.09090909090909091
4330,si despues de tanta evidencia ese crimen persiste es porque la autoridad el gobierno es complice and,12,0,1,-0.08333333333333333
4331,ver a spiderman conocer al capitan america que buena colaboracion exponiendo uno de los problemas ma,14,0,0,0.0
4332,como ciudadanos tantos y tantos videos que he visto de estos policias corruptos y al parecer no pasa,13,0,0,0.0
4333,o los han denunciado en verdad pero al parecer el gobierno no ha corregido absolutamente nada entonc,10,0,0,0.0
4334,reunidos excelente labor gracias por mostrar son delincuentes con placa protegidos por el govien los,15,0,2,-0.13333333333333333
4335,para ru abogado por que no van con los jefes con los altos mandos y medios unicamente evidencian a l,12,0,0,0.0
4336,por que como dicen si a ellos les exigen la cuota los unicos que pierden y que sancionan son a los a,9,0,0,0.0
4337,si a ellos les exigen nunca vas a acabar con ellos br br hay que buscar y evidenciar donde inicia la,12,0,1,-0.08333333333333333
4338,los agentes los ayudarias para que puedan hacer su trabajo bien br br hay que identificar donde inic,14,0,0,0.0
4339,afectas a algunos agentes que los afectas en sancion o en perdida del empleo br br dificil que se ac,14,0,1,-0.07142857142857142
4340,elemento se hace el sorprendido hahaha bendito dios tenemos a la nueva cristina pacheco soy su fan t,11,0,0,0.0
4341,pasar nada y se van a quedar abiertas para la posteridad que buenos tus programas eva maria felicida,13,0,0,0.0
4342,para lo que estan el jodido robandole al jodido te lo creeria pero tu solo eres una figura que lucra,9,0,0,0.0
4343,campanas enganosas solo para capializarte en mi extrabajo igual habia corrupcion los reporte y me co,12,0,1,-0.08333333333333333
4344,grabemos con nuestro celular a los policias por que la ley nos permite el verdadero mexico quot lind,13,0,1,-0.07692307692307693
4345,delincuentes uniformados que bueno que se esta haciendo este tipo de video en el establo de mexico h,11,0,2,-0.18181818181818182
4346,eres un carlos manzo te apoyamos a cambiar nuestro mexico que esto se haga viral y llegue a la presi,9,0,0,0.0
4347,en video y no les hagan nada pues si osea ocupaba ver esto ru abogado te amo carlos manzo estaba col,13,0,1,-0.07692307692307693
4348,lo mismo felicidades x su trabajo que hacen dios los bendiga siempre en mexico los policias van br s,13,1,0,0.07692307692307693
4349,de identificacion br sin licencia de conducir br sin placas las patrullas br con placas falsas br si,19,0,1,-0.05263157894736842
4350,br los primeros indocumentados es nuestra policia mexicana ojala que se lance de presidente ru pero ,12,0,0,0.0
4351,tardo muy poca su honestidad de ahi ya se volvieron otro cancer mas que extraer te amo evis a mi en ,11,0,0,0.0
4352,el metro toreo al pedir ayuda a los policias del metro me dejaron solo y al pedir ayuda solo decian ,11,0,0,0.0
4353,con los presuntos criminales si estan coludidos desde el metro y el paradero de toreo te amo y te ap,13,0,1,-0.07692307692307693
4354,los de tlalnepantla no se quedan atras naucalpan corruptisimo a href como el morro le tapo su placa ,12,0,0,0.0
4355,autoridades no hacen algo br toca hacerlo uno br y si nos vamos con dios nos llevamos a todo el de n,7,0,1,-0.14285714285714285
4356,van indocumentados miren ese policia de asuntos internos ni carnet de identificacion lleva a la vist,15,0,1,-0.06666666666666667
4357,a href jajajaj ame lo ven y le tienen miedo si el gobierno es corrupto el policia tambien eva en ser,13,0,0,0.0
4358,jefe de la banda delincuencial uniformada mexico el infierno donde nadie quiere caer pero el gobiern,14,0,0,0.0
4359,buen de policias mis respetos para eva y ru tienen que denunciar a su director policial cuando los m,13,1,0,0.07692307692307693
4360,director delincuente si los directores lo mandan a robar a estos policias y hace caso pues es compli,13,0,1,-0.07692307692307693
4361,sin ley para los policias y con ley para los ciudadanos en mi mexico los policias se burlan de las l,13,0,1,-0.07692307692307693
4362,podemos vivir en paz y amor son asaltantes y ladrones eva lleva estas pruebas gunto con el abogado c,14,0,2,-0.14285714285714285
4363,es su ley sus policias onestos q segun el dice a href jaja pasados de lanza esas personas hagamos de,13,0,0,0.0
4364,nosotros ponernos los pantalones y decir no a esto no seamos parte de estas manas este senor tiene q,8,0,0,0.0
4365,nada no se ven por ningun lado hay que checar la nomina de agentes de transito por que no se ven por,7,0,0,0.0
4366,sin hacer nada y pidiendo dinero a href coyele gracias eva que dios te bendiga es a peticion de part,13,0,0,0.0
4367,mensaje privado yo tengo algo mas que exponer como ex policia excelente documental la cruda verdad d,13,0,0,0.0
4368,particulares y servicio de carga es un policia que es jefe y siempre estan extorsionado en serio le ,13,1,0,0.07692307692307693
4369,que se ostentaba como abogado sin serlo en un inicio y si bien existen autoridades que comenten deli,12,0,0,0.0
4370,el senor solo hace estos videos para ser viral y no para ensenar a la ciudadania a como actuar ante ,10,0,0,0.0
4371,toma enserio la profesion deberian de poner buena senalizacion camaras y semaforos con tiempos prude,15,1,0,0.06666666666666667
4372,es la clave el que no tranza no avanza es la frase de esos quot animales quot con uniforme como me d,14,0,0,0.0
4373,corrupcion es igual yo pienso ue me alegra ver gente como uds porque estamos artos de tanta corrupci,15,0,2,-0.13333333333333333
4374,abusos que asta al ultimo ni caso le asen a uno yo viajo cada mes de san luis potosi a monterrey y m,13,0,0,0.0
4375,los que vienen de estados unidos ya saben que si vienen con camionetas de alla y cargadas de cosas l,10,0,0,0.0
4376,autobus tambien de estados unidos a mexico en la misma frontera les quitan dolares mi prima acaba de,14,0,0,0.0
4377,dia quede solo en un mal recuerdo eva siento que te arriesgas mucho pero me encantan tus videos que ,12,0,1,-0.08333333333333333
4378,tambien hay que exhibir a la gente de doble moral y que estan acostumbrados andar asi todo el tiempo,9,1,0,0.1111111111111111
4379,grata la informacion si exhiben a las dos partes tanto al oficial como la sociedad en general que vi,13,0,0,0.0
4380,tambien ayuda en esto nunca se debe dar dinero en efectivo a ningun transito policia si infringes un,12,0,0,0.0
4381,a pagar a donde corresponda pero nunca dar dinero si la gente dejara de dar moches y dejara de tener,11,0,1,-0.09090909090909091
4382,zonas vulnerables br br pura zona fresona gran reportaje de los yo veo sus videos gente mexico no se,16,0,0,0.0
4383,anos durante el mandato de calderon la llamada policia federal la ironia es que no teniamos problema,12,0,0,0.0
4384,me da asco pensar que me involucre con alguien asi no mienten cuando les nombran delincuencia unifor,13,0,1,-0.07692307692307693
4385,miedo saber de lo que son capaces porque el me conto muchas cosas que quot les piden hacer quot ese ,8,0,0,0.0
4386,una torta es gracioso que roban a los que si respetan y mi calle hay un monton de gente que no respe,10,1,1,0.0
4387,sin ser corruptos ni para eso sirve la policia uno pensaria que donde hay mas policias disminuye el ,11,0,2,-0.18181818181818182
4388,aumentar el numero de policias y con ello en vez de disminuir aumenta el crimen y es porque estan co,10,0,3,-0.3
4389,y no es algo solo del estado de mexico es algo del pais y viene desde la desigualdad estructural en ,10,0,0,0.0
4390,y los requisitos que les piden para volverse policias siento que al abogado le vale madres los mensa,15,0,0,0.0
4391,siga con esa ideologia y no se corrompa pues si son de suntos internos no asen su trabajo porque si ,10,0,0,0.0
4392,anos recien entramos a la ciudad de mexico mi papa llevaba un carro con placas de michoacan donde ra,13,0,0,0.0
4393,corralon le dijeron que se lo iban a llevar si no les soltaba una lana br mi papa no se dejo ya que ,7,0,0,0.0
4394,los mando a la goma estuvo discutiendo con ellos como por una hora hasta que lo dejaron ir br se pas,11,0,0,0.0
4395,dejan mal parados a muchos de sus companeros eva eres mi heroe sin capa fabuloso tu video felicidade,15,0,1,-0.06666666666666667
4396,jefes te piden dinero para darte una patrulla te cobran por dia entre a dependiendo el jefe y la zon,13,0,0,0.0
4397,no te dan patrulla o moto y andas a pie y te vuelves el apestado para tu jefe poniendote en las peor,12,0,1,-0.08333333333333333
4398,que tardas horas y horas hasta despues de tu turno te toca esperar hasta que se haya llegado a un ac,11,0,0,0.0
4399,la cuota o tus mismos jefes te hacen la vida imposible asi que en muchos casos no esta a veces tanto,7,0,0,0.0
4400,a entregar cuotas altas que no lo cubre el sueldo pero ni de chiste el de asuntos internos no sabe n,12,0,0,0.0
4401,maldad y estas son las quot autoridades quot dios nos agarre confesados bendiciones desgraciadamente,18,0,0,0.0
4402,ahi tenemos el caso de colosio y recientemente el de manzo en michoacan desgraciadamente este pais e,10,0,0,0.0
4403,el te invito a que te des una vuelta al caso de bodegas en toluca estado de mexico en donde se esta ,10,0,0,0.0
4404,milla pasandose por el arco del triunfo el uso de suelo habitacional que hoy tiene el predio y gobie,13,0,0,0.0
4405,a miles de familias tambin un reportaje sobre los presuntos culpables de profesores de educacin bsic,14,0,1,-0.07142857142857142
4406,verdad y abusan las autoridades dando carcel hay un caso ojala pudieras apoyar al profesor jorge en ,18,0,0,0.0
4407,la ciudadania cuidate mucho eva gracias por este reportaje y si los ratas les cierran estas puertas ,13,0,1,-0.07692307692307693
4408,muerto quot con cuidado y valor dios los bendiga siempre ay no puros corajes mis respetos y admiraci,14,0,1,-0.07142857142857142
4409,que el valiente quiere la policia esta podrida gracias al negro durazo asi mismo todo el sector de s,12,2,1,0.08333333333333333
4410,por las necesidades de ellos ya que la necesidad de uno les gana aunque el del minuto se esta metien,8,1,0,0.125
4411,ese edificio y ese callejon lo usan siempre para meterse a periferico pero ese callejon va de perife,11,0,0,0.0
4412,ir a la carcel por q le robaste sonrisa a mi mai el lalo omg ya lo conocia de instagram eso es lo qu,11,0,0,0.0
4413,el abuso evita excelente video falto mas cosas con ru un dia deberias de contactar a sosa y sosa abo,15,0,0,0.0
4414,el estado de mexico no hay ley y mucho contenido que puede salir woow eso es lo que se debe hacer ve,11,0,0,0.0
4415,maria en todas las miniaturas de sus videos br si que hacen ruido sus videos gracias son unos valien,12,0,0,0.0
4416,los guarde y bendiga a todos especialmente a eva y su equipo que andan exponiendo a tanta quot rata ,12,0,1,-0.08333333333333333
4417,es un problema que gran colaboracioooon entre tanta corrupcion resulta muy esperanzador que gente co,16,0,1,-0.0625
4418,noticias reales pregunto es valido que por estacionarte en un lugar prohibido que por cierto de repe,11,0,0,0.0
4419,te hagan pagar multa y corralon y el susto de no ver tu coche pues se lo llevan sin avisar hay razon,11,0,0,0.0
4420,que el gobierno tome cartas en el asunto con esta colaboracion de grandes influencers a ventilar los,14,0,0,0.0
4421,los de eva para promover la difusion de todos los temas que toca en su canal vaya que me sigo sorpre,12,0,1,-0.08333333333333333
4422,me inspiro la presidenta no hace nada mexico esta muy mal yo manejo una pick up grande con tumbaburr,14,0,2,-0.14285714285714285
4423,en el df lo unico que me empezo a funcionar fue inmediatamente marcar al y de inmediato denunciarlos,14,0,0,0.0
4424,me bajo hasta que llega la policia ya lo hice veces y en ninguna pudieron demostrar ninguna infracci,9,0,0,0.0
4425,los delicuentes de transito solo en este video falto adrian marcelo y seria un video epico gracias p,15,0,0,0.0
4426,mexico rateros con uniforme lakras delincuentes seudo policias dan asco a href y ese perro hola date,17,0,2,-0.11764705882352941
4427,peralvillo y en calzada de guadalupe hay muchos policias agarrando motos ya la agarraron de estar ah,11,0,0,0.0
4428,entramos a la frontera nos sacaban dinero en dlls que impotencia y la verdad preferimos viajar en tr,12,0,0,0.0
4429,no gracias no estamos de acuerdo en regalar nuestro money y la presidenta dice que el pais esta avan,12,0,0,0.0
4430,silvia y ruth vengan a tlalnepantlaaaa por favor uuuufffff que colab mas necesaria y gratificante a ,14,0,0,0.0
4431,en mexico no evita no todos tus videos excelentes hasta este aqui si disculpa pero la regaste canon ,10,0,0,0.0
4432,critica prepotente altanero y sumamente mamila solo busca viralizarse a costa de los escandalos y su,16,1,0,0.0625
4433,tus videos eva se te quiere y apoya pero no es necesario caer con este tipo de bueno ya ni hablar pr,9,0,0,0.0
4434,entre a trabajar de policia super facil por cierto y mi companero pedia mordida yo lo reporte y adiv,10,0,1,-0.1
4435,claudia a href este vato le dio la tartamuda de su mentirota jajaja el corralon de cuautitlan y sus ,14,0,0,0.0
4436,de alrededor extorsionan a los ciudadanos en retenes ilegales con el pretexto de supuestas faltas ad,14,0,0,0.0
4437,reportera estan haciendo una labor estupenda cuidense mucho saludos rateros los policias y deshonest,15,0,1,-0.06666666666666667
4438,temas prefieren dar dinero si te detienen porque te falta la verificacion o porque incurriste en alg,14,0,6,-0.42857142857142855
4439,wh gy mb dv ujg g afy ywgukuhl plbia ae a se me hace algo incongruente que el video sea referente al,17,0,0,0.0
4440,y en ocasiones sin manos ojo a esos detalles que no cuadran con lo que quieres mostrar ojala esos qu,15,0,0,0.0
4441,que todos esos que tienen el poder les vaya mal que paguen en vida br br que todas esas familias si ,11,0,2,-0.18181818181818182
4442,paguen el dolor que han hecho amen te pueden revisar el celular tiene toda la razon la ssc pide las ,11,0,0,0.0
4443,reparte en toda la estructura de la secretaria br bueno hasta para pedir patrullas y hand held se de,11,0,0,0.0
4444,dando tu cuota te mandan a lugares muy malos y a pie de castigo ve a insurgentes entre de marzo e in,14,0,0,0.0
4445,de la tarde hay como patruyas y mas de motos demasiados policias q solo estan extorsionado a los car,12,0,0,0.0
4446,que otro carro no les dicen nada cuando no respetan el carril de metro bus solo roban a los foraneos,10,0,0,0.0
4447,los mexicanos cansados de la corrupcion en una ocasion me quitaron pesos ahi y quien es el responsab,11,0,1,-0.09090909090909091
4448,un delincuente ruben no es abogado usurpa profesion br esto lo pueden corroborar en el buro de cedul,16,0,1,-0.0625
4449,de ruben arenzana esta emitida en el ano siendo que ruben tiene anos br br sin mencionar que es o fu,12,0,0,0.0
4450,vinculos con la celula delictiva union tepito br br br para mi este tipo es el menos indicado para h,12,0,0,0.0
4451,que no es que no tiene nada de malo que no sea abogado bien puede presentarse como activista ciudada,10,0,0,0.0
4452,muy buena informacion mostrada en este video por lo que nos percatamos lo grabaron en fin de semana ,10,0,0,0.0
4453,es la que de lunes a viernes en cualquier horario vemos en donde se ve como todas las unidades de tr,11,0,0,0.0
4454,total inpunidad enfrente de unidades vehiculares de transito del estado de mexico y movilidad de la ,13,0,0,0.0
4455,que no lo pudieran grabar entre semana br br justamente en la division del municipio de naucalpan y ,18,0,0,0.0
4456,militares es calzada mexico tacuba hay entre y personas que piden dinero que paran el transito y dan,17,1,0,0.058823529411764705
4457,en sentido contrario cruzarse por encima del camellon poniendo en riesgo en todo momento a los trans,11,0,1,-0.09090909090909091
4458,que tenemos que circular por esta zona br br es bien sabido que el transporte publico de naucalpan e,13,0,0,0.0
4459,unidad camionetas van de entre y diarios y camiones de entre y diarios por ello transito del estado ,11,0,0,0.0
4460,nada no obstante se pasen semaforos en kuz roja circulen en sentido contrario golpeen unidades parti,18,0,0,0.0
4461,alguien que ha pasado por esta situacion que bueno que te animes a exponerlo es indignante lo que le,9,0,0,0.0
4462,gobierno federal ya que son la maxima autoridad presidenta claudia sheinbaum pardo haga algo para te,16,0,0,0.0
4463,haciendo este tipo de extorcion encontra del ciudadano que lastima que esta gentevsiga abusando de l,13,0,1,-0.07692307692307693
4464,ventaja tambien hay gente bien necia que no deja pasar a los peatones ni cuando el semaforo esta en ,10,0,0,0.0
4465,cuesta usar el sentido comun hay de todo autoridades corruptas y personas que complican las cosas na,9,0,0,0.0
4466,mas coraje que gusto ver esto yo se que seria muy arrisgeado pero hagan un reportaje de como extorsi,8,0,0,0.0
4467,van a sorprender pero que buena colaboracion muy facil cuando los paren no den mordida pidan su tick,11,0,0,0.0
4468,que ir a hacer todo el tramite dan la mordida y que esten en una esquina esperando o casando como di,7,0,0,0.0
4469,en glendale ca y todos los viernes una moto se paraba ahi a la hora que saliamos de trabajar a estar,11,0,0,0.0
4470,gracias a eva y ru por atender estos temas coincido son mas los buenos que los malos aclaro no quier,14,0,0,0.0
4471,buena educacion desde familia una buena academia de excelencia a nivel mundial mientras los perfiles,13,1,0,0.07692307692307693
4472,mientras no tengan prestaciones dignas horarios dignos la corrupcion no se va a acabar muchos de aca,13,0,1,-0.07692307692307693
4473,que al entrar al estado de mexico nos extorsionan lo mismo en la cdmx horribles ratas por eso mucha ,10,0,1,-0.1
4474,bonito de la conocida mordida que paso a hacer extorsion vial los policias mexicanos dan vergenza un,15,0,1,-0.06666666666666667
4475,con el mismisimo ruabogado br no es extrano la mega estorsion en el edomex si estan comandados por l,13,0,1,-0.07692307692307693
4476,br saludos eva y rub tambien esos de la ruta hacen paradas en da era fila y entorpecen la vialidad y,12,0,0,0.0
4477,mini serie osea que sigas con tus otros videos pero que no dejes este asi excelente video excelente ,14,0,0,0.0
4478,jeshua al parecer por policias pero si morena gobierna la ciudad de mexico y edo mexico vayan tambie,14,0,0,0.0
4479,escondidos en la gas y mas adelante te meten a una calle hasta el fondo y si no les das dinero te sa,12,1,0,0.08333333333333333
4480,buen ciudadano responsable tras el volante y cuando me han parado los de transito les digo que me po,8,0,1,-0.125
4481,recibir ningun dinero de mi cartera se los digo sin faltarle al respeto al oficial al final terminan,14,0,0,0.0
4482,el claro ejemplo de como se maneja el municipio de naucalpan lleno de irregularidades br el transpor,13,0,0,0.0
4483,puestos ambulantes que ya no solo ocupan las banquetas sino uno o dos carriles de las avenidas br br,13,0,0,0.0
4484,transito exigiendo papeles y deteniendo por cualquier cosa hasta con una grua disponible al momento ,14,0,0,0.0
4485,cruce siempre es un problema como en el estado de mexico estan las personas que te ayudan a cruzar p,9,0,0,0.0
4486,ves de estar haciendo su trabajo que es agilizar o ordenar el trafico estan hablando por telefono me,11,0,1,-0.09090909090909091
4487,tenido videos de ellos porque grabo mis recorridos y era mi camino de regreso a casa a poco el de tr,12,0,0,0.0
4488,corruptos pero es amigo de sandra cuevas como que algo no cuadra no para cuando hacen reportajes de ,10,0,0,0.0
4489,cuauhtemoc desde que sandra cuevas estuvo de alcaldesa porque es obvio todo lo que pasa ahi pero quo,12,0,0,0.0
4490,es mi humilde opinion br va a seguir la corruption si las personas detenidas siguen dando la mordida,16,0,0,0.0
4491,telefono y graban porque estan siendo detenidos y que tienen que hacer si cometieron un delito de tr,9,1,0,0.1111111111111111
4492,la misma gente lo permitio br crearon unos hijos flojos que no aprendio a trabajar y tienen que segu,14,0,0,0.0
4493,permite el gobierno de la cheinbam alguna manera de apoyar a el abogado porque no yevan esfe videos ,13,0,0,0.0
4494,no yevan esfe videos a la mananera a href a href me parece muy interesante que justo se dice quot no,12,1,0,0.08333333333333333
4495,pero ellos estan concientes de que en esas zonas son donde operan este tipo de personajes y aun asi ,10,1,0,0.1
4496,zona o un modulo cercano para este tipo de seguimientos mis respetos para el abogado poco como el qu,11,0,0,0.0
4497,toluca esta igual y ricardo moreno miente en sus encuestas para mostrar al publico otra cara la deli,17,0,3,-0.17647058823529413
4498,echa por el padre de la corrupcion a c a b el valiente vive hasta que el cobarde quiere ya nos tarda,10,0,1,-0.1
4499,me estaba dando la garrotera de puro coraje mas personas influencers como este canal que de verdad i,16,0,0,0.0
4500,canal que el todopoderoso cuide mucho a evita y ru y a todo su equipo y gente quiten se el miedo y a,13,0,0,0.0
4501,que lo golpean y nadie lo apoya abrazo fuerte y mucha bendiciones excelente deberias hacer igualment,15,0,1,-0.06666666666666667
4502,bien ratas son mas rateros los policias que los propios ladrones vistas al momento que termino de ve,8,0,3,-0.375
4503,los policias hablan tan mal que esos ratas tienen familia y tarde o temprano tus acciones tienen con,14,0,4,-0.2857142857142857
4504,con uniforme gracias por este tipo de videos tu copete despintado es inconfundible no crees que ya n,14,0,0,0.0
4505,de cmdx que fregon el rua abogado no nos quedemos callados hermanos mexicanos cada like es una menta,16,0,0,0.0
4506,y otro tambien todos mis respetos a este licenciado por su valentia me llena de coraje toda la corru,9,0,1,-0.1111111111111111
4507,pareciera imposible gracias mas gente asi con la ley en la mano ya que los transitos y policias no l,11,0,0,0.0
4508,ru neta cuidate wey son bien culeros en el pais y en el estado mas mucha luz hermanito son un cartel,12,1,0,0.08333333333333333
4509,de echo que estan involucrados es grande el cartel de disfrazes que utilizan este grupo de corruptos,13,0,0,0.0
4510,jefes del cartel disfraz y motos rateros que si protegidos por altos mandos oh por quien la corrupci,16,0,2,-0.125
4511,a la vez preocupado lo lejos que a llegado ru abogado con todo lo que hace por la ciudadania y digo ,9,0,0,0.0
4512,parecido entre estos policias con los senadores que huyeron de las preguntas que les hizo el vato de,12,0,0,0.0
4513,camaras tan facil seria ponerle trampas a los criminales ejemplo dejas una bicicleta aparentemente s,13,1,2,-0.07692307692307693
4514,la policia cuando deberia sentirme segura coyeye coyeye asi es en todo mexico yo le tengo mas miedo ,13,0,1,-0.07692307692307693
4515,en zamora michoacan adelante de la catedral en el do semaforo segun eso no servia y habia un policia,10,0,0,0.0
4516,argumentando que nos pasamos el alto nos dijo que aqui en zamora se pone la multa y se retira la lic,10,0,0,0.0
4517,ibamos a regresar si nosotros somos de jalisco ya al ultimo nos pidio la mitad de la multa para que ,9,0,1,-0.1111111111111111
4518,uno no sepa como defenderse y la unica forma de quitarte los sea con dinero que feo deberian haber m,11,0,0,0.0
4519,a otros a denunciar estas situaciones y los polis que le busquen otro trabajo y que no esten de inut,11,0,0,0.0
4520,y vergenza vivir en mexico ojala que mas abogados hagan lo mismo porque una sola persona no puede cu,10,0,0,0.0
4521,la cosa seria diferente felicidades a ambos cada uno desde su filosofia y su posicion estan dejando ,12,0,0,0.0
4522,lo mismo cualquier partido politico o sexenio todos son iguales rotundamente a favor de la actividad,11,0,0,0.0
4523,hacer el cambio real sugiero que concretes porque si corren y todo pero y luego que la policia y la ,8,0,0,0.0
4524,ruabogado andaba con sandra cuevas para mi perdio credibilidad hhay demasiada corrupcion una segunda,18,0,1,-0.05555555555555555
4525,falsos y se llevan motos cuales son las redes sociales de ru senora presidenta mire como actuan los ,16,0,1,-0.0625
4526,los cuerpos policiales tienda a su pueblo cumpla lo que prometio acabe con la corrupcion de una vez ,11,0,1,-0.09090909090909091
4527,necesita mexico mas apoyo ya basta de que los que nos deben de cuidar nos robe y no podamos hacer na,10,0,0,0.0
4528,van a la mananera hasta cuando este gobierno de cuarta va acabar con esos desgraciados vividores el ,12,0,0,0.0
4529,aurn den res de uthen hack gracias eva y a ru abogado por difundir lo que realmente es mexico la rea,16,0,0,0.0
4530,corrupcion en nuestro mexico se ha vuelto mas viral y lo mas importante me causa curiosidad que aun ,13,0,1,-0.07692307692307693
4531,una rabia ver que estamos jodidos sabiendo que lo tenemos todo para ser mucho mejores personas en la,12,0,1,-0.08333333333333333
4532,de policia de transito eh enciado x a tlanepantla y no hacen nada del diario paran ese lic levantand,15,0,0,0.0
4533,ya veran no que con el pri fuera del edomex esto se iba a acabar se puso peor br el negro durazo est,13,0,0,0.0
4534,mexico lleven este tema a la mananera a mi en me intento desaparecer el gobierno actual de armenta b,13,0,0,0.0
4535,que trafican infantes en mexico br esa informacion fue filtrada a muchas agencias de inteligencia in,14,0,1,-0.07142857142857142
4536,de que no existe quot justicia quot todos son parte de lo mismo todos estan bajo la misma nomina que,9,0,0,0.0
4537,video no sabia que necesitaba esta colaboracion br naucalpan es un horror lo que es y sus calles ni ,13,1,0,0.07692307692307693
4538,tambien a cada rato a los chicos de las apps que trabajan siempre los andan robando mis respetos par,8,1,0,0.125
4539,ciudadana ru abogado y eva maria juntos gracias excelente aporte ya necesitabamos esta colaboracion ,21,1,0,0.047619047619047616
4540,gracias ruabogado eres una tolonga quot estudien para no terminar de policia quot br br charly garci,18,0,0,0.0
4541,hispectores pero una sola persona no ni dos se nesesita un grupo de al menos defensores cierto los p,8,0,0,0.0
4542,los locos un bombazo para la comunidad dos grandes juntos mas videos asi gracias si la policia es un,13,0,0,0.0
4543,gobierno como el de portillo un presidente tarado y la policia desatada contra la poblacion y en la ,14,0,1,-0.07142857142857142
4544,acabemos con la delincuencia estuve el ano pasado por turismo en la ciudad de mexico y casi nos pone,10,0,1,-0.1
4545,dejaron continuar a href coyeye colaboren con proyecto escolar plss eres muy valiente y tu trabajo s,17,0,0,0.0
4546,estan perros tijuana y rosarito estan mas ambrientos que pulga en perro flaco cuellos a estas lacras,14,1,0,0.07142857142857142
4547,autoridades despiden a estos servividores el problema no solo son los poliratas es todo el sistema e,11,0,0,0.0
4548,al que la dio y veremos si esto sigue igual gasolina y cerillo y se arregla todo pues ojala te encon,9,0,0,0.0
4549,placas de otro estado y parecen buitres caray a mi me sacaron mil pesos si hubiera ido sola que se l,13,0,0,0.0
4550,presion alta y ya lo que queria era salir pero de verdad parecen buitres que en este momento nace la,11,1,1,0.0
4551,estatales son una mafia que extorsiona automovilistas lo bueno es que si los suspenden lo malo es qu,11,0,0,0.0
4552,creen si la corrupcion se acabo desde la llegada de morena al poder o al menos eso es lo que nos ven,9,0,1,-0.1111111111111111
4553,corrupcion desde el nivel mas bajo hasta el presi mas alto la verdad desde el norte del pais hasta e,11,0,2,-0.18181818181818182
4554,los del estado de mexico son los mas ratas los kiero mucho a los dos son mis idolos que triste los d,8,0,1,-0.125
4555,eso estamos como estamos y luego se kejan mejor la multa autoridades si no hacen nada son complices ,8,0,0,0.0
4556,mi colonia tlalpan en pedregal de san nicolas lo veia como algo ajeno que pasa en las peliculas en l,13,0,0,0.0
4557,tiene que proteger al ciudadano nos quita lo poco que uno tiene a todos esos policias corruptos dece,9,1,1,0.0
4558,se les reconozca y les recompensen ya nada mas te falta hacer una colaboracion con sandra cuevas y l,12,0,3,-0.25
4559,por eso quitaron a dios de las escuelas para los valores y etica desaparecieran en la sociedad esto ,10,1,0,0.1
4560,somos todos quot br muera el mal gobierno cualquier reten deve de ser prohibido en la ciudad estos s,13,0,1,-0.07692307692307693
4561,que beneficien a la ciudadania ya sea para informar o denunciar causas que nos afectan a todos de ma,14,0,0,0.0
4562,corre el gobierno quot no te vamos a permitir la portacion de armas porque en tu area hay quot segur,17,4,0,0.23529411764705882
4563,no saben ni que es un protocolo me dio mucha tristeza la corrupcion siempre de mexico excelente cola,12,0,1,-0.08333333333333333
4564,no mamon buscando likes muy bien saludos eva y ruben y solo dire que nos damos en la madre entre mex,16,0,0,0.0
4565,de las personas que dieron sus testimonios o les apoyaron con informacion para cuidar su integridad ,13,0,0,0.0
4566,ya saben las represalias y rencor no va detener la corrupcion hasta tomar venganza en la naucalpan t,16,0,1,-0.0625
4567,hay esos policias y del otro lado estan los falsos ministeriales extorsionado y secuestrando a href ,14,0,0,0.0
4568,viralidad pareceria que todavia estamos en la epoca de durazo los policias piden dinero pues tambien,14,0,1,-0.07142857142857142
4569,br y si jefe de seguridad harfuch el mejor por acabar con los narcos segun el br gracias t br morena,17,1,1,0.0
4570,por hacerlo viral a mi el de diciembre del ano pasado en la ciudad de chihuahua cuando iba solo al o,10,1,0,0.1
4571,mis tatuajes y de hecho cuando se bajo de la troca hasta me amenazo agarrandose su pistola para que ,9,0,0,0.0
4572,tatuajes eran igual a una pandilla de ciudad juarez chihuahua lo cual es totalmente falso gracias po,15,0,1,-0.06666666666666667
4573,tijuana las policias los quitan mucho dinero cuando viajamos de eeuu a tijuana ru abogado se me hace,14,0,0,0.0
4574,ve que si este ru abogado se postula para presidente municipal haria un cambio enorme yo vivo al lad,13,0,0,0.0
4575,puedo decir que unicamente detienen a los coches que no tienen verificacion pero aun asi generan una,10,0,1,-0.1
4576,es ilegal deben de estar patrullando no estorbando no solo polecias tambien militares llegue a este ,17,0,0,0.0
4577,eva y ru por visibilizar a la delincuencia uniformada luchemos por terminar con ello y desenmascarad,12,0,1,-0.08333333333333333
4578,gobierno ya no sabemos que hacer con tanto policia ratero y politicos es una plaga senora gobernador,11,0,1,-0.09090909090909091
4579,estamos artos en todos los municipios del estado de mexico es asi no tenia el gusto de conocer la tr,9,0,0,0.0
4580,eva tu capacidad de superarte semana a semana es admirable justo cuando pienso que el panorama no pu,14,0,0,0.0
4581,colaboracion extraordinaria y una exposicion muy necesaria sobre un tema tan critico quot mi pregunt,14,0,0,0.0
4582,no traen seguro br licencia vencida br hoy no circula br br a ningun conductor le preguntaron porque,13,0,0,0.0
4583,bueno es que esta el internet para exponer estas situaciones y si no se solucionan minimo se les da ,9,1,0,0.1111111111111111
4584,un recibo con los logos de gobierno los datos todo el monto y donde pagar que es en oficinas de gobi,9,1,0,0.1111111111111111
4585,es un servicio ante la ley tienen que darte un recibo para que lo vayas y lo pagues y debe de decir ,7,2,0,0.2857142857142857
4586,cajeras ambulantes eso no exite apoco les van a dar cambio chulada de video sigan con su buena obra ,12,0,0,0.0
4587,se acabaria la corrupcion justo hoy me acaban de parar en morelos cuernavaca por que segun el vio qu,12,0,1,-0.08333333333333333
4588,ver mal me paro cuando le enseno que el cinturon lo tenia puesto me dijo que seguramente me lo acabo,10,0,1,-0.1
4589,que no estaba de acuerdo con el por que yo traia mi cinturon en todo momento me pidio licencia le mo,9,0,0,0.0
4590,la di me dijo que tenia que quitarme la placa por que se tiene que quedar alguno de los articulos qu,9,0,0,0.0
4591,cuento mas largo me aferre a mi verdad por que a si lo fue de que traia el cinturon puesto y despues,6,0,0,0.0
4592,paso por esta ocasion que enojo tal vez no mucho con estos si no de quienes estan mas arriba y tiene,5,0,1,-0.2
4593,todo mexico unos lugares mas que otros nunca me imagine ver a ellos juntos me encanto lalo elizarrar,13,0,0,0.0
4594,verga mi mai ahora si son los mas ratas los policias de la ciudad y del estado es un vil cartel mil ,12,0,1,-0.08333333333333333
4595,ellos por el hoy no circula y el engomado ratas ratotas pero todo se paga en esta vida mis mil respe,11,0,1,-0.09090909090909091
4596,los proteja el mejor cross over eva maria gracias por tu trabajo y esre en especial porque los polic,14,0,0,0.0
4597,como ciudadanos estamos hartos naucalpan york rifadote esa es la realidad a href colle que canon raw,14,0,0,0.0
4598,de ver esto nmanches me entro un miedo ver retenes de la policia querida eva espero que dios siempre,12,0,0,0.0
4599,gracias por arriesgarte para darle voz a los que no los tienen cuidate mucho siempre por favor graci,9,0,0,0.0
4600,puro seis nueve nmmz mi crossover del anooooo br soy de mezcales cerca de puerto vallarta br estaria,15,0,1,-0.06666666666666667
4601,infantil y desapariciones de mujeres de bahia de banderas y puerto vallarta en dias ya desapareciero,15,1,0,0.06666666666666667
4602,presentas muy buenos temas aun cuando siento que te arriesgas eres muy valiente por andar en asuntos,12,0,1,-0.08333333333333333
4603,y el si se la rifa en la calle en defender y en detenciones mexico prooooosssspeeerooooo si asuntos ,12,1,1,0.0
4604,vistan de civiles con camaras escondidas y vayan a zonas estrategicas para ver en vivo como los poli,14,1,0,0.07142857142857142
4605,los arresten por extorsionar los ciudadanos y que los vayan rolando para que nunca los identifiquen ,14,0,0,0.0
4606,delicuentes y estorcionadores no se dejen hay que grabarlos y demandarlos no basta cuidarnos de los ,12,0,0,0.0
4607,tambien por los policias que seguro hay obligados y a los que no ojala los refundan u otros policias,11,0,0,0.0
4608,policias de cualquier entidad y pensar o sentir ese miedo incertidumbre y adrenalina de que no sabes,11,0,0,0.0
4609,unos chingones eva y ru ustedes tienen nuestro apoyo a mi me extorsionaron dos veces en ciudad de me,10,0,0,0.0
4610,nueva en la ciudad me da mucho coraje que se quieran pasar de listos ya el narco avanzo demasiado no,14,0,1,-0.07142857142857142
4611,eres la mejor los policias solo son los cobradores los verdaderos ratas son los mandos y jefes que n,8,0,1,-0.125
4612,la mujer maravilla con spiderman que valientes los felicito ahi si mi abogado se equivoco br la fras,15,0,0,0.0
4613,por eso estamos como estamos por que el tal ruabogado no deja trabajar a la autoridad y tu apoyandol,10,0,0,0.0
4614,internos les tendria una trampa mexicanos al grito de guerra hubiera quedado epico mi ru a href unos,17,0,0,0.0
4615,la misma policia es la que corre como si fueran delincuentes si los grandes delincuentes a los que s,11,0,2,-0.18181818181818182
4616,robadera que terror que te pare uno de estos mafiosos me dio un coraje al ver como lo golpearon nada,11,0,0,0.0
4617,social ojala se den cuenta que cuando obtenga su puesto politico a ver si se vuelve a acordar de ayu,11,0,0,0.0
4618,en ese cruce los que dirigen el trafico son como franeleros con cara de ratas y los de transito caza,14,0,2,-0.14285714285714285
4619,los dios los bendiga eva maria buenas noches espero leas mi comentario y respondas por favor br mira,15,0,0,0.0
4620,por que quiere un puesto politico en el estado de mexico br si es verdad que hay corrupcion policiac,9,0,1,-0.1111111111111111
4621,los policias y promoviendo la reveldia social si bien es cierto que ayuda a la gente por que no esta,9,0,0,0.0
4622,veas que soy solo yo el que lo conoce br se hace acompanar por varios golpeadores para amedrentar a ,10,1,1,0.0
4623,los policias br te pido que investigues y veras que no es mentira hay un video con sandra cuevas y c,13,0,0,0.0
4624,canal con esa clase de personas yo la verdad ni lo veo por que me hierve la sangre cuando lo veo br ,10,0,0,0.0
4625,si hiciste mal perdon y apoco su presidente del municipio no dice nada wow mas de k vistas en dia de,12,0,1,-0.08333333333333333
4626,en su estado no olvidar que ru abogado fue el culito de sandra cuevas no le interesa ayudar al puebl,14,1,0,0.07142857142857142
4627,eva tambien por que censuras las palabras no quieres likes verdad justo donde wshan parados frente a,16,0,0,0.0
4628,me pedian ir al cajero por mas a href buen video y colaboracion de ru abogado br yo lo sigo y de ver,13,0,1,-0.07692307692307693
4629,de asuntos internos br o de anticorrupcion de zonas br la mayor corrupcion que me toco fue en cuauti,16,0,1,-0.0625
4630,con logo de movistar por la zona sin estar haciendo venta no nada br no detuvieron el camion br detu,13,0,0,0.0
4631,chofer br porque soltaron al copiloto para que consiguiera el dinero del chofer br y asi arrestaban ,15,0,1,-0.06666666666666667
4632,colonia br nos quitaron las agujetas pertenencias telefonos etc los policias son asi porque los jefe,15,0,0,0.0
4633,abogado en tizayuca hidalgo convirtiendose en un edo de mexico lleno de policias corruptos que golpe,14,0,0,0.0
4634,policias de la estacion de hidalgo hasta m madrearon a mi y a mi nv se acercaron diciendo q reportar,12,0,0,0.0
4635,dos somos chicas nosotras nadamas estabamos platicando y nos metieron todo eso total pagamos multa y,12,0,0,0.0
4636,persona no va a cambiar a mexico se necesita que todos seamos como el que no nos dejemos de esos del,7,0,1,-0.14285714285714285
4637,escriban al abogado para que haga lo que todos tenemos responsabilidad de hacer da miedo pero no es ,10,0,0,0.0
4638,una investigacion por corrupcion en su organizacion tambien estoy harto de estos maltratos por polic,12,0,1,-0.08333333333333333
4639,gracias por hacer valer nuestros valores de seres humanos si todos ponemos nuestro granito de arena ,14,0,1,-0.07142857142857142
4640,tipo de programas br a mi hija en el municipio de ecatepec al salir de un oxxo la abordaron policias,13,0,0,0.0
4641,de cerveza que nunca abrio br esto ya no puede seguir asi br gracias por ayudar a la ciudadania hola,14,0,0,0.0
4642,contenido pero igual y es chisme ya gobierna morena y tienen otros datos no hay corrupcion quot se a,11,0,1,-0.09090909090909091
4643,mordidas nos tenemos que apoyar no ser indiferentes de lo contrario esas ratas siguen igual ese ru e,12,0,1,-0.08333333333333333
4644,el video invitado de lujo felicidades que chido video no se quien es mas puerco br los policias o su,17,0,0,0.0
4645,estan embarrados br clasico en en pais son estado de derecho por favor hagan una visita a teoloyucan,13,0,0,0.0
4646,roban todos los dias a las personas y traileros hasta se esconden en las calles cuando hacen sus ret,10,1,0,0.1
4647,esta medio loquito el chavo pero se agradece mucho lo que hace ser mal educado y corrupto es requisi,13,0,2,-0.15384615384615385
4648,en mexico me da mas miedo los polis que la lacra ru abogado lo mejor porfavor habla sobre el proyect,14,0,0,0.0
4649,quizas deberian tener menos policias pero pagarles un salario razonable mexico necesita profesionali,15,0,0,0.0
4650,albergue en br sur a viaducto piedad iztacalco ciudad de mexico cdmx br es zona escolar y cada vez e,15,0,1,-0.06666666666666667
4651,jardineras sobre coruna son un riesgo me paso que saliendo de mi casa detuvieron a mi novio eran las,9,0,1,-0.1111111111111111
4652,que me vieron que le bajaron a su amedrentamiento pensaron que venia solo aqui suelen levantar gente,12,0,0,0.0
4653,estar flojito y cooperando porque a veces no solo es la mordida sino desaparecer hasta que alguien d,7,1,0,0.14285714285714285
4654,un lugar olvidado por muchos y hogar de ratas gracias eva br br br pst vivan las dracocombis no te p,15,0,1,-0.06666666666666667
4655,te sacan lana o corralon a href ruabogado es tan crack que da fotos mientras caza polis corruptos br,16,0,0,0.0
4656,uno para que lo tengan de ejemplo a href informacion importante si si les piden una cuota pero desgr,10,0,0,0.0
4657,que son los primeros extorsionando y por eso no les hacen nada cuando la corrupcion empieza con los ,6,0,1,-0.16666666666666666
4658,ru abogados es el verdadero batman el cartel del gobierno la policia y los mp son la caja chica del ,14,0,0,0.0
4659,raiz no solo la punta del iceberg a los policias los mandan a robar a la poblacion les cobran chalec,17,0,0,0.0
4660,verdaderos cerebros de la operacion son los presidentes municipales la gobernadora los alcaldes la j,12,0,0,0.0
4661,primo de un amigo que trabajo en la corporacion como huyen las ratotas xd deberias entrevistar al pr,15,0,0,0.0
4662,puede y gacias a eva maria dice mi hija que que guapo el sr licenciado y yo de alcahuete cual es el ,12,0,0,0.0
4663,mago lo volvio a hacer banda los numeros que proporcionaron ocupenlos para lo que son igual no lo to,11,0,0,0.0
4664,hacen caso que bueno que eva ya se junta con otro tipo de gente y no solo con weyes que lo unico que,10,0,0,0.0
4665,quot ase falta inplimentar la tegnologia los semaforos se tienen que actualisar se tienen que automa,14,1,3,-0.14285714285714285
4666,a todo delincuente y policias que locura yo vivo en eu por an a href y hace como o an a href mi fami,9,0,1,-0.1111111111111111
4667,del df oremos por este chicho y su familia que dios los proteja todo bien preciosa pero no entrevist,12,0,0,0.0
4668,las de la manana ya estaban robando sobre la lopez portillo ya es hartasgo que estos infelices tanto,12,0,1,-0.08333333333333333
4669,es posible que saliendo de casa te tengas que ir cuidado en el trafico de los rateros y si te presen,9,0,2,-0.2222222222222222
4670,intimidarte en colonia del valle calle patricio sanz hay policias sin identificacion en bicicletas c,16,1,0,0.0625
4671,se va acabar esto se acuerdan de este personaje durazo siguen su mismo legado les dejo su mismo ejem,12,0,1,-0.08333333333333333
4672,eso no se acaba la delincuencia ya todos los sabemos y yano les importa que los evidencees hay que r,12,0,1,-0.08333333333333333
4673,ase falta poner muchas camaras de vigilancia para atrapar a todos lo policias corruptos y castigarlo,15,2,3,-0.06666666666666667
4674,y no la pude conocer br gracias por todo lo que haces saludos desde naucalpan edo mex saludos mis re,16,0,0,0.0
4675,mamen llegue por el gusto y me quede por el chisme xd don rua abogado todo lo hace por puro interes ,15,0,0,0.0
4676,que no nos gusten las que injusticias y hacer un grupo especial ex militares expolicias y toda la ge,11,0,0,0.0
4677,nada esto jamas va a cambiar tenenos que apoyar a estas yutubers que de verdad hacen el bien y debem,7,0,0,0.0
4678,mexico despierten xfavor yo estoy tan decepcionado que llevo mas de anos sin ocupar mi auto nadamas ,11,0,0,0.0
4679,se hacen los ofendidos y te la voltean o te plantan algo y sale peor ru abogado es un chingon el si ,11,0,0,0.0
4680,apoyar hasta la victoria siempre una hembra con ovarios y asi quieren que registre mi linea que para,12,0,2,-0.16666666666666666
4681,el mejor crossover br diosito me los cuide siempre a mi me quitaron el celular y me quitaron de mis ,14,1,0,0.07142857142857142
4682,y me amenazaron en mi domicilio me mataron a mis perros me dijeron retira todo o el siguiente eres t,10,0,0,0.0
4683,no pude hacer nada y tube que correr a mas de personas por que cai en quiebra total me vine al norte,10,0,0,0.0
4684,feo como en estado de mexico como microempresario no reconmiendo vivir en mexico porque la policia t,10,0,0,0.0
4685,mexico la ley es una burla vivir en estado de mexico es sobrevivir los del juzgado riendose de el cu,13,1,0,0.07692307692307693
4686,que les dan la orden de recaudar dinero hagan collab con colectiva de barrio de coacalco vi todo el ,16,0,0,0.0
4687,usted es valiente cuidese cuidese de esos policias corruptos por que esta usted peligrando su vida s,11,0,0,0.0
4688,es usted si no fuera por el celular o esta grabando ya estuviera muerto que dios lo ayude cuidese mu,9,0,1,-0.1111111111111111
4689,bola de ratas lo que roban no les rinde tenga mucho cuidado dios lo cuide por todo lo que hase pero ,10,0,2,-0.2
4690,gracias tiene corazon de oro mi admiracion jovenes estudien para que no terminen de policias chequen,14,0,0,0.0
4691,caseta y pasando unos kms estan ahi en la curva en la segunda caseta tambien estan parados ahi tempr,13,0,0,0.0
4692,me agrada tu programa de ruido social y chido por salis con el mismisimo rub abogado el defensor de ,14,1,0,0.07142857142857142
4693,sociales los policias que les daban la mano estoy segura que son igual de trakalas solo que estaban ,9,1,0,0.1111111111111111
4694,policias buenos es como dijo eva en un capitulo pasado quot si te ofrecen chocolates y estan bien pe,10,0,0,0.0
4695,parafraseando quienes son mas rateros los municipales de naucalpan cuautitlan izcalli o tultitlan y ,13,0,1,-0.07692307692307693
4696,independencia ru abogado para presidente de la republica todas las fuerzas de seguridad tienen mucho,12,1,0,0.08333333333333333
4697,para la corrupcion especialmente para los servidores publicos a href collelleeeee sigue exibiendo al,11,0,2,-0.18181818181818182
4698,y darle la mochada y solo no por perder el tiempo en denunciar porque sabes no van hacer justicia cr,10,0,0,0.0
4699,y ruabogado que horror todos son iguales lo que hacen para monetizar si es abogado por que no gana m,15,0,0,0.0
4700,la voz de trunks del actor sergio bonilla ahora con el supercivico arturo hernandez son una bola de ,13,0,1,-0.07692307692307693
4701,en mexico creo que nunca seva terminar la corrupcion en pesando con la presidenta que no ase nada po,9,0,1,-0.1111111111111111
4702,me toco vivirlo en carne propia hubo un accidente de unas personas en donde vivo y mi reaccion fue l,12,2,0,0.16666666666666666
4703,me espere que los mas inutiles abusivos e inservibles fueran los policias literalmente solo llegaron,12,0,0,0.0
4704,casi morian personas les importo desde ese dia le tengo miedo a la policia de la ciudad de mexico po,12,0,1,-0.08333333333333333
4705,lastima si alguno de ellos lee esto y no se siente asi porque esa es toda la impresion que siento ah,7,0,0,0.0
4706,que paso ese accidente y que afortunadamente sobrevivieron todos pero la policia tuvo cero merito en,12,0,0,0.0
4707,href en ese semaforo pasan muchos jovencitos que van a la escuela pero esa gente es tan maldita que ,10,1,0,0.1
4708,con el quot no tengamos miedo quot ya basta de que nos sigan viendo la cara estos politicos corrupto,13,0,0,0.0
4709,el lic ru se cuide mucho br eva puedes hacer un video sobre dar de alta los celulares es bueno o es ,13,0,0,0.0
4710,es un hueso en la politica andaba de mamarriatass con el david monreal hasta andaba de noviecito de ,12,0,0,0.0
4711,la misma por queria que no te de tristeza decirlo eso es lo que son unas ratas de tianguis los polic,11,0,1,-0.09090909090909091
4712,son de lo peor br fabricadores de carpetas secuestros br extorsiones br por eso siempre lo e dicho b,15,0,1,-0.06666666666666667
4713,siempre veran por la cuota que tienen que pagar y por su bienestar br a ellos no les importa arruina,13,0,0,0.0
4714,que el karma les llegue a todos br al triple por mediocres br con ellos uno se siente mas inseguro b,11,0,0,0.0
4715,porque ay mucha gente mala asta cuando va a terminar esto k dios los proteja siempre y el policia se,13,0,0,0.0
4716,completo tiene y el abogado ni le exige que se identifique correctamente y por que el ruabogado no h,11,0,0,0.0
4717,que haces cuando la tirania se convierte en ley la rebelion se convierte en deber br br thomas jeffe,13,0,1,-0.07692307692307693
4718,policia deberian pasar tus videos en la mananera que esto se haga viral y no las porquerias de las p,9,0,0,0.0
4719,multar por usar maps y waze pues no les conviene s los policias como siempre puro contenido de calid,11,1,0,0.09090909090909091
4720,solo te dediques a hablar mal del gobierno se nota de lejos como cambio tu enfoque creo que te copta,14,0,1,-0.07142857142857142
4721,la patruya no sabia que necesitaba esta colab esos mentados policias abusan de su poder para fregar ,10,0,0,0.0
4722,derecho en grabar en pedir ayuda o apoyo felicidades al abogado por su labor que es solamente la pun,12,0,1,-0.08333333333333333
4723,los buenos somos mas gracias eva por comunicar siempre la pta presidenta no hace nada eva pechocho b,14,0,0,0.0
4724,este tema que estaque arde en este momento se va encender el cerro no dejaste que apoyara a la gente,11,0,0,0.0
4725,corrupcion nunca se acabara seras blanco fijo como carlos manso q alameda hora badie se mete x ti q ,16,0,1,-0.0625
4726,dios t cuide en la calzada zaragoza tambien lo hacen todos los autos foraneos son las victimas a hre,14,0,1,-0.07142857142857142
4727,como ustedes se ocupa en el gobierno los polis son ratotas transito deverian correr a todos los poli,14,0,0,0.0
4728,jovenes de a anos que no tienen trabajo y darles un curso cristiano y de dios y un curso de ser un b,7,0,0,0.0
4729,hacer el bien con tu comunidad y con ese curso tendremos un excelente policia mi pensamiento es una ,9,0,0,0.0
4730,actuar con policia estatal que con transito y municipal tengo que verlo con el municipio si hasta a ,12,0,0,0.0
4731,mi apoyo a href lo que le paso a alguien que conozco cuando viajo a mexico lo robo la policia este v,10,0,1,-0.1
4732,mexico delfina esta podrido desde hace decadas los policias que si dan miedo son todos los del estad,10,0,0,0.0
4733,de mexico es robar y robar y que hace claudia en este caso br sabe lo que hacen los servidores publi,11,0,0,0.0
4734,buenos somos mas quot que buena colaboracion si el gobierno esta la mata de corrupcion imaginen la p,11,0,1,-0.09090909090909091
4735,crucero lleva anos con la misma situacion ya estamos acostumbrados y nadie hace caso ojala algun dia,9,0,0,0.0
4736,salio con ruabogado me sorprende como claudia shembaun no ha hablado de los reportajes de evs neta e,13,0,0,0.0
4737,ve que valiente es el lic ojala destituyan a policia corrupto recibiendo dinero no puedo creer treme,17,0,0,0.0
4738,el gobierno es un ascooo el supervisor super nervioso es obvio que todo por dentro esta podrido apoy,13,0,0,0.0
4739,y ellos no pueden contra el pueblo honesto y que quieren cambiar la sociedad ase falta un bukele en ,13,0,3,-0.23076923076923078
4740,se ve como les cobran para pasar br y hay otros que se dedican a robar autopartes ahi cerca en alce ,11,0,0,0.0
4741,como para quot no estorbar quot y como esa zona esta algo sola porque son en su mayoria bodegas yo c,9,0,0,0.0
4742,jefes de estas personas para que se vaya acabando este problema porque todos sabemos que sus altos m,11,0,1,-0.09090909090909091
4743,en mexico pero puro bla bla bla y ninguna detencion de policias corruptos este video se saca un es l,14,1,0,0.07142857142857142
4744,los que nos estan cuidando hacen eso yo me imagino que los policias bailan con el que tiene dinero o,11,0,1,-0.09090909090909091
4745,organizado lo que morena pregona en la realidad no funciona esto es mexico y para cuando van a encar,12,0,1,-0.08333333333333333
4746,que estos casos de corrupcion y con video sea rapido pero es un sueno o que los mandos policiacos qu,12,0,1,-0.08333333333333333
4747,me han sacado mas dinero que los delicuentes ay que temerle miedo mas a la policia y al ratero pero ,10,0,1,-0.1
4748,creo que en su mundo que coraje ahi siempre hay un relajo de policias de viene viene de todo ahi es ,10,0,1,-0.1
4749,ir al ministerio publico ect mejor le doy su muchada e ir a mi destino tranquilo que dificil y no na,12,0,0,0.0
4750,parte de la pista y te paran a revisarrte y aguas donde no te dejes excelente combinacion del abogad,12,0,1,-0.08333333333333333
4751,ver que opinan hasta tiembla al hablar todo fines de semana por eso no compro carro porque es un din,15,0,0,0.0
4752,apoyo tu contenido das mucha visibilidad a temas que nadie quiere voltear a mirar pero en este video,14,1,0,0.07142857142857142
4753,muestran lo hundida que esta la policia el anduvo con la narc politica sandra cuevas que sigue impun,15,0,1,-0.06666666666666667
4754,ru abogado si nosotros como ciudadanos tambien debemos empezar a denunciar todo eso y eso lleva deca,12,0,0,0.0
4755,minimo y otros y pesos de cada conductor un dia malo yo creo que unos mil diarios y comen de mis imp,12,0,0,0.0
4756,la corrupcion esta peor ni con morena funciono los avengers mexicanos la mejor manera de poder defen,11,0,1,-0.09090909090909091
4757,valiente entiendo lo que hace por el pueblo pero a su vez me da miedo su seguridad dios lo proteja q,10,1,0,0.1
4758,llama su canal del licenciado que dios te bendiga asme un reportaje sobre mi drenaje somos fam graci,15,0,0,0.0
4759,mejor sola o por lo menos este con ese poser no me gusto a href uckszu wh gy mb dv ujg evkfy unc oyk,12,0,0,0.0
4760,suspendan queremos que sea carcel y con varias agravantes por que ocupan un uniforme y el nombre del,12,1,0,0.08333333333333333
4761,allende y el eje en el centro historico siempre esta cerrado y no dejan pasar les tienes que dar din,11,0,0,0.0
4762,por el cual no debe de estar cerrado solo es el inicio de la calle de allende la unica arma civica e,12,1,0,0.08333333333333333
4763,sus rostros y exhibirlos no hay otra forma no se porque pero siento que cada elemento que llegaba pa,10,0,0,0.0
4764,por los chidos la corrupcion escala a niveles muy altos el problema en si esta desde el politico pod,11,0,1,-0.09090909090909091
4765,y las nuevas facultades que le dieron a la guardia nacional que se puede hacer en contra de eso mi g,7,0,0,0.0
4766,al buen ciudadano mi apoyo total ojala algun dia pueda gobernar morena para que se acabe todo esto e,10,0,0,0.0
4767,igual a te van a chingar y un politico te van a chingar hace poco me intentaron asaltar en la avenid,8,0,0,0.0
4768,personas con moto y la policia cerca no hizo nada solo una combi de transporte publico se detuvo a s,11,0,0,0.0
4769,puntos de venta de drogas pero eso si cobran su sueldo pagado por todos los mexicanos la pregunta es,11,0,0,0.0
4770,se les permite operar en impunidad lic ru para presidente nos hace falta un justiciero que realmente,15,0,5,-0.3333333333333333
4771,conspiranoicos cuando dicen que nos controlan con el miedo hace tanto queria verlos juntos admiro qu,12,0,0,0.0
4772,mujeres se me hace tonto pueden ser igual de corruptas y en lugar de d elementos trabajando baja bas,9,0,0,0.0
4773,pueden trabajar eficazmente el mejor crossover si causa bastante repulsion br que podemos hacer aaaa,10,0,0,0.0
4774,perteneces a una corporacion llamese ejercito armada policia estatal etc si no le entras yo pienso q,13,0,0,0.0
4775,la patria esta bien dificil la situacion que te extrana si apenas saben leer y escribir estan obliga,9,0,0,0.0
4776,pero continuacion del chisme del policia corrupto para saber q pex si lo corrieron o solo les dieron,12,0,0,0.0
4777,a apoyarlo muchas gracias por su labor a ambos critica no manejes con un microfono en la mano y mane,12,0,0,0.0
4778,y ru abogado los quiero mucho ese ru es el mejor ejemplo del cambio social nada cambia si no cambiam,11,0,0,0.0
4779,con una mano y con la otra trae el microfono eso es multa no digo hablando de lo bien y mal hecho un,7,0,1,-0.14285714285714285
4780,transito o municipales del establo de mexico son unos rateros y corruptazos todos los sabemos menos ,12,0,1,-0.08333333333333333
4781,ves estoy mal pero porque se dejan si hay videos de denuncias del abogado porque creo pruebas tiene ,12,1,1,0.0
4782,videos yo e vivido de lo peor de estos servidores publicos me an golpeado y si denunciaba estas rata,12,0,1,-0.08333333333333333
4783,direccion es por eso que muchos de nosotros no denunciamos br y es real estas ratas tienen su propio,9,0,1,-0.1111111111111111
4784,histotial delictivo de muchos de ellos y revisarles sus mensajes de sus celulares y de sus mandos av,9,0,0,0.0
4785,como te llamas ok aprender a ablar correctamente esperemos que despues de esto se vea la diferencia ,12,0,0,0.0
4786,denuncian seria bueno darle seguimiento a los casos y proponer en ciertos lugares un plan para evita,12,0,1,-0.08333333333333333
4787,los polis y por los puestos y sobre todo el transporte publico que sin duda esta igual de mal en cor,11,0,3,-0.2727272727272727
4788,que quieran pero si toda la vida a pasado esto como creen que ban a poder si la misma policia los ap,7,0,0,0.0
4789,evis eres la mejor es increible como las personas que nos tienen que cuidar es de las que nos debemo,7,0,0,0.0
4790,donde queda su servicio para lo que se rentan para lo que quisieron llegar a ese puesto porque por a,8,1,0,0.125
4791,querer ser policia lo vean como que es el medio para poder extorsionar sin ser encarcelado es el med,11,0,0,0.0
4792,esas autoridades no puedo creer de que manera se pierden los valores la etica pero bueno algun dia s,8,0,0,0.0
4793,los policias de transito son pocos los buenos ojala tuvieramos vista de rayos x para saber si en un ,9,0,0,0.0
4794,sus mandos les cobran cuotas y les depositan doble nomina y luego tienen que devolverla al mando asi,14,0,0,0.0
4795,y el edo de mexico el de los que llegan a tener un minimo de poder llegan a servirse del pueblo imgi,12,0,0,0.0
4796,correcto sin placa sin nada de informacion que barbaro hasta parece poli pirata y la gobernadora del,11,0,0,0.0
4797,unidos muy bien evis mas de este lastre que ningun gobierno quiere ver br videazo un caso bien tipic,11,0,0,0.0
4798,en el norte como alla en cdmx vengan a valle de chalco y tlahuac hay varios policias ratas a mi me s,13,0,1,-0.07692307692307693
4799,golpearon y robaron mis pertenencias ademas querian entrar a la app del banco para robarme mas pero ,15,0,0,0.0
4800,sin duda porque los mandos saben bien lo que hace la policia y esto llega hasta los politicos porfav,13,0,1,-0.07692307692307693
4801,con los transitos culpa de delfina desde que a href veo que haga nada ni se ven sus luces dile a ru ,13,0,0,0.0
4802,actuar ya que por desconocimiento es por lo que la gente no denuncia y no actua esa es la clave que ,11,1,0,0.09090909090909091
4803,que el ciudadano tenga las armas les aseguro que asi podria funcionar la segunda parte la guardia na,9,0,0,0.0
4804,de llevarse los carros al corralon agita eva morena y su n rc gobierno pero apenas dio su discurso l,13,0,1,-0.07692307692307693
4805,somos la oposicion o de tv azteca y no se que tanto el peor enemigo de un mexicano es otro mexicano ,9,0,0,0.0
4806,extranjeros a chingarte a href muy buena frase mexicanos no tengamos miedo no llegar a perder todo p,13,0,0,0.0
4807,a lerma edo mex como que andaba nervioso el ru abogado que bueno que es mas kbrn actuando que hablan,13,0,1,-0.07692307692307693
4808,cuevas ojala no se igual y ya ni hablar de los policias que andan en motocicleta dia a dia se la pas,12,0,0,0.0
4809,nunca a las combis que hacen base en donde quieren a href mmmmm estos canales deberian de tener mill,12,0,0,0.0
4810,seguidores que tipo de personas los siguen estamos muy mal como sociedad conciente de lo que es real,14,0,1,-0.07142857142857142
4811,de nadie tambien me ha tocado ver como esos oficiales detienen autos en ese mismo punto del carro ca,8,0,0,0.0
4812,esa zon desde que llego isaac montoya se desato como nunca antes ya no hay banquetas para los peaton,10,0,0,0.0
4813,se escucha que cada espacio en la calle se vende desde mil pesos tengo un conocido que su hija es tr,11,1,0,0.09090909090909091
4814,semaforo porque se nego a extorcionar a la gente me encanta eva maria beristain creo que es heredera,15,0,0,0.0
4815,estas personas bien por el abogado yo habia dejado de creen en ruabogado por que lo habia visto con ,10,0,0,0.0
4816,pero ahora me doy cuenta que no br muchas gracias por su valentia y su honor yo no entiendo por que ,6,0,0,0.0
4817,de ir a buscar son a los de arriba que son los que les piden cuota a los de abajo maldita corrupcion,11,0,1,-0.09090909090909091
4818,todo patriota y nacionalista deve apoyar la pena capital si mexico y la corrupcion es como el las pe,11,0,1,-0.09090909090909091
4819,que en las peliculas contratar a un maton y que que les de cuello a todos hola eva saludos dsd toluc,14,0,0,0.0
4820,usa pero cuando regreso a mi mexico me da tristeza que todo es corrupcion empezando con los policias,13,0,1,-0.07692307692307693
4821,hacer lo que hacen gracias a ustedes me doy cuenta de todo lo que pasa en mi mexico que dios los ben,8,0,0,0.0
4822,gabacho cuando la feria esta en el semaforo este con razon estan gordos lemus polis hjptm la neta pi,14,1,0,0.07142857142857142
4823,gente miedosa asi como quieren acabar con esos delincuentes la verdad que pinche ganador el abogado ,12,0,2,-0.16666666666666666
4824,hasta a mi familia yo he visto como les piden mordida que pt coraje y pena da pero pues honestamente,11,0,0,0.0
4825,y meterse con la familia de uno pero mi respeto a todos los que hacen eso de darles la cara de esa f,8,0,0,0.0
4826,a href igual puedo asimilar los pensamientos de las personas bajo su posicion de manos o cara justo ,12,0,1,-0.08333333333333333
4827,el pais br toda la estructura br que buena colaboracion ustedes son los mexicanos que necesitamos se,12,0,0,0.0
4828,de jefes policiacos ministerios publicos y bien ligada a las alcaldias en turno es dificil exponer t,14,0,0,0.0
4829,de lado el periodismo de investigacion por miedo y mediocridad pero es obvio que este monstruo es po,11,0,0,0.0
4830,eva te doy una sugerencia cerca de mi casa existe un tramo de carretera donde tiro x viaje se accide,14,0,0,0.0
4831,maldita varias personas coinciden en lo mismo y algunas otras han visto cosas x que cerca de ahi est,10,0,0,0.0
4832,y la presidente claudia donde estan los morenistas que dicen que todo bien si le creo al sr rua buen,7,0,0,0.0
4833,nada segun agilizando el trafico puro borracho y ni son de transito y los policias namas buscando ex,13,0,1,-0.07692307692307693
4834,estan haciendo wow no conocia a este abogado pero viendo lo que haces por la comunidad mexicana tien,9,0,0,0.0
4835,video ru abogado para senador o diputado que limpie el edo de mex muchas gracias por su excelente la,16,0,0,0.0
4836,que fue ilogico haber hablado con ellos algo me dice que era igual que los demas cuidense y dice la ,6,0,1,-0.16666666666666666
4837,hay mordidas que no hay delincuencia como no si los policias son los delincuentes gracias eva maria ,14,0,2,-0.14285714285714285
4838,pais pues la quot autoridad es el crimen organizado quot ahora se ha exponenciado con la motocicleta,13,0,1,-0.07692307692307693
4839,respecto a sus elementos br br ahh pero en mexico ya no existe la corrupcion desde el sexenio de el ,14,0,1,-0.07142857142857142
4840,br y de ru abogado ni se diga br br ru abogado deberia contender para presidente municipal de naucal,18,0,0,0.0
4841,mas corrupto que nada siento que en las ciudades es mas complicado ponerse de acuerdo cada quien se ,9,0,0,0.0
4842,en hidalgo en ixmiquilpan especificamente ahi nadie se deja de la policia ni de rateros eso hace fal,11,0,4,-0.36363636363636365
4843,union real en contra del hartazgo entiendo la frustracion del abogado a veces uno quiere cambiar el ,10,0,0,0.0
4844,da mas miedo ver a policias a que me asalte un peon mas el peon te quita lo material pero estos desg,11,0,0,0.0
4845,la carcel con falsas acusaciones sembrando porqueria los detesto las polis estan coludidas con los p,16,0,0,0.0
4846,me lllevarian presa y me dolio tanto dar ese dinero era todo lo que tenia coyeye a href jaja gracias,15,0,0,0.0
4847,amigazo de la ratita de sandra cuevas coyeye jajajja y tv azteca ofendida porque ellos son los que d,14,0,0,0.0
4848,de estos youtubers pss que nadie se meta de policia osea es bien facil darle la vuelta al sistema pe,13,0,0,0.0
4849,para correrlos de donde esten robando pero todo unidos me gusta tu contenido porque lo haces de una ,10,0,0,0.0
4850,cuidas esa parte ya por todos es sabido que es un personaje con poca credibilidad ha sido denunciado,9,0,1,-0.1111111111111111
4851,mano con sandra cuevas en la alcaldia cuauhtemoc sus montajes para envenenar a nuestro mexico ha sid,14,0,0,0.0
4852,falta de pruebas y ya por ultimo ha dejado al descubierto su interes de ocupar un cargo publico para,13,0,3,-0.23076923076923078
4853,partido politico lo quiere y solo le queda seguir en internet contaminando a la opinion publico enti,15,0,0,0.0
4854,nobles para nada es un ataque hacia su persona pero creo que sobre su discurso se ignoran mucho prob,12,0,0,0.0
4855,mal quot de hannah arendt explican muy bien este tipo de comportamientos en sociedad por parte de pe,11,0,1,-0.09090909090909091
4856,lleva a las personas a actuar de maneras poco eticas que gran video de todas formas esto esta como d,11,0,2,-0.18181818181818182
4857,esta de miedo ufas que buenos reportajes una ves mas alzando la voz por el ciudadano es verdad que s,11,0,0,0.0
4858,que fui a tuxla gutierrez para ir al sumidero en varios sitios nos cobraban el desplazarse cortos pa,12,0,0,0.0
4859,pagar y pagar que pena rua para presidente a href oye nada mas el ratero pidiendo respeto venganse a,18,0,1,-0.05555555555555555
4860,en todo el estado por corruptos solo andan viendo placas que no sean del edo para extorsionar yo un ,10,0,0,0.0
4861,de transito me siguio me agredio verbalmente y se me cerro con la patrulla cuando ya me iba muy tris,12,0,0,0.0
4862,situacion por parte de policias ni se diga los retenes de seguridad en carreteras en sonora y sinalo,13,1,0,0.07692307692307693
4863,propia les tengo mas miedo a esos que a un reten del c rtel ese ru abogado es de dudosa confianza el,13,0,0,0.0
4864,luego piensa en ayudar por favor eva ayudwnos con esto tambien lo de los puestos y todo eso en las b,11,0,0,0.0
4865,problemas asi de puestos en las calles que ya avarcan mas que un local y eso eso tambien es algo que,8,1,3,-0.25
4866,respeto para la gente que usa las banquetas por favor gente amamos algo por que luego esos ya siente,10,1,0,0.1
4867,con personas responsables de primer nivel desde la gobernadora presidentes municipales y demas a hre,10,0,0,0.0
4868,esperame tantito que lamentable y el gobierno no hace nada pero no censures no hagas cortes chingao ,12,0,0,0.0
4869,de gobierno haya hecho nada ni desde los a href hasta los a href esto es absurdo y la verdad esto es,6,0,0,0.0
4870,eso que luego se los cobra en las elecciones en el reten de matehuala siempre nos detienen para insp,10,0,0,0.0
4871,todos se quejan todo es un desmadre todos chillan y patalean pero hacen una encuesta y pum de tenden,14,0,0,0.0
4872,a la t en el monumento a la revolucion y despues les hacen un concierto gratis y yaa todos contentos,12,1,0,0.08333333333333333
4873,un alla hay uno alla hay otro en vez de cuidar a la ciudadania que triste tener que decirles esto pe,11,0,1,-0.09090909090909091
4874,lacras extorsionadores con uniforme se les debe poner un alto pero son sus jefes quienes les piden c,12,0,0,0.0
4875,hola ru que se puede hacer para sacar de circulacion a transito saludos de lujo tu invitado y tambie,14,1,0,0.07142857142857142
4876,sabido que antes que pedir ayuda a un quot policia quot se lo pido a cualquier otra persona que si g,12,0,0,0.0
4877,son unos verdaderos criminales con uniforme tal vez no todos pero la gran mayoria son corruptazos ni,8,0,1,-0.125
4878,por el arco del triunfo esto necesita mucho ruido social hace poco escribi que despues de manzo ya n,13,0,0,0.0
4879,se van esos dos muchachos reporteros derecho a la puerta de la presidencia a ensenar todos esos vide,10,0,0,0.0
4880,cambiar nadabueno siempre y cuando los reciva la senora presidenta que chingona colaboracion mi eva ,16,0,1,-0.0625
4881,es como hay policias asi y no les hacen un examen psicologico o peor aun si dicen que no hay corrupc,8,0,1,-0.125
4882,gobierno es una m rd a me imagino que es el estado de mexico me consta que los de naucalpan son unos,9,0,1,-0.1111111111111111
4883,eva lo mas malo de todo es que nosotros como civiles como el pueblo nos dejamos la verdad ciega de m,9,0,0,0.0
4884,diria al respecto ya que pongan orden en los comandos y policias del pais es un cancer que nos afect,12,0,2,-0.16666666666666666
4885,de cuello blanco por unos pocos sufrimos miles hasta cuando no puedo ver estos videos me llena de ra,11,0,0,0.0
4886,manejar en la ciudad y el estado de mexico hola eva que gran capitulo no me lo esperaba ruben eres m,12,0,0,0.0
4887,que mencionaron es verdad los jefes les piden dinero y los policias caen en estos delitos contra la ,11,0,0,0.0
4888,nos roban nos intimidan y nos violentan de verdad espero que si sirva el exponer tu vida para acabar,13,0,0,0.0
4889,mis dos dos personas favoritas de verdad gracias por ser bien claros los admiro mucho bendiciones ho,15,0,0,0.0
4890,dia a celaya guanajuato para que vean como tienen sitiada la ciudad con sus retenes en especial la e,12,0,0,0.0
4891,filas kilometricas de vehiculos al igual la entrada que viene de san miguel de allende y la que vien,12,0,0,0.0
4892,agenda es muy apretada pero es que es desesperante cuando vas a una consulta medica de algun hospita,11,0,0,0.0
4893,cita y empezar otra vez el trafico y la contaminacion que ello conlleva la entrada a tu trabajo a la,10,1,3,-0.2
4894,plataforma lo mas raro es que estan apoyados por la gn que esa no es su funcion en vez de que realme,8,0,0,0.0
4895,transito que en el centro de celaya se pone bien pesado te digo algo yo he querido imitar al lic y l,11,0,0,0.0
4896,mp aca le llaman barandilla me detuvieron por unas horas hasta que pague una multa por interferir me,13,0,0,0.0
4897,todo esto solapado por el municipal y pues ovio que esto solo sirve para pedir dinero si te falta al,13,0,3,-0.23076923076923078
4898,a ustedes podemos levantar la voz por que aca nadie nos hace caso con respecto a eso adentrense mas ,10,0,0,0.0
4899,son un cartel hecho y derecho los mismos que desaparecieron a jeshua y matar n a octavio ocana son l,12,0,0,0.0
4900,de cuautitlan izcalli son los peores a href muy impresionante la cantidad de veces que tenemos que r,9,0,1,-0.1111111111111111
4901,ella si facilitas la mordida para no someterte a lo tedioso de la burocracia que se siga alzando la ,11,1,0,0.09090909090909091
4902,ya lo comparti en mis redes sociales como dice el abogado tenemos que despertar y denunciar vivimos ,11,0,2,-0.18181818181818182
4903,ya basta eva no solo uses tu plataforma para hacer contenido con el abogado destina todo lo que mone,11,0,0,0.0
4904,es una chingonada no lo dejes asi dale apoyo monetario porfa ana porque no te subes a la banqueta pu,16,0,0,0.0
4905,judicial funciona pero llevamos mas de anos asi y creo que es momento de abrir los ojos la policia n,10,0,0,0.0
4906,intereses del estado los policias ya deberian ser considerados una mafia como dijo la gringa en mexi,12,0,0,0.0
4907,tipo de cosas en el estado de mexico y seguramente en todo el pais estamos jodidos que asco de autor,10,0,0,0.0
4908,de mi pais y saber defenderme ante las corrupciones de estas autoridades gracias eva este contenido ,14,0,0,0.0
4909,de la moneda que fuerte y triste tema del dia al dia practicamente en casi todo mex eva por favor cu,13,0,0,0.0
4910,todos te tqm mucho los ciudadanos deben ser valientes y no darles dinero porque al darles dinero est,11,0,1,-0.09090909090909091
4911,corrupcion y una ves maaas lisa mama se que tus intenciones son buenas pero acaso la policia no es l,14,0,1,-0.07142857142857142
4912,elite adinerada br br no crees que deberiamos atacar las raices de los problemas sociales en lugar d,19,0,0,0.0
4913,lisa es mcgriff el perro contra el crimen br usa una marioneta de mano br oye lisa ayudame a morder ,20,0,2,-0.1
4914,br x simplemente br ruuuuu br y la srta beristain br inche tristeza ver esto en mi mexico deberian d,16,0,0,0.0
4915,presidenta para que se visualice en vivo que la gente no les de dinero por que ellos mismos fomentan,8,0,0,0.0
4916,la linea naranja en camisa del uniforme son las que pueden infraccionar por que la gente les da dine,11,0,1,-0.09090909090909091
4917,no traian patrulla ni tienen gruas pues para que se detienen a hacerles caso es enserio humano despi,14,0,0,0.0
4918,de eso se enojan y detienen a quien los cuestiona de sus actos de corruptela lamentable esto las aut,10,0,0,0.0
4919,muchos policias los mandan a char cafe con san piter esto es una impotencia esta cituacion a href di,14,0,0,0.0
4920,era antes del ahora son agachones que por unas cochinas becas del bienestar se dejan dar por el y qu,8,1,0,0.125
4921,marcha de acarreados del domingo dios te bendiga ru ten mucho cuidado con los verdaderos rateros eso,14,0,1,-0.07142857142857142
4922,delincuentes con pistola laca y sueldo del estado dios me cuide siempre a evita y su equipo y para l,10,0,1,-0.1
4923,verdad solo lo hacen para extorcionar todos ayudame por favor mexico dejen de llamarles autoridades ,16,0,0,0.0
4924,puedas leer esto asi como apoyaste a la gente para visibilizar el problema del mega proyecto de roya,15,0,0,0.0
4925,de ohuira juntos podemos luchar amigos si leen esto un like para que llegue a nuestra amiga eva no c,14,0,1,-0.07142857142857142
4926,a este ciudadano que toma tiempo para exponer a esas ratas piensen que si no hacemos algo o no apoya,8,0,1,-0.125
4927,manches amiga que mal esta el estado de mexico a href esa senora mis respetos neta eva estan geniale,16,0,1,-0.0625
4928,abraza indigentes jaqjjajaa te amoevita ruu abogado seria un buen presidente alguien que es mexicano,13,0,0,0.0
4929,esto animo a href a mi el curso de como actuar ante policias corruptos me salio en pesitos la consti,14,0,0,0.0
4930,el reglamento de transito me costo pesotes aqui la ignorancia a tus derechos civiles y tus responsab,11,0,0,0.0
4931,gracias a ambos por su labor social dios los proteja quot solo nos falta perder el miedo quot y si o,15,0,3,-0.2
4932,trabajen para el beneficio del pueblo y no de sus bolsillos y narcotraficantes yo me acuerdo que una,10,1,0,0.1
4933,am una calle que siempre transitaba en eso una patrulla se orillo y los policias me subieron me basc,11,1,0,0.09090909090909091
4934,me basculeraron y como no me encontraron nada me pegaron unos quedos y me bajaron desviandome de mi ,11,0,0,0.0
4935,pericentro y tuve que dejar de ir a trabajar por que saliendo del metro caminos siempre estaban los ,11,0,0,0.0
4936,mismo en tlalnepantla pls grs a href en esos numeros con gusto nos van a ignorar gracias por tu trab,12,0,0,0.0
4937,proyecto escolar incomodando politicos jaja tremendo crosover el estado de mexico la buena fama es m,14,0,0,0.0
4938,la fiscalia de ecatepec esta metida en las extorsiones ellos consiguen las bases de datos para que m,10,0,0,0.0
4939,roban saben quien secuestra saben quien extorsiona pero son ellos mismos exelente labor pero sobreto,14,0,0,0.0
4940,ambos br un comentario deberian dar alternativas para apoyarlos a ustedes extraordinario labor socia,17,0,3,-0.17647058823529413
4941,br organizarnos y actuar eva gracias por tu trabajo que dios proteja al licenciado ru y no es nuevo ,14,0,2,-0.14285714285714285
4942,wow este crossover son una bola de corruptos y de ignorantes todo nuestro personal policial no hay n,11,1,0,0.09090909090909091
4943,nos toca el trabajo de educarlos y hacer valer nuestros derechos ese gordito de asusto interno se qu,12,0,1,-0.08333333333333333
4944,el participio del verbo increpar significa reprender reganar o reconvenir a alguien con dureza sever,16,0,0,0.0
4945,de manera airada o acalorada generalmente en publico o con tono de enfado mi novela favorita empezo ,15,0,0,0.0
4946,mucho evis empiezas a incomodar a las quot autoridades quot eres muy valiente hubieran de prohibir l,14,0,0,0.0
4947,eso se fabrica en tepito aguas mi ru raul si supieras lo que le hizo a uno grenudo trompudo y lo dej,12,0,1,-0.08333333333333333
4948,del iztaparazta eso pasa en los limites de edomex y cdmx yendo para morelos saliendo por milpa alta ,16,0,0,0.0
4949,cuevas asi como lo dice el licenciado br tambien he apoyado en el sector y justamente es muy comun e,10,0,0,0.0
4950,actos porque los mismos jefes son los que piden dinero br muy desafortunado y lo peor es que al fina,10,0,0,0.0
4951,a harfuch en la mananera haber que responde el batman aqui el problema no son solo los de transito s,10,0,0,0.0
4952,obligan a tienen la intencion de ayudar a tener que hacer tambien sus cochinadas cuidado eva ese rua,12,0,0,0.0
4953,y como engana con sus videos bla bla bla llegar ese lugar es como llegar una alcantarilla lleno de r,14,0,1,-0.07142857142857142
4954,gracias por tus investigaciones y ahora va para lo mismo la guardia nacional en nayarit a los polici,10,0,0,0.0
4955,por cualquier cosa detienen a la gente o por lo regular los vendedores callejeros y los jovenes yo t,10,1,1,0.0
4956,noche la hora que puedo y la tipica quot recibimos el una llamada quot de echo una ves llevaba mi pe,12,0,0,0.0
4957,dejar ahi gt lt lt lt pura gente de ru abogado y no mamadas que se de una vuelta por ecatepec amigo ,17,0,0,0.0
4958,temas que segun ya no existen en naucalpan esa senora de transito que salio corriendo ya no pertenec,11,0,0,0.0
4959,y tambien hay voladores cobran si trabajar hola br tencuidado porque es naucalpan y la seguridad es ,15,1,0,0.06666666666666667
4960,no se quien sea pero hay un corrupto que lespide su cuota a los efectivos no que un mexico sin hambr,11,0,0,0.0
4961,wey salia con sandra cuevas es corrupto vendida ya empezo la misa que buen episodio eva date una vue,16,0,0,0.0
4962,estatales pidiendo dinero a los foraneos diario la estatal tambien es muy corrupta esta podrifo el s,12,0,0,0.0
4963,trabajos que han ido realizando los dos protagonistas del video no alcanza para que se vea un cambio,12,0,0,0.0
4964,ven estas evidencias y mucho menos la maestra que despacha en toluca nuestro estado esta podrido des,12,0,0,0.0
4965,forma expres a manos de policias municipales que estan impunes jamas voy a estar del lado de las pol,13,0,1,-0.07692307692307693
4966,br como conociendo los reglamentos nuestros derechos y grabar a modo de evidencia asi como mantenien,11,0,0,0.0
4967,cruce el policia de transito son los hdp dos tipos civiles que cobran por dejar pasar o no y control,13,0,1,-0.07692307692307693
4968,ponen para robarte seria bueno entrevistar en la mananera a claudia seria bueno que intentes ir algu,11,0,0,0.0
4969,que aqui les ganamos em corrupcion policial como los vieron haciendo este reportaje les avisaron a l,9,0,1,-0.1111111111111111
4970,ciudadanos br excelente trabajo ahy en el toreo sobre el periferico se ponen los policias de transit,12,0,0,0.0
4971,los policias del estado de mexico de naucalpan a esto deberias darle una seccion a tu programa poner,13,1,1,0.0
4972,la redundancia se han sistematizado ese cruce esta terrible los policias estan del lado del panteon ,11,0,0,0.0
4973,nadie respeta los semaforos y ojala pudieran caminar hasta plaza toreo ahi esta peor hay puestos de ,13,0,0,0.0
4974,solo hay uno para circular pq en el otro se para el tranporte publico si es muy terrible la ignoranc,8,0,1,-0.125
4975,conciencia todos o casi todos somos parte de esta corrupcion mordiditas y mordidotas falta de educac,13,1,8,-0.5384615384615384
4976,uniforme se van a aprovechar aun mas y pensar que muchos pensabamos que con esta senora delfina todo,9,0,0,0.0
4977,como ciudadanos nos unamos mucho mexico lindo y corrupt y si no traes dinero que haces ese abogado e,16,0,0,0.0
4978,de esta pinche ratera como se daran cuenta ellos son los rateros ellos son los que deben de sentir m,9,0,2,-0.2222222222222222
4979,dejen no los pueden parar por presuntos operativos si lo hacen graben pidan nombre del policia y ano,16,1,0,0.0625
4980,corruptos abrazo a los buenos esos son solo los gatos los verdaderos ratas son sus jefes y asi segui,11,0,2,-0.18181818181818182
4981,le sigo malditos corruptos me gusta el activismo de ru abogado y a la mejor es muy de su vida person,14,0,0,0.0
4982,de los pocos que se atreven a encarar la ley ojala podamos apoyar mas pero atacar las causas como co,12,0,0,0.0
4983,policias y granaderos defienden a capa y espada este gobierno porque los deja hacer lo que les d ela,11,0,0,0.0
4984,esto siempre ha pasado quot ya sabemos que siempre les piden cuotas pero se suponen que esto iba a c,9,0,0,0.0
4985,esa lana que entra de mordidas a unos cuantos bolsillos fueran multas que se invirtiera en arreglar ,14,1,0,0.07142857142857142
4986,y esto es en todo el pais a mayor o menor escala en algunos estados y municipios se nota menos que r,10,0,0,0.0
4987,marquen y lean el reglamento tomen fotos y reportenlos yo marque de inmediato di datos y les fue en ,17,1,0,0.058823529411764705
4988,la extorsion es delito a href corte tendencia viva el abogado ru tambien debieran exponer a las pers,15,0,2,-0.13333333333333333
4989,agarrar la mordida y hasta los amenazan confirmo los policias del edo de mexico son los mas hambread,11,0,0,0.0
4990,jajajaja a href te amo eva maria beristain uff en cancun ya estamos hasta la madre de los poliratas ,13,0,0,0.0
4991,hace unos meses y en me pararon en la noche y me quitaron mi camioneta y me pidieron dolares para sa,11,0,1,-0.09090909090909091
4992,que ni siquiera puedo visitar a mi familia en paz la delincuencia uniformada siempre a sido la peor ,14,0,2,-0.14285714285714285
4993,americanos en suelo mexicano tuve una muy mala experiencia relacionada a estos temas practicamente m,17,0,0,0.0
4994,para circular sobre la autopista mexico queretaro me cerraron el paso con su patrulla sobre la autop,11,0,0,0.0
4995,circular sin placas por dias me dijeron que eso no aplicaba ahi una muier policia me agredio y cuand,11,0,0,0.0
4996,y no podia quot agredirla quot me pedian les argumente muchas cosas y lo que hicieron fue intimidarm,11,0,0,0.0
4997,municipio no me dejaban salir del auto hasta que diera razon del dinero llame a mi abogado el hablo ,13,0,0,0.0
4998,me comunicara con nadie despues la cantidad bajo a solicitando que me depositaran y ellos me ilevari,9,0,0,0.0
4999,iba a pasar y que me iba a gastar mas de lo que me pedian al final y por casualidad tuve que pedir f,11,0,0,0.0
5000,con el gobierno municipal y me dejaron ir y fue una solucion inesperada porque ni yo sabia que tenia,9,0,0,0.0
5001,y parecen imbeciles que no atienden razon lo divertido es que cuando me dejaron ir llenos de coraje ,13,0,0,0.0
5002,me corrieron con groserias mi reaccion fue de burla y les dije que por hambriados no se ganaron ni p,11,1,0,0.09090909090909091
5003,personas al dia sufren de estos abusos sin tener quien los ayude br hay mucho que cambiar para que e,10,0,0,0.0
5004,hace nada en encontra los policias corruptos los protejen desde arriba ratas desde estados unidos me,12,0,1,-0.08333333333333333
5005,por otras personas eso demuestra la calidad de persona minuto a href el porckpoli de asuntos interno,15,1,0,0.06666666666666667
5006,mas colaboraciones ah si uno de nuestros errores como ciudadanos es que tampoco se lee el reglamento,10,0,0,0.0
5007,autoridad por eso yo les e aventado la troca cuando ando pe y me detienen si eso en la capital que n,10,0,0,0.0
5008,unos dejamos extorcionar yo solo he visitado mexico dos veces y en la mas reciente pude comprovar qu,12,0,0,0.0
5009,el los que se suponen te deberian cuidar y la gobernadora del cambio de la transformacion estara ent,10,1,0,0.1
5010,lo que pasa en la ciudad tambien lo que pasa en el estado y ru tambien que valor y que gran trabajo ,7,0,0,0.0
5011,mucho eva te queremos mucho a href rata el pueblo unido jamas sera vencido el pueblo bueno no debe s,15,0,1,-0.06666666666666667
5012,si es muy cultural el tema la verdad uno prefiere soltar y no perder todo el dia con estas ratas est,9,1,1,0.0
5013,y protegernos en comunidad cuando intenten extorsionarnos seria bueno investigar la parte de los ofi,11,0,1,-0.09090909090909091
5014,tienen son buenas aunque no hay justificacion para que exijan dinero y abusen de los ciudadanos con ,12,0,0,0.0
5015,muy honorable el amigo intimo de sandra cuevas no gracias oye porque no se dan una vuelta x aca x mo,16,0,0,0.0
5016,cu b b y donde esta el cambio que prometio el mentiroso corrupto y ratero de amlo el peor enemigo de,13,0,1,-0.07692307692307693
5017,dimensiones en un solo universo en un mismo video wooooow que excelente video porque los policias an,15,0,1,-0.06666666666666667
5018,lentes oscuros un microfono y un pasamontanas br quien lo identifica si no traen placa ni gafete pol,16,0,1,-0.0625
5019,su labor a ambos hace horas subieron este video porque no puedo hypear la gente no sabe nada sobre v,9,0,0,0.0
5020,todos tuvieramos el conocimiento sobre esto bajaria la extorsion y corrupcion definitivamente regres,13,0,2,-0.15384615384615385
5021,todos los dias a sus jefes iba bien hasta que hablo de manzo esa cosa ya es una maf a grande las aut,11,0,0,0.0
5022,que andan a pie en semaforos son los que no se quieren vender a su corporacion ya que es una forma d,12,0,0,0.0
5023,una cuota y diario deben pagar para tenerla no justifica pero por eso de ahi se agarran para sacar u,12,0,0,0.0
5024,razon da risa que aclaren que las unicas que pueden infraccionar son mujeres las policias mujeres ta,15,1,1,0.0
5025,asuntos internos y nada la vdd es que el sistema esta podrido y los polis salen con permiso de robar,9,0,0,0.0
5026,arriba son los que mandan son peones corruptos igual pero peones excelente equipo mira considero que,12,0,1,-0.08333333333333333
5027,bien hay malos elementos como en todas las corporaciones en el pais lamentablemente hay muchos o poc,9,0,0,0.0
5028,erradicar totalmente esta practica pero por unos pagan todos considero que el personaje en el cual t,11,0,0,0.0
5029,hueso dentro del gobierno porque sacan cosas negativas deberian de sacar tambien las buenas acciones,14,0,1,-0.07142857142857142
5030,apoyos a la ciudadania este reportaje en lugar de unir nos divide como sociedad que se encuentra com,13,0,0,0.0
5031,correcta los detesto por eso no avanzamos como sociedad pero en esta vida todo se les va regresar gr,14,1,0,0.07142857142857142
5032,por la valentia ya lo sabemos son muchos los policias que actuan asi que triste ver ese temor en los,10,0,1,-0.1
5033,el colmo con estos policias sin estudios tal parece que es su trabajo diario para pasarles la cuota ,11,0,0,0.0
5034,es la escuela y replica en los demas estados mi respeto a ru abogado y eva maria por exponer todo es,10,1,0,0.1
5035,en hacerlo viral porque siento que es de las unicas formas donde presionamos a las autoridades a que,9,0,0,0.0
5036,jnavguerra en contra del sistema politico que se enriquese de nuestros tesoros y de todo lo que mexi,9,0,0,0.0
5037,el de azul me reta con el clasico que ves gey br pero pregunto la maistra delfi no lo sabe br este t,13,0,0,0.0
5038,hace anos maistra ya haga algo la presidenta claudia no cambia a la policia corrupta en todo mexico ,15,0,0,0.0
5039,que chulada de contenido gracias por tus videos hola hace mucho tiempo sigo tu programa de ruido soc,13,1,0,0.07692307692307693
5040,me pudieras entrevistar te platico un poco quien soy soy una artista con ingenio que quiso represent,10,0,0,0.0
5041,proyecto que se llama proyecto mexica el cual consiste en hacer un traje para este mundial tengo fot,10,0,0,0.0
5042,me pueda voltear a ver ya que quiero que vean mi arte y el amor que le tengo a este pais el estado d,9,1,0,0.1111111111111111
5043,no sabia que necesitaba ojala colaboren mas porque hay taaaantas injusticias al dia en la zona conur,14,0,0,0.0
5044,del ciudadano deberia ser sentenciado a la pena de muerte y todos sus familiares directos deberian s,13,0,0,0.0
5045,ser pagadas en una oficina no se le debe dar a los oficiales en este caso a las oficiales de transit,11,0,0,0.0
5046,gracias por luchar contra la corrupcion personas como ru y eva nos estan dando las herramientas para,14,0,1,-0.07142857142857142
5047,a los tiempos de el negro durazo que horror ese falso abogado y su corrupta sandra cuevas pura false,17,1,0,0.058823529411764705
5048,del robo de autopartes en puebla hay mucha impunidad cada vex que dejo la grena caer a guanatos me c,14,0,3,-0.21428571428571427
5049,una colaboracion de justicieros dos de los mas grandes reunidos le sumamos a otros y seria el escuad,11,0,0,0.0
5050,el abogado cuando fui a cdmx y en el estado de mexico nos estorcionaron a mi y a mi novio con pesos ,9,0,0,0.0
5051,me das mas miedo ver una patrulla en la noche que a una bolita de personas en la esquina de hecho la,11,0,0,0.0
5052,para revisar sus pertenencias y aun cooperando con los oficiales se ponen pesados o te levantan o te,14,0,0,0.0
5053,jardin las feminas policias son bien corruptas siempre estan mordiendo muchas felicidades por su tra,13,0,0,0.0
5054,hasta que el valiente quiere asquerosos corruptos que estan en todos los niveles son el cancer de la,10,0,0,0.0
5055,estado de mexico y en verdad hasta que me mude a la ciudad de mexico dimensione lo alto que es el gr,8,0,1,-0.125
5056,policia como en cualquier otra instancia de gobierno en el estado de mexico te extorsionan desde per,9,0,0,0.0
5057,pavimentar la calle que buena feat en este video mas asi admirando siempre tu trabajo y valentia dic,10,2,0,0.2
5058,otros datos otro excelente video total apoyo a ru abogado asuntos internos estan peor ellos no agarr,15,0,0,0.0
5059,contenido bendiciones a href wey le tienen miedo en este sexenio es mas notorio los policias volador,17,0,0,0.0
5060,la corrupcion al tope la delincuencia ni se diga vlv cuanta corrupcion confirmo los viene viene son ,14,0,4,-0.2857142857142857
5061,para intimidar queremos en un millon de rua abogado en nuestro mexico hay dios cuidense mucho me les,10,0,0,0.0
5062,un para naciona en contra de esos cerdos policias corruptos ojala esta denuncia a nivel nacional rea,14,1,0,0.07142857142857142
5063,lo legislen los diputados y al cenado hermosa frase quot los buenos somos mas quot eva me gusta tus ,15,0,0,0.0
5064,y el lkc el a href mexico corruptos pol cias y los gobernantes no areglan el problema policias r t s,17,0,0,0.0
5065,muestra la corrupcion de los agentes de transito y sobre todo escuchan a la gente esto debe ser un m,10,0,1,-0.1
5066,mujer mi galle mi elegida por mi cabecita de algodon mi comandanta que ha cumplido cada promesa de c,14,0,0,0.0
5067,quot la nina futbolista quot ha dicho que en mexico no hay corrupcion que todos los elementos estan ,11,0,1,-0.09090909090909091
5068,puede creer esto br br br br br br br br br br br br br jajajajajajajajajajajajajaja a href evita ex,22,0,1,-0.045454545454545456
5069,que corro a suscribirme gracias saludos y bendiciones si todos apollamos y denunciamos otro seria nu,12,0,0,0.0
5070,los dejen ir quot no hay ratas si no hay pan quot quieres cambio hay que cambiar uno mismo primero p,11,0,1,-0.09090909090909091
5071,merecen gracias ru br y las autoridades de naucalpan son super corruptos tengo un problema donde mi ,18,1,0,0.05555555555555555
5072,civil obras publicas el vecino construyo en la zona federal han existido varios deslaves y sigue con,14,0,0,0.0
5073,dejando que continue estan en riesgo mas de familias ayuda por favor salio diana zambrano no mmn est,15,0,2,-0.13333333333333333
5074,estos puercos se pasan y la ley el gob sordeandose como siempre yo vivo en ecatepec estado de mexico,12,0,0,0.0
5075,los chicos que entregan paquetes de mercado libre este es el mexico real de la corrupcion el cual se,13,0,1,-0.07692307692307693
5076,choca porque ya hasta hay gente que ya lo acepta yo tengo una tia que cuando la detienen ya nada mas,7,0,0,0.0
5077,incluso si el policia intenta hacer las cosas como son ella prefiere pagarles y luego quejarse de lo,9,0,0,0.0
5078,corruptos sin vergenza esto ha sido asi desde que mexico es mexico y que viva el tercer mundo carbon,13,0,1,-0.07692307692307693
5079,zona todos saben que pasa y se hacen pen dejos eso solo por las camaras pero no hacen nada si nunca ,8,1,0,0.125
5080,salio el peine por que llevas atacando de forma sutil al gob pues si te andan financiando el que le ,14,0,0,0.0
5081,verdadero periodismo sabe que tu solo eres una vendida esta viendo isaac montoya como exiben a su po,12,0,0,0.0
5082,presidente con estos poliratas solo es una duda pero que pasa con las personas que les devuelven la ,9,0,0,0.0
5083,obvio pero para mi no por eso pregunto ruabogado le hizo el video a esa morra tienes toda la razon r,12,0,3,-0.25
5084,el miedo y el miedo hacerlo tu aliado no veia a la evis mirar a alguien asi desde mi lalito aqui la ,12,0,0,0.0
5085,a href y la segunda es delfina me encanta tu trabajo sigue asi tines el apoyo de mucha gente excelen,12,0,0,0.0
5086,la mananera para exponer este gravisimo problema con las ratas de los policias extorsionadores muy b,14,0,1,-0.07142857142857142
5087,no se esperaba pero que se necesitaba andele cerditos abusibos les llego la hora br deberias un dia ,12,0,0,0.0
5088,mordiendo a todo ciudadano esta mujer mis respetos porque lo que hace si tiene huevos porque ella lo,8,0,0,0.0
5089,pais donde no valoran la vida muy buen video y otra cosa medio coraje o risa que mandan a elementos ,16,0,0,0.0
5090,que los policias estan para cuidar y mo para cuidarlos entonses porque no sacan a todos esos delincu,12,0,1,-0.08333333333333333
5091,y pongan a otros pero no miedosos se que si da miedo pero no es mas miedo andar cuidandose y mas sig,10,0,1,-0.1
5092,en fin si no nos unimos siempre ba aseguir asi si pero el ciudadano tambien dice de pagar esa multa ,11,0,0,0.0
5093,ejemplo tambien prefiere dar mordida tambien el gobierno no baja el precio de las multas porque le c,11,0,0,0.0
5094,son los policias por que le tiene que cobrar renta de los policias y son de la ciudad de gobierno le,9,0,0,0.0
5095,piensa un poquito mas creo que el de asuntos internos le van a sonar esos telefonos como jamas en vi,12,0,0,0.0
5096,la presidenta por favor esas alcaldesas alcaldesas que nunca caer en likes tienes razon la senora lo,11,0,0,0.0
5097,paran y si de hecho nada mas las mujeres pueden parar se indefifica en la cdmx son verdes creo y en ,10,0,0,0.0
5098,robaron en la noche en la colonia vecina a la que vivo br hasta un policia se subia a mi vehiculo ap,13,0,0,0.0
5099,que se llevaran mi auto los otros policias br tengo videos no se si les ha pasado q te detiene una u,10,0,0,0.0
5100,son los indicados para infracciones entonces se lo comentas y ellos te quieren detener hasta q por r,10,0,0,0.0
5101,puedes ir a href br que lastima que las cosas esten tan mal y en tantos ambitos ojala mas gente este,13,0,1,-0.07692307692307693
5102,iba de puebla a la cdmx traia el carro de la empresa con placas de la ciudad y saliendo de la ultima,13,0,0,0.0
5103,a todos quot trae placas foraneas y no circula quot quot trae placas de la ciudad y no circula quot ,13,0,0,0.0
5104,sentia que me pegaban atras y cuando se acercaron empezaron por amenazar que se iban a llevar el car,12,0,0,0.0
5105,me explicaron cuanto era de multa arrastre corralon etc y les dije quot si esta bien quot no habia g,12,0,0,0.0
5106,una y me dicen quot se va a quedar aqui sola en la nada parada senorita quot les volvi a decir que s,9,0,1,-0.1111111111111111
5107,la empresa que arreglara esto no lo hicieron ya les llame y les valio me dijeron quot ni modo te toc,7,0,0,0.0
5108,pido un uber o le digo a mi familia que venga por mi quot y como vieron que no sacaban nada uno empe,10,0,0,0.0
5109,dijo quot ya vayase quot todos emperrados br y yo asi de quot no por favor llevese el carro al corra,17,0,0,0.0
5110,que si hay una manera de hacer un cambio br yo soy del municipio de chapala jalisco br aqui casi nun,8,0,0,0.0
5111,un trafico mas fluido sino que dejan que unos hagan lo que se les da la gana y tambien andan viendo ,10,0,1,-0.1
5112,minuto a href el motociclista que habla con ruabogado trae tapada la placa en uno de sus numeros par,14,0,0,0.0
5113,en este tipo de casos pues a veces uno no sabe como reaccionar que hasta te piden miles y miles de p,8,0,0,0.0
5114,queria recomendar a levori que es una asociacion de abogados que te responden de inmediato para ayud,13,0,0,0.0
5115,saber a quien acudir y rapido a mi me ayudaron mucho y espero a quien lea esto tambien le puedan ayu,10,0,0,0.0
5116,honestos quien opine lo contrario o es policia o tiene familiares policias jjaja ojala que no nomas ,15,0,0,0.0
5117,dijo no llego sola llegamos todas ayudarle demanda quien esta cargo de esa alcaldia porque ellos sab,12,0,0,0.0
5118,el de arriba por no vivir en el establo de mexico que m ldito gobierno que no sirve para cuidar al c,13,0,0,0.0
5119,que de verdad deberia estar en el poder gracias en verdad por esos bueno videos de lo que realmente ,10,0,0,0.0
5120,de a href chillando y su placa con cinta exhibelo como anda asi esos son los videos que deberias est,11,0,1,-0.09090909090909091
5121,corruptos que perro asco me emperra que uno apenas sale y ellos llegan con sus placas y amenazas exi,13,0,1,-0.07692307692307693
5122,los retiren yo vivo en un condominio que se encuentra a la lateral donde se ponen siempre es de las ,7,0,0,0.0
5123,solo se ponen de un lado porque literal es la frontera entre edomex y cdmx siempre hay gruas y como ,9,0,0,0.0
5124,se agarran de ahi ami una vez unos policias me subieron a su patrulla y me robaron todas mis pertene,12,0,0,0.0
5125,a ver lo de la planta de amoniaco que quieres implantar por favor la adrenalina de ver un transito e,12,0,0,0.0
5126,aveces que voy a monterrey me piden mordida por placas de usa aunque tenga toda mi documentacion y p,12,0,0,0.0
5127,es estupidez facts en naucalpan br en tlalnepantla br en tultitlan br en cuautitlan br en ecatepec b,20,0,0,0.0
5128,de covarrubias br hay policias hombres y mujeres que solamente se dedican a robar y extorsionar a lo,15,0,0,0.0
5129,les roban sus pertenencias br br arriba el rua abogado br abajo la policia corrupta en periferico y ,16,0,0,0.0
5130,al las camionetas qu se meten a carriles de el periferico pero metro aseela te pusieron unos tambos ,15,0,0,0.0
5131,si puedes ir eva es en la tarde ami le toca ver a da hora que regreso a mi casa a href en nuevo leon,10,0,0,0.0
5132,las madrugadas el reforzamiento de fuerza civil en nuestro estado solo ha aumentado la corrupcion y ,11,0,1,-0.09090909090909091
5133,grandes de las redes eva maria y ru abogado gracias a ambos por su gran labor social hacen falta mas,12,0,3,-0.25
5134,soltar al leon bien dicen a informacion es poder y si la ley es el ratero con quien nos quejamos hay,12,0,1,-0.08333333333333333
5135,segun yo es al reves el cobarde vive hasta que el valiente quiere pero y ya con videos y pruebas del,10,0,0,0.0
5136,nada busque un lugar en la mananera y al menos que se sepa de que lado estan las autoridades federal,10,0,0,0.0
5137,las croacas que el gobierno sabe que estan abiertas pero ignora de verdad ya no se sabe que onda o p,8,0,0,0.0
5138,tiene que hacer limpieza de toda esa asquerosidad de extorsion se que ni lo hace xq ella participa d,9,1,2,-0.1111111111111111
5139,la expresion pero hay personas como el lic que quiere hacer las cosas biennnn y esta su vida de por ,10,0,0,0.0
5140,los dejan hacer las cosas correctamente entonces mi pregunta es para que esta la ley bendiciones evi,11,0,0,0.0
5141,y hacen un grupo blindado civil de abogados contra la corrupcion porque no hay uno o muchos como el ,10,0,1,-0.1
5142,puede controlar a sus perros br y si tu salieras con unos pitbull y mordieran a alguien quien seria ,13,0,0,0.0
5143,entonces br pura ineficiencia y corrupcion saludos al abogado ru gracias por alzar la voz colaboraci,17,0,2,-0.11764705882352941
5144,el ano pasado viaje a taxco y de regreso en el libramiento de toluca me pararon dos policias del est,13,1,0,0.07692307692307693
5145,las placas le comente que la iba a quitar y que si era infraccion me levantara infraccion en ese mom,9,0,0,0.0
5146,dia de hoy era martes porque en julio habia iniciado ese programa en el valle de toluca total me est,8,1,0,0.125
5147,detuve en una gasolinera y mi carro no circula el jueves en fin parte de la culpa fue mia por no rev,9,0,0,0.0
5148,crossover perro me encanta el trabajo que hacen pero sean coherentes eva vas manejando y vas rompien,15,0,0,0.0
5149,mano y manten las manos en el volante pon atencion en deja de estar viendo al abogado cuando platica,15,0,0,0.0
5150,abogado te apollamos que cada oficial traiga camara asi como en san pedro garza garcia nl ru abogado,18,0,0,0.0
5151,comunidad mis respetos a su labor un diez para estos youtubers excelente trabajo ellos si trabajan n,9,0,0,0.0
5152,maria y al abogado en accion woow que buena combinacion aca en guatemala estamos igual de mal con la,15,0,1,-0.06666666666666667
5153,regalada para deshacerse de esa kgada y no hacen nada a veces nos toca hacer las cosas con miedo per,7,0,0,0.0
5154,de la cdmx no es confiable y tiene un porcentaje minimo de aceptacion la policia del edo de mex es m,11,0,0,0.0
5155,es pesima ya es hora de ir a una mananera y en verdad cuestionar uff un shipeo de eva y ru perfecta ,16,0,1,-0.0625
5156,de mexico hechenles gasolina y ya saben si por tanto tiempo lo estan asiendo porque no se unen mas p,9,0,0,0.0
5157,no solo cusndo hay camaras gran video es muy simple arreglar ese problema y muchos mas y se llama ca,13,2,0,0.15384615384615385
5158,con la tecnologia que existe es muy sencillo y barata para los gobiernos antes si ponemos a usa como,7,1,0,0.14285714285714285
5159,policias existian muchos problemas sobretodo desacuerdos personales pero eso ha ayudado a resolver m,13,0,0,0.0
5160,politicos y le han ofendido puestos importantes porque no empieza con una propuesta de ley en todo e,11,0,0,0.0
5161,seran favorables alguien noto en el minuto que el de la moto tiene la placa tapada con cita de aisla,16,0,0,0.0
5162,atlacomulco la colaboracion animo a ambos felicidades no tengamos miedo br adelante unidos solo junt,17,0,0,0.0
5163,son leyes secundarias br la constitucion te respalda br ninguna persona puede detenerte sin flagranc,15,0,0,0.0
5164,publica puedes grabar con tu telefono si te lo quitan es un robo br si no te devuelven tu licencia o,13,1,1,0.0
5165,la mayoria br cuando voy a mexico se suben al camion a cobrarnos por pasar ami me estafaron con mil ,14,0,0,0.0
5166,camioneta ojala se haga viral y lo muestren en las mananeras nosotros fuimos a mexico y antes de ir ,12,0,0,0.0
5167,nos paro un transito y dijo que no podiamos circular y que nos llevarian al corralon nos pedia mil y,11,0,0,0.0
5168,parecia malandro hasta llevaba collares dorados anillos y reloj dorado y hablaba super mal nos dio u,17,0,1,-0.058823529411764705
5169,cuando llegamos a la cdmx nos volvieron a parar y nos dijo que ahi era otra jurisdiccion y nos volvi,11,0,0,0.0
5170,verdad intentamos decirle que era un delito pero se ponen muy agresivos quedamos con una muy mala ex,10,0,0,0.0
5171,una vez les a pasado que tristeza la verdad pero dicen fuentes cercanas que a ellos les piden una cu,9,1,1,0.0
5172,y entrar al estado sin duda es otro mexico esta lleno de hoyos profundos y grandes es super peligros,13,0,3,-0.23076923076923078
5173,moto nadie utiliza casco y hay ninos arriba de las motos el estado necesita inversion en calles y so,12,2,1,0.08333333333333333
5174,es que los de antes fueran diferentes pero no estas autoridades llegaron para quot cambiar quot las ,12,0,0,0.0
5175,estas muy fresca para entrevistar ponte a trabajar en otro jiro extorsionadores con placa ni mms mul,14,0,0,0.0
5176,broncas muuuuuchas broncas terminaron la secundaria que apenas saben leer y escribir que sus opcione,13,0,2,-0.15384615384615385
5177,con uniforme a etas alturas de todo lo que se ha visto del gobierno y de los servidores publicos la ,8,0,0,0.0
5178,que durante el mundial los policias haran sus mordidas a extranjeros br y de mi se acuerdan cuando p,12,0,0,0.0
5179,que vienen que huevos felicidades y estos pseudopolicias es un sistema de corrupcion que tan podrido,12,0,1,-0.08333333333333333
5180,gente se unio alla en cancun para defender a un connacional se deberia actuar en estas situaciones d,13,0,1,-0.07692307692307693
5181,la mirada hacia otro lado no se arregla nada esa es la cara de la corrupcion mas visible la que no v,8,1,1,0.0
5182,se roba que poca madre de funcionarios publicos de mexico a href digale senora si chayotito evaaaa c,15,0,0,0.0
5183,social darle mas visibilidad y que podamos contribuir mas eso no es triste es tener poca madre tanto,13,1,1,0.0
5184,aca en sinaloa es peor para ser exactos en el norte del estado aca me golpearon entre policias me qu,13,0,0,0.0
5185,videos todo por que no les quise dar mugres pesos y todavia te amenazan con entregarte a la mana tod,12,0,0,0.0
5186,en texcoco en el estacionamiento de una feria muy conocida a los dos dias fui a rectificar la denunc,9,2,0,0.2222222222222222
5187,carpeta de investigacion y las fotos se me hizo muy extrano que fueran tan eficientes el problema es,10,0,0,0.0
5188,y no lo he podido recuperar por que tarda mucho la hoja de cancelacion y mientras tanto mi auto esta,9,0,0,0.0
5189,estado esta mi auto y aumentando los dias de corralon sufri un robo y no me brindaron nunca la atenc,12,0,1,-0.08333333333333333
5190,ocurriera todo lo antes dicho eso es todo eva y abogado uno esta arto de las ratas y mas cuando trae,9,0,1,-0.1111111111111111
5191,los ciudadanos no dejarse intimidar al lado del policia ellos viven nosotros dormimos antes decir qu,13,0,0,0.0
5192,ya hasta nos dan vergenza loque dice quiero pensar que es funcionario pero como dicen perro no come ,13,0,0,0.0
5193,todos los policias que han exhibido a cuantos si han procesado y dados de baja de su corporacion por,9,0,0,0.0
5194,registro si los han denunciado y si han sido procesados o dados de baja esos seria interesante saber,11,0,0,0.0
5195,que en los videos de eva no me sale la opcion de hypear que raro no que un mexico sin hambre gracias,12,0,0,0.0
5196,en auto a la cdmx por trabajo paseo o visita a familiares o regresamos a nuestros destinos y tenemos,11,0,0,0.0
5197,de otros estados estos delincuentes con disfraz de policia te detienen hasta en filita de autos todo,12,0,1,-0.08333333333333333
5198,regla te envuelven en sus mentiras y amenazas te amedrentan y extorsionan ya con que lleves tu pase ,14,0,1,-0.07142857142857142
5199,y asaltarte todo esto ocurre desde que entras por la caseta de tepozotlan y hasta las torres de sate,11,0,0,0.0
5200,circule en esa lo ve es un descaro en el que operan esas bandas de asaltantes en total impunidad hay,12,0,3,-0.25
5201,tlalnepantla y naucalpan si no me equivoco ojala las autoridades hicieran algo para extirpar ese can,11,0,0,0.0
5202,edomex que conecta con la cdmx uno pierde tiempo al estar detenido queda expuesto a que un auto por ,12,1,2,-0.08333333333333333
5203,de alta velocidad tu familia se espanta al quedar rodeada de quot policias quot con la cara tapada q,17,0,0,0.0
5204,con nuestros impuestos esos son servidores publicos solo estan cazando victimas y extorsionando solo,12,0,1,-0.08333333333333333
5205,de mexico al parecen no hacen nada cada uno de esos asaltantes delincuentes disfrazados de policias ,13,0,2,-0.15384615384615385
5206,se la voz de tanta gente que ha sido extorsionada y asaltada en ese tramo maldito del estado de mexi,10,0,0,0.0
5207,de verdad el el colmo a lo q hemos llegado ahora la gente tiene q cuidar a los policias que no era a,7,0,0,0.0
5208,les apoya bravo de verdad que buen programa muy buena colaboracion todos estan coludidos jajajjajaja,11,1,0,0.09090909090909091
5209,de corrupcion eva te admiro mucho como persona y profesionalmente considero que eres de las pocas pe,12,0,1,-0.08333333333333333
5210,a dia br por favor ayuda a difundir lo que sucede en topolobampo sinaloa o lo que sucede en playa co,13,0,0,0.0
5211,seguir visibilizando estas problematicas que efectan a todos y continuar alzando la voz br saludos e,15,0,0,0.0
5212,es el proposito de tus videos aveces pienso que son para informar y para educar al espectador en dif,12,0,0,0.0
5213,el microfono en mano y entonces cual es realmente tu mision crear contenido solo para generar porque,11,0,0,0.0
5214,hecho al manejar asi actuas igual a las personas que estas denunciando y luego lo pones en tus video,7,0,0,0.0
5215,transito ya que lo haces a menudo mi intencion no es agredirte solo quiero llamar eso a tu atencion ,10,0,1,-0.1
5216,ti y los demas entonces porque lo haces vengan a los retenes de huixquilucan en contra de las motos ,7,0,0,0.0
5217,el crossover que no sabiamos que necesitabamos te amo eva a href woooooooooow jamas olvidare esta co,17,0,0,0.0
5218,besos mr doctor caballero gus octava letra arqui juve jimmy pongamos lo a prueba y que luisito comun,18,0,0,0.0
5219,noooooo hay que darle de vaja a esos polis piso saludos eva me encantan tus videos pero se dice leer,14,0,1,-0.07142857142857142
5220,lo dijo obrador no carlos manzo se ve su lado panista mi heroe ese compa bendito naucalpan ru abogad,18,0,0,0.0
5221,es un asco mas videos reales como este ojala la sociedad despierte no conocia a este invitado comenz,15,0,0,0.0
5222,tu valiente colaborador que participo contigo cuidense ya dejen de nombrarles oficiales a los polici,16,0,0,0.0
5223,a las corporaciones policiacas y de transito hoy estas corporaciones eatan conformadas por una total,12,0,0,0.0
5224,estos delincuentes porque no lo son yo no entiendo como tanta gente salio ayer a escuchar a la chesp,10,1,1,0.0
5225,vivo en el extranjero pero hay que protejer a este youtube a como de lugar al percatarnos de estos a,9,0,1,-0.1111111111111111
5226,pasarse de verga hay que ayudar y documentar por lo menos es quiza mas indignante quedarnos mirando ,12,0,0,0.0
5227,al ver lo que esta sucediendo muy buen video eva mi admiracion para ustedes dos mexico necesita de a,14,0,0,0.0
5228,abogados y si se debe de perder esa costumbre que ses normal que te pidan mordida en todos lados que,14,0,0,0.0
5229,sur en el puente que cruza a punta norte se ponen los de tlalnepantla o pasando la entrada de vallej,15,0,0,0.0
5230,como que aveces le creo al ruabogado pero aveces no criminales con uniforme eso es lo que son los po,8,0,1,-0.125
5231,veo policias en la calle siento lo contrario a seguridad esta para darles billetes falsos huy no los,16,2,0,0.125
5232,con ellos hasta que el pueblo se deje y hagamos algo juntos juntos vs la corrupcion ahi en el cruce ,13,0,1,-0.07692307692307693
5233,en semaforo verde se paran enfrente de los carros para generar el caos y agentes de transito los apo,13,0,0,0.0
5234,los policias de cualquier estado ruabogado me parece un heroe de la vida real es increible que siga ,10,0,0,0.0
5235,celular lamentablemente sin su fama estamos vulnerables a cualquier cosa y ahora imaginense que la g,12,0,0,0.0
5236,porqueria son unos lacras y delincuentes hay que tener cuidado que gran analogia el trigre esta desp,14,0,1,-0.07142857142857142
5237,maestro de leyes esta excelente haora si vere tu video ya paga el pan verdad eva todos aplaudiendo p,13,2,0,0.15384615384615385
5238,se sabe la ley y el gobierno a cualquier pe jo le da licencia sin examen de manejo y teorico por lo ,11,0,0,0.0
5239,dar dinero mas de un cuarto de millon de personas han visto este video como para que atiendan el dec,11,0,0,0.0
5240,el asunto de la corrupcion la gobernadora ja deberia hacerlo triste realidad el estado de mexico no ,12,0,2,-0.16666666666666666
5241,me quitaron en una sola parada ya aprendan las nombradas policias han sido son y seguiran siendo aut,12,0,1,-0.08333333333333333
5242,todas razones no se acaba la delincuencia son estas dantescas bandas de delincuentes con licencia ca,14,1,2,-0.07142857142857142
5243,desvalijan a los automoviles en las colonias asaltan a los transeuntes roban casas estan operando si,13,0,0,0.0
5244,quitan las placas eliminan sus identificaciones y vamonos para atracar a la ciudadania colocan sus n,16,0,0,0.0
5245,ano con los delincuentes ex presidentuchos civiles hemos estado en total des gobernabilidad sin cont,14,0,1,-0.07142857142857142
5246,texas con mi camioneta y estaban parando a todos los autos foraneos en el circuito exterior arriba m,11,0,0,0.0
5247,deberian tambien investigar a las rutas porque por la zona en horas conflictivas siempre aparecen qu,16,0,0,0.0
5248,las combis y siempre terminan haciendo mas caos la extorsion ya es delito grave que esperan las auto,13,0,2,-0.15384615384615385
5249,por que no se pueden hypear estos videos policias y transito ya deben portar camaras corporales y si,11,1,0,0.09090909090909091
5250,ciudadano puede demandar al momento cambien las leyes para que si alguien comete una infraccion solo,11,0,0,0.0
5251,a estos raterazos shipeenlos increible que en vez de que la policia te cuide te tienes que cuidar de,13,0,0,0.0
5252,desde las vegas ojala le puedas mandar saludos y decir q es el programa favorito d las vegas le enca,12,1,0,0.08333333333333333
5253,vean gracias eva lleven este tema a la mananera ya urge por el bien de mexico no sabia que nuestro p,11,0,0,0.0
5254,mas altos niveles y la ciudadania tiene que unirse los web t s de este par casate conmigo evaaaaa al,14,0,0,0.0
5255,un manual instrucciones y el que precisite alcanza con el apoyo de todos mandamos a quien sea muy bu,10,0,0,0.0
5256,que a un delincuente me han robado mas los policias que los rateros sin placa gracias por darle visi,13,1,3,-0.15384615384615385
5257,de gobierno pero no de manas ayudemos y denunciemos en instancias correspondientes hola como estas e,14,0,0,0.0
5258,ver un poquito mas aya y no conformarme con un relato de la television gracias por tan buen contenid,13,0,0,0.0
5259,el poder herencia maldita tanta pinche evidencia y las autoridades lo ignoran acuerdense lo que les ,11,0,1,-0.09090909090909091
5260,semejante corrupcion ya basta el policia br corre pocoyo es una carrera corre pocoyo que despidan lo,18,0,1,-0.05555555555555555
5261,deberian quitar a los viene viene que estan en ese semaforo siempre esta hasta la madre por esos wey,12,0,1,-0.08333333333333333
5262,y cuando les dije que no traia dinero me dijeron no te preocupes ahi hay un cajero frente de mi desg,11,0,0,0.0
5263,lo mismo y pueden hacer lo que quieran cuando te paran sin razon la evis dando voz a los que no nos ,9,0,0,0.0
5264,comentan haya policias buenos todos son unos lacras pince lacras muertos de ambre pt chido la delicu,18,0,2,-0.1111111111111111
5265,por que los servidores publicos usan cubre boca y por que el gorbinerno no les pones una rgla sobre ,9,0,0,0.0
5266,esten las mochadas no cambiara la situacion nadie qiere qitar eso no le dedican nada de menos poner ,10,0,0,0.0
5267,pero nada br mucha gente tiene qe pasar por ahi viniendo de fuera y no saben qe hacer br la otra tie,10,0,0,0.0
5268,la primera ya te estaran esperando mas adelante otros malandros en tecamac estado de mexico igual ha,11,0,1,-0.09090909090909091
5269,colaboracion que huevotes los de ru wowww ya es momento de levantar la voz vamos mexico oye que buen,13,0,0,0.0
5270,son unos angelitos yo sigo insistiendo el gobierno no nos obliga a ser asi seamos honestos la gente ,10,0,0,0.0
5271,href el pueblo cambiara su mentalidad sin importar que gobierno venga seria la gran diferencia trist,14,0,0,0.0
5272,oficial que se quedo ami me pidio mordida estan mas pendientes de los engomados papeles es muy compl,14,0,0,0.0
5273,en las fiscalias y tribunales consejo no te pares consejo no te pares jaja asuntos internos tambien ,16,0,0,0.0
5274,un constante reten que detiene carros de carga y los oficiales de transito de llevan con los de asun,14,0,0,0.0
5275,darles pauta a los policias y tener todo en regla ees muy buena gente el ru de muy buen corazon cuid,11,0,0,0.0
5276,serio por eso estamos como estemos es una vergenza dejen de ser agachones carajo por eso nos hacen l,10,0,0,0.0
5277,abogado estamos contigoo yo digo que ru abogado como presidente y haga una cecot para corruptos en c,14,0,0,0.0
5278,sea siempre hay un transito con un carro parado si te interesa es abajo de la preparatoria cuernavac,14,0,1,-0.07142857142857142
5279,mi barrio tacubaya admirable reportaje eva siempre sera excelente la visualizacion de las pseudo aut,14,0,0,0.0
5280,sujeto ahi andaba muy cercano a la corrupta sandra cuevas y ahi no anda senalando corruptelas ni dic,19,0,0,0.0
5281,mil respetos para ti eva nueva face en tu carrera has colaboraciones con gente que quiera cambio y e,14,0,0,0.0
5282,en su andar asi que ese senor no es un ejemplo gracias por compartir y hacer esto mexico lo pide a g,11,0,0,0.0
5283,perpetua a todo servidor publico diputados funcionarios para todos falta una limpia en mexico el pro,15,1,4,-0.2
5284,mantienen alrededor de ella y no dejan que nadie se acerque para hacerle llegar propuestas o exiguir,11,0,0,0.0
5285,ella y lo que encontre fue un muro que la rodea es decir nadie se puede acercar a menos que esos des,8,0,0,0.0
5286,no es en las calles donde se resolvera el problema los mandos les piden a sus criados motos diarias ,13,1,0,0.07692307692307693
5287,toda esta informacion no esperaba esta colaboracion con el maestro a href son las personas que debem,16,1,0,0.0625
5288,y no por narcos me encanto tampoco idealicen a este abogado ya esta buscando un lugar en la politica,10,0,1,-0.1
5289,podrido y no tiene solucion que valor de estos dos dios los cuide en verdad bienvenidos a r u i d o ,10,0,0,0.0
5290,es un individuo que tiene mucho pero mucho respeto entre la estado de mexico que dios les bendigan s,9,0,1,-0.1111111111111111
5291,inoperante delfina gomez el pueblo tiene el gobierno que merece todo por dejarse vender por unas tar,19,0,1,-0.05263157894736842
5292,mejor vayan a ponerle aceite a esas bujias que rechinan demaciado lo mejor de todo es que levantas l,10,0,0,0.0
5293,por el gobierno hermoso que tenemos que permite que operen asi ru se queja de los policias corruptos,13,0,0,0.0
5294,grabenlos y subanlos siempre el policia llamen a la policia todos los buenos no quieren tener nada q,9,0,0,0.0
5295,momento de votar que ser humano tan admirable excelente colaboracion muchas gracias que bonito que m,18,0,0,0.0
5296,sacando eva ese ru abogado tambien se pasa de mamon en sus videos el otro dia choco contra una patru,14,0,0,0.0
5297,vistas yo vivo en tlatelolco en el juarez y en la calle lerdo en la esquina del parque la pera se po,15,2,0,0.13333333333333333
5298,motos casualmente siempre se ponen en quincena y levantan ilegalmente motocicletas agrediendo a deli,15,0,0,0.0
5299,me da muchisimo coraje e impotencia que hagan esto de manera ilegal porque muchas veces les he pregu,9,1,0,0.1111111111111111
5300,son y lo unico que hacen es ignorarte eso si luego aparecen con motos de diferentes modelos pintadas,11,0,0,0.0
5301,que iban a agarrar a alguien en el video me da un asco que amigos que tengo donde vivo me digan que ,11,0,0,0.0
5302,decirles que de quien deben cuidarse mas es de la policia verdaderos heroes que visibilizan la corru,12,0,1,-0.08333333333333333
5303,soy de tepic nayarit y solo en diciembre he visto que quieren cobrar y sacar el aguinaldo triste per,14,0,0,0.0
5304,no inventes los de asuntos internos se ven peor que los policias la mejor colaboracion los mexicanos,12,0,0,0.0
5305,esperando que pase un milagro para que el pais cambie no hagan nada gracias por dar visibilidad a lo,14,1,0,0.07142857142857142
5306,mucho eres una comunicadora como pocas grande eva grande rau abogado excelente contenido mi respeto ,13,0,0,0.0
5307,las quot autoridades quot hay amiga a buen arbol te arrimaste ese abogado esta mas coludido con lo l,15,0,0,0.0
5308,invitados tremendos webos s esta es la delincuencia uniformada mi duda porque no vivo en el pais es ,10,0,1,-0.1
5309,policia ande quot cazando quot o tmb andan parando gente sin que hayan hecho algo malo te admiro muj,19,0,1,-0.05263157894736842
5310,pagas el brinco no hay forma de que tu coche pase asi este funcionando al me encantaria que te diera,13,0,0,0.0
5311,de la planta de amoniaco que van a poner cerca de la ciudad de los mochis despierta mexico el gobier,10,0,1,-0.1
5312,q ampollarlos a estos youtubers le tengo mas miedo a los policias que a los propios rateros de verda,9,0,2,-0.2222222222222222
5313,x que parar pero siempre es ala mala y te intimidan investinguenlis con las tarjetas cuando la gente,12,0,1,-0.08333333333333333
5314,la policia municipal y estatal es una practica protegida por los mandos superiores y la gobernadora ,16,0,0,0.0
5315,economicos nadamas recuerden que cundo fue presidenta de texcoco a los empleados del ayuntamiento le,13,0,0,0.0
5316,medios electronicos y basta ver este video para corroborar los hechos br br ojala garcia harfuch imp,16,1,1,0.0
5317,los catalogo como el cartel de placa y uniforme br br es importante senalar que los afectados no den,15,0,0,0.0
5318,revisar sus documentos les sacan foto br br y la gobernadora no hace absolutamente nada no deben de ,12,0,0,0.0
5319,de los ayuntamiento y las gruas y no cobrar dependiendo pero claudia jura que es una maravilla todo ,12,1,0,0.08333333333333333
5320,atender en flagrancia este licenciado deberia de ser gobernador del edomex o postularse a la preside,14,0,0,0.0
5321,protegernos y salvaguardar nuestras vidas que detengan a los verdaderos rateros a los extorsionadore,14,0,1,-0.07142857142857142
5322,mexico es un pais hermoso para que alguien lo venga a destruir br ojala termine morena y llegue uno ,15,0,1,-0.06666666666666667
5323,mujeres como hombres tenemos derecho a ser escuchados todas las autoridades son lo mismo guardia nac,15,0,0,0.0
5324,no lo voy a senalar porque caeria en algo que no debo pero tengo una duda por que la constante es qu,9,0,1,-0.1111111111111111
5325,rostro tapado mejor dicho no se supone que hay reglamentos y que un ciudadano siempre tiene que pode,11,1,1,0.0
5326,exactamente a la lopez portillo hay una bola de ratas de policias el gobierno esta coludido nunca le,12,0,1,-0.08333333333333333
5327,siempre actuan ala mala se llevan mas al dia facil esto es lo mismo que hace donal trump con cualqui,12,0,0,0.0
5328,lucro personal el mejor corssover ese de asuntos internos pues de que sirven si esto tiene anos eso ,9,0,0,0.0
5329,tienen su verificacion o su auto en regla pues obviamente que tambien son complices z tienen patrull,12,0,0,0.0
5330,exigen cuota diaria asi ha sido siempre y asi seguiran las cosas supervisores pues ni sus luces y es,10,1,1,0.0
5331,pidiendo mordida apenas llevo el intro y ya traigo un coraje br br te queremos mucho eva que se pued,14,0,1,-0.07142857142857142
5332,arriba te quiero mucho nuestra nueva cristina pacheco beristain felicidades por su loable labor aunq,11,0,0,0.0
5333,asi mismo del quot mochada quot a su superior jerarquico por haberla del como ellos lo dicen del quo,12,0,0,0.0
5334,reporto osea es un cuento de nunca acabar supongo que la unica medida es reformar las medidas de for,14,0,0,0.0
5335,sino como dice el lema quot que la ciudadania os lo demande quot pero ya con sus propios medios a qu,13,0,0,0.0
5336,te bendiga yo tambien admiro al ru abogado br saludamelo y los tkm a los dos deberian de ir tambien ,11,0,0,0.0
5337,libre de la mexico pachuca a la altura del vigilante y del lado rumbo a martin carrera yo se que no ,10,0,0,0.0
5338,unos descarados estos si son videos ojala y te des una vuelta por nezahualcoyotl calle siete y sanju,14,1,0,0.07142857142857142
5339,la central de abastos evaaaaaaaa ayudanoooossss porfaaaaa necesitamos darle mas difusion a lo que es,14,0,2,-0.14285714285714285
5340,grande de contaminacion y el lugar donde la estan haciendo es lugar protegido estamos en una bomba d,11,0,2,-0.18181818181818182
5341,tiene canal de youtube que asco que los moto ratones nadamas se la pasan extorsionando a los ciudada,14,0,0,0.0
5342,vine haberlo por tu abogado facil fuera las multas y asi terminamos con la corrupcion los que vamos ,14,0,1,-0.07142857142857142
5343,parando a alguien de la nada eso si a camiones y motos jamas y en las calles del glorioso atizapan a,11,1,1,0.0
5344,siguen igual son asquerosos por lo menos el lic es util para los que manejan en el edomex aqui en la,10,0,0,0.0
5345,nina llamado super civico no voy a desir q no hay corruption si la hay pero de otra manera desafortu,12,0,0,0.0
5346,tenia los huevos en la garganta del susto al final si se bajo a la entrevista si estan ayudando ayud,11,0,0,0.0
5347,corruptos porque los comandantes son los que generan esto y no es un solo comandante tambien el m p ,9,0,0,0.0
5348,con sus vehiculos y la forma de conducir para evitar multas conocer del reglamento para que no los s,11,0,0,0.0
5349,que empezar a hacer estas cosas no me gusta desconfiar de las autoridades pero esta bien sospechoso ,10,0,0,0.0
5350,se dice por ahi aqui in us no exist eso or robos in carreteras or coffee shops puede uno salir al co,12,0,1,-0.08333333333333333
5351,asta ahprita q yo sepa no a susedido in la excelente youtuber eva y excelente abogado me guardan al ,15,0,0,0.0
5352,cierto gran video y gran colab me encanta este video felicidades por todo este trabajo que verguenza,12,0,0,0.0
5353,igual somos mas mal di tas ratas es instruccion que viene desde jefatura de gobierno un jugoso negoc,15,0,2,-0.13333333333333333
5354,esas caras ese actuar br de hecho mi familia no va al estado de mexico por que el problema son los p,11,0,1,-0.09090909090909091
5355,un duo unico eva y rua eres unica eva te admiro y te respeto gracias por hacer esto estos mendigos r,15,0,0,0.0
5356,lugar donde hay disco de no estacionarte para que no quiten la placa les tienes que dar minimo no so,9,0,0,0.0
5357,los pararon el otro dia frente a parque delta y no eran policias de trancito y esos diario estan ahi,9,0,0,0.0
5358,hay muchos elementos policiacos corruptos la culpa la tienen todos aquellos quot buenos ciudadanos q,11,0,0,0.0
5359,hace mas facil dar el soborno que ir a denunciar la extorsion de la que son objeto si todos ellos de,9,0,1,-0.1111111111111111
5360,desde arriba no somos ingenuos muy buen video ojala el gobierno hiciera algo cuando arturo el negro ,12,0,0,0.0
5361,corrupcion en las corporaciones policiacas no importar lo que digan hay que denunciar grabar y expon,13,0,2,-0.15384615384615385
5362,si no existe la infraccion la inventan uff es lo de diario en el edomex en nuestro canal tenemos doc,11,0,0,0.0
5363,gobiernos de tlalnepantla atizapan izcalli y naucalpan se deslindan pero las imagenes son indefendib,15,0,0,0.0
5364,e ineficientes mexico el pais donde el crimen es la autoridad y el gobierno federal top crossovers m,14,0,1,-0.07142857142857142
5365,los moches o el lo a permitido pero no hay peor ciego que el que no quiere ver disfruten lo votado m,10,0,2,-0.2
5366,nuevo prian el pelon de lentes no est bien uniformado no esta su placa de identificacion ni su nombr,15,0,2,-0.13333333333333333
5367,tu o l avogado please en puente blanco valle de chalco mucha extorcion por alla ve a darles luz por ,18,1,0,0.05555555555555555
5368,x aser estas denuncias yo lo digo in mx la corruption esta en todos los niveles i mas en los servisi,11,0,0,0.0
5369,nombre mientras no pasara nada solo los cambian de sector este video pasara si ningun cambio los man,14,0,0,0.0
5370,trabajando con extorcionadores ya te vendiste ese wey ni abogado es pero bueno no todo es perfecto d,9,0,0,0.0
5371,ir a los hospitales generales en mexico en verdad deberian ir si asi de quot eficientes quot fueran ,12,0,0,0.0
5372,menor para atrapar a los verdaderos delincuentes seria de los paises mas seguros en el mundo pero es,13,0,2,-0.15384615384615385
5373,el ru abogado apoyando abiertamente al pan en no lo hace por ser ciudadano se esta candidateando jaj,11,0,0,0.0
5374,empleado cuando era presidenta municipal jajajaj el de asuntos internos se ve mas corrupto que sus c,13,0,0,0.0
5375,gobierno desarmando al pueblo que tristeza que todo nuestro pais es una porqueria grasias eva por es,10,0,0,0.0
5376,se el protocolo para denunciar atte el poli apoyenme dandole like para que eva lo vea br br eva por ,15,1,0,0.06666666666666667
5377,ecatepec operan con total impunidad extorsionan a la sociedad y les siembran quot evidencias quot pa,14,0,2,-0.14285714285714285
5378,ser ministeriales tienen mas poder para ejercer control sobre la situacion collelle collelle disculp,12,0,0,0.0
5379,que ahi en mexico sea tan asi la policia br mis ganas de ir a visitar bajan y bajan cada vez mas br ,12,0,0,0.0
5380,ah pero la corrupcion ya termino verdad muy bien por ti eva maria estamos contigo eres una mujer val,14,0,2,-0.14285714285714285
5381,mana con placa bien por el lic rub dios lo proteja y ojala haya muchos como el mexico seria otro no ,11,0,0,0.0
5382,de corrupcion y todo lo que escala el policia en vias se justifica de las cuotas que le deben report,11,0,1,-0.09090909090909091
5383,corrupcion a aumentado exponensialmente poner foco y dejar de ser indiferentes a problemas que de mu,13,0,1,-0.07692307692307693
5384,estado de mexico son un lastre social son corruptos a mas no poder por ejemplo extorsionan a conduct,11,0,0,0.0
5385,criminales etc hasta cuando va a soportar la ciudadania a esa policia que en en vez de proteger exto,12,0,1,-0.08333333333333333
5386,y seguro poco a poco se iria corrigiendo ru abogado deberia tener algun numero de telefono de tv azt,14,0,0,0.0
5387,ya ha expuesto muchos casos de corrupcion y no pasa mas que de quot suspensiones quot imaginense si ,12,0,1,-0.08333333333333333
5388,las personas que no pudieron grabar o no tuvieron el dinero para salvarse saludos raza no se dejen y,11,0,0,0.0
5389,piel cuando veo este comportamiento de los officiales en ny era igual y los cuidadanos demandaron ju,14,0,1,-0.07142857142857142
5390,up por un mexico mejor y ahora la gn ahora por donde voltees te van a extorsionar en carreteras nego,12,0,1,-0.08333333333333333
5391,politico estoy totalmente en contra de la corrupcion y del gobierno que lo permite pero hay una real,11,0,2,-0.18181818181818182
5392,asi como cazan a los policias que quot extorsionan quot tambien vayan a por los quot ciudadanos quot,13,0,0,0.0
5393,de los casos todos sabemos que empieza con un quot echeme la mano poli quot quot uno gordito moreno ,16,0,0,0.0
5394,rateros con uniforme el ru es lmrv gracias por mostrar la verdad y ten cuidado nina es peligroso ya ,15,0,2,-0.13333333333333333
5395,es malisimo p d ati si te creo a la policia gobierno y television no les creo nada etiquetemos a la ,12,0,0,0.0
5396,ruido social con ru abogado ojala todos los q sufren extorciones fueran a denunciar y hay q educarno,14,0,0,0.0
5397,son escoria y ellos creen que se benefician pero en realidad son personas que tienen muy poca valia ,12,0,0,0.0
5398,de estos ratas con uniforme y estos gobiernos que prometieron cambiar las cosas estan peor el transi,10,0,1,-0.1
5399,iba conduciendo desde queretaro y me detuvieron les mostre mi pase turistico la policia queria averi,13,0,0,0.0
5400,habia ningun problema que podia seguir jeje muy amables eran sus jefes de poner un alto de las polic,13,0,0,0.0
5401,pidiendo la mordida corruptocion todo mexico sabe que la policia solo se dedica a la extorsion ya ha,13,0,1,-0.07692307692307693
5402,consecuencias pobre wey subversivo frustrado a href invitelo es impresionante como ruido social en v,17,0,0,0.0
5403,felicidades eva gran proyecto darles duro extorsionandores de los policias municipales estado de mex,16,0,1,-0.0625
5404,es el pais mas corr upro del mundo no es posible este pseudoabogado esta a favor de los linchamiento,10,0,0,0.0
5405,ley que no es abogado bendiciones br sientete intocable br desafortunadamente la situacion con los h,16,0,0,0.0
5406,como daniel aun entre el fuego soy intocable br lo mismo para ti ruido social falto la direccion par,15,0,0,0.0
5407,bien que hayas evidenciado eso por que el presidente municipal de naucalpan isaac montoya ayyyy mexi,16,0,0,0.0
5408,de verdad que verguenza de ber como los que nos deberian de cuidar nos chingan que poca madre esos p,11,0,0,0.0
5409,un policia lacra o un abuelo policia lacras o un papa policias lacras que verguenza de verdad que ve,18,0,1,-0.05555555555555555
5410,a ruido social todos los ciudadanos deberian procurar tener una camara en su automovil grabar lo que,13,0,0,0.0
5411,te pare un trabsito hay lentes con camara hoy en dia todo se puede evidenciar saludos r que si tiene,13,0,0,0.0
5412,esta bien en sue estado mexico que verguenza con toda la policia del estdo de mexico son corruptos i,11,0,0,0.0
5413,que es esa mamada de que los oficiales tienen que llevar una cuota diaria para que para quien o de p,7,0,0,0.0
5414,gobierno y menos de los policias por lo visto son unos puercazos esos policias extorsionadores del e,11,1,0,0.09090909090909091
5415,para ocultar el asesinato que cometieron todo mi reconocimiento a ti eva y a este colega ruben arenz,11,0,1,-0.09090909090909091
5416,buena alcancia la corrupta incompetente de la gobernadora delfina gomez alvarez del partido morena p,14,0,0,0.0
5417,estan en tu quot amado estado de mexico quot no en mexico pais y luego nos enojamos por q un extranj,12,0,0,0.0
5418,tan facilidad q mala honda no inventes que impresion yo se que no todos los policias son asi que muc,9,0,0,0.0
5419,asi y se ven mas corruptos es bien dificil tener respeto por estas autoridades br espero que los bue,10,0,0,0.0
5420,tengo la esperanza que gracias a personas como ru max defensor y otros que tambien hacen estos video,14,0,0,0.0
5421,donde siempre estan extorsionando los de transito en lugar de trabajar del lado del estado puro lacr,12,0,2,-0.16666666666666666
5422,maiztra delfis esta requetebien cuiden a ese hombre que vale oro amigos mexicanos gente asi no ay gr,18,0,0,0.0
5423,graven todos y todas y suban alas redes solo asi la gente poco a poco se levantara para parar todo e,12,0,1,-0.08333333333333333
5424,fuerza desde anos inmemorables los mendigos policias de cuautitlan izcalli se la pasan extorcionando,16,0,0,0.0
5425,a los que se suben asaltar en el transporte publico en perinorte justo en sus narices literal se sub,11,0,0,0.0
5426,es en toda la republica aca en mi slp a mi cunado lo detuvieron siendo muy muy trabajador renta infl,12,0,0,0.0
5427,camioneta a ver los que tenia disponibles pasaron por un reten improvisado y lo bajaron y se lo llev,12,0,1,-0.08333333333333333
5428,soltaron porque le pidieron pesos estando ya adentro br entre ellos decian que pues es una cuota dia,10,0,0,0.0
5429,por miedo solo pasear al ru la neta ubieses grabado todo y asi el miedo te tiene atada ahora si me d,11,0,0,0.0
5430,programa ya sigo al abogado ru que hombre tan valiente que se cuide mucho al igual que tu por favor ,12,1,0,0.08333333333333333
5431,expuesto tantas cosas que ahora me da miedo por ti deberias tener un guarda espaldas cuando andes ha,14,0,0,0.0
5432,de suscribirme que dios te de mucha salud y energia tu trabajo exelente felicidades a ti y tu equipa,11,1,0,0.09090909090909091
5433,adelante ana buenos dias eva br que crees que ayer nos quitaron dinero y pude grabar todo banda denl,18,0,0,0.0
5434,pensamientos del que no tranza no avanza es nuestro granito apoyar este contenido y no dejarnos llev,13,0,0,0.0
5435,justicia es justicia y mana es mana ya depende que bando tomes las acciones y consecuencias te marca,14,0,0,0.0
5436,por su situacion decir ya le tocaba mientras coman mis dientes que me importan mis parientes el renc,10,0,0,0.0
5437,tiene el poder han decencanado todas las desgracias abusos manas br br y que muchos quieran ser infl,14,0,0,0.0
5438,intentar imitarlas y pensar que es la nueva manera mas facil de ganar palancas por que pensamos nos ,8,0,0,0.0
5439,no lloran facturan oh consumir y beber vicios cuando vayamos ah partir lo unico que nos vamos a llev,12,0,0,0.0
5440,en cada persona y los buenos habitos que podamos compartir eso va ser mas valioso y nos va llenar ma,12,0,0,0.0
5441,para tenerla para terminar con deudas y enfermedades heredadas a nuestros hijos y repetir la miseria,16,1,0,0.0625
5442,y con dignidad br la dignidad es lo mas valioso br y esa los influencers cuando la pierden lo saben ,13,0,0,0.0
5443,uno mismo y sabiendo que podemos ofrecer al pais asi como evita y ru abogado br br apoyen este conte,14,0,0,0.0
5444,y hay que demostrarlo demosntrando que nuestra fuerza esta en la union apoyandonos como ciudadanos a,11,0,0,0.0
5445,de extorcionar y que se haga viral en la academia les ensenan a robar todo esta de la mier a soy de ,11,0,0,0.0
5446,hace muchos anos decidimos viajar en camion a la cdmx en vez de ir en nuestro auto cada vez que cruz,10,0,0,0.0
5447,para extorsionarnos estas ratas uniformadas hola amiga disculpa podras conseguirme o compartir un nu,17,0,1,-0.058823529411764705
5448,y correle sw deberian de hacer novios tendrian mucho empuje social nos caen muy bien los dos creci e,14,0,0,0.0
5449,desde hace decadas vivo en europa br br cuando veo tu video querida eva me reafirma que tome la mejo,17,1,1,0.0
5450,tienen un mejor presente y eso vale mas que nada en el mundo br br ya se que mi solucion no fue la m,8,0,0,0.0
5451,el buen ciudadano que conduce correctamente que no comete faltas civicas que no da mordida que traba,13,0,0,0.0
5452,golpearon intentaron secuestrar gracias al nefasto gobierno de fecal me canse de votar y esperar a v,14,0,0,0.0
5453,da igual que gobiernen las ratas del prian o ahora la llamada t al final no hay casi ninguna diferen,9,0,1,-0.1111111111111111
5454,y pasiva maestra que gobierna actualmente al estado de mexico es tanta la podredumbre que a veces no,9,0,0,0.0
5455,estorbarle eva gracias por tu admirable trabajo br por favor ve a cacahuamilpa guerrero se esta volv,17,0,2,-0.11764705882352941
5456,armados secuestran y piden cuotas la gente esta verdaderamente aterrada si cierto pinches perros ama,17,0,0,0.0
5457,el principio de tu video entendi todo tu argumento de tus pobres videos senalando que debe ser el go,12,2,0,0.16666666666666666
5458,decadencia no radica hoy con el gobierno actual trae un lastre que por decadas se transformo en esto,13,0,0,0.0
5459,son viejos en el sentido que vivieron la grande con el pri br ese individuo insulta demerita calumni,15,0,3,-0.2
5460,de actualizacion y no es porque en gobierno no los actualice pero ese mentado ruabogado vituperia a ,11,0,0,0.0
5461,tan deplorable actuacion como si de ganarse un oscar se tratara br me das vergenza al igual que ese ,14,0,0,0.0
5462,hoy se acabo hola eva otro video por mis rumbos jaja tal vez podrias realizar un video sobre lo que ,11,0,0,0.0
5463,de las banquetas dejan un espacio diminuto para pasar tienes que caminar abajo en los carriles a cm ,13,0,0,0.0
5464,puestos de comida que tiran br recuerdo en una ocasion retiraron puestos ahi justo enfrente de donde,13,0,0,0.0
5465,ver en google maps como se lleno todo de puestos a traves de los anos desde la puerta de los militar,10,0,0,0.0
5466,son trabajadores para el pueblo si no sirven de nada para que cumplir nosotros como ciudadanos si el,13,0,0,0.0
5467,para ver el video no es posible que vea esta joya gratis un ejemplo mas de los gobiernos de morena b,12,0,3,-0.25
5468,de la t tan valiente senor abogado por que hacer valer un derecho es ser un quot quejoso quot tan ma,16,0,1,-0.0625
5469,que video tan chido felizidades alos dos que impotencia y tristeza la verdad a mi solo me extorsiona,11,0,0,0.0
5470,ciudadanos debemos seguir y seguir reportando y tambien animar a jovenes o gente con iniciativas a e,15,0,0,0.0
5471,necesidades del pueblo no del mundial se juntaron los vengadores el estado de mexico esta podrido en,17,0,1,-0.058823529411764705
5472,que son el pan de todos los dias y ya sabemos que x desgracia los policias reciben ordenes de sus su,11,0,0,0.0
5473,becas pagar sus eventos desde musicales como sus acarreados que traen para que la senora presidenta ,14,2,0,0.14285714285714285
5474,un gusto ver como este chico activista como muchos otros x ejemplo los garcia otro activistas que ap,12,0,1,-0.08333333333333333
5475,ojala y trabajaras en conjunto con el abogado hacen buena pareja evita minimo buena mancuerna ojala ,14,0,0,0.0
5476,dia baja la inseguridad que no hay extorciones y como en la t si no hablas bien de ellos eres enemig,9,0,1,-0.1111111111111111
5477,que dios los bendiga y proteja siempre saludos morena es un cancer para mx fuera desde el logros de ,12,0,0,0.0
5478,de las de transito del edo mex tienen decadas y son mas manchados con las placas de otros estados qu,9,0,3,-0.3333333333333333
5479,de milla ricardo o ya no va a salir esta cabron en el edo mex nadamas entro morena y la corrupcion q,15,0,1,-0.06666666666666667
5480,de gente coructa desde los presidenta i sus achichincles todo mexico podridos lastima medan la gente,17,0,0,0.0
5481,muy bueno necesitamos mas programas como este para saber como actuar como defendernos y ser mas cons,13,0,0,0.0
5482,sabia que necesitaba excelente conoci a eva maria por el mimaiz pero esta mas chido aqui pinche lalo,17,0,0,0.0
5483,esta contigo contra la bola de ratas de los policias ustedes hacen buen equipo deberian armar algun ,14,0,1,-0.07142857142857142
5484,que solo las mujeres de brazalete naranja infraccionan la rata de isaac montoya cree que no nos damo,12,0,1,-0.08333333333333333
5485,respeto pues los de asuntos internos no deben de hacer mucho pues esto tiene mucho que pasa y sigue ,8,0,0,0.0
5486,cuerpo de diputado ni paso nada al igual aunque los expongan no cambiara nada asi es en todos lados ,9,0,0,0.0
5487,rata uniformada una vez mas no lo esperaba para eso existe las camaras corporales ya en uso en ee uu,10,1,1,0.0
5488,implementado gritemos por penas maximas a servidores publicos si no por logica solo van a seguir emp,15,0,0,0.0
5489,querella de ru jajajaja br gran contenido como siempre y gracias a ambos por la labor que haceis fir,13,0,0,0.0
5490,de colosio alfredo jalife br br a href claudiasheinbaumpardo br br a href claudiasheinbaumpardo vivo,16,0,0,0.0
5491,controlar ese cruce y pasan por su tajada ademas de solo estar extorsionando a automovilistas por cu,10,0,0,0.0
5492,evitar totalmente esa zona viendo el video de madrugada saludos desde polanco wooow tremenda colabor,15,0,1,-0.06666666666666667
5493,miedo la policia y no solo en edo mex tambien en la ciudad de mexico esta plagado de retenes ilegale,12,0,0,0.0
5494,pasan en mexico no conocia a ru abogado y solo tengo que decir una cosa ante esta colaboracion br a ,12,0,0,0.0
5495,de impotencia y si efectivamente esa zona esta en manos de los policias corruptos mexico vive en un ,12,0,1,-0.08333333333333333
5496,basicos hijos de toda su reputacion a estos tambien les deberian de aplicar la cubana increible la c,13,0,0,0.0
5497,amo eva soy tu fan maylob wooow que buen reportaje br saludos amlo puso a la maestra delfina en el e,15,0,0,0.0
5498,a la t como la cuarta tranza estos son los buenos reportaje duros la cara oculta del poder ahora est,10,0,1,-0.1
5499,publicos o quisas en corralones agan de esto una serie porfavoooooor hasta podrian invitar a extranj,16,0,0,0.0
5500,pero se agradece que den mas visibilidad a estos problemas y gente que no estamos relacionadas con e,12,1,0,0.08333333333333333
5501,tambien desde la parada de metro bus rio de los remedios asta el puente de bordo de xiochiaca puro t,16,0,1,-0.0625
5502,valiente este video br a denunciar sin miedo la corrupcion y las injusticias br el cambio a mejor es,12,0,1,-0.08333333333333333
5503,que los policias o transitos no conocen sus procedimientos ni leer son metidos al sistema por palanc,15,0,1,-0.06666666666666667
5504,rau te refieres a sandra cuevas jajajaja malditos policias corruptos senorita ubicamos y vamos por e,15,0,0,0.0
5505,causa mas preguntas sobre el abogado los tecolotes son simbolo de corrupcion a pero lloran cuando lo,12,0,1,-0.08333333333333333
5506,los gobernantes apa muy buen video esos p nches me agarraron a mi y a varios bikers todos ibamos con,14,0,0,0.0
5507,que no existia aparte cuando fui por la moto al corralon me fregaron y rayaron mi herramienta de tra,10,0,0,0.0
5508,que estan descansando y que usan su equipo apra tranzar o que compran el uniforme y andan simulando ,15,0,0,0.0
5509,tratados internacionales y constitucion con tanta corrupcion se le quitan a uno las ganas de regresa,13,0,1,-0.07692307692307693
5510,cualquiera se para a grabar o hacer cualquier cosa ojala por vistas se fueran a donde de verdad es l,8,0,1,-0.125
5511,vistas mas de parte de ese chavo abogado ese poli el flaco narizon es el bueno de las mordidas br yo,11,0,0,0.0
5512,lana hay que llevar eso ala mananera terrible ru eres lo maximo y un mexicano ejemplar emigre a alem,12,0,0,0.0
5513,le respeta inmediatamente jamas te pararan sin motivo aleatoriamente ni mucho menos no hay retenes d,11,0,0,0.0
5514,ya que sabes te protegeran las cosas tienen que cambiar crossover de la cristina pacheco y el carlos,12,0,0,0.0
5515,comentarios a href me da mucha rabia ver a esta muchacha con una discapacidad y se rien malditos hol,13,0,0,0.0
5516,valle de chalco en av cuitlahuac siempre los camiones de la ruta se brincan los pocos semaforos y lo,12,0,0,0.0
5517,aqui no hay nada de ayuda los policias de este pais son unos buenos para nada campechaneando charro ,12,1,0,0.08333333333333333
5518,la realidad que vivimos la mayoria de mexicanos salgan de su burbuja todo mi apoyo los verdaderos yo,14,0,0,0.0
5519,respetos un par de chingones de la gobernadora para abajo son responsables ni duda cabe arriba piden,16,1,0,0.0625
5520,el tiempo que vengamos circulando ya sea moto o auto quisiera ser policia de cd de mx para acabar co,13,0,0,0.0
5521,me encanta tu canal y buenos temas pero que barbaro ru abogado super entrevista mexico necesita a oj,17,0,0,0.0
5522,y eso que no has venido a puebla desde febrero operan con sus famosos retenes alcolimetros y los ofi,14,0,0,0.0
5523,hasta en movimiento sin justificacion alguna solo dicen revision de rutina y si tienes todo en regla,11,0,0,0.0
5524,de santa fe hacen lo mismo mi pueblo perece por falta de conocimiento escrito esta eva eres la mejor,12,0,3,-0.25
5525,ser asi no se acaba la corrupcion y no es de hoy esta canon la neta el cartel de los azules y los mp,10,0,1,-0.1
5526,evamaria tan valiente como siempre en tultitlan es lo mismo todo el tiempo extorsionando al mexicano,11,0,0,0.0
5527,weeey jamas pense ver a ruabogado aqui que buena colaboracion hay que cuidar el tu abogado por favor,14,0,0,0.0
5528,persona y no quiero que te pase nada ese wey es cabron y deveria de estar al lado de harfuch gran tr,11,0,0,0.0
5529,eva por favor dale voz a karla lechuga la mama de jeshua cisneros el desaparecio en cuautitlan izcal,15,0,0,0.0
5530,favor ay no que oso mi rancho no tenia idea de que justo en esa zona pasaba eso en lo personal como ,13,0,0,0.0
5531,solo me han revisado documentos checado el numero de serie pero en una ocasion me intentaron meter a,14,0,0,0.0
5532,apenas iba regresando a casa despues de un dia de trabajo y que siembran hierba la policia sobre tod,9,0,0,0.0
5533,peor que existe literal pri pan y morena continuan la bonita tradicion de la mordida en anos que lle,13,0,0,0.0
5534,que lo intentaron hacer no me deje no suelo hacer comentarios politicos pero delfina comiendose los ,14,0,0,0.0
5535,lo mismo de siempre yo fui afectado mucho tiempo por la policia en tacubaya y xochimilco siempre me ,9,0,1,-0.1111111111111111
5536,que antes eso es el cancer mexicano la corrupcion y violencia asi se esta poniendo en todo el pais s,10,0,2,-0.2
5537,cartel de los azules ru todo un rock star tomandose muchas fotos vengan a soledad de graciano sanche,19,0,0,0.0
5538,azul pertenecio harfuch hola como estas es la primera vez que veo tu video y me gusto mucho y me gus,11,0,0,0.0
5539,de chalco aqui tambien hay mucha tela que cortar con los policias municipales y estatales y minister,12,0,0,0.0
5540,tambien ocurre sobre toda la calzada ignacio zaragoza en cada estacion del metro hay una persona que,14,0,0,0.0
5541,pasaje sobre los carriles centrales de la calzada recien hubo un accidente debido a esta practica oj,16,1,1,0.0
5542,ciudadanos que denuncian que valiente ese abogado dios lo proteja es triste realidad pero es pan de ,12,0,0,0.0
5543,todo periferico estos videos son los que tambien deberiamos hacerlos virales ya que es por un bien c,11,0,0,0.0
5544,que se muestra aqui creo que seria dificil encontrar quien haga su trabajo de verdad tal vez seria m,7,0,0,0.0
5545,naucalpan el municipio mas corrupto que ascooooooo las quot autoridades quot y la justicia en nuestr,14,0,0,0.0
5546,exigiras a los gobernadores y alcaldes que acaben con esa corrupcion disfrazada lo malo de la polici,13,0,1,-0.07692307692307693
5547,evidentemente la falta de educacion y la baja paga los orienta a hacer eso no se entiende cual es la,12,1,3,-0.16666666666666666
5548,yo que pensabaaa que las caamaras cosaban que excelente crossover br los amo ru abogado y eva maria ,16,0,0,0.0
5549,esquina de la lopez portillo andan robando y si cargan machetes por si acaso unos machetazos a una d,16,0,0,0.0
5550,de toy story hasta raros se sintieron de que estaban asiendo su trabajo por unos segundos y hay moto,12,1,0,0.08333333333333333
5551,que no deben sacando dinero diganme despechado pero la verdad apesta haber nacido en mexico y no lo ,11,0,1,-0.09090909090909091
5552,que hay de bueno en mexico solo es un pais lleno de atrocidades mucha desigualdad simplemente lejos ,11,0,0,0.0
5553,compara con la cantidad de cosas malas sin remedios como la cifra de desaparecidos al dia buen video,9,0,1,-0.1111111111111111
5554,cobrando en ese semaforo igual los tipos que se ponen en esquina hacia ingenieros militares todos ma,14,0,0,0.0
5555,y le piden dinero y no es si quieren br cuanta corrupcion y los polis ni cuenta se dan hasta que ust,12,0,1,-0.08333333333333333
5556,ahi en ese semaforo como siempre eva muy buen capitulo ese paso del toreo es tremendo ni puedes avan,10,0,0,0.0
5557,joven cuidense mucho eva el estado de mexico que tanto peleo morena para seguir igual o peor que el ,14,0,0,0.0
5558,pinche pais me da asco pero mas sus perras autoridades cuando va a cambiar esto gran capitulo sin du,9,0,0,0.0
5559,hacemos para defendernos de este gobierno corrupto y de todo lo que permea ello sin duda las fuerzas,12,1,0,0.08333333333333333
5560,centrales y locales son parte del problema pero nosotros como el poder mas grande la ciudadania que ,9,0,0,0.0
5561,este tipo de contenido cuidense mucho y que dios este con ustedes amen yo vivo x ahi ejemplo yo vivi,11,0,1,-0.09090909090909091
5562,los cuales fueron policias el problema no esta en la calle con los policias de a pie sino con el man,7,1,0,0.14285714285714285
5563,piden cuota diaria siempre en ese cruce los franeleros y los polis piden sus varos por cruzarte el s,14,0,0,0.0
5564,jajaja en el tireo toda la vida ha sido lo mismi siempre cobran por cruzar yo pasaba por ahi hace an,10,0,0,0.0
5565,esta perfecto con ru abogado excepto la novia iztaparrasta te cambiaron por alguien mejor jajaja esa,14,0,0,0.0
5566,abogado para presidente de naucalpan para que le ponga un alto a todos esos polis extorsionadores yo,11,0,0,0.0
5567,conalep y siempre se ponian a hacer quot operativos quot con motocicletas frente a mi cafeteria un t,13,1,0,0.07692307692307693
5568,de darles el permiso de pasar se sabe que en naucalpan la policia es un cancer desgraciadamente noso,9,0,0,0.0
5569,las represalias y sobre todo porque todos los naucalpenses sabemos que quienes estan en todo las ext,9,0,0,0.0
5570,los poderes estan divididos en la misma familia corrupta de siempre y los mismos politicos de siempr,11,0,0,0.0
5571,ganar hay muchisimos puntos rojos en naucalpan donde los propios policias te levantan secuestran y e,16,0,0,0.0
5572,la falta que nos hace que nos volteen a ver personas fuera del poder que solo se reparte entre la mi,7,0,3,-0.42857142857142855
5573,ahi somos trabajadoras y preferimos salir de ahi porque nos sentimos muy vulnerables y poco protegid,10,0,0,0.0
5574,de youtubers son lo que deberian ser virales y famosos a href uckszu wh gy mb dv ujg g afy ywgukuhl ,19,0,0,0.0
5575,municipales a href uckszu wh gy mb dv ujg hcmfy zabbxvwkloococa a le tiemblan las manos al poli a hr,19,0,2,-0.10526315789473684
5576,nacional estan pasando por ahi antes de la finca yo adoro a mi tocayo ruben lo admiro mucho lo respe,11,0,0,0.0
5577,que el llegara a la presidencia de la republica mexicana en lugar de la porqueria de sheimbaum o el ,10,0,1,-0.1
5578,la presidenta judia no ase nada no pueden acabar con esto tremendo abogado dios lo proteja porque es,13,0,1,-0.07692307692307693
5579,que hermoso pais pues denuncien con la jefa de gobierno con harbuch pinc policias mafiosos corruptos,18,0,0,0.0
5580,quot te dije esto no me lo pierdo ya soy cliente de los ratas oficiales confirmo lo que dice ru les ,12,0,1,-0.08333333333333333
5581,a cambiar ya comprobamos que no que sospechoso que solo aparecen los buenos policias despues de que ,11,0,0,0.0
5582,peguen al comandante pioki ese wey se junta con las meras ratas de azul jajajaj br pa que les cuente,16,0,1,-0.0625
5583,lo que haces eva estas haciendo y visibilizando situaciones que todos conocemos pero que nadie habla,14,0,0,0.0
5584,es poder quot gracias por el video br no a la corrupcion y si al bienestar ciudadano no manches que ,13,0,1,-0.07692307692307693
5585,no esos donde salen corriendo los policias tal cual como ratas br chale de verdad gracias a todas y ,12,0,1,-0.08333333333333333
5586,internos son de la mana drogos narcss gente de isaacc nada que ver pero me encantaria saber como te ,12,0,0,0.0
5587,diga que el gobierno a cualquier nivel del edomex no sabe que esto pasa mas bien son parte de la cor,9,0,2,-0.2222222222222222
5588,se la rifa expone su vida y a su familia hola un excelente trabajo que haces habeces arriesgado pero,13,0,0,0.0
5589,guadalajara br indispensable tu investigacion en cada reportaje eva maria gracias quot mientras la e,16,1,0,0.0625
5590,video excelente trabajo los admiro que usemos un pica hielo contra las autoridades dicen yo creo que,11,0,0,0.0
5591,que si el primer ano habra muchos muertos pero despues de eso los ladrones y los policias que son ba,8,0,2,-0.25
5592,la poblacion y lo peor es que a la guardia nacional tambien ya le dieron manga ancha em primero luga,12,0,0,0.0
5593,carpetas y ninguna avanza br simoke ye las lleve marider centeno en la fiscalia que chingon video to,15,0,0,0.0
5594,resto de videos en cdmx andando en la bici con encontronasos con policias y no me he dado a la tarea,11,0,1,-0.09090909090909091
5595,buscar y editar esto me da resto de animo para hacerlo neta ya pronto la delincuencia uniformada con,12,0,2,-0.16666666666666666
5596,triste de todo es cultura se imaginan como han de estar saboreando la cantidad de dolares que pudier,12,0,0,0.0
5597,tocara el br mundial a mexico en epocas de la t son los jefes de arriba los mandan robar a href jaja,17,0,0,0.0
5598,aca tenemos a la peor policia del pais me atrevo apostar que huevq asuntos internos tampoco hace nad,14,0,0,0.0
5599,canales br br excelente video lo que hace falta es que vayan y entrevisten a los jefes o de plano a ,13,0,3,-0.23076923076923078
5600,les permiten andar asi encapuchados sin identificar cazando gente y no tendiendo emergencias verdade,16,0,0,0.0
5601,y ahi te informan y no es cierto br tambien cuestionar por que no traen placa en sus unidades o poka,10,0,0,0.0
5602,eso es todos los dias los mismos mandos piden su cuota y llega a los politicos no se hagan en mi cas,10,0,0,0.0
5603,parados por policias municipales en la noche a mitad de la calle sin estar tomando alcohol en la o l,11,1,0,0.09090909090909091
5604,le habian pagado unos policias los cuales tenian las caras tapadas le quitaron todo su dinero mil pe,10,0,0,0.0
5605,esa noche pero aun asi los policias les pedian mil pesos por su libertad esa noche era un cuento de ,13,0,0,0.0
5606,obviamente no pueden faltar los golpes a este punto son miles de historias de miles de mexicanos que,12,0,1,-0.08333333333333333
5607,es nueva costumbre cultural de nuestro mexico tambien pasa por descuidar la educacion y los valores ,12,2,1,0.08333333333333333
5608,son propensos a caer en estos vicios si esto no lo puede manejar el gobierno minimo como sociedad ed,12,0,0,0.0
5609,no compra tu honestidad ni tus principios idea todos graben y transmitan en vivo en ese paso y donde,13,0,0,0.0
5610,pueden estar en todas partes pero todos podemos grabar y transmitir en vivo hasta convertirnos en am,11,0,1,-0.09090909090909091
5611,que vive en esos lugares si quieres cambiar tu vida cambia de pais no hay de otra si se ven bien cer,14,0,0,0.0
5612,la planta de amoniaco mas grande del mundo en tierra protegida llego la maquinaria hace poco y los d,12,0,0,0.0
5613,entrevistar saludos y gracias por tu gran contenido yo he tenido muy malas experiencias con los poli,13,0,0,0.0
5614,decimos no oficial es sabado y su respuesta fue de cualquier manera te voy a sacar algo el tigre des,11,0,0,0.0
5615,abogado asociado con sandra cuevas te quemaste con ese invitado perdiste credibilidad bien por este ,13,0,0,0.0
5616,hacen por gusto no salen de vivir en precariedad y miseria porque vas a sus casas y es obra negra pi,15,0,0,0.0
5617,tabaco gente miserable que tuvieron muchas libertades pero la vida universo dios es tan just que tar,13,0,0,0.0
5618,le tiran tierra imaginate hooola eva donde te puedo escribir estamos peleando contra fraccionamiento,14,0,0,0.0
5619,expresiones la colaboracion que no sabia que necesitaba fan de ru abogado de los pocos mexicanos con,15,0,0,0.0
5620,animo amigo ruabogado nuestro proximo alcalde de naucalpan afortunadamente creo que no vendran demas,16,0,0,0.0
5621,qe los jefes de los jefes son los que piden cuota a sus elementos esacto lo qe dice el abogado es un,13,1,0,0.07692307692307693
5622,desde arriva desde los jefes pero son tan muertos de hambre todo lo que dijeron las personas que pas,9,0,2,-0.2222222222222222
5623,donde con una impunidad brutal se suben a las combis a robar en esa parte del trafico es triste que ,10,0,3,-0.3
5624,permitan por que eso hacen lo permiten que neza no sea otro naucalpan presidenta que va a hacer much,11,0,0,0.0
5625,delitos y fallas por que este dura tan poquitoooooooo morena yo no se quien es este abogado pero est,9,0,0,0.0
5626,es la ley aqui hay un abogado larry h parker que su slogan is ill fight for you pero a mi mexican la,14,0,0,0.0
5627,se la rifa su slogan deberia ser pinero que me la partan a mi y no a mi cliente pues qe ya los mande,12,0,0,0.0
5628,los mismos jefes los mandan ai adiario para que seasen pendejos ai esta la minita de oro para todos ,13,0,0,0.0
5629,las vibes de nayib bukele mexicano ojala su carrera en la politica llegue lejos su legalo anticorrup,15,0,0,0.0
5630,los tibios que dicen quot nada te cuesta cooperar con la policia quot sksksjsj cooperar en sus robos,14,0,1,-0.07142857142857142
5631,que me tenga que pasar muchas gracias eva br yo soy de los departamentos del fondo br de verdad que ,9,0,0,0.0
5632,que parece br comercio informal descontrolado br policias no solo en esa zona abajo del puente de de,17,0,0,0.0
5633,que los franeleros que coincido con el chavo huyeron de ustedes estas personas que cobran por cruzar,14,0,1,-0.07142857142857142
5634,te patean el carro te lo escupen te rompen faros espejos seguido se pelean en ese cruce br es imposi,15,0,0,0.0
5635,de la banqueta basureros en frente de la plaza parque toreo br ni el gobierno de la migue hidalgo ni,13,0,0,0.0
5636,diario transitar por toda esta zona deberian visitar tecamac ya que todos los dias desde temprano ha,16,1,0,0.0625
5637,dinero eva maria te adoro pero busca una tecnica para mejorar tu diccion y no hablar cantadito como ,14,0,0,0.0
5638,que para empezar lo primero es que andemos todos en regla me incluyo dentro de los que se nos hace f,10,0,0,0.0
5639,nos toca respetar la ley y de ahi nos vamos la policia en mexico esta muy mal necesita un cambio de ,12,0,1,-0.08333333333333333
5640,extorsionista un cambio de verda precidenta shenba una vez me pase un alto segun los policias no me ,13,0,2,-0.15384615384615385
5641,iba yo cuidandome de no caer en un bache me pararon y querian sacarme dinero les dije ok levantame l,13,0,1,-0.07692307692307693
5642,podemos arreglar nunca les di opcion mas que me dieran la multa la policia se fue bien enojada de na,12,0,0,0.0
5643,demandas y los demas no hagamos nada cada a uno a hacer su parte y si te pasa algo denuncialo la pro,9,0,0,0.0
5644,a robar eso si la gente que invade el carril del mexibus lo hace de forma impune que asco de policia,14,0,1,-0.07142857142857142
5645,filmar bien su rostro a href una grupy que buen equipo forman vientos yo he tenido experiencias de v,13,0,0,0.0
5646,localidad a toda costa conduciendo mi automovil y esto no nadamas es en la ciudad de mexico es en mu,9,0,0,0.0
5647,disculpe pero esto no depende de nosotros si no de nuestros jefes que nos obligan hacer cierta canti,8,0,0,0.0
5648,en tijuana teniamos a el comandante cobra ivan riebeling un incansable defensor de los derechos de l,14,0,0,0.0
5649,una mafia que vive atacando y extorsionando a los ciudadanos lo odiaban a morir y en el cuando todos,12,0,0,0.0
5650,y dijeron que se habia muerto de covid si un hombre de anos sano y atletico lo mataron claro esta el,12,0,3,-0.25
5651,recursos si se expone mucho el abogado deberia de cuidarse mas el amigo abogado estas lacras uniform,16,1,1,0.0
5652,pero que necesitaba que buena colaboracion con ru abogado no sabia que podria extranar y anhelar el ,11,0,0,0.0
5653,menciona entra su amada sandy caves a la que le besa la manita y que tienen una gran cola de rata qu,10,0,1,-0.1
5654,de eso el no sabia nada eres grande abogado munchos huevos dios lo bendiga hermano a href mencionaro,11,0,0,0.0
5655,trabajo policial en ese cruce los franeleros son los que mandan todo iba bien hasta tu comentario de,11,0,3,-0.2727272727272727
5656,para estafar la policia no hacen nada xq reciben modida tambien ya estamos arto a href todo es traba,13,0,0,0.0
5657,mi ciudad los que mandan es la mana like para colabo con i proyecto escolar i adios montoya a href l,14,0,0,0.0
5658,perros y delincuentes el verlos en lugar de sentir seguridad sientes terror br nadie puede poner ord,15,1,1,0.0
5659,valores y respeto gracias eva por documentar los atropellos de los patrulleros y el trabajo de ruabo,13,0,1,-0.07692307692307693
5660,los ciudadanos si ya asco da tanta corrupcion tanto policia ratero ahora como ciudadanos hay que cui,15,0,2,-0.13333333333333333
5661,vez de que de risa da pena aqui en california mi familia y yo nos encanta ver videos re ru abogado y,11,0,0,0.0
5662,vemos en familia a href todos deberiamos apoyar a ru pero si he visto videos que el grita ayuda y lo,13,0,0,0.0
5663,los mandan arrobar por eso aunque los denuncien cuando los agarran en estas movidas jamas va a proce,10,0,0,0.0
5664,i asi seguira en este mexico podrido lic abogado te queremos como nuestro politico dirigente desafor,13,0,0,0.0
5665,transito tienen permitido extorsionar al pueblo mientras le pasen su mochada al narco gobierno rater,14,0,2,-0.14285714285714285
5666,que trabajo mi hermana el policia habia sido ratero gracias a jehova que cuida y proteje al lic ruab,13,0,1,-0.07692307692307693
5667,telefono movil y decir estamos en vivo comprense spray pimienta y defiendanse en la jeta de los corr,13,0,1,-0.07692307692307693
5668,solo que tambien veo mal que se pide eso pero sin respetar la ley como el chico de la moto que apare,12,0,1,-0.08333333333333333
5669,dinero en vez de pagar la multao en su defecto denunciar lo ocurrido felicidades eva con este conten,12,0,0,0.0
5670,canal bendiciones cuando vienes a mi estado slp aqui es lo mismo estas dos personas son ejemplo de c,9,0,0,0.0
5671,ni de izquierda de ningun partido politico hara lo que nosotros podemos hacer mexico tienen que regr,11,0,0,0.0
5672,atascado de buitres diariamente br pero el nido de buitres y serpientes es justamente en el tramo de,14,0,0,0.0
5673,mera mata de la corrupcion de esos lacras br obviamente tienen la consigna de mas arriba porque es i,13,0,1,-0.07692307692307693
5674,hizo su trabajo alcanzo a un alcoholizado y el se bajo y lo macheteo qe bueno eva quisiste este vide,14,0,0,0.0
5675,rratas los policias de a pie son el reflejo de sus mandos xq les piden cuotas y mas donde gobierna l,14,0,0,0.0
5676,documental y aprecio su valor una solucion es no dar dinero y recibir la infraccion y una vez con es,7,0,0,0.0
5677,llegar con los de corvarta para que den la cara por que es verdad que a un oficial se le pide un cuo,9,0,0,0.0
5678,les otorga para su funcionamiento asi que el de transito tiene que sacar para el de arriba para el v,5,0,0,0.0
5679,licencia para pedir dinero y asi sangran al pueblo bendiciones a mi ahi exactamente en toreo saliend,14,0,0,0.0
5680,municipales o estatales pero no eran de la cdmx me dijeron que era por revision de rutina y me revis,10,0,0,0.0
5681,debito me subieron a la patrulla a la fuerza me golpearon y obligaron a darles mi nip para bajarme e,12,0,0,0.0
5682,de que segun esos ojetes deben de proteger y se la pasan robando turistas no viajen a mexico los van,10,0,0,0.0
5683,muy buenos tus videos como me gustaria que la presidenta se pudiera subir al carro de ru abogado y a,12,0,1,-0.08333333333333333
5684,ponen esos ratotas uniformados gracias eva maria y gracias a ru abogado quisiera creer que si existe,14,0,0,0.0
5685,a la ciudadania pero lo dudo tanto policia corrupta los admiro y los sigo a los dos delincuentes con,12,0,1,-0.08333333333333333
5686,dejen gente si pueden defenderse aganlo porque a esos cabrones no los van a ver presos por favor hag,13,0,1,-0.07692307692307693
5687,muy altas frente a hospitales lugares turisticos estan coludidos con los de transito lo peor es que ,16,1,0,0.0625
5688,amo tu trabajo eres la mejor encerio sigue asi que nadie calle tu voz alli una vez me intentaron det,10,1,0,0.1
5689,mi mayor miedo cuando manejo son los policias cuando no deberia de ser asi unu saquemos videos al sa,13,0,0,0.0
5690,es un municipio totalmente corrupto y todo viene desde arriba puro ratero sin escrupulos es policia ,15,0,2,-0.13333333333333333
5691,de estos policias son los que les piden el dinero ahi es donde hay que llegar la gorda de la brugada,11,0,0,0.0
5692,el mejor crossover de la vida como me encantas cabrona me encanta el tipo de mujer que eres ocupamos,11,0,0,0.0
5693,no te vi br te admiro mucho sigue siendo la mejor a mi me ha ayudado bastante traer una dashcam que ,10,0,0,0.0
5694,y de inmediato me dejan ir solo notemos que la parte del gobierno encargada de proveer seguridad e i,14,1,0,0.07142857142857142
5695,lo que presume combatir si una hormiga se revela contra nosotros les aseguro que todas lo haran pron,11,0,0,0.0
5696,a averiguarlo adios a nuestro estilo de vida br br los cambios y revoluciones no han sucedido pidien,14,0,0,0.0
5697,tenemos que cuidarnos de ellas yo vivi una experiencia espantosa donde los policias estatales me agr,13,0,0,0.0
5698,lo pude difundir porque fui amenazada pero ojala sigan destapando a esos corruptos excelente tu labo,12,0,0,0.0
5699,todo en este pais en el que desafortunadamente cada vez es mas complicado vivir nunca les hacen nada,9,0,0,0.0
5700,ya saben q no les hacen nada estas declaraciones de ruth pueden primero dios llegar a la onu ahora q,8,0,0,0.0
5701,bien hacer unas calcomanias que digan vehiculo monitoreado por ru abogado y pegarla al parabrisas pa,12,0,0,0.0
5702,amo evis eso si es cierto no hay nada mas que la justicia segun yo la chica que sale en el minuto a ,9,0,0,0.0
5703,venganza de los ex no recuerdo su nombre ojala me puedan responder ya estado circulando un video de ,13,0,0,0.0
5704,detener sin orden judicial y si te opones cometes delito que tan cierto es esto que barbara br que r,14,0,0,0.0
5705,t es una mafia completa narcogobernantes son unos verdaderos marranos queremos una segunda colaborac,13,0,0,0.0
5706,ya tienes una posicion firme en medios no la contamines con este personaje tan delesnable saludos y ,12,1,0,0.08333333333333333
5707,gracias por tu periodismo tan claro me gustaria que se exhibiera a la red de corrupcion que esta por,10,1,1,0.0
5708,cuentas los nombres de los politicos y mandos que promueven esta corrupcion vayan en esa denuncia si,11,2,1,0.09090909090909091
5709,deja ser youtubr linda camioneta en verdad que coraje inpotencia con el gobierno de mex que no pueda,12,0,0,0.0
5710,los niveles desaparecidos robos extorsiones cobro de derecho de pisos secuestros vas y denuncias y n,18,0,3,-0.16666666666666666
5711,montachoques y la lista sigue de verdad estamos de la chingada pero segun todo se ha reducido todo m,10,0,0,0.0
5712,asco de corrupcion en mexico eres un heroe sin capa ru abogado te apoyamos hasta el final bro senora,15,0,1,-0.06666666666666667
5713,peor se va a poner la cosa en el establo de mexico ahora que no puedes usar gps mientras conduces el,12,0,0,0.0
5714,son ojo acasarlos gravarlos ii a meterlos al vote por exstorsion no dice nada de cuando abrazaba a l,13,0,0,0.0
5715,un canal es lamentable que agarres como paladin de la justicia al ruabogado la falta que me hacia es,14,0,3,-0.21428571428571427
5716,tanto nos hace dano br a mi me paso por primera vez justo cuando fui a atizapan y en el camino me pa,8,0,0,0.0
5717,que traia sifueramos unidos de una vez por todos cambiarian las cosas decia delfina gomez que ella h,11,0,1,-0.09090909090909091
5718,cada dia a quien se shingan es al pueblo a ese que juraron proteger a caray esto si me interesa se s,10,0,1,-0.1
5719,y extorsionar ciudadanos no tienen otra funcion a href cuidadate mucho amiga asi como esta este gobi,13,0,0,0.0
5720,la madre te quiero mucho ruabogado gracias por lo que haces por mexico que dios te cuide y te bendig,11,0,0,0.0
5721,decir que las entidades federativas mas corruptas para trabajar son el estado de mexico guerrero san,14,0,0,0.0
5722,de la escuela que dejo el negro durazo a donde se demostro el negocio que se puede realizar de la ex,10,1,1,0.0
5723,ya quieren hueso no manches que si no le hacen nada a los polis corruptos o luego si quieren seguirs,11,0,0,0.0
5724,y zonas ademas de que como poblacion tambien les debemos poner un alto br te amo eva ru dios te bend,14,0,0,0.0
5725,de asuntos internos de cuautitlan izcalli me encanto tu video a href jajajajaja no dice nada el male,12,0,0,0.0
5726,el panuelito blanco mas bien fue para indicarles la salida de la carrera delincuencial y el que gane,13,0,1,-0.07692307692307693
5727,carcel saludos eva hace anos decidi no volver a manejar en el estado de mexico me quitaron mil en ef,14,0,0,0.0
5728,la feria de tlaxcala me quitaron todo por que no circulaba muy cierto la corrupcion en la poli pero ,6,1,1,0.0
5729,un amigo fuimos a tepito por una cerveza y los que nos robaron fueron los policias jajaja nosotros c,9,0,0,0.0
5730,policias si existe el inframundo o el infierno debe llamarse mexico muy verguitas entre y con unifor,13,0,0,0.0
5731,de la moto particular pinche rata mis respetos para los dos eva aqui en chalco a los policias les pi,13,0,1,-0.07692307692307693
5732,pueden tocar porque entran y salen a cada rato contemplando a los familiares de los comerciantes amb,14,0,0,0.0
5733,que nada le pase a eva la rata verde que llego no estaba identificado y a la vuelta en la subida del,10,0,1,-0.1
5734,href saludos eeeeevaaaaa hola eva saludos que bueno que los expongas a mi me ah robado mas un polici,15,0,1,-0.06666666666666667
5735,la zona del entronque amalucan hasta los estadios y en la zona del periferico es de todos los dias s,11,0,0,0.0
5736,hidalgo nuevo leon basicamente los transitos estan robando a todos para cuota a los que pasan por ah,12,0,0,0.0
5737,excelente trabajo nombre pinches mugrosos descarados policias nombre son mas criminales que guardias,16,0,2,-0.125
5738,mexico y esta enfermedad pudriendo en su corazon que asco y que desgracia es que el valientito dura ,13,0,0,0.0
5739,el de asuntos internos si el no cumple con el reglamento no trai su nombre y de los demas policias e,11,0,0,0.0
5740,son corruptos de la manera mas descarada pero lo peor es que todo viene en escalada hasta lo mas alt,10,0,0,0.0
5741,claro que el entrenamiento que llevan los policias se lo pasan por el arco y usan el libro de leyes ,13,0,0,0.0
5742,ignorante y prepotente en las calles prefiero a aguein con carrera que estudie bien las leyes y sea ,14,1,0,0.07142857142857142
5743,son policias y si el jefe es corrupto y ya hizo uniones buebo ustedes tanbien son union y tanbmbien ,15,0,0,0.0
5744,como ya vimos que no entonces quien es el que yabno cumplio el cuidadano no es culpable de tu situac,9,0,0,0.0
5745,economia no mejora y todo sube ok pero eso no te hace estar pecando pero bueno felicidades excelente,14,0,0,0.0
5746,cierre de retornos para llegar al aeropuerto y las casetas que han instalado no creo ni confio en ni,12,0,0,0.0
5747,puro quot oficial quot gente de sheinbaum ru habla como heffer de la vida moderna de rocko felicidad,16,0,0,0.0
5748,excelente trabajo el fiscal del edomex esta coludido fuera morena no confio en la policia pero tampo,11,0,0,0.0
5749,corrupcion tambien esta en la gente por algo dieron el dinero ese programa lo deberian de grabar en ,13,1,1,0.0
5750,quiero ver su trabajo alla lastima que ese wey dizque abogado del pueblo se hizo muy amiguito de una,15,0,0,0.0
5751,tipo es demasiado mentiroso y mamoncito se las da de heroe quot yo soy esto y lo otro quot bastante ,11,0,0,0.0
5752,vivimos en mexico pais de mrd que tenemos si pero es amigo de sandra cuevas todos los cerdos en mexi,12,0,0,0.0
5753,br br acab saludos eva ufff colaboracion epica pues x fabor rascale x fabor exactamente quot la gent,23,0,0,0.0
5754,para segun trabajar bien ellos mismos saben como roban pero se hacen que no es pura apariencia sus j,10,0,0,0.0
5755,por esta colaboracion felicidadessssssssssssss esto es bueno para el bien comun hay que juzgar tambi,9,1,1,0.0
5756,cch naucalpan y en alguna ocasion el secretario de seguridad de naucalpan me amenazo incluso me sena,11,1,0,0.09090909090909091
5757,a ti te vamos a agarrar hijo de la c b b yo solamente era un activista de prepa es una vergenza mund,12,0,1,-0.08333333333333333
5758,de las autoridades y no solo en el estado a href que bueno que recordaste al gran alcalde carlo manz,11,0,2,-0.18181818181818182
5759,politicos como los de morena y claudia sheinbaum el verdadero problema es la sociedad aparte del gob,12,0,0,0.0
5760,todo mexico policias corruptos que segun revisan y te roban cosas basta de esos polis ratas muy bien,15,0,1,-0.06666666666666667
5761,mexico simiesco salvese quien pueda a mi primo le tumbaron pesos y eso que no somos locales esa vez ,11,0,0,0.0
5762,suerte mi esposaaaaa cada dia me enamoro mas de ti br beristain br y arriba neza y el estado de mexi,8,0,0,0.0
5763,la zona sin ley puestos ambulantes estorbando todo un carril policias extorsionando y la rata desde ,16,0,1,-0.0625
5764,autoridad quot son unos rateros extorsionadores al gobierno no le gusta este video lo peor es que es,12,0,1,-0.08333333333333333
5765,esto no tengan miedo mexicanos denuncien y unanse para no dejarse extorcionar no se dejen somos mas ,11,0,0,0.0
5766,el turismo a ellos se loantraen en chinga esto tienen que hacer los mexicano ya esta bien de pinche ,9,0,1,-0.1111111111111111
5767,nadie sabia que iba a suceder pero que todos agradecemos y yo que te conoci caminando por el rio de ,12,0,0,0.0
5768,stal en la garita de san ysidro escarbando temas misteriosos eres admirable y eres un ejemplo mujer ,13,0,0,0.0
5769,respeto y admiracion para ti eva maria beristain es el crossover no esperaba pero que necesitaba ver,13,0,1,-0.07692307692307693
5770,mandos esperando su moche admiro tu trabajo ru abogado pero que seas amigo de sandra cuevas mmmmm no,14,0,0,0.0
5771,los seguidores de este gobierno que todo esta de maravilla esa es su cuarta transformacion dios le p,9,1,1,0.0
5772,el minuto comenta que carlos manzo dijo quot van a desperar al tigre quot y no carlos manzo dijo quo,15,0,0,0.0
5773,estaba despierto animo mexico saludos desde uruapan michoacan a mi la policia vial del estado de mor,14,0,1,-0.07142857142857142
5774,de nuestras autoridadds arriba el ruido social mexicanos al grito de guerra por manzo por todos y to,11,0,0,0.0
5775,las madres buscadoras por los godinez comerciantes emprendedores que nos esforzamos honradamente dia,15,0,0,0.0
5776,corrupcion desde altos mandos y gobierno seguiremos asi ellos piden cuotas a sus buitres o los corre,11,0,1,-0.09090909090909091
5777,los policias eva habria que mandrake este video a claudia sheinbaum porque ella nunca tiene pruebas ,13,0,0,0.0
5778,del edomex pero de un tiempo a aca en cdmx tambien es el mismo cagadero en el estado de mexico siemp,9,0,0,0.0
5779,gomez dijeron que estoy iba a cambiar y estan igual o peor supuestamente son servidores publicos y s,12,0,0,0.0
5780,a santa catarina nuevo leon todos los trailers que entran o salen de la ciudad que a fuerza van al c,13,0,0,0.0
5781,y los transitos detienen a mas de unidades por hora adivina de que partido politico son pues de more,15,0,0,0.0
5782,eva que valiente ru pero creo es mucho exponerse una sola persona no puede hacer el cambio de corrup,12,0,1,-0.08333333333333333
5783,con ver a los quot policias quot sabes que no son policias chale mi naucalpan de mal en peor y peor ,12,0,1,-0.08333333333333333
5784,pero asi es cuando saben que no hay consecuencias para nadie mas que el mas pobre y que no les grite,3,0,0,0.0
5785,teme lol ok nada de que los amedrentan y se pongan a gritar es de exoliqeme la ley que sustenat tu i,13,0,0,0.0
5786,bye me cayo bien el invitado que s tiene les tengo noticias muchachao br todos los retenes son ilega,13,0,0,0.0
5787,br todos en mexico son unos ignorantes de las leyes y unos cobardes br y eso lo saben los malnacidos,14,0,1,-0.07142857142857142
5788,zonas de ricos y tampoco en zona de ladrones solo quieren extorsionar al ciudadano y pensar que toda,14,0,2,-0.14285714285714285
5789,policias en todos los estados ahi q denunciar si agarran a los gober y demas los polis con mas ganas,11,0,0,0.0
5790,un lic ecologico o varios pero lo q mucha gente no sabe es q no te pueden parar si no hasta q hagas ,7,0,0,0.0
5791,o les das una feria menor a lo q te costaria la multa es la realidad ganotas de que hubiera salido e,11,1,0,0.09090909090909091
5792,policia me dio un ataque de panico y le solte mucha lana para que me dejara ir mas pq estaba sola me,10,0,0,0.0
5793,a un carro cerca br me dijo que mi carro seguia y demas a href excelente reportaje total apoyo somos,11,0,0,0.0
5794,circulando artos carros nuevos br y el gobierno y claudia van a decir ahora resulta que no se merece,11,0,0,0.0
5795,imagino diciendo en la mananera y asi como son de tibios y flojos ya mejor lleven camaras en coche y,11,1,0,0.09090909090909091
5796,si no estos jamas se iran de ahi a href es lamentable pero cierto br solo preguntenle a cualquier pe,12,0,0,0.0
5797,a los demas aun sabiendo las necesidades br y lo peor de todo es que de verdad creen que se lo merec,11,0,0,0.0
5798,dios los bendiga que te costaba poner el link directo del canal del abogado en tu descripcion se un ,12,0,0,0.0
5799,de mexico la corrupcion un buen servidor nunca se vas ofender de tu duda de que dudes que sean polic,11,0,1,-0.09090909090909091
5800,soy tal me presento esta es mi credencial y tengo los logos y nombres colocados como dicta la ley pa,9,0,0,0.0
5801,en el hospital llevar el uniforme bien puesto y las credenciales visibles y el buen trato asi ellos ,11,0,0,0.0
5802,ni eso animo aplauso para ruabogado es una riatota es un ecosistema de corrupcion tan basico pero ta,10,0,1,-0.1
5803,mismo en unos lados por instituciones gubernamentales o el narcotrafico es el dia a dia en todo mexi,9,0,0,0.0
5804,politicos incredible corren como ratas pero se sabe que esta corrupcion viene desde arriba alguien q,14,0,2,-0.14285714285714285
5805,recomendar llevar en el auto y cuando los multen solicitar el numero de articulo que sustenta la mul,11,0,0,0.0
5806,nos cobran pedir que nos envien el libro gratis a nuestras casas xq siempre es el de el que no conoc,13,0,0,0.0
5807,entonces dame el libro que debo de leer oficial sebastian gracias por la ayuda la informacion y la l,14,0,0,0.0
5808,asi como es la gente de cdmx con su delincuencia y mas si ya lo conocen el ciudadano le tiene miedo ,9,0,3,-0.3333333333333333
5809,menudeos y a los policias con quien nos quedamos entonces a todas esas ratas tiene que darles carcel,11,0,1,-0.09090909090909091
5810,mi experiencia una vez en la prepa estaba con mi ex novio en un deportivo realmente no estabamos hac,9,0,0,0.0
5811,la camara y que nos tenian que retener y llamar a nuestros papas alfinal la policia dijo que habia o,9,0,0,0.0
5812,dio para que nos dejara ir ella inicialmente nos pidio pero eso era lo unico que traiamos y nos amen,9,0,0,0.0
5813,deportivo y que ya apresados ibamos a pagar mas de pesos y asi nos espanto gracias eva por estar pen,13,0,0,0.0
5814,suena mucho a intencion politica yo ya no le creo gracias eva por evidenciarlo los ciudadanos pagan ,12,0,0,0.0
5815,familiares padres hijos y mexico traidores a la patria la moto en el minuto a href con la placa tapa,13,0,0,0.0
5816,parte como ciudadanos ya se descontrolo y no hacen nada estan extorsionando en todos lados son demas,11,0,0,0.0
5817,con monreal y sandra cuevas pueblo en el hay que darle un susto a morena como lla estan en el poder ,10,0,0,0.0
5818,para que los saquen va a estar canijo porque cambiaron el poder judicial y el ife le aprendieron bie,10,0,0,0.0
5819,cambio que iba a ver y la presidenta protejiendo a adan augusto lopez y al gobernador de sinaloa que,11,0,0,0.0
5820,saven que son de la pizza estamos jodidos como les digo morena lla cambio todo ahora si pierden van ,9,0,0,0.0
5821,por quien votar si todos son iguales kerian plan c se les dio el plan c que hacen nada sigue igual l,11,0,0,0.0
5822,curaron de corrupcion lla no roban dios proteja y cuide de este gran abogado que esta dedicando su v,13,0,1,-0.07692307692307693
5823,corrupto pero tambien hay que reconocer a los policias buenos a mi me han ayudado a cambiar llanta p,9,0,0,0.0
5824,no tanto para evidenciar este ejercicio de corrupcion en la sociedad y solucionarlo br la realidad e,10,0,1,-0.1
5825,es muy conveniente esto videos para que al final moneticen es a este tipo de influencies titulares d,11,0,0,0.0
5826,ante el mp de lo contrario presenten la queja ante asuntos internos o contraloria municipal y dejen ,13,0,0,0.0
5827,pie es muy probable que lo extorsionen y que enla realidad no se cuenta con una solucion evidencien ,11,0,0,0.0
5828,es mas conveniente hacer videos que puedan capitalizar yo paso por ahi para ir a la chamba no sabia ,11,0,0,0.0
5829,ru abogado con eva maria beristain este abogado si que es un heroe eva te veo enamorada de la justic,19,0,0,0.0
5830,a la historia por hacer las cosas bien que orgullo y honor les tengo me asaltaron hace unos anos con,9,0,0,0.0
5831,para revender los celulares obtenidos en sus robos los policias me dijeron danos mil y vamos por ell,12,0,1,-0.08333333333333333
5832,para resolver problemas asi te piden dinero obviamente por que el criminal da mas para seguir roband,11,0,1,-0.09090909090909091
5833,vez esta mas cabron la situacion entramos a otro nivel de dificultad cada vez nos tenemos que cuidar,13,0,1,-0.07692307692307693
5834,hacen su trabajo policias que deberian velar por el bien de la ciudadania ya son un peligro al mismo,11,0,4,-0.36363636363636365
5835,al inocente lo bueno que el pais esta mejor segun los politicos es claro q son culpables los policia,12,0,0,0.0
5836,policia entonces pues el policia debe sacar esa cuota se deberia tmb hacer algo al respecto ese prog,11,1,0,0.09090909090909091
5837,se burlan de nosotros los mexicanos mejor ponga cosas positivas senorita banda estoy viendo los come,15,0,0,0.0
5838,algo esto es brutal nos estan evidenciando el actuar de nuestra quot seguridad quot algo que hemos v,14,1,0,0.07142857142857142
5839,y ensenarle esto a la pseudo presidenta tus carpetas hablarlas o ya lo hiciste con raquel buenrostro,13,0,0,0.0
5840,es el estado preferido pero delfina en mi punto de vista no le pone interes solo se necesito una esq,11,0,1,-0.09090909090909091
5841,de transito hasta los gobernadores de cualquier partido esta podrido este sistema yo soy uber y a di,11,0,0,0.0
5842,mismos andan bien sobres con los de la verificacion y foraneos al tiro ahi en el toreo mexico podrid,12,0,0,0.0
5843,sacarlos en las proximas elecciones felicidades agarren a los ratas quot la corrupcion no se acabado,16,0,2,-0.125
5844,que el ru fue amor efimero de a href ru abogado es la ley ese supervisor esta rellenito no por su su,13,0,0,0.0
5845,br alguien con un sueldo normal no esta quot rellenito quot los municipales estan mal el es en todo ,13,0,1,-0.07692307692307693
5846,con la policia federales ase uno s anos atras nadamas que una s personas que miraron me ayedaron yo ,13,0,0,0.0
5847,esas personas que me ayudaron sino talves asta mi land cruiser me ayan quitado es necesario tener un,17,0,0,0.0
5848,trabajo tambien ati maria te amo que feo que haya seres humanos asi de culer s por eso la vida no le,12,0,0,0.0
5849,el final en la lucha contra la corrupcion evis amo a ru abogado ambos ayudando al ciudadano como deb,14,0,1,-0.07142857142857142
5850,hasta que vi que solo siguen ordenes pocos los de vocacion todo el mundo tiene la culpa por no meter,11,1,0,0.09090909090909091
5851,polis grabaciones tras grabaciones en redes sociales se tendrian que detener estos videos mendenselo,14,0,0,0.0
5852,ay corrupcion en mexico una vez me detuvieron de salida yo tengo placas de qro una policia en motoci,13,0,1,-0.07692307692307693
5853,todo en regla iba manejando bien y dentro de los limites de velocidad pues no me preocupe empezo a d,11,0,0,0.0
5854,no era cierto pero como te hablan fuerte intentan enredarte y provocarte miedo conserve la calma y l,12,0,0,0.0
5855,claramente decia x fecha pero como llevan prisa tienen el tiempo contado para extorsionar y como seg,15,0,0,0.0
5856,transito y empece a marcar se desespero se subio a su moto y se fue se requiere mas gente como uds b,12,0,0,0.0
5857,cobran solo suena a ley y en tono chaka montoneros no les cream la colaboracion que no se si alguien,13,0,0,0.0
5858,puro cuico del bienestar que tiene que aportar a las campanas ridiculo el tipo que se ostenta como a,14,0,0,0.0
5859,eva por mostrar lo que pasa por naucalpan y periferias del estado de mexico dios te bendiga proteja ,12,0,0,0.0
5860,esta muy interesante y bien guapo el ru no te pusiste nerviosa respect que chistoso que empezo a fun,12,0,0,0.0
5861,puro ruido social eva ven a tu tierra izcalli hay una mafiota de axel garcia alejandra del moral ant,17,0,0,0.0
5862,los indigentes ya traen gafete acme da permisos para circular a carros cuando no se puede ya coptaro,13,0,0,0.0
5863,como el uniforme quirurgico porque les ds la finta de que si son y solo es un disfraz ojo su identif,9,0,0,0.0
5864,debe de tener conocimientos de la ley y sacar el manual para que el ciudadano entienda porque es la ,12,0,0,0.0
5865,asi es papi bajate bajate nel gracias lic rua por apoyar a la comunidad gracias eva maria beristain ,16,0,0,0.0
5866,me an quitado en extorsion minimo unos mil pesos a lo largo de los anos son unas ratas de alcantaril,13,0,2,-0.15384615384615385
5867,que todo servidor publico debe de dar sus datos completos tu auto es propiedad privada no se pueden ,11,0,0,0.0
5868,el hospital el nombre del que te esta atendiendo y yo no se xq los policias no les dsn cedulas para ,10,0,0,0.0
5869,oficial porque la ropa no nos asegura que sean policias una colaboracion q no pedimos pero la necesi,11,0,0,0.0
5870,bn pasaditos de lanza y los de naucalpan ni se diga ese punto lleva mas de anos como minimo br esa e,9,0,1,-0.1111111111111111
5871,amlo el president de todo se entera y luego br le vale madres el ciudadano la neta esta colaboracion,14,0,0,0.0
5872,en sus laureles lopez obrador fue lo que dejo puro robar y ahora con la lagartija pobre mi mexico yo,11,0,0,0.0
5873,fue bueno para gente como esta son los que realmente deberian de dirigir al pais ahora si se pararon,13,0,0,0.0
5874,aver que tal estos son ratoncitos comparados con las otras lacras eso no lo hace cualquier bro vient,10,0,0,0.0
5875,le hubieras preguntado que onda con sandra cuevas ya que ambos estuvieron de ratas creo que te acerc,13,0,2,-0.15384615384615385
5876,todos esos mugres puestos afuera del paradero y de la plaza parqueadero toreo espero que con la difu,14,0,0,0.0
5877,de la policia pertenecen el cartel de transito y su jefa delfina segun morena se iba a acabar la cor,14,0,1,-0.07142857142857142
5878,esto termina jajaja todos sabemos que la gobernadora y la presidenta lo saben y son las jefas de el ,10,0,0,0.0
5879,anos y me sacaron mil pesos invita en el hilo negro a un poli de transito difundan conoooooooooooooo,14,0,0,0.0
5880,el periferico las fiscalias no todos pero el por ciento de los servidores en naucalpan son corruptos,12,0,0,0.0
5881,somos el municipio numero a nivel nacional en violencia de genero con un numero de desaparecidos que,15,0,2,-0.13333333333333333
5882,ahora que llegue el mundial van andar con todo en el minuto a href hay un sujeto de tras de eva con ,10,0,0,0.0
5883,rata eso es muy cierto no hay que tener miedo a href ese wey es panista solo es mamador del erario p,11,0,1,-0.09090909090909091
5884,autos que sean infraccionables como evitarlo br pues teniendo todo en regla estuvo increible el vide,15,0,0,0.0
5885,asuntos internos osea que el presidente municipal tiene mas escoltas personales que la ciudadania pa,13,1,0,0.07692307692307693
5886,estaba el prianrd que poca madre ten cuidado con estos temas debes de cuidarte mas ahora desgraciada,14,0,0,0.0
5887,mexico y izcalli se han notado hasta policias en motos y caros no oficiales y son municipales y tran,14,1,0,0.07142857142857142
5888,lo que necesitamos es el voto masivo a morena toda la corrupcion ha sido por parte del prian y en un,10,0,1,-0.1
5889,nuestro senor presidente andres manuel lopez obrador y el humanismo mexicano que nos regalo estamos ,15,0,0,0.0
5890,entregaron el pais ela la mana y personas como garcia luna y calderon nosotros somos moralmente supe,15,0,0,0.0
5891,dos anos me pararon por traer placas de provincia con el pretexto del no circula que obviamente habi,10,0,0,0.0
5892,retuvieron mis documentos me querian llevar a un cajero y terminaron cobrandole a mi jefe mil pesos ,13,2,0,0.15384615384615385
5893,que sabra dios de quien era y luego cuando por fin me soltaron porque se sintio como un secuestro ex,9,0,1,-0.1111111111111111
5894,sacar mas dinero son una verdadera vergenza que alguien me explique como todos los ciudadanos vemos ,12,1,0,0.08333333333333333
5895,a su disposicion no las ve facil respuesta todos son un equipo de extorsionadores no que con la brug,11,0,1,-0.09090909090909091
5896,la brugada se acabaria la corrupcion que valientes gracias por enfrentar en cancer que corrompe a nu,14,0,1,-0.07142857142857142
5897,miedo de conducir vehiculos en cdmx pero es tradicion mexicana que esten robando nunca va a parar as,14,0,0,0.0
5898,que poner camara en el cuerpo como en los angeles cada vez que paren a jente asta entonces van a emp,11,0,1,-0.09090909090909091
5899,supuestamente representan la ley de mexico la respuesta es la technologia esos polis son puro primar,17,0,0,0.0
5900,abogado ojala que con este video todos nos unamos en un cambio gran colaboracion deberian colaborar ,15,0,0,0.0
5901,en el monumento a revolucion y mananeras a href que poca madre de algunos policias buenas con el hum,12,0,0,0.0
5902,naucalpan los de movilidad activaron el transito que gacho vientos eva saludos desde dallas tx l s q,17,0,0,0.0
5903,espuria sheiumban y su palo nark amlo a ellos hay q fichar y registrar en la corte internacional de ,16,0,1,-0.0625
5904,x huachicol nark y t rr r sm cada policia que aparecia se veia mas trakala que el primero la verdad ,14,0,0,0.0
5905,les pediran sus superiores del diario ala semana o al mes cuanto juntan hola evis ojala y puedas hac,18,0,0,0.0
5906,de las injusticias para las pensiones como tienes que formarte desde la madrugada o dia anterior com,11,0,0,0.0
5907,como quisiera tener un novio asi ru abogado un verdadero activista contra la corrupcion dentro del g,12,0,1,-0.08333333333333333
5908,mas detestable no del pais del mundo el crossover que no sabiamos que necesitamos el mejor contenido,13,0,0,0.0
5909,ru abogado sus huevotes vienen por separado son unos hijos de la berenjena los porquis ya vienen con,17,0,0,0.0
5910,tu camioneta se te va quemar la bomba de gasolina si la traes con la pura reserva y si es una lana c,14,0,0,0.0
5911,uno de la guardia nacional me bajo hdptm la gobernadora inutil de delfina deberia poner atencion a e,14,0,0,0.0
5912,tantas carencias del edomex de verdad este episodio de be de ser el mejor la primera ocacion que me ,8,0,0,0.0
5913,un sabado trabajaba en una tienda y ese dia sali del trabajo guarde mi dinero en mi mochila ya que l,10,0,0,0.0
5914,eso lo avia guardado en la mochila br bueno vajo del camion se me van oficiales diciendome es el es ,10,0,0,0.0
5915,quitaron la mochila y esvulcaron como si supieran que hay avia guardado ni dinero y los muy hdspm me,12,0,1,-0.08333333333333333
5916,fue la policia hay en el toreo pero nosotros igual como civiles deberiamos de en lugar de decir quot,12,0,0,0.0
5917,lo son no lo por que los policias quieran su mordida donde existe autoridad existe corrupcion que bu,10,0,1,-0.1
5918,menciona esto en la mananera que huevotes tiene ese abogado que valiente eva que bien que te preocup,11,0,0,0.0
5919,el poli es caso de extorsion pida un poli uno adulto jajajajaja seria mas gracioso si no fueran un g,13,0,2,-0.15384615384615385
5920,todo acto de transito debe estar fundado motivado y realizado conforme a procedimiento estos videos ,14,0,0,0.0
5921,mordelones la quot solidaridad mexicana quot del o del fue una vil mentira del marketing ensenale el,12,0,0,0.0
5922,el pais es verdad esta bien nuestro pais pero bien corrompido gracias ha nuestros politicos q son un,10,0,1,-0.1
5923,actuando igual o peor junto con el partido de morena el partido del cambio supuestamente el deadpol ,14,0,0,0.0
5924,esta bien y que el pais ha cambiado a partir de la llegada de su partido y solo en sus mananeras dic,8,0,0,0.0
5925,no asistan a la mananera mentirosa y quien es el mentiroso el gobierno o tv azteca les duele que les,13,0,0,0.0
5926,al evidenciar la corrupcion del cartel de los azules y eso al gobierno le incomoda no le gusta pues ,14,0,2,-0.14285714285714285
5927,los verdaderos delincuentes son los policias a sandra cuevas porque no la invito ru abogado dicen qu,14,0,2,-0.14285714285714285
5928,ya de poliratas prepotentes extorsionadores vividores del pueblo traidores a la patria carcel carcel,15,0,0,0.0
5929,eva pero esa obsesion por ver solo lo malo ya me aburre algo me encantaria nos presentaras tambien l,9,0,0,0.0
5930,o porque no hablas de otros partidos mas que morena y morena y hay estados donde no esta ese partido,10,0,0,0.0
5931,si no como una persona que no cree en preferencias politicas saben porque piden porque es el limite ,11,0,0,0.0
5932,saludos y bendiciones eva felicidades x tus documentales dios te bendiga che eva eres un crack hagam,17,0,0,0.0
5933,por la plaza hipodromo justo dos mujeres policias no traian placas lo malo que no se pueden poner su,14,0,0,0.0
5934,buen video pero creo que ya es tiempo que nos eduquemos en cuanto a este tema todo comienza desde la,7,0,0,0.0
5935,el sobornar a alguien por ningun motivo no des dinero en lugar de sentirnos protegidos por las autor,11,0,0,0.0
5936,o nos intimiden al entrar a nuestras comunidades la seguridad deberia generar confianza no miedo tri,16,2,3,-0.0625
5937,por fin hacer publico esta extorsion de naucalpan y tlalnepantla br rua es el heroe del estado de me,12,0,1,-0.08333333333333333
5938,tenia cambio para darle al vato que da el paso se molesto y le pego a mi auto aboyandolo al bajarme ,12,0,0,0.0
5939,todos los de ahi si mal no recuerdo cuando yo trabajaba en la funeraria gayosso me daba cuenta que s,8,0,1,-0.125
5940,era antes hoy en dia no me consta el crossover que necesitabamos excelente trabajo periodistico grac,13,0,0,0.0
5941,bien eva muy arriesgado este tema eres muy valiente felicidades pare desafortunadamente la corrupcio,11,0,1,-0.09090909090909091
5942,que buen video me encanta tu contenido me encanta tu labor el querer tratar de retratar a mexico ere,13,0,0,0.0
5943,me paraba br no les ganas br a los polipuercos nunca hola eva saludos from vegas no creo en dios per,12,0,0,0.0
5944,a este buen hombre que dios te acompane eva br a href valiente mujer cuidate aqui en el estado de tl,12,0,1,-0.08333333333333333
5945,a mi hijo le quitaron su mochila y cartera el trabajaba de paseador de perros y estudiaba lo fueron ,12,0,0,0.0
5946,es la realidad aqui en queretaro te hicieron una pintura felicidades q tremenda colab uno como condu,13,1,0,0.07692307692307693
5947,pasandole plata al p l c a c rr up que solo quiere r b r no podemos dejar ntimidarnos tenemos quie i,17,0,0,0.0
5948,me encanta tus programa maria eva y pensar que te conoci viendo video de lugares que recomendadas pa,14,1,0,0.07142857142857142
5949,comunicas para mi parecer un excelente equipo de trabajo a href en el estado de guanajuato los polic,14,0,0,0.0
5950,al transeunte para decir despues que se niegan o simplemente abuso fisico y policial el trabajo de p,11,0,0,0.0
5951,te desaparecen en el momento no es tan facil hay ru cuidate mucho por que esta madre ya parece la gu,9,0,0,0.0
5952,y no te han hecho pasarte al lado obscuro pero ya vez a grafuch la balacera que le pegaron hasta que,8,0,1,-0.125
5953,shein y esa pues ya nacio dentro del narco y nada mas es el frente de este narcogobierno y luego ya ,8,0,1,-0.125
5954,quien se acuerda de la funcionaria trans a la que le montaron junto con su pareja el asesinato el un,8,0,1,-0.125
5955,la historia hay un monton de gente que este narco gobierno cuando las personas no quieren entrarle a,13,0,3,-0.23076923076923078
5956,y otros ya nacen dentro de ese narco gobierno por eso no les cuesta trabajo hacer todo el desbarajus,9,0,1,-0.1111111111111111
5957,de ese tigre cada vez esta mas debil colaboracion que no sabia que necesitaba para cuando la colab c,11,0,0,0.0
5958,y de la ciudad de mexico son los mas corruptos son muy valientes y ese cabron quien es xd mal mal pa,10,0,2,-0.2
5959,asuntos internos que aprenda a hablar y se uniforme debidamente como policia por q parese cualquier ,14,0,0,0.0
5960,que la palabra reten ya no se ocupa y el tal ru abogado me va hacer llorar por tanto que se queja po,8,0,0,0.0
5961,ayudar a la ciudadania gracias por esta colaboracion por eso se nos es dificil confiar en todos los ,9,0,0,0.0
5962,otra manera actuar a espaldas de la comunidad no debemos quedarnos callados hacer denuncias funciona,16,0,0,0.0
5963,estos videos informativos nos ayudan a abrir nuestra mente gracias eva siempre tendras nuestro respa,12,0,0,0.0
5964,fuera cierto no pasarian estas cosas br tampoco se auto enganen candidata a colaboracion del ano que,13,0,0,0.0
5965,sea un dwmonio andante te admiro mucho eva eres un ejemplo a seguir eva en que alcaldia vives colabo,13,0,0,0.0
5966,en circulacion la raiz de problema esta en sus superiores quien los condicionan lo que se le llama e,11,1,0,0.09090909090909091
5967,bien rua abogado la colaboracion que no esperaba pero que delicia verlos exponer a esa bola de malan,17,1,0,0.058823529411764705
5968,mucho he visto videos de eva pero aveces pienso que va por una linea politica y ahora sale con ese t,12,0,0,0.0
5969,colaboracion con los chicos de proyecto escolar yo solo vine por que lo vi en tik tok ru abogado es ,14,0,0,0.0
5970,no lo quiere eva maria ojala pudieras ir al puerto topolobampo sinaloa la gente esta en contra de pr,14,0,0,0.0
5971,vergenza de policias me gustaba tu otro intro vivo a minutos de ahi xd buena tarde me gustaria tener,15,0,1,-0.06666666666666667
5972,abogado conforme a la logica la razon la jurisprudencia buen entendimiento y la ley en temas de dere,16,0,0,0.0
5973,ultrajes como infraccion y las innumerables veces que las ha cometido br br seria bueno poner a prue,13,0,1,-0.07692307692307693
5974,la presidenta no hace nada colaboraciones que no esperaba pero si queria vas a cubrir algo del mundi,13,0,0,0.0
5975,con el pelon nos quejamos de los gobernantes pero todos los funcionarios publicos desde el que esta ,8,0,1,-0.125
5976,mejor en tus temas y una valiente mujer saludos desde carmen campeche eva mi novia y yo siempre te v,11,0,0,0.0
5977,veces en edo mex los policias y lamentablemente no me queda mas que agradecer que no me hayan dado u,14,0,1,-0.07142857142857142
5978,magico quot salu oc saludos desde san luis potosi esta colaboracion no sabia que la esperaba saludos,19,0,0,0.0
5979,chivonas ya le cargo el payaso jajaja jajaja el karma creo que no va aber live toda y ok sale hay as,13,0,0,0.0
5980,importante que nos apoyes con tu like y que comentes tu opinion de la noticia en este video br un sa,15,0,0,0.0
5981,y ahora que entre amanda mas agua gracias yair por informar bendiciones para que crezca tu plataform,13,1,1,0.0
5982,nuevo subscritor ahi maravilloso video oiga no me di cuenta ideas para futuros videos comenten en es,15,0,0,0.0
5983,veo que hacen forms de la capital veo que brugada queda ro xd a href puri quedando do es inesperado ,18,0,0,0.0
5984,a creer que el evento canonico de la cdmx es que mancera ganara siempre lo veo ganar en suposiciones,17,1,0,0.058823529411764705
5985,de color hasta uff hola amigos espero que les guste esta historia sigo generando historias nuevas y ,16,0,0,0.0
5986,sus comentarios y les aseguro respuesta sigan apoyandome les agradezco su suscripcion regalenme sus ,14,0,0,0.0
5987,nos les cuesta nada visita mi canal y escucha los musicales que sean de tu agrado br a href,8,0,0,0.0
5988,vecinos de naucalpan estrenan cancha en la colonia mexico como legado del mundial social el sol de m,18,0,0,0.0
5989,mexico como legado del mundial social es la primera cancha que se adapto en el marco de esta iniciat,14,0,0,0.0
5990,que se adapto en el marco de esta iniciativa impulsada por el gobierno federal ruben perez estudiant,14,1,0,0.07142857142857142
5991,mexico mexicodomingo de mayo de estudiantes de la unam tardan mas tiempo en concluir la preparatoria,13,1,0,0.07692307692307693
5992,y llegan a licenciatura con pase automatico en la unam se elevo en los ultimos anos rescatan modulo ,15,2,0,0.13333333333333333
5993,sol de mexico rescatan modulo de seguridad en colonia olimpica radio para fortalecer vigilancia en n,18,4,0,0.2222222222222222
5994,municipal mantendran presencia permanente ruben perez cumplira funciones de un sitio de vigilancia y,21,3,1,0.09523809523809523
5995,permiten paso gratuito en casetas de san marcos y naucalpan ecatepec el sol de mexico localjueves de,17,1,1,0.0
5996,marcos y naucalpan ecatepec los manifestantes bloquearon modulos de cobro y levantaron las barreras ,17,0,0,0.0
5997,nacional lendaly elizalde y fernando solis choque en incendio de trailer en la chamapa lecheria deja,18,0,1,-0.05555555555555555
5998,junio de restablecen circulacion tras accidente de trailer en la chamapa lecheria la circulacion fue,14,3,0,0.21428571428571427
5999,la circulacion fue cerrada en ambos sentidos de la circulacion debido a las maniobras para retirar l,15,2,0,0.13333333333333333
6000,el sol de mexico locallunes de junio de mexiquense noticias estrena espacio informativo dedicado al ,18,1,0,0.05555555555555555
6001,ciudadana mexiquense noticias lanza un espacio televisivo enfocado en los municipios del oriente mex,17,1,0,0.058823529411764705
6002,protesta libera cnte peaje caseta naucalpan ecatepec el sol de toluca el sol de mexico lo visto loca,19,0,0,0.0
6003,neza vuelve a abrir sus puertas anos despues del mundial de localbanobras asumira operacion del tren,19,1,0,0.05263157894736842
6004,aterriza en pionyang para su primera visita a corea del norte en siete anostendenciasmundial los fut,14,0,0,0.0
6005,su territorio la prensa el sol de mexico preparan la restauracion de zonas forestales en edomex el s,17,2,0,0.11764705882352941
6006,en edomex buscan autoridades disminuir la erosion del suelo y contribuir en la recarga de acuiferos ,15,2,0,0.13333333333333333
6007,de chapultepec abre sus puertas gracias a la intervencion del programa lapis la prensa el sol de mex,17,1,0,0.058823529411764705
6008,comunitario el bosque de chapultepec estrena un espacio renovado para la primera infancia con accesi,19,1,0,0.05263157894736842
6009,cdmx empujarian a turistas mundialistas hacia el estado de mexico el sol de mexico hoteles llenos en,14,0,0,0.0
6010,mexico espera recibir miles de turistas para la copa mundial de futbol debido a la saturacion y alto,17,0,0,0.0
6011,promovera la contratacion de seguros medicos noe alvarez pascual el sol de toluca arca continental i,21,1,0,0.047619047619047616
6012,de junio de salon vive petstar un salon que ensena a reciclar jugando en nl el nuevo salon vive pets,17,0,0,0.0
6013,recuperadas se convierten en envases y cultura circular erika estrada la prensa estado de mexico pre,17,1,0,0.058823529411764705
6014,con la campana estadio de mexico el edomex se declara listo para el mundial la entidad mexiquense es,17,0,0,0.0
6015,rueda esto cuantos partidos del mundial seran en ciudad de mexico ultimas notas el poderoso de la ca,17,0,0,0.0
6016,madrid con miras a su primer tour de france isaac del toro regresa de su lesion para llegar en la pr,16,0,0,0.0
6017,es historico gano la medalla de plata en la liga diamante inauguran canchas de futbol en venustiano ,18,0,0,0.0
6018,venustiano carranza rumbo al mundial uno de los eventos principales se realizo en el parque emilio c,16,1,0,0.0625
6019,una jornada de actividades recreativas copa steren el evento donde se comparte la fiebre futbolistic,17,2,0,0.11764705882352941
6020,futbolistica entre influencers creadores de contenido participaron en un evento para mostrar su espi,18,1,0,0.05555555555555555
6021,mundial ultimas notas valle de mexico entre la empatia y la violencia en ascenso el sol de mexico an,14,0,1,-0.07142857142857142
6022,violencia en ascenso las opiniones vertidas en este articulo son responsabilidad de quien las emite ,13,0,1,-0.07692307692307693
6023,mas noticias columnas cartones loultimo newsletter te quedas fuera de la conversacion mandamos a tu ,18,0,0,0.0
6024,la medicina del futuro el sol de toluca el sol de mexico localmartes de junio de edomex apuesta por ,17,0,0,0.0
6025,el estado de mexico se consolida como referente nacional en cirugia robotica dentro del sistema publ,15,0,0,0.0
6026,de salud en todo el pais fabian lobito trejo camino a ser el numero uno el sol de mexico deportesdom,15,0,0,0.0
6027,numero uno comprometido con sus suenos el orgullo sanjuanense no quita de la vista ganar el cinturon,16,0,0,0.0
6028,vista ganar el cinturon juvenil plata aicm aclara que no exigira vacunas obligatorias a turistas del,19,0,0,0.0
6029,vacunas obligatorias a turistas del mundial la secretaria de salud de la cdmx esta intensificando la,14,1,0,0.07142857142857142
6030,la llegada masiva de viajeros internacionales por el evento ojala lo apaguen o ya valimos el temor d,15,1,0,0.06666666666666667
6031,mexico ojala lo apaguen o ya valimos el temor de comerciantes por incendio en bodega de la venustian,15,0,0,0.0
6032,rescate debido a que las llamas se extendieron por el material inflamable que habia en el galpon yen,15,2,0,0.13333333333333333
6033,frente al estadio del toluca el sol de mexico localjueves de junio de la otra cara del mundial madre,17,0,0,0.0
6034,reunian a las afueras del nemesio diez madres buscadoras y familiares de personas desaparecidas conv,17,0,0,0.0
6035,como una de las entidades con mas casos sin resolver del pais ximena garcia exigen terreno para kind,16,0,0,0.0
6036,localviernes de junio de exigen terreno para kinder en chalco protestan frente a palacio de gobierno,18,1,0,0.05555555555555555
6037,mientras docentes denunciaron carencias historicas en escuelas de la zona oriente del edomex ximena ,18,3,0,0.16666666666666666
6038,locallunes de junio de convocan a jornada masiva de limpieza en los municipios del edomex la activid,13,1,0,0.07692307692307693
6039,medio ambiente con la participacion de autoridades organizaciones y ciudadania paola montoya el sol ,16,1,0,0.0625
6040,sol de mexico localmiercoles de junio de mundial pone al estado de mexico en la ruta de turistas y a,17,1,0,0.058823529411764705
6041,recibir a visitantes durante la copa del mundo hoteles restaurantes y servicios serian los principal,16,0,0,0.0
6042,sol de mexico analisissabado de junio de la ultima frontera de la privacidad neurodatos y democracia,14,0,0,0.0
6043,y no de esta casa editorial aqui se respeta la libertad de expresion ultimas columnas mas noticias c,14,0,0,0.0
6044,correo el mejor resumen informativo comerciantes bloquean la toluca atlacomulco denuncian insegurida,20,0,1,-0.05
6045,inseguridad en tianguis de palmillas el mercado se ha convertido en una bomba de tiempo advirtieron ,14,0,1,-0.07142857142857142
6046,oportunidades de venta ximena garcia representante indigena de nicolas romero debera recibir remuner,22,0,0,0.0
6047,recibir remuneracion determina el teem el tribunal electoral del estado de mexico ordeno al ayuntami,19,0,0,0.0
6048,presuntos actos indebidos contra la alcaldesa de tenancingo noe alvarez pascual el sol de toluca cae,20,0,1,-0.05
6049,en ecatepec el sol de mexico cae misael n el borregas presunto operador de los uson dedicados al des,18,0,1,-0.05555555555555555
6050,baez exregidor de ecatepec quien se encuentra evadido de la accion de la justicia son acusados de en,17,0,1,-0.058823529411764705
6051,fetos la ciudad es segunda estatal en embarazo infantil el sol de mexico policiacajueves de junio de,16,0,0,0.0
6052,infantil los casos fueron localizados en san pedro totoltepec la colonia tlacopa y valle verde mient,15,0,0,0.0
6053,segunda cifra mas alta del edomex temas el sol de mexico el mundial de afuera de los galeana al azte,16,1,0,0.0625
6054,de colonias populares se reunieron frente a una pantalla gigante en el deportivo hermanos galeana pa,15,0,0,0.0
6055,fest obras protestas trafico y boletos inalcanzables la capital volvera a mirar el futbol desde afue,19,0,1,-0.05263157894736842
6056,mexicanas para que detengan a funcionarios de sinaloa acusados por eu gossipdavid bisbal anuncia con,17,1,0,0.058823529411764705
6057,toluca el sol de mexico el sol de mexico policiacasabado de junio de sentencian a anos de carcel a j,15,0,1,-0.06666666666666667
6058,una cuota de dinero semanal a un comerciante a cambio de permitirle trabajar sin causarle dano este ,15,0,0,0.0
6059,de permitirle trabajar sin causarle dano,3,0,0,0.0
