doc_id,texto,tokens,positivas,negativas,polaridad_score
0,la emocion ya se siente en la losremedios entre porras banderas y sonrisas las familias naucalpenses,39,0,0,0.0
1,asi se vivio salonvictoria en el mundialsocial cuatrocasas naucalpan mexico,6,0,0,0.0
2,hoy mexico nos vuelve a unir vivamos juntos la pasion por nuestra seleccion nacional en los octavos ,17,0,0,0.0
3,no te puedes perder a royal club en el foro cuauhtemoc ven con tu familia y amistades a disfrutar te,19,1,0,0.05263157894736842
4,asi se vivio baby aventurero en el mundialsocial cuatrocasas naucalpan mexico,7,0,0,0.0
5,hoy mexico nos vuelve a unir vivamos juntos la pasion por nuestra seleccion nacional en los octavos ,18,0,0,0.0
6,que onda con la contaminacion auditiva que establecimientos como el de la pizzeria que esta en el ce,13,0,2,-0.15384615384615385
7,en el lugar nacional de mejores alcaldes y no no es un examen sorpresa es reconocimiento al trabajo ,10,0,0,0.0
8,candidato para proximo gobernador del edomex sin duda o quien mas laperiferiaresiste,5,0,0,0.0
9,super gracias,2,0,0,0.0
10,alcanzo el lugar nacional en el ranking mitofsky de aprobacion ciudadana con de respaldo ademas es e,19,2,0,0.10526315789473684
11,hola buenos dias quiero darle las gracias ayer reporte estos baches y hoy ya los estan reparandolos ,10,0,2,-0.2
12,sr presidente disculpe es un abuso lo que estan pretendiendo cobrar las gruas concesionadas de su mu,20,0,0,0.0
13,sr pesidente estoy siendo abusado en mi persona por gruas consesionadas de su municipio al pretender,13,0,0,0.0
14,hola buenas tardes nos pueden ayudar a tapar estos mega baches por favor urbina no col parque indust,12,0,1,-0.08333333333333333
15,y si si manana bachean la calle carril de la mora entre barranca del mezquite y lomita del sur san m,14,1,0,0.07142857142857142
16,o sea el presidente habla del presidente en tercera persona en su propia cuenta entonces no es el qu,5,0,0,0.0
17,presidente de naucalpan en lugar de poner unos pajaros de metal y unas macetas de colores que no cor,18,1,0,0.05555555555555555
18,oye isaac y esas torres horrendas de pisos enfrente del hospital de traumatologia si tienen permiso ,10,0,0,0.0
19,urge atencion en la zona del molinito el centenario san jose de los leones granjas muchas vialidades,11,0,0,0.0
20,y si mejor arreglas el cagadero que se hizo ayer en periferico echegaray lomas verdes y satelite tod,11,0,1,-0.09090909090909091
21,primero arregla servicios y baches y ya no den permisos irregulares ponte a trabajar,7,0,1,-0.14285714285714285
22,y donde esta el tripon de hoy no quiere selfie de inauguracion el inepto corrupto botijon naucalpan ,13,2,1,0.07692307692307693
23,mas de una hora y la unidad cuauhtemoc inundada y ninguna ayuda del municipio,6,0,0,0.0
24,las huellasdelatransformacion llegaron a ampliacion martires de rio blanco donde recuperamos un espa,34,1,0,0.029411764705882353
25,la torre latinoamericana se ilumino con la frase y si si de un mensaje que encendio la ilusion de la,20,0,0,0.0
26,vamos mexico,1,0,0,0.0
27,el gobierno de ciudad naucalpan encabezado por el presidente municipal isaac montoya continua impuls,39,4,0,0.10256410256410256
28,que hay alrededor de plaza satelite que estan peligrosisimos y que ponen en riesgo a decenas de trab,8,0,1,-0.125
29,me reuni con integrantes de la asociacion de desarrolladores inmobiliarios adi para fortalecer la co,36,2,0,0.05555555555555555
30,el pasado gobierno de morena con patricia duran la expanista hermana de otros presidentes municipale,22,0,1,-0.045454545454545456
31,despues de mas de anos de espera iniciamos la transformacion integral de la avenida pinosuarez en la,11,1,0,0.09090909090909091
32,vivimos un momento historico para ciudad naucalpan mas de mil personas nos reunimos en la basilica d,97,2,0,0.020618556701030927
33,durante el mundialsocial lascuatrocasas tuve el gusto de conversar con los integrantes de sekta core,27,0,0,0.0
34,te amamos mexico asi se vivio en ambiente mundialista desde la odadehierro naucalpan,7,0,0,0.0
35,en pafnuncio padilla hay individuos cobrando por mi seguridad la seguridad es responsabilidad de la ,11,2,0,0.18181818181818182
36,claramente se ve que pertenecen a sus oficiales de policia son ineptos incompetentes e imbeciles tod,26,0,1,-0.038461538461538464
37,mas de hrs reportada y no hay personal ni para cerrar llave pero para parquimetro sobra personal el ,11,1,1,0.0
38,mas de hrs reportada la fuga y no hay personal pero si hay personal para los parquimetro de la zona ,15,1,3,-0.13333333333333333
39,que tal los policias de naucalpan arrestando a un senor que reparte volantes pero les llamas cuando ,17,0,1,-0.058823529411764705
40,lo que necesita naucalpan es agua y seguridad no puede ser que dominen grupos de la mana solo haya u,17,4,2,0.11764705882352941
41,la super avenida lomas siempre es complicada y gente necia que quiere estacionar en campos de americ,11,0,0,0.0
42,ojala pusieran orden con estos finos automovilistas que ocupan las banquetas como estacionamiento,8,0,0,0.0
43,con la entrega de la huella de la transformacion numero el presidente municipal reafirmo su compromi,15,3,0,0.2
44,si son los mismos policias los que andan robando como va bajar,4,0,0,0.0
45,en la bajada del segundo piso en lomas verdes h traumatologia ya hay personas pidiendo dinero sin ni,10,0,0,0.0
46,asi deberian de reducir los permisos de construccion que no respetan los horarios y dejan dormir con,15,0,0,0.0
47,y como para cuando atenderan las areas olvidadas de la zona industrial es una verguenza como tienen ,7,0,0,0.0
48,lamentable que este gobierno morenista congestione aun mas el trafico de toreo a lomas verdes hora y,19,0,1,-0.05263157894736842
49,cuando impulsan el arreglo de esto es una verguenza como tienen la zona industrial del municipio,6,1,0,0.16666666666666666
50,quien y que tipo de permiso otorgaron para que esta taqueria ponga una barra mesa sobre la acera,7,0,0,0.0
51,la confianza de las y los naucalpenses en el gobierno encabezado por el presidente municipal montoya,16,1,0,0.0625
52,cual es la razon de la falla de suministro de agua potable en lomas de tecamachalco y hasta cuando s,9,4,2,0.2222222222222222
53,ante la lluvia registrada este domingo catalogada como la mas fuerte de la temporada en el valle de ,15,1,0,0.06666666666666667
54,cuando arreglan el suministro en los fresnos dias y medio practicamente sin servicio de agua y no ha,21,6,2,0.19047619047619047
55,buenas tardes mi carro se descompuso en av lomas verdes y en espera de mi seguro llego una patrulla ,15,0,0,0.0
56,senores casi lo estan haciendo en sus cara y no reaccionan por favor ponga orden esto es inaceptable,7,0,0,0.0
57,mejor reparen los tantos baches,3,0,1,-0.3333333333333333
58,tenemos horas sin agua en los fresnos nadie notifico nada nadie resuelve nada pero eso si el cobro d,12,3,1,0.16666666666666666
59,necesito reportar unas luminarias pero el numero no esta disponible que puedo hacer,5,0,0,0.0
60,cual seguridad si diario hay asalto en el transporte publico robo de automoviles o autopartes etc,9,1,2,-0.1111111111111111
61,manden alv el transporte publico es nefasto caro y asqueroso,7,0,1,-0.14285714285714285
62,pavimente toda la zona industrial es mejor que hacer su teatro payaso morenaescorrupcion,6,1,0,0.16666666666666666
63,inundado a la altura de la unidad cuauhtemoc lateral parada urge ayuda,8,0,2,-0.25
64,asi se vive el mundialsocial lascuatrocasas la energia de baby aventurero hizo vibrar el foro cuauht,19,2,0,0.10526315789473684
65,hasta cuando llevamos anos exigiendo seguridad de calidad en las zonas comerciales de cd satelite y ,17,2,0,0.11764705882352941
66,y ti crees que el puto neron de naucalpan te va a hacer caso si el pinche huevon de solapa abiertame,13,0,0,0.0
67,julio dia de en el registro nacional de personas sancionadas en materia de violencia politica contra,12,0,1,-0.08333333333333333
68,ciudad naucalpan se suma a la pasion mundialista el presidente municipal isaac montoya asistio a una,44,2,0,0.045454545454545456
69,la presidenta municipal de tepotzotlan ma de los angeles zuppa villegas gely anuncio que el reabrira,17,0,0,0.0
70,con labores operativas y coordinacion institucional en naucalpan se redujo el robo de vehiculo duran,12,0,1,-0.08333333333333333
71,regresate a vivir a tu pueblo,3,0,0,0.0
72,a traves de las huelladelatransformacion realizamos trabajos para mejorar la imagen urbana fortalece,17,0,0,0.0
73,impulsamos el empleo en ciudad naucalpan acercate registrate y haz crecer tu empresa con el talento ,13,0,0,0.0
74,animo ya vienen por ustedes pinche narcoregimen animo a veces se gana y a veces se aprende lo import,22,0,0,0.0
75,vamos mexico naucalpan,2,0,0,0.0
76,el gobierno de ciudad naucalpan continua fortaleciendo la seguridad del municipio el presidente muni,30,2,0,0.06666666666666667
77,junta municipal de reclutamiento smn el gobierno de ciudad naucalpan en coordinacion con sedena info,22,1,0,0.045454545454545456
78,te amamos mexico miles de naucalpenses apoyaron a nuestra seleccion desde plazarevolucion,7,0,0,0.0
79,nzinforma canchas rehabilita ya de quien dice que recuperar entornos es mejorar condiciones de desar,18,0,2,-0.1111111111111111
80,tenis falsos jordan mariconera atravesada sudadera deportiva un vendedor de mierda muy seguramente,10,0,0,0.0
81,gracias por reportar y sigamos haciendolo estamos en todo nuestro derecho y ustedes gobierno de darn,15,1,1,0.0
82,extorsionadores atacan en son joab fermin daniel e israel landeros crearon el comite armado unidad h,27,0,1,-0.037037037037037035
83,solo en seguridad eso es narcopartidomorena cueva de delincuentes,4,1,1,0.0
84,autorizo el desarrollo que pretende entrar por faisan con nula participacion ciudadana su acceso sum,15,4,2,0.13333333333333333
85,ecatepec no es ni una decima parte de peligroso que el de cdmx con la guerra a muerte de la u contra,17,0,2,-0.11764705882352941
86,y siguen sin resolver la fuga de agua las familias ya estan desesperadas porque dicen que ya los est,10,1,5,-0.4
87,esta madrugada al exterior del bar los tarros en la col el molinito en naucalpan fue asesinado un ho,19,2,2,0.0
88,toma nota de lo que prepara naucalpan el municipio tendra actividades recreativas presentaciones mus,18,0,0,0.0
89,llevamos un ano en busca de esta respuesta los colonos de lomasverdes a secc naucalpan tanto al como,11,0,0,0.0
90,ya son muchos dias y no les dan respuesta como a muchos pero que tal estan muy buenos para cobrar lo,14,3,6,-0.21428571428571427
91,mejor vengan a cerrar en el parque naucalli si no les resuelven su problema de fuga,7,0,2,-0.2857142857142857
92,isaac montoya fortalece la confianza ciudadana y se mantiene entre los mejores alcaldes del pais nau,10,1,0,0.1
93,en satelite estamos igual que esperan para atender el problema,4,0,0,0.0
94,igual y estan esperando a que pase algo mas delicado para que den respuesta urge que atiendan la fug,19,2,6,-0.21052631578947367
95,exacto las familias ya no saben que mas hacer para que les den solucion atiendan la fuga de agua urg,8,1,3,-0.25
96,urge que les den solucion,3,0,0,0.0
97,y hasta esta hora siguen sin responder aqui y sin resolver el tema de las familias afectadas,6,0,0,0.0
98,ya hay reportes hechos y hasta el momento no han actuado y de verdad urge estan evaluando la posibil,21,0,3,-0.14285714285714285
99,seria posible que nos puedan ayudar a a atender esto a la brevedad en verdad son muchos litros de ag,26,2,6,-0.15384615384615385
100,no es posible que a estas alturas ni el gobierno municipal y mucho menos el presidente contesten ant,13,0,1,-0.07692307692307693
101,no puede arreglar banquetas y arroyo vehicular mandar a retirar la basura de las calles mucho menos ,19,1,1,0.0
102,gobierno de naucalpan con el programa impulsando tu salud suma mas de mil afiliados y mil atenciones,12,1,0,0.08333333333333333
103,manana todos a apoyar a mexico desde naucalpan naucalpan volvera a ser punto de encuentro para miles,19,0,0,0.0
104,eso si los parquimetros una amenaza de morena esos ingresos no estan en el presupuesto de ingresos d,9,0,1,-0.1111111111111111
105,estan evaluando la posibilidad de cerrar la carretera naucalpan toluca a la altura de la col los cua,17,0,3,-0.17647058823529413
106,pero eso lo deben de tratar directamente con los de oapas naucalpan que por cierto son las personas ,14,0,0,0.0
107,buen dia por favor atender este oficio debido a que sigue la fuga y hay familias que estan siendo mu,28,1,7,-0.21428571428571427
108,la fiesta mundialista continua en naucalpan el alcalde isaac montoya invita a las familias naucalpen,22,1,0,0.045454545454545456
109,el dia de ayer por la tarde a vecino de colina de la rumorosa le robaron los faros de su auto ni con,16,0,0,0.0
110,listo,1,0,0,0.0
111,se le debe aplicar a tanto pinche chamaco que levanta sus motos por donde caminan ninos seroras y ad,10,0,0,0.0
112,no se de donde sacan esas estadisticas casi todos los dias se roban autos en naucalpan los puntos ma,22,0,2,-0.09090909090909091
113,eco naucalpan me a secuestrando ciudad satelite documentando mala actuacion acusan vecino falsamente,19,0,2,-0.10526315789473684
114,mantiene operando carcamos con capacidad de desalojo de mil litros por segundo para prevenir inundac,22,1,3,-0.09090909090909091
115,isaac montoya entrega la huella de la transformacion en san antonio zomeyucan obras de infraestructu,18,3,0,0.16666666666666666
116,favor de atender folios y urgente,4,0,0,0.0
117,consolidan en san antonio zomeyucan la huellas de la transformacion numero lee aqui,8,1,0,0.125
118,buenas tardes de la manera atenta realizar la inspeccion del domicilio mencionado con el detector de,26,1,8,-0.2692307692307692
119,oye donde se reportan vehiculos abandonados esta camioneta lleva meses junto al jardin de ninos la p,11,0,0,0.0
120,isaac montoya afirma que con la colaboracion ciudadana se construyo el gobierno mas cercano en la hi,10,1,0,0.1
121,nzdeportes mexico murio en la raya con marcador pero insuficiente ante pocos pero precisos embates d,16,0,1,-0.0625
122,que tal los policias de naucalpan arrestando a un senor que reparte volantes pero les llamas cuando ,20,0,1,-0.05
123,finalmente despues de denunciar el uso indebido de una toma de agua particular faisan para surtir la,19,4,1,0.15789473684210525
124,todo esta de la verga,1,0,0,0.0
125,buenas noches mi pregunta porque tanta concesion a esta inmobiliaria afectando a miles de familias c,11,0,0,0.0
126,son un poco mas de cm de agua potable que se acumula es estar sacando agua por lo menos cada hora en,53,4,10,-0.11320754716981132
127,haber ya son muchos dias que se les esta solicitando que arreglen algo que claramente no es culpa de,40,0,2,-0.05
128,si ya me conocen,1,0,0,0.0
129,lo arrestan por pasear a un perro hombre denuncia presunta persecucion por parte de policias un ciud,33,3,0,0.09090909090909091
130,es increible que la policia municipal de naucalpan por ordenes del alcalde isaac montoya se dedique ,41,0,2,-0.04878048780487805
131,este domingo de julio el foro cuauhtemoc abrira sus puertas para recibir a familias jovenes ninas ni,21,1,0,0.047619047619047616
132,como parte de esta jornada las y los asistentes podran disfrutar de la presentacion de salon victori,21,2,0,0.09523809523809523
133,esto ha pasado practicamente desapercibido y es gravisimo no permitamos que este heroe muera en el o,68,0,4,-0.058823529411764705
134,cada que veo este video de su cara de superioridad intelectual y moral me da una rabia que no puedo ,16,0,0,0.0
135,no tienen madre las lluvias de hoy llegaron hasta el area del calendario azteca en el museo de antro,18,1,4,-0.16666666666666666
136,la pregunta es cuanto habra robado lopez obrador el chocoflan tragando carne con oro y pagando mas d,27,0,0,0.0
137,domingo de futbol en cuautitlan izcalli este domingo disfruta en la mega pantalla del partido mexico,24,1,0,0.041666666666666664
138,la policia brasilera implemento una terapia para los jovenes que hacen ruidos con el cano de escape ,18,0,0,0.0
139,la emitio un comunicado dirigido a la comunidad universitaria informando que por motivo del encuentr,18,0,0,0.0
140,graban a presuntos policias ministeriales intentado detener a una mujer en calles de huixquilucan a ,20,1,0,0.05
141,que conste le dio miedo a la presidente con a que conste no se atrevio a ir al azteca,6,0,0,0.0
142,la seleccion nacional de mexico quedo eliminada del mundial de futbol mexico eua canada en octavos d,133,3,5,-0.015037593984962405
143,excelente operativo naucalpan felicidades el ambiente mundialista se vivira en seissedes de ciudadna,26,1,0,0.038461538461538464
144,mas espacios recuperados para naucalpan el alcalde suma canchas rescatadas con la estrategia huellas,15,0,0,0.0
145,ccp,1,0,0,0.0
146,lugar nacional y no es en la tabla de la liga sino en la lista de mejores alcaldes de mexico orgullo,12,0,0,0.0
147,toda una ficha resulto ser quien cobijado por colonos de satelite esta como golpeador politico de tr,10,0,0,0.0
148,mas de mil atenciones medicas gratuitas y cerca de mil afiliados suma el programa impulsandotusalud ,21,2,1,0.047619047619047616
149,sumamente inundado la lateral de periferico de o de mayo a toreo tambien san joaquin pasando toreo y,12,0,1,-0.08333333333333333
150,fiesta del mundial social en las cuatro casas invita este de julio al foro cuauhtemoc vive el partid,18,1,0,0.05555555555555555
151,prepara naucalpan fiesta con conciertos para el vs anuncio un programa de conciertos actividades cul,19,1,1,0.0
152,espero que en tu visita ya hayas acordado que si te toca pavimentar av conscripto del lado del campo,11,1,3,-0.18181818181818182
153,y a cien metros la con sus operativos famosos que solo extorsionan repartidores y borrachitos mientr,32,3,0,0.09375
154,en nueva san rafael naucalpan sigue recuperando espacios con la mesadepaz y la jornada de balondepaz,19,2,0,0.10526315789473684
155,la puesta de parquimetros en la zona azul de satelite naucalpan no es mas que un acto recaudatorio d,17,0,0,0.0
156,el secretario de seguridad pablo vazquez informo comobsera el perimetrobde seguridad y aseguro que l,23,2,0,0.08695652173913043
157,la jefa de gobierno clara brugada informo como es el perimetro de seguridad que se colocara en las z,11,1,0,0.09090909090909091
158,la coordinadora de comunicacion ciudadana ana maria lomeli presento la campana de difusion que el go,19,1,0,0.05263157894736842
159,la secretaria de cultura ana francis mor presento el cartel cultural que habra en los festivales fut,10,1,0,0.1
160,el presidente municipal de naucalpan isaac montoya revelo el cartel que se espera para su municipio ,13,0,0,0.0
161,zomeyucan se transforma y crece entrega la huella de la transformacion mejoras en alumbrado vialidad,17,3,0,0.17647058823529413
162,en nuestra sede sindical siempre encontraran las puertas abiertas para escucharlos y atenderlos agra,17,0,0,0.0
163,trabajamos con responsabilidad y cerca de ustedes atendiendo necesidades de nuestra base trabajadora,12,0,0,0.0
164,llevan becas rita cetina a mas de mil estudiantes de naucalpan continua avanzando de manera signific,21,4,0,0.19047619047619047
165,en naucalpn se consolida entre los mejores alcaldes de mexico sube al lugar nacional atisbos,8,0,0,0.0
166,necesitamos a pura gente como no ustedes pinche bola de corruptos que no saben hacer otra cosa mas q,14,0,0,0.0
167,el milagroso rescate de una familia que quedo atrapada dias bajo los escombros en venezuela,7,2,1,0.14285714285714285
168,vive el partido en el parque de las esculturas invitan a ver el encuentro de la seleccion mexicana e,17,0,0,0.0
169,logra isaac del toro triunfo historico en la tour de francia,7,0,0,0.0
170,increible que en el operativo de seguridad para el mexico vs inglaterra en el angel de la independen,16,3,0,0.1875
171,enportada las voces oriente y pueblos magicos del edomex vibraran con la pasion del mexico inglaterr,17,0,0,0.0
172,video esta tarde la jefa de gobierno clara brugada lleva a cabo una conferencia de prensa en compani,20,0,0,0.0
173,la mandataria capitalina informo que se ampliaran pantallas de las cuales se ampliaran las zonas par,31,1,1,0.0
174,el secretario de seguridad pablo vazquez adelanto que en los filtros de acceso que se habilitaran pa,15,1,2,-0.06666666666666667
175,la alcaldesa de azcapotzalco nancy nunez presento la agenda de presentaciones que se tendran en los ,12,0,0,0.0
176,la presidenta municipal de ecatepec azucena cisneros explico que en colaboracion con la jefatura de ,19,0,0,0.0
177,cambia el horario del encuentro entre mexico vs inglaterra que se realizara el proximo de julio ahor,20,0,0,0.0
178,si siento que lo peor que le ha pasado a este pais es tener a los malditos de morena gobernando acab,19,0,0,0.0
179,es isaac montoya que hace ahi que tiene que ver naucalpan con el centro y el sur de la cdmx que algu,17,0,0,0.0
180,nos vemos hoy en naucalpan plaza revolucion gracias presidente municipal isaac montoya sonido fascin,14,0,0,0.0
181,no satelite ya esta cambiando desde que llego isaac montoya se ve la diferencia ya hasta tiene mas a,19,0,0,0.0
182,naucalpan con el programa impulsando tu salud llega a mas de mil afiliados y mil atenciones gratuita,20,1,0,0.05
183,en naucalpan la huella de la transformacion incluyo obras de alumbrado bacheo rehabilitacion de espa,22,4,0,0.18181818181818182
184,alcalde isaac montoya entrega la huella de la transformacion y anuncia mas obras para naucalpan trin,16,2,0,0.125
185,mi presidente isaac montoya fundador de nuestro movimiento incansable porelbiendetodosprimerolospobr,31,1,0,0.03225806451612903
186,huellas de la transformacion llevara mejoras a todas las comunidades montoya con la entrega de la hu,43,4,0,0.09302325581395349
187,entrega de la huella de la transformacion numero reafirma compromiso del alcalde isaac montoya en me,11,2,0,0.18181818181818182
188,con la entrega de la huella de la transformacion numero el alcalde isaac montoya reafirma el comprom,13,2,0,0.15384615384615385
189,naucalpan con el gobierno de isaac montoya las huellasdelatransformacion llegaron a ampliacion marti,77,7,3,0.05194805194805195
190,el presidente municipal isaac montoya encabezo una nueva mesa de paz y jornada de atencion a las cau,61,6,1,0.08196721311475409
191,isaac montoya quinto alcalde mejor evaluado de morena el presidente municipal isaac montoya marquez ,23,1,0,0.043478260869565216
192,en naucalpan trabajo conjunto entre gobierno municipal y ciudadania ha consolidado comunidades mas u,19,0,0,0.0
193,en aprobacion ciudadana crecimiento sostenido el de isaac montoya feed noticia parati,9,1,0,0.1111111111111111
194,al contar con el apoyo ciudadano isaac montoya se posiciona entre los alcaldes mejor evaluados de me,10,0,0,0.0
195,el ranking mitofsky de junio de ubico a isaac montoya en el septimo lugar nacional con de aprobacion,20,1,0,0.05
196,isaac montoya consolida respaldo ciudadano es ubicado entre los alcaldes mejor evaluados del pais el,18,0,0,0.0
197,el ranking mitofsky de junio de ubico a isaac montoya en el septimo lugar nacional con de aprobacion,21,2,0,0.09523809523809523
198,mas territorio y menos escritorio hoy atendimos a traves de las jornadas de servicio comunitario a l,44,1,0,0.022727272727272728
199,isaac montoya entra al top de alcaldes mejor evaluados en mexico lugar con de aprobacion segun mitof,16,0,0,0.0
200,el alcalde de naucalpan isaac montoya alcanzo de aprobacion y escalo al lugar nacional en el ranking,18,0,0,0.0
201,isaac montoya consolida respaldo ciudadano se ubica entre los alcaldes mejor evaluados del pais lee ,10,0,0,0.0
202,alcalde de naucalpan entrega campo de futbol y un parque en lomas de san agustin lomas de san agusti,45,2,0,0.044444444444444446
203,breve l naucalpan destaca a nivel nacional el alcalde isaac montoya se coloco en el septimo lugar de,18,1,0,0.05555555555555555
204,con las huellas del mundial social en naucalpan suman ya mas espacios comunitarios rescatados e ilum,24,1,0,0.041666666666666664
205,alcalde isaac montoya otorga estimulos a elementos de la guardia municipal y entrega un nuevo c,10,1,0,0.1
206,isaac montoya entrega cancha y parque rehabilitados en lomas de san agustin naucalpan suma espacios ,19,1,0,0.05263157894736842
207,luego de anos sin atencion a la avenida pino suarez el alcalde isaac montoya inicio la rehabilitacio,11,1,0,0.09090909090909091
208,el gobierno de ciudad naucalpan encabezado por el presidente municipal isaac montoya continua fortal,21,2,0,0.09523809523809523
209,alcalde de naucalpan entrega reconocimientos a elementos de la guardia municipal el presidente munic,36,3,0,0.08333333333333333
210,alcalde isaac montoya destaca el compromiso y la vocacion de servicio de la guardia nacional en la c,12,1,0,0.08333333333333333
211,conoce los modulos hospitalarios que ofrece el gobierno de naucalpan isaac montoya informa sobre la ,20,0,0,0.0
212,el presidente municipal de ciudad naucalpan isaac montoya sostuvo una reunion de trabajo con integra,27,0,0,0.0
213,el gobierno de ciudad naucalpan encabezado por el presidente municipal isaac montoya continua impuls,22,1,0,0.045454545454545456
214,gobierno de naucalpan rescata y deja espacios transformados con las huellas del mundial social el pr,22,1,0,0.045454545454545456
215,isaac montoya entrega la rehabilitacion de la cancha el zapatito en naucalpan,7,2,0,0.2857142857142857
216,entrega de la cancha el zapatito en lomas de chamapa isaac montoya impulsa el rescate de espacios pu,17,4,0,0.23529411764705882
217,a ellos todo les sale muy bien no necesitan nuestra presencia ni apoyo ni involucramiento celebro in,22,3,0,0.13636363636363635
218,aniversario de mi ahijado super estereo de chimalhuacan sonido fascinacion participacion confirmada,9,1,0,0.1111111111111111
219,pinches panistas ahora hasta tienen el cartel del tinaco no tienen un cartel de madres porque no tie,7,1,0,0.14285714285714285
220,yo tengo fotos de aca de satelite de los panarcos vendiendo tinacos impermeabilizantes pinturas y si,21,1,0,0.047619047619047616
221,antes siquiera los regalaban son una mierda y lo peor gran mayoria de satelucos los aman,7,0,0,0.0
222,que bueno amiga porque los satelucos que van a mi negocio se la pasan quejandose del gobierno supong,12,0,0,0.0
223,donde el negocio,1,0,0,0.0
224,el museo de vestigios arqueologicos resguarda la memoria historica de ecatepec el gobierno municipal,16,0,0,0.0
225,realizan mas de mil acciones medicas y sanitarias en tlalnepantla para atender a familias afectadas ,16,1,1,0.0
226,reabren el museo de vestigios arqueologicos de ecatepec con piezas que preservan la historia del mun,17,0,1,-0.058823529411764705
227,y si si edomex la presidenta claudia sheinbaum y la gobernadora delfina gomez apoyan a mexico en su ,18,0,0,0.0
228,los policias protegen al comercio informal porque les dan su pago,5,0,0,0.0
229,apoyan a los ambulantes no a los ciudadanos hechate una vuelta a toreo,6,0,0,0.0
230,lo perro policias de naucalpan y ecatepec son de lo peor de la fauna policiaca de mexico y eso esta ,9,0,0,0.0
231,quien es ese pendejo nepo bebe de eres una mierda,4,0,0,0.0
232,huixquilucan lanza programa para apoyar a embarazadas y recien nacidos el sistema municipal dif huix,46,2,0,0.043478260869565216
233,por feminicidio en grado de tentativa fiscalia edomex cumplimenta orden de aprehension de probable r,10,0,1,-0.1
234,la presidenta da mensaje tras la salida de mexico en el mundial tras la derrota contra la seleccion ,27,0,0,0.0
235,la jefa de gobierno clara brugada recordo que para prevenir grandes aglomeraciones de personas en el,26,0,0,0.0
236,la guardia civil de cuautitlan desplego el operativo presencia en el sector para reforzar la vigilan,22,3,0,0.13636363636363635
237,alerta se registra fuerte accidente sobre la jose lopez portillo a la altura de san francisco chilpa,12,1,0,0.08333333333333333
238,claudia sheinbaum y delfina gomez siguieron el mexico vs inglaterra desde el neza fut fest convivier,23,0,0,0.0
239,gobierno de naucalpan con el programa impulsando tu salud suma mas de mil afiliados y mil atenciones,11,1,0,0.09090909090909091
240,gobierno de naucalpan rescata espacios publicos con el programa huellas del mundial social trinarnot,16,1,0,0.0625
241,logran medidas preventivas impulsadas por el gobierno de naucalpan y autoridades metropolitanas fren,13,0,1,-0.07692307692307693
242,gobierno de naucalpan apoya al sector educativo y se enfoca en atender las necesidades tanto de los ,10,1,0,0.1
243,rescata y transforma el gobierno de naucalpan espacios con las huellas del mundial social en lomas d,10,0,0,0.0
244,gobierno de naucalpan y coordinacion metropolitana lograron mitigar desastres por lluvias gracias a ,22,1,0,0.045454545454545456
245,medidas preventivas impulsadas por el gobierno de naucalpan y coordinacion metropolitana logran miti,13,0,0,0.0
246,naucalpan activa protocolos y evita danos mayores durante la lluvia mas intensa de la temporada el g,109,5,4,0.009174311926605505
247,gobierno de naucalpan rescata y deja espacios transformados con las huellas del mundial social,9,0,0,0.0
248,entrega gobierno de naucalpan escrituras en coordinacion con insus en favor de familias,8,1,0,0.125
249,mas de productores artesanas y artesanos dieron vida al festival entre brasas y maguey un espacio im,40,3,0,0.075
250,despues de mas de anos de espera la transformacion llego a la avenida pino suarez en la colonia la r,16,2,0,0.125
251,tlalnepantla entrega rehabilitacion integral de escalinatas y servicios basicos en lomas de san juan,18,2,0,0.1111111111111111
252,en coatepecharinas las familias vivieron una tarde llena de emocion convivencia y orgullo el alcalde,20,1,0,0.05
253,naucalpan huixquilucan y neza ya viven ambiente mundialista con pantallas gigantes para mexico vs in,11,0,0,0.0
254,lluvia cdmx,2,0,0,0.0
255,naucalpan,1,0,0,0.0
256,tenemoslluvia lluvia generalizada en cdmx y zonas del edomex intensidad ligera localmente fuerte act,78,0,1,-0.01282051282051282
257,y naucalpan igual,1,0,0,0.0
258,asi se vivio baby aventurero en el mundialsocial cuatrocasas naucalpan mexico,7,0,0,0.0
259,solo que vivas en naucalpan o en otra colonia del edomex,4,0,0,0.0
260,buena tarde estimado cliente le informamos clima naucalpan c huixquilucan c lerma c buen viaje,12,0,0,0.0
261,el encabezado por clara brugada se declaro listo para garantizar la seguridad de la ciudadania ante ,19,1,0,0.05263157894736842
262,la emocion ya se siente en la plazarevolucion entre porras banderas y sonrisas las familias naucalpe,19,0,0,0.0
263,dirigete a toluca centro tomando la autopista toluca naucalpan,7,0,0,0.0
264,opinion,1,0,0,0.0
265,nosotros somos pareja nueva en el ambiente sin experiencia aun naucalpan estado de mexico,5,0,0,0.0
266,reportando mexico cubierto por la lluvia satelite muestra potentes tormentas en gran parte del pais ,52,0,1,-0.019230769230769232
267,el edomex otro estado fallido con el robo a todo lo que da igualito que cuando robaba quincena tras ,12,0,1,-0.08333333333333333
268,no mames no tenemos ni dinero para pavimentar nuestras calles nos inundamos bien feo siempre que llu,12,2,0,0.16666666666666666
269,vivo en la cdmx,2,0,0,0.0
270,buenos dias estimado cliente le informamos trabajos de conservacion del km con afectacion del km al ,16,0,0,0.0
271,el encabezado por clara brugada se declaro listo para garantizar la seguridad de la ciudadania ante ,130,7,0,0.05384615384615385
272,no cae el animo asi en la zona de polanco en la cdmx pese al resultado familias cantan y bailan a ri,12,1,0,0.08333333333333333
273,guardia municipal de naucalpan recupera vehiculo con mercancia intacta y cuatro unidades con reporte,17,1,1,0.0
274,la guardia municipal de naucalpan recupero cinco vehiculos con reporte de robo activo entre ellos un,20,0,1,-0.05
275,elementos de la guardia municipal de naucalpan recuperaron cinco vehiculos con reporte de robo entre,13,0,1,-0.07692307692307693
276,la guardia municipal de naucalpan asesta otro golpe a la delincuencia con la recuperacion de vehicul,21,1,3,-0.09523809523809523
277,la guardia municipal de naucalpan localiza sana y salva a adolescente con alerta amber activa,10,1,0,0.1
278,pero el no es de izcalli ese dinero que le dio el narco hubiera bachado las calles seguridad y la fa,9,3,5,-0.2222222222222222
279,azcapotzalco y no se ve la labor de la alcaldesa pues si muchos venezolanos que viven en estados uni,11,0,0,0.0
280,en venezuela br por supuesto que son muy mal agradecidos y siempre le estan tirando durisimo a mexic,12,0,1,-0.08333333333333333
281,fin entienden de no estar regalando los recursos economicos y naturales a otros paises que no son de,9,0,1,-0.1111111111111111
282,mexico tambien lo han apoyado pero debe ser una ayuda medida y ya no dedicarse a regalar muchas cosa,9,0,1,-0.1111111111111111
283,temas que deben ser atendidos en mexico como la gente en situacion de calle la gente limpiando vidri,16,2,0,0.125
284,poder mal comer entre otras situaciones que urge que se atiendan y resuelvan de raiz br pero la pres,15,0,1,-0.06666666666666667
285,deberian ser la prioridad antes de andar viendo todos los problemas que puede resolver en otros pais,13,0,0,0.0
286,porque toda la enorme carga de dichos migrantes va a la espalda de nosotras y nosotros los mexicanos,12,0,0,0.0
287,a costillas de los impuestos de los mexicanos br ahora en mexico tenemos que trabajar mas y muchos h,12,0,0,0.0
288,y el del ieps en cada producto que compramos en tiendas centros comerciales tiendas departamentales ,14,0,0,0.0
289,extranjeros lo que no es de ella y no le costo ganar br porque su lucha en el partido morena no le d,10,0,1,-0.1
290,del pueblo a extranjeros todos los recursos deben ser unicamente en beneficio de las y los mexicanos,10,1,1,0.0
291,abuelos padres y nosotros propios y arduos esfuerzos durante toda nuestra vida para que la president,11,0,1,-0.09090909090909091
292,van a reconocer siempre van a estar hablando mal de los mexicanos y tirando durisimo porque con hech,9,0,1,-0.1111111111111111
293,mexico la gente entiende de ya no estar apoyando a actrices actores y cantantes extranjeros que lleg,14,0,1,-0.07142857142857142
294,que han encontrado en mexico pero ya que triunfan y se hacen ricos o millonarios muestran realmente ,13,0,0,0.0
295,ejemplo br recordemos lo sucedido con juan soler br lo sucedido con belinda br lo sucedido con angel,15,0,0,0.0
296,lo primero que deben entender los migrantes extranjeros es que mexico y las los mexica no les debemo,9,0,0,0.0
297,que le gusta ser espectador nosotros debemos hacerles entender y ahora que perdieron con inglaterra ,13,0,0,0.0
298,asesinatos que no se aclare en br mexico br secuestros br ud sra sheimbaum no sabe ni como se llama ,14,0,5,-0.35714285714285715
299,jaaaa jaaaaaa aunque esten ganando salen perdiendo agance la pregunta que es mas importante fuera me,17,0,1,-0.058823529411764705
300,tanto de estados unidos y estan viviendo y comiendo de este pais porque los pobres no valen nada par,11,0,0,0.0
301,no deven mandar a ninguna seleccion a jugar a ese pais salvajisimo vergenza mexicana ya los conoce e,16,0,0,0.0
302,religion a pero cuando van sus nacos acarreados entonces si todos infelices ratas inmundas del biene,14,0,1,-0.07142857142857142
303,y una vez aparece el cinismo y la mala intencion de corte anglosajon mexico pesimo anfitrion se que ,12,0,1,-0.08333333333333333
304,todo esto es el resultado de nula crianza y educacion en las casas ya los jovenes no se sujetan a na,8,2,0,0.25
305,escape ah que gente br dicen que quot se ponen la camiseta de mexico quot pero es solo un trapo br q,17,0,0,0.0
306,basura no agredir a los extranjeros promocionar el orden ser mejor estudiante y todo lo que le de or,13,1,1,0.0
307,mexico y todo lo esta grabando br vamos mexicanos eso no fue el problema que se puee esperar de uste,12,0,0,0.0
308,de queda a nivel nacional y que sea parejo para todos what a bunch of hypocrites there are deaths re,12,0,0,0.0
309,to focus in one spot because of jealousy manana el angel de la independencia va estar igual o peor q,12,0,0,0.0
310,siempre preguntas a modo puras tonterias en sus conferencias que no vengan para que los queremos en ,10,0,0,0.0
311,mexicanos entonces para que habla la senora no gobierna nadie en cualquier momento el metido de trum,11,0,0,0.0
312,mundial la mayoria que llega a festejar son nacos de los pumas y el america bien dicho claudia lo qu,12,0,0,0.0
313,razonan al pueblo se le da la mano y te roban mano te golpean la otra y te atropella un motosimio de,11,0,0,0.0
314,no hay policias para detener delincuentes no hay fuerzas de seguridad contra los narcos esto ya hace,11,1,2,-0.09090909090909091
315,un delincuente con el peligro que eso implica vergenza les deberia dar ante tantos destrosos y idovi,16,0,3,-0.1875
316,la idea esta bien pero cuando a la gente se le da por amontonarse en multitudes para festejar estos ,8,1,0,0.125
317,mucho cuidado con los festejos de estos fanaticos q solo exageran en sus festejos para q son pasione,10,0,0,0.0
318,salvajes quien te dijo que van a ganar si asi esta el lider como estara el rabano como en nuestro pa,9,0,0,0.0
319,en otro pais va a suceder lo mismo porque les cuesta tanto a las autoridades aplicar la ley los mexi,10,0,0,0.0
320,tambien en infringir leyes en otros paises en cualquier evento deportivo como dice el dicho quot des,12,1,0,0.08333333333333333
321,aplicar la ley esta mujer es lo que realmente son la mayoria de los mexicas las disculpas estan para,11,0,0,0.0
322,la mayoria de los mexicas comendador por claudia sheimaum la judia presidenta ojala que ya no pongan,15,0,0,0.0
323,mas mentiras como siempre asen piensalo ecuador es una potencia mundial y mexico lo derroto mexico e,15,0,0,0.0
324,con el fin de continuar alcoholizando con informacion falsa el cerebro masivo de una sociedad destan,15,0,0,0.0
325,en un balon de fut bol cuando lo que se persigue es aumentar el consumo de todo tipo de mercancias y,11,1,0,0.09090909090909091
326,empresarios codiciososy gobiernos fascistas interesados en mantener adormecida a una sociedad br com,16,0,1,-0.0625
327,severamente sancionado con participar en los siguientes cuando menos el dano a la sociedad y al depo,11,0,1,-0.09090909090909091
328,en porras o barras es inconmensurable mas aun el fut en manos de estafadores dentro de la fifa y las,11,0,0,0.0
329,descontrol de las masas segun sea la finalidad politica que se persiga br este hecho tan lamentable ,9,0,0,0.0
330,muchisimos mas y no se hace nada para evitarlos antes bien se promueven br br repito mexico debe ser,12,0,0,0.0
331,te asaltan que irresponsable la gente causaron muertes por el exceso de alcohol es una barbarie si e,13,0,0,0.0
332,ley seca es la solucion ya que hubo exceso de mendigos borrachos como seguro si ya murio gente ni sa,17,0,1,-0.058823529411764705
333,pero esta im becil les celebraba br sus estu pideces a estos escuelas truncas br br por eso paso lo ,14,1,0,0.07142857142857142
334,los dichos mexicanos despues de nino ahogado se tapa el pozo total no son familiares de la elite viv,15,0,0,0.0
335,que te pasa de vrg con tus pendegadas ya viendo mas pantallas mas gente dudo mucho que tengan algo q,11,0,0,0.0
336,de derecha no a yan como opacar el mundial seguro y los ponen aser violencia y escandalos se encuent,13,0,1,-0.07692307692307693
337,mexico seguro jajajaajajajajajajajajajajajajajajaj en donde vive esta senora valen pura riata todo e,15,0,0,0.0
338,priandilla y los extranjeros que les quede claro gente viciosa claro que se puede festejar sin droga,13,0,0,0.0
339,las alcaldias tubo que haber muertos para recien tomar medidas ante tanto vandalismo de los mexicano,13,0,2,-0.15384615384615385
340,gracias por tapar el pozo ke usted misma abrio actuar responsable confiar en la gente los mexicanos ,15,0,0,0.0
341,entienden eso menos esto porque yo si tengo ese iq que iq tengo no lo se soy una persona normal adio,9,0,0,0.0
342,que es inseguro el pais no puede decir la realidad frente a sus chairos adoctrinados cada quien es r,12,0,0,0.0
343,seguridad es en serio que la solucion que le da la senora presidenta es quot confiar en la gente quo,12,1,0,0.08333333333333333
344,en su conciencia quedara si alguna otra tragedia sucede ya deje de ser tan pchealcahueta mexico es l,14,0,0,0.0
345,domingo en el angel para festejar a la seleccion mexicana recuerden llevar chelas pomos llantas para,15,0,0,0.0
346,a hacer falta que ponga mas angeles de independencia no se usted babosa ya que ya nos exibimos en el,9,0,3,-0.3333333333333333
347,control una cosa es festejar y otro que hagan desmanes se orinen ropan cosas tiren basura tomen raye,16,1,1,0.0
348,jovenes mejor ffestejar rn casa y en cada alcaldia y sanamente este mundial no mms esta bien tonta o,14,0,0,0.0
349,y calderon mala copa el respeto al derecho ajeno es la paz estados unidos robo a inglaterra desde el,15,0,1,-0.06666666666666667
350,si pueden festejar oh no estan ahi para hacer papeleo y trabajo de oficina las cosas aburridas suspe,10,0,0,0.0
351,del desastre que provoca deja un cochinero gente puerca la culpa es del gobierno porque no pone limi,14,0,0,0.0
352,no hay control hay violencia siempre que hay mucha gente junta se pierde todo quedense en casa como ,12,0,1,-0.08333333333333333
353,y detengan a kos que andan intoxicados porque principalmente son los generadores de barbaridades y q,14,0,0,0.0
354,tan lamentables y estos barbaros no tengan a que salir de sus vecindades para hacer averias facil q ,12,0,1,-0.08333333333333333
355,el tercer huevo sigue mintiendo sigue ya era hora que se porten como gentes que son que tengan conci,11,0,0,0.0
356,super inseguro le gente es super naca sin educacion y estos weyes quitando clases televisoras y algu,16,1,0,0.0625
357,arroz para hacerlo una tragedia y seguir con el discurso del mexico inseguro donde el gobierno brill,12,0,1,-0.08333333333333333
358,narcotrafico son los que gobiernan el pais y que vengan los soldados gringos a matarlos a todos por ,10,0,0,0.0
359,los mexicanos en cualquier evento multitudinario existe el riesgo de que por cualquier motivo puedas,10,1,1,0.0
360,asistes a ellos y mas en una celebracion no es para senalar culpables como estan buscando dirigirlo ,11,1,0,0.09090909090909091
361,el pesame a sus familiares pero no fue algo provocado no es igual a un asesinato sino mas cercano a ,9,0,1,-0.1111111111111111
362,quien tuvo la culpa sino dices la persona tomo el riesgo y desafortunadamente murio y en lugar de qu,15,0,1,-0.06666666666666667
363,no empujen si ven que alguien se cae o se siente mal lo asistan hagan una rueda para abrirle espacio,14,0,1,-0.07142857142857142
364,a ocurrir solo es quitar el alchool y ya hijole el problema es la falta de cultura civica y de educa,13,1,3,-0.15384615384615385
365,no es poner mas pantallas la solucion es no poner pantallas y que la gente vea el juego en sus casas,12,0,0,0.0
366,dios cagaderos ybanos publicis pero qu e no cobren alerta del reino unido para visitar mexico por fa,15,1,0,0.06666666666666667
367,lo que se robaron y desvivieron el alcohol en gente con dos neuronas es un peligro en todos lados es,10,0,2,-0.2
368,estilo mexico si no ay bronca no es fiesta utilice para la logistica a expertos en proteccion civil ,15,2,0,0.13333333333333333
369,hora limite para que se vayan es obvio error del gobierno no poner ninguna pantalla todos en sus cas,12,0,0,0.0
370,la cantidad de personas que asistan de acuerdo al espacio para exista libre transito no creo que sea,12,0,1,-0.08333333333333333
371,los que les pagan golpeadores por asuntos politicos para que hagan desmanes mas bien quiten las pant,12,0,0,0.0
372,seguro mexico br no tiene ningun problema quot br asi o mas cinica no lo se rick pero claudia promet,16,0,0,0.0
373,y echar desmadre ahora anos despues y con bebes ya no me pasa por la cabeza salir a exponerse hay qu,11,0,0,0.0
374,chusmas mexicanas festejando las personas muertas br inteligencia de camaron despues del nino ahogad,19,0,2,-0.10526315789473684
375,seguro solo no para los mexicanos ay no ya basta de tanto desprestigiar a mexico br la gente ya se d,9,0,0,0.0
376,br mexico ya gano el mejor mundial de la historia esta en mexico que concha o indiferencia de la sra,12,0,0,0.0
377,se luce pues gobierna en un pais de idiotas ahogado el nino se tapa el pozo todo reyno unido es bien,15,0,0,0.0
378,windsor el punto es que no todos son responsables es hay donde entra mano dura para los lucidos por ,8,0,0,0.0
379,conductor que termino atropellando a varias personas y al ultimo fallecio al final las mismas person,13,0,0,0.0
380,puso dificil ya es muy tarde ay nooo no pongan mas pantallas quitenlas ya como castigo por haberse p,15,0,1,-0.06666666666666667
381,vano esa clase de gente loca no entiende con nada quitenlas pantallas y cero alcohol asta que pierda,15,0,0,0.0
382,paz eso espero siiii hay policias para cuidar tu palacio irresponsable judia presirvienta tira de an,19,0,3,-0.15789473684210525
383,van a festejar se acaben entre ellos no les ponga vigilancia el reino hundido a chin gar a su madre ,13,1,0,0.07692307692307693
384,a href jajjajajajajajaja y los granaderos que les hecharon a la cnte ahi es donde se ocupan quiere p,10,0,0,0.0
385,de peso lo use para apoyar a quien mas lo necesita algo asi que lo invierta en cosas productivas el ,11,0,0,0.0
386,que son reporteros y medios de comunicacion la gente es tonta y se controlan con la mananara y con l,12,0,0,0.0
387,la mananera todos los dias son unos brutos cuando salen a festejar danan la propiedad ajena les avie,14,0,0,0.0
388,lo que quieren los chairos es estar amontonados como manada de animales si se ve muy seguro muerto e,13,0,1,-0.07692307692307693
389,no pasen encima de otras personas sin inmutarse confiar en la gente cuanta estupidez dice esta senor,15,0,0,0.0
390,el partido sin tener que pagar si es en nuestro pais tenemos derecho de disfrutar libremente br por ,12,0,0,0.0
391,partido del mundial porque estoy seguro que ahoraci los van eliminar ya harta ver las calles con muc,11,1,1,0.0
392,tengo un comentario deberian de apoyar a las personas que hacen limpieza general porque esto que van,12,2,1,0.08333333333333333
393,masacre que sucedio en yautepec morelos br enterate inepta a poco inglaterra le tiene miedo al aztec,18,0,0,0.0
394,visitar el pais sin ningun problema no mms la gente borracha drogada y con naturaleza agresiva no re,16,0,1,-0.0625
395,para resolver casos sociales en masa lo q se ve no se juzga en estos tiempos la ley solo existe en e,11,0,0,0.0
396,cuando visiten mexico el gobierno promueve eventos y cuando pasa algo entonces la responsabilidad es,13,1,0,0.07692307692307693
397,entonces es responsabilidad del gobierno en turno es algo que el mismo gobierno promovio no se penso,11,0,1,-0.09090909090909091
398,suspenda la venta de bebidas embriagantes porque casi todos los accidentes y desmanes han sido por e,9,0,0,0.0
399,no sabe respetar a otras personas ni a las cosas ajenas se desbordan y se vuelven agresivos y agresi,11,0,0,0.0
400,en monterrey no habra problema no habra festejo muy dificil que esta seleccion le gana a los inglese,10,0,0,0.0
401,en su casa son gente sin educacion br el gobierno populista dandole pan y circo a una bola de ignora,14,1,0,0.07142857142857142
402,el hambre y la necesidad de quienes no saben que comera hay no festejan sin ton ni son que pierda me,9,0,0,0.0
403,muy a la ligera sabe que no puede ser dura con los mexicanos porque ellos tambien son parte del prob,9,1,0,0.1111111111111111
404,tomar alcohol que se queden en su casa no permitir tanta gente en un solo lugar y las personas hagan,12,0,0,0.0
405,w hsya seguridad mas pantallas igual a mas gente es no era la solucion la solucion es que si le gent,11,1,0,0.09090909090909091
406,efectos del alcohol mejor que lo vea desde su casa obviamente este domingo va estar igual cuando las,11,0,0,0.0
407,se deja llevar por el de al lado desafortunadamente el domingo sera lo mismo o peor br y la gente pe,11,0,0,0.0
408,senora presidenta cheima si usted como presidenta de ve de poner el orden y evitar que vendan bebida,15,0,0,0.0
409,no respeta a las demas personas vienen a ser desorden ahora adonde estaba la policia municipal los d,11,0,1,-0.09090909090909091
410,senora presidenta cheima que aiga mas orden el la plaza de sananjel ahora otra cosa para ver el part,14,1,0,0.07142857142857142
411,mucha gente contajiada de la epidemia que esta pegado no tiene control va ver muchos pacientes en lo,13,0,0,0.0
412,las pensiones no se dieron porque los politicos en vez de atender su pais prefieren ver el mundial s,11,0,0,0.0
413,ahi anda dando dia libre a los morros para que hagan su desmadre huevones de politicos jajaja quiere,16,0,0,0.0
414,que no como si estuvieran retrasados mentales por dios simplemente ridiculo como la gente es tan obe,11,0,0,0.0
415,lo mas probable es que terminen golpeando al policia por estar detras de el cada quien debe cuidarse,9,0,0,0.0
416,tomara medidas pero gente no sean inconcientes no sean bandalos no lleven ninos ni mascotas ni gente,14,0,0,0.0
417,que manden a los granaderos jajajaja sigue mintiendo ya veremos el resultado que no vengan jajaja qu,12,1,0,0.08333333333333333
418,y la gente debe de cuidarse y tomar sus precauciones ya no son ninos chiquitos ni retrasados el gobi,9,0,0,0.0
419,es ridiculo ya me imagino un policia detras de cada gente diciendole que no haga esto y no haga aque,11,0,0,0.0
420,gente borracha le vale madre lo que le digan y lo mas probable es que terminen golpeando a los polic,13,0,0,0.0
421,ademas cortitos de cerebrito son unos simios macacos y nunca entenderan el gobierno no es nana de la,12,0,0,0.0
422,ed la gente y punto o sea es bruta y no sabe y ahora quiere fregar a todos se friega clara brugada q,12,0,0,0.0
423,es tan seguro visitar mexico como tomar coca cola diario y pensar que no te va a dar diabetes aqui e,15,0,2,-0.13333333333333333
424,no creen busquen quot spark social sf shooting quot i sale bravo hasta que por fin van o prohibir es,15,0,0,0.0
425,es culpa de las personas deben enterder que toda diversion tiene un limite hay personas que van halc,10,0,0,0.0
426,asen tonterias pues a de tener una baramagica mm porque esto no se va a detener y esas senoras dirig,11,0,0,0.0
427,la responsabilidad de la gente quot pin che presidenta toda idi ta deberian prohibir los festejos pu,16,1,0,0.0625
428,celebraciones nomas son causa de tragedia confiar en la gente mexico necesita autoridades firmes en ,15,0,0,0.0
429,debe ser consiente y hacer seguros los lugares mas pantallas provocaran mas personas mejor pongan pa,14,0,0,0.0
430,el deseo de ir a reforma hacen la estrategia inversa ley seca en toda la ciudad si no es por que van,8,0,1,-0.125
431,juntan para festejar ahi en el centro del angel br de la independencia claudia extorsionador a la vi,16,0,2,-0.125
432,mexico contra inglaterra se va a hacer un desmadre que ni la policia los va a poder contener inepto ,12,0,2,-0.16666666666666666
433,de pemex neta de vdd las pruebas estan en los videos adonde quedo eso de mexico se escribe con a de ,16,0,0,0.0
434,tu casa es peligroso salir a festejar esta mal de la cabeza esa mujer vive en su mundo nunca en la t,15,0,2,-0.13333333333333333
435,veraces para que aprendan los que vienen formandose asi mejor que ni vengan doriga el hermano de fer,14,0,0,0.0
436,mujeres para desacreditar se refieren como senora acordemonos de la tigresa clara brugada solo que e,14,0,0,0.0
437,tambien vives de comentarios deportivos en youtube que tiempos aquellos que eres esl socario mayor d,13,0,0,0.0
438,nos quieran ber la cara ablemos mucho millones que sabemos la verdad fox le daba de limosna a norber,16,0,0,0.0
439,horita tiene como digan la verdad traigan al usurpador y que diga a quien entrego las armas de rapid,14,0,0,0.0
440,sr doriga ya estas muy chichinado muchas gracias que bueno que inglaterra alerto a sus ciudadanos pa,13,0,0,0.0
441,por favor tengan cuidado y hagan caso de las alertas br porque aun nosotros los mexicanos tenemos qu,11,0,0,0.0
442,y quieren engancharnos sin saber porque br por favor personas extranjeras tomen precauciones ese nue,15,0,0,0.0
443,lanzar una alerta para echar al bote al chyotero lopez doriga que no vallan a mexico estan asustados,15,1,0,0.06666666666666667
444,que no dijeron mucho mejor quedense en casa gracias joaquin un saludo desde texas lodo lopez velandi,15,0,0,0.0
445,le queda ladrar porque ya no hay chayote jajajaja jajajaja jajajaja jajajaja jajajaja jajajaja que e,15,0,0,0.0
446,verdad para venderte has ende jadas vomitas hablando de eso les manda saludos la aramburu sobre todo,13,0,0,0.0
447,imagen del pais sorpresivo maduro cayo en la carcel mexico en oracion andres manuel lopez obrador a ,19,0,0,0.0
448,con el tratado con estados unidos es un inutil gracias teacher joaquin saludos teacher no vayas tu y,14,0,1,-0.07142857142857142
449,de la desinformacion es increible que exista gente que te crea y te siga como siempre tirando la pie,13,0,0,0.0
450,politica entre claudia sheinbaum y andres manuel lopez obrador amlo se forjo a traves de adversidade,18,0,0,0.0
451,el rechazo a sus proyectos politicos y quisas a un delirio de inferioridad br br el narcisismo de cl,17,0,0,0.0
452,no por lealtad al protegerlo oculta sus propias conductas toxicas mantiene una estructura de poder c,13,1,0,0.07692307692307693
453,br br autoproteccion br los narcisistas protegen a su mentor porque atacarlo expondria las mismas ta,16,0,0,0.0
454,que ellos tambien lo son br br reflejo br un narcisista suele aprender sus rasgos manipuladores de e,14,0,0,0.0
455,un estudiante que defiende las malas reglas de su profesor para proteger su propio derecho a incumpl,15,1,0,0.06666666666666667
456,otorgan estatus o recursos al defenderlos protegen su propia posicion y el quot sistema invisible qu,19,0,1,-0.05263157894736842
457,un ego profundo y fragil si el mentor cae toda la realidad del narcisista podria derrumbarse el arti,16,0,0,0.0
458,de la realidad para engrandecerse br br vinculos traumaticos br el narcisista puede tener un quot vi,15,0,0,0.0
459,intensas fluctuaciones emocionales de una relacion abusiva esto mantiene al narcisista profundamente,18,0,0,0.0
460,al regalar un penal a belgjca asi eliminan a senegal de este mundial hacen los logros de los buenis ,13,0,0,0.0
461,chayotero o no se merecen respeto desde ahi se nota como lis educaron el como se comportan los afici,11,0,0,0.0
462,valores senor lopez doriga con respecto al funcionario ex director de pemex seria importante ver los,16,0,0,0.0
463,discutiendo quien sabe que asuntos y los jalones empujones y en realidad no se ve una agresion que p,12,0,1,-0.08333333333333333
464,agresivos tanto uno como el otro estan alterados e incitados por el calor verbal a actuar de esa man,9,0,0,0.0
465,habria que ver si busca la relacion de pareja no es de muchos anos pudiera ser una relacion de inter,10,0,0,0.0
466,analizando el contexto paso por paso con hechos y testigos que prueben una mala conducta tanto de un,10,0,0,0.0
467,no me gusta tomar opinion de unas simples imagenes sin contexto hagan periodismo con investigacion g,16,0,0,0.0
468,se deje de estos perversos politicos br y siga exhibiendo los buenas noches sr doriga juay the rito ,16,0,0,0.0
469,amigo de claudia ya era casado y violentador de su esposa carmen con quien estuvo casado mas de anos,10,0,0,0.0
470,llega el chayote o ahora ya pura riata lopez doriga miserable renegado y traidor teacher recuerde a ,16,0,0,0.0
471,los hooligans en buenas noches al que perdio el chayote buenas noches senor lopez doriga bendiciones,17,0,0,0.0
472,descanse lo quiero mucho ojala mexico tenga education y no agan como lo icieron con ecuador que verg,17,0,0,0.0
473,protege a nuestros visitantes de todo el mundo a ver que tienes que decirnos de nuestros hermanos de,10,0,0,0.0
474,el gobierno del trompas tu papa les nego para descansar de su largo viaje eso no lo mencionas que po,12,0,0,0.0
475,y mentir y ocultar lo bueno de nuestra gente para nuestros hermanos visitantes ya retirate no sirves,11,0,0,0.0
476,buen gobierno y al pueblo de mexico viva mexico actual viva morena viva sheimbaum presidenta de mexi,19,1,0,0.05263157894736842
477,ray no seas mamon doriga no se cancela se va a los con revision cada ano lo dijiste hasta lo ultimo ,10,0,0,0.0
478,don joaquin gracias por informar que descanse hasta manana que te cuesta informar con la verdad eres,11,0,0,0.0
479,noreste donnde estan involucrados americo villareal mario delgado y el personje que el narco regimen,22,0,1,-0.045454545454545456
480,que la grran mayoria de las ganancias eran precisamente para financiar las campanas electorales de b,17,0,1,-0.058823529411764705
481,don joaquin teacher lopez doriga gracias por ir al punto y sin rollos saludos la mayor prueba es el ,17,0,0,0.0
482,su jefe el kakas el tiempo no no perdona otra mierda mas igual a ciro desde cuando los narcos dan fa,12,0,1,-0.08333333333333333
483,y sus tonterias sheubam proteje al ex director de pemex que golpeaba a su esposa yo creo va a pedir ,12,0,0,0.0
484,que la aficion se comporte que no siga con su acostumbrado mal comportamiento a que hora sera la ser,10,0,1,-0.1
485,ingles br porque les gusta correr en pelotas br por las calles br y bien pedoz se banaron en la furn,15,1,0,0.06666666666666667
486,br a chingazos br todo esto en monterrey en el br saludos profe colines venancio ya deja esto termin,17,0,0,0.0
487,muy puntual como siemore otra alerta a los aficionados ingleses de que joaquin lopez y sus esposa so,15,1,0,0.06666666666666667
488,narcos se viene la peor crusis economiva drl siglo aqui lo unico que les puede pasar a los aficionad,14,0,1,-0.07142857142857142
489,los jugadores les lleven serenata no estes de dramatico me encantan estos resumenes de las noticias ,15,0,0,0.0
490,los meten en cintura muy lamentable que pase esto siendo mexico sede del mundial br que mal que no s,17,0,1,-0.058823529411764705
491,la influencia del alcohol y el fanatismo deportivo muy lamentables perdidas humanas eso que mayores ,10,0,0,0.0
492,gente se acalora uno en ese momento a un lado tambien ni piensan como el que esta en la orilla pero ,5,0,0,0.0
493,que vas lo mejor es k las personas se abstengan de asistir a esa clase de festejo xq no falta la gen,13,0,3,-0.23076923076923078
494,k no se expongan soy mujer pero veo que si la mujer gobierna un pais se va a la que siga el circo lo,10,0,0,0.0
495,desorden de los mexicanos descerebrados y estupidizados que triste que haya gente que no sepa festej,13,0,0,0.0
496,de promover como lugares de reunion por ejemplo las plazas de las alcaldias no que todo mundo vaya a,10,0,0,0.0
497,pero sin tomar en cuenta las salidas de evacuacion sin colocar sanitarios para tantisimas personas p,15,0,1,-0.06666666666666667
498,dep ojala este domingo no se repita son unas bestias para festejar pero sigan festejando a lo pen fa,14,0,3,-0.21428571428571427
499,ido a cdmx pero se sabe que cerraron muchas zonas de la ciudad no sera que por estar cuidando a la e,9,0,0,0.0
500,a pie ya se origino este problema es la culpa de la inepta claudia brugada hay que pedir cuentas a e,12,1,0,0.08333333333333333
501,hace nada segun dicen que ni policias se ven senora tan fea parece arbolito de navidad le falta el m,15,0,3,-0.2
502,indignante que tristeza bueno todos eran mayores de edad y conscientes fueron a esa aglomeracion de ,13,0,0,0.0
503,asi festejan por este triunfo apenas regular a saber que haran por un triunfo mas importante las per,12,0,0,0.0
504,no se acerquen hay otros puntos por favor en paz descansen ya no convoquen a la gente q tristeza fue,13,0,0,0.0
505,personas br no se arriesguen y menos lleven ninos o mascotas por dios yo de jovencita iba a bailes a,13,0,0,0.0
506,nunca iria donde hay multitudes que pongan mas pantallas para distribuir a la gente pongan limite de,13,0,0,0.0
507,pongan control comoben en el zocalo pero lhay gente que se molesta si hace eso el gobierno no se les,13,0,0,0.0
508,lo mas primitivo de la masa ahi ya nadie piensa muchos no miden el peligro al que se exponen como es,10,0,2,-0.2
509,cultural debemos promover el cuidado entre tod s y la sana convivencia recuerden aficionados solo ha,14,1,0,0.07142857142857142
510,por favor no quieran accesar a la glorieta cuando ya este saturada para no vivir los decesos ocurrid,15,0,0,0.0
511,y otra comportarse como bestias y si bien es cierto debio haber mas vigilancia la mayor responsabili,11,1,0,0.09090909090909091
512,y totalmente enajenada esta bien la emocion pero hay que tener prudencia porque ahi van tambien muje,10,2,0,0.2
513,mujeres y ninos ya se que no gusta pero puede ayudar no es lo mismo decir que fue por asfixia a que ,7,0,0,0.0
514,pues los pisaron osea los desvivieron los aplastaron la vida es asi recuerden que cuando les toca le,11,0,0,0.0
515,el lugar les toco ahi hubiera sido en otro lado la vida dios y el destino asi lo pone independientem,9,0,0,0.0
516,ni aunque te quites es la ley de la vida si no ubiese sido ahi probablente en otro lado el gobierno ,8,0,0,0.0
517,desastres en la ciudad ya no deberian de permitir esa clase de festejos muchos nada mas van a aser d,10,0,0,0.0
518,esta bien que gane mexico y estar alegre un rato pero asta ay siempre tenemos cosas mas importantes ,11,0,0,0.0
519,cuidado me acuerdo del accidente de reforma donde un bmw se parte en dos fue horrible curioso que se,11,0,0,0.0
520,lastima que estas personas hayan fallecido de esa manera desde un principio veo que es una exageraci,12,0,0,0.0
521,posible que pienses en ir y creas que no es peligroso y mas si no eres fuerte y tienes buenas condic,9,0,1,-0.1111111111111111
522,consecuencias como cuando manejas borracho en este caso bebes y te vas a a meter a la multitud eso e,13,0,0,0.0
523,de mexico pero mas seguridad en la celebracion aglomeraciones organizadas mejor dicho desordenadas i,14,2,0,0.14285714285714285
524,nunca y pierde como siempre br a ver si van hacer su desmadre al angel o donde quiera demasiada emoc,10,0,3,-0.3
525,sube al tope no piensas no te das cuenta de lo que haces y es lamentable la perdida de estas persona,11,0,0,0.0
526,la sociedad mexicana los videojuegos vuelven violentos a las personas br el deporte y donde esta la ,14,1,0,0.07142857142857142
527,serebro ya no se ni como llamarlos esa no es la manera de festejar todo al me bale madres lastimar a,14,0,0,0.0
528,nadie del gobierno por lo menos advirtio del posible desastre que si no estas en buenas condiciones ,9,0,0,0.0
529,el mexico es una aficion tan desaselerado creo que puede suceder estas cosas en las grandes masas cr,9,0,0,0.0
530,que somos la mejor aficion debemos de tener precaucion aveces armdmiro la aficion pero se pierde el ,14,0,0,0.0
531,uno de esos plasticos grandes que sirven en la obras para creo que sirven para definir la vialidad e,9,0,0,0.0
532,controlar a la aficion le pido al gobiero precaucion que el que vaya al fan fest este concientes que,12,0,0,0.0
533,conciente se cualquier mala anomalia chayoteros poca m sacando link y monetizando con la desgracia d,15,0,3,-0.2
534,conocerla pierden la cabeza cuando hablaras de la perra de la cervipresidenta mediocre este canal es,15,0,0,0.0
535,un medio de comunicacion de quinta jajajaa buenas noches fabian no es dificil contener a la gente lo,14,0,0,0.0
536,la ciudad ya no esta para ese no hay lugar ya todo esta construido lo deven festejar pero a campo ab,10,0,0,0.0
537,todo y caiga toda esra corrupcion en vez de que elimine el fan fest dice vamos a poner mas pantallas,12,0,1,-0.08333333333333333
538,cuenta solo festejar con responsabilidad y chavos hagan caso a sus padres cuando les prohiben ir a e,13,0,0,0.0
539,hay una concentracion de un millon de gente mejor programen festejo en casa habian muchos chamacos m,12,0,0,0.0
540,no pueden estar inventando cosas peligrosas parecian neandertales obligando a los extranjeros a lanz,11,0,0,0.0
541,no coloquen pantallas porque se vuelve un desma dre aparte de que cierran todo es un verdadero caos ,12,0,1,-0.08333333333333333
542,que juegan contra ellos muy buena opcion de la presidenta claudia shienbaun la gran mayoria sale a d,13,0,3,-0.23076923076923078
543,respeto es dificil cuando el gobierno no tiene estrategia ni gobernanza con todo el corazon lo senti,13,0,0,0.0
544,queda de otra br viva mexico br br habia mucha gente drogandose y bebiendo cerveza br los policias s,18,1,0,0.05555555555555555
545,sirven justo por poner pantallas es que se junta un millon de personas es irresponsable un gran buuu,13,0,0,0.0
546,que los contenga como a las manifestaciones ahi no es dificil la narca presinepta solo cuida a crimi,13,0,2,-0.15384615384615385
547,ni claudia s lleno con millon de hermanos es dificil totalmente de acuerdo correcto poner mas pantal,15,0,0,0.0
548,pantallas ooo y seccionadas para que blochen libre circulacion y tambien sobre lazaro cardenas panta,18,2,1,0.05555555555555555
549,seccionadas las areas sobre madero pantallas y x secciones de calle a calle quiza quiza asi no se ag,16,2,0,0.125
550,todos somos seres pensantes asi que hay que tener respeto y como dije si no sabes convivir con respe,11,0,0,0.0
551,un festejo y otra es pasarte de lanza ley seca para eso si hay recursos y de sobra pero para lo esen,13,2,2,0.0
552,obligatorios del gobierno nooo es el colmo su solucion de esta lagartija que rapido atiende la probl,14,0,0,0.0
553,este gobierno de mierda comunista nombre otra cosa fuera la corrupcion e incompetencia en todo su ap,14,0,2,-0.14285714285714285
554,que tiene de gobernadora lo que yo de astronauta maldito regimen de esta ta morena ya basta la pregu,12,0,0,0.0
555,granaderos que han utilizado cuando se manifiestan los maestros campesinos madres buscadoras transpo,15,1,1,0.0
556,bridar seguridad resultaron peor que el pri y pan deplorable y reprobable el papel de las autoridade,15,1,0,0.06666666666666667
557,de animales a ver si dice lo mismo son irresponsables e ineptos evidentemente no hay responsabilidad,11,0,0,0.0
558,y pretender que el pais les pertenece esta comentarista tambien deberia analizar el caso de samuel g,15,0,0,0.0
559,e inmoral exacto no saben gobernar es ridiculo brugada y claudia son unas ignorantes eso si gastan d,12,0,0,0.0
560,pais se esta cayendo al igual que la cdmx y donde estan el fondo para desastres que pasara si hay un,10,0,0,0.0
561,tambien nuestra responsabilidad entonces para que gobiernan pobre mexico irresponsables cinicos abus,16,0,0,0.0
562,pues para q votan por chichifos y malas fachas vean primero su historial de haraganes holgasanes cor,13,0,0,0.0
563,responsabilidad que sin ella esas muertes fueron de lo mas absurdas por favor cuidense mucho jajajaj,12,0,0,0.0
564,no se puede evitar br y si reprimen actos validos de reclamos de injusticias de toda indole br no pu,14,1,0,0.07142857142857142
565,y sus necesidades reales de trabajo salud agua fanaticos irresponsables es convivir tranqilamente si,15,2,1,0.06666666666666667
566,el visual sobre los reglamentos en los cierres viales y los fan fest no empujar no agredirse no grit,13,0,0,0.0
567,ser reglamentarios obligatorios y con demarcacion visual como en el caso de pasos peatonales y no ac,15,0,1,-0.06666666666666667
568,se hace llamar jefa de gobierno es igual lo peor de inepta que la que esta en la silla presidencial ,12,0,0,0.0
569,blablabla siempre ha estado en contra de la t su version es exagerada porque no fue esta mentirosa a,9,0,0,0.0
570,que la sra brugada se convierta en ninera de las personas que deciden danar su salud br tal vez extr,13,0,0,0.0
571,de conocerla parece una bruja africana en halloween ahora me explico todo perdon bonita tarde para t,13,0,0,0.0
572,responsabilidad eres tan incompetente que das pena mira mi reina no te pases quieres golpeteo es cie,12,0,0,0.0
573,a la ciudadania ok desde el momento que no se aplica la ley que va a saber la senora de terminos de ,10,1,0,0.1
574,pueblo entra en una catarsis enfermiza una catarsis es sanadora aqui la gente enloquece y las autori,15,0,0,0.0
575,gobierno tu te expresas de manera inteligente y la jefa del narco gobierno es una marginal ignorante,12,0,1,-0.08333333333333333
576,expresion tambien es culpa del gobierno porfavor senora si los acosan dicen que estan emocionados po,11,0,0,0.0
577,lo hacen con el acamoto turbas incontrolables como no se van a poder prohibir para todo sacan leyes ,9,0,0,0.0
578,la jefa de este incapaz e interdicto pseudogobierno de la cdmx no sra brugada esta usted mal es su o,11,0,1,-0.09090909090909091
579,haciendo su labor es un desastre la ciudad de mexico es usted inepta para estar a cargo de la ciudad,14,1,5,-0.2857142857142857
580,negras todos los dias hay algun trailer que se voltea que no se supone que los que manejan trailers ,12,0,2,-0.16666666666666666
581,tantas fallas es de dar verguenza para ellos gobernar es no gobernar responsabilidad en mexico que b,15,0,0,0.0
582,podia esperar otra cosa es mexico pinchi gobierno basura armado patito de gobernantes sin experienci,20,0,1,-0.05
583,descontrolado en veracruz desde hace tres meses br por favor hagan algo pemex e informen tengo anos ,13,0,0,0.0
584,linnea editorial que te endilgan para q trabajes y te paguen y cual seria una propuesta coherente re,12,0,0,0.0
585,donde andabas antes de estar en este medio esta burrada es otra ineptos ya ni hay contro de la publi,8,1,0,0.125
586,policias porque la policia esta para cuidar el orden porque pues como esta es una inepta pues contra,12,0,0,0.0
587,eso no fue un festejo fue un desgarriate estamos gobernador por puros corruptos ladrones corruptos i,15,0,1,-0.06666666666666667
588,por donde weyyy papa gobierno independiente del partido no puedo estar detras de la gente como ninos,14,0,0,0.0
589,educacion que se le proporciona a los jovenes y eso no se hace en un dia definitivo el gobierno tien,7,2,0,0.2857142857142857
590,ley seca de la corrupta criminal usurpadora clara brugada la muerte y el pueblo se las pasaron por e,14,0,2,-0.14285714285714285
591,es que hay dinero de por medio y la otra es que la cantidad de gente en una protesta es mucho menor ,9,0,0,0.0
592,br si no permites los festejos reprimes y si los dejas eres indolente asi si ocurren las cosas lamen,13,0,0,0.0
593,la colusion con los delincuentes de brugada y sheinbaum vendiendo bebidas alcoholicas y dr gas en la,14,1,1,0.0
594,con las familias buscadoras y los golpean los maestros los de ayotzinapan las familias de los pascie,12,1,4,-0.25
595,autoridades de esas dependencias de la ciudad la ley seca donde quedo y la alteracion del orden publ,12,1,1,0.0
596,demas ciudadanos puro populismo pan y circo para el pueblo si hay muertos nosotros no somos culpable,13,1,1,0.0
597,a la sociologia la masa no se regula se salieron de control las cosas la masa no se autoregula hay q,11,0,0,0.0
598,autoridades murieron poquitos br asi lo ven br salio barato brugada es una inepta estas personas no ,16,0,0,0.0
599,se tomen su ajolotius por que no se pueden prohibir los festejos y las expresiones y si reprimes la ,13,0,0,0.0
600,perfectamente que cada quien es responsable de sus y sufre las consecuencias de los mismos cada quie,6,0,0,0.0
601,mas facil se aplica y ya solo no se quejen de represion o que soy libreeee en fin br solo seamos adu,10,0,0,0.0
602,br si truena el cuete te chiflan br si no truena el cuete vte la re chiflan br uuuuuufffffffr como l,16,0,0,0.0
603,le pides peras al olmo muchos quot chiquitos quot me refiero a la madurez emocional social y laboral,15,0,0,0.0
604,limites para eso la contrataron pero no lo sabe hacer son quot permisivos quot para que les regalen ,11,0,0,0.0
605,quieran para que no se enojen y despues voten por mi tratar con adolescentes requiere de conocimient,13,1,0,0.07692307692307693
606,de personas lo que queria brugada y la y es quot quedar bien quot y que haga la gente lo que quiera ,14,0,3,-0.21428571428571427
607,sea a las madres buscadores les pusieron una barrera de policias y no pasaron no te parece nada si l,11,0,0,0.0
608,que se debe hacer gracias hermana estoy de acuerdo con usted en todo parecen borregos caminando al c,11,0,0,0.0
609,alguien que no hace mas que cobrar un cheque mensual y ponerse segun ella guapa pero el pueblo le va,12,0,0,0.0
610,un pachingon y si pero para hacer desmadre debieron prevenir ademas el gob mismo cierra puertas cont,13,0,0,0.0
611,disparada como hordas salvaje y por eso hay aplastados pisoteados asfixia dos es que la senora no es,14,0,0,0.0
612,mi casa no es delito es festejo bien como a las madres buscadoras los del sente los traileros a esos,11,0,0,0.0
613,reprimiendo a las madres buscadoras el mismo gobierno promueven el desorden por que ponen tantas pan,13,0,0,0.0
614,personas ay que ver como justifican el no aplicar la ley la organizacion de estos eventos festivos d,12,1,0,0.08333333333333333
615,la autoridad que regule si son corrientes e ignorantes clara es nera tido lo dicho por ti es totalme,12,0,0,0.0
616,es hagan lo que quieran no hay gobierno no hay autoridades es una anarquia total no hay limites no s,10,0,0,0.0
617,son con el pueblo por eso ya hubo muertos en los festejos este narcoregimen es un asco eso es viejo ,13,0,1,-0.07692307692307693
618,de verdad creen que estos agitadores que estan en en el gobierno van a saber algo de esto creo que e,8,0,1,-0.125
619,justo a eso entre aqui a oir la disculpa por decir que la ley seca era ridicula e innecesaria todo e,11,0,1,-0.09090909090909091
620,quot noticias quot de negatividad y terror a la poblacion pero yo oi en este canal que era ridiculo ,15,0,1,-0.06666666666666667
621,son adultos y no necesitan ese quot control dictador quot traguense sus palabras ahora y pidan discu,18,0,0,0.0
622,gobernar acompanada de mucha ignorancia se llama organizacion se llama control de la autoridad clari,14,0,0,0.0
623,mucha madre y trabajar no solo hacer e pende pero no te reunas a protestar por cualquier motivo porq,10,0,0,0.0
624,les dejan llegar al primer cuadro de la ciudad y si te atontas hasta a golpes te quitan este gobiern,12,0,0,0.0
625,las madres buscadoras se manifiesten mvs despide a sus comunicologos no vale madre autoridades anos ,17,0,0,0.0
626,gente tu crees que brugada estudio sociologia sigan votando por ignorantes circo mientras destrozan ,18,0,0,0.0
627,que es gobernar por que morena odia a mexico hasta los invasores de las caravanas aprovechan para ha,13,0,0,0.0
628,atraviesa nuestro pais disculpame que no comparta tu punto de vista cuando las cosas salen mal siemp,12,0,1,-0.08333333333333333
629,responsables somos nosotros decia mi papa que si no quieres ver viciones no andes de noche cada quie,11,0,0,0.0
630,establecer un mecanismo de regulacion de masas generalmente hay procedimientos y especialistas en co,14,1,0,0.07142857142857142
631,era una alerta para establecer un sistema de manejo masivo de gente y prevenir br br pero los teros ,13,1,0,0.07692307692307693
632,y rebasa su minuscula capacidad circo y maroma para obtener el voto deberian de darnos todo el mundi,15,0,0,0.0
633,votaran por morena de nuevo esa es tambien mi pregunta hay autoridades y si c puede prohibir pero el,8,0,0,0.0
634,permisivos pero si alguien reclama una injusticia como el desabasto de medicamentos entonces en fa t,14,0,1,-0.07142857142857142
635,la gente boba esos no son festejos eso no es porque ya gano mexico eso es b a n d a l i s m o asocia,11,0,0,0.0
636,el gobierno no los sanciona o los mete a la carcel porque quien vota por ellos simplemente esa mujer,8,0,0,0.0
637,malas actitudes deben tener sanciones no importa si festejan o no por permitir los excesos esta muje,14,0,3,-0.21428571428571427
638,a iztapalapa y al elegirla como gobernante de la cdmx a esta ya se la cargo el payaso disfruten lo v,9,0,0,0.0
639,puede controlar es imposible imposible imposible pero van a tener tela y mucha de fonde cortar pero ,11,0,0,0.0
640,es desicion de la policia es desicion de la jefa de gobierno y del secretario de seguridad los cuale,10,1,0,0.1
641,son los que limitan restringen prohiben y perjudican el trabajo de las autoridades policialesli para,11,0,0,0.0
642,hasta pantallas y como no si esto es para vender propaganda politica la ajolota dice que se puede ma,8,0,0,0.0
643,ni quieren controlar los excesos de la gente trastornada se les olvida que hay horas de trabajar y n,10,0,0,0.0
644,mientras no les pase a ellos nada no pasa nada increible esta periodista desconoce cuando la multitu,10,0,0,0.0
645,mexico despierten nos tratan como animales para que el mundo vea que no es narco morena si no nosotr,12,0,1,-0.08333333333333333
646,para que tomen y se comporten como bestias y no tener temor de dios es bueno festejar pero no desmad,9,0,0,0.0
647,no se le puede pedir se responsabilice a una persona que a todas luces es por decir lo menos incompe,9,0,0,0.0
648,outfit esta del asko pasa por el salon que te pinten las unas de nina que tienes ya no te las comas ,11,0,0,0.0
649,hacen los t solapar malas conductas asi sus politicos deberian quitar las pantallas si este gobierno,15,0,1,-0.06666666666666667
650,totalmente fuera de control los festejos una vergenza pero a las madres y feministas las bloquean co,14,0,0,0.0
651,lo crea simplemente se lavan las manos de todo tipo de responsabilidad que mujera tan hipocrita che ,14,0,0,0.0
652,peligroso hay lugares donde solo puede pasar de una sola persona puede haber personas aplastadas lo ,9,0,1,-0.1111111111111111
653,los hijos caigan en manos de gobierno y vicios hasta no poder que tristeza los policias se dedican a,12,0,0,0.0
654,orden me recuerda al guason en estos momentos y este regimen de narco trafico no tienen ningun contr,13,0,4,-0.3076923076923077
655,desafortunadamente el partido que ellos dirigen son parte de cartel del llamado morena no cabe duda ,14,0,1,-0.07142857142857142
656,piensa por eso los controlan porque van como borregos la clara no distingue celebrar a no caer en ex,10,0,0,0.0
657,presentar esto al mundo br brugada ya regresate al tianguis a vender verduras no es que no se quiera,13,0,0,0.0
658,bombas de agua etc la embrujada igual que lopez y la presir inutiles la changa burrada como no se pu,16,2,1,0.0625
659,br esta senora no sabe ni tantito de leyes br morenista de t con tantos problemas que hay en el pais,12,1,0,0.08333333333333333
660,igual y no defiendo a los mala copas pero disque que salgo al quite porque yo si bebo pero pues hago,11,0,0,0.0
661,que hace es buscar pleito y se siente muy macho por eso no hay organizacion solo les interesa dar ci,11,0,0,0.0
662,al zocalo indebidamente y aqui somos adultos a nadie llevan ala fuerza ahora resulta q las autoridad,12,0,0,0.0
663,menos los molesten mejor eso a ellos no les deja como el huachicol o fentanilo cuales autoridades cu,12,0,0,0.0
664,es cierto tienen que hacer cumplir la ley hay que reprimir para luego tener que decir que morena es ,8,0,0,0.0
665,creerse eso ya no es celebrar es hacer desmanes a todas luces bebidas alcoholicas haciendo ridiculec,13,1,0,0.07692307692307693
666,su principal distractor que poca madre y los que murieron donde esta la organizacion se esta perdien,12,1,0,0.08333333333333333
667,educar a la poblacion como siempre esperando que pasara algo para criticar al gobierno de la cdmx co,14,0,0,0.0
668,ahora se van con criticar lo excesos de los aficionados solo estaban ansiosos de que pasara algo par,12,0,0,0.0
669,maestros campesinos transportustas etc ahi si mandan granaderos y policias y la gente que tiene que ,11,1,1,0.0
670,cdmx va a cubrir los gastos funerarios de los fallecidos en el relajito para que creen que organizan,13,0,0,0.0
671,pueblo pan y circo como es posible todo eso a donde estaba proteccion civil y la policia para poner ,11,1,0,0.09090909090909091
672,se puede prohibir un festejo pero si un reclamo de las madres buscadoras la policia esta cuidando lo,16,0,0,0.0
673,patrulla con su acompanante oh en el celular a href y por que no informan de la balacera en una canc,11,0,1,-0.09090909090909091
674,terroristas dice la prasadanta a ti que te importa deja que la gente se divierta mientras no hagan d,12,0,0,0.0
675,a la ciudadania por ahi no sacan ningun reportaje la gente esta desbordada con el alcohol han dejado,14,1,2,-0.07142857142857142
676,brujaada a las de la manana tomando deberia darle vergenza sra jajaja jajajaja ay que escandalo amar,16,0,0,0.0
677,estupidez y pon la opcion de dar dislaik pinches gobiernos de morena es un desmadres no ay leyes en ,16,0,0,0.0
678,paara noticias mejor di lo que hacen los vandalos en las marchas que dicen ser maestros no ma estos ,11,1,1,0.0
679,falta de empata con las madres buscadores ahi si se ponen perros naaaambre que chulada tres muertes ,13,0,3,-0.23076923076923078
680,q arias como le pides peras al olmo sociologia a la mama de los ajolotes y el abandono en infraestru,13,1,1,0.0
681,sin control era logico que empesaran las catastrofe br el mexicano grita viva mexico y no lo respeta,16,0,0,0.0
682,mexicanos euforicos y ebrios se vuelve una anarquia total br si el gobierno falla permite robos y de,15,0,1,-0.06666666666666667
683,que habia ley seca estaban deteniendo a los ahticultores y madres y padres buscadores son porros los,15,0,2,-0.13333333333333333
684,la cabeza el corazon o tu comezon a que dona ajolota si sigue asi de nefasta hipocrita y cobarde ser,14,0,0,0.0
685,correcta para esta porqueria de gobierno pudieron contener a madres buscadoras y docentes de la cnte,12,2,0,0.16666666666666666
686,agarras y la metes a la carcel ahorita estuvieran chillando que cuanta represion y la chingada son u,13,0,0,0.0
687,solo debe reaccionar en tiempo real sino debe de prever br contencion autoridades hay pues qu ignora,15,0,0,0.0
688,se asombran con su indolencia la autoridad se pone al nivel de los fanaticos irresponsables sera que,13,0,0,0.0
689,esa senora brugada vaya a limpiar ese cochinero que dejaron pues a la gente de limpia no creo que le,12,2,1,0.08333333333333333
690,dijo que iva a haber ley seca pobres i eptos dan risa de tantas estupideses que dicen y callar a tod,12,0,1,-0.08333333333333333
691,todos los seudo periodistas que no les embona nada es justo lo que el gobierno quiere aprovechar el ,10,0,0,0.0
692,de lo mal que trabaja el gobierno en serio crees que cada mexicano cuenta con un policia no seas rid,12,0,1,-0.08333333333333333
693,claros presidenta claudia sheimbaun tiene que ordenar las cosas en cdmx si no pueden garantizar segu,12,1,0,0.08333333333333333
694,donde se les permita dejan sus montanas de basura y aparte lidiar con ebrios a las madres buscadoras,14,0,1,-0.07142857142857142
695,les aplaude vamos bien que irresponsabilidad la cual ha ocasionado muertos y actos de barbarie el go,14,0,1,-0.07142857142857142
696,canijo se puede volver una desgracia si se debe prohibir tomar las bebidas alcoholicas porque a una ,12,0,0,0.0
697,van a hacer su escandalo en verdad esta senora esta pero muy mal ni idea tiene la constitucion q est,10,0,1,-0.1
698,no sirve pa ni mas pero no fuera la manifestacion de las madres buscadoras que les avientan la artil,14,0,0,0.0
699,como si hubieran demadrado el angel la basura br ademas ellos aprovechan con las mordidas a conducto,11,0,1,-0.09090909090909091
700,haber terminado el festejo y todos para su casita br no seas ridicula mujer br y si a las a href hor,14,1,0,0.07142857142857142
701,ya no porque su tiempo se les acabo a las de la noche no br ridicula estaban trabajando de home offi,10,0,0,0.0
702,de yo estoy con rocha moya jaja jajajaja jajajaja jajajaj si ni lis mexicanos estan seguro epd no fu,15,0,0,0.0
703,domingo inconciencia de todos cuando fui a celebrar el ano nuevo a reforma cuando estuvo polymarchs ,13,0,0,0.0
704,de enfrente contra las vallas me queje con unos policias de que tuvieran mayor vigilancia o hicieran,9,1,1,0.0
705,de venir a esta clase de eventos eso me recuerda no somos dinamarca somos el circo de gladiadores en,13,1,0,0.07692307692307693
706,muerte este gobierno es un incompetente urge suspender esos quot festejos quot no pueden arriesgarse,11,0,0,0.0
707,apoyar claudia br pura palabreria como siempre no pues el mundial tiene que seguir necesitamos ver a,13,0,0,0.0
708,desma nes van ya bien borrachos y drogados ni un policia pueden hacer lo que quieran deben de haber ,9,0,0,0.0
709,vuelva a repetir tan lamentable hecho investigando un poco cuando hay un grupo tan masivo las person,13,0,0,0.0
710,fluido fisico un liquido entonces cuando se detiene este flujo y los de atras siguen empujando la ge,14,0,0,0.0
711,el conocimiento incluso estando de pie al estar tan apretados la misma presion les impide caer al pi,14,1,1,0.0
712,que estas personas perdieran la vida por algo que se puede salir de control tan rapido por experienc,12,0,1,-0.08333333333333333
713,de seguridad y sector salud son terribles basicamente si te pasa algo estas solo fueron ofrecidos en,12,1,0,0.08333333333333333
714,carga la lagartija y su jefe el pejelagarto esto no debe volver a pasar debemos ser conscientes las ,12,0,0,0.0
715,no merecen esto asi salir para mandar alv a morena y mientras en venezuela que vergenza dan no saben,12,0,0,0.0
716,ojala pierda la seleccion parece que nunca salen esto pasa por adorar falsos dioses esta comprobado ,11,0,0,0.0
717,cien personas eso esta comprobado el diablo siempre cobra almas mientras gente sufre en venezuela la,14,0,0,0.0
718,saben cuidarse ni respetar y mucho menos festejar sera que en este canal ya no tienen personal para ,13,0,0,0.0
719,personas sin el minimo sentido de ortografia que decepcion dios tenga misericordia de mexico por tan,13,0,0,0.0
720,para buscar a jesucristo no pudieron cuidense cada persona es responsable pero sigan yendo al angel ,15,0,0,0.0
721,que tonteria ir alla en vez de verlo en tu casa en tu cama con tu refresco o tu cerveza es horrible ,11,0,0,0.0
722,es demasiada gente ese tipo de eventos estan hechos para cierto tipo de gente y aqui los resultados ,12,1,0,0.08333333333333333
723,festejos sin protocolos de seguridad aqui el resultado previsible yo ya vivi la aglomeracion de tant,12,2,0,0.16666666666666666
724,asi mejor desde casa y todos a gusto porque no celebran trabajando con eficiencia con honradez limpi,15,1,0,0.06666666666666667
725,el circo romano que los distrae la gente es muy inconciente no saben disfrutar fallecieron muy bien ,12,0,0,0.0
726,quiza ya no debamos ganar a inglaterra si estas cosas pasan descansen en paz br y ahora que diras ad,13,0,0,0.0
727,que tanto escandalo ya mejor que no juegue la seleccion ya que eso trae desgracias porque no hay mad,10,0,0,0.0
728,y perverso de la locura de los aficionados de la seleccion mexicana descansen en paz oraciones para ,14,0,0,0.0
729,teresa siempre pasa algo como es posible que lamentable pero seguimos viendo en este pais que el pat,11,0,0,0.0
730,tuvieron que enfrentar estas terribles consecuencias apa asi adoraran a dios eso es suicidio van dir,15,0,0,0.0
731,que quieren festejar pero no arriesguen sus vidas vayan a celebrar a su delegacion o centro civico s,16,0,0,0.0
732,delegacion y centto civico de cada municipio para que la gente pueda celebrar sin exponer su vida qu,14,0,0,0.0
733,la gente ellos que ganan que necesidad pero que sigan la presidenta y la jefa de gobierno chingando ,13,0,0,0.0
734,miles y miles que casos y cosas super importantes y ustedes con el futbol para puras vergenzas frent,13,0,0,0.0
735,perfectamente que habra una aglomeracion masiva que se saldra de control porque es inhumano la canti,13,0,0,0.0
736,pasadita muy nooo muchas personas todo acaba en tragedia este gobierno es de mal agero solo nos ha t,13,0,1,-0.07692307692307693
737,terremotos tremendo que no vale la pena dejar la vida por una celebracion br sea del pais que sea ce,15,1,0,0.06666666666666667
738,fifa ni la seleccion del pais que sea te van a ayudar a pagar el funeral y mucho menos van a acompan,9,0,1,-0.1111111111111111
739,vidas todo por un juego hasta donde hemos llegado perdon senor por tanta estupidez esto se veia veni,13,1,0,0.07692307692307693
740,es demasiada por favor no todos tienen que estar alli denle calor al festejo en sus casas y municipi,14,0,0,0.0
741,ser para ir a votar viva mexico es responsabilidad de quienes van ya basta de politiqueria el gobier,12,1,0,0.08333333333333333
742,paises como en el tomorrowland se deben poner mas organizacion o de plano restriccion para ir a esos,8,0,0,0.0
743,pero era obvio que pasara algo asi era demasiada gente aplastandose pero la gente no es prudente le ,15,0,2,-0.13333333333333333
744,se embrutece mas es mejor no ir a esos festejos el triunfo de una seleccion no vale la voda de las p,11,0,0,0.0
745,irreponsabilidad br caray lamento estas personas que perdieron la vida pensar que sucede eso por un ,17,0,0,0.0
746,una patada no haya alcanzado la suficiente sensatez para discernir entre un espectaculo y la vida re,13,0,1,-0.07692307692307693
747,mexico si esto paso con este triunfo imaginen si son campeones br lo dicho quot pan y circo quot mur,14,0,0,0.0
748,vida por la seleccion mexicana pero les dire eso ta es responsabilidad de cada persona heyyyh adulto,17,0,0,0.0
749,esos festejos vean el riesgo comorense tacos chalupas pambasos palomitas papistas refrescos y vean e,18,0,1,-0.05555555555555555
750,verlo en sus casas pura bestia sin control solapados por el gobierno capitalino no midio el gobierno,17,0,0,0.0
751,gente necia como se les ocurre ir a esos eventos son peligrosos lo que no tienen es juicio las autor,11,1,1,0.0
752,una multitud deberia estar prohibido el lleno total es un gran orgullo por la seleccion mexicana br ,12,0,0,0.0
753,que tener mas responsabilidad por dios jajajajajajaja jajajajajajaja como asi caray es posible eso q,9,0,0,0.0
754,la culpa a nuestra presidenta al jf harfush a morena o a quien haaaaa si es cierto la seleccion mexi,11,0,0,0.0
755,jajajajajajaja se puede festejar en su casa tranquilamente sin riesgos pero no entienden a poco la s,10,0,0,0.0
756,como los patrones te desvives por algo que no te deja nada que barbaridad ahora entiendo lo presas f,10,0,0,0.0
757,irresponsable asi que me pregunto podra haber un cambio en nuestra manera de ser huffff yo poreso de,9,0,0,0.0
758,convivir con precaucion cero empatia no se trata de seguridad es logico que entre tanta gente te rob,15,1,0,0.06666666666666667
759,segun la edad y sus padesimientos por que siempre le echan la culpa ala seguridad polisiaca la multi,11,2,0,0.18181818181818182
760,llevar casco o a exceso de velocidad y sin cinturon asta groseros se ponen todavia que se preocupan ,13,1,0,0.07692307692307693
761,con su derrama economica bola de pinguinos siempre les daran atole con el dedo eso ya esta mas que c,14,0,0,0.0
762,no somos un pueblo civilizado asi deberian apoyar a las madres buscadoras shitbaum la tremenda caric,16,0,0,0.0
763,t sobresaturacion diles senor el descanso eterno pobres familiares que hoy tienen que velar a su fam,14,0,0,0.0
764,el porque paso personas inconscientes por amor a dios no vayan por favor como me gustaria q a si le ,10,1,0,0.1
765,pero no todo lo contrario iglesias vacias por eso viene lo q viene porque nos hemos olvidado de dios,11,0,0,0.0
766,desmedido ni modo como es posible que se arriesguen asi y todavia hay quien lleva a sus hijos pequen,9,0,0,0.0
767,en television en una cafeteria en un bar o en mi casa pero en multitud no porque es demasiado no hay,11,0,0,0.0
768,por que mira demasiada gente muchos jovenes muchos adultos muchos ninos a mi me preocupaban los nino,11,0,0,0.0
769,hogar o desde un bar o cafe viendo lo que me agrada por television en dia normales no hay seguridad ,11,1,0,0.09090909090909091
770,pesame asi es es no permitir la reunion de mas de mil personas y menos sin organizacion solitos esco,13,0,0,0.0
771,como br si ellos son santos quien las fabrica eeuu para todos esos vendepatrias como los narcopriani,12,0,0,0.0
772,pedofilo el mentiroso de la informacion vaya hasta que esta moviendo un dedo eua bueno si deberas es,11,0,0,0.0
773,llegan desde asia por el puerto lazaro cardenas nomas no le digan a nadie es confidencial jajajajaja,16,1,0,0.0625
774,de usa donde acostumbran a ponerse los vendedores de drogas kimikas signifika ke su reitin de ventas,14,0,0,0.0
775,del cartel de sinaloa alla en usa y mucha mucha clientela gringa opto opto por comprarrle alos capos,17,0,0,0.0
776,y ese factor genera guerrillas en sinsloa pues por no saber despachar bien en usa oo por no surtir a,10,0,0,0.0
777,fantastiko pero cierto nuevo ya te conosco pendejo para que te presentas jajajaja tu eres el chayote,10,0,0,0.0
778,fachada que te pasa porque eres un flamante periodista no te tragues ese cuento buenas noches ya gua,15,0,0,0.0
779,proteja eres un gran reportero lopes doriga estos noticieros mexicanos nonles alcanza el cerebro par,19,0,0,0.0
780,gran parte de la responsabilidad es de los medios de comunicacion como este noticiero que incitan a ,8,0,0,0.0
781,ellos ni siquiera pueden pagar un boleto fanatizado a la gente llenando llenando su cabeza de sectar,13,0,0,0.0
782,comunicacion como este noticiero por lo menos monitorearon por camaras y drones debieron estar prepa,10,2,0,0.2
783,ha sucedido en el mundo no es la primera vez ya identificaron a los delincuentes responsables vivo e,11,0,1,-0.09090909090909091
784,arguende por personas que se petatearon lo unico importante es que la seleccion mexicana siga ganand,14,0,0,0.0
785,vale gorro br br viva mexico y donde estaban los que cuidan hasta la mas minima marcha el futbol est,14,0,0,0.0
786,no esta preparada para esto en mexico es normal uno de los paises latinoamericanos con el mas alto i,11,0,2,-0.18181818181818182
787,que locura pero el gobierno tbien coopero para que esto su ediera ya que esto sabian que vendria me ,12,0,0,0.0
788,gpt que significa festejar br br festejar significa celebrar un acontecimiento que se considera vali,15,0,0,0.0
789,las normas morales o juridicas una celebracion es una actividad humana no un estado de excepcion br ,15,1,0,0.06666666666666667
790,no constituye una justificacion br br ahi es donde conviene distinguir tres cosas br br explicacion ,16,0,0,0.0
791,disminuir la responsabilidad en ciertos delitos segun la ley br justificacion convierte una conducta,18,0,0,0.0
792,un festejo normalmente pertenece a la primera categoria no a la tercera br br sobre los ejemplos que,14,0,0,0.0
793,br beber alcohol en la publica donde esta prohibido sigue siendo una infraccion br manejar ebrio sig,14,1,0,0.07142857142857142
794,agresion sexual jamas deja de ser un delito porque quot habia ambiente de fiesta quot br br en ningu,18,0,0,0.0
795,de la conducta br br respecto a los matices entiendo tu sarcasmo porque en conversaciones anteriores,15,0,0,0.0
796,la realidad se vuelven problematicos cuando sirven para diluir responsabilidades br br tu ejemplo de,15,0,1,-0.06666666666666667
797,moral y en algunos ordenamientos juridicos incluso juridico que obliga a analizar el caso con cuidad,13,0,0,0.0
798,vida alimentacion propiedad que requieren ponderacion br br en cambio quot queria divertirme quot o ,22,0,0,0.0
799,br br no hay una necesidad equivalente br br por eso dices quot aqui si caben los matices quot refir,15,0,0,0.0
800,bastante respaldo tanto en la etica como en el derecho br br la experiencia que cuentas sobre tu hij,11,1,0,0.09090909090909091
801,de ciertas conductas br br tus vecinos no tenian por que conocer la condicion medica de tu hijo para,10,0,0,0.0
802,nadie en la colonia tuviera un hijo cardiopata o autista ya existian razones suficientes para cuesti,17,0,0,0.0
803,hay adultos mayores br hay personas enfermas br los animales tambien sufren con la pirotecnia br exi,16,0,0,0.0
804,personalmente dejaran de hacerlo sugiere que al menos algunos respondieron cuando la afectacion dejo,9,0,0,0.0
805,quiza hubiera sido mejor que no hubiera sido necesario intervenir br br lo que mencionas sobre la po,13,0,0,0.0
806,percepcion bastante extendida en muchos lugares que durante ciertas festividades existe una especie ,12,0,0,0.0
807,mayor por parte de las autoridades sea por prioridades operativas por evitar confrontaciones o por c,13,0,0,0.0
808,norma unicamente porque quot es fiesta quot transmite el mensaje de que la vigencia de la ley depend,15,0,0,0.0
809,significa que toda infraccion deba perseguirse con el mismo rigor en cualquier circunstancia las aut,14,0,1,-0.07142857142857142
810,de importar br br en el fondo creo que tu pregunta es esta la alegria colectiva puede convertirse en,15,0,0,0.0
811,seria que no br br una celebracion cumple precisamente su funcion cuando permite que muchas personas,11,1,0,0.09090909090909091
812,sueno sufrir danos materiales exponerse a la violencia o ver vulnerados sus derechos la celebracion ,16,1,1,0.0
813,costo hacia quienes no eligieron participar br br ese es un limite que no depende de ser quot amarga,15,0,0,0.0
814,de convivencia la libertad para celebrar no incluye un derecho a imponer los costos de esa celebraci,15,1,0,0.06666666666666667
815,un lado la federacion ecuatoriana de futbol presento una queja formal porque cientos de aficionados ,16,0,0,0.0
816,bocinas claxones y canticos para impedir que los jugadores descansaran la federacion sostuvo que esa,15,1,0,0.06666666666666667
817,organizadores br br por otro lado el gobierno de estados unidos ha recordado a sus ciudadanos que co,14,1,0,0.07142857142857142
818,y mantengan precauciones segun la entidad federativa que visiten esa recomendacion no significa que ,13,0,2,-0.15384615384615385
819,y de las circunstancias br br lo que me parece interesante es que ambas noticias apuntan desde persp,13,0,0,0.0
820,permisividad br br hay aficionados que consideran que ir a desvelar al rival forma parte del quot fo,17,0,0,0.0
821,anti serenata quot existe desde hace decadas en varios paises de america latina pero que una practic,15,0,0,0.0
822,busca deliberadamente perjudicar el descanso del adversario ya no estamos hablando simplemente de al,15,0,0,0.0
823,a una agresion fisica por supuesto pero tampoco encaja facilmente con el ideal de fair play que prom,16,0,0,0.0
824,con lo que planteabas en el mensaje anterior br br existe una tendencia social a cambiar el lenguaje,15,0,0,0.0
825,cualquiera se habla de un problema de orden publico br si la bloquea porque gano la seleccion se dic,16,0,0,0.0
826,descripcion cambia aunque la afectacion a terceros pueda ser la misma br br y creo que esa era la es,11,0,0,0.0
827,licita ni en moralmente correcta br br eso no significa que toda infraccion tenga la misma gravedad ,12,1,0,0.08333333333333333
828,persona ahi siguen existiendo matices juridicos y morales pero esos matices sirven para graduar la r,16,0,3,-0.1875
829,tu ejemplo de la navidad el hecho de que sea de diciembre no elimina el derecho de otras personas a ,10,0,0,0.0
830,es navidad quot esta introduciendo una excepcion que la ley normalmente no contempla en la practica ,14,0,0,0.0
831,de tolerancia selectiva puede erosionar la confianza en el estado de derecho br br en el fondo una s,13,0,0,0.0
832,cuando millones de personas estan euforicas celebrar una victoria deportiva sin convertirla en una m,13,0,1,-0.07692307692307693
833,emocion se utiliza como excusa para afectar a terceros deja de ser solo una fiesta y pasa a ser un p,14,0,0,0.0
834,gran negocio pero tambien un peligro cosa de los fifas jajaja los mas expuestos van a ser los servid,10,0,2,-0.2
835,parte del ciudadano porque no va la jefa de gobierno al evento a solicitar eso p ja no es desastre e,11,1,0,0.09090909090909091
836,con los negocios y tiendas de su pais y con los policias no se por que no festejan en vez de danar c,10,0,0,0.0
837,tan hermoso que es estar con tu familia o amigos viendo el futbol tranquilamente con euforia si pero,12,0,0,0.0
838,entodas sus calles alaedanas hoja la no gane para que no aya perdidas humanas ne memen yo me alcanze,15,1,0,0.06666666666666667
839,ha vuelto mexico no quiero englobar a todos en un mismo saco porque se que seria mala mia hacerlo as,9,0,0,0.0
840,infantil en la que se comportan y eso que no he mencionado el caso de roberto arellano acevedo que e,12,0,0,0.0
841,y mas encima las personas que murieron asfixiadas en cdmx de verdad que son las personas mas patetic,10,0,0,0.0
842,desearle le mal a nadie porque se valorar la vida de los demas pero espero que de verdad la gente se,8,0,2,-0.25
843,que pueden llegar a ser para que van si todavia no ganamos nada pero cada quien estoy feliz con el r,8,1,0,0.125
844,br br no me lo quiero imaginar br br dios sabe como hace sus cosas pero quot el futbol nos une quot ,12,0,0,0.0
845,un saldo rojo vidas valen mas que cualquier triunfo de una seleccion que vergenza como pais locos me,13,0,0,0.0
846,esten y donde estan los polimierdas los mandaste a s cuestrar perritos brugada corrupta ahhhh nl est,15,0,0,0.0
847,matandose que ganaron ahi estan las consecuencias ganaron los futbolistas porque les pegaron como en,14,0,0,0.0
848,entrar que inconcientes en la tv en los juegos pasan escenas de gente tomando cerveza obviamente que,14,0,0,0.0
849,hijos a estos festejos es mas seguro verlo por la tele era mas que obvio que esto iba a suceder pare,13,0,0,0.0
850,de sus madrigueras pero ojala ya pronto se acabe esto por que los morenarcos solo se dedican a engan,12,0,0,0.0
851,en crisis y una ola de enfermedades igual que en francia en el mundial de rusia y en argentina en el,12,0,0,0.0
852,un equipo pedorro que nunca llega a cuartos de final que horrible muerte br por un estupido balon cu,16,0,0,0.0
853,borregos del gobierno y de las televisoras fueron a morir ya ven borregos como no tienen cerebro y e,11,0,0,0.0
854,fuertes mas a la t y borregos asistan les van aoo er mas pantallad para que se sigan idiotaizando lu,11,0,0,0.0
855,ay medicamentos que los asaltaron que los corrieron del trabajo la delincuencia organizada precisa y,12,0,1,-0.08333333333333333
856,dirige esto sy no dicen nada mi sentido pesame br a los familiares br lo bueno es que no fueron sica,11,0,1,-0.09090909090909091
857,paga todo el desmadre los contribuyentes pero no hay dinero para la educacion y salud que raro murie,11,1,1,0.0
858,ese festejo estubo de pokajefa inglaterra va a golear a mexico los mexicanos estan muy chaparros los,13,0,1,-0.07692307692307693
859,triunfo de mexico sobre ecuador y mexico sigue siendo mexico espanol colombiano y argentino juegan e,17,0,0,0.0
860,de registro para los celulares no te registres no al registro de celulares y su vinculacion a una cu,11,1,0,0.09090909090909091
861,los mexicanos eso es para el control del gobierno sobre los mexicanos estas politicas no las consult,13,0,0,0.0
862,y el pri an y todos los partidos politicos trabajan para organismos supranacionales lo sepan o no de,14,0,0,0.0
863,tenemos que festejar que la seleccion disque mexicana gano un partidito de futbol que el pais se est,12,0,0,0.0
864,protestar al zocalo por este narco gobierno otro pais tuvieramos pero nos gusta el desmadre ora que ,12,0,1,-0.08333333333333333
865,pueblo pan y circo como mucha gente no tiene triunfos propios que festejar pues se van a festejar tr,15,0,0,0.0
866,sheinbaum dijo despues del cochinero que habian dejado en reforma que la quot aficion se habia compo,12,0,0,0.0
867,lo que los imbeciles no se ponen a pensar es en lo que haran esta bola de idiotas cuando mexico pier,11,0,0,0.0
868,comportamiento sera igualmente irracional pero con una emocion totalmente opuesta a la quot alegria ,18,0,0,0.0
869,desorden y luego dice la cayetana alvarez que en mexico no hay menores de edad moralmente el festejo,12,0,0,0.0
870,euforia que produce un negocio de oligarcas depredadores que usan marionetas habiles con las patas q,13,0,0,0.0
871,imbecil las madres buscadoras son detenidas con toda la fuerza judicial que se puede permitir el est,13,0,0,0.0
872,mas al tigre de la t no se porque se vuelven locos por un juego no lo entiendo seleccion natural lam,11,0,0,0.0
873,miseria de la f f personas ignorantes menos de nuestra sociedad mexicana pensante y no aficinada a l,14,0,0,0.0
874,sabio cosas de idiotas un pena las vidas perdidas mucho desaparecido andaba en cosas muy ilegales mi,13,0,1,-0.07692307692307693
875,a dia y que los malditos criminales y asesinos cobardes truncaron su vida cartels always cast a dark,17,0,1,-0.058823529411764705
876,city yeah right hector will search many hectares for his children meanwhile our president meets with,19,0,0,0.0
877,br mere bread and circuses the government is such a joke is this reporting crucial absolutely br ask,18,0,0,0.0
878,you must ask the white players too but dont at all br theyre there to play amp represent their peopl,16,0,0,0.0
879,the people some joy about sportsmanship the police took him for cartel beautiful country and culture,15,1,0,0.06666666666666667
880,situation has been going for years but the government doesn t care israel has created this ultra vio,20,0,0,0.0
881,thank you how many are in the usa or killed along the way to usa the cartel that the american govern,12,0,0,0.0
882,in palestine but you want to warn the world of mexicans why doesnt the guardian get to the bottom of,16,0,0,0.0
883,taking people from all over the world the england economy tanking and hiring it with soccer the gove,15,0,0,0.0
884,i can guarantee some of the drug bosses went to that world cup too this has been going on for over y,14,0,0,0.0
885,the war on drugs the killings and disappearances have gone through the roof some things are better l,17,0,0,0.0
886,over mexico the cartals operate in the north but also very touristy regions such as cancun playa del,15,0,0,0.0
887,fight it some tried but were killed or gone missing the cartels have way more power than the preside,12,0,0,0.0
888,give up hope heartbreaking the president wont do anything about it because shes involved what a scou,15,0,0,0.0
889,for my mexican brothers and sisters man s inhumanity to man will never cease to disappoint how can y,14,0,0,0.0
890,truly is sad lets talk about the genocidal and moral corruption crisis the us and itsnotreal are not,18,0,0,0.0
891,vallarta the violence on feb resulted in damaged cars and vehicles no innocent citizens were harmed ,18,0,0,0.0
892,it focusing on mexico only seems quiet racist mexico will always be a hospitable place and everyone ,14,0,0,0.0
893,open mind england is no different guardian and yet there is little to no international condemnation ,15,0,0,0.0
894,humanity and not just in this crisis in argentina they called them br the disappeared none of the pp,15,0,0,0.0
895,try to kidnap a dude from a poor family for money no bcs the dude or girl was part of the cartel and,13,0,0,0.0
896,reason acting like the cartel is such a big bad boy while their family is in it and paying the price,13,0,0,0.0
897,nadie these demons know who they target they pray on those who are most vulnerable quot pinche quot ,15,0,0,0.0
898,they are actually saying stop supplying mexico with guns and ammo and stop letting the cartel member,19,0,0,0.0
899,when the usa starts using drones and missiles to kill the trafficers in their territory it can start,15,0,0,0.0
900,part of the organization of the cartels and their parents dont say anything till their dead we all k,15,0,0,0.0
901,to look at what they re doing to palestine iran lebanon syria somalia yemen and the world but they a,16,0,0,0.0
902,at anyone there s no logic in cartels killing anyone because it is bad for their business br the usa,15,0,0,0.0
903,has always been the teacher and source for resources needed to start an army br end the war on drugs,15,0,0,0.0
904,occasionally i m a naive soul i just think that mexico needs to partner with the us and establish a ,17,0,0,0.0
905,term partnership with a couple of us bases in mexico just like how we have in europe with maturity a,15,0,0,0.0
906,and stopping illegal activity unfortunately with the current state of things i know that won t happe,19,0,0,0.0
907,no to a cartel br university degree or not oh well in europe there is around missing people anually ,19,0,0,0.0
908,why the us is hosting a wc when is ruled by a convict leader when is promoting war creating more pov,16,0,0,0.0
909,missing people in mx is a heartbreaking issue but it does not define us and not be used as an obstac,14,0,0,0.0
910,be festive about the good things that are happening talk about suppression why cant we hype this why,16,0,0,0.0
911,for you to find closure i can t begin to imagine what you are going through i hate to say this but w,11,0,0,0.0
912,world cup it even made russia a good decent world cup host mexixo can only be saved by martial law y,20,0,1,-0.05
913,nayib bukele did anything new here cartels will always control the country no need to hide it the wh,17,0,0,0.0
914,other left wing medias government is run by cartels mexican people don t seem to care either the pol,17,0,0,0.0
915,largest cocaine markets in the world so lets not pretend this is only a mexico problem br br and do ,15,0,0,0.0
916,good guys br br in many places people fear the police more than the cartels why because cartels may ,19,0,0,0.0
917,they carry the law that makes their power even more dangerous when they are corrupt br br stop reduc,16,0,0,0.0
918,too br br this is not just about low pay or poor police being pressured that excuse is far too simpl,14,0,0,0.0
919,the sidelines they can be involved in carrying drugs moving weapons protecting criminals selling inf,20,0,0,0.0
920,br the cartel is not always the person people fear most day to day br br sometimes it is the person ,19,0,0,0.0
921,right build the damn wall this voice is so familiar immediately the tragic story of dom phillips rus,18,0,0,0.0
922,the police obviously different cells and territories but nobody gets into power or control without t,18,0,0,0.0
923,candidates got assassinated unreal that the government is stopping them from getting answers thankyo,20,0,0,0.0
924,que ya sacaron a mexico a la gaver a ver si se ponen a encontrar a los desaparecidos leave mexico al,14,0,1,-0.07142857142857142
925,the cartels close to home don t want to report on that though k people missing thats crazy the unite,16,0,0,0.0
926,feel for my mexicans the world cup take the fucking attention away of the what the government fails ,15,0,0,0.0
927,down with it i say if your country has a humanitarian problem dont host any big sports tournament bu,13,0,0,0.0
928,host countrys government and the sporting organization dont attend dont watch dont support neither o,22,0,0,0.0
929,or revolt against the very problem that isnt your priority if your people are worried for their live,13,0,0,0.0
930,parents i dont know what to say im sorry most of those people that are on photos were not innocent p,13,0,0,0.0
931,or had friends or associates that were part of the cartel br br if they were killing innocent people,14,0,0,0.0
932,br these mothers and fathers are only telling half of the story br br like the saying goes tell me w,15,0,0,0.0
933,you ll become thank you for continuing to do journalism the cops should be ashamed of themselves and,12,0,0,0.0
934,and killed with being late for the game motherf this is beyond sad i dont think i can enjoy the worl,16,0,0,0.0
935,will fall on deaf ears the corruption in mexico with cartels goes all the way to the top those poor ,17,0,0,0.0
936,what going on no one is allowed to come in and do anything about it hell america is just as corrupt ,10,0,0,0.0
937,pretending i sometimes i think its our own governments not just mexico behind these cartels and the ,15,0,0,0.0
938,it somewhere other wise it wouldnt just be blatantly going on right at our border its too profitable,13,0,0,0.0
939,fair i know it happens but the cartel usually doesnt kidnap or disappear random people most are some,17,0,0,0.0
940,the concentration camps in the usa yep we all know this is an agreement with fifa the country going ,14,0,0,0.0
941,this video was deeply saddening i hope things get better for those families affected time to stop pl,19,0,0,0.0
942,they dont do anything to help its people if you raise your voice against the cartels they threaten y,10,0,0,0.0
943,but i tell you something i m from mexico and i living in us for over years and here you have no idea,14,0,0,0.0
944,thousands per day not but washington and the whole world not say nothing or talking about it because,16,0,0,0.0
945,in power never raised their voice till now that this government let them express now they are blamin,17,0,0,0.0
946,he created more cartels that were before a href jesus christ the cartels are literally as bad as naz,16,0,0,0.0
947,sobering reminder of the horrors of organized crime condolences to all the families victimized heart,17,0,0,0.0
948,hiding it i live here and it is well known and well allocated everybody knows where they are and tha,10,0,0,0.0
949,do realize this is a lot of theatrics trying to affect the view of the country and how is an interna,14,0,0,0.0
950,as the main source of kidnapping and requirement of young men its all propaganda from the opposite p,17,0,0,0.0
951,to you quot mexico wants to hide quot br so did you say k missing people in mexico br how about k in,14,0,0,0.0
952,you can check this info in the hsd files you should focus on brexit bookies cartels scotland indepen,16,0,0,0.0
953,perception that mexico is the worst place in the world there is no justice in mexico la vida no vale,14,0,0,0.0
954,br so the police arrest people chosen by the cartel who are innocent br br and then the police give ,15,0,0,0.0
955,the cartel kill them bury them in a random place br br and then the police provide protection so the,15,0,0,0.0
956,br br and then the police block them from protesting br br wtf is going on eh a very difficult piece,16,0,0,0.0
957,how those parents families must feel searching for their loved ones and with what seems is no suppor,14,0,0,0.0
958,seem to allow it go on the guardian ya que estan por aqui reportando un problema complejo me agradar,10,0,0,0.0
959,venta de miles de armas que las armerias del otro lado de la frontera hacen llegar a los carteles re,13,0,0,0.0
960,misma categoria debe de aplicar a los que venden las armas quienes distribuyen las drogas ademas de ,11,0,0,0.0
961,mucho para acabar con todo este inmenso problema no creen fue claudia thank you for this guardian ki,14,0,0,0.0
962,children br and all because the us demands their distractions a nation that spreads its sickness bec,15,0,0,0.0
963,bread and circuses quot and god bless all those mothers lookiong for their loved ones welcome to the,17,0,0,0.0
964,woman sadly i can guarantee that many of their children work for the cartels what mexico needs is a ,16,0,0,0.0
965,government and more focus on the working class versus the elites of mexico it is sad and shameful to,13,0,0,0.0
966,the failed state of mexico the drug and pdfl crisis the u s wants to hide this world cup on the grou,14,0,0,0.0
967,he is in hell right now getting fucked in his culo by satan since it going bad in canada and u s as ,16,0,0,0.0
968,in dc and trump s fair disaster so but in mexico its been great and you can t let people see that so,13,0,0,0.0
969,mexico and what is the world going to do the world is looking at the genocide going on on gaza and w,10,0,0,0.0
970,i hear that they take victims to have work for the cartel and theres a lot of organ trafficking happ,13,0,0,0.0
971,doing that we have a lot of problems no one knows what happened mexico ganara justicia para henry no,18,0,0,0.0
972,s america s quot crisis quot mexico is just the people who have to pay the price for american drug a,17,0,0,0.0
973,place the cartel and its corruption is the only thing standing in the way of this country being so g,13,0,0,0.0
974,free look no one is trying to hide anything from the world dont get twisted yes there are many missi,18,0,0,0.0
975,of them involved in ilegal activities that land them in trouble with the criminal organizations and ,15,0,1,-0.06666666666666667
976,that my son or daughter was not involved in any criminal activities but you ask others like family m,14,0,1,-0.07142857142857142
977,now just like with everything theres thousands missing in all countries and the citizens of those co,16,0,0,0.0
978,missing in the usa and canada and i dont see talking about it right why only mexico br its impossibl,12,0,0,0.0
979,pain this is a bigger issue than just mexico the usa citizens white people are smuggling arms for th,15,0,0,0.0
980,everyone has to put their two cents in if you dont live here theres plenty of foreigners living in m,16,0,0,0.0
981,corruption in mexico but not only in mexico look at the usa so much corruption and no one is stoppin,15,0,0,0.0
982,you dont know you are just one of many meddling on others business shame on you i forgot to mention ,15,0,0,0.0
983,a regular basis but for some reason the information is not pass on to others and they accused the go,11,0,0,0.0
984,to do they just blaming everyone left and right they dont even know who took them or how how did the,10,0,0,0.0
985,government going to do find them in remote places locations mountains deserts they dont have the pow,16,0,0,0.0
986,a lot of times its it just others criminals do it theyre forgetting that we have a kidnapping proble,14,0,0,0.0
987,love one its a mess a complete and out of hand mess thank you for making this documentary shine ligh,16,0,0,0.0
988,thousands go missing in the us as well its everywhere a href man to see your baby being taken away a,17,0,0,0.0
989,that would never end very soul crushing i wish i could give them a hug actually very important becau,17,0,0,0.0
990,personas desaparecidas en nuestro pais debido a la guerra entre carteles que impulso felipe calderon,14,0,2,-0.14285714285714285
991,legitimarse apoyo a un cartel y combatio a otro br es un gran dolor que atraviesa nuestro pais esas ,10,0,0,0.0
992,bajar el numero de homicidios en nuestro pais y revertir las causas que originaron tal violencia br ,13,0,2,-0.15384615384615385
993,vende a los carteles y que es la generadora de toda esta violencia o hara un reportaje de como dejan,12,0,1,-0.08333333333333333
994,droga cae del cielo life is going to go on everywhere and that doesnt mean every single person is go,17,0,0,0.0
995,are so many variables br br right now there are reports of mass atrocities and armed conflicts in pa,17,0,0,0.0
996,really do feel for those families because im a parent myself but the reality is that the world has b,12,0,0,0.0
997,is life continues and people inevitably move forward in different ways a lot of these dudes joined t,17,0,0,0.0
998,lo que ahora vivimos y desde son los efectos de esa crisis pero como tal ya no esta desapareciendo g,9,0,0,0.0
999,cargo fueron gobiernos de derecha que se corrompieron de forma indescriptible aunque aun hay gente d,13,0,2,-0.15384615384615385
1000,pregunta de como podemoos celebrar un mundial es o manosa o ignorante por que este mundial lo contra,13,0,0,0.0
1001,que genero esta crisis de desaparecidos ese presidente comprometio al pais a un mundial de futbol qu,14,0,1,-0.07142857142857142
1002,alentados por la oposicion para desviar la responsabilidad de esa crisis ya que fueron gobierno dera,12,0,1,-0.08333333333333333
1003,about politics interest i mean the protest is not real at all we had all the time people disappeared,13,0,0,0.0
1004,like usa so shut up and enjoy meanwhile there are americans that think trump is crazy for wanting to,15,0,0,0.0
1005,lives of millions of people what is bro doin with a mark a href bro enough of this shi cant let the ,18,0,0,0.0
1006,some negative shi as always god bless each and every one of them they are brave for going out there ,13,0,0,0.0
1007,find thier missing loved ones and that mexico will have peace someday soon viva mexico a href dr sim,19,0,0,0.0
1008,dead body cartels are still better than police the president of mexico met with a fcking duck first ,19,0,0,0.0
1009,there in uk and how much cocxxne is consumed over there from latam that is the crisis uk doesnt want,13,0,0,0.0
1010,for consumption is the money used to arm the cartels in latam b ecause the uk is a major high income,20,0,0,0.0
1011,there that revenue can strengthen their criminal businessfunding recruitment logistics corruption an,17,0,1,-0.058823529411764705
1012,cocaine demand and profits can function as a way to avoid accountability for how downstream revenues,17,0,0,0.0
1013,start mexico is a cartel culture to try to seperate the two is pure ignorance fix the title quot the,19,1,0,0.05263157894736842
1014,one week in mexico with those people but i don t see an interview to anyone from the government side,13,0,0,0.0
1015,protest before this is an ongoing problem for many years and it ll continue while there is a demand ,15,0,0,0.0
1016,are so kind the govt needs to cleanse itself and lands from demons gracias amigo ingles te sumas a l,16,0,0,0.0
1017,in this painful subject mexico go byebye lt humanity is a rotten species not even mexicans are able ,19,0,0,0.0
1018,european to feel bad about what their ancestors have done maybe they should look at themselves mexic,14,0,0,0.0
1019,the us and other countries they are too powerful and entrenched across mexican society why am i not ,11,0,0,0.0
1020,fent addict crisis i ve seen like videos like this already creo que hay mucha desinformacion y estos,17,0,0,0.0
1021,actual gobierno cuando todo esto empezo en los gobiernos neoliberales y ahi no dicen nada ni se mani,10,0,0,0.0
1022,mexico s government will be in no rush to give up the cartel money br br every government around the,18,0,0,0.0
1023,money and or both melt lying about smoke in his eyes heartbreaking but incredibly necessary reportin,17,0,0,0.0
1024,the money ends up in the pockets of cartel restaurants hotels amp etc excellent journalism br horrid,22,0,0,0.0
1025,incredibly convenient timing by the guardian isn t it right before the england vs mexico game they a,17,0,0,0.0
1026,fact that if you dare to criticize zionism in the uk your free speech disappears and you get banned ,16,0,0,0.0
1027,its finest as if they actually care about mexican or palestinian causes the us is the narco mexicans,16,0,1,-0.0625
1028,would speak up at the next match vs england the world cup is just a way to hide the reality of the u,16,0,0,0.0
1029,bread and circuses mexico wants to hide br what f lie u just talking cr p br making the people feel ,21,0,0,0.0
1030,how this happened and everyone involved in it cant wait to hear how many foreigners get kidnapped wh,15,0,0,0.0
1031,place on my list anytime soon most likely never quieren un cambio pero no se atreven a levantar las ,15,0,1,-0.06666666666666667
1032,triste a lo mejor tu si quieres pero los demas no porque no tienen ningun familiar desaparecido last,6,0,1,-0.16666666666666666
1033,pasando da furia la verdad es como cuando te quiebras un brazo mientras tu estas triste y adolorido ,10,0,0,0.0
1034,importas porque porque no son eyos nadie se preocupa por lo que uno pasa mas que uno lastimosamente ,9,0,0,0.0
1035,world whats going on here but none of that will be stopped with these marches it starts at the top w,12,0,0,0.0
1036,get the corruption out in fact it ll probably mean more dissappearances like when brazilians were pr,16,0,0,0.0
1037,who think the cartels are cool or people who buy drugs this will never end every little thing has be,14,0,0,0.0
1038,estas madres y padres when people have truly had enough they ll stop blaming governments and start d,19,0,0,0.0
1039,it now a href she didn t say quot it smells quot bad translation the entire history of the british e,18,0,0,0.0
1040,br sure the uk is an insignificant country on the global stage now br but maybe wait a few more cent,15,0,0,0.0
1041,we need to nuke mexico and wipe out of existence that s basically the only way at this point missing,18,0,0,0.0
1042,reality in mexico is that in the vast majority of cases disappearances are due to young people enter,16,0,0,0.0
1043,by having the most corrupt country in the world the usa as our northern neighbor i wish more mexican,12,0,0,0.0
1044,be every identifying mexcian s reason for concern not fifa the players should be wearing purple the ,16,0,0,0.0
1045,statement it s always the white countries press trying to paint bad news on other non white countrie,16,0,0,0.0
1046,and their bad drug areas and love for the use of drugs that perpetuate this very bad thing they re r,17,0,0,0.0
1047,on the supply aspect when the demand drives everything as china said if you want to end cartel viole,15,0,0,0.0
1048,guardian is just a mouth piece cartels are financed from the country of the north so que gran triste,13,0,0,0.0
1049,los paises pobres failed state mexico is destroying many countries the government of mexico is a nar,17,0,0,0.0
1050,on the drew carrey show i will pray for the mexican people tonight they are some of the nicest peopl,14,0,0,0.0
1051,the kind of videos uncle sam needs talk about one problem created by them and now they must fix it i,15,0,0,0.0
1052,crime extortion kidnapping human trafficking amp amp amp its the drugs that could be curtailed if bu,20,0,0,0.0
1053,use cannot be eradicated but if it were radically reduced the cartels would not need so many young p,17,0,0,0.0
1054,is a very important topic that the mexican government has been trying to hide i am mexican born and ,13,0,0,0.0
1055,the turn my own country has taken mexico is falling to pieces and the government just cares about pr,12,0,0,0.0
1056,foreign media that publicly shows the real situation and this is just one of the many issues we hace,17,0,0,0.0
1057,apart whats the point of government and paying taxes is there a world cup in the u s to cover up the,14,0,0,0.0
1058,huge pedophile culture the pro pedophile republican party abuses children not balance reporting you ,16,1,0,0.0625
1059,then what has been done to improve security if there are or not results what does it mean that some ,10,0,0,0.0
1060,jalisco you didn t present the side of what has been done from the federal government presidenta she,13,0,0,0.0
1061,half years i try to understand the pain these families are going through but to say that the federal,14,0,0,0.0
1062,the state of jalisco yes they are corrupt this reminds me of streets in guatemala city posters plast,17,0,0,0.0
1063,so sad why this broadcast report the day before the mexico vs england soccer match trying to give a ,17,0,0,0.0
1064,its attention to this problem generated precisely by what this media outlet is trying to promote i m,15,0,0,0.0
1065,he brings this up and then all the leftists would be out waving mexican flags corruption is eating t,12,0,0,0.0
1066,so deep embedded these cartels were exploiting bidens open border policy trump was right to close th,15,0,1,-0.06666666666666667
1067,ejercito no hace nada porque el ejercito es el narco la policia no hace nada porque la policia es el,10,0,2,-0.2
1068,much greed the premise that the current administration who have been heavily targeted by cartels are,14,0,0,0.0
1069,or sky australia s it i was watching seen my drug dealer on one of the photos have governments alway,13,0,0,0.0
1070,member disappear like that this is why all you people consuming drugs are complicit in murder if you,15,0,0,0.0
1071,same starting to happen in london slowly but surly stop using its not a social recreation its murder,17,0,0,0.0
1072,trump said in order to win the war on drugs we need to legalize all drugs so that we can take the mo,15,0,0,0.0
1073,that money to educate the public about drugs br cartels dont pay taxes this is very unfortunate beca,16,0,0,0.0
1074,order to lead happy healthy and productive lives br i pray that our will god bless all drug dealers ,17,0,0,0.0
1075,help fix this situation br no garbage ssris that cost a month but cocaine opium cannabis and psyched,19,0,0,0.0
1076,not being disclosed in such documentaries is how these cartels come into being and end up with sophi,12,0,0,0.0
1077,change spread of democracy and military contractors that we western nato governments train and facil,16,0,0,0.0
1078,generals br as i write this post there are thousands of them receiving training and operating as vol,14,0,0,0.0
1079,are they involved in the cartels is this human trafficking like why the british press is the worst b,15,0,0,0.0
1080,light on mexico and cartel gangs so if england looses will you blame it on the cartels desaparicione,14,0,0,0.0
1081,too would claw to the bottom of the earth looking for your missing child how on earth do they have t,13,0,0,0.0
1082,and sad the world needs to say no to drugs br br watching from uk let s all pretend mexico isn t run,20,0,0,0.0
1083,vomit with the level of violence they use i read that cartels sent threats to ecuador ahead of their,17,0,0,0.0
1084,if proven true do something about it if this is true mexico should be eliminated from the competitio,12,0,0,0.0
1085,the usa see a better country than they fight to portray in the media than this drama unfolding in me,14,0,0,0.0
1086,so telling of the left s lack of basic decency and morals stop using drugs people you re making this,17,0,0,0.0
1087,you combat it it seems so hopeless but i guess it s corruption in the government that they re ignori,12,0,0,0.0
1088,all compromised this will never stop until americans stop using drugs the war on drugs is pointless ,19,0,0,0.0
1089,the mexican government is too weak and corrupt to confront the cartel the us government is not afrai,13,0,0,0.0
1090,sea and in american neighborhoods the left needs to make up its mind do they want to help these poor,13,0,0,0.0
1091,help the cartels by impeding us officers arresting gang members and filing legal cases to stop elimi,20,0,0,0.0
1092,mexican families i m worried that the left feels fighting trump is more important the incompetent co,21,0,0,0.0
1093,and collecting the blood money all that instability and murdering was cia and usa driven with the so,16,0,0,0.0
1094,government quot drunk ex president obey the usa to begin the dumbest war with all cartels and be an ,15,0,0,0.0
1095,instability since december afortunadamente existen medios independientes en mexico la ultraderecha y,14,0,0,0.0
1096,obviously complicit in this the guardian la mayoria de mexicanos sabemos las intencipnes de el ultra,14,0,0,0.0
1097,tienen mucha mierda que esconden al mundo en su propio pais do you know anything about the opium war,13,0,0,0.0
1098,the us government learn history you ignorant we do not praise kings and queens a lot of old people i,16,0,0,0.0
1099,to years for holding up bits of cardboard with words on them in public america have so many missing ,13,0,0,0.0
1100,it either and is the guardian now going to tell us where the cartels get their money from the us spe,14,0,0,0.0
1101,the cartels are the suppliers but its the fault of mexico right remember folks its always the fault ,15,0,0,0.0
1102,situation and so sorry for all the people p missing and their relatives but here is one important th,16,0,0,0.0
1103,failed war on drug cartels nowadays many of these protesters are paid by right wing opposites to mak,20,0,0,0.0
1104,of people gone missing in recent years when by there were already people missing there hasn t been p,16,0,0,0.0
1105,an opportunity to make the government look bad before the world s eyes is more an opportunity than a,15,0,0,0.0
1106,by the political parties pri and pan the same parties that kept mexico in misery for over years this,17,0,0,0.0
1107,of mexico pero ya los vamos a sacar jehovah god is watching and he will make injustice disappear ver,12,0,0,0.0
1108,were an england opponent in a football match mexico is bad is the message yes it happens we do want ,16,0,0,0.0
1109,this to happen but we need to go further to fully understand usa sells the arms to cartels they blam,13,0,0,0.0
1110,theyre wrong it is an ongoing pursuit to no avail for the power cartels had gotten over time to the ,13,0,0,0.0
1111,by their government whatsoever the narrative is a convenience for them boots on mexican soil to solv,13,0,0,0.0
1112,control of american continent steal our resources our oil the situation of mexico is all because of ,13,0,0,0.0
1113,see in comment sections mexicans sayign they wouldnt come to england bcs of knife crime such a lack ,18,0,0,0.0
1114,sells weapons to the cartels and lauders their money they created el cartel jalisco nueva generacion,17,0,0,0.0
1115,they blame the mexican goverment to justify and invasion and steal mexican oil and natural resources,18,0,0,0.0
1116,this humanitaria crisis in mexico why don t you talk about it i don t think they can hide it that s ,11,0,0,0.0
1117,anyone with a functional brain knows how dangerous and morbidly corrupt mexico is best to just stay ,16,0,0,0.0
1118,re hosting worls cup you should not be showing this the world cup is meant to bring joy and happines,15,0,0,0.0
1119,protest quite and just appear without they know that they would be there its a bit like labour tryin,15,0,0,0.0
1120,is the tragic reality of mexico so much violence and corruption caused by cartels and inept leaders ,17,0,0,0.0
1121,the constant american interference in our sovereignty the endless cascade of guns and dollars from t,16,0,0,0.0
1122,put directly into the hands of the people raising these murders br br sheinbaum s silence is shamefu,18,0,0,0.0
1123,economies in the world are funding violent destabalizing insurgencies withing mexico the largest arm,17,0,0,0.0
1124,from two direct coup d etat a blockade starving it s small island neighbour and ongoing direct inter,16,0,0,0.0
1125,is constantly issuing poorly veiled threats of invasion the only cartel in this world are the cia an,16,0,0,0.0
1126,you just can not give it a rest foraging around like pigs for truffles we are not rying to hide it w,12,0,0,0.0
1127,we can critize our government mexico does want you to see this as well as everything else how bloody,14,0,0,0.0
1128,united states and mexico is hosting some of the games but mexicans are considered illegal immigrants,16,0,0,0.0
1129,is just the timing that is funny publishing this the same day of the eng mex match haha we have our ,11,0,0,0.0
1130,can critize our government and publish whatever meme we want without being caged my heart goes out t,15,0,0,0.0
1131,can consume drug s and then these same government s scapegoat mexico amp other production amp source,17,0,0,0.0
1132,impotence the rediculouse quot war on drugs quot br stop the war on drugs and start the war on crime,22,0,0,0.0
1133,if the english can sniff mexico out of marching powder the cartel are weak bullies fuck the cartel a,17,0,0,0.0
1134,promise you england fans will terrorise you br give back the people you have taken and lay your weap,15,0,0,0.0
1135,host the world cup the country is corrupt and run by cartels they don t deserve the world cup until ,14,0,0,0.0
1136,safe place to visit cartels are all too active in the streets and anything could happen a little mis,17,0,0,0.0
1137,is why i never travelled for this match i wouldn t feel safe and would fear for my kids safety ooh y,17,0,0,0.0
1138,drug cartels anyone else thinking about jay slater right now what an effed up world we live in rip a,17,0,0,0.0
1139,may good outdo evil and you get justice one day did you hear anything from the government thanks for,15,0,0,0.0
1140,reaching far more its a very sad story but the government had multiple chances to eliminate and eras,11,0,0,0.0
1141,they chose silver over bullets which means they chose to work for the cartels not against them the m,14,0,0,0.0
1142,swaths of mexico and can operate with impunity literally like they own the place i know you mean wel,16,0,0,0.0
1143,t help you need to send an army with at least combat corps each with divisions that including shock ,19,0,0,0.0
1144,masses of artillery and assault aircraft many anti usa said they should not host the wc but they lov,15,0,0,0.0
1145,them trillions of dollars hay ho preguntenle a la cinica de la sheimbaun buena para nada incompetent,15,0,0,0.0
1146,still go to mexico before id set foot in the us this is the result of entitled white americans and t,15,0,0,0.0
1147,and guns and racism i wish england would just walk of from the match no world cup is worth winning i,15,0,0,0.0
1148,mexico young and old all needs to turn to jesus christ of nazareth and not to any other saints my pr,14,0,0,0.0
1149,family members to the cartel i m so sorry that it happened may jesus give you strength and peace a h,14,0,0,0.0
1150,what the cry of a person who has lost a child sounds like it s desperation with a collapse of the ne,11,0,0,0.0
1151,never understand what that does to your life and your spirit knowing and seeing this is sorrowful wh,11,0,0,0.0
1152,investigate a cartel should not be running the government uk is run by a cartel but no mention of th,13,0,0,0.0
1153,el salvador cecot style solution this world is cooked this is just propaganda paid by the right and ,17,0,0,0.0
1154,the country since is from the left and all those n a missing people are since before you can make a ,14,0,0,0.0
1155,to the families fighting so hard for their loved ones brave people i pray you get the support you ne,17,0,0,0.0
1156,the us and canada are hiding the mexican cartel and poverty is continually highlighted dramatised an,20,0,0,0.0
1157,they are far too willing to follow the us gb oligarch narrative all legacy media are compromised a s,17,0,0,0.0
1158,guardian i am stopping the culprit is usa the evidence is quite clear this is shameful one eyed repo,16,0,0,0.0
1159,now have serious resrvations about t south america n countries infested with cartel gang s brutal mu,19,0,0,0.0
1160,body govts focus on human rights but picks up which gives them political milage if you dont get some,17,0,0,0.0
1161,sound nasty but more corncerned nah br they don t quot want to hide it quot at all br we all know it,14,0,0,0.0
1162,t want it to be the first thing that foreigners think about their nation just like any other country,14,0,0,0.0
1163,s like what doesn t england do the same regarding all those stabbings and rapes br br such things ta,18,0,0,0.0
1164,or failure those things under the public s eye br br under the world s eyes the public image you wan,16,0,0,0.0
1165,to handle the bad stuff behind the glitter of the world spectacle which is the world cup br br and s,18,0,0,0.0
1166,s do a proper report on the us government being the founding and current force behind the cartels ar,18,0,0,0.0
1167,one thing and ruining everything for everyone that s not a corporation elitist fascist or oligarch a,16,0,0,0.0
1168,be written by this fine establishment br br keep calm and carry on i guess y porque no lo hacen cuan,13,1,0,0.07692307692307693
1169,abren los ojos miran el problema ya nomas al final agarren esa cadena y siganlo hasta k termina term,14,0,0,0.0
1170,ignorantes sin armas los carteles no son nada western media are hilarious every world cup you target,16,0,0,0.0
1171,the u k yes this is worrying but lets not forget that the americans are carpet bombing kids in iran ,15,0,0,0.0
1172,customers we really need to kick tge cocaine habit in the west its causing direct problems in south ,19,0,0,0.0
1173,problems in other countries but not discuss the rise in violence and hate towards foreigners and peo,15,0,0,0.0
1174,their photos oh yeah it s a complete mystery we already know and yet still a much nicer country that,18,0,0,0.0
1175,are as corrupt as ours here in the uk both seem to be acting on behalf of corrupt politicians rather,14,0,0,0.0
1176,the game of england against mexico thank you for spreading the story so much evil and corruption inf,13,0,0,0.0
1177,trafficking humans with the help of police why have the army not wiped them out god bless these peop,13,0,0,0.0
1178,normal people of mexico the cartel s are full of animals it makes you bloody angry and sad at the sa,14,0,0,0.0
1179,the government doesn t give a shit br it s always about the money regardless of the situation the go,14,0,0,0.0
1180,should concentrate on the cartel in the uk surely its not that the govt dont care about it its just ,11,0,0,0.0
1181,by the cartels in terms of bribes is so enormous that it reaches so far into societies institutions ,13,0,0,0.0
1182,able to compete in terms of wages vs bribes we have all seen narcos we know how it works america is ,18,0,1,-0.05555555555555555
1183,people missing wth impossible to hide of course an english propaganda media is doing the dirty job h,15,0,0,0.0
1184,middle of their world cup that s not important br very british of you the guardian heart breaking th,14,0,0,0.0
1185,are weak they don t control their countries logistically for those evil monsters in the cartels they,13,0,0,0.0
1186,cause the world cup any trouble its a lottery ticket in there trade just so sad the government don t,13,0,0,0.0
1187,likeness to many places sounds like a safer place to visit than the uk tbh but why are we funding th,13,0,0,0.0
1188,young victims of the grooming gangs rather than stick your nose in to mexico s affairs aca en mexico,16,0,1,-0.0625
1189,dice que no quiere recibir a estos padres y madres porque dice que los manda el partido politico de ,9,0,0,0.0
1190,ellos solo quieren encontrar a sus hijos y se mueven con sus propios recursos nobody would ever be a,11,0,1,-0.09090909090909091
1191,the gaurdian wow so very sad why doesn t the government try to fix the cartels like other countries ,16,0,0,0.0
1192,on drugs has a side that the us wants you to think is not part of it the us funds the violence in me,13,0,0,0.0
1193,conocer de cerca una problematica brutal en todo mexico mi corazon con los padres y madres buscadore,13,0,0,0.0
1194,desde cdmx that s nothing here in states people get abducted quot daily quot and of them r children ,17,0,0,0.0
1195,and that s not mentioning the murders daily u can also get seriously hurt or killed by just wearing ,16,0,0,0.0
1196,mexico that r in danger r thee one s that r involved period a couple of england fans will go missing,19,0,0,0.0
1197,in violation of international law attacks iran and other countries kills innocent people they call q,19,0,0,0.0
1198,of the world and supports a genocidal zionist state in the middle east should they be hosting the wo,15,0,0,0.0
1199,and money laundering in the united staes that nobody wants to talk about otherwise all this looks li,17,0,0,0.0
1200,u s addicts by magic the us in violation of international law attacks iran and other countries kills,20,0,0,0.0
1201,quot in the caribbean and supports a genocidal zionist state in the middle east should they be hosti,14,0,0,0.0
1202,deeply i am from oaxaca mexico and there is so suffering with de carteles thank for showing what is ,16,0,0,0.0
1203,is cartel land and it comes with all the cartel issues unless you live under a rock usa s shooting c,19,0,0,0.0
1204,ever lasting wars crisis should they be hosting the world cup on the ground i its a country full of ,17,0,0,0.0
1205,the most important thing in the country bread and circus its the same issue with mexican americans t,13,0,0,0.0
1206,i the guardian is financed by the ultraderecha this say it all thousands ig grear things in this wor,14,0,0,0.0
1207,we have compassion for this people however the world cup is not the place for this demands besides t,14,0,0,0.0
1208,usa to sabotage the world cup and deestabilize our country we feel sorry for those mothers of course,13,0,0,0.0
1209,to live a live even with such tragedies cartels are cia and usa strategy to control our country ever,15,0,0,0.0
1210,but this poor despetate mothers dint think about this is terrible but life goes on stay strong stay ,17,0,0,0.0
1211,the story br br the tragedy faced by mexicos searching mothers and the families of the disappeared i,16,0,0,0.0
1212,mexico mexicans or the mexican government whatever its political colour from the moral comfort of th,19,0,0,0.0
1213,that fuel this violence who sells many of the weapons used to kill mexicans in mexico who profits fr,18,0,0,0.0
1214,if the standard is that no country with open wounds should host an international event then hardly a,13,0,0,0.0
1215,something to be ashamed of br br when the world cup is over mexicans will have to keep confronting t,14,0,0,0.0
1216,north especially the united states and europe should also stop wagging its moral finger at our failu,20,0,0,0.0
1217,for a violence that did not simply appear in mexico out of nowhere mexico pesos hos stay the f off o,14,0,0,0.0
1218,toast without you criminals overhead the narcoterrorist president allows this to happen what a nice ,18,0,0,0.0
1219,problem stop being hypocrites im from brasil and the crime its big too gangs dominating entire state,19,0,0,0.0
1220,can deport all the ones that have invaded america a lot of these mexican families also cant accept t,15,0,0,0.0
1221,are pretty blurred between real victims that got kidnapped and idiots that left to join the cartel t,14,0,0,0.0
1222,same group crying over different situations enjoy mexico instead of using the world cup to bring att,20,0,0,0.0
1223,will never see something that is made to bring money being used for good the sad truth is it s been ,13,0,0,0.0
1224,themselves now when can they people have been dealing with this chit for years and it s terrible but,11,0,0,0.0
1225,end to it failed state very sad what cartel crisis br br i thought mexico was a cultural paradise br,16,1,0,0.0625
1226,white men in america if us can hold a world cup under trump i think even countries like haiti or som,19,0,0,0.0
1227,cia drug trafficking network more like oh hector what a poor man we need to deal with the mexican ca,17,0,0,0.0
1228,for decades and its right at our border but we send bombs to iran instead when we could be enriching,15,0,0,0.0
1229,this blindly hoping for change we need to be the change god bless these families may he guide them t,17,0,0,0.0
1230,after your children know where they are at pm at pm at pm every day every night be strict be discipl,16,0,0,0.0
1231,crazy how the cartel can paralyze the entire city for a day but the police want to hide the crimes o,13,0,0,0.0
1232,the families whove lost loved ones lmao rip el mencho rot in hell ya piece of shit regarding the hea,20,0,0,0.0
1233,can host it mexico is a saint in comparison i ll say im wrong on that when you show evidence of mexi,15,0,0,0.0
1234,girls schooi heads will roll the number of missing is in fact open to much debate the influence of t,18,0,0,0.0
1235,and it is being brought under control as best the authorities can guardian journalists know all this,14,0,0,0.0
1236,so horrible england fans need to be aware of their surroundings there and put their locations on on ,16,0,0,0.0
1237,comments by the mother at the end are the most pertinent they will never understand until it happens,12,0,0,0.0
1238,for rather how have they been holding the world cup so far ans remarkable well the dedication of the,15,0,0,0.0
1239,to finding their previous remains is awe inspiring did you even notice we who hear god were missing ,15,0,0,0.0
1240,who posed as friends such an important story heart goes out to these heartbroken parents important e,17,0,0,0.0
1241,de los imbeciles con su nadaremos y la imbecil de clara brugada molina que no hizo absolutamente nad,11,0,0,0.0
1242,claudia no intenten echar culpas ajenas responsables son los que van si saben que es muyy peligroso ,13,0,1,-0.07692307692307693
1243,para que van si saben que es mucho riesgo y no mas van a echar desmadre la verdad hasta se an salvad,6,0,1,-0.16666666666666666
1244,no esta listo en servicio d hospitales ni servicios p este tipo d eventos si pasa una catastrofe hoy,12,2,0,0.16666666666666666
1245,le echen la culpa a quien sea la culpa es d cada quien q decide participar presencial al pan y circo,11,1,0,0.09090909090909091
1246,exponerse si no quieren q les pase nada mejor quedarse en casa que horror yo solo con que alguien no,11,0,0,0.0
1247,banco ya me estreso imaginate ahi con todos encima tocandote por todos lados en otros videos en los ,11,0,0,0.0
1248,y sustancias y el estado tan deplorable de la mayoria que ya ni podian articular palabra br br esa e,11,0,0,0.0
1249,a esos quot festejos quot es la oportunidad de excederse en todo lo que se pueda y en lo que no tamb,8,0,0,0.0
1250,por desgracia basta que algunos empiecen el desorden para que los demas se sumen al quot cotorreo qu,14,0,0,0.0
1251,pasar quot br br y no se trata de que el gobierno haga quite o ponga si no respetamos a los demas si,10,0,0,0.0
1252,caso al sentido comun siempre habran consecuencias fatales como estas br br y seamos honestos si alg,15,0,0,0.0
1253,nos llega el sol br br y este hecho terrible lo ilustra muy bien muchos simios en los festejos de qu,12,0,0,0.0
1254,lo que hacen dejando tanta basura tomando a morir besuqueandose con gente que ni conocen ademas empu,14,0,1,-0.07142857142857142
1255,van en estampida y no se detienen los mexicanos son unos salvajes siempre utilizando malas acciones ,14,1,0,0.07142857142857142
1256,chillones como hay una gran impunidad las familias son complices de estos sal ajes no es falta de se,13,1,5,-0.3076923076923077
1257,mas seguro creo que quisieron decir quot nada haremos quot irresponsabilidad de to s medios de comun,16,0,0,0.0
1258,son complices el millon de personas son asesinos hdp tuvimos de ejemplo la tragedia de itaewon y no ,13,0,0,0.0
1259,no la culpa la tiene la gente una ocasion fui a un evento de los tigres del norte en una zona acordo,13,1,0,0.07692307692307693
1260,proteccion civil tuvo que tirar esas laminas para sacar a la gente es tan desagradable esto que al i,12,1,0,0.08333333333333333
1261,imposible detenerte lo grave es que vi como mucha gente se caia y la pisaban llego hasta la cruz roj,11,0,0,0.0
1262,se por que no le piden opinion a reporteros mexicanos y no a un espanol fuera extranjeros de mexico ,11,0,0,0.0
1263,situacion en mexico fuera extrajeros de mexico ya que no se permita que se valla a festejar el domin,14,0,0,0.0
1264,porque sino va a morir mas gente y por nada bueno ya mexico es rechazado por el mundo y ahora hasta ,9,0,0,0.0
1265,sentido comun y conciencia dormida con esta salvajada cerraron el broche de oro br despierta mexico ,16,0,0,0.0
1266,alma como tontos van osea es cuestion de cada uno cuidarse como gobierno si ya pasa deberian de proh,14,1,0,0.07142857142857142
1267,hagan en sus casa o barrios donde no haya mas de personas reunidas no tienen control de sus impulsos,13,0,0,0.0
1268,cancelen los festejos en el angel de la independencia primer lugar por el luto a las personas y segu,10,0,0,0.0
1269,debe respetar yo como mexicana lo exigo pues el angel tambien me representa a mi es un partido de fu,12,0,0,0.0
1270,de analfabetas animales estupido llamados humanos mexico no esta preparado para estos eventos clara ,15,1,0,0.06666666666666667
1271,nada no puede ser donde esta tu organizacion claudia sheinbaun salvajes asi que festejen en reforma ,12,0,0,0.0
1272,no soy fan del gobierno actual pero ellos no fueron los culpables deberian ubicar a los culpables y ,13,0,0,0.0
1273,inglaterra de que nos gana y elimina no hay duda y si no es asi entonces seria uno de las gigantesca,9,0,0,0.0
1274,copas del mundo y de la historia universal de ser eliminado mexico que es lo mas seguro ya habria he,10,0,0,0.0
1275,matar gente por nada ya despues de la eliminacion y terminado el mundial ya habra muy poco que feste,11,1,0,0.09090909090909091
1276,espera el termino del mundial para tomar accion y la gigantesca narco corrupcion asesinatos desapare,16,0,4,-0.25
1277,ciudades de la india y en su momento en londres falta de sensatez terrible eduquense eduquense simio,12,0,3,-0.25
1278,mismo estan en las banquetes sobre puertas y ventanas de los vecinos con su escandalo musica y palab,13,1,0,0.07692307692307693
1279,ir a trabajar a estudiar a otro dia tengan mas empatia br que me dusculpen los simios quot quot todo,10,0,0,0.0
1280,ven muchos ninos inocentes y por culpa de enfermos bipolares que salen a las calles intoxicados para,16,1,0,0.0625
1281,desgracias tan lamentables faltan los del domingo esa mentalidad de la culpa la tiene el gobierno de,13,0,0,0.0
1282,ver sido nomas ha de haber mas muertos ahi hasta entre la bola de gente yo creo hubo hasta violacion,8,0,1,-0.125
1283,terrible seamos sobrios es solo un partido de futbol sigan illendo a esas nacadas jjjjjaaaa los simi,16,0,0,0.0
1284,en los dos primeros partidos por lo que dice el periodista del pais no haya habido ninguna accion po,7,0,0,0.0
1285,cerraron la circulacion de la minerva y habia policias por todos lados lo digo por que fui ese prime,11,1,1,0.0
1286,de verdad que ocurrencia llevar ninos como si no tuvieramos ya bastantes problemas para que ponen pa,13,0,0,0.0
1287,sucedio algo similar en el era una fiesta de halloween y habia aproximadamente personas en una calle,12,1,0,0.08333333333333333
1288,no esta preparada para estos eventos ademas va gente drogada y borracha solo gente estupida lleva so,11,1,0,0.09090909090909091
1289,gente son peores que animales o peor no me quiero ni imaginar este domingo que horror ojala puerdan ,15,0,0,0.0
1290,pretexto el partido para sacar su frutacion brinca gritan y hacer desmanes sin control el narcogobie,14,0,0,0.0
1291,no pase nada porque preveer cuesta y tambien que poca la de la gente del quot nadaremos quot o quier,10,0,0,0.0
1292,gente quot es logica matematica a href tan facil como que no se pongan pantallas y veran vomo baja l,16,0,0,0.0
1293,decia ya ya no exageren ya fue suficiente a la cama y pues a dormir aqui por mi barrio ya despues de,10,1,0,0.1
1294,no tenian mucha emocion para seguir y pues despues de ese tiempo ya era mas bien necedad el seguir l,8,1,0,0.125
1295,para decir ya fue suficiente por esta razon mama gobierno debe imponer reglas es vergonzoso que labr,10,0,0,0.0
1296,orden y que puede hacer el gobierno con tanta gente si son tan necios la gente es muy necia y no ve ,12,0,0,0.0
1297,lugares para ver el partido y festejar pero afueras van a ser bola sabiendo que cualquier grito pued,12,0,0,0.0
1298,porque habia tanta gente y carlos de que se rie si el tema es muy serio a href el de azul y gorra bl,10,0,0,0.0
1299,y la solucion de la jefa es poner mas pantallaspor respeto a los fallecidos deberian suspender todo ,10,0,0,0.0
1300,hacen muy pocos los datos oficiales ahi hubo muchisimo mas madreados mexico esta idiota que la presi,14,0,0,0.0
1301,weee si me emociono si veo los partidos compro la mercancia pero no mamennnn a que vaaann chinga com,13,0,0,0.0
1302,cavernicola siempre el quot primero yo quot jamas piensan ni siquiera en su propia seguridad asi la ,15,1,0,0.06666666666666667
1303,son responsables x q una pensaron q iba a pasar algo asi y x q le radio formula le hecha la culpa al,13,0,0,0.0
1304,q iba a haber tanta gente en el angel como siempre radio formula tiene q culpar al alguien se siente,14,0,0,0.0
1305,se estara de luto por respeto y xq ya es un sitio insuficiente para contener gente la mayoria son ch,13,1,1,0.0
1306,gobierno debe prohibir estos festejos en publica ademas no hay seguridad y que tal cuando los mexica,14,2,1,0.07142857142857142
1307,agrediendo inocentes quiten las pantallas en la calle mas vale no ir a esos mitotes siempre hay ries,13,1,1,0.0
1308,no es lo que si es sumamente irresponsable como es posible que lleven ninos y personas de la tercera,9,0,0,0.0
1309,estaban muy llenos y seguian yendo ya quedense en casa y disfruten con su familia que vergenza y tod,13,0,0,0.0
1310,una euforia fuera de lugar totalmente estupida esas muertes deben de senalarse como suicidio debe ha,11,0,0,0.0
1311,personas solo asi que irresponsabilidad clara brugada dijo todavia hay tiempo vengan y estos decereb,11,0,0,0.0
1312,ven lo riesgoso de ir a una concentracion muy numerosa de personas viven en un mundo de fantasia las,13,0,1,-0.07692307692307693
1313,aventando son la s culpables esos delincuentes que salen de los predios invadidos por morena ues les,15,0,1,-0.06666666666666667
1314,autoridades no tienen la culpa del comportamiento de las multitudes no entiendo como la gente prefie,12,0,0,0.0
1315,una multitud que en la comodidad de sus casas echando la chela con una rica botana no hay necesidad ,14,0,0,0.0
1316,puras trampas mortales no vale la pena mira lo que hicieron estos hijos de toda su pm si esto es asi,10,0,0,0.0
1317,comenzaron a empujar con toda la intencion de provocar esto la sangre de los difuntos esta sobre ell,10,0,0,0.0
1318,no es que yo lo diga es la ley de la siembra y la cosecha cuando hay vidas en juego no se hacen esta,10,0,0,0.0
1319,quien organizo y comenzo la avalancha humana y que festejan ganar un simple partido br br se ganaran,15,0,0,0.0
1320,civilizados no empujar y respetar el espacio vital de cada persona br br parecen animales empujando ,19,0,0,0.0
1321,llevando a sus hijos br br y ademas el cochinero que dejan gente sin educacion br br lo peor es que ,15,1,0,0.06666666666666667
1322,br mediocres ignorantes sin educacion y super marranos br br dejaron las calles como las dejan los a,16,2,0,0.125
1323,esto unas dos o tres horas despues del partido llegan puros salvajes borrachos y drogados pensando q,12,0,0,0.0
1324,bien sin necesidad de excesos no sentian bien estar en su casa br tuvieron que salir a buscar y enco,13,0,0,0.0
1325,es idolatrias emocionarse tanto hasta hacer desmanes que orror br salir a la calle en un tumulto de ,16,1,0,0.0625
1326,a buscar desgraciadamente nos falta mucho civismo avalancha humana como en las fiestas indias es que,15,0,3,-0.2
1327,la vida por un partido de fut bol de mexico br cuando toman alcohol de grados pierden la razon pasan,17,1,3,-0.11764705882352941
1328,prevencion civil y principalmente personal de el gobierno de morena que son los principales responsa,14,1,0,0.07142857142857142
1329,se mamaron faltan detalles en los reportes a que hora ocurrio el aplastamiento por que en una calle ,13,1,0,0.07692307692307693
1330,de ver el partido o eran los que querian entrar esas personas cayeron y la estampida las aplasto ya ,12,0,0,0.0
1331,quedo la gente muerta prohibir juegos piroctenicos tambien muy peligroso unicamente dos personas mur,15,0,1,-0.06666666666666667
1332,descansen las personas que murieron no debio ocurrir tienen que poner vigilancia y mas control nada ,14,1,0,0.07142857142857142
1333,ser agresivos y no llegar a excesos es muy peligroso no debe pasar porsupuesto nunca que haran las a,16,0,1,-0.0625
1334,ksify lzfolm akanydqag a solo veo un monton de macacacos con playera verde si el pueblo manada de va,13,0,1,-0.07692307692307693
1335,no me gusta para nada el futbol ya deberiamos participar mas en las cosas de dios el gobierno cree q,11,0,1,-0.09090909090909091
1336,drogas descontrol total y el domingo ahi estaran otra vez esto supera al estado que horror br a mi n,10,0,0,0.0
1337,hace como anos en las celebraciones de halloween en una zona donde los jovenes se reunen para este f,9,0,0,0.0
1338,botella en un callejon y ahi si fueron bastantes fallecidos al ano siguiente las autoridades impleme,12,2,0,0.16666666666666666
1339,tendra que hacer lo mismo pero mmmm con la ajolota mayor no creo que implementen mucho lamentablemen,8,2,0,0.25
1340,saben comportar tantito sentido comun y prudencia por favor es que es una estupidez que si ven que y,13,0,0,0.0
1341,gente tan inconsciente yo estuve en el angel pero a sobre reforma mejor dicho ya que era imposible p,10,0,0,0.0
1342,y listo pero todos quieren estar ahi en la glorieta como si ahi solo se pudiera festejar principal r,9,0,0,0.0
1343,que cuidarse ni al caso ir a celebrar algo que no lo amerita y el gobierno las autoridades que es su,10,1,0,0.1
1344,minimizar la situacion es imperdonable que no cierren el angel que quiten las pantallas mejor y perm,12,0,0,0.0
1345,la gente para alla si mueren mas personas ya no sera un victoria completa pero el domingo se acaba e,13,0,0,0.0
1346,es la unica forma en que no salgan a reforma el pais esta como esta xk nos comportamos peor que chan,12,0,0,0.0
1347,educacion el que voy yo primero que tu el que le vale como esta el pais mientras le den si toda esa ,9,1,0,0.1111111111111111
1348,votos que nos hacen falta para sacar este inche gobierno porque para eso no estan pero para estas to,13,0,3,-0.23076923076923078
1349,br por eso dicen mexico br es de nacos br con estos festejos ni como defenderse br el futbol es la r,14,0,0,0.0
1350,es respuesta br qse gana con festejar br algo tan br inutil pues se sabia que podia suceder y no hic,12,0,0,0.0
1351,sucedio pero dentro del metro y se decidio salir y no tomar el metro caminar a otra estacion aledana,11,0,0,0.0
1352,que las pantallas son insuficientes si te quedan lejos ya no veras el partidosy muy muy pequenas mej,13,1,0,0.07692307692307693
1353,imaginense dentro del metro ademas no hay donde ir al bano es feo que orinen por todas partes los ho,11,0,0,0.0
1354,si eres mujer sera horriblke hacer colas larguisimas ni ir y sin transporte para regresar con riego ,11,0,0,0.0
1355,o pasillos del metro o caminar a otras estaciones para poder llegar al hogar la primera vez acompane,9,0,0,0.0
1356,menos la mejor decision aunque esa sensacion que tuvieron cuando metia gol es inolvidable pues brinc,11,3,0,0.2727272727272727
1357,ya que la alegria es fenomenal desbordante y saltan to todos a la vez y se desarrolla ese efecto en ,10,1,0,0.1
1358,efecto rebote sin embargo te da miedo es agitados estar mojado por horas y caminar y caminar a otra ,11,0,1,-0.09090909090909091
1359,avernos regresado antes del es decir decidimos irnos a tres de terminar el partido y aun asi fue dif,10,0,0,0.0
1360,del domingo la solucion es que ya no pongan pantallas oara que se les quite ya ente tanta gente les ,13,0,0,0.0
1361,muchachitos que ni en su casa les pueden poner rienda y ya juntos se vuelven mas idiotas ya no ponga,11,0,1,-0.09090909090909091
1362,la razon y aunque este ya cerrado les vale y a toda costa quieren pasar es bueno festejar pero como ,11,0,0,0.0
1363,quien es responsable de sus actos y sus consecuencias de verdad su instinto de supervivencia no les ,10,0,1,-0.1
1364,seguro los mandaron la de trump es su forma de actuar me da vergenza ver la forma de festejar algo q,11,0,0,0.0
1365,fan de este deporte pero me da gusto que gane mexico esto no tiene nombre puro fanatismo cabo san lu,13,0,0,0.0
1366,de mexico no del mundo no cabe duda seguimos siendo un pais tercermundista que no pongan pantallas p,13,0,0,0.0
1367,pueblo grupoformula br ches amarillistas y tensenciosos con sus clasicas pedorras notitas festejen e,16,0,0,0.0
1368,burros dan coraje que peligro con estas dizque quot celebraciones quot que poca educacion urbana alg,17,1,2,-0.058823529411764705
1369,festejen en su para que esten bien paisanos bendiciones no me da gusto pero a ver si deja la claudia,7,0,0,0.0
1370,a festejar como si cobraran tan baratos los jugadores y ni los pelan cuando les piden foto asi fuera,11,1,0,0.09090909090909091
1371,cosas pues me parece bien a ver si asi aprenden los simios borrachos esos alas autoridades les impor,11,1,0,0.09090909090909091
1372,de unos mediocres hay un carro de elotes entre la multitud el tipo va empujando su carro que irrespo,12,0,0,0.0
1373,ante la prensa internacional mejor abran las puertas de los estadios que tienen pantallas y que aya ,12,0,0,0.0
1374,y de la tercera edad no inventen como se mira ahi la ola de personas gracias a dios no hubo mas vida,10,0,0,0.0
1375,saben emborracharse pelear y hacer cosas a otras personas ahi estan las consecuencias del mal compor,11,0,1,-0.09090909090909091
1376,las bestias no se razona br ke horror sin ser aguafiestas deseo que gane inglaterra ya basta de desm,15,1,0,0.06666666666666667
1377,tercermundista en la mayoria y no es cuestion de estatus ya ven la fresita aventando un trago a un e,15,0,0,0.0
1378,tolerancia de la autoridades es el resultado narco morena y sus pesimas autoridades recordemos la tr,16,1,1,0.0
1379,que solo murieran aplastados pero bueno tan poco podemos pedirle mucho al mexicano promedio por eso ,11,0,0,0.0
1380,mundial justifica que no se sepan controlar que lamentable que sean asi muchos mexicanos haya hasta ,11,0,0,0.0
1381,te asaltan te madrean te matan claro que es seguro y como en cualquier lado del mundo cuando te toca,10,0,0,0.0
1382,incontrolable es seguro es seguro ya cuando pasan las cosas hacen su trabajo de plano no sabe nada e,9,0,1,-0.1111111111111111
1383,para que ya inglaterra los mato es totalmente irracional este tipo de festejos por un deporte muchos,13,0,1,-0.07692307692307693
1384,aparte inseguridad como comprenden ir ninos abuelos y enfermos que locura la gente se aloca no esta ,16,0,1,-0.0625
1385,controla sus emociones y x eso pasan esas cosas yo lo veo en mi hogar y no salgo como loco a celebra,13,0,3,-0.23076923076923078
1386,calma carajo x eso ya no ganan mas los equipos ya se vera que solo gente estupida hace esto hay much,12,0,0,0.0
1387,poner asi ala familia estos eventos no se deben de realizar mexico no esta preparado para esto domin,11,1,0,0.09090909090909091
1388,sin controlar su euforia que mexico no avanze a cuartos de final para q van con tanta multitud br qu,15,0,0,0.0
1389,puro pinch salvaje si eres inteligente quedate en casa deben seccionar toda la zona que evite avalan,17,0,0,0.0
1390,secciones cada seccion debe tener un margen de olgura implica por parte de las autoridades una muy b,11,0,0,0.0
1391,demos gracias a dios que no fueron mas si vemos la cantidad de gente que asistio es minimo ya el alc,11,0,0,0.0
1392,esto no se le puede llamar gente que se dejen de estupidezes y cada quien vea el juego en su casa so,12,0,1,-0.08333333333333333
1393,de seguridad publica df saludos inglaterra sera un equipo de calidad premium saludos doloroso para u,19,3,0,0.15789473684210525
1394,de revision son defectuoso nada de alcohol gas armas punzo cortantes bandera artefactos de ruido mas,20,0,0,0.0
1395,vestido de civil se retira y pudo introducir un dron para alerta aun serco de seguridad automatico s,18,3,0,0.16666666666666666
1396,jovenes en alcohol saludos seguridad nada de alcohol drogas saludos es obligatorio suspender estas c,16,1,0,0.0625
1397,irresponsables que a fuerzas quieren estar en un mismo lugar se les estuvo pidiendo que no lo hicier,11,0,0,0.0
1398,yo vi el partido desde mi casa y despues vi internet y me fui a dormir y no paso nada br br ya ultim,12,1,0,0.08333333333333333
1399,eventos deportivos se han convertidos en imanes de atentados y de gente loca simplemente lo mejor es,13,2,0,0.15384615384615385
1400,es otro mexicano lamentable pasar avos festejaron hasta matarse se ve super divertido estar con todo,14,0,0,0.0
1401,que me aplastaron de nina en un concierto voy a conciertos pero siempre en un asiento designado y me,10,1,1,0.0
1402,las multitudes qepd no fueron pocas personas fueron mas de una estampida yo creo que fallecieron mas,10,0,0,0.0
1403,apoyar al equipo para reconocer su esfuerzo o es una multitud desahugandose de su rutina del tedio e,12,0,0,0.0
1404,tirar basura matar una persona aplastarla pero se fueron felices pues vieron a su seleccion ganar me,15,0,1,-0.06666666666666667
1405,bertina irrespetuosa ya no deberian permitir bebidas alcolicas ni drogas y que no expongan a los nin,17,0,0,0.0
1406,totalmente irracionales la seleccion mexicana de futbol deberia de salir a pedir a las personas que ,15,0,1,-0.06666666666666667
1407,que se vive ayudaria mucho que realizaran esta accion ni pedo q sigan festejando asi bien hecho br s,13,0,0,0.0
1408,en este paisla fiesta no les sabe br y al gobierno mucho menos br pero como desde hace un par de ano,7,0,0,0.0
1409,importa o que mas da pues nada cambiara porque ni la momia ni la embrujada tienen control de nada br,10,0,0,0.0
1410,la gente actuando como bestias solo imita a su gobierno br aqui esta tu consecuencia br morenist de ,14,0,0,0.0
1411,deben permitir ese festejo ya se salio de control para la proxima vez que las mismas personas tengan,9,0,0,0.0
1412,ser asfixia por congestion o por alergias que provocan choque anafilactico son muchas y variadas cau,19,0,2,-0.10526315789473684
1413,victimas festejan como si mexico hubiera ganado la copa hacen muy exagerado lo que pasa es que se ti,11,0,1,-0.09090909090909091
1414,el momento lo arrastran a todos lados no miden y pasan estas cosas que lamentable de pena ajena la v,12,0,0,0.0
1415,que no esta capasitada para festejar mejor quedarce en casa soy mexicano soy aficionado a nuestra se,10,0,1,-0.1
1416,cuidarse que tristeza todo por no pensar en los demas yo desde mi hogar vi el partido pero cuando vi,12,0,0,0.0
1417,junta eso es peligroso yo la verdad no entiendo como la gente no razona y hasta llevan ninos y miren,10,0,1,-0.1
1418,sean exagerados es nada en millon no sean exagerdos solo tengan mas cuidado y a segui festejando his,10,0,0,0.0
1419,mas sentido pesame a las familias bien esta por burlarse de nuestro pais br eso no se hace pues yo n,8,0,0,0.0
1420,mexico del mundial el equipo mexicano esta al margen de esta situacion y lamentablemente estan perso,12,0,0,0.0
1421,ellos decidieron ir fue bajo su responsabilidad mi mas sentido pesame a los familiares de estas pers,12,0,0,0.0
1422,ya no mas marchas paraguay termina siendo mucho mas cibilizado esto ya es una locura la gente no reg,10,0,0,0.0
1423,pero es que tambien para tanta multitud se necesita hasta la guardia nacional chihuahuas donde estab,9,1,0,0.1111111111111111
1424,pero estos locos se aceleran y miren lo que pasa lo bueno que con inglaterra se va acabar el pan y c,11,0,0,0.0
1425,la cancion quot mexico es un chingon quot por es un pendejeo esta raro esto por lo regular se va con,11,0,0,0.0
1426,protegemos la pregunta es quienes estaban con estas personas si fueron con sus amigos que malos amig,11,0,0,0.0
1427,se puede controlar la euforia alcohol y multitudes solo no asistiendo los extranjeros se divierten p,11,0,0,0.0
1428,no lo piensan pues era de esperarse los canales de tv dicen quot vengan a celebrar la victoria de mx,14,0,0,0.0
1429,pantallas les pone para que lo miren que idiotez solo la imprudencia lleva a una persona a entrar en,12,0,0,0.0
1430,es para los animales echan espuma como si fuera arma mortal el problema no es que hagan fiesta sino ,11,0,0,0.0
1431,millon de personas reunidas en un espacio muy pequeno una calle un millon si tomamos en cuenta que e,15,1,0,0.06666666666666667
1432,al dia entonces pues fue una cifra reservada sobre todo tomando en cuenta que estaban desatados van ,10,2,1,0.1
1433,el fanatismo y estupidez ya nos gano el fanatismo no te deja usar bien el cerebro asi fueran buenos ,9,0,0,0.0
1434,pais esa informacion es falsa todo lo que publican los medios de comunicacion prianistas pero que ne,12,0,0,0.0
1435,nos gusta andar en la calle buscando peligros que pena la estupidez de los fanaticos del futbol toma,16,1,1,0.0
1436,domingo quien o a quien creerle br no que los fallecidos habian sido de personas que se reunieron en,11,0,0,0.0
1437,a meter ahi a piras tonterias festejar que puras tonterias y asi murieron aqui esta la muestra porqu,14,0,1,-0.07142857142857142
1438,es vergenza y lastima despues de varios dias de celebracion con saldo blanco es de considerar que no,10,1,0,0.1
1439,lamentablemente fallecieron byi que nos pasa mexico eso pasa por tener un gobierno inepto y hacer es,15,1,3,-0.13333333333333333
1440,calderon por el bien del futbol y la sociedad mexico debe ser eliminado del mundial no saben ganar y,12,0,0,0.0
1441,a decir que tambien es culpa del gobierno y dicen que quot es ke mejiko bibeh la fiestah quot yo no ,12,0,0,0.0
1442,de sudor alcohol mugre mocos y pedos encima con el riesgo de perder la vida en una situacion tan abs,12,0,1,-0.08333333333333333
1443,porque los animales estos solo festejaban como cuando pusieron en peligro a conductores de coches y ,14,0,2,-0.14285714285714285
1444,al verse en riesgo es muy claro lo que pasa cuando dejan que las multitudes hagan y deshagan sin que,13,0,1,-0.07692307692307693
1445,seres vivos con emociones y asi es la vida algo tiene que pasar para que sea mundo yo no me traumo p,11,0,0,0.0
1446,no me gusta etiquetarme pero en caso de la seleccion si veo los partidos y me preocupa en pensar que,11,0,0,0.0
1447,casa donde no haya peligro todos se vuelven locos por estupidos es parte de la vida no hay que aflig,8,0,2,-0.25
1448,fe a festejar porque hay que ser felices mientras se pueda no hay que traumarse ni rasgarse las vest,8,0,0,0.0
1449,gana y se pierde pero es normal que nos emocionemos no somos robots simplemente hay que tratar de co,13,0,0,0.0
1450,estupidos y animales y van a encarcelar a alguien porque no se murieron por si solos gente que se lo,10,0,0,0.0
1451,mundial ha traido luto los mexicanos en fan festy claro el gobierno taambiem radio formula pueden da,14,0,0,0.0
1452,personas que ya estaban enfermas ustedes que son un medio de comunicacion tan honorable y muy confia,14,0,0,0.0
1453,y pruebas gracias mexico record de muertes de cualquier tipo el pais que nunca voy a conocer si ya s,9,0,0,0.0
1454,a ese caos no se trata de poner o mil elementos de seguridad simplemente no estamos preparados para ,10,3,0,0.3
1455,respetar al menos el espacio vital de una persona sin contar la clase de simios perdon simios que va,14,0,0,0.0
1456,un mundial para pintar las banquetas y guarniciones tuneles y arreglar luminarias y poner mas esteti,15,1,0,0.06666666666666667
1457,mas preocupadas por que la gente no llegara a los alrededores del estadio que salvaguardar la seguri,13,2,1,0.07692307692307693
1458,la que nos falta el respeto somos buenos para el desmadre pero cuando se trata de respeto somos de l,7,0,3,-0.42857142857142855
1459,los extranjeros que opinion tienen de nosotros y si estoy sorprendido cuanta falta de autoestima nos,11,0,6,-0.5454545454545454
1460,de futbol soccer que tragedia pobres familias se fueron en idolatrias si saben donde estan ahora ver,11,0,0,0.0
1461,prohibir esos festejos la gente irresponsable acaba con estas cosas solo crean alboroto y estupidez ,16,0,1,-0.0625
1462,pongan hacer desmanes no permitir hacer esas celebraciones siempre se queja la gente del crimen orga,13,0,2,-0.15384615384615385
1463,ahi se quedan calladitos asi somos los mexicanos ay la estupidez humana no de todos claro pero ojala,11,0,0,0.0
1464,vale la pena cuando desaparecen personas cuando matan cuando roban pero se reunen para hacer dano y ,14,0,0,0.0
1465,ganar el mundial lamento el fallecimiento de esas personas pero nadie se va antes o se va despues cu,9,0,0,0.0
1466,que se fueron felices cuando te toca te toca descansen en paz y para la familia recuerden que solo e,9,0,0,0.0
1467,nuestros seres amados es problema de uno no de el gobierno viva la t no van a parar hasta que el mon,11,0,0,0.0
1468,de los asistentes es triste que eso pase pero desgraciadamente hablemos personas que no podemos ir a,13,1,0,0.07692307692307693
1469,y nos empezamos a sentir mal y pasa eso asi que preferible no asistir a esos eventos lo dijo el doct,14,1,1,0.0
1470,si no te vas a quedar en casa usa tu logica o tu fuerza si ves muchisima no te quedes si padeces alg,12,0,0,0.0
1471,a ir tienes que utilizar tu fuerza para no permitir que te aplasten el chiste es ching al gobierno m,10,1,0,0.1
1472,es responsable de sus actos si ven el peligro o estan enfermos no arriesgarnos esto es lamentable na,12,0,2,-0.16666666666666666
1473,su apogeo lo mas triste es que luego llevan ninos pequenos y adolecentes la gente es muy irresponsab,11,0,0,0.0
1474,pues murieron siendo felices quisieron ir alla sabiendo todo lo que pasa en esos eventos cada quien ,13,1,0,0.07692307692307693
1475,quien decide cual epilepsia lo han de haber pisoteado vaya tonteria morir asi por una estupida celeb,13,1,0,0.07692307692307693
1476,empezando el nuevo virus we traten de no estar cercas por medio de calor corporal de pasa enfermedad,13,0,0,0.0
1477,ponganse trucha y que dios nos bendiga yo por eso sino voy al estadio o en casita o en un bar o en u,9,0,0,0.0
1478,ningun problema estan idiot s estan cayendo fanatismo y la seguridad ausente para variar que vergenz,17,1,0,0.058823529411764705
1479,peligrosas y vino y encima falta de educacion es la peor combinacion br amen de toda la basura que t,17,1,4,-0.17647058823529413
1480,pero que van hacer a ya si tienen su patio de casa para honrrar al equipo de mexico che gente ridicu,12,0,0,0.0
1481,hermanos que nos estan visitando se diviertan con la confianza de sentirse con el deseo de regresar ,15,0,0,0.0
1482,mexicano los ojos del mundo estan puestos en mexico somos anfitriones y la imagen que demos es nuest,14,0,0,0.0
1483,ser alegres es muy bonito pero sin control es contra producente a lo largo de la historia e escuchad,10,0,0,0.0
1484,tenemos la oportunidad de demostrar que somos un pais consiente respetuoso que sabe comportarse ser ,15,0,0,0.0
1485,la vida con responsabilidad y que el orden el festejo y la son personas extremistas que no entienden,11,0,0,0.0
1486,las marchas del m nos comportamos asi que mal x favor comportese que sucedera si la seleccion llega ,18,0,1,-0.05555555555555555
1487,osea que si se puede reunir tanta gente si quisieran dar un golpe de estado y donde esta el cerco po,12,0,0,0.0
1488,o la muralla de policias que no permitian el acceso al estadio en la inauguracion si nuestro pais no,11,1,1,0.0
1489,mas por que la vida de cualquier persona es mas valiosa que ningun festejo nadie los forso a ir nimo,12,0,0,0.0
1490,rienda suelta a sus instintos primitivos al fin que saben que no les pasa nada porque el gob es perm,11,0,1,-0.09090909090909091
1491,carro puede morir la gente es estupida br br y no deben de meterse con los suyos perder la vida x un,14,0,0,0.0
1492,para que van deberian de quedarse en sus casas ay si es cierto si el gobierno sabe que la mayoria de,9,0,0,0.0
1493,somos un mal ejemplo para otros paises como los asiaticos que pena los japoneses hasta levantan los ,12,1,1,0.0
1494,no deberia de poner pantallas que la gente lo vea en sus casas o si de plano el gobierno insiste en ,13,0,1,-0.07692307692307693
1495,la gente aprenda a comportarse bendiciones asta se burlaron de clara brugada cuando dijo que no sali,13,0,3,-0.23076923076923078
1496,inmadurez jovenes sea mas prudentes es bonito los momentos felices disfruten con mas responsabilidad,12,0,0,0.0
1497,cuarenta anos tenemos que ser responsables ya solo es el desmadre por el desmadre empiezan desde bie,10,0,1,-0.1
1498,bueno es que la clara brugada ya expreso sus condolencias y lamento lo sucedido que seria de todos l,11,0,1,-0.09090909090909091
1499,pueden terminar con accidentes lo raro es que fueron tres se debe investigar eso no es culpa de los ,8,0,0,0.0
1500,estan mal br si se que tengo una enfermedad no voy a esas aglomeraciones pan y circo auspiciado por ,12,0,1,-0.08333333333333333
1501,pensarse porque ahora es un segmento de chismes faranduleros nunca an tenido periodistas a fuerzas q,11,0,0,0.0
1502,su familia lo que no entiendo es porque que no habia vigilancia en esa zona su ultimo festejo br se ,8,1,0,0.125
1503,gobierno no tiene la capacidad de manejar una situacion tan lamentable tu dejarias a tus hijos jugar,14,0,0,0.0
1504,ineptitud de el gobierno de la cdmx para manejar la situacion br tambien es de esperarse fiel reflej,14,0,1,-0.07142857142857142
1505,los medios de comunicacion ya los contagiaban para el comercio y mercadotecnia de mercancia servicio,14,0,0,0.0
1506,caer en excesos sin control que terminan en desgracia festejan como orates que tal por la tarde repo,14,0,0,0.0
1507,voltee a ver los hospitales infantiles y sus carencias br saben a lo que se arriesgan ir a lugares c,13,0,0,0.0
1508,lamentable esa situacion mis condolencias a su familia amigos y demas me recuerda tanto a la pelicul,13,0,3,-0.23076923076923078
1509,un gob permisivo que deja que la gente agresiva haga lo que quiere que saquen todas sus frustracione,13,0,0,0.0
1510,indiada esa espuma blanca es muy toxica para los pulmones no la usen la verdad si nos quitan los par,12,0,0,0.0
1511,maneras de morir eso nunca deja nada bueno andar en tumultos pero que les sigan poniendo pantallas g,13,0,0,0.0
1512,de mexico aplicaron ley seca como no lo vieron las autoridades venir que mal que la gente se vuelva ,14,1,2,-0.07142857142857142
1513,esta enfermo que es estavilisar la enfermedad no es la culpa de nadie es de la persona que va a even,12,1,0,0.08333333333333333
1514,es q no hay policias resguardando el evento osea al final todos sabemos q donde venden alcohol siemp,11,2,0,0.18181818181818182
1515,a locales ni a ciudadanos el gob de la cd provoca este tipo de desordenes que no tienen control ya h,10,0,0,0.0
1516,portan como salvajes aprovechan esos festejos para sacar lo peor que traen dentro porla presidenta n,13,0,0,0.0
1517,se burlo de las madres buscadoras que no tiene el tacto para tratar estos asuntos yo creo que el ser,8,0,0,0.0
1518,de alcohol las cosas se salen de control toda la multitud se desenfrena estas son las lamentables co,13,0,0,0.0
1519,fallecidos mientras tanto a las madres buscadoras nadie las apoyo y este gobierno hipocrita las mand,14,0,0,0.0
1520,que la gente saca lo peor de si y parecen salvajes agreden y aprovechan para hacer y deshacer se vei,15,0,0,0.0
1521,personas para arriba era todo un desorden si tanto les gusta ese juego mejor disfrutenlo en su casit,11,0,0,0.0
1522,saldra bien que ganas de andar entre multitudes desordenadas gritonas agresivas y borrachas eso solo,16,0,0,0.0
1523,desorden y borracheras todo se vuelve en su contra habria que conocer los valores con los que crecie,8,0,0,0.0
1524,se puede hacer y habra mas festejos y mas tragedias asi esta el mundo de hoy sigan yendo a esos luga,9,0,0,0.0
1525,falla en el corazon lo unico inteligente en el mundial es trionda y para que van yo vi el partido ca,14,0,0,0.0
1526,de hacer es que castiguen con todo el peso de la ley todas estas trajedias deberian de cancelar los ,11,0,0,0.0
1527,que sigan dando prioridad al futbol en vez de educar a la gente sigan suspendiendo clases nunca espe,13,0,0,0.0
1528,imposible subestimarlos problemas de salud br los problemas medicos br los tienen los medicos proble,17,0,0,0.0
1529,absurdo e irrelevante como esto eso lo hacen los mala leche ya confiesen tomen la br pan y circo que,13,0,0,0.0
1530,paz descansen pero sigan celebrando con personas que no se saben comportar br una cosas es que celeb,10,0,0,0.0
1531,tomar br es lamentable que personas sanas paguen por animales incultos lo del senor es circunstancia,12,0,0,0.0
1532,la multitud le afecto los que se asfixiaron lamentablemente no debieron meterse donde habia mas gent,13,0,0,0.0
1533,la masa de gente no se si le llamen celebracion a ponerse como locos y locas a faltar al respeto a t,12,1,0,0.08333333333333333
1534,la crema y nata de las lacras y eso que es ley seca alla simplemente que vergenza da que no se sepan,13,0,1,-0.07692307692307693
1535,que ellos si se saben comportar deveria salir la seleccion a decirles que le bajen tres rayitas asus,11,0,0,0.0
1536,que sobran son humanos en esta tierra record guines de idiotas reunidos hay que ser un poco mas obje,13,0,0,0.0
1537,no fue por asfixia por el contrario fue por la golpiza que le dieron los propios mexicanos ya no ven,10,0,1,-0.1
1538,va a poner en riesgo la vida y seguridad de los asistentes sera mejor que cancelen todo tipo de aglo,10,1,1,0.0
1539,mexico ya no avance en las siguientes fases del torneo todo tiene consecuencias es lamentable que pa,12,2,0,0.16666666666666666
1540,escandalo pero no falta quienes como los que molestaron a los de la federacion ecuatoriana desde un ,12,0,3,-0.25
1541,su comportamiento br que las victimas descansen en paz es lo que pasa cuando hay gente naca tomada y,14,0,1,-0.07142857142857142
1542,cuidarse de los delincuentes nacos y fifis nacos tambien y donde estaba la autoridad ya se veia veni,12,0,1,-0.08333333333333333
1543,que tristeza recordaran sus familias este evento bueno esto suele pasar cuando hay demasiadas person,14,1,0,0.07142857142857142
1544,los accidentes br recordemos que mexico es un pais donde la cultura de la prevencion no existe es nu,13,1,0,0.07692307692307693
1545,drones no se monitoreo la seguridad la gn que paso no es la primera vez que en conglomerados pasa al,10,1,1,0.0
1546,a borrachos y gente en mal estado no importa si se enojan es por seguridad y por la integridad de la,11,1,1,0.0
1547,mi prima fue al primer partido y casi la matan a ella y asu hija al entrar al estadio por asfixia em,12,0,0,0.0
1548,gracias a dios estan bien pero tiene q ver orden ley seca e todo el pais festejemos sin alcohol seam,10,0,1,-0.1
1549,alex lora en su cancion no es bueno que mexico gane un mundial por favor no lleven a ninos entiendan,13,0,0,0.0
1550,de control padres responsables no expongan a los jovenes y ninos hay borrachos y drogados si desde q,13,0,0,0.0
1551,las condiciones de salud no vayan lamentable definitivamente y espero que las familias encuentren co,15,0,0,0.0
1552,cualquier evento multitudinal tiene ese riesgo y sin demeritar las valiosisimas vidas perdidas el sa,13,2,1,0.07692307692307693
1553,a nuestras pendejadas como sociedad soy mexicana y me da pena ajena fans actuando como animales sin ,15,1,2,-0.06666666666666667
1554,luego quejarse del gobierno y de los colectores de basura por el taponeado de coladeras en cdmx y ha,10,0,1,-0.1
1555,relacionado a esta situacion me encontre con un comentario de un perfil anonimo para variar la perso,14,0,0,0.0
1556,comprendo que no debemos juzgar el criterio de las personas solamente por su ignorancia o desinforma,10,0,0,0.0
1557,de donde sale esta gente que clase de educacion han tenido que los orillo a pensar que todo lo malo ,12,1,0,0.08333333333333333
1558,la mananera incito al festejo en el angel si no tienen salud optima festejar en casa tambien es dive,11,0,0,0.0
1559,lo contrario muchos se comportan bien y otros nada mas bvanna echar desmadre tiran basura y se quier,11,0,1,-0.09090909090909091
1560,simple festejo que gueba y ahi estan las consecuencias hay un dicho que dice el que por su gusto mue,9,0,0,0.0
1561,bla bla bla bla no se tiren gases de espuma es flamable y ya no vuelen se van a descalabrar tampoco ,13,0,0,0.0
1562,bajarle a la euforia ah pero que tal ponen un monton de seguridad cuando se manifiestan grupos peque,17,1,4,-0.17647058823529413
1563,de pelicula no tienen la imagenes reales familiares nada jajajajaja esto se esta saliendo de control,15,0,0,0.0
1564,drogas bandalismo y actos vergonzosos br esto debe parar br sean responsables un gran regalo para me,15,0,0,0.0
1565,q exajeran no es para tanto en fin se pasan estamos chupando agusto hay que comportarse pero quien c,11,0,0,0.0
1566,esos festejos ganamos ganamos ganamos como siempre cagandola no es pasion es solo priorizar el desma,13,0,0,0.0
1567,que necesita el gobierno gobierno inepto de morena que lamentable sra para que puso tanta pantallla ,13,0,0,0.0
1568,excusas entiendan esa celebracion fue un rito satanico se entregaron personas y bueno las personas q,12,1,0,0.08333333333333333
1569,directamente ya basta la idolatria vamos a tener un terremoto tambien aqui en mexico asi que prepare,11,0,0,0.0
1570,llenos de edificios va a pasar lo mismo que venezuela eso quiere el gobierno nunca voy a entender to,10,0,0,0.0
1571,que ya sabemos todos jugaron como nunca y perdieron como siempre controlar la euforia ya calmen sus ,11,1,0,0.09090909090909091
1572,trajedia quisieron estar en el desmadre pues a eso se arriegan nomle echen la culpa al gobierno puro,15,0,0,0.0
1573,medisas necesarias que pena por quienes perdieron a sus familiares pero que manera de comportamiento,13,0,1,-0.07692307692307693
1574,si estuvieran en casa y luego echar la culpa a otros de que la ciudad se inunde hay senores y senora,9,0,0,0.0
1575,corren peligro por el esastre que hacen las personas que alli van ellos mismos tuvieron la culpa por,10,0,3,-0.3
1576,nunca fueron responsables son cavernicolas ojala nos manifestaramos para reclamarle al gobierno sus ,15,0,0,0.0
1577,mal ya no entendieron br mil gatitos y perritos fueron asesinados por la senadora morenista mariel b,18,0,1,-0.05555555555555555
1578,seres que vergenza br segun cientifica y defiende lo indefedible br el estado mexicano ayer como hoy,15,0,1,-0.06666666666666667
1579,la ayuda de las madres buscadoras br a favor de la mafia de la fifa y su capitalismo salvaje y voraz,18,0,0,0.0
1580,y coca cola br prefiere casas de apuestas y de juegos de azar br prefiere que br la fifa imponga reg,18,0,0,0.0
1581,br caray amigos br se ve y se nota el cambio br los mismos satrapas en el gobierno las mismas ordene,17,0,0,0.0
1582,mes pasado prohibieron a la onu intervenir en mexico a favor de los desaparecidos pero porque a la f,12,0,1,-0.08333333333333333
1583,sus socios y empresas el alcohol las comidas chatarras y las casas de apuestas y juegos de azar si t,12,0,0,0.0
1584,patada por el cul o br por que br este gobierno de a ya encontro una mentira para que la gente no se,10,0,0,0.0
1585,supuestos fallecidos oiga compa andan diciendo los amarguetas quesque el fusbol no es mas que un pre,16,0,0,0.0
1586,br bajenle a la euforia y el alcohol unas rayitas que ya no gane mexico pobres no tienen cosas mejor,13,0,0,0.0
1587,ya la gente se pasa esa celebracion se me hace exagerada sera que no trabajan dicen que el que por g,7,1,0,0.14285714285714285
1588,nada mas quieren de m dr br que se hacen pues si nada mas quieren ir a estar tragando alcohol y hace,10,0,0,0.0
1589,tipo pero no entienden ni entenderan si se gana a inglaterra va a ser lo mismo lo negativo es sacar ,10,0,0,0.0
1590,les pasa esi pero andab de mitoteros las autoridades vocean cuando los lugares ya estan saturados pe,14,0,0,0.0
1591,el dedo y siguen creyendo que la seleccion esta capacitada para ganar en cuanto todo es comprado ala,13,0,0,0.0
1592,las cucharas sheinbaum y sus narco amigos de varios millines como diria borolas danos colaterales qu,16,0,1,-0.0625
1593,auto cuidado en mexico hay libertad y de expresion no se diga si no es puro wiri wiri que ambiente n,13,0,0,0.0
1594,a donde vayas y por donde camines si hay una empatia en las acciones se podrian evitar este tipo de ,11,1,0,0.09090909090909091
1595,en gratitud si estoy enfermo para wue voy a u lugar aai mejor en casa y quien los mando pero culpan ,12,1,0,0.08333333333333333
1596,estando ahi se pierde la percepcion delos movimientos y llega un momento en el que se empuja y cuand,8,0,0,0.0
1597,si voy a el angel o al zocalo pero nunca me meto hasta adentro festejo siempre desde un lugar mas de,9,0,0,0.0
1598,de las personas que les paso esto dios les bendiga ese espray blanco que avientan es asfixiante lo d,13,1,0,0.07692307692307693
1599,de condolencias si saben que habra tal tumulto por que no tienen un plan de accion millon nada mas e,8,0,0,0.0
1600,nada de eso br te das cuenta que no tienen educacion gente tan irresponsable es culpa de cada quien ,9,1,0,0.1111111111111111
1601,aglomeraciones son altamente peligrosas alli estan los resultados saludos a san pedro puro idiota lu,17,0,0,0.0
1602,en un gran festejo que es de todos solo por no comportarse y tomar en cuenta que tambien hay ninos g,11,0,0,0.0
1603,cerveza y empiezan a empujarse sin ningun respeto a nadie y valiendoles si se cae alguien por eso pa,10,0,0,0.0
1604,listos no cabe un millon serian unos y por que no informan de la estampida que hubo y la cifra real ,11,1,0,0.09090909090909091
1605,y que sean privados para asi evitar estas tragedias mas vale la vida plena que la alegria de unos mi,12,0,0,0.0
1606,pues el gobierno no ayuda en absolutamente nada pura farsa para el pueblo todo esto es la falta de e,10,1,3,-0.2
1607,hacer desmanes y no medir las consecuencias otro es la falta de atencion de este gobierno que deja q,8,0,3,-0.375
1608,que seamos tan primitivos y que lejos de avanzar como ciudadania y personas pensantes estamos tenien,12,0,0,0.0
1609,la ley seca de nada le sirvio implementar disque mas normas hagamos otra reflexion no podemos seguir,16,1,1,0.0
1610,no sabemos ganar no sabemos comportarnos y acabamos haciendo estas estupideces ibamos muy bien ir es,12,1,0,0.08333333333333333
1611,ciega y no toman las precauciones de cuidarse hay mama ahora para que se les quite cierren el paseo ,12,0,0,0.0
1612,de borrachos una ceremonia el festejo en el zocalo lluvia de miados y oler pedos ya saben a que van ,12,0,0,0.0
1613,les tocaba ni pedo se fueron contentos no se expongan eso esta mal ademas levanten la basura br no v,13,0,2,-0.15384615384615385
1614,con calma felices por quien gane aja y la o el que pone el video lucrando por las muertes ai si no h,13,0,0,0.0
1615,en el angel fue millon aproximadamente en todos los sitios de la cdmx al final el gobierno de la ciu,12,1,0,0.08333333333333333
1616,mayoria de los asistentes no tienen educacion ni cultura es el culpable clarita brugada no puedo hac,11,1,0,0.09090909090909091
1617,cuando llegas y vez que hay muchisima gente lo mas logico es que te retires no lo hicieron y ahi est,9,0,0,0.0
1618,comerciante tambien deberian de hacerlo viral este gobierno han sido culpables del deterioro social ,12,0,0,0.0
1619,pueblo pan y circo para desviar la atencion de tanto desastre en el pais y que festejan como si les ,12,0,0,0.0
1620,vida llena de inseguridad y corruption a aguantar narcos y desapariciones que facil les lavan el cer,18,0,2,-0.1111111111111111
1621,irresponsable aqui hay un responsable el gobierno de la cdmx escuchas brugada hay personas que ni si,13,1,0,0.07692307692307693
1622,reaccionan de una forma exagerada hay que tener cuidado estar en medio de la multitud no es cualquie,12,0,0,0.0
1623,respirar mas si eres bajit cuidense cuando vayan a ir a esas manifestaciones de alegria que se puede,12,0,0,0.0
1624,la cagamos de seguro eran surenos veamos el mundial desde la comodidad y seguridad de nuestras casas,15,1,0,0.06666666666666667
1625,br br pero por favor pensemos y seamos responsables br desde nuestras casas br br refrescos comidas ,17,0,0,0.0
1626,br vean el mundial en su casa br br eso es la solucion y la propuesta que hacemos los ciudadanos nad,12,0,0,0.0
1627,toda estas festejan ay otras personas sufriendo como las madres buscadoras y que la mendi de claudia,10,0,0,0.0
1628,merecen nex se cumple lo que la biblia dice el mundo os aborrecera por que si fuerais del mundo el m,10,0,0,0.0
1629,tambien a vosostros os aborrecera cuando uno le predica a la gente se enojan hablan mal pero cuando ,12,0,1,-0.08333333333333333
1630,se portan muy salvajes solitos se lo buscaron murieron felices con su fanatismo definitivo no mas mu,15,0,0,0.0
1631,debe aprender a comportarse primero son cavernicolas todavia el exeso de alcohol es malo jovenes no ,12,0,0,0.0
1632,mecha porque si el zocalo ya esta a reventar porque las autoridades no estan al pendiente de que ya ,9,1,0,0.1111111111111111
1633,no provocar estas tragedias po el exceso de gente debe haber mas vigilancia que a pollen a todas las,12,1,0,0.08333333333333333
1634,pasa nada uno mas uno menos que siga la fiesta y no son los primeros ni seran los ultimos el mundial,7,0,0,0.0
1635,pero para que arriesgarse no me gustan las aglomeraciones evitenlo por favor de seguro van a ser ind,12,0,0,0.0
1636,hay mucha gente para que van no entiendo a la gente eso es problema de las personas ellos saben que ,11,0,0,0.0
1637,a quien se le ocurre ir a celebrar donde ya saben se reunen una bola de cavernicolas irresponsables ,11,0,1,-0.09090909090909091
1638,se la lleven con mas moderacion no puede volver a pasar otra tragedia esto ya es un fanatismo mortal,8,0,0,0.0
1639,moderado en todo que lamentable a ver si asi aprendemos es que la verdadb que irresponsables son par,11,0,0,0.0
1640,cerveza a toda velocidad ya todos tomados y no se ponen a pensar en que con tanta gente y tanto alco,11,0,0,0.0
1641,muere puro fanatismo el fanatismo presente en esta trajedia para hacer una oracion a dios no les sal,13,0,0,0.0
1642,entregan hasta la vida cuantos mas claudia sheibaum cuantos mas amlo br todo es culpa de ellos la fa,16,0,3,-0.1875
1643,ahi estan las consecuencias mejor que ya no permitan el festejo en esos lugares y que lo vean en su ,9,0,0,0.0
1644,tsss pues culpa de ellos fue no de los demas ya es responsabilidad de cada quien esta bien por andar,7,0,0,0.0
1645,su casa o viendo que pasa en el mundo y su pais ay nos tienen envergados con futbol pobre de mi les ,11,0,0,0.0
1646,madre y cada vez va mas gente donde se les ocurre que va a caber tanta gente seamos mesurados no dej,11,0,0,0.0
1647,suprimir los excesos por nuestra propia seguridad culpa de sheinbaum el chiste de los noticieros cha,12,1,0,0.08333333333333333
1648,ecuatorianos tambien son chayoteros dicen que los narcos los hicieron perder van bajo su propio ries,11,0,2,-0.18181818181818182
1649,para sus familias vean documentales de multitudes religiosas en india cientos de muertos porque es i,17,0,1,-0.058823529411764705
1650,similar como corren se aplastan unos con otros a festejar en casa no se expongan es la mismo en cual,9,1,0,0.1111111111111111
1651,copa osea a que van si ya saben como se pone y mas si estan enfermos no es culpa de nadie y solo res,8,0,0,0.0
1652,estos eventos con tanta gente rip muy triste y la policia y militares atemorizando a las madrecitas ,16,1,1,0.0
1653,interesa mas intimidar mas a las madrecitas que el orden d e p los jovenes fallecidos heridos y much,11,0,2,-0.18181818181818182
1654,todo todos esos acontecimientos son obra de lopez como dice rafael loret de mola a loretote prubas f,14,0,0,0.0
1655,que haber ofrenda humana deberian de prohibir esos festejos no es para tanto festejar un triunfo de ,13,0,1,-0.07692307692307693
1656,que nos falta ver en este pais es horrible cuando gran multitud se cierra sobre uno no se puede resp,10,0,3,-0.3
1657,toda la gente para que no los apachurren yo por eso vi el juego en mi casa en mi sillon mis cheves y,11,0,0,0.0
1658,nada simplemente es un pretexto para hacer estpidces no es para tanto un deporte tan sencillo ah per,13,0,0,0.0
1659,festejar br la gente tambien es imprudente ya no se avienten y no se apachurren estaria interesante ,13,0,0,0.0
1660,medicos servicios funerarios y vacantes para varios mas qepd tiene la aficion que moderarse y evitar,13,0,0,0.0
1661,hay logistica consciencia ni seguridad para nadie todos borrachos y euforicos que podria salir mal i,14,1,1,0.0
1662,mexicano ante la des rucc n del pais ni modo se fueron felices en paz descansen la gente se pone loc,14,0,0,0.0
1663,saben lo que les puede pasar cada quien decida si quiere ir a ver si es su ultimo dia eso pasa cuand,7,0,0,0.0
1664,que endejos debio haber puesto mayor seguridad y de hecho poner un limite para quienes pudieran esta,14,1,0,0.07142857142857142
1665,tipo de festejos quitar el consumo de alcohol y llevar un control en los lugares de la cantidad de g,12,0,0,0.0
1666,los dos asesinados en morelos por narcos donde veian el partido no hubo instinto de supervivencia pe,16,0,1,-0.0625
1667,que incluso durante la celebracion de un evento mundial el estigma de muerte de nuestro pais no pued,14,2,0,0.14285714285714285
1668,aprende de las tragedias que han pasado en el mundo y siguen con tanto festejo sin controlar sus emo,11,0,0,0.0
1669,en mexico si es la quot mejor quot aficion del mundo si es culpa de la gente que van solo a echar de,13,0,0,0.0
1670,toman y agreden esto se les esta saliendo de control almismisimo gobierno a meter goles en el cielo ,15,1,0,0.06666666666666667
1671,calculado la cantidad de personas que podian ingresar a un limite puro animal va a esos festejos com,15,0,0,0.0
1672,los muertos de yautepec no hay educacion en este pais es consecuencia de la gente efusiva irresponsa,11,1,1,0.0
1673,clara brugada no pidio dinero para donaciones para las familias como siempre lo hace en este tipo de,12,0,0,0.0
1674,para que van gente nayor y enferma no es culpa del gobierno si van a festejar cuidense tambien hubo ,11,0,0,0.0
1675,en el metro que estuvo hasta la vrg de lleno hubo mucha gente sofocada ecuador debe estar feliz por ,13,0,0,0.0
1676,pero les encanta la adrenalina ya ni vayan al zocalo a ninguna invitacion las aglomeraciones es lo q,12,0,0,0.0
1677,enfermas que se atreven a acudir a estos lugares deben de tener mucho cuidado porque en esos eventos,7,1,0,0.14285714285714285
1678,relajo mejor ver lo desde tu casa mejor aun ponerse en un lugar mas seguro y no meterse entre tanta ,10,1,0,0.1
1679,publicos masivos organizados por la iniciativa privada o por el gobierno estan sujetas a medidas de ,14,1,0,0.07142857142857142
1680,el gobierno incentivo la asistencia al colocar pantallas y generar un ambiente de participacion si l,15,1,0,0.06666666666666667
1681,se alocan no pueden festejar decentemente a fuerzas tienen que estar haciendo desman y medio saludos,12,0,0,0.0
1682,sin tomar o bien tomar con moderacion y retirarse temprano neta que pateticas eres jajajajajajaja cu,14,0,1,-0.07142857142857142
1683,veia venir tan solo veia como echaban espuma blanca en la cara a la gente y me daba ansiedad de tan ,13,0,0,0.0
1684,su pantalla yo veo aqui comentarios de pura gente amargada para eso es la vida para divertirse y dis,11,0,0,0.0
1685,pase que se quede en su casa y asunto resuelto ya les tocaba no digan mamadas si mexico gano para qu,14,0,0,0.0
1686,prianistas ni a trump ni netanyahu les pasa esto por gatos no han ganado mas que un partido mas y ya,10,0,0,0.0
1687,cancer el mismo gobierno promueve y permite esos eventos masivos si bien es responsabilidad de las p,12,1,0,0.08333333333333333
1688,no poner un orden por parte de gobierno no es de extranarse hay muertos por todos lados su simple ex,10,0,1,-0.1
1689,su dueno br rotchild ya van a empezar les digo que nada les embona entonces que quieren que no feste,9,0,0,0.0
1690,del gobierno es responsabilidad de cada uno tzzz yo por eso festejo a gusto en mi casa con mi famili,11,0,0,0.0
1691,a desir que es culpa de la presidenta claudia clara embrujada luto para a esas gentes para la demas ,12,0,0,0.0
1692,ya estuvieron en el momento no menos oportuno y san se acabo next lo que sigue bye el comportamiento,11,0,0,0.0
1693,comportarnos de manera tan tonta no es tragedia van porque quieren mmm no creo tristes noticias lo l,12,0,0,0.0
1694,capacidad de amendrentrar a los padres buscadores que a los idioras que salen hacer pendejadas ojala,15,0,0,0.0
1695,los cabos y ahora eeto que somos que pena por las personas fallecidas con esto se demuestra que no s,10,0,0,0.0
1696,nos falta mucha cultura y seriedad debieron haber bebido mucho ay como dijo juan gabriel pero que ne,14,0,3,-0.21428571428571427
1697,puro idiota va a esos eventos de cagada recuerdan que subieron un video en donde a veces es porque a,12,1,0,0.08333333333333333
1698,en su cuerpo o alguna enfermedad o padecen del corazon pero la verdadera realidad es que la felicida,10,0,0,0.0
1699,lamentablemente tal vez ya no aguantaron si tiene problemas medicos deben evitar aglomeraciones debe,10,0,0,0.0
1700,por futbol br que lamentable noticia hasta un rayo les llego ni asi entendieron parecian gomorra y s,14,0,0,0.0
1701,factura dios los bendiga oracones por los afectados desafortunadamente esto para el domingo ya se ol,15,0,1,-0.06666666666666667
1702,celebraciones alguien esperaba algo diferente con la mentalidad de los mexicanos agradezco que no ha,14,0,0,0.0
1703,y emocionalmente desequilibrados br ni siquiera ganaron la copa mundial y ya algunos entregaron su v,13,0,1,-0.07692307692307693
1704,que hay otras opciones para ir a festejar y pues si estan viendo que ya esta muy lleno pues quedarse,9,0,0,0.0
1705,ayer durante el partido en yautepec morelos y en sinaloa ven como esta el pais que se esta callendo ,12,0,0,0.0
1706,que la situacion del pais en los comentarios veo dos cosas br gente politizando el tema br gente dic,14,0,1,-0.07142857142857142
1707,hace gracioso porque el fanatismo politico es aun mas peligroso pero de ese si no dicen nada que ver,8,0,1,-0.125
1708,esta pesima actitud ojala pierda la seleccion parece que nunca salen br gente muerta una naca lanzan,17,0,0,0.0
1709,porque no se dejo agitar no es culpa de los eventos es la falta de educasion de las personas que se ,10,1,3,-0.2
1710,bola cada quien es responsable de sus actos la educasion viene de la casa muchos se quieren suvir a ,9,0,0,0.0
1711,condiciones fisicas para acerlo y luego andan llorando cuando se lastiman lamentable estas perdidas ,14,0,0,0.0
1712,ni autocontrol lo siento pero para que andan en esas multitudes de gente y se comportan como si fuer,10,0,0,0.0
1713,mexicano y me da gusto que gane mexico pero hay que ser resposables y no andar asiendo vandalismo to,14,0,1,-0.07142857142857142
1714,x hacer sus festejos y bailes delante de su baal es lo malo tragedia para algunas personas desafortu,14,0,0,0.0
1715,pantallas a diestra y siniestra por toda la ciudad br en la inauguracion no querian que salieramos y,13,1,0,0.07692307692307693
1716,porque tiene que morir persinas por festejar es incoherente necesita mexico despertar en conciencia ,15,0,0,0.0
1717,otro le parten la cabeza br mexico nunca estuvo preparado para estos eventos si nuestro nivel civico,13,1,0,0.07692307692307693
1718,es responsabilidad de cada quien en el zocalo esta mas controlado y aun asi ls gente no entiende y r,13,0,1,-0.07692307692307693
1719,proximo domingo ya se habian tardado en publicar con tal de joder ala t por algo existen los estadio,11,0,0,0.0
1720,fomentar esas aglomeraciones absurdas sin consecuencias como ahora es prohibitivo asistir a los part,15,0,0,0.0
1721,ya que horror es fanatismo grotesto el gobierno no deberia permitirlo y por que no suspenden esta mi,14,0,0,0.0
1722,la ambicion de la fifa y la gente decerebrada feliiiiiiz al primer fall cid al primer disturbio vamo,13,0,0,0.0
1723,lo que quieren es a su familiar sano y salvo no es posible que salgas a celebrar y tu gobierno no se,10,0,0,0.0
1724,y la gente mas parecen animales que verguenza ya sra brugada y sra claudia shembaum entiendan que la,15,0,0,0.0
1725,toque de queda haber en que estrategias piensan para controlar a toda esa aficion esquizofrenica se ,13,0,0,0.0
1726,bien comodas pero tambien presten atencion a esto ya mundial ya acaba por favor en otro reportaje se,11,0,0,0.0
1727,tipo de tragedias cuando existen aglomeraciones masivas han dejado accidentes mas graves por ejemplo,12,0,0,0.0
1728,arabia saudita en esta ultima murieron mas de personas br br espero que los festejos continuen pero ,13,0,0,0.0
1729,seres queridos la verdad mexico no tiene la civilidad aun para festejar con responsabilidad lo bueno,12,0,0,0.0
1730,como borregos a festejar br que festejaron por favor asi deberian de protestar para sacar a morena q,14,0,0,0.0
1731,de eventos en mexico jamas habia pasado tampoco pudo con esto el gobierno de mexico lamentable el co,12,1,0,0.08333333333333333
1732,volvio politico lamentable el gobierno que tenemos jamas habia pasado como les gusta ser violentos m,17,0,0,0.0
1733,elegir a los mejores gobernantes del mundo br claudia sheinbaun pardo br y amlo vivia t viva morena ,19,0,0,0.0
1734,no las hay salga y viva fuera de su burbuja de oro y vera la realidad senora siempre y cuando no te ,11,0,0,0.0
1735,desaparezcan fuera de eso es seguro aqui no hay problema los carteles son bien amables y ya con eso ,12,0,1,-0.08333333333333333
1736,a los jovenes para reclutamiento forzado para los carteles es una locura no pues ya se quedaron los ,12,0,1,-0.08333333333333333
1737,las personas comunes b la ultima vez que salio a caminar la manoceo un tipejo que de hecho sigue pre,12,0,0,0.0
1738,millones de pesos pan y circo mexico lindo y querido hay que aprovechar estos ultimos momentos de tr,14,0,0,0.0
1739,q de lo queden ellos y los idiotas llendo en vez de exiguir medicina hospitales seguridad medicinas ,12,1,0,0.08333333333333333
1740,nelota las pantallas los atienden o las tortas focasaplaudidoras o las croquetas y unas monedas disf,15,0,0,0.0
1741,ahi y informa en sus celulares ya tienen sus pantallas asi si esta agusto la perrada con perdon de l,9,0,0,0.0
1742,madres buscadoras maestros ni otras causas que asco y vergenza me da la aficion gente descerebrada a,14,1,1,0.0
1743,que les ponen pantallas que lo en en su casa don muy sucios dejan sucio no tienen cultura de llevar ,11,0,3,-0.2727272727272727
1744,contenedor de basura para eso si ay dinero a nadie le importa mexico va terminar perdiendo nunca gan,14,0,1,-0.07142857142857142
1745,circo para los simios entre mas dormidos esten es mejor para el gobierno uffff br pero la violencia ,15,0,3,-0.2
1746,fifi fifa no hay dinero para comprar medicinas pero si hay dinero para pantallas carla burrada usa e,15,0,0,0.0
1747,ciudad de mexico ya basta br largate a tu tierra guatemala hola hay presidenta no es prioridad esas ,17,0,0,0.0
1748,ya les quedo bien claro que hay dos cosas que los mexicanos no tenemos ni queremos tener miedo y emb,8,0,0,0.0
1749,mexicano pinche vieja siempre cagando el palo enfoques de cuidar el pais no en otras mamas ecuador t,16,0,0,0.0
1750,a href a href a href a href cual ley seca si manana es cuando mas toman los mexicanos faltaron ataul,15,0,1,-0.06666666666666667
1751,ver la parte de donde sacan al criminal de nuestra embajada con el partido que se avecina br mexico ,14,0,1,-0.07142857142857142
1752,paso paraguay ganandoles a los alemanes con un equipo medio medio asique ecuador pone en su lugar a ,16,0,1,-0.0625
1753,su inepto y estupido presidente mientras este wey se la vive paseandose en gringolandia por el mundi,17,0,0,0.0
1754,llegan asi se van llorando porque va a ganar mi mexico quien es ecuador soy mexicano pero gane quien,10,0,0,0.0
1755,solo un juego y ganen o pierden uno no gana nada pero que desmanes hacen todos pues si y mas si medi,9,0,0,0.0
1756,va perder ban aperder manana jugamos como nunca perdimos como siempre uuuu jjuuu juju nos toco papit,15,0,0,0.0
1757,que se refieren con quot estampida quot exploto algo miriam urzua directora de proteccion civil es l,16,1,0,0.0625
1758,sus resultados son mu s y desastre mediocre chilena carronera con antecedentes delincuentes en su pa,13,0,1,-0.07692307692307693
1759,tiene hace anos lo bueno que ya qcabo esta mierda y los simios no van a festejar mas que bueno que m,11,0,0,0.0
1760,y esta mamada d noticia sin audio que y pensar que a los que no nos gusta el futbol nos llaman quot ,13,0,0,0.0
1761,loca y pendeja que uno desde que esta la disque quot presidente quot se ha incitado a la aficion aun,9,0,0,0.0
1762,florero ojala se aplasten puros carteristas pero esto casi no se comenta sacan mas al pato en las no,14,0,0,0.0
1763,manada de bestias es increible como este mexico tiene aun tanta gente ignorante e irresponsable nada,13,0,0,0.0
1764,peligroso un millon mil simios q trsteza para las familias aqui en casa no nos gusta el fut bol asi ,12,0,1,-0.08333333333333333
1765,futbol y el patrioterismo mi mas sentido pesame a las familias que perdieron a un ser querido lament,13,0,0,0.0
1766,le dije que no me dijo que nunca lo dejaba ir a nada que era una exagerada y que queria ir con excom,9,0,0,0.0
1767,lacerado de la espalda y cadera obviamente cuando lo vi me espante y pregunte que le habia pasado me,11,0,0,0.0
1768,por gente sus amigos le ayudaron a salir de ahi sin un tenis lleno de lodo y les costo mucho ponerse,13,0,0,0.0
1769,aventaba y gritaba como desquiciada se disculpo conmigo y me dijo lo arrepentido que estaba de haber,10,0,0,0.0
1770,agradezco a dios por haberle salvado la vida se que la euforia de festejo es muy grande pero nada va,11,0,0,0.0
1771,siquiera por el bien propio creo que se veria fenomenal que las calles de la ciudad se llenaran de g,11,1,0,0.09090909090909091
1772,tranquila respetuosa y alegre los salvajes en su estado puro ya no se les pide que sean inteligentes,12,0,0,0.0
1773,gente igual simios sueltos que triste la gente de mexico no sabe celebrar sin cerveza eso hace tomar,17,0,0,0.0
1774,es ya campeon esa es la logica de estas campanas mediaticas que pretenden manipular con el fin de co,13,0,0,0.0
1775,cree a fe ciega que la soberania y la libertad residen en un balon de fut bol solo se persigue aumen,14,1,0,0.07142857142857142
1776,de empresarios codiciosos br como puede haber felicidad si hay violencia y muerte br mexico debe ser,14,0,1,-0.07142857142857142
1777,menos el dano a la sociedad y al deporte por estas y muchas mas muertes por la violencia del aficion,11,0,1,-0.09090909090909091
1778,manos de mafiosos dentro de la fifa y las federaciones lo han convertido en un aparato de control o ,10,0,0,0.0
1779,afirmacion esta bn que festejen pero no exajeradamente y no este mas jente de lo que no pueda ser se,7,0,0,0.0
1780,mejor en casa y mas comodo no salgan a tener problemas o a volver a poner en peligro sus vidas en ve,13,0,2,-0.15384615384615385
1781,bueno por pendejos puro pendejo va a esas estupideses muchos idiotas van a festejar algo que ni les ,10,0,0,0.0
1782,tener que depender de otras cosas para tener sentido su vida prohibir el alcohol en paz descansen kb,11,0,0,0.0
1783,neurona para andar metido en esos p nches lugares con puro simio y rata que desorganizado este event,16,1,1,0.0
1784,militares organizando la ultima vez que estuve en un masivo en el zocalo fue con interpol y jamas de,11,0,0,0.0
1785,no tienes a donde caminar no te puedes mover no puedes respirar un caoooos falta isaias siempre segu,12,0,3,-0.25
1786,pendejos si cdmx me da asco por tanta gente con este incidente confirmo lo que pienso es un asco de ,15,0,0,0.0
1787,chapultepec simios en estampida se hubieran muerto mejor las que andan de zorras besandose con cualq,15,0,1,-0.06666666666666667
1788,que no conoces no se expongan puro alienado por una pelotita girando lamentable situacion a poco pas,14,0,0,0.0
1789,luego dicen que somos un desmadre y viva mexico cabrones y nuestra calidez sin duda mexico desarroll,15,0,0,0.0
1790,exponer su vida por un juego seleccion natural asi o mas p nd jos estos que festejan de forma incons,14,0,0,0.0
1791,celebraciones que feo que terrible a quien se le ocurre llevar ninos y verlos de lejos y no estar ah,12,0,0,0.0
1792,manden ejercito y de la naval que gente tan imprudente como dan prioridad a un festejo que a una vid,13,0,0,0.0
1793,manera tan estupida de perder la vida no entiendo que ganan con hacer esa estupidez esto ya ha pasad,12,0,0,0.0
1794,diablo un diablo hay un diablo hay br a que se refieren con eso en mexico suena la alarma sismica en,11,1,0,0.09090909090909091
1795,por el temblor en serio una tragedia pudo ocurrir el sub desarrollo en su mas decantada expresion po,13,0,0,0.0
1796,alguien todos hay son una bola de idiotas br para que festejar de esa manera los chilangos son todos,13,0,0,0.0
1797,de cagada br son unos idiotas retrasados no entiendo como los chilangos piensan asi de esa manera ta,13,0,0,0.0
1798,como se descompondran malditos tarados animales puercos estupidos brutos neardenthales cerdos ante c,16,1,0,0.0625
1799,su alrededor se comportan con una inconciencia a lo que puede suceder por sus propias acciones si es,8,1,0,0.125
1800,de sgra c ad s animales en este momento se estaran riendo en sus casas por lo que provocaron naa mam,10,0,0,0.0
1801,controlar la aglomeracion de tanta gente pobre mujer son gente enferma y danada mentalmente hay much,19,0,0,0.0
1802,viciosos briagos ridiculos pan y circo lamentable dep por eso no voy a eventos donde hay grandes mul,12,1,1,0.0
1803,se descontrola lamentables las muertes de estas personas descansen en paz un millon cuatrocientos de,14,0,0,0.0
1804,angel o zocalo puro delincuente de ecatepec q bueno para q aprendan a comportarse animales salvajes ,15,0,1,-0.06666666666666667
1805,restaurante con poca gente ni pedo ya se pelaron al otro mundo lo importante para el tipico mexicano,13,0,0,0.0
1806,que los pensantes si fueramos una sociedad responsable no tendriamos un narco gobierno con tantas pr,12,0,1,-0.08333333333333333
1807,fanaticos imbeciles gobierno indolente irresponsables que llevan a sus bebes eso fue provocado ese g,18,2,0,0.1111111111111111
1808,ahi su sacrificio humano y la seleccion le vale o no sabe gobierno de cuartam sigan con sus pendejad,10,0,0,0.0
1809,descagalados jijijijiji era lo que querian la estupidez es como la gripa altamente contagiosa si bue,15,0,1,-0.06666666666666667
1810,el domingo y salven su vida no como es mexico si ganan el mundial capaz y se matan entre si mismos q,10,0,0,0.0
1811,gusto muere es como ahogarse en un mar pero de personas br que desesperante por este tipo de situaci,13,0,0,0.0
1812,pendejo deberia la seleccion darles un buen villete por la desgracia asus familiares aunque eso no r,16,0,0,0.0
1813,el futbol que una vida y luego no quieren que les digan animales quien los manda a exponerse al peli,11,0,2,-0.18181818181818182
1814,y al acarreo pensaron que les iban a dar tortas y chescos no lo vieron venir a ver cuantos hay el fi,10,0,0,0.0
1815,ver el partido de mexico vs inglaterra desde arriba con san piter pues les salio barato esta locura ,14,0,0,0.0
1816,sucedido a href clausurar estos lugares con una ch ng d corrijan sus audios todo por poner pantallas,14,0,0,0.0
1817,ausencia proteccion civil moraleja cuando vean verbena a tope mejor alejense se lo que es estar en m,12,1,0,0.08333333333333333
1818,cayo el celular la cartera o te pisaron y te aflojaron el zapato dejalos ahi porque si te caes ya sa,15,1,0,0.06666666666666667
1819,zsiste a esto che gobierno en lugar de controlar mandando a policias les vale queso aaaaaa pero no f,14,0,0,0.0
1820,gendarmes x eso es que mexico no debe ganar el mundial aunque de ahi soy pero fueron mas los buenos ,11,0,1,-0.09090909090909091
1821,los unicos responsables son ellos mismos nadie los obligo a ir les gusta el desmadre y la tomadera e,8,0,0,0.0
1822,menos voy a exponer la vida de mis hijos vamos por mas sacrificio me pregunto como es posible tanta ,9,0,0,0.0
1823,explosiones de gente alcoholizadas y muy probable hasta drogadas esto es lo que llega a suceder que ,12,0,0,0.0
1824,hace muchos anos cuando el gobierno utilizaba el futbol y las comedias para distraerte a las persona,10,0,0,0.0
1825,necedad de estar asta delante no se escucha bien el video siempre se ha visto pero los tontos no lo ,11,0,1,-0.09090909090909091
1826,la fifa y cuando no hay fanaticos tarados como todos esos br osea que nunca ha existido en los tiemp,12,0,0,0.0
1827,de todo lla para que digo mas y llevan hasta ninos a esta clase de eventos que irresponsables la ver,10,1,0,0.1
1828,nacos k no tenian para los boletos fueron al angel hacer sus pendejadas br por favor no asistan con ,13,0,3,-0.23076923076923078
1829,salga a decir que fue culpa de calderon son unos pendejos los mexicanos borrachentos son como cavern,15,0,0,0.0
1830,un partido que ni jugaste y si ganan no te toca nada del premio todo por un partido lo bueno que el ,10,0,0,0.0
1831,para que no se manche su mundial de mierdx por eso somos la burla de otros paises que felicidad vive,12,0,0,0.0
1832,con su diabolico fanatismo e idolatria cada dia mas olvidados del altisimo dios verdadero que es el ,11,0,0,0.0
1833,el domingo se va a poner peor el desvividor de un mexicano es otro mexicano tener poca empatia no se,8,0,0,0.0
1834,son peor que un s kario y de la viol nc a de la q tanto se quejan si realmente quieren que en mexico,11,0,0,0.0
1835,esa manada que le valio ver a una persona asi pudiendo estar en su casa acodtadas viendo desde su ca,16,0,0,0.0
1836,vida gobierno inepto para tomar control de multitudes y alli diganle pan y circo en otros paises nos,17,0,0,0.0
1837,creen que les hubieran agredido con esa euforia falta una depuracion aqui nada mas ni nada menos el ,11,0,3,-0.2727272727272727
1838,a festejar en el centro historico cdmx puros actos vandalicos para que van a esos lugares mejor en c,15,0,0,0.0
1839,dar algo cuando pusieron el anuncio de retraso del partido comenzaron a empujar senoras cayeron fren,12,0,1,-0.08333333333333333
1840,atras de mi cayeron de a personas en mi espalda momento que aprovecharon para sacarme el celular y l,12,0,0,0.0
1841,robarte pero hey quot gano mexico quot que importa lo demas por eso conviene que mexico ya no siga g,15,0,0,0.0
1842,nadie que bonito se matan entre idiotas viva morena y los que siguen el domingo a lo mejor si alguie,12,0,0,0.0
1843,y se salva de morir por eso mejor ni ir hay muchos simios quot festejando quot que tristeza pche gen,14,0,0,0.0
1844,muchos estamos recordando por que odiamos esa cultura futbolera violenta egoista y stup d mexiquense,15,0,0,0.0
1845,se lo buscan ella va a festejar el triunfo de su disque seleccion pero la seleccion mexicana no la v,9,0,0,0.0
1846,sus festejos y si mueren murio por alguin que no le importa pero asi todos los ridiculos que van men,9,0,0,0.0
1847,videos de estas noticias quitaron la funcion de mandar mensajes puros inventos lo increible es que h,15,0,0,0.0
1848,de irse a meter al angel cuando sabemos que se llena de orangutanes pues triste por la familia de lo,9,0,0,0.0
1849,en mexico les dicen no hagan eso y mas lo hacen pues ojala ya no vuelva ocurrir una desgracia igual ,13,0,0,0.0
1850,ponen en riesgo sus vidas br ahora entiendo los memes que disen que somos los mexicanos br pero en r,14,0,1,-0.07142857142857142
1851,igual el caso del conductor que lincharon y madrearon a su mujer e hijas de y anos br a la menor la ,13,0,1,-0.07692307692307693
1852,deserebrados br salvages br igual agrediendo a la selecion de ecuador hijod de su madre es mucha imp,14,0,2,-0.14285714285714285
1853,inminente y el riesgo de su autodestruccion le vale verga su integridad y eso que somos seres racion,12,0,1,-0.08333333333333333
1854,es hora presidenta ya mejor q kiten el angelll puros difuntos coshami la emely parece hombre eran ho,18,0,0,0.0
1855,viva mexico viva mexico lindo y pendejo jajaja no pueden asegurar un tigre con todo el dinero que se,15,0,0,0.0
1856,duda b a href muy buena la creatividad en las redes sociales b es un asesinato ignorante no asesinos,16,0,1,-0.0625
1857,de mi estado una tragedia para la vida silvestre la ignorancia sobre el manejo correcto de un felino,11,1,0,0.09090909090909091
1858,supuestamente protectoras de la misma y como siempre no habra culpables tanto activos como pasivos d,13,0,0,0.0
1859,futbol los vamos a enterrar con honores y la fifa y la seleccion de mexico de futbol va a pagar un d,11,0,0,0.0
1860,paz descansen en la gloria de dios jesus a y las cervezeras y tequileras tambien les van a mandar un,10,0,0,0.0
1861,o me van a decepcionar a mi y repito una ves mas tomen cerveza y tequila pero no manejen autos parie,13,0,0,0.0
1862,dios jesus ya con tenemos para que sufrir mas y porfavor no corran festejen con los pies en la tierr,10,0,0,0.0
1863,mexico contra britanicos que ruede el balon yo creo que mexico gana muy lamentable pobre gente pero ,15,0,0,0.0
1864,puede pasar eso tambien hay quitar el amarillismo de los canales de tv ya se salio de control y nada,11,1,0,0.09090909090909091
1865,exponen su vida y peor aun a los menores de edad ya basta de locuras no es festejo es pretexto les v,12,0,0,0.0
1866,se vana poder sentar una semana wow y porque tanta algarabia si ni siquiera han ganado el campeonato,13,0,0,0.0
1867,campeones bola de inutiles en el quot gobierno quot cuando los mexicanos toman alcohol de grados les,16,0,0,0.0
1868,hasta sobre su mama y ahora q se la van a pelar y nadie va a ir van a reforzar no seas indolente si ,7,0,0,0.0
1869,tu hermano todos unidos podemos festejar con paz y alegria dale la mano a tu hermano o hermana no le,13,0,0,0.0
1870,montajes y los infiltrados en los festejos un millon de personas cuantas personas por cada millon mu,19,0,0,0.0
1871,son un canal intimexicano simpre dabdi mala publicidas a mexico cabal chayotera de desinformacion me,21,0,1,-0.047619047619047616
1872,q no sabes ni cuantos anos lleva la izquierda de gobierno q burro que raro que pase esto mientras la,11,0,0,0.0
1873,se acostumbro a pasar por estas dificultades con gobierno de derechas ni siquiera habria metro todav,13,0,1,-0.07692307692307693
1874,y saqueo y un pinche viejo tiene la culpa de todo solo por un sexenio que tuvo de mandato literal pa,10,0,0,0.0
1875,lugar de los que si lo hicieron durante anos o mas wue rapido se olvidaron de ellos la carga mas pes,8,0,0,0.0
1876,mantener una familia ser proveedor y cuidar a toda una familia trabajando todo el dia nunca ha sido ,10,0,0,0.0
1877,a estas personas son a las que deberian dar los apoyos sociales porque la situacion no les permite h,9,0,0,0.0
1878,estudian pero bien que estiran la mano para sacra el dinero de las becas y luego solo sirve para nad,9,1,0,0.1111111111111111
1879,a trabajar vedisines a la las remodelaciones dan la conclusion de un proyecto que nos esta beneficia,10,0,0,0.0
1880,todos primero es el pueblo luego ya los demas no se confundan que morena transende sigamos la transf,10,1,0,0.1
1881,me da muho gusto en you tube benerice quot si saben como me pongo para que me invitan quot felicidad,18,0,0,0.0
1882,y equipos de trabajo felicidades clara me encanta la mascotita saludos clara estoy feliz estoy conmo,14,0,0,0.0
1883,muy prometedor la que tuvimos que cuidar a familiares desdes ninas savemos lo que es truncar estudio,13,0,0,0.0
1884,querida clara brugada y a los diputados y diputadas todo mi apoyo a la jefa de gobierno clara brugad,13,0,0,0.0
1885,cantidad de personas br falta mucho por hacer pero estoy segura que hasta el ultimo momento ella luc,9,0,3,-0.3333333333333333
1886,estan bocoteando de mas de millones de habitantes y no hay ni un comentario todob el apoyo sra jefa ,12,0,0,0.0
1887,la rebeldia y no en la dedicacion y sacrificio de las mujeres br no es entendible su fundamento enho,18,0,0,0.0
1888,a la ley seca solo durara partido mas tal vez no prohibieran el alcohol si se comportaron como seres,12,0,1,-0.08333333333333333
1889,mejor programa del mundo jajajjaajajajajaja como puede ser br me encantan muchachos como animales co,11,1,0,0.09090909090909091
1890,al no saber controlarse con el alcohol en la fiesta a poco si funciono lo que dijo elliot ness mexic,13,0,1,-0.07692307692307693
1891,que se la meta shitsheinbaum en el culo hahaha quot la ley seca quot comienza a las d la tarde hahah,16,0,1,-0.0625
1892,y cajas d cahuamas d latas botellas y tequila q no diga mmdas el p nch narcogobierno jajajaja ahora ,16,0,0,0.0
1893,encima de esa manera que desclasados x dios lamentable algo queno debio haber pasado y los que organ,11,0,0,0.0
1894,el football personas fallecidas insultos agresiones maldiciones y los se la fifa ganando sus millone,13,0,0,0.0
1895,tienen sangre en las venas seguiran tranquilos pero me pregunto porq festejan tanto los mexicanos si,13,0,0,0.0
1896,el festejo de odio contra mi pais el ecuador br a los nuestros los retuvieron la compania mexicana h,15,0,0,0.0
1897,gritos maldiciendonos hasta x aca nos lleg pero no nos top br y el circo romano de mexicanos desafor,17,0,0,0.0
1898,ustedes pueblo malo rebeldes br sin afecto natural se les concedi pero a ustedes br danaron lo que e,15,0,0,0.0
1899,hacer lo que los demas hacen no tiene sentido salir de tu casa sabiendo la cantidad de gente iba a c,9,0,0,0.0
1900,piensan y todo por una estupida pelota no le veo el sentido no se necesita tener gente a tu alrededo,12,0,0,0.0
1901,la idea el solo pensar que les hubiera pasado al equipo de ecuador si hubieran ganado nunca se compo,12,0,1,-0.08333333333333333
1902,familias pasando por un gran dolor y en mx murieron solo por la algarabia de un partido de futbol di,13,0,0,0.0
1903,quedate en casa si estuvieran en su casa biendo el partido estuvieran vivitos cada quien con su pedo,11,0,0,0.0
1904,por el narco fuera morena y todo servidor publico nuestros empleados en el voto de revocacion de man,13,0,1,-0.07692307692307693
1905,morena es politica para la gente son sus familiares basura de porqueria morena solo quieren someter ,13,0,1,-0.07692307692307693
1906,narco politicos son un como autoridad hipocritas existe el karma quien se lo cree si como no no ya l,10,0,1,-0.1
1907,bobos lo hacen para que las madres buscadoras con estas pruebas no vayan a denunciar internacionalme,15,0,0,0.0
1908,a pedir la intervencion e ingerencia extranjera cinicos descarados con sus disculpas solo quieren sa,13,0,0,0.0
1909,lo que dicen es lo que se ve pero a ver cuentame mas usted disculpe cinicos que quieren aparentar co,11,0,0,0.0
1910,y que creen que con sus disculpas mediocres ya se arreglo todo bola de delincuentes es una pena fals,11,1,1,0.0
1911,las madres buscadoras en publico en la mananera en serio no basta con una demagogia disculpatoria ya,14,0,0,0.0
1912,a los manifestantes disculpa y ya estos tipejos dieron las ordene a la policia de agredir a las madr,11,0,0,0.0
1913,fracaso en seguridad del gobierno de morena porque les llama quot uniformados quot la presidenta est,17,1,0,0.058823529411764705
1914,vuelve arrepentido y dice que le dolio mas a el tener que hacerlo b los que tenemos desaparecidos no,12,0,1,-0.08333333333333333
1915,son con las madres buscadoras cinicos sinvergenzas miserables excelente y yo por ustedes no tienen m,11,0,0,0.0
1916,a las personas desaparecidas cinicos ineptos eh incapaces bien que lo sigan haciendo mientras le bes,12,0,0,0.0
1917,ratas osea si hubo represion pero nos disculpamos porque nosotros somos diferentes jajajaj el narcog,13,0,1,-0.07692307692307693
1918,ni discusos basta estos no cambian fuera corruptos de todos los narcopartidos luego de que este narc,11,0,1,-0.09090909090909091
1919,personas con su cinica y complice estrategia de abrazos no balazos estas del narcopartido se molesta,16,0,1,-0.0625
1920,la ley de eeuu nos regale algo de justicia por que aqui es imposible todas estas estan coludidas no ,9,0,0,0.0
1921,masokista todo escusas todo mienten no me vengas con basura felicidades joaquin lopez doriga gano tu,20,0,1,-0.05
1922,secta de dictadores corruptos narcotraficantes pero por que estar cerrando calles y perjudicar a otr,12,1,0,0.08333333333333333
1923,los ciudadanos esto es circo y pan ya que solamente quieren sabotear el mundial y afectar al comerci,11,0,0,0.0
1924,br simplemente esto es parte del pri y del pan esto se llama boicot al gobierno de morena br br br l,15,0,0,0.0
1925,senora walas y tambien la senora de tijuana la senora de sonora todas ellas estan bendidas y lucran ,13,0,0,0.0
1926,los demas donde queda no minimizo el sentimiento de las personas que buscan a sus seres queridos sol,12,0,0,0.0
1927,y todos los actos aberrantes de israel y eu contra ciudadanos de otras naciones no importan amigos l,11,0,0,0.0
1928,por seguir permitiendo tanto abuso del gobierno dia a dia y poco a poco el gobierno esta tratando de,10,0,0,0.0
1929,secuestrar la privacidad de la telefonia ya tienen el poder judicial en sus manos como tambien el pi,13,0,0,0.0
1930,transporte de carga y pasajeros que se manifiesten en la banqueta madres buscadoras no se dejen comp,15,0,0,0.0
1931,desmanes claudia es solo presidenta de amlo y de la secta de morena vive para encubrir y proteger a ,14,0,0,0.0
1932,solos nos asesinan secuestran desaparecen piden piso extorsionan y la corrupcion esta en todas las d,13,0,1,-0.07692307692307693
1933,unidos y detenga a estos traidores a los mexicanos ahora si hacen esto y cuando estaba el prian uste,12,1,0,0.08333333333333333
1934,contra ustedes fuera claudia shembaum que se dejen de pendejadas y que disfruten el mundial no sabe ,13,0,0,0.0
1935,hijos porque estaban en el narcotrafico y nunca los pudieron apoyar ni orientar mientras recibian di,10,0,0,0.0
1936,eso justicia no seas mentiroso chayotera que tristeza da nuestro mexico que no vengan cual es el pro,12,0,0,0.0
1937,si solo te puede matar una multitud de gente desenfrenada y alcoholizada pero solo eso y a lo mejor ,8,0,0,0.0
1938,ganan a mexico pero es seguro venir a mexico verdaaaad como no se cansa esta mujer de mentir todos l,14,0,0,0.0
1939,en su casa ya los quot piratas quot empiezan a br saltar por si acaso pierdan br es decir quieren ab,16,0,0,0.0
1940,sus holigans son peor hipocritas ya estan de llorones mexico vergenza mundial como anfitriona nos ve,13,0,0,0.0
1941,opinion internacional sra presidenta con a claro que mexico si es seguro y siempre salvaguardara su ,15,0,0,0.0
1942,todos los paises tienen tanto honrados como delincuentes asi que no pongan de pretexto ese incidente,10,0,1,-0.1
1943,s que hasta margaret thatcher les castigo y hasta autoridades del football tambien henry nowak y tod,13,0,0,0.0
1944,en rotherham hubieran puesto seguridad como cuando antes de empezar el mundial por las madres buscad,10,1,0,0.1
1945,por favor que no vengan los angelitos que destrozan inmuebles en europa eso que llaman holligans se ,14,0,0,0.0
1946,murieron personas br renuncia claudia te queda grande el espurio cargo despues de como les trataron ,15,0,0,0.0
1947,si la burrada hiciera algo al respecto solo roba si mexico es seguro si tras un puno de escoltas arm,10,0,0,0.0
1948,que nos iban a eliminar que eran mejores que las piernas millonarias de sus jugadores que juegan en ,15,0,0,0.0
1949,que baile se les puso a sus piernas millonarias que tanto presumian vende bananas saludos desde chil,16,0,0,0.0
1950,un mexico ejemplar vergenza dan esos fulanos fanaticos asi quisiera verlos apoyando en mejorar el pa,19,0,0,0.0
1951,el gran triunfo sobre escuador mexico feliz feliz justicia divina ja ja ja q bueno q haya vigilancia,15,1,0,0.06666666666666667
1952,pasar a estas alturas es que no soy malinchista no gane mexico apoyo mundialista las criticas en las,14,0,0,0.0
1953,agredir madres buscadoras deberian garantizar seguridad y control de las masas pero en la cdmx no ha,14,2,0,0.14285714285714285
1954,tambien la gente debe de tener sentido comun muchas veces se saltan las vallas estan alcoholizados y,13,0,0,0.0
1955,duermanla lo mejor seria quitar todas esas pantallas y escenarios demagogicos y que cada quien vea e,10,0,0,0.0
1956,pasan las tragedias cuando estas se pudieron prevenir clarita es claramente una pendejaza es la gent,14,0,0,0.0
1957,el zocalo o en ciertas zonas a fuerza se quieren meter la gente es una inconciente dejan un basurero,13,0,0,0.0
1958,el plan de seguridad ya esta lo estan ampliendo br el problema son las personas irresponsables que a,12,1,0,0.08333333333333333
1959,si va a funcionar recordar que ellos son expertos en marchas y plantones en brincar vallas y retenes,12,0,1,-0.08333333333333333
1960,las masas ya para que jajaja siempre sacan sus planes cuando ya paso el desmadre eso debieron de hab,9,0,0,0.0
1961,personas como siempre hasta que pasan las cosas es cuando reaccionan porque la estupidez humana siem,8,0,0,0.0
1962,murio alguien jajaja siempre es lo mismo que se preocupan mexico no va a ganar pero si si olvidense ,11,0,0,0.0
1963,la jalaste jajaja seguro tanto policias delincuentes extorsionando a los ciudadanos y los delincuent,13,0,2,-0.15384615384615385
1964,los mejicanos no saben ganar no saben perder no saben ser anfitriones imaginate morir por festejar p,16,0,0,0.0
1965,la pena las muertes q se suscitaron falta mucha cultura y civismo en esta sociedad mexicana tambien ,14,2,3,-0.07142857142857142
1966,festejar mexicanos como hoy gana mexico debemos tener mas cuidado con las personas y evitar que haya,11,0,1,-0.09090909090909091
1967,mucho cuidadio porq no te gustaria que la proxima victima sea un familiar tuyo asi que cuidemonos un,11,0,1,-0.09090909090909091
1968,problemas y sin frio viento o lluvia puro naco animal por un partido de futbol la gente le vale que ,17,0,0,0.0
1969,tercermundo gente que no saben estar en usa y canada esto no pasa que pena y despues se preguntan po,10,0,0,0.0
1970,san pedro de si asi festejan como animales por un pase a vos no me quiero imaginar si salen campeone,15,0,0,0.0
1971,mundial siguen siendo tercermundista y dicen ser potencia y bla bla memejico ya no vean el futbol pe,15,0,0,0.0
1972,son una sociedad de br simios festejo de simios tres defunciones por un partido de futbo que horror ,16,0,0,0.0
1973,de ninguna en el deporte son unos narcoasesinos fallecieron porpendejos en eldesmadre por lo menos f,16,0,0,0.0
1974,el mundial en vez de atender a su pais esos pinches chilangos son la vergenza de mexico no tiene res,10,0,0,0.0
1975,que no hagas un festival de musica y ahi tienes hasta los granaderos como en abandaro ojala y el dom,11,2,0,0.18181818181818182
1976,todos los medios sano e invitar a los ciudadanos a comportarse correctamente de conciencia si no est,13,0,0,0.0
1977,no es indolencia yo no estoy bien para estar ahi y no voy a lo veo por tv tambien asi lo festejamos ,7,0,0,0.0
1978,en casa no se expongan deben pensar mejor esos festejos con espuma o no se que hecharon de verdad de,12,0,0,0.0
1979,los de la fifa llenandose de dinero no nos va a dar ni un peso y a nosotros los mexicanos nos va toc,8,0,0,0.0
1980,esten tan contentos hasta muertos por celebrar algo tan intrascendente br que vergenza de cultura aj,14,0,1,-0.07142857142857142
1981,nos digan chilangos mexi changos porque a alguien de le dicen mujer y luego a alguien de le dicen jo,12,1,0,0.08333333333333333
1982,br fue la ofrenda a fifa para que mexico sea campeon br la muerte de esos aficionados tontos nos era,14,0,0,0.0
1983,esos disturbios rompiendo cosas la peste de las personas cercanas tambien fue factor pndejos al fin ,13,0,1,-0.07692307692307693
1984,unico que generan esa gente son como animales no miden y creen que una celebracion lo tolera y justi,13,1,0,0.07692307692307693
1985,casa que se embrutezcan y hagan sus chingaderas en su casa lamentable lo de estas personas que maner,12,0,0,0.0
1986,mas famosos y millonarios esta bien que les guste que se apasionen pero poner en riesgo la vida por ,10,0,1,-0.1
1987,que solamente lamentaran los hechos y seguiran con su vida y haciendose mas millonarios mientras una,14,0,1,-0.07142857142857142
1988,y si ellos se lo buscan pues que bien que lo encuentran pendejos sigan llendo a ver el futbol macuar,12,0,0,0.0
1989,fueron ninos aunque la muchacha estaba muy joven sii pero el pri robo mas soy mexicana y que vergenz,13,0,1,-0.07692307692307693
1990,que habia y la gran cantidad de basura orines heses y vomito por doquier ya saben que la cultura de ,11,2,1,0.09090909090909091
1991,ya seles hacisaba que no asistieran al angel porque ya estaba muy lleno y no hicieron caso eh ahi la,11,0,0,0.0
1992,las autoridades sabiendo lo peligroso que es las multitudes vergenza la verdad y llama eso historico,14,0,1,-0.07142857142857142
1993,orsngutanes pendejos menos que mala onda que las cosas terminen asi que necesidad de hacer todo eso ,11,0,0,0.0
1994,sin arriesgar por que desgraciadamente ya con el alcohol hasta la madre hacen puras pendejadas puro ,13,0,0,0.0
1995,union entregaron al poder judicial y la constitucion br no apoyaron a las madres buscadoras ni a los,13,1,1,0.0
1996,medica o medicamentos br ni a el que menos tiene y no recibe ni ayuda pecuniaria del gobierno y te h,10,0,0,0.0
1997,calle eso si andas tras tus idolos festejando br pues el elemento telurico de tiene en su lista br n,13,1,0,0.07692307692307693
1998,te despertaran de tu letargo sueno mexicano br si lo dudas ve a venezuela b b mejor te valdria no ve,16,0,0,0.0
1999,te necesitan deberian suspender los partidos del mundial que se jueguen en mexico ya mataron a uno a,13,0,0,0.0
2000,como para ser anfitrion y no matarse entre ellos pues por tomntas no tenian nada que hacer ahi puro ,9,0,0,0.0
2001,esta arreglado de que sirve que se a ti e los protocolos senora brugada si usted no sabe nada de pro,9,1,0,0.1111111111111111
2002,culpable es usted y nadie mas quien en su sano juicio si ve multitudes como se veian en los videos y,11,0,0,0.0
2003,gente euforica borrachos y sin ningun control por dios esa gente murio porque asi lo quiso ellos dec,12,0,0,0.0
2004,es seguro por la cantidad de gente alejense y punto aaah pero no los mugrosos nacos dispuestos a fes,13,0,0,0.0
2005,que risa clara brugada porque no diste seguridad en el centro ajolota inservible tienes a la ciudad ,15,1,0,0.06666666666666667
2006,algo si los que ganan son los pinches jugadores uno que gana mas que un resfriado si bien te va wow ,9,0,0,0.0
2007,en venezuela se sufre x las personas atrapadas en escombros y otros sin vida estos locos con su fana,13,0,1,-0.07692307692307693
2008,respeto mi opinion lo bueno q lis jugadores y el entrenador van a ir al velorio asi se deberian de j,13,0,1,-0.07692307692307693
2009,de claudia no es malo ni bueno ganar o perder lo importante es controlar las emociones que gente tan,11,1,0,0.09090909090909091
2010,guerra ahora organicen y vayan al velorio por lo menos inviten a los jugadores y organizadores y ver,13,0,0,0.0
2011,un falso y mal enfocado patritismo pues si son los que tiran pirotecnia basura y colillas de cigarro,13,0,2,-0.15384615384615385
2012,el mundial de rusia y en argentina en el mundial de quatar en ese partido hubo pacto con el diablo p,12,0,1,-0.08333333333333333
2013,negocio la vida de su gente jamas habra un pacto limpio con la muerte la aficion se desborda en la i,12,1,0,0.08333333333333333
2014,familia a dar la vuelta en la manana y me regrese como a las de la tarde para evitar aglomeraciones ,11,0,1,-0.09090909090909091
2015,ya llega la gente que va a cotorrear que la fifa le sirva de leccion se organiza un mundial en un pa,12,0,0,0.0
2016,s etup d colapso total del mundia en este pais de id t s un peligro ests h p ts y lo peor es que tmb,15,0,2,-0.13333333333333333
2017,muy pequenas a ese tipo de eventos perdon que lo diga pero parecen simios a este paso solo los resid,11,1,0,0.09090909090909091
2018,gobierno que merece sacrificio azteca jajaja lo que se arriesga en esos borlotes mejor en casa mas a,14,0,0,0.0
2019,ellos buscaron su muerte el que busca encuentra esperen mas de estos sucesos el domingo animo asi va,13,0,0,0.0
2020,falso orgullo nacionalista asi se unieran por las causas juntas y necesarias en mexico y no seguirle,14,0,0,0.0
2021,este evento no estan listos para seguir celebrando donde esta la responsable de la alcaldia cuauhtem,15,1,0,0.06666666666666667
2022,madre xd son todos cavernicolas la maxima aspiracion de los ninos es ser n rcos alucines culturalmen,14,0,0,0.0
2023,a hacer que lamentable esto ha sido excesivo se puede festejar el triunfo desde casa desde las redes,12,0,0,0.0
2024,mue b ra b por una celebracion mierda que no vale la pena y menos la vida pinches nacos jajajaja son,17,1,0,0.058823529411764705
2025,la guardia nacional a controlar eso a huevo si o si mas vale que haya un chingo de gaseados que de m,11,0,1,-0.09090909090909091
2026,y la presidenta ni pio que cagada apoyos para todos morena los cuida se llama seleccion natural si h,14,0,0,0.0
2027,echar relajo para q van es mejor no asistir a lugares muy concurridos mucho menos con ninos o adulto,13,0,0,0.0
2028,debe renunciar y ser enjuiciada por homicidio por asfixia o por estar alcoholizados que pena para su,12,0,1,-0.08333333333333333
2029,al gobierno la gente esta euforica alocada mexico jugo bien pero no se an dado cuenta q para q aloca,10,0,0,0.0
2030,de muy bajo nivel el q estaba a nivel medio bajo era ecuador xq festejar asi tan alocado q se festej,11,0,0,0.0
2031,no a equipitos d bajo pelaje asi como para q en fin bien x mexico ahora si se vienen los equipos de ,9,0,0,0.0
2032,echo mexico ya no con equipitos llaneros goooooooillllll el pago de los ritos y pactos con los demon,14,1,0,0.07142857142857142
2033,la copa del mundo no hay controles la teoria de darwin se cumple la supervivencia del mas apto y la ,14,0,0,0.0
2034,la poblacion se depura los hace mbec les el futbol lamentablemente la imprudencia el alcohol embrute,13,1,0,0.07692307692307693
2035,control por la euforia br ya no se le tiene respeto ni honorabilidad al equipo visitante lo que le h,11,0,0,0.0
2036,bocas en la cancha solo ahi ojala no lleguen a ganar el siguiente partido y queden fuera del mundial,13,0,0,0.0
2037,a luchar contra las injusticias del gobierno como los registros de los celulares que quitan nuestro ,11,1,0,0.09090909090909091
2038,lamentable el asunto es si aprenderan como festejar responsablemente para evitar tragedias la eufori,17,0,0,0.0
2039,fue una experiencia realmente desagradable la aglomeracion el constante miedo a ser victima de la de,13,0,2,-0.15384615384615385
2040,libertad con el abuso hacia quienes no compartimos su euforia sali de ahi con la conviccion de por q,10,0,0,0.0
2041,monton y mas que molestia me genera una profunda pena ajena observar como por el comportamiento de u,14,0,4,-0.2857142857142857
2042,la oportunidad de celebrar con civismo es triste ver como el mundo nos percibe a traves de estos exc,11,0,0,0.0
2043,en efecto hay momentos en los que se siente la asfixia pero no entiendo como la gente puede concentr,10,0,0,0.0
2044,tenia que ser sigan llendo como becerros a aglutinarse al angel a festejar tan enorme logro nacional,14,1,0,0.07142857142857142
2045,de quot festejo quot y que festejan si ellos ni jugaron ni ganaron nada los borregos como siempre ha,14,0,0,0.0
2046,como animales fanaticos enajenados manipulados controlados forma de escape de masas de sombies sin r,18,0,0,0.0
2047,por algo tan pueril informacion falsa mucha pena por estas personas br falta mucha seguridad muchos ,14,1,3,-0.14285714285714285
2048,llevan al extremo mmmm seleccion natural mas se ha perdido con los abrazos y no balazos a quien le i,13,0,1,-0.07692307692307693
2049,que festejar desde casa los ricos en el estadio y los pobres bueno ahi muertos ojala mexico ya no ga,14,0,1,-0.07142857142857142
2050,horangutanes jajaja jajaja me dice mi mama no julio eso no es gracioso eso no es gracioso yo mfmgh b,13,0,0,0.0
2051,las desventajas de los excesos saben que es lo peor que seguramente los familiares de esas personas ,13,0,0,0.0
2052,marchas todo por un equipo que ni los conoze mucho menos importa pero al fin somos humanos seleccion,10,0,0,0.0
2053,la renovacion del t mec por aquello de las cortinas de humo es bueno celebrar pero no para tanto soy,8,1,0,0.125
2054,pulmones no son los mismos de antes obvio no voy a ir a donde hay una multitud y que va a haber jueg,6,0,0,0.0
2055,voy a ir a meter a esos lugares y menos en mi con y menos si mi condicion fisica es obesa te entiend,8,0,0,0.0
2056,despierten que el tri y poste ochoa los salve vale la pena este festejo br no han ganado nada ellos ,15,1,0,0.06666666666666667
2057,que triste unos enriqueciendose y otros perdiendo hasta la vida gente tonta les parese que se ganaro,11,0,0,0.0
2058,estadios qepd por marcianos seudo futbolistas arriesgan su vida y sus pertenencias que pena que lo q,15,0,0,0.0
2059,agradable br cada uno debe hacerse responsable de sus decisiones y actos cuiden mucho a los ninos cl,14,0,0,0.0
2060,unas chelitas si era su gusto pero ahi van a buscar lo que no se les habia perdido les tocaba nadie ,7,0,0,0.0
2061,estan desgraciadamente no tenemos cultura ahi esta su pinche fucho de mierda que manera tan jodida d,13,0,0,0.0
2062,pais no manches estubo mas cabron el tirote en cuernavaca morelia bola de animales que bueno y lo pe,14,0,0,0.0
2063,por salir campeones br si hablamos de sacrificios o muertos mexico ya tuvo que haber salido campeon ,12,0,2,-0.16666666666666666
2064,ir a festejar va a ser una tragedia su mexico pierde y al parecer tambien va a ser una tragedia su m,9,0,0,0.0
2065,reportado alguna persona que anduviera en compania de ellos paso el incidente de halloween de korea ,13,0,0,0.0
2066,el gobierno no haga un llamado y control para evitar estas tragedias derivadas de euforia fanatismo ,15,0,2,-0.13333333333333333
2067,jada del mundial increible mexico esos son los riesgos por el desborde de festejar masivamente la ge,15,0,0,0.0
2068,gente si fueron capaces de ir hace eso a los jugadores del ecuador y la presidente no decir nada sin,9,1,0,0.1111111111111111
2069,dijo y se imaginan que hubieran perdido hubieran llegado a linchar a los po red jugadores de ecuador,12,1,0,0.08333333333333333
2070,porque no se saben comportar puros b rr chos moneados ahi empujandose que feo imaginate morir aliena,16,0,0,0.0
2071,cancion de alex lora se hara realidad martires del futbol san maradona auxilialos en su camino ellos,17,0,0,0.0
2072,br la neta a que salen que ganan para que se exponen br ya se les olvido lo de los cabos br por que ,10,0,0,0.0
2073,mas para eso van hacer puro desastre y nos quitan clases no les da la cabeza parece el palmera de lo,11,0,0,0.0
2074,vomito por exceso de alcohol alimento u objeto atorado aglomeraciones de gente etc etc la noticia no,19,0,0,0.0
2075,nadie muere en la vispera quot ni con mil cuidados solo justo cuando toca que en paz descansen y que,15,0,0,0.0
2076,sin entender que este tipo de celebraciones masivas en las que se comportan como salvajes nunca deja,8,0,0,0.0
2077,asfixia y a los que les robaron o tal vez hasta hubo a muchos o muchas que las tocaron indebidamente,6,0,0,0.0
2078,violacion etc o como sucede en otros paises en eventos distintos pero igual con esa multitud que se ,12,1,1,0.0
2079,las consecuencias de sus actos y los que hasta llevan a sus hijos menores y mascotas la seleccion me,12,0,0,0.0
2080,la gente necia que si pued n ir a celebrar pero con moderacion y que es mejor quedarse en casa ya qu,10,0,1,-0.1
2081,vidas y las de los demas que dice la fifa la presidencia sobre esto les urge regresar a la normalida,10,0,0,0.0
2082,como nunca y perdieron como siempre pero hay van de pen por eso no podemos tener nada bonito por asf,7,0,0,0.0
2083,no dicen esactame que paso locos que terrible otra cosa que pasa mucho es que la gente carece por co,12,1,0,0.08333333333333333
2084,botellas de vidrio vacias a la multitud a descalabrar a alguien tantita madre hay que tener no es ta,13,1,1,0.0
2085,una selebrasion de esta magnitud no alla este tipo de cosas gente mala del corazon sensibles era de ,12,0,0,0.0
2086,dioses bueno fallecieron felices al menos y con cada partido se van a poner mas imbeciles tanta gent,13,0,0,0.0
2087,vida por un partido es una vergenza bien dicen al pueblo dale futbol y es feliz suguramenta la lela ,14,0,0,0.0
2088,por haber puesto pantallas jajajajjajajajjajajajjajajajajja no estan ni listos para festejar un simp,16,0,1,-0.0625
2089,lista hay que prevenir y no actuar despues tu ley seca se la pasaron por el arco este festejo solia ,15,0,1,-0.06666666666666667
2090,sensatez ha sto querian llegar con sus festejos nada piensen n sus familiares d las personss w perdi,16,0,0,0.0
2091,y sus rituales satanicos asco comida para la oposicion carronera lamentable pero no hay por que poli,13,0,0,0.0
2092,nos den la copa k bueno k bueno son el tributo a los dioses alla vamos sin difuntitos la fiesta no e,11,0,0,0.0
2093,la cara asfixia por la multitud lamentable y anoche comente br a ver cuantos muertos hay para manana,16,0,1,-0.0625
2094,no me equivoque sigan festejando a jugadores y balon bola de tarugos por no decirles otra cosa la ge,14,0,0,0.0
2095,consecuencias y esperense a mas cosas peores dios nis ampare no es culpa de los aficionados fue un e,14,1,1,0.0
2096,por zonas o por areas como se acostumbra hacer en festivales o eventos de audiencias masivas esto se,13,2,0,0.15384615384615385
2097,a lo idiota sin dividir zonas ni areas ni elementos de policia y seguridad para limitar esas zonas p,14,1,0,0.07142857142857142
2098,que mexico sea campeon festejos del bienestar me robaron mi celular pero gracias a dios estoy bien q,13,0,0,0.0
2099,tarde o temprano las personas parecen animales para entrar al fanfest se empujan se aplastan derriba,16,0,0,0.0
2100,con el chamaco aveses no entiendo como la gente puede arriesgar su vida si los que ganan son los jug,12,0,0,0.0
2101,del equipo aqui se estan inflando como los sapos de puro dinero ojala agan conciencia que que es pur,14,0,0,0.0
2102,seleccion mexicana de televisa y por que dejaron pasar a tanta gente al punto de que empezaron a asf,12,0,0,0.0
2103,un lugar ya muy lleno pero la autoridad es la verdadera responsable ellos tienen toda la logistica e,7,0,0,0.0
2104,siquiera a los conciertos del zocalo una vez casi nos pasa lo mismo la gente esta loca y por joda co,11,0,0,0.0
2105,gracioso estan empujando en aglomeraciones pocos en la fiesta de mi pueblo siempre hay uno y somos c,13,0,0,0.0
2106,los dedos al ver como los imbe ciles menos adaptados caen como moscas hay gente que no aprende de la,12,0,1,-0.08333333333333333
2107,sucedio en el tunel del estadio de los pumas ni ganas de ir a esas concentraciones masivas la ley de,12,0,0,0.0
2108,nada con el fanatismo disfruten en casa en familia y no se expongan dios tenga misericordia porque e,10,0,0,0.0
2109,t los tienen apendejados a estos imbeciles no tienen ni para los frejoles y salen a selebrar aja y q,9,0,0,0.0
2110,pinche partido que no les deja nada sigan llendo de pendejotes eso es no saber festejar una vergenza,12,0,1,-0.08333333333333333
2111,acuerdo que cuando mi abuelota iva a ver los tigres de norte eran menos personas y siempre muertos b,14,0,1,-0.07142857142857142
2112,se llevan los futbolistas y ellos muertos de ambre un partido no valia sus vidas ahuevo felicidades ,14,0,1,-0.07142857142857142
2113,un calido abrazo sinceramente teresa hasta q tienen una nota real que dar pero hasta gusto les a de ,12,0,1,-0.08333333333333333
2114,fiesta no mms jajajaja venga mas futbol dona lagartija y ajolota y es barato cada vez estan mas loco,16,0,0,0.0
2115,bueno gracias a su fanatismo ganaron el pase a la siguiente ronda pero con san pedro quisieron ir a ,12,1,0,0.08333333333333333
2116,que el futbol los salve te asfixian te manosean te roban puro pueblo bueno y sabio jajajaja claudia ,18,0,0,0.0
2117,en los desastres naturales puede ocasionar perdidas de recursos y tiempo para salvar vidas para ejem,15,0,1,-0.06666666666666667
2118,en nl no ha caido nada de agua ojala y pierdan ya porque se estan volviendo muy vandalicas las celeb,12,1,1,0.0
2119,los hombres no seria mas digno para las mujeres que aporten el por ciento del gasto familiar y el po,11,0,0,0.0
2120,igualdad y los gobernadores que estan en el bote porque el pri no dice absolutamente nada ustedes lo,15,0,0,0.0
2121,lo que iba a pasar y lo que esta por pasar yp sabia por digeron en otro noticiero ya vienen por amlo,15,0,0,0.0
2122,su madre junto con todos los ardidos y traidores senor embajador peladas de verga le va a dar a mexi,10,0,0,0.0
2123,wevos callatechachalacafofa ya dejen de hacer y decir tantas mamadas derechangos y chayoteros ojala ,17,0,0,0.0
2124,americo durazo inzunza y al resto de mierdas narco politicos de quinta entendeiiiisss otra ves este ,18,0,2,-0.1111111111111111
2125,a ese malvado ya esta bueno como le dan vuelta armando no es amigo de trom gue esperan para pasarlos,13,0,0,0.0
2126,cadena perpetua somos mexico fuera narcopolitico si dicen algo de lopez obrador de eso si se entera ,12,0,0,0.0
2127,a amlo y sus hijos de verdad que ya se lo lleve y deje de arengar payasadas habiendo millones de hab,11,0,0,0.0
2128,respeto pero armando fuzman es pro democrata defiende micho a los democratas y ataca mucho a trump y,14,0,0,0.0
2129,de mexico pero que bueno que ya analice e informe sobre loo podrido de morena jajajaja jajajajajajaj,15,0,0,0.0
2130,de hienas sarnosas porque hablan pura estupidez ya chile con eso ya dejen de comer excremento porque,15,0,0,0.0
2131,esta esperando en la chingada a como chinngan con sus inches mentiras ya digan la verdad culeros los,14,0,1,-0.07142857142857142
2132,lo que nos ganamos por votar por una mujer y encima que viene de la escuela del otro viejillo ratero,12,1,1,0.0
2133,no veo que avancen las detenciones usa tiene un loco y mexico tuvo un loco y que tiene hoy ese pinch,11,0,0,0.0
2134,preparence weyes que si entra trump les quitara sus casa hijos de mil b i quot de las adicciones a u,17,0,0,0.0
2135,este es mi testimonio yo miguel angel cruz nacido en la ciudaddemexico tenia como anos cuando mis am,11,0,1,-0.09090909090909091
2136,a los anos ya estaba consumiendo thinner cemento cerveza y alcohol me involucre en la venta de armas,13,0,4,-0.3076923076923077
2137,muerto y un herido br br mi situacion no mejoro cuando me mude a california continue robando carros ,16,0,2,-0.125
2138,pcp y otras drogas mis acciones eran tan extremas que la policia me llevabo al hospital de salud men,13,0,0,0.0
2139,punto critico huyendo de la ley y viviendo en peligro constante pero entonces algo cambio un dia mie,12,0,2,-0.16666666666666666
2140,una pelicula de nuestro senor jesucristo que habia visto anteriormente no sabia que el estaba vivo p,9,0,0,0.0
2141,despues tuve una experiencia con jesucristo que cambio mi vida senti su presencia como un viento que,12,0,0,0.0
2142,ese momento fui liberado de las drogas y las malas acciones br br a partir de entonces comence a rec,12,0,0,0.0
2143,jesucristo estudiando la biblia cuando empece a asistir a la iglesia me di cuenta de que jesucristo ,13,0,0,0.0
2144,limpio sin volver a tocar una droga jesucristo me ha guiado por el buen camino y ha cambiado mi cond,14,1,0,0.07142857142857142
2145,ayudar a otros a encontrar la solucion a sus problemas como dios me ayudo a mi quiero que todos sepa,11,0,0,0.0
2146,la vida y puede hacer lo mismo porti yo no lo conozco no ando de chismoso sin duda amlo narco presid,13,0,1,-0.07692307692307693
2147,gringos cia este sr es un asco de lo mas desagradable para el pueblo no lo podemos lograr porque en ,12,0,0,0.0
2148,que llaman bienestar ni les ajusta para comer una semana pero asi de huevones no puede ser ya dejens,15,0,0,0.0
2149,se debe estar retorciendo al enviar a este engendro perro infeliz gusano rastrero chayotero de mierd,20,0,0,0.0
2150,hay que ponerle alfombra roja a este embajador y al cacaraki hechandole aire como un negro y al ferr,14,0,0,0.0
2151,la verdad se les esta hacercando muy pronto a todos estos habladores con grandes falsedades wey el s,8,0,0,0.0
2152,crimen organizado esta camuflajeado en las selvas de oaxaca michoacan y otros estados en el salvador,13,0,1,-0.07692307692307693
2153,a bukele que no se levante el cuello deja de publicar mamadas paquita y ponte a pedir limosna misera,17,0,0,0.0
2154,de todos llocreo que delmundo y papa losque segun gobierno de nuestro pais nos la pela el embajador ,10,0,0,0.0
2155,los seguidores del prian la diferencia es que el bukele es dictador y claudia no expulsen a ese alco,14,0,0,0.0
2156,obrador es tu padre este misogino nadie le cree este chayotero corrupto ya dejacalumnosr traidor t d,12,0,0,0.0
2157,mexico no ma mes geyes ya nomas se dieron cuenta que amlo era mayate ahora todos quieren g vayanse c,18,0,0,0.0
2158,armando guzman a href a href tenemos oficina fisica en el ine gracias a cada creador organizador ase,18,0,0,0.0
2159,analisis hagamonos responsables a href a href a href a href a href xinches fachos colonizados pidien,18,0,0,0.0
2160,a quien debe llevarse es al mercenario y ezquisofrinico de ferriz de con ferriz eres un lambiscon y ,9,0,0,0.0
2161,divina mexico y nosotros de los atypicales ya superenlo h d s p m no van a poder con el pueblo si no,10,0,0,0.0
2162,por eso se los esta llevando a ustedes la ch esa mujer habla ingles si parece una gotera se sabe de ,11,0,0,0.0
2163,la busque en internet lo gracioso es que el unico que las trasmite es atypical tv y las trasmite una,11,0,0,0.0
2164,otro trabajo pedro ferriz vive de apellido de su papa y carlos alaraski pidiendo limosna br las reci,18,0,0,0.0
2165,intensos debates politicos el embajador estadounidense ha emitido declaraciones directas sobre la co,17,1,0,0.058823529411764705
2166,agenda bilateral pinche viejo amargado nalgas miadas de usa ing con usted en todo comuniquele an aty,16,0,0,0.0
2167,y ama su patria que flojera es adelantar mas de minutos de previo entre ellos se van a despedasar y ,11,0,0,0.0
2168,pellejo morena ya se va morena ya se va ingeniero en imbecilidades se va a venir pero por tus herman,10,0,0,0.0
2169,la ultraderecha no ladro en lo minimo con garcia luna y sus jefes pangusanones y ahora si ladranuds ,15,0,1,-0.06666666666666667
2170,a mexico no queremos dictadores tramposos de gobernantes no queremos que nuestros hijos y familiares,13,0,1,-0.07692307692307693
2171,y a la juventud de eu estan quitando nuestros derechos constitucionales no queremos amenazas a cada ,12,1,1,0.0
2172,hasta el derecho a la atencion medica y medicamentos nos han quitado la corte el ine y lo que puede ,9,0,1,-0.1111111111111111
2173,comparar a bukele connel vgtnarcohuachicolero bukele es el mejor presidente que ya vengan por el vgt,15,0,0,0.0
2174,tambien por la alcahueta y tapadera armando guzman no es corresponsal de ustedes el sr armando guzma,15,0,0,0.0
2175,chafa y sin sentido de mugrena que es la desgracia de mexico bravo ya fuera narco gobierno huachicol,12,0,1,-0.08333333333333333
2176,no fuera por morena el prian tendria peor a mexico ya callate pinch chayotero ojets perro de trump v,18,0,0,0.0
2177,de mierd ojets chayoteros hasta donde llego armando por unas migajas ojets culer pinch ignorante fer,17,0,0,0.0
2178,lo q quieren es robarse los recursos no quieren ayudar a mexico el ejemplo venezuela ojala asi sea a,13,0,1,-0.07692307692307693
2179,el enfermo de palenque sigue haciendo dano a mexico por medio de sheinbaun por favor ya vengan por e,12,0,0,0.0
2180,se lo lleven pero ya muerto el perro se acabaria la rabia y que le importa a otros de otros paises q,11,0,1,-0.09090909090909091
2181,en lo que no les importa huy pedro ya andan en campana como cebo usan los programas puro bla blablab,15,0,0,0.0
2182,ndejadas br br hueva nada pasara si fuera por estar ocupado trump la inaccion seria ridiculo tiene c,14,0,0,0.0
2183,que pasa es que no pasa nada ni pasara mexico unido rezando suplicando a dios para que este desgobie,13,0,0,0.0
2184,este mquetrefe de decir tantas mmadas que horror cuantas mentiras dices manipulador lo cierto es que,11,0,0,0.0
2185,la peor a href mexico br paleros rencorosos ojala muy pronto todos ustedes vayan a la carcel por fal,19,0,0,0.0
2186,de locos jajaja aqui viendo a todos los vende patrias jajaja tapetes del pedofilo de trump jajaja ja,20,1,0,0.05
2187,y pan gana verga el pueblo no los quieren como no lo vasaconoser perro como tienen ganas de caiga ob,13,0,0,0.0
2188,salados ahora con esos jotones que se lo lleve al amlo eso fue lo que sonaste pues se estan tardando,11,0,0,0.0
2189,solamente ponerlos en prision que les quiten todo lo que robaron al pueblo y que todo lo recuperado ,13,1,0,0.07692307692307693
2190,etc el papa del travesti no deja de decir tanta pendejada mucho ruido y pocas nueces que buena gente,16,0,1,-0.0625
2191,no tiene la ultima palabra se van a votar en el congreso y asi se podran hacer ley el sr armando es ,9,0,0,0.0
2192,president trump y nosotros su base maga haremos nuestra parte para apoyar al president trump porque ,13,0,0,0.0
2193,dar ni un paso atras estamos al con el president trump urge que caiga la cabeza de esta destruccion ,13,0,0,0.0
2194,delinquir en u s a y mexico libremente desde el hasta la fecha ladran como desesperados no se por qu,11,0,0,0.0
2195,una hamaca en su rancho ya que vengan la justicia de dios tarde que temprano se cumple asi mismo el ,12,0,0,0.0
2196,seudogobierno deshonesto renunciar regresar lo robado a su propio pais y entregarse a la justicia de,15,0,0,0.0
2197,ya la diferencia entre los gobiernos br prianistas con los gobiernos de la t br es abismal los mexic,13,0,0,0.0
2198,ferriz no gastes tu asquerosa saliva habemos millones de mexicanos digan lo que digan ya no les cree,15,0,0,0.0
2199,en mexico mano dura con estos mal nacidos de morena agan limpia por favor la judia claudia y sus ase,16,1,1,0.0
2200,y huachi culeros no soy chairo y disculpa pero no creo que dices que claudia va a renunciar ni tampo,12,0,0,0.0
2201,nunca pasara gracias por compartir mister johnson welcome to mexico br asi fue recibido ahora los me,15,0,0,0.0
2202,llevenselo saludos ing ferriz el coronel johnson es experto en desmantelar y perseguir regimenes soc,18,0,0,0.0
2203,en atypical estan muy danados jojmojmojo mucho ruido pocas nueces que sufran todos los morenacos a h,19,0,0,0.0
2204,wh gy mb dv ujg ksify lzfolm akanydqag a a href uckszu wh gy mb dv ujg ksify lzfolm akanydqag a a hr,26,0,0,0.0
2205,lzfolm akanydqag a a href uckszu wh gy mb dv ujg ksify lzfolm akanydqag a vamos a ver si no lo van t,14,0,0,0.0
2206,todo el dinero del mundo se salva si no ay justicia aqui en la tierra en el mas alla lo pagara a dio,10,0,0,0.0
2207,infierno que lo va a enderezar mas lo torcio el malo de robador hablador ya por favor ya se an tarda,12,0,0,0.0
2208,ciudadanos mexicanos b br b mexico ya lo enderezo amlo en b cualquiera que no conociera mexico pensa,17,0,1,-0.058823529411764705
2209,pero ya sabemos que eso aqui no existe verdad br br si aun tienen dudas preguntenles a los de morena,10,0,0,0.0
2210,aclararan el malentendido que vengan por todos se estan tardando ya se tardaron en venir por amlo y ,14,0,0,0.0
2211,ni sinvergenza por favor u s a ayuda a mexico no al gobierno al pueblo trump ya debe de resolver en ,13,0,0,0.0
2212,capturados y ya no estar afectando al mundo y a mexico que es un pais muy rico pero muy atrasado por,11,1,2,-0.09090909090909091
2213,municipios en mexico solo utilizando a los habitantes de mexico en generar sus lujos de miles de mil,14,1,0,0.07142857142857142
2214,mexico y salvar a todo este pais de mucha ignorancia de defender los impuestos y riquezas de la naci,10,1,0,0.1
2215,pais trump ya no debe de perder mas tiempo en aplicar la ley a los corruptos ojala y en verdad se ll,10,0,0,0.0
2216,hijos y lambiscones como norrona y shitbaum esa ladrona que pusieron como presidenta de morena no le,14,0,0,0.0
2217,pedacitos me desilusiona la situacion que estamos viviendo me da impotencia no ver solucion ante est,13,0,2,-0.15384615384615385
2218,gobierno no a los ciudadanos mexicanos deseamos ya ver accion en contra de estos mafiosos y lo peor ,12,0,0,0.0
2219,no te hagas bab so saben muy bien que el embajador de eeuu en mexico trabaja con la cia y no va desc,9,0,0,0.0
2220,periodistas son perritas falderas de donald trump porque no hablan de felipe calderon inches hipocri,19,0,0,0.0
2221,los morenacos que pueden esperar de una ajolota con a que no sabe ni siquiera que pasa en el pais o ,10,0,0,0.0
2222,pndj con a para cuando puro bla bla bla y nada muy bien expuesto pedro la derecha en mexico tiene la,13,0,0,0.0
2223,al nariz de nuez no me digas aqui no es el salvador no compares se juntaron los trabajadores de los ,12,0,0,0.0
2224,no tarden vengan por lopez y tanbien por harchuf la momia por adan por el asesino de rocha pura que ,15,0,0,0.0
2225,para extraer al peje de su rancho y llevarlo a rendir cuentas a esa oficinita en nueva york mexico y,13,1,0,0.07692307692307693
2226,y morena se desmorona por el bien de mexico vaya por fin todo el mundo esta harto la mafia de tres c,11,0,0,0.0
2227,ferriz mama huevo mas habladas y nada de nada que hacen que lamentable estos periodistas porque habl,10,0,0,0.0
2228,hablan ya enfadan con sus analis a la ligera sacan conclusiones de lo que escuchan mas no directamen,11,0,0,0.0
2229,del gobierno pero que de verdad vengan por ellos morena no ira contra sus socios jamas jajajajaja lo,12,0,0,0.0
2230,que ya no les avisen gracias a eeuu lambiscones extranan lamer el yugo en el salvador construyo en m,15,0,0,0.0
2231,la vida social y politika es m uy obvio y es muy logiko ke es trankila sin presiones economikas porq,17,0,0,0.0
2232,nosotros mexico er si si somos vesinos estamos muy influensiados en todo por nuestros vesinos yyyy a,16,0,0,0.0
2233,ser vesino de usa nuevo de lo mejor de atypical armando guzman la narco presidenta espuria impuesta ,15,0,1,-0.06666666666666667
2234,temec ya que este especifica dentro del tratado la entrega y extradicion de presuntos culpables a ee,13,1,0,0.07692307692307693
2235,que si no lo respetan y solo quieren hacer lo que les conviene no tiene objecion donald trump de vol,13,0,0,0.0
2236,no le importa afectar a canada en este tratado bilateral que va a afectar a mexico y sabiendo todo e,12,0,0,0.0
2237,el mismo temec le importa mas quot quot quot quot quot rocha moya y los otros inculpados por ee uu q,19,0,0,0.0
2238,quiere otro venezuela justicia de acordion no a la censura dice el pueblo sabio y bueno aguas sos cu,14,0,2,-0.14285714285714285
2239,del trumpas que lo tienen en casa quiere todo a modo no quiere trabajar entonces para que es la dipl,5,0,0,0.0
2240,estan pendejos a es este pendejo el que esta sacando esas estupideces mira buy burro animal de cuatr,13,0,0,0.0
2241,quieren el freno para que pienses bien fijate las mamadas que dice este pendejo no digas mamadas par,15,0,0,0.0
2242,pinche embajador viene y ni puede llenarse a nadie trio de burros ensapatados de donde sacan tanta m,13,0,0,0.0
2243,una rrrrrata amlo ratota fuera estos pinches gringos ya se les hinchan los huevos y ya pueden entrar,13,0,0,0.0
2244,nos pelan la riata y punto queren mas o les guiso un huevo los derechangos mexicanosinclullendo al j,15,0,0,0.0
2245,que por cierto ya tiene dias muerto y no se ha dado cuenta derechango comprenc rodilleras jajaja jaj,17,0,1,-0.058823529411764705
2246,los lopez beltran el cartel de los villarreal el cartel de los durazo el cartel de los rocha el cart,13,0,0,0.0
2247,cartel de los monreal el cartel de los gomez al alvarez el cartel de los salgado el cartel de los ja,12,0,0,0.0
2248,avila el cartel de los sansores y el cartel sheinbaum ya llevan muchos meses con lo mismo ya viene y,12,0,0,0.0
2249,chafa estoy harta de la estupida de a href a href a href a href a href a href gata y su hija de a hr,13,0,0,0.0
2250,href a href a href de a href a href etc etc quiero verlos arder nada mas que sea cierto no un titulo,14,0,0,0.0
2251,profesionalismo un poquito nada mas pinches chismosos chayoteros podridos atypical usdes y este viej,17,0,0,0.0
2252,que sacar a la ariadna tambien a ella le robaron las nalgas gente tonta los que se creen esta clase ,12,0,0,0.0
2253,inventar para que los sigan viendo los resentidos si no te dejas robar eres dictador narco no amas l,13,0,1,-0.07692307692307693
2254,presidente amas la democracia y la libertad lord flujitos hay un canal llamado intervenciones gringa,16,0,0,0.0
2255,fin los arman pinches perritas de trump vende patrias agachados lame botas ojala y se lleven al sanc,17,0,0,0.0
2256,gracias dios no oiga yo pienso que no hay derecha o izquierda somos mexicanos con malos dirigentes d,15,0,0,0.0
2257,la entrada a todas esas personas sin perfil y preparacion para administrar nuestro pais no tenemos q,12,0,0,0.0
2258,si los republicanos pierden el congreso o el senado mexico si va a perder los democratas solo ofrece,12,0,0,0.0
2259,que el haga ya tienen bastante tiempo con lo mismo br y a rocha moya ni siquiera lo han despeinado t,11,0,0,0.0
2260,he is talking about the rest of you guys should be smart enough to see that he is only speculating a,12,0,0,0.0
2261,about a source it is always the corrupt propaganda people la corte permite contar votos de correo po,19,2,3,-0.05263157894736842
2262,muchas oportunidades para que muertos vuelvan a votar como el bla bla bla y el prian esperado su opo,13,0,1,-0.07692307692307693
2263,ve a jovenes madres trabajadores ninos y jovenes estudiantes adultos etc continuara prian no los vio,18,1,0,0.05555555555555555
2264,si sea cierto averci lospene en cuatro patas absolutamente de acuerdo con el senor ferriz y armando ,16,0,0,0.0
2265,larita guera para cuando entra el rambo por los hijos de la chingada del cartel de mascapene fue boi,14,0,0,0.0
2266,a mi jhonson me la platica ja ja ja primero saca atuputa madre pendejo de mierda pinches bolas de ma,19,0,0,0.0
2267,uniera acabado con toda esta bola de pendejos bendepatrias pri y pan ricos hijos de puta que es ese ,17,0,0,0.0
2268,puras mentiras desde cuando escucho que vienen por morena que vienen por amlo pobres puras tonterias,19,0,0,0.0
2269,es el mas ablador del mundo viejos pendejos por ke noavlan desus gente corrupta como garcia luna i t,19,0,0,0.0
2270,viejos corrientes lamviscones jajajajajajajajajajajaja gatos entreguistas vende patrias sabandijas i,17,0,0,0.0
2271,amlo para besarle los pies es pedro ferris excelente muy bien usa fuera morena fuera izquierda fuera,14,0,0,0.0
2272,lopez obrador soy ultraderecha naaaaaaa para mi que sus quot fuentes quot solo exsisten en su imagin,16,0,0,0.0
2273,como todo lo que publican son chismes parece programa de pati chapoy ridiculos asi se habla pedro si,13,1,0,0.07692307692307693
2274,tus maletas embajador los mexicanos lo recibimos con los brazos abiertos es usted bienvenido que pas,13,0,0,0.0
2275,fueran atacados por fuerzas mexicanas a los delicuentes como a lopez obrador se les debe sacar a la ,13,0,0,0.0
2276,debe ser severa y si la justicia se le debe de dar hasta cadena perpetua castigo de por vida al igua,11,0,0,0.0
2277,americo y todos los de morena que saquearon al pais de mexico que son aproximadamente de a narcopoli,12,0,0,0.0
2278,traicionaron a los mexicanos como dice la cancion br urge br que la br ponga en la mananera la senor,13,0,0,0.0
2279,vajense de su nube estados unidos no es como mexico que cada quien hace lo que se le da la reverenda,8,0,0,0.0
2280,vengan por ese tipo muchacho tas porque las tratas tan bien son guajotas corrupto tas bien corridas ,15,0,0,0.0
2281,con nuestro pais que fcil para ron johnson haber trabajado con buekele no con esta asna de sheinbaum,13,0,1,-0.07692307692307693
2282,del errio en enriquecerse y ahora que usa los persigue por que delinquieron en contra de usa solo se,9,0,0,0.0
2283,padre y claudia sheimbaum pardo es su madre y el publo de mexico somos mexicanos al grito de guerra ,16,0,0,0.0
2284,t viva claudia sheimbaum pardo viva mexico cabrones doble cara traidores a la patria prianrdmc carce,20,0,0,0.0
2285,el presidente donald br trump los republicanos br el presidente va para acabar con los gobiernos com,18,0,1,-0.05555555555555555
2286,abortistas br defiende la familia br respeta el credo de cada persona rechaza las ideologias de gene,19,0,0,0.0
2287,las personas con necesidad br el no le gusta hacer guerras como los otros presidentes anteriores br ,13,0,0,0.0
2288,con las drogas si sabe pero se hace ya que se vaya pues ya que se lleve al viejo de mierda nos haria,7,0,0,0.0
2289,trump por no esta en la carsel pues que ni modo qje el ejercito mexicano vaca dejar que un inche gri,11,0,0,0.0
2290,eso hay en mexico ciudadanos con suficientes huevos para hacerle frente a los gringos y a esta bola ,12,0,0,0.0
2291,amigis las loquitas alazraquivetc etc ayy perrito feliz cada dia estas mas chiflado de donde inventa,18,0,0,0.0
2292,te vendiste con otro pillo como salinas eres incongruente por eso vives fuera de este pais simplemen,15,0,0,0.0
2293,incluyendo a este chayotero que trabaja en estados unidos creen que su lobo o sea donald trump les v,12,0,0,0.0
2294,no habla de los carteles alla en usa los de la ultraderecha somos todos los mexicanos perdon la mayo,10,0,0,0.0
2295,maaneras esta llena de mentiras porque sin lecciones de adoctrinamiento para ignorantes nonle hagan ,15,0,0,0.0
2296,me encanta son como novelas mezclan ficcion con realidad lo quiere para regal embajdor o s lo lleva ,13,0,1,-0.07692307692307693
2297,y ahora el gobierno es lo mismo que el narco por eso deben de meter a la carcel a todos los de moren,8,0,1,-0.125
2298,cuarto del embajador quisieras que se metiera con un gran expresidente porque ya se agarro a tu mama,12,0,0,0.0
2299,no es presidente el viejon se la come la que no sabe no le informan la que no lee no escucha y ve ma,8,0,0,0.0
2300,es nuestra a href pero tiene razon pedro ferriz y muchos informadores mas aunque los asesinen su ine,12,0,0,0.0
2301,pidas al rey jesus en oracion ay respuesta jesus no deja nada medias oro jesus que narco morena van ,20,0,1,-0.05
2302,mentiras no le atina atinaba a nada si vienen por este quot nefasto quot hijo de la ta huachiculero ,18,0,1,-0.05555555555555555
2303,y su perro omar garcia harfuchs nosotros nos mochamos un dedo de la mano derecha y y y viajaria os a,13,0,0,0.0
2304,titulo personal gracias y la marrana de gusman de donde sera esa raza ferrix no parece mexicano mald,13,0,0,0.0
2305,ponga la de la seleccion maldito judio de miercoles sigan sonando atypicos muertos de hambre pero cu,20,0,1,-0.05
2306,ese senor carlos dice muchas muchas groserias y no creo sea necesario es una falta de educacion asi ,12,1,3,-0.16666666666666666
2307,muy gordo con ese vocabulario tan vulgar desde la presidencia de mexico hasta el ultimo miembro de l,13,0,0,0.0
2308,la galaxia d n ld trump que va a poder hacer para perseguir a sus socios los n rc terr r st s de cua,14,0,0,0.0
2309,fantasias animadas de ayer y hoy el cartel de palenque es protegido por el gobierno morenista esta p,13,0,0,0.0
2310,ver la realidad no tiene principios y menos valores son lo peor de la politica se estan aferrando al,9,0,0,0.0
2311,mantenerse en el poder e enriquecerse a manos llenas le siguen el juego a carlos titino el lobo y pe,15,0,0,0.0
2312,no sea mentiras aver si ya todo morena se termine no sea promesa guerreros un mexico libre y soberan,13,0,0,0.0
2313,problemas con rusia venga embajador bienvenido a mexico porque carlos no trae puesta la camiseta de ,17,0,0,0.0
2314,mafia del poder por ladrones y mentirosos fuera mamns ridiculos cuando llegara el dia pero no entien,13,0,1,-0.07692307692307693
2315,no vayan a eventos multitudinarios pero hacen todo lo contrario de acuerdo con tus comentarios y ana,16,1,0,0.0625
2316,sitio con drones para hacer entender a la gente debe haber una sancion que cierren el angel de todos,13,0,0,0.0
2317,solo en el angel porque festejar necesariamente con alcohol porque querer llegar hasta el centro por,14,0,0,0.0
2318,adultos muchisimos no que quieren que las autoridades los lleven de la mano pues para mi es una acti,13,0,0,0.0
2319,videos donde derriba la turba las puertas y atropellan a los policias gente moviendo como simios aut,16,0,0,0.0
2320,de estupideces que la lista es larga creo que ahi es donde se pone de manifiesto la poca educacion y,10,1,0,0.1
2321,esos festejos por ejemplo aplaudo a los que se ponen a bailar a saltar la cuerda que juegan sin agre,11,0,0,0.0
2322,kas cosas van mas alla y no hay poder humano que controle a esa turba hola jesus muchas gracias por ,12,0,0,0.0
2323,porque por culpa de un desorden social se ensucio la felicidad de todas las personas que ya habian l,11,0,0,0.0
2324,despues provocaron una tragedia por favor la felicidad del triunfo de mexico no justifica la falta d,14,0,3,-0.21428571428571427
2325,por medio de tu canal porque la verdad es que los otros medios son muy amarillistas o son chayoteros,11,0,0,0.0
2326,incluso dinero de vistas con el odio y la violencia br br qdp es que son unos animales los que no ti,13,1,1,0.0
2327,que esto del futbol es para gente ignorante y puro macuarro br es la verdad br pan y circo para el p,12,0,0,0.0
2328,el cuello y sacarse la selfie y presumir que estuvo en el angel los likes lleva a las personas a hac,9,0,0,0.0
2329,medios por los cuales me mantengo informada sin embargo me sorprende mucho que no hables del caso de,11,0,0,0.0
2330,de las autoridades capitalinas crabioto y brugada que son tan denesnables corruptos claramente fue c,14,1,0,0.07142857142857142
2331,esa situacion que te ponga en peligro br la gente de estas nuevas generaciones no tienen sentido com,12,0,2,-0.16666666666666666
2332,sociales ignoro que ella y sheinbaum bloqueaban se manifestaban y hacian marchas y eso es traicion a,14,0,0,0.0
2333,br por estas actitudes le vamos a pasar factura desde ya excelente analisis pero en masa la gente no,14,0,0,0.0
2334,que uno debe medir la distancia entro uno y los demas y en el momento en el que ya empiezas a estar ,9,0,0,0.0
2335,y comenzar a salirte es decir no esperar a estar dentro de un tumulto lamentable que el gobierno cul,12,0,0,0.0
2336,las televisoras los centros comerciales los supermercados los oxxos los restaurantes su fan fest van,16,1,1,0.0
2337,aledanas al angel son pequenas y estrechas estan bloqueadas por coches y motocicletas ewpecialislmen,17,1,0,0.058823529411764705
2338,bloqueadas tambien br br el gobierno de la cdmx a traves de las pantallas presenta la cantantes y gr,13,0,0,0.0
2339,media de la noche br br tienes toda la razon deberian enviar mensajes por altavoces o pantallas br b,17,0,0,0.0
2340,sino en todos los espacios mencionados con anterioridad br br etc tienes mucha razon jesus todos ten,12,0,0,0.0
2341,empujar ni la presidenta y la jefa de gobierno tienen la culpa al contrario han tratado de que todos,11,0,0,0.0
2342,mal que gente tan irresponsable yo opino que ya mejor quiten las pantallas para que ya no vaya tanta,10,0,1,-0.1
2343,me hace justo que mueran personas solo x ir a ver alla el partido que loco porque disfrutan tan feo ,14,0,0,0.0
2344,que gobierna pone limites necesitamos mano dura porque de otra manera actuamos como simios nuevament,17,0,3,-0.17647058823529413
2345,su casa moderen el consumo de alcohol el exceso es horrible te mata las aglomeraciones y el alcohol ,15,0,0,0.0
2346,intoxicarse eso no esta chido la multitud es un solo musculo dificil de controlar br comprensible pe,13,0,0,0.0
2347,consigo mismo y no ir al epicentro no es falta de sensibilidad es falta de preparacion decir es muy ,12,0,6,-0.5
2348,ya sabes que la gente festeja y ya sabes como sobre todo la jefa de gobierno que ha realizado evento,10,1,0,0.1
2349,acuda sin ningun tipo de prevencion eso no es irresponsable en cdmx en cada concierto gratuito se vi,12,2,0,0.16666666666666666
2350,te aplastan contra ella siempre estan tomando y hasta fumando marihuana asi se quot festeja quot en ,14,0,0,0.0
2351,es irresponsable decir que es muy dificil tambien lo es no es aprovechar para descalificar es que no,8,1,0,0.125
2352,llegaste al concierto se cierran accesos y ya no puedes ingresar y aqui porque no lo hicieron es irr,11,1,0,0.09090909090909091
2353,o no estan preparados para el cargo ni de jefe de gobierno ni de presidente si yo como jefe de segur,8,1,0,0.125
2354,portaron bien quot podria continuar con mi puesto seguro me corren y me fincan responsabilidad en es,13,0,0,0.0
2355,es responsabilidad del gobierno de la cdmx la tragedia pudo ser mucho peor por no existir filtros ni,12,0,0,0.0
2356,se necesita mas conciencia y sentido comun vi un en vivo en tiktok y en cada momento preguntaban se ,14,0,0,0.0
2357,lo que preguntaban a tal grado que la persona que estaba haciendo el en vivo dijo irritado que no pu,10,0,0,0.0
2358,era cuestion de tiempo estos desordenados tumultos con gente desbordada e inconsciente no podia pasa,13,0,0,0.0
2359,dimensionar hasta donde puede llegar la irresponsabilidad y las acciones al calor de emociones salva,15,1,0,0.06666666666666667
2360,que fomenten el desorden la gente que va sabe que pueden pasar cosas ahi mucha gente y puede ser pel,10,0,1,-0.1
2361,gobierno forma parte de esa falta de responsabilidad la gente debe ser responsable y llevar bebidas ,15,0,3,-0.2
2362,mas alternativas de celebracion pero somos muy tercos e ignorantes br mas que la autoridad los ciuda,12,1,2,-0.08333333333333333
2363,manana viernes porque ya bien entonados no se dan cuenta de la brutalidad que hacen tocayo buenos di,13,0,0,0.0
2364,se acabarian los diluvios se vale sonar diria nuestra abue te mandamos unos increibles saludos calur,16,0,0,0.0
2365,youtuber ese dia grababa un en vivo en las inmediaciones del zocalo muchisimas personas se empenaron,12,1,0,0.08333333333333333
2366,les hicieron caso rompieron el cerco y se metieron no es responsabilidad de la autoridad no es facil,11,0,0,0.0
2367,y saber en que momento parar no se necesitan miles de elementos para controlar una sociedad educada ,12,0,0,0.0
2368,ilicitas de orinar e incluso defecar en las areas verdes no es culpa de la autoridad el sabado pasad,12,0,0,0.0
2369,encima cientos de policias dos cosas interesantes sobre esto por que medios como este no cubrieron e,11,0,0,0.0
2370,grupo de mil personas exigiendo derechos trans liberacion de palestina cesar relaciones con el ente ,16,1,0,0.0625
2371,fifa donde esta ese brazo organizado entiendo que es proporcionalmente enorme pero creo que si se pr,12,0,0,0.0
2372,puedas n cubrir mas sobre la contramarcha yo tambien fui a ver a los fabulosos y mi hijo y su papa y,11,0,0,0.0
2373,hasta que la gente se fuera yendo y solo entonces cada uno de nosotros se iria acercando al asta ban,9,0,0,0.0
2374,y movernos juntos no lleven menores de edad negligentes cuidados mutuos a quienes se lo piden a puro,16,1,1,0.0
2375,no saben lo que hacen y la gente que lleva ninos para que los llevan no sean irresponsables si se re,7,0,0,0.0
2376,las familias que murieron pero es un riesgo ir a donde no se uede controlar a gentes irresponsables ,10,0,1,-0.1
2377,a sus hijos y pensar bien si vale la pena presumir quot que estuvo festejando en el angel clara brug,13,0,0,0.0
2378,ciudadania comunidad animalista perros y gatos no le interesan br brugada cuida lo que le es util qu,17,0,0,0.0
2379,el resultado euforia adrenalina salidas de control es un arma de doble filo y si hay bebidas etilica,14,1,0,0.07142857142857142
2380,inflando a una seleccion mediocre y que tarde o temprano saldra a relucir esto debido a esas celebra,13,0,0,0.0
2381,provocan irresponsabilidad y agresividad es mejor no ir a nada de ese circo el gobierno de la ciudad,10,0,0,0.0
2382,hablar fuerte y decir algo como quot basta a los brincos empujones y desmanes quot habra sanciones a,11,0,0,0.0
2383,lo alto que vergenza ante el mundo que mancha tan enorme sobre lo que ya se habia hecho que era la h,9,0,0,0.0
2384,alcoholicos imprudentes e irresponsables vaya despues de muertes ahora si ponen atencion a la escala,13,0,1,-0.07692307692307693
2385,a vender lo que se pueda segun el tema otros a robar algunos van a manosear otros a embriagarse asi ,7,0,0,0.0
2386,nada que ver unos con otros mas que la coincidencia del tiempo y el espacio el pueblo de mexico es m,10,0,0,0.0
2387,pongan en riesgo nuestra seguridad fisica y la de nuestros seres queridos ninos adultos mayores masc,18,1,1,0.0
2388,ya hay una emergencia por estampida podrian ayudar a la ssc la venta clandestin de bebidas alcoliica,12,2,1,0.08333333333333333
2389,se colan venderor s con carritos de supermercado entre la gente tambien los mismos asistentes tambie,12,0,0,0.0
2390,lamentable fallecimiento pudo haberse evitado si las personas fueran mas concientes y respetuosas co,11,0,0,0.0
2391,muy inconscientes y poco educadas provoquen estas tragedias que doloroso y que lamentable que estas ,12,0,0,0.0
2392,los jovenes que van a festejar al angel de la independencia sob jovenes que toman demasiado alcohol ,13,1,0,0.07692307692307693
2393,cosa es que vayan a causar problemas al no seguir las ordenes de las autoridades la gente es necia y,14,0,0,0.0
2394,sin trajedia hasta las actividades catolicas dejan muerterio tirado detras es una pena como nos volv,14,0,0,0.0
2395,con responsabilidad la autoridad no es pilmama de nadie yo igual estuve en el concierto de los cadil,7,1,0,0.14285714285714285
2396,salgo a la calle cuando se trata de panbol no lo veo no lo festejo hay que decirlo claro todo eso qu,10,1,0,0.1
2397,que el resultado del comportamiento de un pueblo desordenado desmadroso falto de educacion y valemad,14,3,0,0.21428571428571427
2398,parte mas siniestra de su personalidad y que ahi al disque celebrar saca todo lo que tiene metido y ,11,0,0,0.0
2399,o drogas se envalentonan y hacen lo que todos vemos en los videos y todo enfrente de la autoridad qu,11,0,0,0.0
2400,cuidan eventos de desfiles procesiones o otro motivo que haya cuidado de la sociedad civil es parte ,12,1,0,0.08333333333333333
2401,la suma de ineptitudes y pues obvio a rio revuelto ganancia de pescadores decirles que yo fui el pas,12,0,0,0.0
2402,dije que locura todos bebiendo hasta la locura respeto a los que lo hacen pero por favor si me dije ,15,0,0,0.0
2403,por doquier en fin no me parece que sea manera de divertirse sanamente terrible hubo escenas que no ,14,0,0,0.0
2404,shot quot otros decian beso beso beso que les pasa br digo para los que lo hacen solo controlense co,15,0,1,-0.06666666666666667
2405,ciudad que incluso caminamos hrs desde el angel hasta wordl trade center br ni didi nos cancelaron c,14,1,0,0.07142857142857142
2406,la a m como habian dicho eso si me enojo mucho pero ni hablar br una mujer empezo a golpear al polic,10,0,0,0.0
2407,oficial no tiene la culpa de que no haya servicio el recibe ordenes porque empezo a bajar las cortin,11,1,3,-0.18181818181818182
2408,mucha cultura civica comportarnos con educacion sin que eso no signifique que no disfrutes el moment,10,1,0,0.1
2409,deslindando mucho a las autoridades de la cdmx sobre el tema me parece muy negligente que se hiciera,10,0,0,0.0
2410,y no se tuviera ningun protocolo adecuado para evitar la tragedia guardias de civil megafono aviso d,13,0,0,0.0
2411,fanaticos inconscientes jesus eres unos de los pocos que esta proponiendo alternativas para que no v,12,0,0,0.0
2412,culpa de la gente que caen en excesos y se comportan como bestias desde el primer incidente la gente,13,0,0,0.0
2413,fifa y su cupula en lugar de poner policias molestando a los franciscanos debio tener su operativo d,12,1,0,0.08333333333333333
2414,ineptitud de cravioto fundamentalmente es secretario de desgobierno lugares mas abiertos a lo largo ,16,0,0,0.0
2415,que haber pantallas a lo largo que pena caray los mismos que querian boicotear el mundial hoy se cue,10,0,0,0.0
2416,esta tragedia mi estimado si es muy triste pero controlar un millon de personas es dificil en paris ,15,1,2,-0.06666666666666667
2417,heridos nomames jesus el gobierno federal esta cometiendo muchos errores gracias fifa gracias televi,18,0,1,-0.05555555555555555
2418,depositar nuestros desechos o residuos en lugares apropiados ayudandonos a mantener limon cdmx y ayu,16,1,1,0.0
2419,me estaban asfxiando en un evento y nunca jamas volvi a irme al frente q miedo me dio sson bien irre,12,1,0,0.08333333333333333
2420,de la seleccion pero ir esa manera de festejos me parece una tonteria yo gozo el partido con mi fami,10,0,0,0.0
2421,que tienes que ir ahi arrisgar tu vida si van quedense a las orillas y mejor no ir debemos cuidarnos,9,0,0,0.0
2422,han traido descesos con mas frecuencia de lo que uno quisiera debe haber personal capacitado para vi,13,0,0,0.0
2423,por este tipo de incidentes super atentos el gobierno debe poner orden organizando como tu dices que,15,0,0,0.0
2424,gente porque a habido miles de cientos de gente en muchas otras acumulaciones no a habido vigilancia,12,1,0,0.08333333333333333
2425,a dirigir a las mazas como tal yo e estado ahi eventos politicos festival de las catrinas conciertos,10,2,0,0.2
2426,quieren salir y se vuelve una situacion muy pero muy peligrosa aqui ojo cuiden a los ninos y como di,12,0,1,-0.08333333333333333
2427,en el metro a las horas pico cuando hay ninos y se esta empujando mucho la gente lo que es imperdona,10,0,0,0.0
2428,irrespensables asi es descentralizar o colocar mas mega pantallas en varios puntos de la ciudad esa ,14,0,0,0.0
2429,que asaltan constantemente a la ciudadania la misma gente que vivio el momento debe entender y verlo,9,0,0,0.0
2430,angel victoria alada su nombre real de hecho se reunieron el dia que calderon trono la compania de l,15,1,0,0.06666666666666667
2431,tronaba la empresa oo jesus escobar muchas gracias por tus comentarios br tengamos conciencia y cord,17,0,0,0.0
2432,abrazamos de corazon a los familiares y amigos de las personas que perdieron la vida br br gracias p,18,0,0,0.0
2433,un automovilista arrollo a personas lo que incito a los festejadores a matarlo a golpes que le bajen,14,0,0,0.0
2434,no sirve para nada y no lo digo por la gente tonta que arma borlote ay muchas cosas mal en la ciudad,14,0,1,-0.07142857142857142
2435,es mucha ignorancia los del prian crearon panico al difundir gritos de tiro de bal s falsas yo creo ,13,0,0,0.0
2436,nada tienen que ver con festejar no puede ser que la gente no se ponga a pensar que habiendo tanta g,9,0,0,0.0
2437,todos estan en la calle con que fin destrozar carros robar tirar puestos de los que se estan ganando,13,1,0,0.07692307692307693
2438,alcohol parte de las libertades sin responsabilidad personal en el en toda esa area mencionada rios ,11,1,0,0.09090909090909091
2439,punto del borlon las broncas mejor esquivamos hasta podernos sentar pero todo calmado pero ay que fl,11,0,0,0.0
2440,de coperacha que triste y lamentable es un reflejo de falta de valores y respeto en esta sociedad de,13,0,4,-0.3076923076923077
2441,ganar mexico y saber esta tragedia que descansen en paz ahora imaginate que tiemble en ese momento e,12,0,0,0.0
2442,ambos brazos para que todos comienzen operacion apoyo al caido clara y sus servidores publicos no se,13,0,0,0.0
2443,de esta tragedia br y el aforo hay que controlarse dificil si estan alcoholizados o drogados saludos,13,0,0,0.0
2444,negocio y la gente se la cree es un juego de futbol si pierde o gana esta bien es un partido para qu,11,0,0,0.0
2445,momento conviviendo con la familia amigos no se fanaticen br viva la mexico el domingo sera lo mismo,13,0,0,0.0
2446,son la formula perfecta para la tragedia hay grupos de gente que comienzan a gritar quot a nadar quo,17,1,0,0.058823529411764705
2447,llamado de clara brugada no es suficiente las estadisticas tampoco el gobierno permitio la venta de ,14,0,0,0.0
2448,de gente se empujan agreden y ponen en riesgo a familias enteras incluidos ninos sheinbaum muy dista,17,0,1,-0.058823529411764705
2449,me parece que fue el dia que gano argentina la ciudad de mexico se desbordo en muchedumbres incontro,13,0,1,-0.07692307692307693
2450,el centro de la ciudad durante toda esa noche los que hoy son la oposicion resolvian ocultando todo ,9,0,0,0.0
2451,se cuide mutuamente y ayude a quienes requieran atencion medica esa noche los que sabemos cuidarnos ,12,0,0,0.0
2452,para apoyarnos hasta que paso el desastre social futbolero los muy jovenes por su edad no saben prot,12,1,1,0.0
2453,ser prudentes y no meternos en un lugar tan lleno no mas pantallas callejeras con consejos nadie va ,11,0,0,0.0
2454,idiotiza ala gente br cero alcohol br aqui en mi colonia br jovenes con motos br y alcolizado hacien,18,0,0,0.0
2455,o atropellan a personas que caminan por las calles tocayo por que se permitio y por que la poli no t,12,1,0,0.08333333333333333
2456,los borrachos son mas dificiles de controlar hola buenas noches yo creo que el gobierno de la cdmx c,13,0,0,0.0
2457,se encontraban reprimiendo una manifestacion justa quot la de las madres buscadoras que facil se lav,15,0,0,0.0
2458,tienes mucha razon hay que crear la cultura de que si alguien se cae y luego luego hay que levantarl,7,0,0,0.0
2459,muy poquito ya lo veras en el futuro imaginate si llega a ganar inglaterra cada vez va a volcarse ma,12,0,0,0.0
2460,ahora q paso la diversion qd atras br q triste q este pasando vi en la tele q unos chicos estaban ro,13,0,0,0.0
2461,divertirse sanamente no con violencia siempre habra gente que no entienda ni con esto y seguiran sie,12,0,1,-0.08333333333333333
2462,a pasar no se rick a mi me parece que los fach s ya vieron la ultima temporada de criminal minds la ,9,0,1,-0.1111111111111111
2463,pero que sean prudentes y se cuiden unos a otros br mexico campeon por eso mejor no asi lo digo taja,10,0,0,0.0
2464,no se debe caer en el fanatismo como dice la presienta se debe tomar las cosas en su justa medida ya,8,0,0,0.0
2465,escrito q manera tan estupida de perder la vida por el football era de esperarse son unos animales p,13,0,0,0.0
2466,escobar torreon coah esperando escucharlo hola jesus esperando tu transmision jesus escobar buenas n,22,0,0,0.0
2467,poderosisima unam estadio hermoso obvio no les conviene un pueblo educado pues no pongan pantallas y,15,0,0,0.0
2468,mas aglomeracio n y muera mas gente tremenda stupideces de clara burrada festejen con satanas en el ,18,0,0,0.0
2469,a pasar dejaban que cabrones se subieran al techo de las estaciones del metrobus esto pasa cuando go,12,0,0,0.0
2470,piden que voten por ellos por que nos tienen que cerrar todos a festejar frente a palacio nacional s,10,0,0,0.0
2471,se trata de una mayor vigilancia y seguridad a la gente que anda ahi aparte de un mejor comportamien,11,2,0,0.18181818181818182
2472,cuando se puede festejar de una forma pacifica y tranquila ya que van familias con sus hijos br pero,9,0,0,0.0
2473,casa en su municipio delegacion b i que sus muert s sean en otro lugar i b la prietiza esta fuera de,11,0,0,0.0
2474,peor que tenemos ante el mundo asi hubieran hecho con las costosas marchas del clara se ve muy mal d,12,0,2,-0.16666666666666666
2475,aqui llegaron eeuu mexico canada ahora si estan felizes ya no mas festejo pero si tristesa con basur,12,0,0,0.0
2476,al reportero las protestas sociales tambien se dan de forma natural y las reprimen asi mismo reprima,12,0,0,0.0
2477,proteccion civil debe rendir cuentas minimo que renuncie inutil ni eso sabe planear pues si va haber,15,2,1,0.06666666666666667
2478,manipulacion de mentiras de noticieros esto no es festejo sino orgias y desmanes creo dibo desir lo ,12,0,0,0.0
2479,tambien verdad por si las dudas amen es el alcohol es que el hace que la gente aga el desorden mi am,12,0,0,0.0
2480,emi gente bruta que no aprende de las desgracias seguramente los fachos los fueron a tirar para hace,14,0,0,0.0
2481,que montaron para que alla mas espacio y aun asi se va a llenar tragedia en plena celebracion en la ,13,1,0,0.07692307692307693
2482,sobre ecuador br br ciudad de mexico de julio de br br la euforia por el triunfo de la seleccion de ,15,0,0,0.0
2483,mundial de futbol termino en tragedia la noche del martes de junio cuando tres personas murieron por,17,0,0,0.0
2484,el puesto de mando del sector salud del gobierno de la ciudad de mexico las victimas son dos mujeres,12,0,1,-0.08333333333333333
2485,en medio de una concentracion que de acuerdo con estimaciones oficiales reunio a cerca de un millon ,13,0,0,0.0
2486,ocurrido en la colonia juarez br br dos de las victimas fueron halladas inconscientes en el cruce de,16,1,2,-0.0625
2487,realizaron maniobras de reanimacion cardiopulmonar antes de su traslado a centros medicos donde se c,14,0,0,0.0
2488,calle berna tambien en la misma zona fue trasladada con vida a un hospital pero posteriormente se co,17,1,0,0.058823529411764705
2489,de la ciudad de mexico clara brugada informo que las autoridades mantienen contacto con las familias,14,0,1,-0.07142857142857142
2490,presidenta de mexico claudia sheinbaum expreso su solidaridad y ordeno reforzar la asistencia instit,18,0,0,0.0
2491,una noche de fiesta que termino en dolor br br lo que comenzo como una celebracion multitudinaria po,15,1,0,0.06666666666666667
2492,las autoridades continuan investigando las circunstancias exactas de los hechos ocurridos durante la,16,0,0,0.0
2493,oficiales del gobierno de la ciudad de mexico que pongan la foto mientras la policia contenia a las ,15,0,1,-0.06666666666666667
2494,provoco estas muertes al dejar a una muchedumbre sin control por q no pasan su tatuaje tal ves sea f,10,0,0,0.0
2495,encontraron algun documento como identificacion deberian pasar la foto de su tatuaje jajajajajjajaaa,17,0,0,0.0
2496,ami favor y por que casi lo pierdo todo pueda recuperar ami ninos y por que tengo cancer en constant,14,0,2,-0.14285714285714285
2497,favor gracias dios le bendiga siempre amen hay que luchar contra los pecados capitales del diario sa,20,0,0,0.0
2498,el presidente de guatemala exhibiendo a su ejercito el crimen organizado exhibiendo armas de fuego e,15,0,1,-0.06666666666666667
2499,enfermeras me consta que ellos compran sus uniformes y material van a beber por su cuenta a los ebri,13,0,1,-0.07692307692307693
2500,hacer una fiesta en cada partido de futbol pero la gente lo hecha a perder por su comportamiento tan,13,0,0,0.0
2501,de multitud ya vieron que el alcohol no es el unico problema o son o se hacen su ley seca se la pasa,11,0,1,-0.09090909090909091
2502,compra desde antes y los borrachos lleban su arsenal de bebidas y sin pena ni gloria estan tomando h,11,0,0,0.0
2503,solo hablan a lo tarugo lo unico que logran asi es que salga mas caro beber y mas arriesgado por aqu,12,0,0,0.0
2504,celebrar y beber papi gobierno perdon pero jajajajajajajajajajajajajajaja uy si jajajajajaajjaa jaja,16,0,0,0.0
2505,calle que demuestren educacion de no sangolotear lis carros y camionetas educacion educacion va a pa,12,4,0,0.3333333333333333
2506,estar lleno de borrachos entre mas les dices que no mas lo hacen br si no ubiera ley seca no habra t,10,0,1,-0.1
2507,desbocan hermosa cancion iran pais hermano br que bella cancion gracias tijuana mexico por ser solid,19,0,0,0.0
2508,un aliado gracias trump somos hermanos este es su pais siempre seran bienvenidos que hermosa cancion,15,0,0,0.0
2509,cancion dios los bendiga y los proteja dios les bendiga grandemente una cancion hermosa con voz y mu,14,1,0,0.07142857142857142
2510,iran siempre bienvenidos a mexico bendiciones el mundo deberia dar mas amor todos somos hermanos que,15,0,0,0.0
2511,tanta injusticia a un pueblo que solo quiere seguir adelante y todavia causarles mas dolor cerrandol,13,0,0,0.0
2512,br hermanos iranies estan en nuestro corazon gracias hermanos mexicanos por su amistad y confraterni,19,0,0,0.0
2513,algo tan hermoso q me llega hasta el alma y me hace llorar porw a pesar q mexico hay corrupcion viol,11,0,3,-0.2727272727272727
2514,calidos y reciben alos extranjeros los abrazan como a uno mismo por eso dice la palabra de dios ama ,15,0,0,0.0
2515,extranjeros en la tierra q les di what a beautiful video and song we appreciate it brothers of iran ,14,0,0,0.0
2516,regreso a su pais y hogares la tierra mas cercana a los pasos de dios saludos humildes de un quereta,12,0,0,0.0
2517,tener fronteras hermosa cancion br hasta las lagrimas br dios bendiga a los patriotas que apoyaron y,15,0,0,0.0
2518,los iranies de un mexico que recibe al turismo con alegria y bondad bella cancion dios bendiga a tod,13,0,0,0.0
2519,amor hospitalidad y confianza de sentirse acogidos en nuestro mexico lindo y querido dios derrame su,15,0,1,-0.06666666666666667
2520,mexico estamos felicidades de poderlos haber tenido aqui en nuestro hermoso mexico hermanos iranies ,13,0,0,0.0
2521,hermanos de tijuana y hermanos de iran nos une el humanismo todos somos iguales e hijos de dios bend,15,0,0,0.0
2522,cancion y iran siempre seran bien benidos a mi mexico gracias tijuana tijuairan br desde chihuahua c,17,0,0,0.0
2523,de lucha y resistencia son grandes son heroes son el pueblo de iran bienvenidos hoy y siempre con al,14,0,0,0.0
2524,siempre al heroico y valiente pueblo de iran que hermosa cancion gracias iran por tan bonita cancion,14,0,0,0.0
2525,mundo todos somos iguales somos hermanos dios los bendiga iran y a todos los paises y a todos y toda,12,0,0,0.0
2526,hermosa cancion hermanos iranis me hizo llorar gracias desde nuestro amado mexico esto es de lo mas ,15,0,0,0.0
2527,banderas o equipos gracias a iran tambien viva mexico viva iran gracias tijuana br gracias iran br g,19,0,0,0.0
2528,es muy bonita cancion los autenticos ganadores del mundial esto es lo que todos comentan a mi alrede,13,0,0,0.0
2529,emotiva cancion quot si no existieran las fronteras todos los humanos nos comportariamos como herman,18,0,0,0.0
2530,hermandad quot oremos para que esto suceda si se puede los mexicanos somos unicos menos los del gabi,11,0,0,0.0
2531,fiesta de deporte ay que saber perder que bonito sentimiento y plasmado en una cancion basta de guer,16,0,0,0.0
2532,si estuviera en espanol mexico siempre los esperara con los brazos abiertos amigos iranies mexico no,12,0,0,0.0
2533,abrazamos con el corazon solo eso tenemos para dar amor donde esta in mexicano hay alegria todos son,10,0,0,0.0
2534,pero siempre la generosidad de nuestra gente lo levanta somos mas los buenos por eso amo a mi mexico,12,0,0,0.0
2535,siempre mi mexico es su mexico gente bonita de tijuana que orgullo eso es mexico gracias por recorda,12,0,0,0.0
2536,la hermandad entre los pueblos y la solidaridad somos humanistas que lastima que los gringos soberbi,16,0,0,0.0
2537,los que ha recibido nuestro pais y nunca alimentaran el alma con este tipo de emociones gracias mexi,12,0,0,0.0
2538,los equipos del mundial a mexico muy bonita cancion compusieron de gratitud a mexico nuestros herman,16,0,0,0.0
2539,son bienvenidos hermanos de iran tijuana iran por que apoyar las decisiones de otros br br somos her,18,0,0,0.0
2540,abre nuestro entendimiento y llenanos de amor para dar trop beau pais hermoso con gente valiente e i,17,0,0,0.0
2541,poetica y filosofica br viva iran hermosa melodia br gracias hermanos por recibir el amor mexicano b,19,0,0,0.0
2542,finales la demostracion de nuestra solidaridad y amor hacia un pueblo que necesitaba nuestro afecto ,12,0,0,0.0
2543,hermanos de iran hermosa melodia con un msj de fraternal abrazo hacia el que lo necesito en su momen,13,0,0,0.0
2544,sin fronteras solo existiendo el amor fraternal urra iran eres esperanza fe y luz ante la crueldad d,17,1,0,0.058823529411764705
2545,son un pueblo hijos del dios verdadero como lo somos en mexico nuestra fe es nuestra comunion como p,12,0,0,0.0
2546,los nuestros y siempre alcanza para dar a mas br br gracias pueblo irani por acoger a mexico como su,12,0,0,0.0
2547,espanol porque en ingles que gran talento quedo de lo mejor la cancion una cancion bellisima que une,14,0,0,0.0
2548,por la bondad de millones de voces que cantan al unisono hermosa cancion viva iran gracias a dios po,15,0,0,0.0
2549,por su recibimiento al equipo d iran y su regreso a casa viva iran viva br br siempre seran bienveni,15,0,0,0.0
2550,es mexico cabrones mexico grandioso hermoso bondoso gracias senor celestial que bello nuestro corazo,20,0,0,0.0
2551,por siempre iran si mexico es como es solo sucede porque la madre de dios vive aqui en nuestro mexic,8,0,0,0.0
2552,son sus amados hijo los amamos atodos iran br salud amor triunfo para iran br estan en el corazon de,18,0,0,0.0
2553,con ustedes amen bendiciones para ambas naciones hermoso gesto que viva la solidaridad entre los pue,18,0,0,0.0
2554,llego al bienvenidas todas las personas agredidas a pesar de que son de buen corazon viva iran vence,12,0,0,0.0
2555,la garganta orgullosa de mi pais mi patria me hicieron llorar muy bella cancion br dios les bendiga ,14,0,0,0.0
2556,mostrado cooperador con pueblos en el mundo abrazo fraterno a iran ain hasta me hicieron chillar her,16,0,0,0.0
2557,casa es tu casa dios bendiga a iran un abrazo a la distancia y mexico siempre sera su casa cuando gu,14,0,0,0.0
2558,se siente cuando un pais agradece a nuestro mexico gracias iran mexico un corazon tan grande que aba,15,0,0,0.0
2559,pueblo hermano en mexico te respetamos y te cobijamos un fuerte abrazo al valiente pueblo de iran he,17,0,0,0.0
2560,alguna todos somos hermanos y no hay nada que nos separe siempre hermanos y esta esu casa que hermos,16,0,0,0.0
2561,mexico gracias muchas gracias hermano iran y mexico unidos en las buenas y en las malas br que bonit,17,0,0,0.0
2562,br que hacen sentirme orgulloso de ser mexicano y el de estar con ustedes siempre apoyandolos siempr,10,1,0,0.1
2563,mundo para quienes estan en guerra los abrazamos desde mexico iran grancias iran por esta cancion re,13,0,0,0.0
2564,abiertos con corazon y con la hermandad de que todos somos hijos de dios super cancion un poco trist,9,0,0,0.0
2565,una amistad con iran y mexico bendiciones a todos los de iran no se olviden de mexico siempre estara,12,0,0,0.0
2566,cuando gusten volver mi casa es tu casa irani gracias tijuana por su hospitalidad viva mexico viva i,18,0,0,0.0
2567,ustedes nuestras oraciones para su hermosa patria todo va a estar bien buen regreso a casa mexico lo,14,0,0,0.0
2568,pais y nuestro corazon siempre estara abierto para el pais d iran y su gente nuestro mexico los reci,12,0,0,0.0
2569,lo que recibieron fue desde el fondo de nuestro corazon esto no es tema politico es de humanidad de ,8,0,0,0.0
2570,mano y de corazon con ustedes saludos y un fuerte abrazo campeones queremos mas a iran que a ecuador,13,0,0,0.0
2571,gracias iran tambien sabemos de injusticias por eso siempre seran bienvenidos a mexico viva iran her,13,0,0,0.0
2572,este hermoso pais que es mexico wow wow that s the more touching songgod blessed the country of iran,14,0,0,0.0
2573,cancion a mi pais gracias tan bella cancion gracias que bonita cancion me hizo llorar gracias gracia,17,0,0,0.0
2574,su gente dios los bendiga br una nacion milenaria iran br dios los bendiga siempre gracias iran uste,15,0,0,0.0
2575,los recibira como hermanos los queremos con el corazon que cancion tan genial gracias tijuana por re,12,0,0,0.0
2576,amamos somos un mundo una sola casa donde abitamos millones de prsonas pero que solo cuando el coraz,14,0,0,0.0
2577,iran siempre los recordaremos con carlo que dios y la virgen de guadalupe los proteja y los cuiden a,12,0,0,0.0
2578,siempre siempre seran bienvenidos bendita gente que reconoce el amor dios los bendiga hermanos de ir,13,0,0,0.0
2579,creador por haberme concebido en este bello pais que el creo este pais llamado mexico muchas gracias,15,0,0,0.0
2580,u s a muchas gracias mis hermanos wow wow wow en verdad me hizo llorar que bonita y emotiva cancion ,14,0,0,0.0
2581,cancha gracias por esto hermanos que esta cancion nos llega a nosotros los mexicanos sigan siendo un,14,0,0,0.0
2582,bendiciones a todos aquien llegue aqui a mexico a cualquier punto de la republica mexicana son bienv,14,0,0,0.0
2583,casa es tu casa que dios y ala le digan a los chilenos y a mexico vivacidad si viva mexico cabrones ,12,0,0,0.0
2584,el mundo pero el mundo viene hacia nosotros y son bienvenidos me hizo llorar esta hermosa la cancion,12,0,0,0.0
2585,mexicanos esta es su casa bendiciones para toda la gente del mundo sabemos que el problema son los g,12,0,1,-0.08333333333333333
2586,todos somos ganadores gracias a ustedes bendiciones a todo el pueblo de iran a su seleccion siempre ,12,0,0,0.0
2587,unidos we love you too for ever brothers iran heroes del mundo br se les ama respeta y admira hermos,18,0,0,0.0
2588,somos un solo corazon latiendo en todo el mundo viva mexico campeon mundial amigos siempre pueblo he,12,0,0,0.0
2589,makes me cry sin politiquerias se merecen ser tratados como lo que son seres humanos hijos de dios m,14,0,0,0.0
2590,por delante hermosa cancion oro porque haya paz en todo el mundo mucho mejores personas los coreanos,17,1,0,0.058823529411764705
2591,mexico y viva la gran nacion de iran no se lo que haya pasado antes durante o despues del encuentro ,10,0,0,0.0
2592,de esta lado del continente el deporte por encima de la violencia y todo aquello que pueda empanar e,10,0,1,-0.1
2593,respetuoso y empatico que ayuda al necesitado y no a la horda de simios que hacen desmanes dejando e,15,0,1,-0.06666666666666667
2594,los mexicanos igualmente los queremos a iran bendiciones para su pais gracias hermosa cancion siempr,15,0,0,0.0
2595,eso quedara para siempre de este mundial br viva mexico br viva iran desde el pequeno mexico br gran,16,0,0,0.0
2596,hasta br pronto gran iran br br desde el pequeno mexico hsy por dios br esto es mexico para el mundo,16,0,0,0.0
2597,ahi se mostro corazon apoyo y mucho amor gracias tijuana por hacernos ver bien a todos los mexicanos,13,0,0,0.0
2598,por lo sucedido en su tierra con todo y eso tuvieron el animo y valor de presentarse al mundial con ,9,0,0,0.0
2599,recibimos y a cojemos a quien a sufrido y necesita un calido abrazo con amor se lo damos a nuestro p,10,0,0,0.0
2600,se trata de apoyar lo hacemos sin preguntas ni importar de donde ni quien eres solo importa ayudar y,9,0,0,0.0
2601,es el unico pais que nos a hecho tan bonito presente jamas lo imagine de un pais tan lejano de otro ,12,0,0,0.0
2602,bonito porque los paises de america a esepcion de brasil y colombia todos los demas nos atacan se bu,9,0,0,0.0
2603,presentes cuando requieren ayuda y tambien los recibimos les permitimos trabajar hacer dinero e incl,13,0,0,0.0
2604,el contrario se portan nefasto gracias por esta hermosa cancion que la paz llegue pronto a su pais t,17,0,0,0.0
2605,quieran ser hermanos de mexico adelante bienvenido que cancion tan mas bella se me erizo la piel y r,14,0,0,0.0
2606,hermosa tijuana por hospedar a los hermanos de iran saludos y bendiciones desde mexico y que dios tr,18,1,0,0.05555555555555555
2607,lleva en su corazon somos naciones hermanas como dios nuestro senor lo dijo trata a tu proximo como ,10,0,0,0.0
2608,ayyyyy que bonita me emociono mucho no importo que llegaban de un pais con una religion diferente po,11,0,0,0.0
2609,misma ves no importa que nombre le demos a dios todos lo podemos tener en el corazon esto es verdade,11,0,1,-0.09090909090909091
2610,hacen otros paises como los vecinos del norte ha sido lo mas triste del mundial lo que les hicieron ,7,0,0,0.0
2611,pararon hasta dejarlos fuera del mundial pero dentro de nuestro corazon iran solo un grande se retir,10,0,0,0.0
2612,pasaron que bonito dios los bendiga siempre que hermosa letra iran veniste viste y conquistaste nues,15,0,0,0.0
2613,adversidades lucharon hasta el ultimo momento lo dieron todo en la cancha que bonita cancion y bonit,12,0,0,0.0
2614,quiere a mexico donde sea ay que habrazarnos y darnos la oprtunidad de que todos somos hermanos bien,14,0,0,0.0
2615,todos somos hermanos muy bonita gracias iran que profunda y hermosa letra siempre seran bienvenidos ,16,0,0,0.0
2616,hay racismo no hay diferencias somos iguales somos seres humanos y es un honor k vengan a nuestro pa,12,0,0,0.0
2617,you in ours hearts me encanto esta cancion iran iran que hermosa hermandad ojala y todos los paises ,16,0,0,0.0
2618,que bella cancion todos somos hermanos bendiciones para iran gracias a ustedes es un enorme gusto ha,12,0,0,0.0
2619,derechistas que quieren regresar a sus intereses pero ustedes vieron nuestro verdadero corazon dios ,13,0,0,0.0
2620,mi gente de tijuana gracias y que pronto llegue la paz a iran de eso se trata el deporte de unir a l,11,0,0,0.0
2621,idioma que lastima que en nuestro continente y con el mismo idioma hay diferencias creo que amamos a,12,0,0,0.0
2622,mi amigo irani saeed deseo de todo corazon que este bien al igual que su familia no le llegan desde ,13,0,0,0.0
2623,hermanos que lindos siento que les aya tocado vivir en una tierra codiciado por el imperio oh bellis,19,0,0,0.0
2624,amistad muy hermosa cancion esto es mexico hermanos de iran mexico siempre sera su casa guuuuau que ,15,0,0,0.0
2625,hermosa letra que los iranies dedicaron a nuestro mexico y muchas gracias por compartirlo bendicione,14,0,0,0.0
2626,fue lindo tenerlos en mexico gran pueblo de iran oigan ensenenos ha echar misiles no sean asi herman,15,0,0,0.0
2627,aprender a echar misiles como ustedes para defender a mi pais y gracias por la cancion quedo rete ch,17,0,0,0.0
2628,y sus taquitos simplemente wooooooooooooooooow gracias gracias gracias iran pais hermano x siempre h,16,0,0,0.0
2629,nuestras memorias viva iran y viva mexico br carbones gracias iran unos hipersonicos para la banda p,19,0,0,0.0
2630,excelente por la gente de tijuana br saludos desde chihuahua animo iran iran ustedes siempre seran b,16,0,0,0.0
2631,para adelante lo mejor siempre se les aprecia gracias por esta hermosa cancion bendiciones a todos v,14,0,0,0.0
2632,eres mexicano saludos e iran por su gente a quie en mexico tienes las puertas abiertas aaaaa iran pu,16,0,0,0.0
2633,nuestros hermanos y hermanas iranies por esta despedida que no hace mas que consolidar nuestra amist,13,0,0,0.0
2634,tu casa bella cancion gracias iran mexico pais sin fronteras sin muros sin discriminacion es un pais,18,0,0,0.0
2635,nuestro pais mexico iran and mexico for ever friends para mis hermanos de iran mexico es su casa no ,15,0,0,0.0
2636,br somos tan iguales muy bonita cancion gracias hermanos de iran desde mexico un abrazo hasta nuestr,14,0,0,0.0
2637,de guerras somos hermanos y tenemos un corazon enorme para amarlos feliz retorno a su pais la neta e,13,0,0,0.0
2638,le duela al cheto naranja gracias iran por tan hermosa cancion siempre seran bienvenidos en mexico e,14,0,0,0.0
2639,en paz br no racismo br no fraudes br no enganos br no mentiras br no ataques de ninguna forma br no,18,0,0,0.0
2640,un corazon abierto dios bendiga siempre a iran que le de mucha sabiduria y victoria iran un pais que,12,0,0,0.0
2641,son dios los bendiga por siempre a ese gran pueblo tan valiente bendecido seas iran siempre seran bi,12,0,0,0.0
2642,a nuestro mexico me siento orgullosa l mil de ser mexicana todos tenemos empatia ese gran corazon am,15,0,0,0.0
2643,querido sumamente solidario iran hermano ya eres mexicano claro que siiiii que bonita cancion gracia,20,0,0,0.0
2644,que estuvieron bien atendidos respetados y con la calidez y hermandad que nos define asi como para t,11,0,0,0.0
2645,no hay barreras ni fronteras es momento de que haya hermandad por siempre gracias dios bendiciones p,14,0,0,0.0
2646,corazones grandes y bondadosos agradecen de esa manera br mexico les desea a su pais todo lo mejor r,11,0,0,0.0
2647,de iran y el presidente trop recuerde q el carma existen personas como ustedes hacen hay tanto odio ,9,0,0,0.0
2648,mundo se acaban tambien ustedes y para q hacer guerra q es su propia guerra de ambicion viva iran so,12,0,0,0.0
2649,hermoso agradecimiento de nuestros hermanos iranies bienvenidos todas las naciones aqui mexico donde,15,0,0,0.0
2650,oprimidos del mundo son titanes son nuestros hermanos muy bella cancion siempre estaran en nuestros ,12,0,0,0.0
2651,los amamos vuelvan pronto viva iran y mexico mexiran solo un corazon que veng n aqui se esc p n de e,17,0,0,0.0
2652,si tanto aman a pinchi estados unidos ballanse para aya que sea en espanol o iranie a un que entiend,12,0,0,0.0
2653,irani buen viaje iran feliz regreso a casa y x q no tal vez algun mexicano un poco loco como yo diga,13,0,0,0.0
2654,es un asta luego bendiciones al pueblo digno y valiente de iran ejemplo de fortaleza y coraje fuerza,13,0,0,0.0
2655,los mexicanis van a ir mejor a iran en vez de ee uu con sus famikias a vivir gracias por este video ,12,0,0,0.0
2656,uds nobles jugadores del futbol con carino saludos y abrazos para todo iran ojala les invitaran a vo,17,0,0,0.0
2657,senor jesucristo dijo ama a tu projimo como yo te amo a ti amen iran ala con ustedes amen gracias mi,15,0,0,0.0
2658,de amar al projimo como dios manda respetarnos y ayudarnos en los momentos buenos y no tan buenos bi,11,0,0,0.0
2659,brazos abiertos viva iran iran pueblo valiente que lucha contra los sionistas nazis que quieren quit,19,0,1,-0.05263157894736842
2660,estoy con ustedes me siento muy orgullosa de ustedes arriba iran mexico siempre fraternal con el mun,17,0,0,0.0
2661,humanos somos tan soberbios que no nos interesa a quien destruimos leo dan canta en una de sus estro,11,0,0,0.0
2662,con todo su corazon y habla con el iran no estan solos mexico los aprecia salve maria amen amen amen,14,0,0,0.0
2663,a tener casa y un chingo de amor por que a nosotros no nos importa el pais de donde sean para nosotr,6,0,0,0.0
2664,el mundo geros morenos chinos iranis judio y todo el mundo en general somos de carne y hueso y echos,14,0,0,0.0
2665,y en mexico no ay madad de esa y una ves mas les reitero aqui en mexico tienen su casa con un chingo,12,0,0,0.0
2666,y al mundo entero los amamos de un mexicano para el mundo no mames se me salio una lagrima viva iran,15,0,0,0.0
2667,bendiga algo s iranies wow que linda cancion de agradecimiento gracias a nuestros valientes hermanos,15,0,0,0.0
2668,pueblo es grande y generoso y mucha humildad br viva mexico la neta que mexico es unico por otro lad,12,0,0,0.0
2669,y la fifa en contra de la selecion de futbol de iran es excecrable bonita cancion tal vez si la ubie,11,0,0,0.0
2670,pais que les cerro las puertas pero el mensaje es hermoso hermoso gracias dios los bendiga bravo ira,16,0,0,0.0
2671,de mi mexico lindo y querido regresen pronto mexico siempre los abrazara siempre seran recibidos ira,15,0,0,0.0
2672,aqui en tijuana y en todo mexico saludos desde aguascalientes mexico que dios los bendiga siempre en,14,0,0,0.0
2673,es su casa iran con corazon noble y agradecido bienvenidos siempre gracias mis hermanos iranies bend,16,0,0,0.0
2674,hermanos mexicanos el partido que tuvieron contra egipto en verdad llore por el robo que les hiciero,9,0,1,-0.1111111111111111
2675,en pie son una gran nacion siempre los apoyare la verdad mis respetos y toda mi gratitud son los mej,12,0,0,0.0
2676,con todos los paises ayer hubo demostraciones de muy poca educacion y empatia con personas de ecuado,14,1,0,0.07142857142857142
2677,simplemente no tengo palabras solo un nudo en la garganta y el corazon acelerado que hermosa cancion,15,0,0,0.0
2678,fuerza iran nuestras oraciones con ustedes bienvenidos iranies y todos los humanos del planeta hasta,15,0,0,0.0
2679,se cosecha lo que se siembra gracias a toda la gente linda de mi pais magnifica letra sera un exito ,14,1,0,0.07142857142857142
2680,barreras gracias mexico que dios los bendiga hermanos por siempre que hermoso me hicieron llorar org,13,0,0,0.0
2681,jovenes futbolistas iranies muy bonita melodia todo nuestro amor y se terminen las guerras hermosa c,16,0,0,0.0
2682,brazos abiertos siempre gracias iran simplemente los queremos att mexico we wish the best iran mexic,18,0,0,0.0
2683,presidenta que junto con todo su pueblo les abrieron las puertas del pais y su enorme corazon y bond,11,0,0,0.0
2684,y tambien en los malos momentos bravoooo por todo un pais y por iran yo tuve un novio irani y siempr,11,0,0,0.0
2685,siempre seran bienvenidos en mexico hermanos del alma que hermoso mensaje dios les bendiga siempre y,13,0,0,0.0
2686,como es mexico y comenten con sus familiares amigos companeros como deben de ser eso es lo que dios ,7,0,0,0.0
2687,debe mostrar al mundo que todos somos hermanos aunque nuestro idioma nos limite las acciones no pero,10,0,0,0.0
2688,se termine la guerra dios por favor entra en los corazones de las personas que estan en guerra preci,14,0,0,0.0
2689,o situacion social los mexicanos estamos y somos hermandad antes de cualquier situacion en mexico so,10,0,0,0.0
2690,hora buena a todos muy linda cancion hermanos iran gracias a ustedes por su confianza abrazo asi es ,15,0,0,0.0
2691,cuidarnos ayudarnos no ser egoistas cumplir en verdad la primicia amar al projimo como a ti mismo he,14,0,0,0.0
2692,siempre hermosa melodia gracias hermanos de iran los tenemos en el asi somos los mexicanos siempre d,12,0,0,0.0
2693,jugar un amistoso que hermosa cancion creo se me metio una basurita al ojo mexico los recibe con los,12,0,0,0.0
2694,dios los acompane y lleguen con bien a su pais oramos siempre por el fin de las guerras mexico no qu,10,0,0,0.0
2695,de iran gracias pirsu vicita a nuestro pais que es su casa vengancuando quieran aqui seran siempre b,14,0,0,0.0
2696,expresion de carino hacia seres humanos de otras latitudes pero que estan en los s que no conocen de,12,0,0,0.0
2697,no termina iran siempre fiel felicidades desde mexico gracias gracias gracias iran bienvenidos mexic,22,0,0,0.0
2698,son unos chicos maravillosos por iran hermosos cancion ohhh my god esta cancion me destrozo el coraz,19,0,0,0.0
2699,cancion muy emotiva br gracias por este tributo a mexico br que corazon tan bello y noble el de los ,14,0,0,0.0
2700,millones de personas alrededor del mundo los amamos y siempre seran bienvenidos campeones irani herm,15,0,0,0.0
2701,calides que bonito bendiciones mexico no es de pelea es de paz amor fraternal ofrecemos un plato de ,14,0,0,0.0
2702,narcotraficantes porque la bestia queria seguir gobernando para saciar sus ambiciones por eso siempr,14,0,0,0.0
2703,es eso y se lo carga a mexico pero hoy el mundial del ha hablado con palabras y no con balas y mexic,9,0,0,0.0
2704,brazos abiertos porque sabemos lo que es ser discriminado y desprestigiado por los que se creen reye,13,0,0,0.0
2705,olvidaremos los mexicanos somos humanos de paz br viva iran y mexico asi es mi mexico puro cuanta hu,18,0,0,0.0
2706,micho aprendizaje de ustedes gracias mexico por darnos esperanza en este momento oscuro que mi pais ,15,1,1,0.0
2707,la nacion persa gracias dios los bendiga y traiga la paz a su hermoso pais hermanos iranies y korean,17,0,0,0.0
2708,dios libre a iran del regimen diabolico de iran simplemente hermoso gracias por tanto amor mi es uni,14,0,0,0.0
2709,divino dios cuida y protege al extranjero asi dice en su palabra gracias iran por esta cancion que c,13,0,0,0.0
2710,jamas jamas sera vencido dios les bendiga grandemente desde mexico asta iran iran y mexico amigos pa,20,0,0,0.0
2711,siempre que quieran los esperamos con los brazos y el corazon abiertos dios los colme de bendiciones,15,0,0,0.0
2712,gracias por este gesto tan bello que nos recuerda a todos que compartimos la misma humanidad por enc,11,0,0,0.0
2713,es amable y bienvenida por eso se dice que como mexico no hay dos aqui tienen su casa so awesome gra,12,0,0,0.0
2714,iran siempre seran bienvenidos a mexico muestra de que la verdadera humanidad es opuesta a ls compet,15,0,0,0.0
2715,por el agradecimiento dios proteja a iran mexico los lleva en el corazon dios bendiga a iran ninas n,16,0,0,0.0
2716,suena br pero se les perdona por la gran intencion y el sentido de la cancion que chingona cancion e,15,0,0,0.0
2717,iran it was our pleasure you are family mucho amor iran gracias iran y siempre que gusten a qui esta,14,0,0,0.0
2718,bendiciones para todos mi casa es su casa semos medio loquillos pero con un corazon muy grande para ,12,0,0,0.0
2719,mexico siempre va a recibir a todos los extranjeros con los brazos abiertos dios bendiga a todos los,13,0,0,0.0
2720,llego hasta el alma hermosa cancion viva cristo rey hoy y siempre aaaay que lindos gracias iran el a,14,0,0,0.0
2721,bellisima bellisima hermosa hermosa melodia que nos dedico a irian gracias iran en nuestro mexico to,20,0,0,0.0
2722,viva mexico esta cancion de despedida hizo quese me escurrieran las lagrimas bello y hermoso gesto i,17,0,0,0.0
2723,hermano ya eres mexicano viva claudia que tomo la desicion iran y mexico hermanos como se llama la c,18,0,0,0.0
2724,los bendiga siempre vuelvan pronto solo llore y ya que linda cancion gracias tijuana gracias tijuana,15,0,0,0.0
2725,los libertarios del mundo viva iran que bella melodia gracias hoy y siempre fuerza amigos hermanos i,18,0,0,0.0
2726,cancion son hermanos bendiciones para ellos br siempre seran bienvenidos dios proteja a iran de esos,15,0,0,0.0
2727,mi casa es tu casa quot bendiciones a todos y al pueblo de iran que paso por dificil momento hermano,13,0,0,0.0
2728,de vitro pais es bienbenida por que todos somos una sola raza la raza human amigos iranies ya se les,13,0,0,0.0
2729,justicia y paz para el ejemplar y digno pueblo de iran br br gracias iran preciosa letra y musica be,18,1,0,0.05555555555555555
2730,de mexicanos unidos en un solo corazon capaz de acoger a aquellos que necesitan de un mundo mejor no,12,0,0,0.0
2731,que siempre tienden la mano y sobre todo dan amor y alegria al ser humano sin importan el origen ni ,10,0,0,0.0
2732,llora que bonita melodia mexico siempre les abrira las puertas es una desgracia constante tanta dest,17,0,0,0.0
2733,dominar y aduenarse de lo que no les pertenece hermosa cancion dios bendiga a mexico e iran gracias ,13,0,0,0.0
2734,y diferencias por quecexisten en nuestra mente por que en mundo no las tiene hay espacio para todos ,9,0,0,0.0
2735,pide respeto amor y cuidar lo que nos ofrece y eso se llama ser agradecidos gracias por sus palabras,12,0,0,0.0
2736,vivieron llevenlo como experiencia y aprendizaje en sus manos esta el cambio un abrazo somos mexico ,16,1,0,0.0625
2737,tijuana por darle mucho amor y seguridad al pais de iran br gracias iran por esa hermosa cancion ben,19,1,0,0.05263157894736842
2738,por abrirle las puertas el q hayan ido a recibirlos cada vez q venian de e u y sin conocerlos les gr,13,0,0,0.0
2739,gracias iran por reconocer a tijuana br mexico iran un abrazo a iran felicidades grande presidenta g,19,0,0,0.0
2740,al demonio de eeuu amen dios los bendiga hermanos iranies siempre bienvenidos a mexico tijuana todos,13,0,0,0.0
2741,heart and arms to different countries you will find what we call pueblos of italian s lebanese spani,16,0,0,0.0
2742,patria aunque muchos mas bien pocos quieran mostrar algo malo hermanos aqui tienen su casa de corazo,15,0,0,0.0
2743,cancion me llena de orgullo la solidaridad de mexico dios los bendiga hermanos amor de dios para tod,11,0,0,0.0
2744,todopoderoso el santo nos guarde y ayude a toda la humanidad hermosa cancion siempre ceran bienvenid,13,0,0,0.0
2745,es amor no fue justo lo que le hicieron al pueblo de iran y a su seleccion nacional pero la vida se ,11,0,0,0.0
2746,por que les jugaron en contra los arbitros por que si no estubieran en el mundial arriba mexico arri,9,0,0,0.0
2747,valores hacen que este mundo valga la pena el tema me ha provocado lagrimas pueblo persa mi casa es ,14,0,0,0.0
2748,hermoso sentimiento de hermandad mexico e iran gracias tijuana gracias gracias por compartir este vi,17,0,0,0.0
2749,mucho esta hermosa cancion hecha un himno de agradecimiento gracias a tijuana por acoger a iran siem,17,0,0,0.0
2750,nada como ser mexicano ah gracias tijuana por dejar el nombre de mexico en alto y en los corazones d,14,0,0,0.0
2751,son muy agradecidos y con eso nos basta para quedar en nuestro corazon wow que hermoso paises lejano,13,0,0,0.0
2752,presidenta les abrio las puertas y los mexicanos el corazon como dijo nuestra presidenta somos un pu,15,0,0,0.0
2753,brazos abiertos hermanos que hermosa cancion los abrazo con todo mi corazon hermanos irani gracias a,15,0,0,0.0
2754,entre los pueblos grandes hermosos wow hermosa cancion aunque vivo en u s a me siento afortunada y o,15,0,0,0.0
2755,nuestro mexico bendiciones para todos ustedes gracias hermosa melodia y recordemos todos somos herma,21,0,0,0.0
2756,milenaria y uno q acaba de establecerse como estados quieran destruirlos que bello gracias los color,14,0,0,0.0
2757,agradecida estoy yo por este gesto tan hermoso ahora yo te agradezco por amar a mi mexico y las vece,11,0,0,0.0
2758,calidos abrazos y los atenderemos como se merecen por siempre con ustedes br hermanos de iran gracia,17,0,0,0.0
2759,por korea e iran gracias iran por reconocer que los mexicanos son buenas personas y calidos como ust,16,0,0,0.0
2760,enternecio bendiciones a todos los hermanos de iran ke hermosa cansion saludos de un mexicano gracia,15,0,0,0.0
2761,porque su gente es todo corazon gracias dr claudia shembaum por representar tan bien a nuestra nacio,13,0,0,0.0
2762,q es la invasion el sometimiento y la muerte durante la conquista nacemos con espiritu de ayuda mexi,14,0,0,0.0
2763,thank you for a beautiful song god bless i love you and your nation why are you passing through righ,12,0,0,0.0
2764,politicos del partido que sean sin ellos seriamos mas felices agradezco ser mexicana y que seamos li,11,0,0,0.0
2765,la maldad de unos que bonito reconocimiento muchas gracias y viva mexico me uno a los mexicanos con ,12,0,0,0.0
2766,pero porque la bandera de mexico aparece incompleta en algunas esenas parece que forma una e en la p,13,0,0,0.0
2767,creo que la intencion es buena pero estos detalles implican una falta de respeto a uno de nuestros s,10,0,3,-0.3
2768,aprendan venezuela esos pocos malagradecidos que exigen a mi mexico gracias mi mexico por tu hospita,15,0,0,0.0
2769,belleza de letra y arreglos al interpretacion un abrazo al pueblo de iran dios me los bendice mexico,15,0,0,0.0
2770,con su espiritu santo tocando corazones de maldad para hacer el bien que bonita cancion gracias iran,14,0,0,0.0
2771,hermosa cancion y agradecimientomis mejores deseos para ustedes gracias a nuestros hermanos tijuanen,13,0,0,0.0
2772,corazones bondadosos bendiciones siempre de lo alto para tijuana viva mexico viva iranlos valientes ,17,0,0,0.0
2773,los seres vivos somos iguales de carne y sangre roja iran no te fuiste de mexico llegaste para queda,15,0,0,0.0
2774,humanismo mexicano amor y solidaridad con todos los paises del mundo que la quiera recibir de estos ,12,0,0,0.0
2775,mejor la union mundial vendiciones al mundo entero que mi dios los vendiga iran siempre y los protej,12,0,0,0.0
2776,resultado que deja el mundial de amor paz bonda alegria y hermandad br no a la guerra br si a la paz,16,1,0,0.0625
2777,siempre seran bienvenidos a mexico viva iran y viva mexico cabr nes somos mexicanos con un corazon k,13,0,0,0.0
2778,pais k sea todos somos hijos de dios y como hermanos nos apoyamos bendiciones iran dios con ustedes ,12,0,0,0.0
2779,y su gente hermoso gracias hermanos mi mexico hermoso uds tambien se quedan en nuestro mexico esta s,13,0,0,0.0
2780,de verdad que la vida dios y el futuro los llene de paz tranquilidad y que sean una nacion fuerte vi,16,0,0,0.0
2781,nuestro paiz mexicano siempre tenders las puertas abiertas somos todos hijos de dios no importa la r,13,0,0,0.0
2782,los hicieron sentir en su casa dios bendiga atodos nosotros viva mexico y seamos hacy siempre y pais,14,0,0,0.0
2783,hombres de buena voluntad amen amor y paz a todos los pueblos del mundo si mexico se despide de iran,14,0,0,0.0
2784,en ingles cuando fueron golpeados por esa nacion que habla ese idioma asi que cero a esa cancion por,11,0,0,0.0
2785,pais de iran viva iran yo algun dia voy a ir a iran hasta me hizo llorar eso es mexico y mucho mas s,11,0,0,0.0
2786,mexico otra vez bella cancion felicidades a todos los jugadores iranis por su desempeno futbolistico,13,0,0,0.0
2787,pueblo irani siempre es y sera bien recibido por nuestro pueblo mexico abrazo enorme a iran mexico s,14,0,0,0.0
2788,gracias tijuana gracias mexico gracias iran gracias a ustedes viva iran gracias iran br los mexicano,24,0,0,0.0
2789,strength stand together we are with you mexico iran el mundo esta cambiando su manera de ver a mexic,14,0,1,-0.07142857142857142
2790,y burros ahora todos quieren venir todos hablan de mexico para ser vistos en las pantallas aman su c,13,0,0,0.0
2791,podemos pedir solo nos falta ganar el mundial estamos subiendo como espuma en todos los aspectos vam,14,0,3,-0.21428571428571427
2792,a nuestros semejantes es una noble obra del corazon iran respetable admirable nacion mexico ama al p,19,0,0,0.0
2793,vuelvan cuando quieras son bien venidos en mexico adios gracias por visitarnos bastante hicieron con,14,1,0,0.07142857142857142
2794,pocos mi casa tu casa hermosa cancion que dios los bendiga hermanos de iran mexico los espera siempr,15,0,0,0.0
2795,ahora y para siempre bendiciones se fueron con la frente en alto a pesar a href fifa y de estados un,9,0,0,0.0
2796,nacido aqui un pan compartido sabe mejor viva mexico lindo y querido hermosa cancion siempre estan l,17,0,0,0.0
2797,al mismo lugar iran mi casa mexico es tu casa br bienvenido siempre br cuando alguien da y la otra p,13,0,0,0.0
2798,llega e invade y saquea nace la enemistad iran es un pueblo dolido tan dolido como mexico con un ene,15,0,0,0.0
2799,se miraran ante un espejo br iran entra en el concepto de mi quot cuate quot en el origen de la pala,14,0,0,0.0
2800,gracias a nuestros hermanos tijuanenses que recibieron a la gente cuando mas lo necesito hasta pront,14,0,0,0.0
2801,sera sus casas cuando quieran venir cuando gusten los esperamos con los brazos abiertos los amamos t,16,0,0,0.0
2802,aquie no conoce pero nunca se les olvide tambien es una nacion de valientes protectores de su tierra,10,0,0,0.0
2803,los seres humanos construyamos puentes no los destruyamos iran es nuestro hermano gracias iran verda,17,0,0,0.0
2804,br cuando llegas a tijuana te cuesta acostumbrarse estar ahi pero lloras despues porque no te quiere,10,0,0,0.0
2805,que recibieron en tijuana que orgullo ser parte de ellos solo quiero decir animo amigos de iran soy ,11,0,0,0.0
2806,con los brazos abiertos para cualquier pais que lo necesita gracias esta hermosa la cancion muy lind,13,0,0,0.0
2807,sueno de seres humanos que lo unico a que venian era a jugarsela como todos los demas que tristeza v,12,0,0,0.0
2808,viva su gente aqui ganaron y ganaron lo mejor muchos corazones simplemente maravilloso llore mucho y,12,0,0,0.0
2809,hay solo un vencedor iran que bella cancion la hermandad es la fuerza mas poderosa que levanta nacio,15,0,0,0.0
2810,dios gracias a nuestra presidenta dios los bendiga y les envie la justicia divina abrazo de mexico a,17,0,0,0.0
2811,que triste que los hayan tratados asi por las politicas del ambicioso de trump br fue desgastante pa,12,0,0,0.0
2812,br hermosa mi gente mexicana mostrando lo que realmente somos br felicitaciones tijuana son tiempos ,18,0,0,0.0
2813,un mundo con amor es dificil pero vale la pena intentarlo gracias hermano pueblo irani bendiciones g,16,0,0,0.0
2814,los hermanos de otros paises buena suerte al equipo irani dios los bendiga queridos hermanos que chu,11,0,0,0.0
2815,persona desquiciada loco y asesino se crea el dueno del planeta vamos a odiar a nuestros hermanos es,13,0,0,0.0
2816,loco ya no tiene titeres en mexico que agan lo que el quiera ciertamente hay algunos estupidos vende,12,0,0,0.0
2817,pais pero gracias a dios tenemos una gran presidenta que no se deja que no se vende y pero que no se,7,0,0,0.0
2818,loco viva mexico hermoso detalle y linda cancion una observacion respetuosa las banderas no se rayan,16,0,1,-0.0625
2819,forma de respeto gracias por tan hermosa cancion mismos colores mismo si la cancion es de iran a mex,13,0,0,0.0
2820,pais que le abre las puertas a todo el mundo a mi familia de emigrantes libaneses nos acogio y aqui ,12,0,0,0.0
2821,su humilde tierra mexico donde seran recibidos con mucho gusto reciban un enorme abrazo dios los ben,15,0,0,0.0
2822,tormenta y sus relampagos demenciales existe un espiritu fortalecido capaz de enfrentar a las chispa,16,0,0,0.0
2823,y un corazon grande ustedes son un pueblo sabio y su grandeza espiritual reconforta nuestro animo pa,14,0,0,0.0
2824,todo sera mas facil gracias iran mexico te ama hermanos por siempre eres grande tijuana gracias por ,14,0,0,0.0
2825,puro corazon para quienes nos aman feliz retorno que hermosa cancion me hizo llorar aunque vivinos c,12,0,0,0.0
2826,y la paz casi lloro lellendo los subtitulos como no apoya a gente que si sabe agradecer ya quiero ir,11,0,0,0.0
2827,es un pais peligroso coman los que vengan a rreirce de mi gracias mexico tiene las puertas abiertas ,17,0,1,-0.058823529411764705
2828,br dios los regrese con bien dios los bendiga siempre es triste saber que como humanidad no andamos ,10,0,0,0.0
2829,amamos este campeonato mundial vino a sacar lo peor y lo mejor de la humanidad pueblo de iran gracia,12,0,0,0.0
2830,que bella cancion nuestro mexico revibe de corazon tratenlo bien beautiful ese es el resultado de ge,15,1,0,0.06666666666666667
2831,cancion viva la humanidad creada por dios que linda cancion zhermosa cancion iran vuelvan a casa mex,18,0,0,0.0
2832,br mexico e ir mostraram como mundo realmente deveria ser todos irmos todos vivendo o amor o respeit,19,0,0,0.0
2833,para o mundo br u need a version in mexican so they can understand it me gano el sentimiento fue un ,14,0,0,0.0
2834,siempre ceran bienvenidos hermanos todos somos un solo corazon les deseo la paz ustedes se llevan el,14,0,0,0.0
2835,los recibe como se merecen un abrazo hasta donde esten hoy con su familia compartiendo la historia l,10,0,0,0.0
2836,valor y orgullo paises con religiones diferentes pero cuando se respetan y se prioriza la amistad en,12,0,0,0.0
2837,la parte humana hermoso y bello reconocimiento lleno d amor y sentimiento del pais persa milenario d,17,0,0,0.0
2838,cuanto han sufrido pero tambien sabe cuanto han luchado y en este mundial demostraron que son grande,11,0,0,0.0
2839,hermanos iranies team melli sean siempre bienvenidos a mi pais su pais mexico al chile somos la mejo,18,0,0,0.0
2840,iran y todos lis pueblos oprimidos incluyendo mi patfia mexico y en su pais se casan con ninas de an,14,0,0,0.0
2841,cancion llore no se porque esto es mexico el verdadero mexicano no el de las noticias alarmistas som,11,0,0,0.0
2842,simple satisfaccion de ver una sonrisa en un rostro apesadumbrado estamos con el pueblo de iran porq,12,0,0,0.0
2843,eeuu viva viva siempre hermano wooooowwww que hermoso gracias iran por apreciar la calidez del mexic,19,0,0,0.0
2844,gracias iran por haber compartido tan solo un pequeno momento de nuestras vidas solo queda decir ira,14,0,0,0.0
2845,cansion iran dios te bendiga y siempre seras bienvenido la esencia de nuestro senor jesucristo vive ,12,0,0,0.0
2846,go through just to pay their game our game disadvantage and everything against them they still showe,14,0,0,0.0
2847,mexico knows what it is to suffer the politics of others and we all know who were talking about they,12,0,0,0.0
2848,fill you iran viva iran viva mexico c br hermanos iranis para siempre gracias seran bienvenidos en n,19,0,0,0.0
2849,querido de gran corazon demostraste y regalaste mucho amor a jovenes deportista sin mirar los colore,19,0,0,0.0
2850,hermanos de tijuana por hacer que mexico este en el corazon de este equipo su familia y seguidores b,15,0,0,0.0
2851,iran te apoyamos gracias iran somos hermanos todo por por la justicia iran dios los bendiga a todo s,13,0,0,0.0
2852,mexico lindo y querido br simplemente calido br gracias por tan hermosa cancion que gran detalle sal,21,0,0,0.0
2853,cancion br mexico siempre abre su corazon a la humanidad no hay fronteras entre los humanos no hay e,13,0,0,0.0
2854,bien eso es lo importante que este deporte una a la gente br todos somos uno un abrazo a toda la gen,9,0,0,0.0
2855,iran viva iran siempre seran bienvenidos a nuestro mexico lindo y querido cuando una puerta se cierr,13,0,0,0.0
2856,para vivir esa libertad que nosotros tenemos bendiciones para toda su nacion hermanos iranies no hay,14,0,0,0.0
2857,son campeones se ganaron el respeto de mexico son bienvenidos love you asi es nosotros no somos taxi,13,0,0,0.0
2858,o flaco alto o bajo lo importante es el ser humano que sufre por no tener igualdad en el trato con l,11,0,1,-0.09090909090909091
2859,de nosotros hermanos iranies nuestra casa es su casa viva iran viva palestina con carino desde aguas,16,0,0,0.0
2860,mexico ante el mundo tu hospitalidad tijuana representa que es mexico gracias ppr apoyar a nuestros ,17,0,0,0.0
2861,los amo iran igual que amo a mi pais son mis heroes en estos momentos su valentia y su resistencia s,14,0,0,0.0
2862,digno y valiente eres increible y siempre seras bienvenido a tu casa mexico te queremos iran son val,13,0,0,0.0
2863,much mexico loves you god protect your nation blessings no manches ahora si se les paso la mano muy ,14,0,0,0.0
2864,se le d wow q bonita cancion para mexico todos son bienvenidos con amor y abrimos los brazos y apoya,13,0,0,0.0
2865,idiomas todos somos hermanos y gracias hermanos de tijuana por abrir el corazon a nuestros hermanos ,15,0,0,0.0
2866,tijuana mexico y darnos tambien alegria dios bendiga siempre a iran los llevamos en el corazon iran ,17,0,0,0.0
2867,si nos invade estados unidos no nos olviden porfa hermosa cancion gracias paisano de tijuana tierra ,16,0,0,0.0
2868,sangre muchas gracias a estas personas que q tuvieran la gloriosa suerte de convivir con ellos y ent,13,0,0,0.0
2869,gente bella estoy segura q el mundo entero tendra otra espectativa de nuestro mexico lindo y querido,15,0,0,0.0
2870,representaste lo que somos los mexicanos pero porque no en espanol sin palabras iran estas en nuestr,9,0,0,0.0
2871,acabar con los m lditos asesinos terroristas genocidas de trump y netanyahu que hermosaaaaa cancion ,17,0,0,0.0
2872,cancion me conmovio gracias iran siempre viviran en nuestro recuerdo y nuestro corazon fuerza y vict,15,0,0,0.0
2873,paises que vengan del mundo aki sienpre seran vien venidos gracias a iran br tambien mexico los amam,16,0,0,0.0
2874,ustedes iran y con su gente ha nacido una bella hermandad iran and mexico we are brothers viva iran ,17,0,0,0.0
2875,hermosura de cancion una competencia no nos debe enfrentar siempre seran bienvenidos siempre hermano,14,0,0,0.0
2876,emotiva br dios bendiga y proteja siempre a iran siempre seran bien enidos a nuestro pais mexico los,15,0,0,0.0
2877,mexico es su casa y por que en ingles y no en su idioma creo es publicidad yanky dios bendiga a nues,10,0,0,0.0
2878,que si algun dia nos toca jugar encontra no olviden que en la cancha somos rivales fuera somos herma,10,0,0,0.0
2879,had a boyfriend from iran but i lost him he we always be in my heart made me cry if we could only go,13,0,0,0.0
2880,than it is now dios los bendiga gloria de bendiciones al pais persa we been oppressed all of our exi,10,0,0,0.0
2881,with you iran woooao que hermoso iran estamos contigo pueblo valiente very touching song it s true i,16,0,0,0.0
2882,and the teens amp mothers with flags cheering on them i was moved iran you always are welcome to mex,15,0,0,0.0
2883,to to cancun and mexico city and other states and you now more from may beautiful country thanks you,12,0,0,0.0
2884,are with you always because you now we suffer the political ignorante of the devil the idiot trump y,13,0,0,0.0
2885,iran love you team iran mexico is your home too que bonita letra ahora saben que en mexico siempre t,15,0,0,0.0
2886,paises arabes los estan masacrando para robarles su territorio los mexicanos los apoyaremos siempre ,16,0,0,0.0
2887,bienvenidos a nuestro mexico por algo los consideramos hermanos asi mexico asi los mexicanos es algo,11,0,0,0.0
2888,para mexico todos somos hermanos todos somos iguales claro siempre y vengas tranqui gracias a ustede,13,0,0,0.0
2889,guerra cual enemistad si todos somos hermanos bendiciones para todas las naciones especialmente para,14,0,0,0.0
2890,bienvenidos en mexico reciban todos un abrazo fraternal gracias por tan hermosa cancion siempre con ,16,0,0,0.0
2891,mexico es su casa y los mexicanos sus hermanos no llore les prometo que no llore para mexico no hay ,13,0,0,0.0
2892,me encanto me uviese justado en su propio idioma hermosa cancion lluvia de bendiciones me hizo llora,15,0,0,0.0
2893,gracias iran br hermosa cancion de agradecimiento a mexico br viva la hermandad de los pueblos del m,18,0,0,0.0
2894,dan hospital quien la nesesite y sin fronteras dios los bendiga y proteja siempre nuestro corazon co,14,0,0,0.0
2895,viva iran viva iran viva iran viva iran we love you larga vida al pueblo hermano de iran gracias gra,19,0,0,0.0
2896,humanos y por eso tambien hermanos siempre seran bienvenidos cuando quieran volver having part of th,13,0,0,0.0
2897,sure some people were not affected but those who were targets even before they set foot in american ,14,0,0,0.0
2898,hermanos persas gracias por el honor de haberlos tenido en mexico tierra sagrada en la cual son bien,16,0,0,0.0
2899,y la solidaridad desde mexico gracias iran paz a los hombres de buena voluntad dios les bendiga grac,13,0,0,0.0
2900,tambien wowww hermosa que adorable gracias iran siempre seran bienvenidos los queremos hermosa canci,14,0,0,0.0
2901,mexicano aqui no conocemos fronteras hermanos por el futbol una pena lo de fifa y usa dios los bendi,14,0,1,-0.07142857142857142
2902,y hombres valientes y buenos mexico ya es pais hermano de iran hermosa melodia todos somos hermanos ,15,0,0,0.0
2903,mexico los espera que hermosa cancion gracias tijuana por apoyar a iran hasta siempre iran no me emo,16,0,0,0.0
2904,nadie ni de un pueblo solo es una composicion digital muy hermosa su cancion de muchos nobles sentim,12,0,0,0.0
2905,mexico mil dies mil bendiciones hermanos iranis no es un hasta luego es un hasta siempre nuestra cas,15,0,0,0.0
2906,gran pais mexico viva mexico el ombligo del mundo mexico humanista con los brazos abiertos al mundo ,18,0,0,0.0
2907,ancestral siempre que quieran estaremos muy contentos de que vengan y se queden aqui para mexico no ,13,0,0,0.0
2908,corazon es lindo nuestros valores y corazones nos unen aquti en mexico a todos los resivimos igual p,13,0,0,0.0
2909,somos hermanos buen regreso a casa aaaayyyy llore todos somos hijos de dios toda la gloria y todos l,13,0,0,0.0
2910,todo el hermoso pueblo de iran y a toda su gente buena ojala y no existieran las fronteras ni las gu,15,0,0,0.0
2911,es puro corazon humildad generosidad y mucha paz a pesar de los problemas pero como mexico no hay do,13,0,0,0.0
2912,a href casa nuestra verdadera reyna celestial si todos fueramos mas empaticos con todas las personas,13,0,0,0.0
2913,ellos no perdieron en la cancha les arrebataron sus triunfos desde los lideres politicos corruptos c,12,0,0,0.0
2914,iran grande desde siempre viva la grandeza de su cultura y su historia que es maravillosa desde mexi,14,0,0,0.0
2915,bienvenida a este pais hermano yo soy de la cdmx y estoy orgulloso de ustedes bendiciones para todos,9,0,0,0.0
2916,son ustedes hermanas hermanos de iran mexico no tiene muros fronteras mexico tiene un pais con brazo,18,0,0,0.0
2917,clase social solo ve al hermano hermana que les queremos dar lo mejor de nuestro pais wow beautiful ,14,0,0,0.0
2918,que no comprendo es porque en ingles cuando ni nosotros y mucho menos ellos lo hablamos incluso dete,9,0,0,0.0
2919,imbecil de trump respecto al espanol que es nuestro idioma br hermosa cancion hasta pronto iran los ,16,0,0,0.0
2920,de nosotros woooooow que lindo iran br estamos tan feliz de saber su gratitud grandemente que lindos,14,0,0,0.0
2921,les esperaremos y les mandamos un abrazo grande para todos ustedes siempre los esperaremos hermanos ,13,0,0,0.0
2922,bendiga a todos bello gracias por esta hermosa cancion a los hermanos de iran algun dia si dios me d,12,0,0,0.0
2923,gente hermosa y fraterna saludos desde tierras aztecas y mayas gracias por esta hermosa cancion y si,15,0,0,0.0
2924,mil gracias iran gracias hermanos iranies que dios bendiga a la patria irani pero que tampoco se olv,12,0,0,0.0
2925,mundo lovely song thank you iran gracias por tan bella cancion sean bienvenidos siempre hermosa br f,17,0,0,0.0
2926,esto es lo mas importante en este evento se gana cuando nos apoyamos y cuando demostramos que amamos,10,1,0,0.1
2927,donde vengas entre nosotros debe haber empatia y amor amor de vecindad con valores y conciencia soci,16,0,0,0.0
2928,que tienen el alma que dios colme de bendiciones a iran a mexico a tijuana gracias gracias gracias q,14,0,0,0.0
2929,valentia los amamos excelente dia bienvenidos siempre a nuestro pais hermoso gracias gracias hermano,17,0,0,0.0
2930,valores deben ser universales y trasversales sin fronteras mi admiracion a su templanza y coraje un ,17,0,0,0.0
2931,y proteja siempre br a ustedes gran nacion con rancia historia de lucha y fortaleza br venceran por ,14,0,0,0.0
2932,ante el supremo creador y el universo br igual que nuestra amada nacion y pueblo de mexico ayyy que ,15,0,0,0.0
2933,con ustedes siempre si me dio coraje que no pasaran estuvo en desventaja desde el dia hermoso bendic,10,0,0,0.0
2934,naciones woooow que rabia como los trataron e hicieron todo para descalificarlos pero nos dio la opo,10,0,0,0.0
2935,estropajo beautiful and deep song siempre en nuestros corazones hermanos inanies gracias hermanos pr,21,0,0,0.0
2936,grande mente bendecidos que bonito es lo bonito gracias hermanos iranies los amamos tambien nooo ira,16,0,0,0.0
2937,own the land the territory of the ones whom can t not defend their self mexico and latin america tha,11,0,0,0.0
2938,casualty to share the same colors by our flags paz a los hombres de buena voluntad a toda la humanid,12,0,0,0.0
2939,n br g r a c i a s t i j u a n a bella cancion iran por aqui los volveremos haber este no es un adio,13,0,0,0.0
2940,un vuelvan pronto br animo br dios los bendiga siempre siempre que emocion br grasias a cada persona,15,0,0,0.0
2941,en el video ponen mucha comida y familias gracias iran ya somos hermanos por siempre no crei me hici,14,0,0,0.0
2942,asi es nuestro adn iran y mexico amigos por siempre hasta siempre y gracias por todo somos hermanos ,11,0,0,0.0
2943,pais mexico siempre les espera con las puertas habiertas una cultura milenaria junto a otra cultura ,14,0,0,0.0
2944,corazones bella cancion hermanos iranies recuerden siempre mi casa es tu casa un fuerte abrazo los q,14,0,0,0.0
2945,as yourself que hermoso canto de gratitud de un gean pueblo como lo es iran agobiado por tantas inju,13,0,0,0.0
2946,san luis potosi que tambien es mexico y estoy segura que desde cualquier rincon del pais mexico esta,11,0,0,0.0
2947,pero sus primeros hermanos y amigos por siempre mi dios y su dios los bendiga pir siempre hermosa ca,9,0,0,0.0
2948,mundo bendiciones iran es el ejemplo a seguir para mexico y para todos los demas paises del mundo ti,12,0,0,0.0
2949,los presidentes de ultraderecha que solo tienen en la mente no solo el dinero sino la maldad y perve,10,0,0,0.0
2950,imposicion y la violencia que los caracteriza br para mi los iranies son de las mejores personas en ,13,0,1,-0.07692307692307693
2951,sin duda todo lo mejor para iran mucha suerte muchas gracias al pueblo de iran todo el tienpo sera s,13,0,0,0.0
2952,y nuestras banderas tienen los mismos colores iran pueblo milenario fundado por el gran yo soy horri,13,0,0,0.0
2953,orgullosa de mi gente mexicana gracias por abrir sus brazos para recibir a nuestros hermanos de lran,12,0,0,0.0
2954,amor para todos los que quieran estar o visitarnos hermanos iranies sean bienvenidos siempre en nues,15,0,0,0.0
2955,estoy llorando por du despedida hermanos iranies mexico los ama llore cuando se fueron soy mexicana ,17,0,0,0.0
2956,desde tijuanamexico soy tijuanense bendiciones hasta siempre valiente pueblo persa los entendemos to,12,0,0,0.0
2957,no somos una potencia belica porque esos mismos con complicidad de los gobiernos vendidos y traidore,9,0,0,0.0
2958,pero aun con todas esas carencias les plantearemos cara porque corazon nos sobra mexico seguira teni,10,0,0,0.0
2959,en cualquier rincon de nuestro mexico seran bienvenidos hermanos iranies nuestra casa es su casa de ,14,0,0,0.0
2960,a partir del football conocemos muchas culturas y otras personas al otro lado del mundo bendicipnes ,13,0,0,0.0
2961,ustedes hermanos mios aqui tienen una persona q los abrazas y esta de su lado con de persa desde arg,12,0,0,0.0
2962,persa muchas bendiciones ah irngue linda cancion hermanos de corazon para simpre mexico los guiere l,20,0,0,0.0
2963,todos somos iran todos somos mexico en uno br dios los bendiga y les de fuerza y adelante le pregunt,13,0,0,0.0
2964,todo mi amado mexico dios con ustedes hermanos de iran los queremos y deseamos la paz para ustedes y,12,0,0,0.0
2965,realidad los iranies hicieron esto pero esta muy lindo dios bendiga a iran dios bendiga a mexico pai,14,0,0,0.0
2966,world that mexico is run by kindness and not the cartels br muy bonito y gracias pero la bandera com,15,0,0,0.0
2967,muros hasta siempre iran en esta vida venimos a ser felices ama al progimo como a ti mismo estamos d,9,0,0,0.0
2968,ser agradecidos hermosa cancion gracias por la visita y buen viaje a todos mexico mexico sabe abraza,14,0,0,0.0
2969,de felicidad en estos ultimos anos hay algo que te hace sentir mas orgulloso de ser mexicano br que ,12,0,0,0.0
2970,paz en el mundo viva mi mexico lindo y querido br viva iran br vivan todas las naciones del mundo br,19,0,0,0.0
2971,aqui en mexico cabemos todos es una pena que gente tan buena de mexico hoy sea opacada por la pesima,11,0,0,0.0
2972,seamos respetuosos y juguemos limpio siempre paz amor justicia fue triste e indignante que no hayan ,13,1,0,0.07692307692307693
2973,siempre seran bienvenidos aqui a nuestro pais mexico hermosa llore por q un pueblo atacado y apesumb,13,1,0,0.07692307692307693
2974,mataron los gringos por q tengo una peque y me moriria si algo le pasa a ella y llegan al mundal y l,11,0,1,-0.09090909090909091
2975,girngos y aqui el pueblo mexicano les abrio el corazpon con su hospitalidad y apoyo origullosisima d,16,0,0,0.0
2976,iran iran br por siempre y para siempre pueblos hermanos con br mexico nunca los olvidaremos campeon,15,0,0,0.0
2977,regresen siempre seran bienvenidos what a beautiful song iran you always be welcome to mexico our ho,14,0,0,0.0
2978,porque si es tan facil dar a muchos se les complica su supieran lo bonito que es compartir gracias h,12,0,0,0.0
2979,los quiere hasta luego hermosa cancion los mexicanos siempre tan calidos y hospitalarios dios bendig,15,0,0,0.0
2980,el futbol con pasion perdamos o ganemos festejamos mira hermano ya son mexicanos la seleccion de ira,16,0,0,0.0
2981,que hayan sufrido y gracias a tijuana por ser hospitalarios gente agradecida de iran dios los bendig,15,0,1,-0.06666666666666667
2982,que siendo de centro america no quieran a los mexicanos cuando muchas veces se les a ayudado gracias,12,0,0,0.0
2983,nuestro corazon ya es suyo mexico es paz aunque seamos victimas de las circunstancias de intereses c,14,0,1,-0.07142857142857142
2984,pernoctar aqui siempre seran bienvenidos y estaran en nuestros corazones venga iran con fuerza ante ,13,0,0,0.0
2985,bella cancion hasta pronto cuando quieran regresar mexico los recibe con los brazos abiertos mexico ,16,0,0,0.0
2986,corazon destrozado por su partida y pedimos a quien deba de encargarsevque lo que le hicieron a los ,11,0,0,0.0
2987,nuestros invitados y los trataron muy mal tanto estados unidos como la fifa gracias muchas gracias h,14,0,1,-0.07142857142857142
2988,quedaron en nuestros corazones para siempre dios les cuide a ustedes y sus familia por siempre graci,8,0,0,0.0
2989,un hasta luego con carino para siempre quot tijuana donde comienzan la patria quot es la prueba de l,15,0,0,0.0
2990,tierra bendita dios les bendiga hoy el mundo sabe que en esa frontera tambien se trafica amor respet,12,0,0,0.0
2991,me hicieron llorar dios los bendiga siempre mexico esta donde lo necesiten hoy les toco a muchos msn,10,0,0,0.0
2992,sea mundial mexico mundial gracias por reconocer que mexico recibe a todos por igual iran desde mexi,18,0,0,0.0
2993,y bendiga siempre hermoso y orgullosos de ustedes por que no se derrumbaron de las otrasidades que l,12,0,0,0.0
2994,pais debe de estar orgullosos de ustedes arriba iran y bendiciones br mexico siempre con ustedes nue,15,0,0,0.0
2995,mi bello mexico lindo y querido siempre en mi x siempre bendiciones para todos nice nosotros no cono,13,0,1,-0.07692307692307693
2996,alguien gracias por compartir hermosa reflexion hermosa cancion asi deberia ser siempre con todos lo,15,0,0,0.0
2997,casa es tu casa quot iran el pais mas valiente de la historia son mi orgullo hermanos nunca los olvi,13,0,0,0.0
2998,mejor construir puentes de hermandad con todo el mundo y con el pueblo hermano de iran no fue la exc,14,0,0,0.0
2999,y los muros dividen gracias tijuana por la empatia la amabilidad con la seleccion de iran gracias po,16,0,0,0.0
3000,guys my brothers god bless yuo viva mexico and iran el verdadero amor no tiene fronteras todos somos,17,0,0,0.0
3001,hacia mexico los queremos mucho que dios los acompane y los bendiga siempre mexico tiene las puertas,11,0,0,0.0
3002,todo el corazon que ya se termine todo eso que estan pasando viejos mujeres y sobretodo los ninos qu,11,0,0,0.0
3003,desde el pais que nunca lo olvidara mexico wow que cancion muchas gracias por sus bellas palabras a ,14,0,0,0.0
3004,estamos con ustedes iran es grande y maravilloso saludos desde mexico que bonito es la segunda canci,14,0,0,0.0
3005,nuestra casa es su casa iran hermanos ya son mexicanos los queremos hayyy que bonito agradecimiento ,13,0,0,0.0
3006,su hermosa gente verry verry good iran we mexican love iranian hermano br ye eres mexicano cuando la,17,0,0,0.0
3007,no es perfecto pero cuando entregamos el corazon se mueven fronteras muchas gracias y bendiciones pa,13,0,0,0.0
3008,mexico hermanos su cancion es hermosa iran no se merecia ese trato y me duele mucho lo que la fifa l,12,0,0,0.0
3009,llegara por siempre hermanos br viva iran wawww que bella letra gracias iran pero sobre todo a nuest,16,0,0,0.0
3010,la puerta de su casa ofreciendoles apoyo y muestras de carino por eso me siento tan orgullosa de ser,14,0,0,0.0
3011,a nuestros hermanos de iran hermosa cancion mis mas sinceras gracias a iran y los tijuanense por el ,16,0,0,0.0
3012,iran los amamos que hermosa cancion gracias por ella d corazon sean bienvenidos guauuuu viva iran y ,19,0,0,0.0
3013,chingon se siente escuchar esta cancion br viva mi mexico querido que triste que usa discrimino a ir,17,0,0,0.0
3014,como se debe sin hacer diferencias nunca cambiemos gente hermosa seamos siempre buenas personas grac,13,0,0,0.0
3015,medio oriente porque la union hace la fuerza para conseguir el amor la solidaridad la confianza el b,13,0,0,0.0
3016,la soberania de su pais que los vio nacer animo iran en mexico estaran en nuestras oraciones todos l,12,0,0,0.0
3017,hermanos solo en este mundo sobran los anglosionistas hasta siempre he anos iranies aqui te esperamo,13,1,0,0.07692307692307693
3018,gran leccion para todos no saben como he llorado me llego al saben que mexico siempre sera su casa q,12,0,0,0.0
3019,me encanto muchas gracias iran estamos con ustedes no se vallan tan pronto visiten otros lugares que,15,0,0,0.0
3020,el leon persa que ha salvado a la humanidad nos vino a compartir algo de su grandeza un honor haberl,15,0,0,0.0
3021,todo lo mejor por su valentia honestidad por su coraje e integridad larga vida al pais de iran lovel,15,0,0,0.0
3022,hearts br thank you pues si mexico esta dando una leccion al mundo gracias desde espana viva mexico ,14,0,0,0.0
3023,los apoyaremos en todo y les falto recorrer mas ciudades de mi mexico igual bienvenidos gracias bend,15,0,0,0.0
3024,iran pueblo valiente siempre estara en nuestros corazones y nuestras oraciones god bless you all her,14,0,0,0.0
3025,tiene pero es el unico hombre q me a llamado la atencion q dios lo cuide y proteja donde quiera q es,10,0,0,0.0
3026,tienen una gran historia son muy inteligentes todos unos guerreros en lo que se proponen y muestran ,9,0,0,0.0
3027,va a encargar de ordenar las cosas poniendolas en su lugar saludos gracias tijuanenses por brindar e,15,0,0,0.0
3028,un regio hasta pronto hermanos y hermanas iranies con amor mexico hermosa cancion los queremos mucho,15,0,0,0.0
3029,meanning was an honor be your host despiste the circumstances we wish to all of you the best because,14,0,0,0.0
3030,para su valiente patria gracias por compartir despues de mexico la otra seleccion que me he sentido ,12,0,0,0.0
3031,tristeza que iliminaran de un mundial a una seleccion como la de iran y que yo familiares y amigos f,11,0,0,0.0
3032,apoyamos pero la seleccion de iran ya quedo campeon porque ellos lucharon contra muchos obstaculos a,12,0,0,0.0
3033,no los dejaron quedarse en el pais donde fueron sus tres partidos no aceptaron que cambiaran sus par,10,0,0,0.0
3034,le demostro al mundo que venia al mundial sin ellos estar activos footbolistcamente desde febrero y ,12,0,0,0.0
3035,el amor al deporte y llegaron a un pais del otro lado del mundo desconocido que ellos no sabian si l,10,0,0,0.0
3036,vecino pero se llevaron una gran sorpresa que mis paisanos los recibieron con mucho amor que muchos ,10,0,0,0.0
3037,estoy segura que asi como ellos se llevaron en sus corazones un pedazo de tijuana de mexico asi tamb,10,0,0,0.0
3038,hacia ellos y todos sabemos porque los iliminaron del mundial pero se llevaron lo mas valioso el amo,8,0,0,0.0
3039,ellos regresen pero ya no como jugadores si no como vicitantes y puedan conocer mi grande y hermoso ,9,0,0,0.0
3040,carino y que ojala algun dia se juegue un partido entre la seleccion de iran y la seleccion de mexic,11,0,0,0.0
3041,donde ellos entrenaron que dios bendiga y cuide a toda la seleccion y el cuerpo tecnico de iran y qu,9,0,1,-0.1111111111111111
3042,mundo asi a mexico lo han hecho ver mal al mundo igual y ya el mundo supo que no somos asi que somos,10,0,1,-0.1
3043,y viva iran y aqui los esperamos cuando gusten regresar hermanos por siempre tu casa es mi casa no e,12,0,0,0.0
3044,juarez dijo entre los individuos como entre las naciones el respeto al derecho ajeno es la paz br br,13,0,0,0.0
3045,algunos pensamos que hermanar al mundo es ganar un mundial br br vivan nuestros pueblos por siempre ,15,0,0,0.0
3046,dar al mundo nunca los olvidaremos el mejor equipo del mundial iran gracias tijuana por abrazar al e,16,0,0,0.0
3047,quien se le descrimina y agrede mexico es un pais hermano iran y mexico seran amigos para siempre ti,18,0,0,0.0
3048,ya eres mexicano siempre amigos siempre libres br viva iran viva mexico bellisima melodia la lnterpr,21,0,0,0.0
3049,la verdad se la rifaron les puedo asegurar que otro partido mas si hubieran ganado por que se fusion,10,0,0,0.0
3050,hubo se van con la frente en alto que vale y no tiene comparacion viva iran y mexico arre lulu y lo ,13,0,0,0.0
3051,ocupen ayuda mexico es amor hermosa cancion gracias iran fuerza y hasta siempre en nuestro corazon q,17,0,0,0.0
3052,pueblo irani de corazon a corazon y mexico es team melli gracias a uds iran por dejarse querer y ena,19,0,0,0.0
3053,hermanos aqui se quiere a iran libertador del mundo a libano yemen siria palestina iraq todo medio o,18,0,0,0.0
3054,tu casa iran que tiernos cultos de palabra gente de bien tan bonita nos conquistaron por siempre aqu,14,0,0,0.0
3055,paz gracias a uds iran dieron a mis hermanos la oportunidad de demostrarles cuantos los ama mexico y,15,0,0,0.0
3056,hermanos debemos hacer un monumento para festejar el gusto de llevarnos tan bien como dios manda com,14,0,0,0.0
3057,amamos iran que bonita cancion br mexico es su casa br iranies que injusticias le hicieron a la sele,16,0,1,-0.0625
3058,gracias por esa linda cancion br siempre seran bienvenidos dios los cuide y proteja gracias tijuana ,17,0,0,0.0
3059,cancion bella cancion dios con iran y en los corazones de mexico dios les da fuerza y valor para def,12,0,0,0.0
3060,para iran quien lo hubiera dicho sucede que este mundial sera i nol vi da ble sucede que en este mun,12,0,0,0.0
3061,frios quot en realidad son igual de soflameros que nosotros igual de emotivos igual de querendones i,11,0,0,0.0
3062,fin a mi el futbol nunca me ha gustado porque siempre vi lo que hasta ahora muchos estan viendo con ,9,0,0,0.0
3063,sin embargo siempre me agrado cuando mexico gana y esta vez no es la excepcion esta vez se rebaso to,9,0,0,0.0
3064,quedara para la historia vendran nuevas generaciones y nosotros ya no estaremos pero la historia con,9,0,0,0.0
3065,respeto y por cierto mexico ya gano oue bella cancion gracias hermanos iranies un abrazo y bendicion,17,0,0,0.0
3066,gracias iran teem meli gracias a ustedes x visitarnos saben bien q este es su casa cuando puedan vis,17,0,0,0.0
3067,gracias mexico love over hate gracias gracias siempre mexico los esperara con los brazos abiertos so,18,0,0,0.0
3068,cancion gracias hermanos iranies mexico es tu casa hermano adios hermanos cuando quieran regresen aq,20,0,0,0.0
3069,my friend navid hbibi que hermosa cancion gracias tijuana por darles todo el apoyo a los hermanos ir,17,0,0,0.0
3070,pais mexico y al pueblo mexicano yo tambien le doy las gracias a iran por este gesto tan bello graci,15,0,0,0.0
3071,br viva mexico br viva mexico br vivaaaaa mexicoooooo aqui tienen su casa viva iran viva mexico que ,23,0,0,0.0
3072,al terroristas eeuu que ala este siempre con ustedes hasta luego iran valiente que hermosa cancion h,16,0,0,0.0
3073,hasta siempre iran no olvidaremos tantas injusticias en tu contra tanto con el equipo de futbol como,10,0,0,0.0
3074,niestro corazon hermanos iranies hasta siempre gracias iran siempre seran bienvenidos a nuestro y su,10,0,0,0.0
3075,mueve eeuu y es una infamia si lo sabremos los mexicanos pero aqui tienen un pueblo fuerte y leal pa,13,0,0,0.0
3076,aceptar la hospitalidad de un gran pais pero estamos en la lucha como ustedes porque el poder y la c,11,0,1,-0.09090909090909091
3077,tijuana los abrazo y todo mexico tambien viva iran viva tijuana gracias por aceptar la oportunidad d,16,0,0,0.0
3078,defender a palestina y al libano y y no arrodillarse ante el imperio como la mayoria de los paises d,12,0,0,0.0
3079,calidez humana la amistad sincera cualidades que apreciamos lo mexicanos y que bien que los ayamos p,11,0,0,0.0
3080,desprende apesar de todos los pesares muchas gracias por las lindas letras de esta cancion nos unimo,14,0,0,0.0
3081,que admirar br me lleno el pecho verlos jugar como guerreros sus partidos los vivimos como si hubier,15,0,0,0.0
3082,que corazon tan bondadoso y con tanta sensibilidad el irani capaz de agradecer lo poco o mucho que p,15,0,0,0.0
3083,america hermanos por siempre amados iranies hasta pronto amigos por siempre br los queremos mucho be,18,1,0,0.05555555555555555
3084,son los mejores y lo demostraron muchas gracias por su gran ejemplo seleccion de iran que hermosa ca,13,0,0,0.0
3085,unicamente en lo fisico los recibimos con el corazon en el corazon de un mexicano o mexicana caben t,12,0,0,0.0
3086,dios ojala regresen a mexico esta esta es su casa bellisima cancion gracias a nuestros compatriotas ,14,0,0,0.0
3087,es un hasta siempre sino un hasta luego hermanos iranies mi casa es tu casa por siempre seran bienve,11,0,0,0.0
3088,pueblos del mundo eso nunca lo olvidemos hasta siempre es una vergenza ineptos y si ya ahora si les ,10,0,0,0.0
3089,son animales acecinos y quien fue son de lo peor como bestias siii no han podido contener la violenc,13,0,2,-0.15384615384615385
3090,reforma no mejor ni salir viendo como se comportan que peligro y que oso con los extranjeros como cr,11,0,2,-0.18181818181818182
3091,nono eso no debe ser saqueo en el starbucks amberes de verdad que les pasa con responsabilidad es lo,10,0,0,0.0
3092,quedarias sin tu moche de la venta del alcohol y las vallas son para las madres buscadoras y para la,11,0,0,0.0
3093,polanco para eso esta la fuerza publica pongan miles de granaderos grupos antimotin gases lacrimogen,14,2,1,0.07142857142857142
3094,se le largan por que se largan malditos zombies irresponsables como no les paso a sus familiares les,13,0,0,0.0
3095,si asi se juntaran para exigir al gobierno nadie nos pararia lamentablemente solo es por el futbol p,11,0,0,0.0
3096,entonces como pueden gobernarlos celebren xmi esta bien k les aproveche todo adios pues ya no organi,9,1,0,0.1111111111111111
3097,razon como sociedad hay que analizar las actitudes en estos festejos cesar cravioto de verdad no pen,14,1,0,0.07142857142857142
3098,del gobierno de la ciudad de mexico se sabia que se iba a atascar reforma y no hicieron nada y prote,11,1,0,0.09090909090909091
3099,festeje en lugares cerrados si ya se vio con el registro telefonico jajaja jajajaja jajajaja jajajaj,16,0,0,0.0
3100,vida los de morena son unos inutiles inservibles si no puede controlar carmela rivero y veronica bla,13,1,0,0.07692307692307693
3101,a nuestros borregos a que vayan a matarse ya que les ponen mas pantallas para que mas borregada lleg,10,0,0,0.0
3102,cierto borregos el cielito lindo tiene mas letra ya aprendansela b solo puede encapsular a los colec,14,0,0,0.0
3103,mucha gente se ha desindividualizado con el pretexto del festejo eso solo habla de la falta de perso,14,0,3,-0.21428571428571427
3104,es totalmente descontrolado por otra parte la falta de prevencion y limites por parte del gobierno l,13,1,3,-0.15384615384615385
3105,triste ya parenle al desmadre va a ser peor subete en el metro pinosuuarez a las hrs haber que opina,13,1,0,0.07692307692307693
3106,proteccion civil fallo asi como una campana de como se debe conducir la gente en eventos masivos abi,14,3,0,0.21428571428571427
3107,pensar que hubiese pasado si hay un sismo en ese momento terrible la mitad de jerusalen es de palest,11,0,2,-0.18181818181818182
3108,una provocacion simbolica ridicula sin ningun valor teologico u ontologico porque los sionistas ni s,15,0,0,0.0
3109,de servir al sionismo a href pronto eslovenia tendra su embajada en jerusalen me encanta que gusto d,13,0,0,0.0
3110,sus palabras a cada rincon donde existen los estudiantes y docentes siempre es un gusto poder escuch,12,2,0,0.16666666666666666
3111,espacios no pongan pantalla en el angel por respeto a las personas fallecidas y asi cada persona har,14,0,1,-0.07142857142857142
3112,si salen al angel ya es su responsabilidad mentira clara brugada deben boicotear el mundial nadie en,13,0,0,0.0
3113,muertes inutiles no saben hacer nada la misma televisa y otros canales y el gobierno promueven la ag,13,0,0,0.0
3114,quot cuanta gentuza arrabalera hay en mexico que horror mi percepcion ofrendar su vida por festejar ,16,0,3,-0.1875
3115,criterio maduro y responsable aqui si cabe pan y circo un fracaso su gobierno de la pumba brujada er,14,0,0,0.0
3116,desmadre pues aguantense el hombre masa es un cardel muchos aprovechan esos momentos para acer malda,15,0,0,0.0
3117,toda la responsabilidad recae en televisa y el mal gobierno de la cdmx uno por no poner etiquetas a ,12,0,2,-0.16666666666666666
3118,mu rte y el otro por la negligencia de no tener un protocolo para los excesos de alcohol drogas sexo,13,0,2,-0.15384615384615385
3119,asco de pais y de gente la verdad por eso el pais esta jodido puro zombie se abrio una carpeta pues ,13,0,0,0.0
3120,a policias a meter orden y que rayos van a quot investigar quot no van a agarrar a la gente que los ,14,0,0,0.0
3121,y en el desmadre asi que no pasa nada no le importaron cuando atacaron a sus colaboradores ustedes c,12,0,0,0.0
3122,y circo al pueblo si tanto le importa la seguridad que deje de poner pantallas en donde sea y que el,11,1,0,0.09090909090909091
3123,partido y veran como cambia la situacion a ella solo le interesa beneficiar a los ajolotes es una ra,12,0,0,0.0
3124,del domingo maneras mas tontas de morir no mamen todavia les van a ayudar a pagar gastos nadie los o,13,0,0,0.0
3125,que se queden en sus casas no tenemos educacion ni conciencia br no hay ley ni orden br mejor que pe,14,1,0,0.07142857142857142
3126,hasta con bebes andaban ahi sabiendo que va puro vago y vi ci o so que no sabe respetar los familiar,14,0,0,0.0
3127,sea q ya son los mu s y los q faltan esto apenas comienza el mundial es una tragedia para mexico gen,12,0,0,0.0
3128,ina m anada de marranos locos valiendoles v todo creo que el tratado seguira el anciano ya no tiene ,14,0,0,0.0
3129,para continuar comerciando espero que esto pase factura a los eeuu y se queden por poco fiables mas ,9,0,0,0.0
3130,que cualquier tonto que acceda a la presidencia anula lo que le da la gana sin respetar acuerdos fir,12,0,0,0.0
3131,su tratado por el c l mexico no entiende que debe de alejarse ya de estados unidos que se vaya mucho,11,0,0,0.0
3132,podra abandonarlo ya veremos que dicen los sectores de su pais pura presion mexico debe de aguantarl,14,1,1,0.0
3133,el partido republicano solo le quedan anos porque ba a perder el tratado lo hicieron para ganar ello,9,0,0,0.0
3134,y ya no compiten ya no les gusto le hace un gran favor a mexico y a canada un mercado que es muy ine,9,0,0,0.0
3135,ganar y los demas nada es mejor asi hay otros mercados que no estan podridos ya como te cayo eso mom,8,0,0,0.0
3136,porque el dijo que en un mes no lo molestaran mi abuelita siempre nos decia machete estate en tu vai,8,0,0,0.0
3137,sepetan alas bolas de las personas en el angel familias alejasen de las bolas de personas vieja ridi,18,0,0,0.0
3138,loca gente pendeja haciendo pendejadas creo que es una forma de morir muy estupida de plano k poka x,16,0,0,0.0
3139,mundo pobres tontos seguramente lo quot hicieron volar quot azoto la cabeza colvulsiono y sangro de ,16,0,0,0.0
3140,apreturas es por lo que a veces mejor que no gane la seleccion que imagenes deplorables ante el mund,13,0,0,0.0
3141,ver a los mexicanos alcoholizados pedos y fuera de control matan b do se b entre ellos mismos que la,11,1,0,0.09090909090909091
3142,le falto papa estoy bien endejo pero viva mejico ganamos amarillentas cuanto le pagaron a ese papana,13,1,0,0.07692307692307693
3143,ocurrir a menos de que haya letras chiquitas no y quien los mando a estar ahi son como animales esas,8,0,0,0.0
3144,fue al kinder br el problema fue los que llegaron despues ya no cabian pero empujaron para afuerzas ,15,0,0,0.0
3145,a los que ya estaban a dentro y si dejan de empujar pues la verdad se murieron por que quisieron que,7,0,0,0.0
3146,reventar el lugar y luego se ponen a tomar br haber si con esto entienden y no vayan y mucho menos l,11,0,0,0.0
3147,para eso y para mas ah bueno entonces que mexico no gane para evitar que estos salvajes descerebrado,10,0,0,0.0
3148,genera el gobierno al convocar que hagan festejos a estos geyes les gusta la pachanga yo acuso al go,14,0,0,0.0
3149,le vas a del volver lo que perdieron estas personas ya que tu especialidad es hacer decretos has un ,10,0,0,0.0
3150,llevar ninos a esa clase de festejos por favor adultos sean mas conscientes luego hay andan lamentan,13,0,0,0.0
3151,nada todos callados con los de el prian y la perra de tromp br la perrita de tromp chayoteros no dic,12,0,0,0.0
3152,prian y de los medios a modo ya no deben permitir celebracion en el grupo la verdad lo mejor es ver ,9,1,0,0.1111111111111111
3153,sanamente en familia apoyo presidenta de verdad presidenta mando seguridad estuvo planeando la logis,18,1,0,0.05555555555555555
3154,ficcion que dejo un tonelada de basura no le creo nada el amor a mexico el amor el apoyo respeto no ,13,0,1,-0.07692307692307693
3155,publica vaya que informacion tan irreal no puedes decir mas mentiras y poner palabras en la boca de ,14,1,1,0.0
3156,vitales quot pero eso no dice ese el br asi como te voy creer mentirosa tienes la boca y lengua llen,10,0,0,0.0
3157,falsa seudo periodista pide perdon por mentir vibora jajajajaja y quien los manda la ineptitud de cl,17,0,0,0.0
3158,ser humano no sabe ni madres de su gabinete no mames no se puede controlar la euforia de los aficion,9,0,0,0.0
3159,la gente que tiene alrededor como la persona que se subio a una estructura hizo movimientos como se ,8,0,0,0.0
3160,hiciera a un lado dio varios pasos atras y cayo de espalda por otro medio de comunicacion se sabe qu,9,0,0,0.0
3161,contra una ventana de vidrio de una cafeteria se vencio y sucedio el lamentable accidente ya se les ,9,0,0,0.0
3162,la gente que le vale vrg como burros sin mecate y luego pasan estas consecuencias todavia no hay suf,12,1,0,0.08333333333333333
3163,bloque verde de televisa ganancia de miles de millones para esta y para los de la horda del bloque v,12,0,0,0.0
3164,bien puesta porque gano la seleccion de televisa presidenta es muy peligroso el plan de registro de ,14,0,1,-0.07142857142857142
3165,su gobierno y no sobre las telefonias no se quien se lo sugirio pero creo que hay algo siniestro tra,7,0,0,0.0
3166,algun modo a la ciudadania sera para beneficio br cancele este proyecto presidenta y el pueblo se lo,13,1,0,0.07692307692307693
3167,de gente que le gusta acudir a festejar casualmente lo malo que pase siempre se lo quieren achacar a,14,0,0,0.0
3168,ya ven como no se dan las condiciones adecuadas para su mundialito esto quiere decir que mauricio ta,12,0,0,0.0
3169,a el le debemos pedir que termine esa obra br y recuerda que cuajimalpa no es solo bosques de las lo,16,0,0,0.0
3170,que no llevan nada construido dios te cuide mucho pequena yo apoye a inglaterra porque yo ya queria ,12,0,0,0.0
3171,pero ya a medida que pasaron los partidos y despues del partido con ecuador como que sentia que se l,10,0,0,0.0
3172,o ex futbolista no lo se solo se que era mexicano que encerio creia que mexico ganaria ese mundial p,11,0,0,0.0
3173,titulos solo por estar en concacaf con paises que o no tienen ligas grandes o que de planos ni sepan,10,0,0,0.0
3174,que de una vez se den cuenta que no lograran un titulo realmente grande con su seleccion actual y va,10,0,0,0.0
3175,concacaf enserio muertes por un partido quiten a mexico del mundial resultado de burlas y desmanes a,13,1,0,0.07692307692307693
3176,cuentan con tanta frialdad increible especimenes los mexicanos pues ya les ganamos a los ingleses pe,14,0,1,-0.07142857142857142
3177,que el gobierno apoya ese tipo de festejos no esta bien por ningun lado imaginate cuando los elimine,11,0,0,0.0
3178,no hubieran retraso el partido hora talves como en los otros partidos saldo blanco pura bola de borr,18,0,2,-0.1111111111111111
3179,no saben festejar y mataron a palos de un ecuatoriano y todo nunca mas mexico en la copa del mundo s,15,0,0,0.0
3180,esque es demasiada gente ya paren se los digo hagan conciencia inaceptable saben como se cura esto t,13,0,0,0.0
3181,de la historia porque no se habla de esto parece que no importa seres humanos murieron por los feste,11,0,0,0.0
3182,masivas no traen buenos resultados festejen con sus amigos eviten esta exposicion y que esperan que ,14,0,0,0.0
3183,va deberia de ponerles modulos de primaria trunca para ver si asi tienen tantito sentido comun pero ,11,0,0,0.0
3184,reglamento y hacerlo cumplir que pude esperarse como sociedad festejen con calma hermanos mexicanos ,17,0,0,0.0
3185,fue ley seca pro ellos tomaron hubo alcool a escondidas nesios yo mjor en casa y una chelita y ahi q,14,0,1,-0.07142857142857142
3186,eso es lo que pasa por ir a festejar con pendejos y yo me pregunto aquellos jugadores que apoyan les,11,0,0,0.0
3187,por que ellos no te van a ayudar ni van a llorar y los de california sur y la balacera pero lo baila,9,0,1,-0.1111111111111111
3188,mexico perdiera para que estos ani les dejen de hacer sus desmanes no que simio no mata simio los di,13,0,0,0.0
3189,se les ocurre ir a festejos pendejos se emocionan como si ganaran algo pdnjs les quitaron derechos m,14,0,0,0.0
3190,b pero eso es lo que quieren los paisanos jamas aprenden b br b estan dormidos bajo una estupidez bo,15,0,0,0.0
3191,alcohol urge pongan secciones a sus videos aguas porque ya llegaron los marines a quot ayudar quot l,13,0,1,-0.07692307692307693
3192,presidente sheinbaum nos estan fallando y mucho es conspiranoico el sentido comun y los datos observ,16,0,0,0.0
3193,todos los recursos energeticos y vitales br br segunda fase del plan proclamarse amos y senores de v,18,0,1,-0.05555555555555555
3194,del plan reducir la poblacion de venezuela por diversos medios tal como esta sucediendo en la des ma,18,0,0,0.0
3195,br los soldados de paja y papel venezolanos y sus des masculinizados ciudadanos hombres por miedo pe,16,0,1,-0.0625
3196,regalaran por migajas toda la venezuela br br despues de chavez ya no quedaron hombres de verdad sol,15,0,0,0.0
3197,excusas tienen armamento ruso capaz de derribar aviones y hundir barcos y en lugar de usarlo se esco,19,0,0,0.0
3198,flojitos cooperando con su pedofilo penetrador br br no es fantasias conspiranoica he sentido comun ,18,0,0,0.0
3199,son conspiranoicos son sabios milenarios y ellos mismos determinaron con observacion de los hechos q,12,0,0,0.0
3200,una decada en iran br ahora que fueron destruidas llueve a cantaros otra casualidad de la naturaleza,14,0,0,0.0
3201,de las victimas familiares de los que perdieron todo y sobre todo de los que aun se encuentran sufri,11,1,2,-0.09090909090909091
3202,buenas o malas decidieron dejar entrar al tirano saqueador habra malas consecuencias lo siento por l,17,0,0,0.0
3203,los narcotraficantes pedofilos y canibales anglosajones y castigar a los traidores los dejaron entra,12,0,0,0.0
3204,soberania ya paso ya no hay vuelta atras usa va a gobernar y controlar a sus nuevos esclavos venezue,8,0,0,0.0
3205,los sionistas anglosajones tienen muchos planes para venezuela pero sin venezolanos lo mismo para ar,12,0,0,0.0
3206,dejaran vivir al que les convenga como esclavos del nuevo israel sionista creado por los abominables,13,0,0,0.0
3207,cemitas no tienen nada son blancos impostores que utilizaron las creencias religiosas para gobernarl,15,0,0,0.0
3208,pueblos de america ellos van a ganar lo reinaran todo sin la farsa de la democracia la libertad y lo,10,0,0,0.0
3209,una bestia que da asco br br rusia y china no van a enfrentarlo creen que mantenerlo a raya es sufic,14,0,0,0.0
3210,sangrientos anglosajones no puedes darles la minima oportunidad si le das tiempo encontraran la form,17,0,0,0.0
3211,rusia ni china dejaran que usa aplaste destruya y se apodere de toda america canada groenlandia e is,14,0,0,0.0
3212,ya estan bastante subyugados al poderio sionista anglosajon el plan gobernar y controlar todo lo que,11,0,0,0.0
3213,aplastar y balcanizar a rusia esclavizar a sus hombres y hacer suyas a sus mujeres con los rusos no ,11,0,0,0.0
3214,capacidad en todos los ambitos los humillaran como a nadie antes de las formas mas inimaginables y a,13,0,0,0.0
3215,ahora mismo su unica oportunidad para erradicar el mal del planeta no habra otra oportunidad al fina,13,0,1,-0.07692307692307693
3216,antes que no dominarlo todo br br podreis decirme conspiranoico pero no podeis decir que me he equiv,11,0,0,0.0
3217,cuenta de banco no fue posible depositarle porque el banco tenia un tope me avisan por favor nosotro,11,0,0,0.0
3218,volvere a donar en cuanto pueda estan bien tontos y no lo son mas porque no practican cambien no que,10,0,0,0.0
3219,sus hinches errores si es cierto guapisimos estaria bien para que lopez obrador o la presenta claudi,10,0,0,0.0
3220,el dictador bukele que modifico la constitucion de su pais para poder reelegirse las veces que quier,10,0,0,0.0
3221,estaria bien o no se refieren a eso uy que quot quot graciosos los panistas si eso ya lo hiceron en ,11,0,0,0.0
3222,la poblacion civil para los quot culpables quot sin investigacion ni juicios les preguntamos por el ,15,0,0,0.0
3223,de la cdmx entre otras tantas quot lindezas quot que raro que la poposicion quiera estar en un cecot,12,1,1,0.0
3224,molino ellos son los primeros en despojarlos y vender sus tierras todos somos mexicanos los arrastra,14,0,0,0.0
3225,golpistas y asi quieren que los quieran ni en su casa nada nuevo bajo el sol oi hola amigos saludos ,12,0,0,0.0
3226,por la multitud no y en todi el pais el pueblo se volco unidos en las calles comunidades munisipios ,13,1,0,0.07692307692307693
3227,eeuu so somos mucha pieza truop escucha oye ve ahora con que cara de oendjjja saldra la presidente f,15,0,0,0.0
3228,turbo derecha br golpear a ancianitas y ancianitos ahora no hubo bloque negro a quien decirle provoc,14,0,1,-0.07142857142857142
3229,hablarles las lonas mandar a abrir la calle es represion y violencia fisica que no se hagan pendjoos,14,1,1,0.0
3230,sabian ni los mandaron esto es lo que se llama gaslightimg por que no se manifiestan por el motivo q,8,0,0,0.0
3231,momento en los pinos por que lo hacen afectando al resto de la ciudadania porque si dice la inquilin,9,0,1,-0.1111111111111111
3232,expresion senoras disculpen que se los diga pero las mujeres principalmente votaron por la senora sh,15,0,0,0.0
3233,como sus madres las cuidadron a ellas posiblemente los suyos no habrian desaparecido la culpa es de ,12,0,2,-0.16666666666666666
3234,animo partido estas son las consecuencias de la falta de responsabilidad banana republic gobierno as,19,1,5,-0.21052631578947367
3235,te has sacado un que periodista tan tonto a lo que hicieron le llaman festejo es una verguenza que n,9,1,0,0.1111111111111111
3236,se celebre en casa bla bla bla bla bla bla br bla bla blabla bla bla bla bla bla br bla bla bla bla ,28,0,0,0.0
3237,bla bla bla bla bla bla bla bla bla br bla bla bla bla bla bla bla bla bla br bla bla bla bla bla bl,30,0,0,0.0
3238,bla bla bla bla bla bla bla bla bla br bla bla bla bla bla bla bla bla bla bla bla bla br bla bla bl,30,0,0,0.0
3239,bla bla br bla bla bla bla bla bla bla bla bla br bla bla bla bla bla bla br bla bla bla bla bla bla,30,0,0,0.0
3240,bla bla bla para que se les quite lo endejos andar celebrando basura diabolica si saben muy bien que,12,1,1,0.0
3241,estupidez en alto cuanto les dio la fifa por ur de borregos la de proteccion civil cdmx debe renunci,15,1,0,0.06666666666666667
3242,en su fiesta mexico cayendose a pedazos mientras los padres sigan sin educar a sus hijos estos segui,14,0,0,0.0
3243,que se la pasa buscando la manera de vender alcohol y droga a escondidas de las autoridades esto no ,10,0,0,0.0
3244,su mayoria urge agarrar a los vendedores y meterlos a la carcel como corresponsables de asesinato de,14,0,2,-0.14285714285714285
3245,con carcel de por vida solo asi van a entender otros que se dedican a lo mismo aplicando leyes de ce,9,0,0,0.0
3246,flagrancia o quitandole la vida a otra persona aplicarles la pena capital sin mayores tramites urgen,17,0,0,0.0
3247,sabe respetar a los demas vaya cinismo hablan como si todo el pueblo fuera tonto la culpa ya no es d,10,0,0,0.0
3248,cada quien es duen de sus actos muy lamentable tengan conciencia carajo pobre de sus familiares yo f,13,0,0,0.0
3249,esta prensa chayotera normal el gobierno de canada cancela los festejos por lluvia para evitar eso e,15,0,0,0.0
3250,humana ni les interesa el bien comun lo unicoq ue les importa es que voten toda la parbada de ciudad,12,0,0,0.0
3251,mejor quedense en casa el proximo partido puede ser mas peor ches mexicas no mms todos los que les g,13,0,0,0.0
3252,eventos pero el narco gobierno no lo hara pues lo usa de cortina para ocultar los fuertes problemas ,12,1,1,0.0
3253,total una mancha mas para el gobierno ya ves lo que dice el que juzga o critica las noticias los res,7,0,0,0.0
3254,vayan y van el futbol los vuelve locos mi mas sentido pesame para todas las familias por las perdida,14,0,0,0.0
3255,pero ni para festejar sirven eso es el alcoholismo en mexico tenemos una sociedad muy mal educada y ,13,0,1,-0.07692307692307693
3256,completamente br br mexico si es la persona que le avienta cerveza por decir lo menos a un aficionad,12,0,0,0.0
3257,un coche porque se sabe impune mexico si es quien se golpea en la calle por cualquier cosa como simi,9,1,1,0.0
3258,ciudad entera un basurero un mercado o un mingitorio mas aun mexico si es quien se la pasa ideando l,13,0,0,0.0
3259,en cuanto ve una oportunidad mexico si es el que ostenta el vergonzoso lugar de paises en la lista m,11,0,1,-0.09090909090909091
3260,inmensa mayoria de su poblacion carece de principios valores y moral pero que se enganan pensando qu,14,0,0,0.0
3261,todo eso si representa a mexico solo que ya lo tienen demasiado normalizado como para darse cuenta p,9,0,0,0.0
3262,menos en gran parte no todo el pais pero si gran parte br sean marchas sean festejos ninguno hace un,7,0,0,0.0
3263,en min gracias desgraciadamente nat muchos mexicanos si son asi solo hay que subir a la linea o del ,11,0,0,0.0
3264,mi pueblo y todos los fines de semana con los borrachos y drogados que andan en las calles confundir,12,1,0,0.08333333333333333
3265,eres tu la que ha de venir vayan y diganle al pri lo que han visto y oido los ciegos ven los sordos ,13,0,0,0.0
3266,curados los cojos andan los muertos resucitan y a los pobres se les anuncia la buena noticia y solo ,12,0,2,-0.16666666666666666
3267,siempre son mas el regreso del trinche tenedor no puede uno mas que estar de acuerdo contigo no me p,12,0,0,0.0
3268,a mexico pero es lo que pasa cada anos porque somos una sociedad sin educacion sin principios ni val,10,1,0,0.1
3269,siente defraudado y burlado de ahi que la gente saca lo peor de su interior para poner en evidencia ,13,0,0,0.0
3270,resaca esta por venir va y esta nona de donde salio guardate tu sermon pndja hasta aqui llego mezzic,13,0,0,0.0
3271,over lastimosamente estamos llenos de muchos simios por favor otra quot comentarista quot politicame,14,1,0,0.07142857142857142
3272,aportan a la raiz del problema leelo con todas las letras mexico y su gente si es eso violento prepo,13,0,0,0.0
3273,con responsabilidad de poder y se transforma ponlo con dinero y no se diga ponlo con la oportunidad ,12,0,0,0.0
3274,pintan solos ah y si le agregas la estupidez de un patriotismo anacronico y apestoso ridiculamente r,14,0,0,0.0
3275,comentologos y comentologas quieran quedar bien con sus suscriptores con frases como que es justific,13,0,0,0.0
3276,para el desmadre pero no para pedirle cuentas a sus autoridades que roban no llegaremos a nada al fi,14,1,0,0.07142857142857142
3277,de extraterrestres la verdad es que el gobierno es solo el muy fiel reflejo de las personas que lo e,11,0,0,0.0
3278,hacen sus desmanes la verdad si da mucha pena no somos todo pero si gran parte de los mexicanos no t,7,0,0,0.0
3279,pobres blancos o morenos todos se comportan como unas verdaderas bestias hoy murio el senor que fue ,13,0,0,0.0
3280,le llaman los de la aficion espero que pierda mexico ya xq de ganar imaginate como nos va a ir si as,11,0,0,0.0
3281,en la derrota gracias por el beso y tu opinion bella dama lastimosamente esto representa nuestra soc,14,0,0,0.0
3282,que conste que a me gusta mucho el futbol nat de mi vida y de mi nat coincido completamente contigo ,13,0,0,0.0
3283,es el reflejo de lo que pasa despues de un festejo por que gano la seleccion si lo es tristemente nu,9,0,0,0.0
3284,hay que ver cual es la musica que mas se escucha de hecho he notado que el pais cada dia es peor no ,8,1,0,0.125
3285,en nosotros cambiar pero a la gran mayoria le vale seamos serios pero que tal tiran basura en las ca,13,1,2,-0.07692307692307693
3286,de que sabot quieres tu nieve y tu mama tambien tubo la culpa por tener una hija tan perpleja una co,14,0,0,0.0
3287,morenanarco o narco gobierno en anteriores gobiernos ya te hubieran mandado a detener por calumnias ,14,0,1,-0.07142857142857142
3288,ellos son los que te pagan para calumniar pero por k hablas aseee de naacaa br seras de iztapalacra ,11,0,0,0.0
3289,no tirar basura en la calle br aah y tu quien eres que hablas asi de tu gobierno sin conocimiento br,11,1,2,-0.09090909090909091
3290,la ineptitud de los gobiernos del pri o pan inepta tu br que haces por tu municipio br solo criticas,13,0,0,0.0
3291,tik tok solo es para tu bolsillo es cuando tiene uno sentimientos encontrados por un lado me da much,9,0,0,0.0
3292,hay gente que no sabe comportarse aprovechan para hacer actos bandalicos pareciera que aprovechan pa,14,0,0,0.0
3293,ocurre llevae ninos a una concentracion masiva de personas que vergenza de secretaria de salud se no,17,0,0,0.0
3294,en su mas decantada expresion morena se la pasa mintiendo lo que se ve no se juzga son unos incompet,13,0,0,0.0
3295,ley seca en los alrededores del angel se deberia prohibir esos eventos desgraciadamente la gente par,17,2,1,0.058823529411764705
3296,brillo por su ausencia y proteccion civil on ta o donde estuvo los fue a tirar la kkaldesa de la cua,12,1,0,0.08333333333333333
3297,humana estas hienas junto con zopilotes chacales estan saliendo en todos los medios chayoteros a luc,14,0,0,0.0
3298,diariamente aun cuando hay prevenciones y senalamientos de prevencion hubo ley seca pero la gente se,15,1,1,0.0
3299,pero por favor dejen de lucrar y echar culpas hay gente imprudente siempre por estas razones la sele,13,0,0,0.0
3300,de a min la recomendacion seria no ir azucena por favor ya dejen incitar a la gente con que apoyan a,11,0,0,0.0
3301,a hacer desmanes es gente con falta de criterio y responsabilidad basta ya de andar haciendo revuelt,14,0,3,-0.21428571428571427
3302,en foma implacable como si la gente no pensara haces preguntas muy tendenciosas se parece al tonto d,14,0,0,0.0
3303,incapaz claro todo el sello y caracteristicas de los funcionarios de morena q barbaro algunos mueren,16,0,0,0.0
3304,prudencia y responsabilidad llevar identificacion br lleva a tus ninos bien peinados br esta bien ma,14,0,1,-0.07142857142857142
3305,con esta senora me recuerda a la companera que no estudiaba para la exposicion en la secu este gobie,11,0,0,0.0
3306,admitir que fueron irresponsables al no limitar entrada de tanta gente ni tener equipo medico al alc,16,0,0,0.0
3307,gobiernos de morena de tercer mundo ellos son mas responsables esto no pasa en paises avanzados y la,14,0,0,0.0
3308,la maldita apologia del delito y los carteles de la droga gobernantes supremos de mexico ya no deber,14,0,0,0.0
3309,nadin g no vive en mexico o que no conoce el comportamiento del mexicano no todos pero si la mayoria,12,0,0,0.0
3310,sinvergenzas por que se prestan los trabajadores a eso o los obligan como en todo nunca saben a dond,6,0,0,0.0
3311,me creyo lo que explico este senorito es que si hay golpes que ellos provocaran primero se la revien,9,0,1,-0.1111111111111111
3312,de es una vajesa del gob no hay de otra asi utiliza morena a los hambreados esta bien hubo enfrentam,11,1,0,0.09090909090909091
3313,encontro la maquina para viajar al pasado o nunca salimos de el no manches que grave br poner civile,15,0,0,0.0
3314,y gas lacrimogeno br ahi nadie decia nada y todos contentos br ojala recolecten agua de lluvia para ,15,1,1,0.0
3315,aca haecuador dios mio wuenos coja confesados aguacero es aguacero cosa seria conlamsdre naturaleza ,20,0,0,0.0
3316,me aporta nada que beneficie decoro y recato por respeto cambio climatico apocaliptico el diluvio un,13,0,0,0.0
3317,ti hay que decirlo se inauguro una obra inconclusa normal todavia falta bastante esperemos que termi,13,0,4,-0.3076923076923077
3318,torniquetes para la salida cerraron la linea para su renovacion y no instalaron torniquetes para la ,15,1,0,0.06666666666666667
3319,no hubo seguridad ay no maria corina quedate donde estas ya hay mucha tragedia ahi como para que vay,10,1,1,0.0
3320,su jefe trump y un basurero enorme gobierno ya no pongan pantallas en el angel porque mexico no esta,13,0,1,-0.07692307692307693
3321,hubo ah orale este domingo ya van a perder por eso yo quiero que ya pierdan la gente se vuelve peor ,12,0,0,0.0
3322,personas eso le pasa por molestar a ecuador muchachos no nos van a igualar somos argentina millones ,14,1,3,-0.14285714285714285
3323,simios bajaron a senor del auto y lo mataron a golpes adelante de su mujer y sus hijas dan asco lame,13,0,0,0.0
3324,terrible no tienen idea siguen ilusionandose que le ganan a espana argentina o francia o brasil que ,17,0,0,0.0
3325,seguridad alos estados donde matan alos alcaldes mejor q aya seguridad para el pueblo y dejen de ton,16,2,0,0.125
3326,malo de los mexicanos para que nunca pase turistas por el pais sabemos que ay mamones pero no todos ,12,0,0,0.0
3327,brugada esta equivocada si se puede featajar sin beber alcohol y tambien se puede llevar una bolsa p,10,0,1,-0.1
3328,las personas que van limpiando las calles si pero no es para proteccion es para evitar que hayan mar,10,2,0,0.2
3329,estadio es una cantina al aire libre cual ley seca o tambien ahi a href a aplicar aun que les quiten,11,0,1,-0.09090909090909091
3330,emocionarnos pero no al grado de no pensar en los demas boycott mexican goods mexico is not our frie,13,0,0,0.0
3331,be trusted with a bologna and cheese sandwich anos de mantenimiento y no se ve donde esta espero y n,11,0,0,0.0
3332,que la linea del metro se construyo durante el gobierno de miguel angel mancera perredista ay vieja ,17,1,0,0.058823529411764705
3333,de mas agua oxigenada en el pelo por favor tienes boca mamadora estas pendeja chamaca sabemos que la,13,1,1,0.0
3334,le hagan a la t nos van a pelar la verga estas con los narcoperdedores del prian seguiremos mandando,12,0,0,0.0
3335,excelente informacion a href uckszu wh gy mb dv ujg jaj xpgpjynw wtupzu cw a both the timing of the ,20,0,0,0.0
3336,though cuatro muertos y el mismo lugar sigue abierto para el domingo ustedes creen que las autoridad,9,0,1,-0.1111111111111111
3337,esta minimizando lean los comentarios y diganme con cual se quedan muchas felicidades al gran equipo,14,0,0,0.0
3338,avalanchas humanas enormes cada seccion debe garantizar que la fuerza bruta no destruya las seccione,14,0,0,0.0
3339,muy buena organizacion en una perfecta distribucion de la gente a tu pregunta adela desde hace mas d,11,0,0,0.0
3340,culpa fue del clima del del millon de asistentes al angel todos los gobiernos del mundo tienen la ob,12,0,1,-0.08333333333333333
3341,e infinita ignorancia para gobernar este narcogobierno solo se ocupa en saquear las arcas y proteger,12,0,0,0.0
3342,un corredor que vaya del monumento a la rev pasando por el angel y al llegar a la glorieta de la pal,10,0,0,0.0
3343,guarda nacional si va un millon con efectivos se contorlan los accesos y con otros se controlan bloq,9,0,0,0.0
3344,de guadalupe un de diciembre cuantos muertos ha habido y cuantos muertos hubo en el mexico yo estuve,11,0,2,-0.18181818181818182
3345,amigos quot chilangos quot con todo mi respeto que tal si aplicamos la que ustedes nos ensenaron que,11,0,2,-0.18181818181818182
3346,brazo y griten silencio o no no no creo que eso podria alertar a otros que no se dan cuenta del peli,8,0,2,-0.25
3347,quot y eso fue lo que provoco la estampida por minutos dicho por testigos presentes ganamos a chispa,14,0,0,0.0
3348,que tu jugaras ahi br perdon pero a mi no me gusta el futbol soy antifutbol antimoniales y no me rec,10,0,0,0.0
3349,ni logistica y encima estan rebasados y todavia les das mas para que lleguen mas y se queden mas se ,9,0,0,0.0
3350,que les urge decir quot se rompio record de asistencia quot no garantizan la seguridad de los asiste,15,1,0,0.06666666666666667
3351,se necesitan rutas de evacuacion y gente que coordine las salidas rutas despejadas para que paramedi,16,0,1,-0.0625
3352,restringidas y delimitadas pero no no ha pasado y no pasara no hay limites y se esta poniendo en rie,11,0,2,-0.18181818181818182
3353,fuerza como ganado no inventes hasta las am celebrando en time square garden en ano nuevo ponen en b,14,0,0,0.0
3354,los mexicanos lo dudo tengo entendido que se pusieron muchas pantallas para distribuir mejor a los f,9,0,0,0.0
3355,redes y medios ecuatorcidos estuvieron insultando provocando insistiendo en que ellos eran superiore,14,0,0,0.0
3356,el ego de los ecuatorcidos les metimos dos hasta adentro les dolio el chile mexicano doble duele mas,14,1,1,0.0
3357,y si ya en el partido mexico fue muy superior a su contrincante adela como que se murieron por asfix,12,0,0,0.0
3358,a realizar un pago a unas cuadras de la glorieta de insurgentes habia ropa ropa interior tirada una ,15,0,1,-0.06666666666666667
3359,tengo una opinion distinta me parece demasiada coincidencia que mexico este ganando tantos partidos ,11,0,0,0.0
3360,ningun ronaldinho jugando lo que vi fue un partido donde los de la casa estaban frescos y los visita,11,0,0,0.0
3361,obvia no vi ningun show o un partidazo donde hubiera competencia juego defensa no vi eso practicamen,13,0,0,0.0
3362,y no me refiero a adela micha que la gente contrate en donde les pasen el juego si no se cuidan ello,10,0,0,0.0
3363,arriesgar la vida por un partido asi hubieran salido cuando quitaron el unico derecho que teniamos e,11,0,0,0.0
3364,esas tres muertes que le dicen a sus familias porque no ponen en varios lados seguridad y ambulancia,11,1,0,0.09090909090909091
3365,preparada para atender la demanda de seguridad y control no hubo la correspondiente seguridad ni pun,15,3,0,0.2
3366,de queda de verdad esto ya es un riesgo ya hubo muertos que esperan que haya una desgracia mas fuert,10,1,2,-0.1
3367,la administracion morenista obradorista ha usado el dinero en tonterias y corruptelas en lugar de in,14,3,0,0.21428571428571427
3368,de elementos de seguridad control del flujo de personas corredores de emergencia presencia de senale,20,1,1,0.0
3369,que no hacen un reportaje sobre las razones reales por las cuales el gobierno federal y el gobierno ,8,0,0,0.0
3370,les toca y esto es los protocolos de seguridad en concentraciones masivas una parte es el deplorable,10,1,0,0.1
3371,es la proteccion civil ah pero claudia y brugada festejando sin asumir responsabilidades otra vez ne,19,1,1,0.0
3372,una pais y para gobernar una ciudad se necesita preparacion no improvisacion para muestra varios bot,14,0,0,0.0
3373,presencia de un grupo de personas intoxicadas y quot crudas quot hasta hace unas horas pero eso si p,16,0,0,0.0
3374,buscadoras repito lo mas lamentable es que la negligencia del gobierno en todos los niveles sigue co,15,0,1,-0.06666666666666667
3375,como de pesames hipocritas de ambas ya ha quedado bastante claro que la gente mujeres infancias homb,15,0,0,0.0
3376,mentalidad en la seleccion con tanta violencia delincuencia desapariciones falta de seguridad etc et,16,1,5,-0.25
3377,para olvidarse de todo lo que esta pasando en mexico que triste y lamentable el fallecimiento de esa,10,0,1,-0.1
3378,mucho cuidado y respeto aun en la euforia br br bravo meeexico si se puede br que lastima la pesima ,16,0,0,0.0
3379,y majaderos muy bien que los nuestros no se engancharon es el partido que mas han jugado como equipo,11,0,0,0.0
3380,la seleccion mexicana vamos por mas triunfos festejos con multitudes es un riesgo mortal mientras lo,15,0,1,-0.06666666666666667
3381,a mexico lo deberian sacar del mundial si los aficionados no se saben comportar avisenles que solo g,13,0,0,0.0
3382,un pais tan seguro la gente se asusto creyendo que era una balacera y se formo una estampida que en ,14,0,1,-0.07142857142857142
3383,sus seres queridos no hay egos en esta seleccion son un gran equipo mexico es grandee y si siii real,16,1,2,-0.0625
3384,con mal olor y muy turbia siento feliz x mexico y football mexicano para el pueblo pero estoy triste,15,0,4,-0.26666666666666666
3385,cuidar mas masas bien dices es fenomeno pero pero tenemos que cuidar su integridad su vida por favor,13,0,0,0.0
3386,felicidades si borregada ya causaron la muerte de fanaticos que por su loquera en o traro la muerte ,14,0,0,0.0
3387,esta gastando millones de pesos para qye sus subditos se diviertan causeb destrozos y muerte si feli,17,0,0,0.0
3388,esos desadaptados subditos del gobierno y de las televisoras viva mexico huevones esque para eso se ,13,0,0,0.0
3389,mismo lugar pero el fomo es mas poderoso que el sentido comun y aun asi van todos a aplastarse al an,10,0,0,0.0
3390,celebracion y pens que era ai hola adela felicidades por el triunfo excelente los jugadores cada vez,13,1,0,0.07692307692307693
3391,de la gente se debe tambien a que despues de tantas noticias tristes necesitabamos algo que se pudie,10,0,0,0.0
3392,asi bendiciones para todos los jugadores y adelante mexico mora apenas tiene anos va a seguir crecie,10,0,0,0.0
3393,ultimo pelo mas recondito de su cuerpo por no tener malas notas de el mundial en mexico adela me da ,12,0,0,0.0
3394,el mismo tenor de ideas la preocupacion por lo sucedido con las personas que lamentablemente falleci,14,0,0,0.0
3395,mucho como contencion control y rapido acceso a las atenciones medicas saludos y felicidades por el ,15,1,1,0.0
3396,se acuerde ya quiero ver cuando se gane el mundial mx el jugador mora todavia puede crecer y si que ,13,0,0,0.0
3397,de la cabeza al cielo total las muertes valen madre lo importante es que gano mexico verdad y que el,11,0,0,0.0
3398,del pais le vale verg con mas razon a estos es imposible contener a tanta gente solo queda apelar a ,13,0,0,0.0
3399,perdieron los ecuatorianos y se les olvido todo ahora son llorones y victimas se les olvido los que ,8,0,1,-0.125
3400,si estaba como poseida por el verdadero espiritu de futbol ya no son individuales no quieren ser pro,13,0,0,0.0
3401,muuuuy bien excelentes antes decepcionaban siempre igual siempre lo mismo ya les habia perdido la fe,11,0,0,0.0
3402,mexico secilio u que buscan las mujeres sus hijos estaban vendiendo productos que le reclamen a los ,14,0,0,0.0
3403,familias que quieren ver solo un partido en familia ellos no tienen la culpa los politicos siento po,13,0,0,0.0
3404,a ir la gente a celebrar pero seran menos y evitarian caos pero que esperar de morenosexpriistas que,9,0,0,0.0
3405,ciro estoy empezando a creerle a vallarta ohhh m de suscriptores ya felicidadesd g formula que padre,16,0,0,0.0
3406,ciro no te queda hablar bien de la t ardes en deseos de que todo salga mal se ve en tus mandibulas a,12,0,1,-0.08333333333333333
3407,no habra festejo viva ecuador la podredumbre de la desinformacion ya deberias estar en la carcel mal,13,0,0,0.0
3408,si es cierto que te van a entambar ante la posible derrota la seleccion mexicana los dejara con ilus,11,0,0,0.0
3409,y se llama estadio azteca azteca asi estadio azteca aun que les cueste por eso pagamos impuestos par,14,3,0,0.21428571428571427
3410,las inundaciones que hubo ai y en cdm cierren el angel si pierde mexico se pondra peor la gente simi,16,0,1,-0.0625
3411,las costas no son justificables en la actualidad pero hacerlas en el altiplano a metros sobre el oce,10,0,1,-0.1
3412,vergenza ser mexicano y mostrar lo peor que tenemos lo reflejemos ante el mundo que en las estacione,13,0,1,-0.07692307692307693
3413,se le deje entrar gratis al metro a href zona chaira contra fifis la otra vez vi a un indigente olie,15,0,0,0.0
3414,la independencia eso es mentira en otros medios dcien que dejaron basura como siempre como siempre m,15,0,2,-0.13333333333333333
3415,sabe que para unos es lo peor para otros es dineroeste pais sabe reciclar no esten de llorones y est,9,0,0,0.0
3416,para los bolsillos de alguien mas una parte es para el metro y otra para los politicos o acaso piens,10,0,0,0.0
3417,con los pejeombis falta ver cuanto se robaron es solo agua litros y litros no se preocupen para solu,10,1,4,-0.3
3418,juegos del mundial o van a volver a traer a bts minutos o a shakira para un evento gratuito en el zo,12,1,0,0.08333333333333333
3419,ta las obras son su mejor pretexto para robar aunque estos cinicos descarados ya roban por todo lo d,10,0,0,0.0
3420,rufianes pero dicen los chairos que eso pasa en todos los paises hasta en los de primer mundo toliza,11,0,1,-0.09090909090909091
3421,agua del exterior y reacomodo de los recursos a los bolsillos del cartel del malestar pidan su beca ,15,2,2,0.0
3422,que antes br y tamalitos de chipilin br con el malo y su secta solo lo contrario de lo que prometan ,10,0,0,0.0
3423,sus cosas millones de pesos no se nota en ni vrgas mas que algunas estaciones renovadas jsjs tambien,10,0,0,0.0
3424,la bolsa ustedes creen que no millones la t morena y la presidenta solo le mienten al pueblo deben d,14,0,0,0.0
3425,de silla rota recibia sobornos de millones mensuales en el universal de un tal garc a luna br pues s,13,1,0,0.07692307692307693
3426,que debieron hacer pero son nuevas dinero tirado a la basura en un problema que evidentemente es est,10,0,1,-0.1
3427,metro callado no sabe dirigir ya se siente la t jaja todo lo que remodelan se inunda vallan al parqu,14,0,0,0.0
3428,engano es el sistema de riego para los jardines rubalcaba esta trabajando pero si la ajolota mayor d,11,0,0,0.0
3429,alguien esta mintiendo invirtieron millones de pesos y de esa cantidad cuanto se robaron gobierno de,15,0,1,-0.06666666666666667
3430,morado y despues de amarillo ya basta no si ya no quieren mas de lo mismo salgan a manifestarse a ha,9,0,0,0.0
3431,que se larguen estos ojetes el trompas sabe que asi fue el fraude en colombia peru y otros paises po,9,0,1,-0.1111111111111111
3432,quiere en usa jaja mientras la ciudad se les cae al pueblo pan y circo ya veremos despues si ese ent,12,0,0,0.0
3433,cuando proceda encerrar funcionarios si q bajaria la corrupcion hijos de su perra madre entonces don,16,0,1,-0.0625
3434,empresas de validadas y dejense de manadas di no puedes con el crimen organizado pobres pendejos y p,16,0,1,-0.0625
3435,in pais libre despues no se pongan pendejos cuando aya marchas por k les bamos a partir su perra put,13,0,0,0.0
3436,de ka ormrwcidenta rico precidenta que descalifiquen a mexico por andar haciendo sus mamadas me extr,16,0,0,0.0
3437,fernandez buenas tardes que lamentable y no vale la pena por favor donde queda el orden y el civismo,15,0,0,0.0
3438,ver que hayan mu erto estas personas por celebrar una basura de fut bol entre mexico y ecuador acaba,13,0,1,-0.07692307692307693
3439,son ya son personas fallecidas que necesidad de esto padres de familia eduquen a sus hijos la alarma,11,2,0,0.18181818181818182
3440,gobierno buenas tardes saludo desde baja california norte yo siempre he dicho que las multitudes no ,9,0,0,0.0
3441,la paz tambien o tragedia yo por eso desde un cafe un bar o en casa vemos el futbol para evitar esta,11,0,0,0.0
3442,tengan un excelente miercoles que bueno que mexico gano pero esta habiendo tragedias muertes cuantos,16,1,1,0.0
3443,buena salud para tu higadito pedro con esos enojos y corajes a diario me encanta escucharte pedro a ,13,1,0,0.07692307692307693
3444,creo en los extremos no deberia existir ni izquierda ni derecha simplemente un politico debe trabaja,12,0,0,0.0
3445,de su cargo juan ramon de la fuente sera muy inteligente y exdirector de la unam pero como secretari,13,0,0,0.0
3446,no hagas tantos corajes te nos vas a enfermar gracias a dios ya empezo a caer este gobierno de a hre,19,0,0,0.0
3447,qs yydydg a a href uckszu wh gy mb dv ujg cfy hjh bv qs yydydg a a href uckszu wh gy mb dv ujg cfy h,26,0,0,0.0
3448,a a href uckszu wh gy mb dv ujg cfy hjh bv qs yydydg a que repele escuchar a claudia y que pinche co,20,0,0,0.0
3449,pinche mentira e idioteces de su boca magistral como siempre comentarios muy acertados alito moreno ,13,0,0,0.0
3450,fulana parasito que reside el palacio nacional sale todos los dias a decir una mamada o una mentira ,12,0,0,0.0
3451,la pasa diciendo miles de mamadas mamadas y millones de mentiras mentiras muy crueles y muy perjudic,14,0,0,0.0
3452,computadora ahora le apachurras una tecla de mas y adios tu archivo el que no despierte con tanta pi,10,0,0,0.0
3453,pendejo juan ramon de la fuente pero comunistas completamente y de morena disculpame muy bien pedro ,15,0,0,0.0
3454,si no jalan los del pan que se queden solos esa vieja sandra cuevas es una motosierra no deja palo p,14,0,1,-0.07142857142857142
3455,criminales como esta br br hoy pues les dan una embajada estas mamadas del gobierno ni mia kalifa la,11,1,1,0.0
3456,pedro no lo digo por defender a los criminales de morena pero si vallarta es un secuestrador por que,9,0,1,-0.1111111111111111
3457,sentencia se paso anos esperando su sentencia y nunca la dictaron si todo estaba tan claro como tu d,8,0,0,0.0
3458,si te falto informacion y no por tirarle a los criminales de morena pierdas asi la objetividad tambi,14,0,1,-0.07142857142857142
3459,es un delincuente no por nada esta en el bote en usa y cardenas palomino cuyo pupilo es garcia harfu,12,0,1,-0.08333333333333333
3460,por estar tan mal informado y ser tan poco objetivo br br ah y otra cosa a israel y florence no los ,12,0,1,-0.08333333333333333
3461,en la transmision de loret no pusieron que era una recreacion no podian decir que recreaban algo que,11,1,0,0.09090909090909091
3462,inventaron desde cero from scratch como dicen los gringos a israel y florence los detuvieron un dia ,11,0,0,0.0
3463,donde los tuvieron el resto de ese dia y toda la noche y luego en la madrugada ya los llevaron a las,7,0,1,-0.14285714285714285
3464,television insisto ahora se no tienes npi de lo que estas hablando y me sorprende y me decepciona br,11,0,0,0.0
3465,olvida a florence cassez no la libero la izquierda a ella la liberaron en enero de acabando de dejar,16,0,0,0.0
3466,vallarta que se quedo encarcelado anos mas aun sin haber sido sentenciado nunca fue liberado ya en u,9,0,0,0.0
3467,buenos me gusta tu manera de informar por que lo haces veraz y divertido br gracias ferriz hola pedr,12,0,0,0.0
3468,el primer modelo que se vendio fue el iphone g ademas no en todos los paises pocos donde se vendio e,12,0,0,0.0
3469,a venderlo abierto ya que alemania desde entonces tenia leyes que prohibian bloquear los telefonos c,12,0,0,0.0
3470,criminal y sus dichos son falsos porque desecharon las pruebas que lo inculpaban y desgraciadamente ,10,0,3,-0.3
3471,visto anda de vacaciones exactamente vallarta es un secuestrador completamente mexico mexicanos no v,14,0,0,0.0
3472,diputados y despues presidencial nos tenemos que ir con todo ni hablar si los demas objetes no quier,10,0,0,0.0
3473,larga vida a ti y otras viejas defendiendo a estos impresentables eso es en mexico en el corrupto go,12,0,1,-0.08333333333333333
3474,la van a pelar porque es los que van a actuar en mexico el narcopresidentedente corrupto asesino lop,14,0,1,-0.07142857142857142
3475,ignorantes sedientos de sangre poder y dinero br mienten como respiran felicidades pedro hoy dia de ,17,0,0,0.0
3476,san pedro y san pablo o sea que es santo de los pedro ferriz decon e hijar e incluso santa cruz qepd,15,0,0,0.0
3477,vulgar pero tu informacion con tu particular forma y tu vocabulario corriente cruzado con de la call,16,2,0,0.125
3478,opinas de vamos mexico de acosta naranjo a mi no me gusta pedro pienso igual que tu alito a ido de f,14,0,0,0.0
3479,con kk ay que miserable la porra amiguis del misogino el primer dia de la semana es el domingo es nu,12,0,0,0.0
3480,con tanta verdad a la mexicana cuidate mucho cuando te fuiste de vacaciones te vi hasta en el gimnac,10,0,0,0.0
3481,dicen la narcofiscalia de shaimbaun quiere las pruebas para que sean desechadas a me encanta sus int,13,0,0,0.0
3482,pedro te percataste que sandra cuevas luce un collar de oro amarillo de kilates de la compania tiffa,17,0,0,0.0
3483,tipo debe estar en la carcel como habria sido con otro hombre que no fuera de morena ya estaria pres,6,0,0,0.0
3484,partido peor rocha moya esta escondido en la nahuas de la nora con a mas personas divididas vamos a ,13,0,0,0.0
3485,debe llamarse somos mexico debe ser somos corruptos y rateros q queremos q nos mantenga el pueblo re,14,0,1,-0.07142857142857142
3486,somos narcos mx a su narcodirigencia tan joven fresca llena de ideas nuevas es el partido de salinas,14,0,1,-0.07142857142857142
3487,ir solo a las elecciones del creo que seria un error morena a apostado a divide y veneceras es por e,9,0,0,0.0
3488,partidos graben bien lo que ofrecen para que no les vean la cara a los burritos aplaudidores que lo ,12,0,0,0.0
3489,de este partido es robar al pueblo no tienen ni plan a futuro solo quieren dinero pobres imbeciles q,13,0,0,0.0
3490,gente jajajaja quot nueva fuerza quot ciudadania ni ellos se los creen br no puede ser nuevo porque ,10,0,0,0.0
3491,partido o es muy ingenua o es muy tonta debut y despedida el cucarachopartido y su plagadecucarachas,9,0,0,0.0
3492,registro y miles de millones de presupuesto puras mentiras prometen y nunca hacen nada que les crea ,12,0,0,0.0
3493,no les da pena seguir robando y viviendo del erario publico de una u otra forma quieren seguir vivie,15,0,0,0.0
3494,en sus partidos fake lo q no hay es ciudadanos q se la traguen jajajajaja nombre como mil personas u,13,0,0,0.0
3495,asco de senor y br de partido solo vividores del dinero de los mexicanos ya artos de que aparezcan p,14,0,0,0.0
3496,son los que se llevan todo ese dinero porque los demas solo son numeros para usar pura lacrita ora r,11,0,1,-0.09090909090909091
3497,sin registro para que entiendan y yo soy morena estos partidos estan pagados por los gringos que qui,12,0,1,-0.08333333333333333
3498,de lo mismo el prian ya estamos artos de tanto parasito y todavia dos mas quien me puede dar informa,9,0,1,-0.1111111111111111
3499,los oligarcas y secuases del pri pan prd etc gracias el cascajo que nadie quiere otro partido que ma,16,0,1,-0.0625
3500,le van a quitar los pocos votos que le quedan al pan y al pri es decir van a sepultar al prian la mi,10,0,0,0.0
3501,no queremos mas partidos entre mas partidos mas gastos de propaganda mas vividores y saqueadores par,11,0,0,0.0
3502,pues que abuso ni ellos mismos se la creen jajaja jaja jaja pura corrupcion mentirosos quieren cobra,18,0,1,-0.05555555555555555
3503,los mismos de siempre del prian quien se las cree nadie mexico construia tractores y los priistas lo,14,0,0,0.0
3504,y muchas empresas mexicanas fueron privatizadas por los priistas y panistas a extranjeros este parti,15,0,0,0.0
3505,los priistas y panistas que entregaron todo el territorio a los extranjeros y todas nuestras industr,12,0,0,0.0
3506,porque tambien pertenecen a la ultraderecha jajaja esta bien que se convierta en partido pero que to,11,0,0,0.0
3507,entregando puesto a gente no preparada academicamente ni con experiencia en cargos publicos y si dan,15,0,0,0.0
3508,tanto huevones y parasitos del gobierno no mas partidos inservibles nuevo partido nuevo gasto en mex,13,0,0,0.0
3509,y la que hay hace el ridiculo no maaaa mas parasitos que mantener no chinguen quien lo dirige acosta,15,0,0,0.0
3510,pase por donde estaban estos parasitos que no saben mas que robar tenian como personas jajajaja lo b,9,0,0,0.0
3511,la ia solo asi puede verse tanta gente lo nuevo con quot chatarra quot politica y fisica puro viejo ,17,0,1,-0.058823529411764705
3512,que les quiten el registro ni un voto para don cucaracho y toda la corruptela que lo conforman los m,11,0,0,0.0
3513,serio y de donde sacaran presupuesto para cumplir todo lo que prometen le exigiran al salinas que si,11,0,0,0.0
3514,senor esta a costumbrado a estar formando partidos para octener dinero y veneficiarse el mismo sobre,10,0,0,0.0
3515,dejar que estos quieran volver ala riqueza y el pueblo nada estos quieren regresar al pasado donde n,13,0,0,0.0
3516,ja ja ja ja ja las promesas de ellos son increibles si eso es un chiste este partido esta hecho de l,13,0,1,-0.07692307692307693
3517,nuevo pan jajajaja no pues mejor le abro la puerta a los testigos de jeova cundo menos ello m motiva,13,0,0,0.0
3518,nos aumente la pension bienestar y supere a morena en ese aspecto jajajajaja a esos revoltosos gener,16,0,0,0.0
3519,de dinero que les quiten a todos los partidos el presupuesto haber si si se puede hola de rateros co,9,0,1,-0.1111111111111111
3520,mal que no exista una oposicion realmente que proponga algo diferente el senor acosta no entiende qu,11,0,1,-0.09090909090909091
3521,desaparecio solo quieren seguir en el presupuesto partido que ya esta muerto en el basurero de la hi,16,0,2,-0.125
3522,los asistentes que renunciaran a sus pensiones y apoyos del bienestar que destruyeran sus tarjetas a,11,0,0,0.0
3523,que son financiados por eu democracia nunca tuvieron con el prian son golpistas sin partido fifi de ,15,0,0,0.0
3524,despierte mexico es el pri con otro color la misma porqueria que saqueo robo sometio dano vendio y a,14,0,1,-0.07142857142857142
3525,saber nada de estos delincuentes disfrazados br son rete hartos saquear mas dinero sabes lo que te c,15,0,1,-0.06666666666666667
3526,cuantos partidos van prometiendo la misma quot vocacion quot de justicia libertad igualdad quot y me,18,0,1,-0.05555555555555555
3527,plan de gobierno oh que bien mas gasto quiere seguir viviendo del erario ese sr aunque se cambien de,14,0,0,0.0
3528,nacio como partido de oposicion y se vendieron al prian y hoy aran lo mismo por debajo del agua por ,11,1,1,0.0
3529,estuvieron en el poder y no hicieron nada si absorbieron presupuesto millones de pesos y ahora para ,10,0,0,0.0
3530,risa y este partido esta formado por muchos resentidos y por injerencia de usa que a fuerza se quire,11,0,0,0.0
3531,estan usando a los mismos mexicanos para poder tumbar a mismo mexico pobres tontos que todo lo crren,11,0,0,0.0
3532,interese de por medio los que quieren mexico estan muy activos claro que quieren tumbar a morena a c,11,0,0,0.0
3533,de usa que quieren meterse a usa a como de lugar para que unos cuantos que sin muchos sigan llevando,9,0,0,0.0
3534,como principes y dejar la economia de mexico en un a href vicios gente que ya no cree en si misma qu,11,0,0,0.0
3535,el bien que casualidad que se los crea a ver quien por que a los mexicanos se les esta haciendo ya l,6,0,0,0.0
3536,traidores de un pueblo solo trabajan para hacer contrapeso mentir y mal informando abran los ojos ln,13,0,1,-0.07692307692307693
3537,crecimiento de mexico lean la historia de la politica para no seguir trabajando para los vividores d,17,0,0,0.0
3538,a sus arcas yo no se porque hay gente apoyando a estos encajosos que no quieren el bien para el pueb,8,0,0,0.0
3539,quieren dejar el poder pero son de los mismos de morena o como expliquenme para ver por quien votamo,10,0,0,0.0
3540,rosa no nesecitamos un nuevo partido que solo viene a mal gastar el dinero y a quitarle votos a otro,13,0,1,-0.07692307692307693
3541,quot con el corazon podrido por tanto parasito que siempre se ha alimentado del presupuesto solo fal,13,0,0,0.0
3542,dar candidaturas a madres buscadores acuerdense de miranda de walas y de madres que sus hijos eran d,13,0,1,-0.07692307692307693
3543,naranjo se le ve lo cucaracha por donde lo queramos ver pura rata reciclada de varios partidos polit,14,0,2,-0.14285714285714285
3544,llamada democracia no funciona son solo debut y despedida porque son puros cartucho quemado verdad d,15,0,0,0.0
3545,homenaje a madero br van a hacer que se levante de su tumba a escupirlos br no pos si estos bien ori,15,0,1,-0.06666666666666667
3546,seguir viviendo a costilla de los mexicanos pero ya no nos enganan somos mexico somos mexico echele ,14,0,0,0.0
3547,plazo no mayor a anos abran sus apuestas personas nombre son un arrastr de masas son unos genios igu,14,0,0,0.0
3548,que mas el prd revivio rosado no me da alegria por el contrario es triste ver a la oposicion hecha a,12,0,0,0.0
3549,unifique a la oposicion en su totalidad vamos prontito a ser otra cuba puro ratero jajajajajajaja no,12,0,1,-0.08333333333333333
3550,y luego fue diputado br no hicieron nada br solo quieren vivir de nuestros impuestos ojala y ya no l,12,0,0,0.0
3551,puros acarreados o gente que trabaja en sus empresas y los obligan a ir y llevar mas gente para que ,9,0,0,0.0
3552,el ine el sabe que la ley es muy clara que no se haga el que no sabe en la primera oportunidad desap,8,0,0,0.0
3553,mexicanos y no hay ninguna persecucion que no se haga la vitrina este parasito fosil que poca asi mo,13,0,0,0.0
3554,este senor la gobernadora de chihuahua trabaja con la cia es la misma porqueria de la marea rosa mie,12,0,0,0.0
3555,propuestas eso es parte de la democracia a ejercer como ciudadanos preocupense cuando tengamos que a,10,0,0,0.0
3556,extrema izquierda como este nuevo partido asi empezo morena para millones de mexicanos ese partido h,13,0,0,0.0
3557,dira que tan bueno o malo fue que horror tremendo reciclaje parecen castillo de feria todos quemados,15,2,0,0.13333333333333333
3558,le falta mas gente intelecto porque un libro yleeer te salvas de la ignorancia lique a href uckszu w,20,0,3,-0.15
3559,wh gy mb dv ujg g afy ywgukuhl plbia ae a los sones jarochos siempre le ponen sabor a todos los even,18,1,0,0.05555555555555555
3560,pesar de lo pequeno del escenario adelante iker el limite lo pones tu te deseo mucho exito felicidad,17,1,0,0.058823529411764705
3561,sueltate sueltate iker con rafita hola rafita eric se dieron cuenta como la gente abuchea a la presi,13,0,0,0.0
3562,opositores viven en una burbuja que se les reventara en pongale en tv azteca senora br la mejor narr,14,0,0,0.0
3563,brujas no le pongan mucha musica no se escucha a iran lo trataron peor y nadie dijo nada y donde est,11,1,0,0.09090909090909091
3564,verdaderos criminales los delincuentes con uniforme malfitos polipuercos y la fiscalia igual corrupt,15,0,3,-0.2
3565,paso lo mataron le dieron una madrina o lo extorsionar on te falto grabar los numero de la patrulla ,9,1,0,0.1111111111111111
3566,ciudades dejen de mercaduchos br ya estuvo suave queremos nuestras calles de regreso malditos rufian,18,1,2,-0.05555555555555555
3567,con su jeta de malditos y cuando ven a los delincuentes se hacen los mensos verdad asi deberian de a,14,0,3,-0.21428571428571427
3568,la policia hostigando a los comerciantes que con o sin permiso no estan agrediendo a nadie pero eso ,10,0,1,-0.1
3569,un robo secuestro etc el procedimiento de estos secuestradores esta exhibidos no se identica y caen ,14,0,3,-0.21428571428571427
3570,somos pueblo gobierno abusivos maldito gobierno hambreado no tienen llenadera gracias a su rateria h,17,0,0,0.0
3571,a esos malditos pseudo politicos ellos y sus hijos el dia de manana no solo estaran vendiendo en el ,10,0,0,0.0
3572,tengan que pedir limosna por tanta destruccion a mexico asi sea les pague la justicia divina asi sea,11,0,0,0.0
3573,trabajan honrradamente jaja pero votaron por morena br ahora a gozar lo votado senores ademas si afi,13,1,0,0.07692307692307693
3574,ante el m p o juez civico los tendran que poner en inmediata libertad no se resistan a la detencion ,13,1,0,0.07692307692307693
3575,se ve la clase de policias que son es un total abuso de autoridad se ensanan con el abuelo trabajar ,13,0,0,0.0
3576,gobierno tenemos en mexico q tristeza mexico a los narcos los abraza el gobierno pero al pueblo lo r,12,0,1,-0.08333333333333333
3577,fronteras ya es mucho soportar rateros extorsionadores cobros de piso y todavia con abusos de autori,10,0,1,-0.1
3578,guerra contra el gobierno y todo su sistema corrupto e impune tanto local como nacional creo que ya ,12,0,2,-0.16666666666666666
3579,obedeciendo ordenes de sus superiores que vergenza de policias alguien dijo t saludos que tristeza c,14,0,1,-0.07142857142857142
3580,celulares a mi ya mevtoco es frustrante ellos deberian ir x lis delincuentes y no hostgar a quienes ,14,0,1,-0.07142857142857142
3581,q ntregar cuota a sus jefes y la unica manera es avusando de su autoridad para sacar dinero a ciudad,12,0,0,0.0
3582,los valientes no es justo y asi esta todo el estado de mexico y el pais es ia son unos extorcionador,9,0,0,0.0
3583,sobre el co ratas no tienen vergenza delincuente que pasa con la policia de mexico abusones denuncie,15,0,2,-0.13333333333333333
3584,la delincuencia se hacen pen dejos los protegen o son socios que poquisima asi ponganse con lis deli,14,0,3,-0.21428571428571427
3585,caon estan sobre un criminal muy peligroso policia de juguete y quien voto por morena siempre asi co,12,0,3,-0.25
3586,el crimen no son tan valientes lamentablemente asi las cosas pero a los huachicoleros que roban mill,11,0,1,-0.09090909090909091
3587,recorrido a esta hora de la manana para el partido mexico ecuador lice bastante vacio no te leo en l,13,0,0,0.0
3588,si si dejamos de tirar basura en la calle y si si exigimos al gobierno que cumpla con su labor se le,12,2,1,0.08333333333333333
3589,se barra las calles lo bueno de vivir en cerro mucho dinero quien les manda andar de pata de perro j,11,1,1,0.0
3590,han acabado con las areas verdes de cdmx sembrando mas edificios y concreto el del agua se pierde y ,13,1,1,0.0
3591,nuevo plan de desarrollo urbano la lluvia es una bendicion parece venezia los crios muy quitados de ,13,0,0,0.0
3592,esos camiones ya los han haber vendido lo bueno que no vivo en polanco se les olvida que todo eso fu,8,0,0,0.0
3593,y si hieron construcciones haora echenle la basura que dejan los vendedores ambulantes y que no desa,14,0,1,-0.07142857142857142
3594,ahora les toco a ellos vivir inundaciones y sufrirlas cambiar infraestructura de desages y no tirar ,16,0,3,-0.1875
3595,rayos como que se sentian muy serca de la tierra o muy bajito chillan de nada en otros lugares realm,11,0,0,0.0
3596,lo merecen pero era prioritario invertir en camionetones para que se anden paseando la policia de es,13,1,1,0.0
3597,les meta el agua a sus casas y se les eche a perder sus muebles pobrecitas personas de polanco no se,15,1,1,0.0
3598,todos cuando andamos en la calle mucha basura y no se diga eses sss de perro y mas negocios y mas ge,11,1,1,0.0
3599,problemas de blancos hablenle a la anfibia abuela la ajolota de barrio l s ric s tambien lloran maur,14,0,0,0.0
3600,poder ir a dirigir la ayuda hizo falta pintura desazolvadora magica buena y sabia pues que chingados,15,2,3,-0.06666666666666667
3601,civil y no sabe ni madres de la vida real llevo pidiendo un camion bactor desde el de junio y nadama,11,0,1,-0.09090909090909091
3602,negras siguen adentro de mi domicilio puafff no al plan de desarrollo urbano de cdmx del brugada sol,16,1,3,-0.125
3603,disruten lo votado s ivan tirando la basura y las heces de las mascotas a la calle tambien deben obl,13,1,1,0.0
3604,las banquetas y arroyo vehicular solo se dedican a hacer dinero y no ponen nada a cambio no particip,11,1,0,0.09090909090909091
3605,polanco produciendo basura junto con su clientela pinche gente naca de polanco que tira basura en la,14,1,3,-0.14285714285714285
3606,lluvias continue y en cuanto a la basura eso es solo culpa de nosotros los seres humanos que tiramos,11,0,2,-0.18181818181818182
3607,vigilante en polanco durante mas de anos y no habia estos problemas hoy es diferente y me sorprende ,10,0,0,0.0
3608,tiran desperdicios de comida al drenaje y ya hemos visto como salen del drenaje huesos de pollo zana,17,0,0,0.0
3609,los obliguen a poner trampas para desperdicios en sus negocios no solo en iztapalapa se sufre cuando,14,0,0,0.0
3610,del clima pide al buscador con ia que te haga un resumen de las patentes que en este documento veras,15,0,1,-0.06666666666666667
3611,la sequia se produce por que se llevan la humedad para producir inundaciones adrede en otras partes ,10,0,2,-0.2
3612,hay muchas patentes desde hace anos es decir son miles abandonadas ya que han evolucionado br br es ,14,0,0,0.0
3613,que producen la sequia es cuando rocian el cielo con yoduro de plata cemento aluminio tierra de diat,15,0,1,-0.06666666666666667
3614,altura de a base de las nubes enseguida esa malla recoge la humedad y la contaminacion de las ciudad,15,0,2,-0.13333333333333333
3615,modificado genera sequia y calor en las ciudades pues bloquean la trayectoria de las nubes que viene,17,0,1,-0.058823529411764705
3616,br patente que promete la supresion de huracanes y tormentas pero en manos del enemigo hace lo contr,16,0,0,0.0
3617,de reducir la intensidad de las tormentas tropicales y los huracanes algunos implican sembrar las nu,13,1,0,0.07692307692307693
3618,desviar su camino manipulando los diferenciales de temperatura dentro del sistema de tormentas br br,16,0,0,0.0
3619,del camino un cataclismo y si ves que no lo quitan piensa mal y acertaras lo ponen adrede para hacer,15,0,1,-0.06666666666666667
3620,asintomatico publican buenas intenciones con los inventos pero lastiman a la naturaleza usandolos en,13,0,0,0.0
3621,el mundo en manos del diablo de luz mueve la pelota a la izquierda para destruirlo br br sobre los r,15,1,0,0.06666666666666667
3622,el macli es en realidad es un arma militar mundial el que tienes en tu localidad no es de tu pais us,12,0,0,0.0
3623,curvados que dejan una marca gigante de logotipo de wi fi con nubes fragmentadas mientras dejan un l,15,0,2,-0.13333333333333333
3624,del malci pero estas pueden usarlas en combinacion con las patentes que usan para terremotear los pa,12,0,0,0.0
3625,pero siguen tirando basura rodriguez lara desasolva en hora con rascacielos pero los drenajes tapado,14,0,1,-0.07142857142857142
3626,es lo mismo verlo que parecerlo que bueno que a ellos les dan bolsas y en otros lugares que salgan c,7,0,0,0.0
3627,gruas se los lleven pobrecitos son de polanco no tienen para ponerse otros zapatos restaurantes tira,14,0,0,0.0
3628,tapadas las coladeras en polanco no que ellos muy educados todos somos iguales y ya somos muchos agu,10,0,0,0.0
3629,incremento de locales de alimentos la mayoria de los desprecios que tiran todos los restaurantes pro,13,0,0,0.0
3630,quieren pensar en los ricos los ricos tambien lloran precaucion extrema el diluvio universal es inmi,16,0,0,0.0
3631,comparado con lo que sufrimos en estado de mexico siempre que llueve que tarden dias en llegar como ,13,0,0,0.0
3632,tantos sacrificios en mexico tlaloc nos debe el cambio y se presenta justamente hoy en el partido me,16,0,1,-0.0625
3633,lo votado si estuviera el prian nada de esto hubiera pasado estibieramos mas pinche secos que el des,12,1,1,0.0
3634,manchen eso no es nada br br ridiculos asi caminamos todos en la calle cuando llueve pobrecita de la,14,1,0,0.07142857142857142
3635,informar que bueno que llueva hay agita para todos aqui en san jose del cabo no llueve solo si hay u,11,0,0,0.0
3636,en la ciudad de mexico porque la gente tira sus bolsas de basura en las calles y los puestos tirando,14,1,1,0.0
3637,pinches puercos de mierda clara clara ch gas a tu madre son lluvias aisladas no generalicen la natur,18,0,0,0.0
3638,le cubrio las llantas sean serios al dar las noticias aca en el sur cero lluvia nos la perdono tlalo,14,0,0,0.0
3639,se encharca hasta cuando chingados lo van a solucionar pero si no llovio un charco se origina cuando,12,1,4,-0.25
3640,ya no usen tantos eufemismos con el afan de minimizar la realidad despues de esta tormenta el doming,13,0,0,0.0
3641,y asi van a jugar manana que se lave el cochinero que esta haciendo la alcaldesa de poca monta para ,11,0,0,0.0
3642,esta lluvia adrede los cacalovers culpan al prian por las inundaciones de la cdmx cuando el prian nu,13,0,1,-0.07692307692307693
3643,es culpa del ultimo regente que tuvo el df en aquel entonces el problema es el resultado del calenta,10,1,0,0.1
3644,la cdmx mas peso mas hundimiento se debe de parar la construccion de nuevos proyectos sobre todo los,15,0,1,-0.06666666666666667
3645,hcmfy zabbxvwkloococa a a href uckszu wh gy mb dv ujg sify vig z alulydqdq a a href uckszu wh gy mb ,25,0,0,0.0
3646,pero solo se dedicaron a pintar ajolotes las inutiles de mugrena que podemos hacer con el clima lol ,12,0,0,0.0
3647,tal vez esto se solucione con las increibles ideas de brugada y su gabinete anda un poquito distraid,13,0,1,-0.07692307692307693
3648,comentarista dice que se ven unas olas muy grandes mejor hubiera dicho que era un tsunami pues ella ,11,0,0,0.0
3649,las llantas en fin estos comentaristas con sus ocurrencias solo les gusta meter miedo y eso solo fue,10,0,1,-0.1
3650,sur ni gota cayo mi mexico lindo y querido ya estamos listos para el mundial decia una culerita que ,17,0,0,0.0
3651,el periodo de clases escolares pura poliqueteria por el mundial en zona sur todo tranquilo listos pa,16,0,0,0.0
3652,pero como todos los anos y en el note de la ciudad todo calmado tlaloc esto en el metro era priorita,8,0,0,0.0
3653,linea taxquena hasta estacion hidalgo tranvia taxquena xochimilco y avenidas por un mexico libre y s,17,0,0,0.0
3654,axolotes ojala llueve todo el fin de semana asta el lunes br cristo viene arrepientence amen santas ,19,0,1,-0.05263157894736842
3655,logro mas de la t pero preferimos seguir protegiendo a los policias corruptos que destinar mas presu,14,1,0,0.07142857142857142
3656,cambios si dan de baja a los ingenieros que en verdad trabajan arriesgando su vida clara brugada los,12,0,0,0.0
3657,camion si pasas por el bajo puente pero los carritos se van a hundir casi le llega el agua a la cabi,11,1,1,0.0
3658,culpa de la administracion anterior hahah pero eran ellos mismos ches ineptos todo lo que toca moren,12,0,0,0.0
3659,del bienestar que nutren los criaderos de ajolotes del bienestar las autoridades corruptas de naucal,14,0,1,-0.07142857142857142
3660,no estan teabajando br justicia para cristina y para todas las personas desaparwcidas santo dios que,15,0,0,0.0
3661,tenga pues esas personas son quienes las asesinan siempre es alguien cercano a ellas esta fiscalia e,11,0,0,0.0
3662,las madres buscadoras son financiadas asi es como surge una madre buscadora no necesitan que nadie l,11,0,0,0.0
3663,celebrar la fiscalia no mato a tu hija que horror todos los dias desaparecen a las mujeres luchen po,18,1,0,0.05555555555555555
3664,varias mujeres desaparecidas gobierno fiscalia general justicia estado de mexico naucalpan son unos ,12,0,0,0.0
3665,familiar de ellos mueven todo el mundo pobres padres a pero que tal extorcionando automovilistas mot,15,0,0,0.0
3666,de ojala los de la fiscalia nunca pierdan a algun familiar se creen inmunes otra vez naucalpan esto ,9,0,0,0.0
3667,atienden a uno cuando vamos a poner una demanda son horas esperando aun que seamos los unicos en la ,8,0,0,0.0
3668,persigue a inocentes por comodos las fiscalias como siempre salen a relucir por su ineptitud y negli,12,0,1,-0.08333333333333333
3669,ahora los investigan como si fueran ellos los criminales y protejen mas a los q cometen los delitos ,10,0,1,-0.1
3670,nefasta deseo que aura pronto vuelva a casa como desaparecen chicas huevones los de la fiscalia para,16,0,0,0.0
3671,se fue con el novio caso terminado o si no ya despues aparecera el cuerpo o el o los culpables deten,9,2,0,0.2222222222222222
3672,se acabara paro nacional hasta que aparezca festejen el mundial que triste ver esas situaciones y la,11,0,0,0.0
3673,br que esta pasando br por que cada vez hay mas gente que desaparece a la gente br por que cada vez ,9,0,0,0.0
3674,hacerle dano a las mujeres br por que br bendiciones senora senora mucha fe pues esa estupidez de no,12,0,0,0.0
3675,peor yo voy y le pregunto a cada persona que conozco son unos ineptos y seguro ellos mismos han de s,8,0,0,0.0
3676,ontraron en diferentes semefos despues de meses o anos haciendose tontos y ojala aparezca con vida e,13,0,0,0.0
3677,dan esos ineptos policias es en huixquilucan estado de mexico muy cerca de interlomas dios quiera qu,15,0,0,0.0
3678,pidamos exijamos que las autoridades hagan su trabajo las fiscalias del edo mex solo sirven para ext,13,0,0,0.0
3679,poblacion pobre familia la fiscalia vale para pura br ustedes como familia muevanse br las br disque,19,0,0,0.0
3680,pero desde cuando hacen su trabajo las autoridades desde que son subalternos de la transformacion de,10,1,0,0.1
3681,economico espero que aparezca la joven sana y salva lamentablemente las pruebas pruebas las deben bu,15,0,0,0.0
3682,es y trabaja cuando quiere siempre es lo mismo con la fiscalia nunca hacen nada no veo a frida guerr,9,1,0,0.1111111111111111
3683,jardin es que ella solo se dedica a lucra con las victimas cuando ya no hay nada que hacer las graba,12,0,2,-0.16666666666666666
3684,en las autoridades por que se les paga sueldo a estos infelices la neta yo tengo anos que no salgo d,9,0,0,0.0
3685,cuchillo o una navaja y soy hombre br yo prefiero que me den un tiro y quedar en la calle a que me l,12,1,0,0.08333333333333333
3686,su hija aparezca sana y salva dios mediante que desesperacion ya no se puede con esta situacion que ,12,0,0,0.0
3687,tambien sera la unica manera de disminuir los crimenes en general br castigos ejemplares pagados con,15,0,0,0.0
3688,y el pri estan tras la stas cosas por su desesperacion de llegar al poder sigo diciendo para que pag,10,0,0,0.0
3689,seguramente dejan pasar dias a proposito para que no haya videos ni pruebas en contra de los delincu,10,0,1,-0.1
3690,tiene que exigir que esto ya deje de suceder con todas las mujeres que solamente se dedican a manten,8,0,0,0.0
3691,que nos quitan tambien de impuestos seguro medico etc etc que tambien nosotras las mujeres generamos,15,0,1,-0.06666666666666667
3692,el gobierno que hace las lluvias provocaron inundaciones danos o problemas de drenaje en tu colonia ,16,0,1,-0.0625
3693,pinche drenaje no sirva y luego la culpa es del ciudadano puro cinismo nos dejan varados en la lluvi,16,0,1,-0.0625
3694,toda la ciudad es un cagadero terremotos en venezuela inundaciones en cdmx ola de calor sin preceden,13,1,2,-0.07692307692307693
3695,litros pero que bonita se ve la cd con sus murales y adornos no para que querremos una ciudad y un t,13,0,0,0.0
3696,de mechico no estan preparadas para tales diluvios me pregunto como superara el olinia esta prueba n,15,0,0,0.0
3697,al aire libre pero que tal estuvieron las inversiones en los candelabros pues ni modo hay muchos asa,8,1,2,-0.125
3698,que sus transportes son viejos y peligrosos y el que maneja son de lo mas bajo groseros dan asco mug,9,0,1,-0.1111111111111111
3699,pondran el mexi cable es lo mejor y no solo en naucalpan en todo el valle de mexico es lo mismo para,9,0,0,0.0
3700,con ese pinche servicio de la verg no se espera nada de los cumbieros cochino servicio de transporte,15,4,0,0.26666666666666666
3701,cable ya no tienen la ruta para que nos asalten en los camiones es mas seguro ir a las alturas murie,8,0,0,0.0
3702,a saltar no que con ellos hasta ya tenian programados sabian donde para el cochino servicio que dan ,10,1,0,0.1
3703,quitar dan un pesimo servicio y y cobrando tarifas muy altas esa governadora delfina gomez complacie,15,1,0,0.06666666666666667
3704,sufre por dinero a ella le vale desde cuando estamos pidiendo un transporte limpio y con tarifas bie,10,1,0,0.1
3705,estamos asta la madre de estos microbuseros que se sienten duenos de las calles de ai sale mucha gen,14,1,0,0.07142857142857142
3706,donde es para no ir ya los sistemas de drenaje estan rebasados br basura mas basura menos sin invers,13,1,2,-0.07692307692307693
3707,de los reyes la paz tiene mas de anos y luego la basura es tapadera eso pasa porque se estan bajando,12,0,1,-0.08333333333333333
3708,inminente como afectaron las lluvias de este fin de semana en tu zona no se ria que yo soy de ese pa,10,0,0,0.0
3709,granjas valle de gpe y jardines y estrella san agustin una laguna y las autoridades abrieron calles ,16,1,1,0.0
3710,la presidenta visitara estos lugares para que vea como estan y la gente le vale muy cochinos que son,14,0,2,-0.14285714285714285
3711,educada los gobernadores nomas no arreglan los drenajes y las pipas que verguensa y quieren mejorar ,14,0,0,0.0
3712,areas fue culpa de la barda de calderon o culpa de que no hacen desazolve el gobierno de morena entr,14,0,1,-0.07142857142857142
3713,de burrada q cada ves tiene peor a la cdmx estas son las terribles consecuencias para que andan tira,16,0,1,-0.0625
3714,votando por comunistas que en lugar de dar mantenimiento al drenaje pavimento seguridad etc etc pref,18,2,0,0.1111111111111111
3715,el dinero que deje el mundial se puede usar para solucionar este problema la gente sucia que tira ba,14,0,2,-0.14285714285714285
3716,la gente puerca no entiende siguen tirando su basura en la calle es gobierno no atiende eso el gobie,15,1,1,0.0
3717,nada las lluvias cada ano mas intensas y la ciudad mas descuidada sin mantenimiento y renovacion de ,15,1,0,0.06666666666666667
3718,peor sigan invadiendo los rios barrancas y los causes naturales del agua la naturaleza retoma su lug,18,2,2,0.0
3719,basura total no pasa nada sigan tirando bolsas de plastico con mierda de perro lo malo q aqui pagamo,12,0,1,-0.08333333333333333
3720,dijo con una pintadita queda todo se soluciona bendita agua hace dos anos estabamos quejando que cue,10,1,1,0.0
3721,ultimas decadas y al final esta agita nos salva una vez mas de no padecer de su falta pues periferic,12,0,3,-0.25
3722,quot que no se supone que el drenaje debio de estar al centavo sendos carteles presumiendo su super ,13,0,0,0.0
3723,a pero para mundial sobra plata disfruten que delfina y clara no hace nada por el desasolve de aveni,12,0,0,0.0
3724,gobernar fuera la mafia de la t pues dias atras estaban nadando muy felices que sigan festejando ton,13,0,1,-0.07692307692307693
3725,perdon son criaderos de ajolotes en avenida de las torres siempre se inunda dejen de tirar basura en,16,1,1,0.0
3726,nada ustedes sigan disfrutando el futbol trabajo en equipo el gobierno desazolva y los habitantes qu,18,0,1,-0.05555555555555555
3727,rios quot no basura en las calles quot barrer nuestra calle quot alzar hojas de los arboles lo mas q,16,3,1,0.125
3728,tirar botellas con orines quot quot su basura no dejarla en la calle quot entre todos cuidar para no,16,1,2,-0.0625
3729,pides milagros si la gente es tira basura de costumbre agradezcanselo a los rateros de los morenos q,12,0,2,-0.16666666666666666
3730,la ciudad por todos lados esta inundado nunca habia estado tan inundado fuera el narcogobierno lo bu,11,0,2,-0.18181818181818182
3731,el super vocho quot estoy cansado jefe quot morena desazolva el drenaje profundo las coladeras ya so,20,0,3,-0.15
3732,a nosotros nos piden no tirar basura tienen toda la razon pero el gobierno se roba y de plano no le ,12,1,1,0.0
3733,biba la t biba biba las motocicletas son los protagonistas de asaltos monta choques asesinatos etc y,15,0,3,-0.2
3734,permisos etc no encontraran a los responsables samuel luna es bien pendejo no dise d q colonia pares,17,0,0,0.0
3735,jajajajaja jajajajaja ejtamoj en paj bang bang bang otro ajuste de cuentas una porqueria menos bueno,13,1,1,0.0
3736,que dejan que sigan sirculando por todos lados la verdad son un peligro en todos los sentidos en tor,12,0,3,-0.25
3737,hopra una moto es una gran inversion te ahorras gasolina trafico y a largo plazo hasta solucionas tu,14,1,1,0.0
3738,lluvia me pone de malas tambien las tormentas llego la perrita de trump br la fabrica juguetes el co,16,0,0,0.0
3739,de mercado horas de memes y toneladas de comentarios en redes sociales la empresa juguetes el colmil,17,0,0,0.0
3740,coleccionable inspirado en cierto empresario mexicano famoso por explicarles a los demas como deben ,13,0,0,0.0
3741,primeras unidades desaparecieron antes de salir a la venta algunos clientes aseguran que ni siquiera,19,0,0,0.0
3742,popular dale cuerda y escucha el exito br la version basica esta disenada para el pueblo bueno sabio,20,1,0,0.05
3743,entre mas cuerda le das mas habla br entre mas habla menos sentido tiene lo que dice br garantia lim,13,0,0,0.0
3744,despues de los primeros segundos br frases incluidas br si yo pude hacerlo por que no compran todos ,13,1,0,0.07692307692307693
3745,fortuna heredada br los pobres deberian intentar ser menos pobres br cuando yo tenia su edad ya teni,13,0,0,0.0
3746,se esfuerza en comprar un jet br dame mas cuerda dame mas cuerda aun no termino de presumir br una f,17,0,0,0.0
3747,veces seguidas hasta que alguien abandone la conversacion br br modelo deluxe la perrita de lujo br ,18,0,0,0.0
3748,con diamantes de plastico que parecen falsos incluso desde lejos br reloj del tamano de una tortilla,19,0,0,0.0
3749,br perfume con aroma a exito explicado por alguien que nunca deja de explicarlo br frases incluidas ,16,1,0,0.0625
3750,habitaciones que habitantes br mi perro tiene un asesor financiero br cuantos yates son demasiados y,16,0,0,0.0
3751,suficiente lujo br perdon no escuche tu opinion desde la cubierta superior br la version deluxe incl,19,0,0,0.0
3752,mansiones aviones vinos relojes y otros objetos cuya utilidad practica sigue siendo objeto de debate,21,0,0,0.0
3753,br esta sofisticada version viene con br traje sastre ejecutivo br maletin decorativo br monos inter,20,0,0,0.0
3754,se atreve a decir br si alguien se ofende es porque entendio br modo empresarial br la mejor inversi,14,1,0,0.07142857142857142
3755,siempre me dan la razon br si no me gusta una regla opino sobre ella durante seis meses br modo infl,14,1,0,0.07142857142857142
3756,nadie le responde br puede convertir cualquier tema en una conversacion sobre ella misma br modo gob,17,2,0,0.11764705882352941
3757,br critica la falta de decisiones br critica el exceso de decisiones br br accesorios opcionales br ,20,0,3,-0.15
3758,distancia de hasta metros br el traductor perruno empresarial br convierte frases como br miren mi r,21,0,0,0.0
3759,me contradije evolucione mi pensamiento br el kit de redes sociales br incluye br opiniones precarga,21,0,0,0.0
3760,fabricante br no alimentar despues de medianoche con atencion mediatica br no acercar a verificadore,19,0,0,0.0
3761,comienza a hablar mas de cuatro horas seguidas sobre si misma consulte a un especialista br br dispo,16,0,0,0.0
3762,de compradores ya han apartado la suya para disfrutar de una experiencia unica tener en casa una per,13,0,0,0.0
3763,estar equivocada br corra por la suya br porque como dice el eslogan oficial br la perrita de trump ,12,0,0,0.0
3764,es culpa de claudia y la a t quien en se ahogo el verano extremar precaciones por cambio climatico a,14,0,0,0.0
3765,vacuna si estos meses junio julio agosto sept prevenir taparse cuudarse o no salir checar arboles vi,21,0,1,-0.047619047619047616
3766,las lluvias solo recordales que eso era un lago enorme y no la tonteria que el kks vociferaba casi a,10,0,0,0.0
3767,lo mismo sucede con el metro esto no va a cambir no se va a arreglar por aimple decreto de detente e,10,1,1,0.0
3768,gran problema no se les ase raro k nunca kiera los gobiernos componer los drenajes k se esconde entr,14,0,0,0.0
3769,y su flota tirando basura no tienen madre benesia mil gracias y esperense al rato despues del partid,14,0,2,-0.14285714285714285
3770,y paseo turistico lo solucionan todo sigan disfrutando lo votado hubo muchas lluvias gt gt br no llu,14,0,0,0.0
3771,de los narcos del bienestar de morena inches ineptos porque tramposamente hacen obras pero la verdad,13,1,2,-0.07692307692307693
3772,natural brugada de nuevo ajoloteando la ciudad con aguas puercas como xochimilco gracias t nimodo a ,16,0,1,-0.0625
3773,morena nimodo a disfrutar lo votado pero no salen a barrer flojos pintenlo de morado ajolota y todo ,16,1,0,0.0625
3774,de tanta basura que dejan y la gente cochina tambien ahora digan que es culpa de la presidenta por q,12,0,1,-0.08333333333333333
3775,eh eh farolas en el metro eh eh br mejor arreglen la ciudad es una basura el drenaje sigan tirando b,12,0,2,-0.16666666666666666
3776,ya deja de manipular la tecnologia haarp para provocar lluvias y sismos haber si con que vendieron a,13,0,0,0.0
3777,su casa hasta el fonden tambien se lo br robo amlo con razon se dan tantos ajolotes y a todo esto qu,13,0,2,-0.15384615384615385
3778,en las calles impresionante cerca del de la gente que vive en cdmx y edomex les encanta tirar basura,14,2,1,0.07142857142857142
3779,doble moral br br xq no son gente limpia br br br br por eso a href como les va yo paso por calzadas,14,1,0,0.07142857142857142
3780,la naranja en la delegacion de azcapotzalco y de verdad a veces veo como tiran las bolsas basura atr,11,0,1,-0.09090909090909091
3781,ahora estan dos camiones y de verdad cuando salgo de trabajar y me toca tomar el camion para echegar,10,0,2,-0.2
3782,tipos y mujeres tomando y diciendo groserias y unas palabras tan vulgares no me espanto pero es una ,13,0,1,-0.07692307692307693
3783,bueno pidiendo dinero para tomar o cigarrillos y hasta se ofrecen las tipas esas para tener dinero d,10,0,0,0.0
3784,que escribo porque la basura que dejan en ese lugar se va hacia las coladeras hubieran visto ayer qu,10,0,1,-0.1
3785,en pintar ajolotes en lugar de limpiar el drenaje aqui cooperan tambien los hoyos y cascajo de las o,13,1,2,-0.07692307692307693
3786,del mundial la ciudadania a educarse no tirando basura en las calles y el gobierno a invertir en una,13,1,1,0.0
3787,pintados y jardines elevados la gente no entiende la repercusion de tirar la basura en las calles y ,12,1,1,0.0
3788,cosita y del trabajo en conjunto de proteccion civil de una lluvia atipica con ajolotes incluidos cl,15,1,0,0.06666666666666667
3789,mal hechas y en hacer tranzas deberia trabajar para evitar estas situaciones y en mejorar la infraes,12,0,1,-0.08333333333333333
3790,hijos de andres manuel lopez obrador y todo lo que los politicos satanicos morenistas de han robado ,17,0,1,-0.058823529411764705
3791,bolita y guarden la y los camiones de basura no tambien dejan basuta dinde se ponen tenenos qye ser ,17,1,2,-0.058823529411764705
3792,esos hacen su desmadre dejan basura en un lugar y despues todos o las hechan a las barrancas no cont,10,0,2,-0.2
3793,el agua tiene memoria y siempre regresa mexico era un largo y cuando hay lluvias abundantes el agua ,12,2,2,0.0
3794,sitios que no le corresponden ya no sean puercos tirando basura jesus bendito y el drenaje profundo ,16,1,3,-0.125
3795,tienen que recoger las hojas que caen de los arboles para evitar todo esto pero sigan votando por l ,14,1,0,0.07142857142857142
3796,que de que se quejan si ya pintaron los ajolotes morados inches gringos a fuerza quieren entrar a me,16,0,0,0.0
3797,que estar viendo que mexico nesecita un complejo de presas pero en cambio entrega el territorio sin ,15,1,0,0.06666666666666667
3798,de la ciudad de mexico ya se apliquen y empiecen a arreglar lo del drenaje y que hagan los pozos plu,12,0,0,0.0
3799,de izquierda en la cdmx disfruten mucho lo votado chairos infelices la gente cochina que tira la bas,15,0,3,-0.2
3800,dejemos de tirar basura en la publica educacion no basta con llegar y sacarse la foto para justifica,13,2,1,0.07692307692307693
3801,medio intentar arreglar el desastre pero no impones dejaron una calzada elevada consecuencias de la ,14,1,1,0.0
3802,de tirar basura son los mismos chilangos los culpables de esas inundaciones en anos el mal narco gob,16,0,4,-0.25
3803,edomex y cdmex no se preocupen es parte del plan de ajolotes de la brujada y narco mugrena ya manana,15,0,1,-0.06666666666666667
3804,a los pbi y auxiliares a desasolvar porque asi no pasan motos a quien multarrrr los pinches gringos ,15,0,0,0.0
3805,la seleccion sucede esto se requiere un buen drenaje e infraestructura para captacion agua pluvial y,15,1,2,-0.06666666666666667
3806,tonterias mejor hubieran invertido en sistemas de captacion de agua fluvial seria una buena inversio,13,2,1,0.07692307692307693
3807,que tira donde quiera la basura entre todas esas deficiencias mas el hecho de que la ciudad de mexic,8,1,2,-0.125
3808,entender que dejen de malversar los recursos publicos y se pongan a empenarlos como se debe y al has,12,0,1,-0.08333333333333333
3809,que van a generar mas agresos en fin hay mucha lluvia en mexico hasta granizo pero siguen tirando ba,14,0,1,-0.07142857142857142
3810,cuando deben darle mantenimiento a la infraestructura que tritura los solidos para que no se tape el,11,0,0,0.0
3811,fin el proximo domingo se acaba la pesadilla del mundial y se debe de dar prioridad a lo que importa,11,0,0,0.0
3812,inglaterra elimine a mexico y que volvamos a reactivar la economia no solo de la ciudad sino del pai,12,0,0,0.0
3813,consentidos del gobierno que hicieron obras inservibles y con muchos problemas de seguridad tenemos ,14,1,0,0.07142857142857142
3814,al resto del mundo riendose de llevar a cabo un mundial sin tener la capacidad de gobernar una ciuda,12,0,1,-0.08333333333333333
3815,habla tendra algo que ver con los socavones no importa el corredor elevado la pintura la cancha mas ,14,2,2,0.0
3816,seguridad que viva la cuarta trans se dan cuenta ya no es normal esta lluvia investiguen harrapp ni ,12,1,0,0.08333333333333333
3817,ah y un salvavidas porque seguiran las inundaciones hagan lo que hagan nadie puede con la naturaleza,13,0,1,-0.07692307692307693
3818,pu to mundial gente cochina que tira basura y narcogobierno que no trabaja y no dezasolven coladeras,13,0,1,-0.07692307692307693
3819,alcaldias fueron pero se gastaron el dinero en su mamada de parque elevado aficionados del fut sigan,16,0,2,-0.125
3820,xochimilco donde viven los ajolotes de la klaka brujada eso es huipulco ya no construyan mas en la c,10,0,0,0.0
3821,de lluvia se inunda mas ademas de la basura que la gente educada y decente tira en las calles se sum,13,2,4,-0.15384615384615385
3822,drenaje normal y quizas el profundo bueno al final la tierra tiene memoria y reclama lo que le perte,14,0,0,0.0
3823,para que este lago no se seque aunque el hombre ya se encargo de secarlo de modo artificial para con,11,0,0,0.0
3824,mandar hacer el desasolve br br en donde esta la maquinaria y el presupuesto destinado para eso br b,16,0,1,-0.0625
3825,sin mundial siempre la gente ha tirado mucha basura ahora no se quejen pero que tal el mundial sigam,11,0,1,-0.09090909090909091
3826,tienen tapa me da pena ver esto en mexico una desgracias total de preferencia no vayan al angel puro,14,0,0,0.0
3827,mal son sacrificios mayas pura gente ignorante va a esos festejos la verdad que quieren que les diga,14,0,1,-0.07142857142857142
3828,tanta estupidez innecesaria actuan como animales irracionales yo ni loca asistia a un festejo de eso,15,0,0,0.0
3829,viendo tanta estupidez que han hecho espero que no gane no lo merecemos hemos sido los peores anfitr,18,0,0,0.0
3830,mexicanos la verdad que estupides de andar en esos festejos como si ganaran algo por andar ahi ya no,9,0,0,0.0
3831,promover y normalizar el alcoholismo hay que ser concientes gente estan a nada de que les pase otrav,11,0,0,0.0
3832,ser de aqui y cuando alguien dice algo como yo es un malinchista que horrorosa historia imbeciles su,11,0,0,0.0
3833,fanatico ese es el precio por eso los deportan eeuu lo advirtio hace tiempo pero que necesidad pares,11,0,0,0.0
3834,casa cuantas pantallas instalaron y awuevo tienen que ir al angel a que o para que la gente tiene la,12,0,0,0.0
3835,cuantos muertos serian entonces murieron por mensos mucho p e n d e jo neandertal ridiculos mulas na,17,0,1,-0.058823529411764705
3836,preparense para el karma dejan mal a los mexicanos ojala gane inglaterra y tengan cuidado con estos ,14,0,2,-0.14285714285714285
3837,a festejar los adultos poniendo el desorden y despues va a culpar al gobierno como siempre pero ni m,13,0,0,0.0
3838,mexico no puede durar minutos sin hacer el ridiculo la gente no se sabe comportar y el gobiernos no ,11,0,0,0.0
3839,no puede hacer lo que quiera lamento mucho las muertes que estan habiendo en mexico la estampida el ,12,0,0,0.0
3840,que murieron atropelladas en la desesperacion de salir de ahi lamentable yo que la fifa cambio de lu,12,0,0,0.0
3841,heridas o muertas la violencia esta en su apojeo pregunta mexico einglaterra jugaran en mexico a mi ,19,0,1,-0.05263157894736842
3842,que festejan pura gente sin nada que hacer puro tarado es sentido comun siempre se ha visto donde ha,12,0,0,0.0
3843,yo prefiero estar solo en mi casa con mi familia y amigos pobre gente ignorante entre mas tecnologia,12,0,0,0.0
3844,canasta basica subio por que los nacos estan distraidos en sus partidos de gente mediocre y luego pa,10,0,0,0.0
3845,un festejo nacos vs simios que se puede esperar los mexicanos son buenos para el desorden y nadamas ,14,0,0,0.0
3846,tienen nada bueno en su vida son basura porque no tienen a dios en su corazon pero que necesidad dir,10,0,1,-0.1
3847,dejen de ir a estas estupid ces eso ya no es festejar yo por eso prefiero ver los partidos en casa c,9,0,0,0.0
3848,ambiente mas sano y seguro esas personas deberian ser encarceladas por enojarse es mejor que las per,13,0,0,0.0
3849,mexico vs inglaterra quedense en sus casas vale mas un partido o que sus vidas la culpa de cortes y ,15,0,0,0.0
3850,de salvajes ojala gane inglaterra y se termine esto incluso cualquier animal es mas inteligente y or,11,1,0,0.09090909090909091
3851,tanta gente y luego borracha peor enserio nomas falta que culpen al gobierno de sus locura la gente ,15,0,3,-0.2
3852,la culpa a clara brugada la gente es cinica enserio se comportan como animales locos la gente hacen ,15,0,0,0.0
3853,sigan festejando lumpen proletario prohiban los festejos que la gente lo vea en casa y nadie mas se ,17,0,0,0.0
3854,brugada se lamenta pues tambien por las muertes en su delegacion por las pipas traficando agua para ,15,2,2,0.0
3855,tuberia danando la red en la colonia anpreacion los reyes culhuacan y en otras circunvecinas no ai n,15,1,0,0.06666666666666667
3856,mas muertitos que acumula el peor gobierno de la historia la mayoria de esos actos fueron causados p,14,0,0,0.0
3857,que evita el alcoholimetro la que avento la cerveza al ecuatoriano y los mirreyes uno que golpeo el ,12,0,1,-0.08333333333333333
3858,y el wee que estampo su bmw contra dos autos ellos sonnel mal ejemplo de mexico m que especiales son,14,0,1,-0.07142857142857142
3859,de festejos eso ya no esta bien se mira muy mal el governor d si ganando matar n a que hubiera pasad,11,0,1,-0.09090909090909091
3860,de su muerte ir a esos lugares repletos de gente es un suicidio por eso somos tercer mundistas que n,13,0,0,0.0
3861,salvara inglaterra si gana el partido el domingo vamos inglaterra se veia venir esto de vergenza aje,17,0,0,0.0
3862,mexicana casi grita viva mexico en su comparecencia por favor no van a ser campeones mundiales para ,14,0,0,0.0
3863,tristemente era de essperarse yo que soy un master del desmadre se que esos lugares hay que evitarlo,8,0,0,0.0
3864,no arriesgarse inche gobierno mierdero que no pueden detener a la bola de changos si cuando no estan,11,0,0,0.0
3865,veia venir algo asi porque no hay quien los pare estamos en un pais sin ley nporeso no es bueno ver ,13,0,0,0.0
3866,que pueda pasar si mexico gana el mundial me preocupa por que si va a ganar mexico ojala eliminen a ,14,0,0,0.0
3867,tiene porque suceder este tipo atrocidades que se castigue a los que privocaron la estampida para qu,12,0,0,0.0
3868,festejar estan haciendo mucho desmadre la estupidez de los excesos por suerte el domingo no habra fe,13,0,0,0.0
3869,sabe como festejar ni tiene respeto por los demas es la verdad la mala educacion y poco valores de l,9,1,0,0.1111111111111111
3870,va a disfrutar sanamente otra vez se refleja la poca o nula educacion el respeto a la sana convivenc,10,1,0,0.1
3871,su conciencia se los reclame esto siempre pasa en estados unidos en un concierto donde vendieron ent,9,1,0,0.1111111111111111
3872,concierto tambien en algun momento en japon en halloween se dio eso de que varios murieron por asfix,9,2,0,0.2222222222222222
3873,ahora con estos festejos tambien y mas por que los demas empiezan a empujar las personas a los demas,8,0,0,0.0
3874,regular de que no se aconglomeren tantos que solo dejen a cierto numero y los demas vayanse para su ,10,0,0,0.0
3875,chin gente imbecil que verguenza mexicanos ya dejen de ser animales comportense parecen tontos que e,17,0,1,-0.058823529411764705
3876,mexico estan embrutesidos q pena pareciera que ser un mono es el requisito primordial para este tipo,14,1,0,0.07142857142857142
3877,cago en dios por que cada vez que se reunen esos weyes tiene que morir alguien si mexico campeona se,12,0,1,-0.08333333333333333
3878,a los turistas a otro paises que no hayan previsto esto y puede haber otros mas accidentes que se pu,7,0,1,-0.14285714285714285
3879,una multitud al inicio era padre los festejos pero ya la diversion no es sana ya van hacer desmanes ,11,0,0,0.0
3880,esas no festejan sacan frustraciones y buscan violentar a los demas br esa es la pregonada felicidad,11,0,0,0.0
3881,ver con estos vandalos por que no pueden festejar sanamente ojala ya pierdan porque la gente no sabe,12,0,0,0.0
3882,pero no fuera para detener a las manifestaciones ahi si ponen barreras de policias amo la serie de p,14,0,0,0.0
3883,que necesidad festejen en sus casas mejor no se arriesguen menos a sus ninos recuerden q hay cada lo,12,0,1,-0.08333333333333333
3884,gusta estar ahi y cuando pasa algo ya les duele pero que tal el cotorreo siento mucho por la persona,10,0,0,0.0
3885,que guarden silencio para las cuatro personas que fallecieron orare tanto por ellos las cuatro perso,11,0,0,0.0
3886,si gracias mi pasame para sus familiares los saludos de quecholac yael nino adolescente autismo que ,13,0,0,0.0
3887,palabras si mi pesame para sus familiares si lo siento mucho gusto si la misma gente del gobierno no,10,0,0,0.0
3888,por eso quitaron la clase de civismo ese el gobierno nefasto adios al fan fest que cada quien lo vea,13,0,0,0.0
3889,cosas vanas br biblia esa es la consecuencia de la falta de conciencia y se paga caro que estupidez ,13,0,3,-0.23076923076923078
3890,tal el relajo que se traian mas responsabilidad carajoooo y deberian prohibir que asistan con ninos ,15,0,0,0.0
3891,que mamada la neta crisis de ansiedad ya estan preparados para el domingo que festejan br solo avanz,15,0,0,0.0
3892,la muerte de personas deberian cobrarle a los futbolistas o ala fifa los danos y los gastos funerari,16,0,0,0.0
3893,y sabio tienen el gobierno que se merecen entre mexicanos se hacen dano ya cierren el angel para que,11,0,0,0.0
3894,y vida sin rumbo que requieren inconscientemente sentirse vencedores desde algun sitio un partido de,16,0,0,0.0
3895,esta bien el espiritu deportivo pero llegar a esto la estupidez humana en su maximo fervor la gente ,12,0,0,0.0
3896,para atras no pasaban la voz pienso yo que entre todos nos tenemos que cuidar y tratar de estar aten,9,0,0,0.0
3897,fotbolera que lleva mas de goles y hasta el arquero tambien lloro solo a eso fueron burro paseo de l,10,0,0,0.0
3898,son animales eso es lo que son que hacen en la calle quedense en casa y tambien que regularizen las ,9,1,0,0.1111111111111111
3899,dizque aficionados prohiban los festejos ya mexico no conoce el respeto no hay gane que valga si mue,16,0,0,0.0
3900,sido miles de jentes muertas es complicado pensar que se van a regular por si solos esto fue afortun,10,0,0,0.0
3901,de muertos un sincero pesame a la familia de los fallecidos recuerden el tunel para que van si saben,12,0,2,-0.16666666666666666
3902,el fin de semana pero ya nombre eso ya no es festejar eso ya es estupideces humana que mal que los f,12,0,2,-0.16666666666666666
3903,y luego lleban ninos esos festejos siempre termina en tragedia lindo pais anfitrion eh son simios no,15,0,0,0.0
3904,expresion br br la borregada mexicanitos hdp ojala les llegue pronto varios terremotos si lo vemos b,17,0,1,-0.058823529411764705
3905,un detonante deben prohibir estos festejos la gente simplemente no entiende totalmente de acuerdo co,17,1,0,0.058823529411764705
3906,a quot claudia sheimbaum y su gata clara brugada par de sin vergenzs hipocritas ellas estaban disfru,16,1,0,0.0625
3907,evitar riesgos y un protocolo para atender eventualidades sra brugada que medidas van a tomar en el ,13,0,0,0.0
3908,vdd que se estan pasando una cosa es festejar y otra hacer cosas estupidas sean un poco concientes a,12,0,1,-0.08333333333333333
3909,pesimo mexico no estaba preparado para un mundial imaginense como se podrian si lo ganan y soy mexic,11,0,1,-0.09090909090909091
3910,mi bebe y mi esposo en lugar donde la gente toma el fanatismo para hacer desmadre ahora si como dice,10,0,0,0.0
3911,dia siguiente que mal que no se sepan comportar la victoria de mexico necesita sangre y la que viene,12,0,1,-0.08333333333333333
3912,que hacen las cosas iban a ganar la movilizacion futbolera para su target de sigan con mas desmadre ,13,1,0,0.07692307692307693
3913,gente corriente por eso son el populacho ignorantes que solo se vuelven como estupidos ignorantes po,11,1,0,0.09090909090909091
3914,peor que llevan ninos y chicas donde ademas de lo sucedido los exponen a depredadores sexuales ignor,16,0,0,0.0
3915,necia peor que animales cierren reforma y listo los aficionados no tienen la capacidad ni el sentido,16,1,0,0.0625
3916,al otro individuo que esta festejando con ellos que estupidez haber muerto ahi a la autoridad le tie,12,0,1,-0.08333333333333333
3917,que despues de esto la gente seguira llendo las personas no entienden que a esos lugares va pura bes,12,0,0,0.0
3918,para q van y ora q la fifa pague o la alcaldia y todo por un partido de futbol que desgracia gordos ,11,0,0,0.0
3919,ir rebajas porque rebajas y quedas como nuevo y si ganan el domingo va a pasar lo mismo irracionales,14,0,0,0.0
3920,festejando desviven gente br ya vienen delincuentes desde el nacimiento son sacrificios del mundial ,15,0,2,-0.13333333333333333
3921,la culpa no es del gobierno la culpa es de la gente por fanatica poco prudente y sincivilidad si ven,13,0,0,0.0
3922,y ahi no pusieron vallas empezando bien mi jueves gracias inches chilangos jjajajajajaj yo festeje e,14,0,0,0.0
3923,calles fueron a vandalizar o terminaron vandalizando por seguir la corriente hablan de unos muertos ,14,2,2,0.0
3924,de futbol nada mas ninguno de nosotros tenemos incentivos economicos despues del juego tendremos los,12,0,0,0.0
3925,aglomeraciones facilmente parece que no se pueden controlar parecen idiotas gente pentonta maneras d,18,0,0,0.0
3926,aunque ellos ni saben que existes sigan yendo de nuevo quot agarren a mi bebe quot a quien ching se ,11,0,0,0.0
3927,no vayan no se van a morir por dejar de hacer desmadre br br confieso que aunque no me gusta el futb,13,0,0,0.0
3928,aunque sea una vez en la vida pero obviamente no lo hare y si en un momento de estupidez se me ocurr,7,0,0,0.0
3929,festejen con responsibilidad a quien le duele en verdad esas muertes por desordenados sepan festejar,12,0,0,0.0
3930,la seleccion mexicana ese tipo de gente ni lastima da x estupidos que ganaron se les dice pero como ,11,0,0,0.0
3931,festejar el problema es el desorden y seguro habia mucho gente ebria por chuchos se murieron por p n,15,0,0,0.0
3932,de revoltosos en la calle chilangos mexi changos nos dicen desde el exterior es mejor no ganar ni un,13,1,0,0.07692307692307693
3933,en corea ando por ahi trabajando y veo gente que lleva ninos pienso que es una tonteria a que llevan,13,0,0,0.0
3934,alcohol tambien es una droga es peligroso obviamente con tanta gente drogandose va a haber problemas,12,0,1,-0.08333333333333333
3935,bien se requerian sacrificios para que ganara la seleccion esperemos para el siguiente sean mas para,10,1,0,0.1
3936,eso nosotros nos quedamos en casa y vemos los juegos tranquilamente como se les ocurre llevar ninos ,14,0,0,0.0
3937,el angel estos trastornados y eso que gano mexico ahora que pierda van a tirar el monumento a la rev,14,0,0,0.0
3938,pasan de vrg monos hasta para eso asi o mas idiotas para festejar esto ya se salio de control yo se ,8,0,0,0.0
3939,manera hay familias con ninos y la verdad los jovenes no miden las consecuencias de sus actos lo bue,9,0,0,0.0
3940,gentuza de todo tipo desde el ratero pervertido los ingobernables ahi van como bestias simios primit,13,0,1,-0.07692307692307693
3941,sociales de todo lo desquiciado ahi se juntan no saben divertirse sanamente ahi como como bestias ch,15,0,0,0.0
3942,van hacer un desmadre disfruten tranquilos festejaron de mas hojala ya no gane mexico como quiera ya,13,0,1,-0.07692307692307693
3943,hacer su desmadre ay noo que terrible eso no se hace festejar sin danar a nadie el mundial y lo que ,11,0,0,0.0
3944,estan bien dormidos aun porque la gente no puede festejar de forma tranquila convivan sanamente cada,13,1,0,0.07692307692307693
3945,respete briagos y mariguanos viva mexico actuaban como los del bloke negro era un grupo bien entrena,16,0,0,0.0
3946,es un desorden ese tipo de festejos simbolizan el mal gobierno y la pesima logistica de gobierno que,13,1,1,0.0
3947,no saber comportarse en paz descancen las personas que lamentable no ir es lo mejor y de seguro van ,10,0,0,0.0
3948,buscando a tu primo el memo se maman si las barras de clubes mexicanos son violentos como el de quer,13,0,0,0.0
3949,les fue bien la meta pero les encanta estar alli ahora no chillen lo oyeron gente que fue a provocar,12,0,0,0.0
3950,fueron mas personas en estampidas culpa de quien puso tantas pantallas y tan pocas medidas no me qui,12,0,1,-0.08333333333333333
3951,mal ganen o pierdan yo pensaba que los musulmanes vienen en la edad media pero resulta que mexico ta,12,0,1,-0.08333333333333333
3952,de nortamerica pero se ve que no son capaces de avanzar ya en serio que esperaban como llevan ninos ,12,0,0,0.0
3953,un octavos de final como si fuera la gran cosa encima festejan con violencia deberia ser una fiesta ,12,0,1,-0.08333333333333333
3954,a la argentuna ganar y ganar ajajj son una risa yo no llevo a mis hijos refiero ir otro dia aunque n,10,0,0,0.0
3955,deben prohibir el festejo en el angel por prudencia tu mare clara hay gente q dice pobres br yo digo,12,0,0,0.0
3956,muerte eso no es festejar eso es despapaye de la gente que lamentable lo sucedido pero nada de esto ,11,0,0,0.0
3957,de andar en el desmadre manga de indios en argentina salimos millones porque eramos campeones no una,18,0,0,0.0
3958,aficionados ya se habia tardaron mexico siempre impone su ideologia eso no es una tragedia de moment,9,0,0,0.0
3959,favor si bien sabemos que no todos nos comportamos de acuerdo al momento ya que asi como van a feste,8,0,0,0.0
3960,de los alrededores y esta gente son malandros q su forma de festejar es totalmente agresiva y lo lle,12,0,0,0.0
3961,me retiro con los que llegue y sigo festejando pero aparte en trayecto a mi casa o te vas a otra zon,12,0,0,0.0
3962,terminen su borrachera de futbol hay gente que si crecimos y no nos dejamos llevar por los aparatos ,13,0,0,0.0
3963,la palabra es dicernimiento por esto y mas la seleccion no debe avanzar lo ultimo que necesitamos es,12,0,1,-0.08333333333333333
3964,mi mexico es que en vrdd los fifes no tienen limites se desvordan y no se miden ni les importan los ,10,0,0,0.0
3965,las personas que ayer perdieron la vida quot que bueno a ver si asi aprenden solo lamento la muerte ,10,0,0,0.0
3966,sacrificios humanos disfrazados de accidentes pinkes azuzadores una cosa es festejar otra es comport,17,0,0,0.0
3967,gente es la fea asi nos paremos de cabeza si la gentee no cambia seguira habiendo la misma porqueria,13,0,0,0.0
3968,gritas ai ninos asi paso en un concierto en el zocalo mejor decidi salirme xq si t caes ahi kedaste ,16,1,0,0.0625
3969,ahi t llamabas pobre d sus familiares a hora van a tener funerales en vez dw alegria controlen la ve,14,0,0,0.0
3970,mexicano br pero que necesidad culta gente de la ta trasformacion muy civilizados acostumbrados a tr,16,0,0,0.0
3971,controle a sus changuichairos la gente de mexico no saben festejar como dios manda con prudencia y r,12,0,0,0.0
3972,luego dicen que porque nos senalan de ser desastres que vergenza y luego se quejan de la presidenta ,10,0,0,0.0
3973,fanatica de ningun deporte br mejor dedico mi tiempo en actividades que me produzcan felicidad y sat,12,0,0,0.0
3974,ser peor la gente es necia y alcoholisada peor ay no es que ya se ven mal ante el mundo si esta bien,10,0,1,-0.1
3975,vergenza parecen animales y no personas lo que si resuelve es no ponerles pantallas a los simios cua,13,0,0,0.0
3976,les dije que no fueran a ver esa mamada mira clara no te queda para q pones televisiones para que me,11,0,0,0.0
3977,pero los menores no deben asistir a estos festejos sean concientes por favor y los adultos bajo su p,12,0,1,-0.08333333333333333
3978,manera por un festejo algo parecido sucedio en seul en un festejo hay que tener mucho cuidado bueno ,9,0,1,-0.1111111111111111
3979,la calidad y la cantidad de gente que esta asistiendo y su poca educacion si se pasan una cosa es an,11,2,0,0.18181818181818182
3980,imbeciles cavernicolas al fin tercermundistas idiotas sin educacion ni moral br y porque no cancelar,13,1,0,0.07692307692307693
3981,ni ambulancia solo esta la cruz roja para dar primeros auxilios y con la multitud no llegan las ambu,11,1,0,0.09090909090909091
3982,pero porque querian entrar hasta adentro que no era igual en cualquier parte alrededor del angel es ,13,0,0,0.0
3983,b aprovecha la gente de malos habitos hacer de las suyas y eso la autoridad no lo puede controlar me,12,0,0,0.0
3984,zoologico con las jaulas abiertas b esas costumbres locas de poner pantallas promoviendo el vandalis,17,0,2,-0.11764705882352941
3985,desde su casa se puede disfrutar sanamente y festejar si festejando en las casas con vecinos o famil,13,0,0,0.0
3986,no se conocen eso debe de quedar prohibido es pura tonteria b esta bien festejar pero estos idiotas ,14,0,0,0.0
3987,por gusto y otros como en venezuela por causas que no estan en manos del ser humano br unos queriend,11,0,0,0.0
3988,responsabilidad del gobierno bueno la pendej de los imbecil que se vuelven locos por cualquier idiot,12,0,0,0.0
3989,las victimas incompetentes mediocres corruptos deben brindar seguridad anticiparse al festejo no lo ,17,1,1,0.0
3990,el covid la gente esta cada vez mas demente pero lo ven quot normal quot pues bueno ahi estan las co,10,0,0,0.0
3991,vez lo mejor que pueda pasar es que eliminen a mexico en el proximo partido porque ya se les esta sa,8,0,0,0.0
3992,ocurre y luego hasta con ninos van asi sigan hay otras formas mas tranquilas de ver los partidos des,11,0,0,0.0
3993,cancelan los festejos para tenerlos bien contentos y dicen ue mexico es m jor anfitrion mexicanos im,18,0,0,0.0
3994,locos que mal esa gente representa la miseria de humanidad que son esto es lo que quiere el nar ko g,13,0,1,-0.07692307692307693
3995,esto es lo que les enorgullece que los mexicanos tontos hagan barbaridades para distraer la atencion,15,0,0,0.0
3996,si mismos estan actuando como si fueran bestias pero sigan comportandose como animales esta nota est,10,0,0,0.0
3997,hecho pero definitivamente la responsabilidad individual no se puede minimizar br el esfuerzo de la ,13,0,0,0.0
3998,festejo esto no termina esta que termina bravo bravo sigan con sus estupidos festejos bola de animal,15,0,0,0.0
3999,obesidad pero no entienden eso fue provocado clara tu tienes la culpa porque tu haces esos motores p,14,0,0,0.0
4000,y pateando una pelota sin difuntos no hay fiesta son ofrendas para el quinto partido pura gente estu,14,0,0,0.0
4001,resultado del fanatismo mi comentario el exceso de basura que generan estos festejos es increible y ,13,2,1,0.07692307692307693
4002,ojala que los remuneren con un extra por favor cuidense esta bien festejar el triunfo de mexico pero,13,0,0,0.0
4003,vida solo por un juego de futbol llevar ninos a esas aglomeraciones de gente es poner en grave riesg,14,0,1,-0.07142857142857142
4004,seguridad entre todos es lo primero todos regresen a sus casas tal y como llegaron eso es lo que oca,10,1,0,0.1
4005,circo que les dieron que horror esto se veia venir estampidas humanas ineptos es muy peligroso no pi,15,0,1,-0.06666666666666667
4006,en el festejo esto es para chavos que se pueden mover facilmenteentre tanta gente sean responsables ,14,1,0,0.07142857142857142
4007,solo asi creo que no existieran esos fallecimientos es lamentable que esta gente no piense en los da,11,1,0,0.09090909090909091
4008,mucha de la gente a la que danan tienen familia que los espera en casa ahora ponte en sus zapatos qu,9,0,1,-0.1111111111111111
4009,vicon todo respeto quien vaya a esos festejos b stiales que no se quejen cuando sufran accidentes o ,14,0,1,-0.07142857142857142
4010,tanta energia de gente consciente y las mu s que todavia faltan es vergonzoso y lamentable mor r por,13,2,0,0.15384615384615385
4011,unidos pero al final tienen razon con los mexicanos culpables muchos empezando por el gobierno super,13,0,0,0.0
4012,a sus familiares si dias anteriores ya se veia que llenaban totalmente reforma zocalo sigan de argue,14,0,0,0.0
4013,hijos la estupidez humana esta acabando con ella misma que fanatismo tampoco son lugares adaptos par,15,0,0,0.0
4014,se deberia limitar el numero de gente el resto de la gente que se quede en casa ya no participo de e,14,2,1,0.07142857142857142
4015,seleccion y nuestra presidenta con sus carpetas de investigacion las primeras lineas de investigacio,14,0,0,0.0
4016,de ecuador a ver si no los llaman a declarar jajajaja asi de incoherente es nuestra presidenta y tod,10,0,0,0.0
4017,risa e impotencia ante la problematica actual de mexico pero no entiendeeee la gente afuerza tiene q,11,0,0,0.0
4018,domingo pasara lo mismo nadie escarmienta ni el gobierno ni la sociedad aglomeraciones de gente borr,16,0,0,0.0
4019,quot celebracion de la aficion quot lamentable eso ya no es festejar es puro desmadre el gobierno no,16,1,0,0.0625
4020,les encanta revolverse como neandertales todos convertidos en muchedumbre y tenia que ser por imprud,11,0,0,0.0
4021,esta cobrando de los ambulantes que la vida de los ciudadanos deben poner controles y de hecho prihi,12,0,1,-0.08333333333333333
4022,licor otra mas de la china poblana morada brugada el chiste es no contolar la turnas para evitar el ,14,0,1,-0.07142857142857142
4023,pudo evitar si existe un apice de cordura pero no la hubo y eso es estupidez de la humanidad porque ,9,0,0,0.0
4024,por otro lado esta las autoridades que no supieron poner controles drogas porque el humano necesita ,12,0,0,0.0
4025,had considered this possibility and taken the necessary safety precautions but they didnt they are l,14,0,0,0.0
4026,hipocrita yo creo que desde el cielo va a llegar una llamada de atencion y ya no va a ganar mexico p,12,0,0,0.0
4027,eso nos fuimos que hubiera pasado si ecuador hubiera ganados mexico despierten estan mal es logico p,12,0,1,-0.08333333333333333
4028,y aventando gente es de chamaquitos lastima por los que pagaron con su vida este festejo y lastima p,12,0,0,0.0
4029,dasatadas en una euforia y ademas muchas alcoholizadas realmente hasta pudo ser peor fanaticos incon,14,0,0,0.0
4030,realmente cual es el beneficio que gane x equipo si todo esta de mal en peor esos fanaticos inconsci,12,1,1,0.0
4031,risa peor que animalitos estampida inumanidad imorudencia amontonadero sin la distancia debida y las,17,0,0,0.0
4032,eso cuando salgo de mexico no digo de que nacionalidad soy este tipo de cosas las hacen seguido en o,10,0,0,0.0
4033,la madreada quot organizacion quot guinda y la ignorancia en el manejo de masas de la tarugas de cla,15,0,0,0.0
4034,al infierno ya se estaban tardando la neta si esta chido el calor de los mexicanos pero se pasan por,9,0,0,0.0
4035,lo que me avergenzan y mucho te amo mexico pero a veces si te pasas de la barda bien feo chilangos s,10,0,0,0.0
4036,ellos votaron por morena sigan disfrutando lo votado y que en paz descansen los fallecidos mientras ,15,0,1,-0.06666666666666667
4037,se pudo evitar en mexico pierden la vida por la estupidez humana por algo que si se puede evitar com,11,0,0,0.0
4038,va a ver demasiada gente eso es por no tener seguridad deberian prohibir esos quot festejos quot el ,14,2,0,0.14285714285714285
4039,estuvo en el poder anos y siguen unos ineptos ojala no resulte una nueva pandemia de esta histeria c,10,0,0,0.0
4040,cuantos resfrios no habra y se difundira a traves de aduanas y vuelos al extranjero no cabe duda que,14,0,0,0.0
4041,mataron a un padre de familia racismo asi otras selecciones extranjeras ya nomas falta un atentado t,12,0,3,-0.25
4042,el mundial solo en estados unidos aunque la gente se mexico se llene la boca con que haya no son fut,9,0,0,0.0
4043,que van con ninos ahi se demuestra que no estan preparados para festejar de forma responsable perdon,14,0,0,0.0
4044,esto es festejar como siempre van a esperar que esto sea peor desde dias antes pongan la ley seca no,12,0,1,-0.08333333333333333
4045,a otras familias mejor en casita eso si grite los goles con mis hijos y todo normal el problema es l,11,1,0,0.09090909090909091
4046,los medios de comunicacion escuche clarito en la tele cuando dijeron quot todos al angel quot y esta,13,1,0,0.07692307692307693
4047,suyo ellos no ganaron gano la fifa gano televisa ganaron los jugadores ellos no subir al metro en ho,14,0,0,0.0
4048,esas multitudes ya conocemos como hay gente bestial sin nada de escrupulos asesinos en potencia ahor,12,0,1,-0.08333333333333333
4049,ladrones tengan cuidado si van a celebrar no arriesguen su vida por tonterias si en el otro partido ,13,0,1,-0.07692307692307693
4050,las leyes aqui no cuiden su integridad el futbol es un ritual a satanas y esas son las consecuencias,10,0,0,0.0
4051,todo eso quien si ves una aglomeracion de personas no te metas entre ellas mejor alejate de ahi porq,9,0,0,0.0
4052,y se empujan de pronto quedas en una trampa humana en la que ya no te puedes mover no hay escapatori,11,0,0,0.0
4053,aplastados br br imagina que hubiera habido un temblor fuerte en ese momento o que hubiera habido di,14,0,1,-0.07142857142857142
4054,cientos de muertos por asfixia y aplastamiento maneras de morir mexico vs ecuador no lleven ninos y ,17,0,1,-0.058823529411764705
4055,aglomeraciones como bien mencionan la estupidez humana en su maximo esplendor se imaginan si hubiera,12,0,0,0.0
4056,domingo por que la gente no escarmienta solo por querer llamar la atencion q pena acuerdense que dur,12,0,0,0.0
4057,despensa y hacian fiesta cuando debian estar aislados no deberia extranarle a nadie que haya pasado ,11,0,0,0.0
4058,manera mas estupida de morir seleccion natural es un ritual el angel es un obelisco osease un catali,14,0,0,0.0
4059,hechos cual es la responsabilidad del gobierno federal y de la ciudad de mexico como promotores y mo,14,0,0,0.0
4060,quot para esos quot festejos quot br cree la estupida de clara brugada que con unos balbuseos de quo,17,0,0,0.0
4061,acceso controlado br y por cierto el estadio es azteca no cdmx si a huevo quieren andar en ese desma,16,0,1,-0.0625
4062,br y portense como gente pensante no como bestias se fueron contentos con el triunfo del tri qepd la,15,0,0,0.0
4063,cosa es festejar y otra que actuen como animales eso no es festejar hagan conciencia y tengan respon,15,0,0,0.0
4064,nunca han ganado un partido parece jajaja lt lt ni modo que acepten su destino gt gt por favor no ll,14,0,0,0.0
4065,que paso con la seguridad y los drones y la gn obviamente tenia que haber monitoreo en multitudes y ,12,1,0,0.08333333333333333
4066,cual es el argumento de las autoridades la jefa de gobierno que ha dicho al respecto es que la neta ,8,0,1,-0.125
4067,vivientes viciosos vagos borrachos esa la descripcion del fan promedio de un fan de futbol asi como ,18,0,0,0.0
4068,bombas de agua y pongan una hora para que se larguen del angel no es a ver si quieren el domingo nos,11,1,1,0.0
4069,modo br todos drogados y borrachos ridiculos por un simple deporte que brutos e imbecil s a quien ch,14,0,0,0.0
4070,natural jajaja pero a quien se le ocurre andar en esos argendes mejor quedarse a ver el futbol en su,10,0,0,0.0
4071,andar entre tanta chusma los motivos de esta situacion son muy claros la estupidez humana la estupid,15,0,0,0.0
4072,perdieron la vida quot si no hay control de asistencia imaginate mucho malandro estuvo alli se veia ,14,0,0,0.0
4073,la copa los tres anfitriones deben avanzar clima en argentina no me falle con el clima de veracruz p,14,0,0,0.0
4074,hechele ganas senor por favor agregue ami estado veracruz al clima nunca lo ase comenta acerca del c,17,0,0,0.0
4075,los distintos municipios ejemplo tuxpan poza rica minatitlan coatzacoalcos entre otros a nuestra pre,17,0,0,0.0
4076,desquiciado senil no tienen eco nuestra presidenta dra claudia sheimbaum no se rebajara nunca a nive,14,0,0,0.0
4077,mapa no tuvimos verano muchas gracias nelson nooo de nuevo tormenta electrica en cdmx pregunto por q,12,0,0,0.0
4078,bendiciones hermano por que no dejas escuchar el relato personal con la voz de ellos br siempre el q,13,0,0,0.0
4079,br esto es dejar de protagonizar br siempre que abro los video son narrados por ti br deja escucharl,14,0,0,0.0
4080,de la naturaleza quiero decir con esto que la edad del padre no es inconveniente para dios los patri,12,0,0,0.0
4081,secretos hacen anos siempre son secretos de youtube muy interesante oremos y oremos pues no creo que,11,0,0,0.0
4082,bien por harfuch mal por los lacras estos gracias omar garcia buenos dias estan imterezantes esta no,12,0,1,-0.08333333333333333
4083,que importa es rocha moya disfruten lo votado eso pasa por el poco o mas bien nulo mantenimiento y f,13,1,4,-0.23076923076923078
4084,para su campana y no invierte en sistemas de agua tato pluvial como agua potable el reportero tiene ,14,3,3,0.0
4085,tiran mucha basuras en la calle y toda la basura se va en los canos jaja es encharcami nto dice la l,14,1,1,0.0
4086,pa contener agua sirve pura incompetencia que verguenza gracias a los rescatistas arriesgan su vida ,19,2,3,-0.05263157894736842
4087,veo bajo el agua el altisimo proteja y cuide al personal que anda en el agua sucia de toda bacteria ,15,2,3,-0.06666666666666667
4088,mantenimiento carcamos de drenaje que le hace a tanto dinero el gobierno de morena y cobran carisimo,13,0,0,0.0
4089,nada cambio climatico ciclico global anos punto de no retorno impacto hidraulico muerte del planeta ,15,0,1,-0.06666666666666667
4090,las calles sigan tirando basura son las consecuencias a href citizen tsuyosa nk l pierdes unos segui,17,1,1,0.0
4091,resentida pero nunca vi que apoyaras a panama los texanos fueron influenciados por monterrey en cues,13,0,0,0.0
4092,muchos mexicanos con nuestras tradiciones mi monterrey si tienen la oportunidad de venir no desaprov,12,0,0,0.0
4093,si senor y eso que nunca encontraste a la verdadera hinchada argentina el que dijo que los tacos era,9,0,0,0.0
4094,deshebrada dime donde es para no ir es cierto que el cabrito solo se come en ocasiones especiales a ,10,0,0,0.0
4095,muchos piensan el restaurant palax sobrevalorado lo de la carne asada es muy cierto todos los de ano,13,0,0,0.0
4096,pedian quot carne para asar quot no habia cortes especificos me emocione mucho el saber que andabas ,14,0,0,0.0
4097,aqui aqui es viva mexico hermoso monterrey bellisimo y esos tacos dan hambre min a href alv ese somb,16,0,0,0.0
4098,hace poco te encontre y siempre me imprecionas mas con cada lugar que as visitado y todo lo que te a,10,0,0,0.0
4099,mexico morocco jesus malverde es de aca del meritito culiacan sinaloa ven para aca y conoscas la his,19,0,0,0.0
4100,eres bien chingon dios te cuide y proteja a ti y a tu acompanante en tus viajes dulce de leche leche,13,0,0,0.0
4101,los cowboys existen por influencia de los ganaderos de mexico y el charro mexicano no porque estemos,13,0,0,0.0
4102,no es triunfos robados bien happy el cris nuestra amada virgen de guadalupe nadaaa tiene q ver con l,14,0,0,0.0
4103,catolica bendiciones desde monterrey mexico jesus malverde fue una persona que robaba a los ricos y ,13,0,0,0.0
4104,es la cruda realidad aunque a muchos les harda monterrey es lo mejor jajaja no era jesus malverde mo,13,0,0,0.0
4105,jajaja duro excelente video bien documentado y bien vivido araya soy tu seguidor cuando gustes pasar,16,0,0,0.0
4106,hrs de monterrey deberias ir a cabo verde y visitar a vozinha lastima que no supe que andabas aqui e,15,0,0,0.0
4107,desde guatemala es guadalajara bro visitalo arayaaaaaaa da senales como araya no va a saber quien es,10,0,0,0.0
4108,mty potencia mundial no inventeeeees porque no supe que venias araya yo te queria conocer br no sabi,15,0,0,0.0
4109,comida jjjjj yo veo te gustan mucho los tacos ya se me antojo y yo no como mucho de eso me encanta t,11,0,0,0.0
4110,con araya aun traera cruda o resaca anda perdido araya con gusto te esperamos en culiacan sinaloa pa,17,0,0,0.0
4111,hoy por fa mi bro bro que pasa que nos tienes abandonados papito los originales son de tlaxcala los ,16,0,0,0.0
4112,como estas soy de curacao la isla mas pequeno que partisipo en el mundial el blue waves la hola azul,14,0,0,0.0
4113,curacao seguro que le va a encantar no manches yo estaba en zaragoza y estabas ahiiiiii que tipo de ,10,0,0,0.0
4114,br br leche quemada cajeta araya ven a visitar la huasteca potosina no te arrepetiras saludos muy bi,16,0,1,-0.0625
4115,san pedro garza garcia ve a grabar aya y no graves cosas malas esas figuras no nos representan guill,17,0,0,0.0
4116,muy tranquilo y se ve algo incomodo jwjwj me gustaria irme para alla me imagino la cruda con la que ,12,0,0,0.0
4117,somos inglaterra a href que no falte un fan del morelia me da gusto que dieras vuelta para mi hermos,14,0,0,0.0
4118,que bonito mi monterrey br bienvenido que mal y esto no ayuda a la situacion el licor y el deporte n,13,0,1,-0.07692307692307693
4119,y hasta usted araya estuvo en peligro y ni cuenta se dio por andar borracho es una irresponsabilidad,10,0,2,-0.2
4120,una vergenza mire los destrozos q se estan dando la gente esta vuelta loca destruyendo todo a su alr,13,0,0,0.0
4121,porque es futbol pero igualmente esto es violencia y no debiera de difundirse tan facilmente en las ,12,0,1,-0.08333333333333333
4122,cerveza a la gente a su alrededor como lo dijiste tu es ser parte de todo esto y no esta bien te sig,5,0,0,0.0
4123,inteligente y no seguir corrientes cuando se viaja uno debe guardar respeto y decoro cuando se va al,13,0,0,0.0
4124,de verdad se estan ganando una mala reputacion bro ve a los juegos de mexico la neta miro todos esos,14,0,0,0.0
4125,el de mexico vs inglaterra araya me decepcionas cuando celebras los goles de otros equipos eso nunca,14,0,0,0.0
4126,paises pero por temas de seguridad poblacion y alimentos salud se entiende que se debe poner limites,13,1,0,0.07692307692307693
4127,personas de todo el mundo eso no es vida araya is waiting for no one araya bien venido a monterrey s,14,0,0,0.0
4128,algun indigente y esque se sabe que muchos suelen ser agresivos cuidate porfavor saludos amo como le,15,0,0,0.0
4129,sombreros se usan en todo mexico pero en monterrey es mas una moda ahora y en el resto de mexico sol,9,0,1,-0.1111111111111111
4130,las cuidados siempre veras senores con sombrero texas era de mexico y todavia hay un monton de mexic,13,0,1,-0.07692307692307693
4131,de texas adoptaron las costumbres de los vaqueros mexicanos que bien me caes araya que buenos animos,15,0,0,0.0
4132,cdmx los tacos de canasta para desayunar uf saben buenos aguas con la salsas son de habanero bienven,13,0,1,-0.07692307692307693
4133,saludos crack gracias hermano soy un seguidor te veo por todo el mundo me gusta tu contenido y hoy t,14,0,0,0.0
4134,con los videos ya hace dias de nada a mi nino y a mi nos encantan amooooos tu contenido sin conocert,11,0,0,0.0
4135,y un amigo me dijo quien eres y soy tu fan amo tu buena vibra y el amor con el que haces tu trabajo ,8,0,0,0.0
4136,video cuantos chingada madre como te amo eres muy divertido br saludos de una regia prometiste un vi,18,0,0,0.0
4137,hermano ya eres mexicano me hubiera dado cuenta a tiempo y lo hubiera invitado una carnita asada par,9,0,0,0.0
4138,hubiera dado un tour por la cuidad saludos hermano puro regio yo me iba de puesto de sombrero eso no,14,0,1,-0.07142857142857142
4139,bendiciones araya por donde estas ya pasaron dias cuidate disculpa por el trato tan descortes que te,11,0,0,0.0
4140,hermosillo sonora la mejor comida de mexico ahi es donde es laejor carne para asar mexico seravsacud,15,0,0,0.0
4141,alguien que supo que son grados y un chingo de sombrerudos no se quien eres ni de donde saliste pero,11,0,0,0.0
4142,tuyos en facebook y ya no te solte saludos porque estabas a un lado de jorge maynez a mi me parecio ,11,0,0,0.0
4143,y no me entere que estuviste en mi monterrey querido si hay una defuncion literalmente hay carne asa,13,0,0,0.0
4144,pero tu sencillez te hace grande me dio miedito ese monton de gente tienes que estar el domingo en e,11,0,1,-0.09090909090909091
4145,a armar en grande unas de las mejores ciudades mas hermosas de mexico muy cerquita esta san pedro ga,16,0,0,0.0
4146,monterrey arayavlogs hermano seria bueno que nos mostrases la antartida se dice que es muy dificil d,11,0,1,-0.09090909090909091
4147,verte ven a veracruz aca en monterrey somos puro desmadre que bueno que te la pasaste bien si fuera ,14,0,0,0.0
4148,como las favelas pero no puede entrar ni la policia como va ser la mejor ciudad la muerte no es sant,12,0,0,0.0
4149,ojala puedas volver prontooo y conozcas chipinque pruebes el chicharron de la ramos la estanzuela re,17,0,0,0.0
4150,pronto gracias por venir a monterreeeey siempre seras bienvenido te queremos araya el tico mas mexic,14,0,0,0.0
4151,una buena historia de hecho hay una serie mexicana llamada quot malverde el santo patron quot y te v,14,0,0,0.0
4152,no es nada turbia al contrario es muy interesante pero mejor date la oportunidad de verla te la reco,11,0,1,-0.09090909090909091
4153,familia y yo a ver tus documentales y videos nos encanta el contendio que subes y como a traves de t,11,0,0,0.0
4154,y conociendo mas acerca de nuestra cultura ojala algun dia coincidamos y logremos plasmar un bonito ,15,0,0,0.0
4155,que barbaro que sorpresa bienvenido disfruta y dejate querer me gustan mucho tus videos saludos b ar,17,0,0,0.0
4156,y en la macro apoyando a irak y marruecos en tu proxima visita ven a las grutas de hecho si es vdd l,12,0,0,0.0
4157,papa al siguiente dia hicimos carne asada despues del cepelio entierro y pues nos juntamos como siem,8,0,0,0.0
4158,con el en las carnes asada pero para cualquier ocasion una buena carne asada siempre sera bienvenida,15,0,0,0.0
4159,y bendiciones por venir a mexico mexico jaaaa que hermoso te la pasaste increible te amo dios te ben,13,0,0,0.0
4160,amooooo me encanta tu contenido dios te bendiga siempre eres el mejor b la mejor y mas hermosa de me,12,0,0,0.0
4161,normal en el video te amo araya saludos y exelete contenido siempre vemos tus videos esperamos te ll,21,0,0,0.0
4162,de escobedo nl mexico seria un buen anfitrion si no fueran tan incivilazados y si no se mataran entr,12,0,0,0.0
4163,pedro garza garcia nuevo leon mx mas rico de todo mx y sur ameria a href deberias contactar a los ma,15,0,0,0.0
4164,a baby face contactate con el o ellos y ellos te ensenaran los asados de averduras me dio envidia mi,13,0,0,0.0
4165,ya andabas bien desconocido araya hasta te mandaron a volar araya soy mexicana nacionalizada costarr,15,0,0,0.0
4166,estuvieron con ganas el fan fest malverde es originario de culiacan sinaloa ay tiene su capilla gran,17,0,0,0.0
4167,el video cuando le pagamos un arrastre a ecuador araya necesitas estar unos dias mas en mexico es qu,15,0,3,-0.2
4168,soy de monterrey mexico br saludos desde tierras regias que gusto verte por aca araya andabas bien p,18,0,0,0.0
4169,estes aqui en monterrey ups araya lindo video pero cuidado con el alcohol hasta te dejaste tirar par,16,0,0,0.0
4170,gusta mucho la calidez que reflejas que bueno que estas en mexico bienvenido a monterrey en el merca,12,0,0,0.0
4171,si si hace el asadooooo te ignoro la senora jaajjajjaaj ehhhhh el profe guille br era mi profe de in,15,0,0,0.0
4172,probar la mejor comida no lo puedo creeeeeerr viniste a mi ciudad que cool me hubiera gustado conoce,14,0,0,0.0
4173,href dijo lo que crei escuchar jajaajaja es genial me encantan sus videos bienvenido a mexico malver,17,0,0,0.0
4174,tequla cumplio su cometido jajaja arayaglogs jamas escribo a ningun youtuber pero estando en mi tier,18,0,0,0.0
4175,final se la paso bien araya que gusto que allas andado aqui lastima que no supe antes para irte a co,14,0,0,0.0
4176,te hubieras encontrado con la granja rifa o adrian marcelo yo queria conocerte me gustan mucho tus v,16,0,0,0.0
4177,a guadalajara y terminaste pedo fuiste a monterreey y terminaste pedisimo pura vidaaaa hay que disfr,17,0,0,0.0
4178,videos araya saludos se me hace que te gusto mas mty jsjdjdjtu ya eres mexicano la mejor ciudad de m,12,0,0,0.0
4179,vendedores de sombreros y ese guia que te conseguiste que horror un mono de carton hubiera tenido ma,12,0,0,0.0
4180,me encantas me gusta todos tus videos me hubiera gustado ir tras de ti para conocerte en persona y t,11,0,0,0.0
4181,de guadalajara festeja muchisimo mas que la monterrey saluditos araya orgullosamente regiomontana di,15,0,0,0.0
4182,la otra es el cdmx pero ay muchos homosexuales desde el principio de viste estar en monterrey te vi ,10,0,0,0.0
4183,alguien que le gusta que estes aqui en monterrey monterrey seria la ciudad ideal si crearan puentes ,14,0,0,0.0
4184,a laredo tezas houston ssan antonioo para ver somo esas grandes ciudades no tienenlos problemas de v,16,0,0,0.0
4185,de trafico no entiende ese gobernador que desvie eltrafio a la entrada norte para entrar a monterrey,14,0,1,-0.07142857142857142
4186,pero odio el trafico y mas que las autoridades no piensan remediarlo pronto el metro es para los jov,13,0,1,-0.07692307692307693
4187,cd en modo borracho jajaj ame este chico en verdad me cae demasiado bien buen video araya gracias yo,15,0,0,0.0
4188,acostumbra hacer comida despues de un sepelio para los familiares y amigos del difunto tienes razon ,14,0,0,0.0
4189,cuenta la historia que era un bandido sinaloense de principios del siglo xx que robaba a los hacenda,14,0,0,0.0
4190,en culiacan sinaloa mexico no entendi la magia saludos compaa que chidote que andas por aca muy buen,17,0,0,0.0
4191,nortenos sacados de onda porque el fierro pariente es de sinaloa no de monterrey te esperamos en gua,15,0,0,0.0
4192,toda la cuidad la experiencia regia ya andabas bien pedillo amo todos tus videos pero este me encant,16,0,0,0.0
4193,mty nl no supe que venias a monterrey me quede con las ganas de una foto mi hermano fuerte abajo gra,15,0,0,0.0
4194,nosotros el mundial araya hermano ya eres mexicano animate a visitar oaxaca tierra del sol a ver la ,14,0,0,0.0
4195,no le pide nada a nadie bendiciones bienvenido a tierras regias demasiado bueno este tico orgullosa ,12,0,0,0.0
4196,la carnita asada recuerdo cuando fallecio mi padre cuando lo enterramos despues todos mis tios se re,13,0,0,0.0
4197,tal la gente regia ayara que chingon sigue subiendo mas videos de juegos en mexico esos ojos al flna,14,0,0,0.0
4198,de mty n l se muere algun familiar si hacemos un asado cerramos la calle e invitamos a todos los vec,14,1,0,0.07142857142857142
4199,culantro al cilantro a href br toda mi vida viviendo en mexico y nunca habia oido esa de quot el que,13,0,0,0.0
4200,sur te saludo y dejame decirte que eres mi youtuber favorito que guapo se ve araya con sombrero y co,16,0,0,0.0
4201,video que ambientazo fantastico araya en monterrey mercado juarez d viva mexico cabrones saludos des,17,0,0,0.0
4202,ponerse con idolatria hechiceria con santos demonios a dios no le agrada esta porqueria de cosas exc,17,0,0,0.0
4203,costa rica san jose alajuelita cuidate mucho araya su mama debe estar preocupada con ese fieston que,15,0,0,0.0
4204,acaba el video ya estabas borracho amigo los regios son de la peor gente en el pais espero no te hay,13,0,0,0.0
4205,no se si sea porque su cultura es asi o en serio groseros hola arayavlog me encanta ver tu videos y ,10,0,0,0.0
4206,holvide que estamos en mexico y con dinero todo se puede mexico puede llegar asta el final y sino es,10,0,0,0.0
4207,una camara tan mexicana que usa sombreo morimos de risa siempre que dices culantro min a href no se ,13,0,0,0.0
4208,se emocionaba mucho en junto araya en guadalajara excelente que anduviste por estas tierras chingado,12,0,0,0.0
4209,rato pues que chingon que conociste a su majestad el cerro de la silla viniste a monterrey me hubier,13,0,0,0.0
4210,leche quemada es mas conocida como cajeta ola le pego duro la cerveza a nuestro araya gracias por tu,15,0,1,-0.06666666666666667
4211,mi mexico lindo y querido jajaja le ponia el sombrero a la camara bien pedote quedo el wey solo dice,15,0,0,0.0
4212,y los dos estaban en mexico al mismo tiempo te escuchas bien chistoso cuando dices a la verga te ama,11,0,0,0.0
4213,primo xd araya deja la bebida espirituosa jajaja este men desborda alegria chulada que visitaras mty,18,0,0,0.0
4214,es un loquillo solo llego a mexico y lo ponemos bien pedo saludos hermano nunca pense que vinieras a,14,0,0,0.0
4215,la ciudad mas chingona de mexico espero lo hayas disfrutado br ajua gracias gracias gracias araya vl,21,0,0,0.0
4216,falto visitar muchos lugares interesantes de la ciudad un fuerte abrazo saludos te vemos en casa vid,16,0,0,0.0
4217,persona estaba triste por que nadie de ustedes venian gracias x venir araya el araya ya al final and,15,0,0,0.0
4218,conoce a sonora a cualquier santo le reza aqui somo los meros de la carne asada jejeje monterrey es ,14,0,0,0.0
4219,mexico es otra cosa se vive diferente no creo que pasen muchos anos para que el pais tenga in mundia,7,0,0,0.0
4220,lo bueno solo los de mty dicen esa mmda no te creas oye bro una pregunta seria mexico o ecuador si t,13,0,0,0.0
4221,de decir vulgaridad s como verga es lenguaje de gente corriente y vulgar el gordo soya tiene esa pal,13,1,0,0.07692307692307693
4222,que estas aca araya siempre veo tu contenido es normal que te ignoren jajaja te sugiero vayas por ch,15,0,0,0.0
4223,san pedro esta bonito y santiago esta lindo que te la pases super bien porque no vas a venezuela en ,14,0,0,0.0
4224,feas personas pobre araya queremos ver el asado de nuestros hermanos mexicanos a href hasta la picha,16,0,0,0.0
4225,mexico gracias por venir a mi ciudad araya a href ja ja ja volo araya si sigues en mexico te invito ,18,0,0,0.0
4226,del oro en el estado de mexico me hizo reir como nunca cuando vio al maligno no digo ese nombre y di,10,0,0,0.0
4227,tienen una capilla a malverde para que la visites hay encontraras mas informacion ahi andaba como no,14,0,0,0.0
4228,el buen profe osuna guille mi maestro en prepa lo recuerdo con mucho aprecio que bueno que disfrutas,14,1,0,0.07142857142857142
4229,invito unas buenas pupusas yo te quiero conocer falso que buenos recuerdos de monterrey a href momen,16,0,0,0.0
4230,desde coatzacoalcos veracruz y yo que tenia una gran admiracion gracias a araya vlogs hacia nuestro ,15,0,0,0.0
4231,ecuatorianos tambien merecemos respeto no puede ser bicho esperaba el momento que vinieras a mi ciud,12,0,0,0.0
4232,araya araya no te vayas a enfermaaaar el araya estaba re prendo guapo arallita con ese sombrero como,17,0,0,0.0
4233,malverde su historia inicia en culiacan sinaloa mexico ahi esta su altar en su fecha patronal le hac,14,0,0,0.0
4234,van a pagarle los favores recibidos tiene una gran historia deberias ir a documentar y de paso conoc,14,0,0,0.0
4235,cowboys son de origen mexicano la influencia es de mexico a usa araya vlogs ya se parece a cantinfla,14,0,0,0.0
4236,maestro br muy profesional y amigable que es araya todo un mexicano no sabe que onda pero siguiendo ,13,2,0,0.15384615384615385
4237,aqui en mty y es muy querido tuviste mucha suerte en encontrartelo es un buen profesor saludos desde,13,0,0,0.0
4238,del norte de mexico y estan la senora br aqui en mexico a cualquier imagen le rezan mira el nivel si,11,0,0,0.0
4239,san araya br pero en fin es bellisimo nuestro pais araya neta man me llenas de orgullo ya eres mexic,15,0,0,0.0
4240,es tu casa cuando gustes y no te olvides igual que donde eres aqui es pura vida pero sin barreras br,12,0,0,0.0
4241,seria araya a quien vas apoyar hoy a mexico o ecuador uno de tus mejores videos muy divertido y eso ,10,0,0,0.0
4242,relajo en buen plan dios te bendiga compa araya que bueno que estuviste en nuestra ciudad br br no e,11,0,0,0.0
4243,chingona que hermoso monterey quede enamorada gracias por visitar mi ciudad natal team araya blogs e,18,0,0,0.0
4244,mexico araya al minuto a href pasaste un fantasma haciendo ejercicio jajajaja el aparato se movia so,16,0,1,-0.0625
4245,ni canada ni estados unidos le saben bienvenido de nuevo a regiolandia compare pura vida viejon mont,14,0,0,0.0
4246,otros paises por no decir ridiculos a href ese juego se mueve solo compraste el reloj al senor mas e,14,0,0,0.0
4247,la mole amooooooooo espero y te alla gustado mi monterrey queridoooo araya si eres salado quedate co,14,0,0,0.0
4248,esposo y yo te vemos desde laredo texas fronteras con nuevo laredo tamaulipas mexico mi esposo es de,17,0,0,0.0
4249,a costa rica br nos encanta la fortuna san carlos no manches araya te amo millllonesss ya mudate a m,17,0,0,0.0
4250,teme se le respeta y creo que todo mundo extrana a alguien que ya no esta en este mundo terrenal la ,11,0,0,0.0
4251,por el gran respeto a decir no temas en donde vayas que has de morir en donde debes b mexico gana ho,12,0,0,0.0
4252,como esa senora del sombrero y me voy y no le compro nada por mal educada que vaya con cheff en proc,9,0,1,-0.1111111111111111
4253,si que es amigo de todo el mundo tuviste al mejor amigo de monterrey a href por fin subiste video ar,13,0,0,0.0
4254,mas el mundial viendo tus videos y como lo disfrutas bueno eso de que el estado o la ciudad mas rica,9,0,0,0.0
4255,que cualquier estado de la republica tiene lo suyo en ranking de riqueza son el tercer lugar superad,11,0,0,0.0
4256,de chapultepec lomas virreyes san angel inn chimalistac santa fe araya andaba tomado de puro tequila,24,0,0,0.0
4257,va terminar bien pedo br en el rio santa catarina christopher gracias por tu buen contenido nunca me,15,0,0,0.0
4258,asada compa saludos tebas a tener que ir asta sinaloa a buscar a malberde no puede ser araya con los,15,0,0,0.0
4259,tambien estamos en monterrey saludos te falto el y si si ahora si te pasaste de chelas espero que ve,11,0,0,0.0
4260,araya ebrio jajajaja una derrota de mexico se acabo la fiesta mundial en mexico ecuador es duro a hr,17,0,0,0.0
4261,sera el precio de esa camara de araya que la protege tal cual un hombre protege y ama su carro termi,13,0,0,0.0
4262,este video bienvenido a la sultana del norte nah bruh no mames no es la mejor ciudad de mexico prime,13,0,0,0.0
4263,estaba volado tambien hola uj saludo desde costa rica que disfrutes bastante horribles esos munecos ,16,0,0,0.0
4264,onda carnal te agradecemos mucho los videos que has hecho de nuestro pais muy buenos y sobre todo no,9,0,0,0.0
4265,muchas gracias hermano a mi hijo de anos y a mi nos encanta tu contenido lleno de cultura y muy limp,13,1,0,0.07692307692307693
4266,vamonos quot la leche quemana tambien se le conoce como cajeta futbol en mexico si se vive pura vida,14,0,0,0.0
4267,hoy vamos a ganar primero dios bendiciones masivas araya al final del video ya estaba rascado arayaa,13,0,0,0.0
4268,por la naturalidad de tus reacciones visita leon guanajuato y guanajuato capital ademas te invito a ,17,0,0,0.0
4269,me puede decir de que nacionalidad es este chavo no logro identificar su acento araya te hayas hido ,9,1,0,0.1111111111111111
4270,que no quieren vender o como si te estuvieran haciendo un favor que gente tan fea antipatica araya h,12,0,0,0.0
4271,nuestro mexico tiene para ofrecerte no hay otro pais en el mundo como mexico pais magico primero dio,13,0,0,0.0
4272,mb dv ujg a mfy peiknr op aga a quot alv vamos quot ame tu expresion aclaro los senores del puesto d,19,0,0,0.0
4273,mexico lindo es otro nivel para el llega ya no se quiere regresar porque la diversion es unica demas,11,0,0,0.0
4274,carne asada cuando alguien fallece no siempre pero si se hace jajaja saludos y esperemos vuelvas pro,15,0,0,0.0
4275,merida o san miguel de allende parcerooo ojala puedas ir al partido de colombia contra ghana este vi,17,0,0,0.0
4276,medellin colombia el mundial solo se tenia que hacer en monterrey estabas tan cerca de mi me hubiera,10,0,0,0.0
4277,veo tus videos me gusta mucho y yo soy monterrey veo al paraguay ganando a alemania llamadme loco ar,15,0,0,0.0
4278,por venir a monterrey espero disfrutes el estado que disfrutes tu estancia en monterrey bienvenido e,14,0,0,0.0
4279,economistas y boxeadores jajaja busca a la granja rifa que te den un paseito la cajeta es de celaya ,15,0,0,0.0
4280,arayitaaaaaaaaaaaaaaaaaaaaaaa lt excelente video con el amigo guille cada vez me dan mas ganas de co,17,0,0,0.0
4281,para comer todo eso y seguir en forma mi mas se tido pesame a los hermanos venezolanos haber pasado ,11,0,0,0.0
4282,la mejor ciudad es la cdmx yo vivi en escobedo nuevo leon y se de lo que hablo monterrey es un ranch,12,0,0,0.0
4283,van a descalabrar que tuanis puro desmadre jajajaja me gusta que eres de ambiente no aburrido br esa,14,0,0,0.0
4284,pero lo amooooooo todosss tus videos tu bueno honda otra cosa la quot tejana quot o sombrero vaquero,16,0,0,0.0
4285,mexicanos y espanoles pero el modelo industrializado que hoy conocemos fue patentado y comercializad,15,0,0,0.0
4286,imbecil todo mundo sabe que la cultura de vaqueros en estados unidos fue copiada de la cultura de va,12,0,0,0.0
4287,de mexicanos todo lo que tiene que ver con caballos ganado ranchos rodeos amanzar caballos vida de r,15,0,0,0.0
4288,los gringos aprendieron todo lo que es vida de rancho al estilo tejano de los espanoles y luego de l,10,0,0,0.0
4289,tejas por el gobierno mexicano no se conformaron con eso y los gringos malagradecidos decidieron rob,12,0,0,0.0
4290,las perdidas para mexico despues de la guerra mexico americana de la proxima vez informate antes de ,11,0,0,0.0
4291,que no te pude ver pero te mando un abrazo y ojala vuelvas a venir y conocer mas de monterrey dios t,10,0,0,0.0
4292,chulada que fuiste a monterrey literalmente en mexico de va mas ambiente en los fan fest que en usa ,14,0,1,-0.07142857142857142
4293,siempre compartiendo los mejores contenidos gracias por visitar mexico ammmm un dato curioso pero mu,18,0,0,0.0
4294,nacieron en mexico no en texas saludos super tapis todos en mexico te queremos mi bro a href de hech,12,0,0,0.0
4295,me a tocado que despues del velorio de un familiar dicen que una carne saliendo los mismos parientes,11,0,0,0.0
4296,mty hay mucho que hacer mucho movimiento y mucho calor no puedo creer que estuviste en mi ciudad aha,7,0,0,0.0
4297,definitivamente no soy el favorito de dios brutal mi araya hermano ya eres regio te invito a una car,13,0,0,0.0
4298,decian que nos tenian que dar muchos mas partidos no solo en mty en las demas sedes mexicanas el amb,12,0,0,0.0
4299,regio br buen trabajo esto esta mejor que el color de faitelson la cultura vaquera es de mexico ante,11,0,0,0.0
4300,cultura ellos lo tienen por mexico no al reves andaban regalando sombreros en la macro hubieras ido ,12,0,0,0.0
4301,de los vaqueros mexicanos jaja el guille se parece a craig de malcom el del enmedio jajajaja amo tus,15,0,0,0.0
4302,excelente video saludos y bienvenido al norte exelente bravooo aca no usamos culantro solo cilantro ,13,0,0,0.0
4303,nivel araya hermano ya eres mexicano de eso estaba hablando bro aqui en mexico esta lo bueno araya h,15,0,0,0.0
4304,contenido me la paso muy bien viendo tus videos despues de un dia de trabajo llegar y que me acompan,10,0,0,0.0
4305,gracias por favor visita mazatlan sinaloa mexico y jesus malverde esta en culiacan sinaloa tiene una,16,0,0,0.0
4306,hayas pasado a toda madre ya esperaba ver un video en mi ciudad llegaste al mejor fan fest a nivel m,14,0,0,0.0
4307,a la ciudad con el mejor pib de latinoamerica br llegaste al paraiso monterrey nuevo leon mexico br ,13,0,0,0.0
4308,que las mejores playas de mexico me gustan tus videos muy educativos pero no hay necesidad de decir ,14,0,0,0.0
4309,de traer tu playera como los goles de mexico haha que oso como le fue en esas borracheras tanto tiem,11,0,0,0.0
4310,pude ir al fan fest espero y la hayas pasado muy bien aqui y que pronto regreses jajajaj creo que es,10,0,0,0.0
4311,ame siempre seras bienvenido en mexico en culiacan sinaloa esta la capilla de malverde si te das una,16,0,0,0.0
4312,mas bonito que emociom que ests en mi ciudad pura vida que fomo vivir en mty y no haberme encontrado,14,0,0,0.0
4313,buena forma de vender pero lo que el otro amigo iso se paso de lanza ahita el deposito en gdl en ese,12,0,0,0.0
4314,mucho tiempo pura vida la leche quemada en otros lados se llama cajeta y la quot capital de la cajet,14,0,1,-0.07142857142857142
4315,si es en todo el norte el dulce son las glorias y la comida aparte de la asada es el cabrito hay otr,8,0,0,0.0
4316,del norte el fierro pariente es de sinaloa monterrey donde es la carnita asada hermano te veo y me r,14,0,0,0.0
4317,comicas tendrias mas exito en tus podcasts exito hermano me gusto tu contenido solo la palabra con v,16,2,1,0.0625
4318,eres mexicano vienvenido a mexico me gustan mucho tus videos dinde dejaste a laki se le extrana bedi,15,0,0,0.0
4319,regreses pronto a href y si si and if yes mi amigo no entendio ayudenme a explicarle araya compadre ,18,0,0,0.0
4320,por dios que hermosa cultural la verdad a href el vaquero nacio en mexico no en texas los kinenos qu,14,1,0,0.07142857142857142
4321,vaqueros y trabajadores mexicanos que construyeron y mantuvieron el emblematico king ranch en el sur,16,0,0,0.0
4322,mas de siete generaciones de una herencia ganadera ininterrumpida br los origenes un pueblo reubicad,14,0,1,-0.07142857142857142
4323,norte de mexico el capitan richard king viajo al pueblo de cruillas tamaulipas que atravesaba grande,18,0,0,0.0
4324,ante la precaria situacion de los habitantes king les ofrecio alimentos refugio y un ingreso estable,13,0,0,0.0
4325,de hombres mujeres y ninos aceptaron la oferta condujeron el ganado a traves de la frontera hacia lo,13,0,1,-0.07692307692307693
4326,se establecieron a orillas del arroyo santa gertrudis br los expertos vaqueros al llegar estos antig,19,0,0,0.0
4327,y ganaderos y poseian habilidades insuperables en el manejo de la reata la monta y la fabricacion de,17,0,0,0.0
4328,gy mb dv ujg ksify lzfolm akanydqag a mi hermano andaba tapis pribaste las glorias dulces bien bombe,19,0,0,0.0
4329,que viniste a conocer monterrey br ya andas bien pedo jajaja br tqm pura vida araya quiere volar a h,16,0,0,0.0
4330,en texas investiga el origen de king ranch y lo kinenos los kinenos son la quinta o sexta generacion,15,0,0,0.0
4331,tamaulipas esa gente fue la que llevo el arte y cultura del vaquero a texas despues de su independen,14,1,0,0.07142857142857142
4332,tiene su origen es el lugar donde todo empezo de nuevo br el vaquero tiene anos de existencia en mex,9,0,0,0.0
4333,mexicano y asi esta reconocido en la biblioteca del congreso de eeuu en la biblioteca del congreso d,14,0,0,0.0
4334,de la cultura vaquera mexicana a href uckszu wh gy mb dv ujg ksify lzfolm akanydqag a monterrey los ,19,0,0,0.0
4335,se inspiraron en ellos y no al reves que gran relajo te diste araya felicidades disfruta mientras se,11,0,0,0.0
4336,pasado para entrar al zocalote amo mi mexico al final christopher esta hasta la picha rip a mis oido,15,0,0,0.0
4337,vive enganada y por eso cree en esas cosas diferencia de video cuando no sale el castroso de julian ,17,0,0,0.0
4338,como la sultana del norte y la ciudad de las montanas primera vez que veo al araya que le entro agua,15,1,1,0.0
4339,jajajaja araya se te subieron las cervantes chin ahi andaba y no te tope jajaja araya tu si te la go,15,0,0,0.0
4340,en mty y no lo vi excelente video te amamos araya br mexico tu casa nadie quiere q gane mexicoo br m,17,0,0,0.0
4341,esas cosas arruinan al futbol por culpa de unos animales si mexico no sabe festejar no merece ganar ,12,0,0,0.0
4342,esos no merecen seguir festejando no se puede alabar esa bestialidad si no saben festejar sin destru,12,0,0,0.0
4343,destruyen los vehiculos q ven y un hombre padre de ninas piso el acelerador por accidente o miedo y ,15,0,0,0.0
4344,tambien golpearon mataron a un papa a golpes frente a unas ninas son unas bestias y ninguno detuvo l,16,0,0,0.0
4345,hablen tambien de eso mexico acostumbra a avalancarse a los autos no es el er video no merecen ganar,14,0,0,0.0
4346,bienvenido y me da gusto que te guste mi pais que chingon te la estas pasando porque le dice quot cu,12,0,0,0.0
4347,el video del araya hola muy buenas noches mi querido araya mi sueno siempre ha sido conocerte vivo a,14,0,0,0.0
4348,conocerte en persona y que me des un autografo tuyo por favor yo voy a donde estas solo dime a donde,11,0,0,0.0
4349,manches estas en monterrey te sigo me hubiera agradado conocerlo en persona que paso con los videos ,12,0,0,0.0
4350,texas nuevo mexico arizona y california era territorio mexicano la cultura de caballos sombreros gan,14,0,0,0.0
4351,seguido a monterrey christopher este video ha sido uno de los mejores del mundial all natural lo de ,13,0,0,0.0
4352,donde firmo araya que gusto me da que estes en nuestras tierras soy seguidor de tus videos espero te,12,0,0,0.0
4353,nunca pense ver pedo a araya lo amo la mejor ciudad una lastima que hay mucha xenofobia en uno que o,11,0,0,0.0
4354,muchacho andaba super alegre ya ni sabia que decia a href ni se le nota que ya le pego te hecharon m,14,0,0,0.0
4355,guadalajara es buena pero no la mejor saludos christofer bienvenido a monterrey hola alex te miro de,15,0,0,0.0
4356,una entrevista a el chiquilin y a los tazos dorados de la patrulla espiritual exactamente araya te t,14,0,0,0.0
4357,mexicano al ultimo ya andabas vien fumigado araya que gusto que estes en mi hermosa ciudad de mty la,14,0,0,0.0
4358,que buen video mop jajaja me explote de risa al final te verias mejor con un chonete tico arayita te,13,0,0,0.0
4359,han querido parecerseal df o ahora con su nombre mamon cdmx nos copian todo desde los monumentos has,13,0,0,0.0
4360,mucho dinero pero no deja de ser rancho ajua con sus carnes asadas y borracheras eso si todo mundo t,11,0,0,0.0
4361,ellos esta vacio o solo aparenta ser una ciudad de altos edificios pero si acaso estan ocupados con ,8,0,0,0.0
4362,que ir alla por las calles principales ademas ya hay muchoo haitiano y un mon ton de migracion que h,10,1,0,0.1
4363,estan sin quue hacer viviendo de los programas sociales sin beneficio los podemos ver por dorquier t,13,1,0,0.07692307692307693
4364,esta super aburrido un canalillo ahi medio chafa y un trafico que es un caos las vias de transporte ,13,0,1,-0.07692307692307693
4365,desviarte morones pietro un cajeteadero de entrada salida salida entrada es un desman vial muchas pl,18,0,0,0.0
4366,un desman de trafico naaaa la verdad no ahi tiene el remedo del metro y otro monton de cosas que est,11,0,2,-0.18181818181818182
4367,reaccion ante la derrota de alemania de hoy a href araya disfrutaste monterrey que viva ecuador deja,14,1,0,0.07142857142857142
4368,rinden homenaje a malverde una cosa digna de que visites que locura el regio q fiesta se a pegado ar,15,0,0,0.0
4369,agasajo si te ubiece visto en pleno centro dios te bendiga siempre que chulada nunca imagine a araya,14,0,0,0.0
4370,tico mas mexicano aunque la expresion alv es mexicana y nortena es algo muy grosera ojala y la evita,15,0,0,0.0
4371,yo le picho invito lo que quiera en otro capitulo de los simpsons paisess bajos es el campoen se me ,13,0,0,0.0
4372,la seleccion de mexico y es la mejor ciudad de mexico mi bello mty n l dios te bendiga mi corazon bu,12,0,0,0.0
4373,rico es san pedro garza garcia nl el municipio mas rico de hipanoamerica saludos a href que fue lo q,17,0,0,0.0
4374,araya dato en argentina en mucho velatorios en el campo luego se hace un asado generalmente asado co,15,0,0,0.0
4375,de categoria la senora le vio pinta que no iba a comprar jajajajajaja wow ese es mi monterrey hermos,13,0,0,0.0
4376,alla estaremos gracias por compartir saludos desde oklahoma ya andabas borrachillo araya disfruta mi,16,0,0,0.0
4377,final y su camarografo diciendo que no y araya bien feliz que bueno que disfrutas estar en mexico sa,13,0,0,0.0
4378,ni los tacos de canasta ni los dulces que probaste son regios ahi donde estabas en el mercado juarez,12,0,0,0.0
4379,ya de monterrey los tacos al vapor son los verdaderamente regios y los chicharrones ramos jaja ojala,14,0,0,0.0
4380,gracias por visitar la ciudad araya bienvenido a monterrey br excelente video br br mis hijos y yo b,17,0,0,0.0
4381,br que bueno que disfrutes mexico br br saludos y bendiciones amo tus videos eres mi youtuber favori,15,0,0,0.0
4382,te bendiga mi araya el regio te amo cabron como amo ser de monterrey la senora de la tienda de sombr,13,0,0,0.0
4383,ignoraron jaa gracias por venir a monterrey muchos te esperabamos guille no es profesor jajja siento,14,1,0,0.07142857142857142
4384,araya termino pedo jajajajaja esperamos y regrese a tierras regias saludos a todos x aqui araya blog,20,0,0,0.0
4385,para un asado si o si tienes que contactar al arqui parrillero mx es el mejor de monterrey diganle a,13,0,0,0.0
4386,mundial tiene mas chances cabo verde araya que bueno que nos vicitaste soy tu fiel seguidor my herma,14,0,0,0.0
4387,que tu estomago es muy sensible para esos tacos por eso en mexico no nos enfermamos porque tenemos e,11,0,0,0.0
4388,del partido de ecuador donde estaras manana para el partido contra ecuador que disque le ladra a hre,11,0,0,0.0
4389,fan araya termino bien alegre que manera de reirme araya estaba gritando mas que los mexicanos me da,12,0,0,0.0
4390,respetuoso ojala y sigas haciendo videos aca en mexico araya un gusto que allas conocido tierras reg,16,0,0,0.0
4391,contenido esperamos vuelvas a monterrey br br estas guapisimo mi hija se rie de mi porque dice que n,17,0,0,0.0
4392,para alguien que espera algun dia conocerte como lo ignoraba la senora jajajajajajajaj la cultura de,12,0,0,0.0
4393,viene video que guapo se mira araya de sombrero aunque lo ignore la senora el se mira bonito muyyyy ,20,0,0,0.0
4394,a estado bien pero a quedado debiendo no a mostrado nada de canada es como q solo en mexico a estado,8,0,0,0.0
4395,sonora nayarit donde hay mucha gente a caballo con sombreros con trocas ahi si hay mas gente vaquera,15,0,0,0.0
4396,para haberme tomado una fotito a href uckszu wh gy mb dv ujg g afy ywgukuhl plbia ae a a href uckszu,25,0,0,0.0
4397,a a href uckszu wh gy mb dv ujg ssify ofg oykqopn cqcw a a href uckszu wh gy mb dv ujg xsify oqcd t ,23,0,0,0.0
4398,los partidos de paraguay hermano dime si estaras manana martes en el fanfest monterrey la ciudad mas,16,0,0,0.0
4399,un suburbio ni siquiera llega a constituir una ciudad en si misma y sus tres o cuatro edificios alto,11,0,0,0.0
4400,en la ciudad de mexico o de todo el skyline de paseo de la reforma el mejor asado de mexico es en so,11,0,0,0.0
4401,atoradoque cagado ya estaba pedillo texas pertenecia a mexico o sea q la vestimenta pertenecia a mex,13,0,0,0.0
4402,encanta que te haya gustado y que fueras muy feliz visitandonos siempre seras muy bienvenido amigo t,14,0,0,0.0
4403,cosas que mencionar que grosera la dona de los sombreros para eso quiere tener negocios el compa ara,12,0,0,0.0
4404,efecto video es el video donde mas natural y transparente a tenido un sentimiento de alegria y gusto,15,0,0,0.0
4405,ambientazo el video que tanto estaba esperando te amo araya ojala que hayas disfrutado al maximo tu ,15,0,0,0.0
4406,en ny br viva mexicoooo besitos de los dominicanos pobre coreano venia bien agitado porque eliminaro,16,0,0,0.0
4407,llorar o reir banda saben cuando juega este pais que buen video arriba mexico se dan cuenta que la g,12,0,0,0.0
4408,br nosotros del norte somos altos y guapos br las mujeres igual son guapas y bonitas br y los del su,15,0,0,0.0
4409,ya me tienen hasta la coronilla br jajaja jajaja br jajaja bien venido a tu casa compita como me ha ,14,0,0,0.0
4410,entusiasmo de nuestros regios hermanos mexicanos dios los bendiga grandemente desde republica domini,15,0,0,0.0
4411,aqui en monterrey me hubiera gustado conocerte te sigo desde tus primeros videos me gusta tu conteni,14,0,0,0.0
4412,siento que arian un buen complob si me lees espero lo pienses y si pasa no mms me cago jsjsjsjsjaj s,13,0,0,0.0
4413,dias varios videos tuyos y aun asi no termino de ver todos los que estan subidos enamorada de los vi,12,0,0,0.0
4414,arya mi hermano despues del mundial lo invito a que venga a bolivia que guapo con sombrero otro vide,16,0,0,0.0
4415,es el mejor lugar donde te la pasas genial hola somos de argentina te seguimos hace mucho tiempo vem,9,0,0,0.0
4416,que fuiste a ver el partido de nuestra seleccion no te fuiste al lugar indicado donde estaba la verd,8,0,0,0.0
4417,por su pais anda a una original de argentina quiero una foto soy de monterrey san pedro garza garcia,14,0,0,0.0
4418,monterrey con mayor pib per capita y el nivel de vida mas alto no solo en mexico si no en toda ameri,13,0,0,0.0
4419,a nuestra hermosa ciudad de mty esperamos ese video con los gorditos de los big and fashion noooo no,14,0,0,0.0
4420,hermanos mexicanosabrazos desde mi hermoso colombia compadre araya ahora si le diste al clavo de ir ,17,0,0,0.0
4421,ciudad tqm que bueno que te gusto mis tierras regias somos fan de tus videos y verte aqui en regiola,14,0,0,0.0
4422,minuto a href cuidado excelentes tus videos pero en estos de la copa mundial me parecen tontos en el,12,1,0,0.08333333333333333
4423,estaba viendo en vivo sigue haciendo tu trabajo que es muy bueno y educativo saludos de un mexicano ,12,1,0,0.08333333333333333
4424,que la energia esta en mexico que andabas haciendo alla si o si tienes que volver a monterrey ya est,11,1,0,0.09090909090909091
4425,idolos abominables ante dios solo existe un dios verdadero al unico a quien servir y adorar dijo el ,12,0,0,0.0
4426,saludos desde lima peru buen video y cosas medias raras venden en ese mercado no solo de mexico si n,12,0,0,0.0
4427,la mas rica si quieres saber mas de mal verde ve al estado de sinaloa de hay viene eso x la cultura ,13,0,2,-0.15384615384615385
4428,fierro pariente este araya se esta pegando la fiestototota jajajaja hahaha el araya ya andaba bien c,14,0,0,0.0
4429,mexico me da pena que tanta gente ignore la tragedia de venezuela donde hay mas de muertos y no se m,13,0,1,-0.07692307692307693
4430,va donde hay comida y placer me la pase bien chicles bomba con el video br jajajajajajajajajajajaja ,14,0,0,0.0
4431,chido gracias por venir a nuestro pais saludos araya donde vas a estar en monterrey para saludarte e,16,0,0,0.0
4432,tienen su origen en el norte de mexico por eso en esa region es tradicional el uso de sombreros vaqu,12,0,0,0.0
4433,la cultura vaquera mexicana con el tiempo esa imagen termino siendo reconocida mundialmente como un ,13,0,0,0.0
4434,mexico de alli soy a href no sabe que es de la policia al final del video araya ya estaba bien borra,11,0,0,0.0
4435,fuiste a ver el partido al fanfest me hubiera gustado encontrarte y tomarnos una foto que disfrutes ,12,0,3,-0.25
4436,ir a un clasico en el estadio universitario el volcan ganamos arayaaaaaaa vamos paraguaaaaaayyyyyy d,14,0,0,0.0
4437,accidente con quot esa quot fundidora verdad noooo araya te sigo desde tus primeros videos estuviste,12,0,0,0.0
4438,un gusto saludarte br disfruta mi mexico lindo un abrazo y pura vida reacciona al partido de manana ,21,0,0,0.0
4439,pero que hermoso es monterrey mi dios de donde eres araya ala verga jaja me acabo de topar con tu vi,13,0,0,0.0
4440,saludos me encantan tus videos saludos desde chile tenes que estar con la hinchada argentina ahi vas,14,0,0,0.0
4441,te veo andais desatado araya el mundial es en mexico en eua no hay ambiente ya te estabas tardando p,13,0,1,-0.07692307692307693
4442,diario para turismo como la cdmx y guadalajara no hay dos vamos ecuador br tu puedes con mexico nino,13,0,0,0.0
4443,vaquero quot cowboy quot nacio en mexico no en texas ahora se conoce como cultura tex mex la influen,18,0,0,0.0
4444,uckszu wh gy mb dv ujg uvgfy vqe t spvqiakau a que perron saludame a href otro error la cultura de m,17,0,0,0.0
4445,cultura de texas es la cultura tex mex que tiene su origen en mexico el de mayo de el congreso mexic,15,0,0,0.0
4446,de coahuila para formar el estado de coahuila y texas se tomo esta medida porque ninguna de las dos ,10,0,0,0.0
4447,un estado independiente su union termino oficialmente tras la abolicion de la constitucion mexicana ,15,0,0,0.0
4448,gy mb dv ujg ssify ofg oykqopn cqcw a el mundial te puede dejar adicto a las birrias araya vi que se,17,0,0,0.0
4449,igual que todos los mexicanos al br ver un partido de futbol verdad aguante paraguay saludos desde a,15,0,0,0.0
4450,argentina que bien q viniste a monterrey araya cantinflas gracias por tu calida estancia aqui en mon,15,0,0,0.0
4451,dice verga en cada frase xd se nota que araya anda mas pedo en mexico mas bravito el morro diviertet,16,0,0,0.0
4452,araya mi sueno es conocerte bro siempre ando en santa lucia a la otra avisame para ser tu guia me ll,13,0,0,0.0
4453,ese sombrero y esa espumosa en la mano viva mexico pura vida a celebrar carajo ni tan temprano llego,14,0,0,0.0
4454,van atacar no se preocupe total es parte de usted siga como siempre sabemos q no es el realmente el ,7,0,0,0.0
4455,cada etapa ya vendran loa videos a loa qnoa tiene a acostumbrados y q es entendible porque es el mun,12,0,0,0.0
4456,esa oportunidad super padre que viniste a mty espero te haya gustado y la hayas pasado bien nos enca,13,0,0,0.0
4457,obispado al asta bandera ala presa de la boca barrio antiguo a los tamales al cabrito a san pedro ar,18,0,0,0.0
4458,creador de contenido que se llama gonzok esta haciendo una campana en el mundial para ayudar a una f,13,0,0,0.0
4459,e hicieran alguna colaboracion ambos son los youtubers favoritos de nuestra familia saludos y pura v,12,0,0,0.0
4460,pequenos y rancherias si alguien se muere tambien se hace carne asada barbacoa birria o mole para da,13,0,0,0.0
4461,cuando haya dinero despues en el novenario solo se da algun aperitivo en los dias del rosario pero a,7,0,0,0.0
4462,en el velorio pero la gente que no tiene posibilidades solo da cafe y cafe con piquete si alguien do,15,0,0,0.0
4463,mb dv ujg uvgfy vqe t spvqiakau a la experiencia regia es una experiencia super elegante caballero s,20,0,0,0.0
4464,familia sanchez garcia te invita de corazon me encanta desde colombia pura vida viva mexico cabronee,20,0,0,0.0
4465,mi lindo monterrey que bueno q nos visitaste mil anos esperando a que subieras video de aqui de mty ,12,0,0,0.0
4466,tiene la sultana del norte de pasada llegas al negocio por un pollito asado mandame un saludo arayit,14,0,0,0.0
4467,los tacos de canasta son de cdmx xc el pronostico es holanda amp portugal broo jajaja nooo por que d,17,0,0,0.0
4468,pena la espera saludos araya desde nuevo arenal tilaran saludos arayaaaa espero un dia conocerte nun,16,0,0,0.0
4469,es algo muy grosero y muy corriente en mexico jajajaja las glorias el mejor dulce del mundo saludoss,15,1,0,0.06666666666666667
4470,saludos desde veracruz exageras un chingo con tu forma de hablar jajaja y es lo que mas nos caga a l,12,0,0,0.0
4471,las caguamas saludos araya desde puerto rico me gusta tu contenido y gracias por viajar con usted po,13,0,0,0.0
4472,mundiales te has extraviado estos dias araya estaba extranandote como lo ignoraba la senora jaj hell,18,0,0,0.0
4473,ecuador hola buenas tardes saludos desde guatemala y bendiciones me encantan tus videos araya y salu,19,0,0,0.0
4474,te extranaba el dia de ayer y gracias ya estoy tranquilo al saber de ti un abrazo fraternal ya esper,10,0,0,0.0
4475,que triste lo de ese santo y la santa muerte engana a los que son debiles en la fe verdaderas holaaa,11,0,0,0.0
4476,estado de mexico existen otros con mas riqueza gatronomica y cultural mexico en general es bonito pe,11,1,0,0.09090909090909091
4477,tu buen contenido hermano en medio de toda esta tragedia que atraviesa mi pais estoy sin animos pero,14,0,0,0.0
4478,regia me encanta tus videos son muy entretenidos hola arayaaa hola araya aqui presente viendo tus vi,18,0,0,0.0
4479,tuyo para comer y no tenia nada sin ver te quiero mucho muchas gracias que buen video visita san mig,11,0,0,0.0
4480,mas magicas de mx readers choice award mucha calidad nos espera hoy saludos desde el salvador me ayu,14,1,0,0.07142857142857142
4481,hola presente ya sube otro ya me lo vi ojala no salga ese julian en ese video el tercero aguante mex,16,0,0,0.0
4482,mexico otra vez temprano pwrrooooo vamos vamos me saludas por favor primero eso se debe a haber cons,11,0,0,0.0
4483,el estadio azteca br br lleno de perros policias de donde salen quien sabe pero en estos temas son i,15,1,0,0.06666666666666667
4484,la fregada ayer casi se m queda mi carro parado por las inundaciones en periferico y tlalpan pero q ,12,0,2,-0.16666666666666666
4485,nada bueno creo q mas d la mayoria m darian la razon q por un capricho estupido pasan a fregar a los,12,0,0,0.0
4486,el camino y hay muchas casas llenas d agua y no hicieron nada no habia ni patrullas evitando pasar p,12,1,1,0.0
4487,escondido esta fatal en las instalaciones del metro y en las calles aledanas esta peor hay partes do,14,1,0,0.07142857142857142
4488,retirar disfruten lo votado morenacos anos con el cuento d quot la ciudad de la esperanza quot el o ,15,1,0,0.06666666666666667
4489,que asco es la estacion de pantitlan ojala le sigan quitando presupuesto al mantenimiento del metro ,14,0,0,0.0
4490,se ven bien bonitos van a decir que fue culpa de lopez obrador llovio mucho por horas no paro bendit,14,0,0,0.0
4491,es lo que mas necesitamos denle gracias a clara brugada que se gasta el dinero en pintura y candelab,16,1,0,0.0625
4492,todo en orden hoy junio am vuelvo a repetir cuanto se gasto la guatemantecas y el director de metro ,13,0,0,0.0
4493,que se estan marchitando y sus candelabros para quot dar una buena cara a los turistas quot cuando e,12,0,0,0.0
4494,puras mmdas de la t con ingeneros recomendados egresados de escuelas patito perdieron el triunfo es ,18,1,0,0.05555555555555555
4495,ra ra ra siempre mexico viva ecuador y si si see van a la mier manita toca el piano puros jodidos ig,17,0,0,0.0
4496,a haber mas mnuertes porque inglaterra les va a clavar a kane va a salvar vidas mientras tanto el go,13,0,0,0.0
4497,el pueblo esta bien apendejado imaginense a todos esos cabrones mas los que faltamos de otras ciudad,11,0,0,0.0
4498,estamos unidos que barbaridad como nos manipulan para no al beneficio de uno esperemos que asi se un,10,2,0,0.2
4499,ganaron el mundial es una verdadera vergenza que la gente sea tan sucia una cosa es festejar y otra ,11,1,2,-0.09090909090909091
4500,el gobierno los apoye en todo y saben que la t y su segundo piso lo hacen pero ustedes no respetan a,7,0,0,0.0
4501,esa zona son tan egoistas que solo se fijan en lo que ustedes quieren y no les importa si incomodan ,13,0,0,0.0
4502,de los coreanos que jalan su bolsa para la basura la verdad que triste ver que se portan como si nad,9,0,1,-0.1111111111111111
4503,a la seleccion mexicana pero hasta para eso hay que mostrar una buena educacion puro chairo ojala se,11,1,0,0.09090909090909091
4504,tienen y las carteras y celulares en mexico esta la fiesta del verdadero mundial a pesar de la de tr,11,0,0,0.0
4505,es de los mexicanos a href uckszu wh gy mb dv ujg g afy ywgukuhl plbia ae a a href uckszu wh gy mb d,24,0,0,0.0
4506,ae a a href uckszu wh gy mb dv ujg g afy ywgukuhl plbia ae a a href uckszu wh gy mb dv ujg ksify lzf,24,0,0,0.0
4507,uckszu wh gy mb dv ujg ksify lzfolm akanydqag a a href uckszu wh gy mb dv ujg ksify lzfolm akanydqag,21,0,0,0.0
4508,triunfo de mexico se les pelo fachos se les pelo ver triste a la aficion portense a la altura raza i,16,0,0,0.0
4509,de basura es obvio q la narcopresiidenta le esta pagando una buena lana a la fifa como lo hicieron c,10,0,1,-0.1
4510,obvio y los simios no dejan de celebrar se salvo calderon tambien en usa estamos unidos mexicans bra,15,0,0,0.0
4511,mis ojos gracias x las noticias del pronostico del tiempo muy bien explicado buenas tardes bendicion,16,0,0,0.0
4512,es mexico son unos estupidos como se la pasan inventando estupideces no ven que intenta huir de esos,14,0,1,-0.07142857142857142
4513,bien loco no dejamos de ser tercermundistas que triste para la familia vergenza dan y quieren que ha,14,0,1,-0.07142857142857142
4514,y me avergenzo de esa gente mugrosa no conocen la educacion ni respeto a nada ni les importo ese wey,14,1,1,0.0
4515,carro la fifa deberia de vetar el estadio azteca si tanto se ufana de ser estricto a nivel mundial l,15,0,0,0.0
4516,de pv a son igual que los periodistas de cada pais ponen cara seria hablan de algo tragico y siniest,12,0,0,0.0
4517,estupideces ignorando lo anterior dicho como si pasaran las paginas de una revista de chimento que b,11,0,0,0.0
4518,estado ahi me lo hubiera acabado a patadas y chingazos jajajaja jajajaja jajajaja na ca naca la buch,17,0,0,0.0
4519,retrasada parece medio oriente todos mogolicos ahi van los borregos lo mataton esos vandalos que el ,13,0,1,-0.07692307692307693
4520,una bola de bestias que no saben controlarse en la calle y hacen una celebracion de algo absurdo com,10,2,0,0.2
4521,que estuvo ahi hasta a los que atr pello el pobre senor en sus desesperacion de ver agredida a su fa,11,0,0,0.0
4522,futbol tiene mucha influencia negativa bestias exacto lo asesinaron carcel a los asesinos no puede s,15,0,0,0.0
4523,de estos parasitos festejan que gano la seleccion de su pais y asesinan a un hermano mexicano br es ,12,0,0,0.0
4524,a pasar con estos asesinos br deben entender que lo que hacen esta muy mal no pueden volverse locos ,11,0,1,-0.09090909090909091
4525,que andamos trabajando br no todo es futbol cuando se termine este ridiculo espectaculo que va a hac,11,0,0,0.0
4526,seguimos siendo un pais de barbarie payasos el no agredio ellos lo agredieron pinches notas enfermas,15,0,0,0.0
4527,las personas que murieron el martes y ojala no ganen el domingo si no habra una masacre no saben con,13,0,0,0.0
4528,a los violentadores del auto porque ellos provocaron que el conductor quisiera huir por miedo a esos,13,0,0,0.0
4529,las madres buscadoras osea los idiotas fanaticos de la seleccion de futbol de azcarraga lo lincharon,18,0,1,-0.05555555555555555
4530,siendo mechico la verguenza de latinoamerica se fue soplado de algunos anormales que no saben como c,12,0,0,0.0
4531,que atropello pero no lo juzgo por eso festejo de psicopatas nacorrientes faltos de educacion creen ,11,1,0,0.09090909090909091
4532,quita la mana de hacer esas corrientadas de estupidez tos los que lo atacaron son unos nimales los a,13,0,0,0.0
4533,eso de informantes amarillistas no dan soluciones y recomendaciones para q la gente tome precaucione,14,0,0,0.0
4534,o era al revez felicidades ya somos dinamarca pero en la edad media y todo por su equipo pedorro le ,13,0,0,0.0
4535,personas qepd y castigo a esos inconscientes celebrando en mitad de publica esa gente es aborigen pe,14,1,0,0.07142857142857142
4536,mas feos igual que su gente autosuicidas que tristeza br y donde estan los responsables que ocaciona,11,0,0,0.0
4537,fallecifo y tofo por gente estupida que provocaron esta tragedia ni p do ya se fue que se fijan nac ,11,0,0,0.0
4538,justicia para este hombre victima de salvajes aficionados descerebrados a e ino horror atropello a g,17,0,1,-0.058823529411764705
4539,ojala q pierda mexico y ya lo eliminen del mundial que vergenza da la gente de mexico porque no dan ,13,0,0,0.0
4540,este al intentar huir para salvar su integridad fisica y auto atropello a algunos aficionados de nad,13,0,0,0.0
4541,el coche de este senor se les fue de las manos y estos infames tuvieron la culpa chiguen a su madre ,12,0,0,0.0
4542,estupidos igual que este puto canal de mierda defendiendo a los putos simimos de mierda que son a hr,16,0,1,-0.0625
4543,racista d l planeta bestias brutales sin perdon al final esto es lo que pasara carpeta de investigac,12,0,0,0.0
4544,mierda asi se festejan los partidos del mundial mexicano heridos aplastados asfixiados muertos pais ,19,0,3,-0.15789473684210525
4545,de mierda sin cerebro y alcoholicos correccion quot conductor agredido por aficionados quot no condu,16,0,0,0.0
4546,mexicanos ni ganar saben el mundial tabien va a dejar muchos muertos nota pendeja de noticiero pende,16,0,1,-0.0625
4547,el dicho as patria mata un chilango que mierda ser mejicanos jajajja no murio con todas sus letras l,13,0,2,-0.15384615384615385
4548,normalizada y lo importante seguir festejando un futbol tenemos el mundo que merecemos hoy sufre una,15,0,0,0.0
4549,qepd fue agredido vandalizado aterrorizado y asesinado por una turba de quot aficionados quot y para,14,0,0,0.0
4550,en mas paises con eventos de sentantes en jaripeos con gente intoxicada de alcohol por eso hay que s,10,1,0,0.1
4551,que algunos no se comporten vamos a dejar de festejar no y o un presupuestos decente para ir por un ,9,0,0,0.0
4552,como clickbait que horror de noticiero br el reportero inmediatamente despues de reportar la muerte ,16,0,0,0.0
4553,que en verdad indigna br de verdad mataron a un hombre a eso vas a un estadio a matar br no lo hace ,11,0,1,-0.09090909090909091
4554,personas br br quien mierda se da cuenta de que un hombre esta a punto de perder la vida y lo siguen,13,0,0,0.0
4555,eso habra justicia esta vez habra consecuencias reales para todos los vandalos que hacen todo este t,10,0,0,0.0
4556,deberia ser quot muere conductor agredido por simios quot los que comenzaron a empujar el carro tamb,15,0,0,0.0
4557,malo inche gentuza n c y c barde por eso no debemos permitir las drogas que esparcen los delincu nt ,16,0,0,0.0
4558,drog dicta k tristeza x el muerto pero la biblia es clara cuando dice k los k mueran sin estar como ,11,0,1,-0.09090909090909091
4559,el infierno gritando de horror x como sienten k se keman en la lumbre leerlo en mateo cap ver mateo ,13,0,0,0.0
4560,alguna forma quot tento al diablo quot debe haber algun tipo de castigo tambien para los que lo embi,12,0,0,0.0
4561,con la seleccion mexicana ni con la victoria contra ecuador estadio banorte lo k das recibes enrique,16,0,0,0.0
4562,bien esos cobardes valientes deben pensar las cosas antes de atropellar personas mexico magico se fu,11,0,0,0.0
4563,kinto partido no se preocupen todos van a morir con el nuevo virus que predijo el nino en el mundial,11,0,0,0.0
4564,tan hermoso que es ver el futbol en familia sin violencia pobre persona y se les debe de aplicar tod,10,0,1,-0.1
4565,unico que queria hacer era salvar su vida y la perdio por unos miserables ignorantes pobre comentari,15,0,0,0.0
4566,dios descanse en paz no mmn vallanse alv que poca madre todo por andar festejando mentiras todos sab,15,0,0,0.0
4567,no son formas que inche noticia primero da la mala noticia del hombre que perdio la vida ni da ningu,12,0,0,0.0
4568,enlaza con su companero q mal estan los locos se ebrando y golpeando matando gente vayanse a la verg,15,0,1,-0.06666666666666667
4569,firma para que prioricen este caso de lo contrario seguiran haciendo lo mismo en cada mundial no pue,13,0,1,-0.07692307692307693
4570,br ptos animales es lo maximo a lo que podian llegar pasaran otros anos para el otro quinto partido ,15,0,0,0.0
4571,wh gy mb dv ujg cify nidomsknap ca a a bendiciones al pueblo de mexico a sus jugadores que lo dieron,16,0,0,0.0
4572,la frente en alto se hizo lo que se pudo perdimos jugando no se achicaron felicidades viva mexico vi,17,0,0,0.0
4573,a todo el estadio se lo merecen los aficionados por favor por dios que esta felicidad no se acabe me,10,0,0,0.0
4574,le contare a mi hijo que en el un grupo de mexicanos me ilusiono mexico esta jugando bien lo malo so,14,0,0,0.0
4575,fidalgo chaquito bryan son mas mexicanos que los frijoles y los nopales se ve en sus caras el gusto ,15,0,0,0.0
4576,decepciones pero estos chavos y esta nueva generacion de jugadores atrevidos y sin complejos pero qu,10,0,0,0.0
4577,honor ser mexicano maaan good luck trying to beat that team in that stadium por fin por fin una sele,15,0,0,0.0
4578,gracias por hacerme creer no importa si caen en octavos yo estare con ustedes lo que me sorprende es,13,1,0,0.07692307692307693
4579,como puede ser si los ecuatorianos salieron fundidos de la cancha como pueden estar tan enteros br e,12,0,1,-0.08333333333333333
4580,quinoneslla eres mexicano y te admiramos excelente video br gracias mis hermanos mexicanos es un gus,16,0,0,0.0
4581,pierdan pero todos estan sacando el fuaaaaa q felicidad de esta seleccion q hora si se ponen la cami,16,0,0,0.0
4582,un equipo de un peso se nota que nunca han ganado nada mediocres el mundial mas clasista de la histo,12,0,0,0.0
4583,es que esta seleccion da esperanza mexico le hace falta una felicidad que nadie mas no la dara mexic,13,0,3,-0.23076923076923078
4584,en que momento esta bola de ped que tantas risas nos dieron con sus p d jadas durante esta etapa mun,11,0,0,0.0
4585,mis queridos p nd por cerrarme el hocico quiero empezar a creer en ellos ojala y sea algo inimaginab,15,0,0,0.0
4586,perdonado jovenes mexicanos gracias por estos dias que tanta alegria le han dado a mexico gracias a ,20,0,0,0.0
4587,br gil mora br lira br romo br edson alvarez br cesar montes br johan vazquez br fidalgo br memo och,27,0,0,0.0
4588,br br a las familias de los jugadores br br todos los han hecho muy bien br br felicidades quien opi,15,0,0,0.0
4589,es tu momento el que mas se lo merece cerrando bocas de todos los k no kreian en ellos les deseo tod,6,0,0,0.0
4590,se puede y si no pues solo les pido k jueguen como en estos partidos anteriores con garra con ganas ,9,0,0,0.0
4591,alegria por k la seleccion mexicana a llegado muy lejos y con paso perfecto esas son las alegrias qu,10,0,0,0.0
4592,los jugadores mexicanos y cuerpo tecnico en lo personal me facinaria ver campeon del mundo a la sele,13,0,0,0.0
4593,queremos eres nuestro hermano felicidades bro animo vamos mexico vhingamadre hola a todo ese equipo ,15,0,0,0.0
4594,exagerar hay que tener los pies en la tierra para seguir avanzando que alegria ver asi a estos jugad,12,0,0,0.0
4595,que a toda madre bien vamos mexico hijos de tona se estan llevando la copa de calle echenos a franci,12,1,0,0.08333333333333333
4596,sobretodo ser mexicana como mexico no hay excelente muchachos y vamos por mas vamos por el campeonat,16,0,0,0.0
4597,br con cabeza corazon y muchos huevos como hasta ahora veamos como le va a mi mexico que siempre a j,11,1,0,0.09090909090909091
4598,favorecido a argentina y paises bajos contra mexico en mundiales anteriores mexico juega limpio y en,16,1,1,0.0
4599,selecciones previamente mencionadas pero es cierto tambien que han sido favorecidas y eso en este de,9,0,0,0.0
4600,ni de festejar lo mas bello que he visto en mis anos llegamos a echar a inglaterra y se cae el pais ,12,0,0,0.0
4601,orgullo de mexico guerreros inigualables esa es la actitud mi mexico estamos unidos eso ase la fuerz,13,0,0,0.0
4602,a golear a inglaterra de mi se acuerdan dios con nosotros quien contra nosotros vamos mexico escuche,10,0,0,0.0
4603,esta logrando las cosas nadie se cree superior a nadie te amo pinones muchas felicidades estos son l,11,0,0,0.0
4604,mas grandes de nuestro futbol mexicano es un colombiano muy mexicano quinones te queremos mucho es g,13,0,0,0.0
4605,quiere mucho a quinones la seleccion de televisa esta seleccion me recuerda mucho a esa de los jo lo,13,0,0,0.0
4606,las gorditas quot asi sea asi lo decretamos todos mis paisanos mexicanos al grito de guerra al grito,14,0,0,0.0
4607,y mi presidenta tambien dra claudia dios cuida al equipo mexicano por que creen que quinones que es ,16,0,0,0.0
4608,gimenez quiso jugar por mexico br br por que creen que se esta viviendo mejor la sede en mexico que ,16,0,0,0.0
4609,por su cultura por la magia que tiene mexico y como aceptan a cualquier persona sin importar su naci,12,0,0,0.0
4610,se siente muy bien en mexico sin sentir prejuicios como los que estados unidos les hizo br br un abr,11,0,0,0.0
4611,raza genero gustos br br aqui en mexico son bienvenidos si pueden equipo a pensar en lo que viene co,13,0,0,0.0
4612,celebracion de orbelin pineda muchos sabemos que es dificil que mexico gane un mundial y aunque unos,12,1,0,0.08333333333333333
4613,contra uno grande y no contra unos groseros que abrieron la boca antes de tiempo menospreciando a el,12,0,0,0.0
4614,con los otros paises contra los que jugo esto que paso fue personal contra ecuador que empezo la pel,10,0,0,0.0
4615,dar a conocer a su pais necesitan a fuerza colgarse de argentina o brasil literalmente hasta se les ,11,1,0,0.09090909090909091
4616,van a tumbar y quedaran paraliticos o muertos al caer de cabeza estas si son celebraciones noruega n,15,0,1,-0.06666666666666667
4617,los hijos del sol br los custodios del nervio del volcan br los habitantes de la tierra donde el agu,15,0,0,0.0
4618,colectivo nada de individuales ni estrellitas siganme tapando la maldita boca senores br br br la pr,19,0,0,0.0
4619,en el actual mundial y que festeja el chaquito si es un troncazo a quien cargaron andres guardado al,12,0,0,0.0
4620,la vibra y me he vuelto a sentir orgulloso de este equipo tvazteca ganamos aunque le duela asi jefe ,15,0,0,0.0
4621,lo digo enserio si ellos llegaran a perder no les vamos a rematar les daremos todo nuestro apoyo par,11,0,0,0.0
4622,un recambio generacional ya yan hecho mucho y se que pueden hacer mas y con mas tiempo seran imparab,7,0,0,0.0
4623,de abajo pa arriba y lo menos que podemos hacer es tirarlos n con lo que vi ayer de mexico y con lo ,9,0,0,0.0
4624,que mexico tiene para ganarle a esa seleccion mexicanos al grito de guerraaaaaaa partidazo al primer,12,0,0,0.0
4625,siempre como se llama y quien canta esa cancion que dice quot el mexicano es un chingon quot que se ,11,0,0,0.0
4626,tequila grande quinones a ver sigan hablando muchos por hablar es el poder de los exjugadores de el ,13,0,0,0.0
4627,ganan a equipos moleros a ecuador y sudafrica no mames que jodidos estan inglaterra los va a aplasta,16,0,0,0.0
4628,me dejo me cambio por alguien mas no puedo ver a mis hijos desde hace un ano pero va a haber un triu,6,0,0,0.0
4629,feliz estaria padre que empezaran los canticos de los diferentes equipos de la liga porque todos som,11,0,0,0.0
4630,quot br lama zopa rimpoche quinones hermano ya eres mexicano juegazo br br aunque sigo sin entender ,17,0,1,-0.058823529411764705
4631,esta ni en el de su nivel n un ano sin jugar br br armando gonzalez de ra el recambio ideal para rau,14,0,0,0.0
4632,eso es lo que vale la pena del mundial vamos muchachos sigan asi con mi charly rodriguez estarian fa,17,0,0,0.0
4633,tecnico mexicano de l kilates que vale su peso en oro felicidades a la seleccion dieron un gran part,17,0,0,0.0
4634,mas importante es que nos han dado mucha felicidad y orgulloa todos los mexicanos br somos una gran ,9,0,0,0.0
4635,amo cabrones me encanta ver asi a todos extrano mucho estar en mexico y no saben la alegria que me d,10,0,0,0.0
4636,mayoria no les intimida el azteca de estos jugadores ya vivieron finalisismas con estadio lleno algu,16,0,0,0.0
4637,quinones nacionalizado mexicano sin envidias y jugando con el corazon paso a pasito demostrando lo q,13,0,0,0.0
4638,tienen nada que perder algunos comentan que tal seleccion es la mejor de tal ano y bla bla bla y jus,9,0,0,0.0
4639,perder si lo consiguen haran historia si no ya la hicieron pues pasamos invictos hasta ahora lo que ,9,0,0,0.0
4640,donde pertenece y empezamos a forjar el futuro animo cuando ganamos todos aceptan a los naturalizado,13,0,0,0.0
4641,que es tiempo de cuestionar a todos aquellos que usando el microfono generaron xenofobia por decadas,14,0,0,0.0
4642,mexico un gran equipo y buen partido vamos el q venga tenemos para ganar felicidades guerreros de az,14,0,0,0.0
4643,lo proteja en el siguiente partido los quiero mi seleccion estamos con uds nos han dado momentos ino,14,0,0,0.0
4644,azteca no parece parece mas ai ya le toca mexico diablos ese prieto deve estar supearchicontento al ,13,0,0,0.0
4645,lo merece ya me habia decepcionado mucho la seleccion al grado de ya no ver sus partidos este grupo ,11,0,0,0.0
4646,pero por unos momentos podemos festejar mas no olvidar venga mexico a seguir sonando aun no han gana,11,0,0,0.0
4647,estadio de luis miguel quot mexico en la piel quot a huevooo la verdad crei que nos iriamos a penale,14,0,0,0.0
4648,neta crei que nos iriamos a penales pero mexico jugo bien como si se despidiera del mundial quiero v,16,0,0,0.0
4649,como ecuador que nunca los vi jugar chingon chingon viva mexico cabrones el angel quiere volar dios ,14,0,0,0.0
4650,de triunfo mi papa fallecio hace poco tras un ano con cancer y este mundial me ha servido de distrac,11,0,0,0.0
4651,que era andres guardado asi deberia de ser el siguiente xl no la vayas a cagar aguirre en meter a sa,12,0,0,0.0
4652,rival se acerque a la porteria en cambio raul y quinones si hacen punta felicidades mi mexicanos lo ,16,0,0,0.0
4653,lo metan por favor todos son unicos e indispensables y su formula es ser uno solo vamos chicos sigan,10,0,0,0.0
4654,si asi fuera todo el pueblo de a href unido otro gallo nos cantar contra los problemas que hay br di,13,0,0,0.0
4655,sentia que nunca viviria algo asi como algun dia escuche cuando mexico gane un partido de elimiancio,11,0,0,0.0
4656,jugador del campo no es mexicano quinones que enorme mundial gracias gracias somos un pueblo feliz j,16,1,0,0.0625
4657,fuerte jajajaja viva mexico pa muchas felicidades todo gracias al poder de la amistad los ecuatorian,16,0,0,0.0
4658,que somos es un mexico libre y soberano seleccion comprometida y sin envidias este mexico puede lleg,13,0,0,0.0
4659,jajaja bien echo lastima que los durige el titere aguirre y les da por vender los partidos important,13,0,0,0.0
4660,esta es la consagracion aficion y jugadores unidos otra vez vamos por mas carajooo esto es mexico la,15,0,0,0.0
4661,un grande reconociendo a quinoes es un verdadero equipo sin envidias ni soberbias vamos mexico que o,14,0,0,0.0
4662,guerreros yo quiero ver un gol de mora que se estrene en el mundial con un golazo asi se disfruta un,12,0,0,0.0
4663,ojala los sudamericanos aprendan de nosotros a festejar sanamente los triunfos en la cancha sin burl,15,0,2,-0.13333333333333333
4664,con tranquilidad chingado hacen que de nuevo uno se ilusione pero es el grupo mas unido que he visto,11,0,0,0.0
4665,ya demostraron que son una generacion unica felicidades chicos pusieron el alma y el corazon quinone,20,0,0,0.0
4666,a a href uckszu wh gy mb dv ujg ksify lzfolm akanydqag a a href uckszu wh gy mb dv ujg ksify lzfolm ,24,0,0,0.0
4667,mb dv ujg ksify lzfolm akanydqag a avienten a quien quieran pero no a quinones en una de esas se nos,13,0,0,0.0
4668,pero ese santi es un tronco no sabe que hacer cuando tiene el balon si bueno en el siguiente nos eli,9,1,0,0.1111111111111111
4669,que ninguno quiere destacarsino todos trabajan el mejor naturalizado de la historia de la seleccion ,10,0,0,0.0
4670,muchas maneras que dios los bendiga y sigan adelante parese videojuego el aguila real mexicana destr,17,0,0,0.0
4671,ganado nada q dios los bendiga los proteja los llene d salud exitos y oportunidades ganen o pierdan ,15,0,0,0.0
4672,les quedaran para siempre muchas felicidades a todo el gran equipo hasta quinones sabe que en colomb,9,0,0,0.0
4673,se nota el cambio de mentalidad y la union entre los jugadores ahora si ya se estan tomando las cosa,10,0,0,0.0
4674,mexico que gusto da ver a la seleccion asi de unida todos son hermanos todos son un mismo equipo oja,12,0,0,0.0
4675,perfecto el famoso y si si el unico que no esta conectado es el bebote jimenez no agarra ni fiado qu,12,0,0,0.0
4676,nos ha demostrado el amor que a veces uno como mexicano deja de tener a su propia nacion y como se l,6,0,0,0.0
4677,de abajo real quinones muchos decian es que no hace nada en la seleccion llega el mundial y este cab,12,0,0,0.0
4678,esta reventando en el mundial real quinones te amo que chingon para todos esos amargados que no les ,13,0,0,0.0
4679,bravo te amo quinones que pinche felicidad tan pinche si saben que de octavos no pasaran para que il,15,0,0,0.0
4680,cabrones sigan echandole mas y mas y mas huevos muchachos y hoy mas que nunca sigansela creyendo cre,13,0,0,0.0
4681,puede y se puede lograr llegar a ser campeones del mundo todo esta en creersela dia a dia y poner el,10,0,0,0.0
4682,viva mexico gracias seleccion arreeee este equipo si esta jugando como nunca pero ahora si ganando c,14,0,0,0.0
4683,que me cae bien saludos cordiales se imaginan que en realidad llegaramos a ganar el mundial respetam,12,0,0,0.0
4684,por quinones partiendose la madre por la camiseta muchachos me llenan de orgullo me llenan de espera,11,0,0,0.0
4685,han demostrado que son vs no duden de ustedes denlo todo en la cancha como lo han hecho hasta hoy di,11,0,0,0.0
4686,el corazon de cada mexicano que vibra con cada victoria estamos con ustedes hasta donde tope guerrer,18,0,0,0.0
4687,de nosotros los mexicanos que creemos en tu palabra y promesa br amen podran decirme nuevamente que ,13,0,0,0.0
4688,el ame mis educandos br y ese tal alexis el tronco pedas ondi anda br o el recomendado hijo del chac,14,0,0,0.0
4689,seleccion donde putas estan los que no saben nimadres de futbol y estan siempre mmndo br fakiiiu put,14,0,0,0.0
4690,me vayan lesionando a la pantera una bestia mi hermoso hombre de chocolate muchas felicidades a todo,13,0,0,0.0
4691,celebramos a nuestra seleccion aunque ya sabiamos que el futuro dentro de la competencia en absoluto,13,1,0,0.07692307692307693
4692,mexicanas y aficionados de manera especial br br p d yo quisiese que memo ochoa y yo nos besaramos l,14,0,0,0.0
4693,rutina diaria estos partidos me alegran el dia imposible no sonreir cuando ves a esta familia que es,15,0,0,0.0
4694,en televisa y con la narracion de gerardo pena y pense que era normal que mexico ganaba en los mundi,11,0,0,0.0
4695,seleccion ya me habia decepcionado y lo que esta haciendo es unico pero no llore porque veo que toda,9,0,0,0.0
4696,que es lo mas probable ojala que inviten a luis miguel a cantar aunque sea el himno esto es mexico c,15,0,0,0.0
4697,viral esta cancion br que se escuche en el estadio a coro a capela que se escuche en las calles y en,12,1,0,0.08333333333333333
4698,la cancion que canta la aficion al principio ese video parece falso parece ia espero equivocarme es ,14,0,0,0.0
4699,al inicio no se ve quien es parece andres guardado y que han ganado siguen igual sin nada solo es ne,10,0,0,0.0
4700,avos bravo muchacho s lo hicieron excelente viva mexico este es un equipo de hombres y no de nombres,14,0,0,0.0
4701,una cancion de luis miguel seria mejor un xochipitzahuat es mas representativo te amo mexico pinche ,13,0,0,0.0
4702,vidas elegiria ser mexicano ahora si se va hacer a ver de que esta hecho el equipo octavos a la vuel,7,0,0,0.0
4703,la seleccion estan en buen nivel es un gusto ver a quien sea tienen con que y si se puede estan con ,8,0,0,0.0
4704,mexico seleccion mexicana esos son huevos cabron arriba mexico ese es mi pais mi equipo animo cabron,16,0,0,0.0
4705,que quinones ahora sea de este bello pais esta copa mundial es nuestra mexico no hay que permitir qu,11,0,0,0.0
4706,que poner em peligro la vida ka salud de otra persona que maldito orgullo ver a mi seleccion con esa,13,0,2,-0.15384615384615385
4707,mexico siempre sono con todo tienen el sueno y la ilusion de millones de mexicanos en ustedes que or,12,0,0,0.0
4708,seleccion mexicana y llorar de alegria hoy si dieron todo en la cancha dejaron cuerpo y alma jugaron,12,0,0,0.0
4709,aguila que nos representa en nuestra bandera tricolor felicidades se lo merecen vamos hacer historia,19,0,0,0.0
4710,mfy jbfswjhl pyoua ak a llegamos a octavos las aflicciones de este tiempo no se comparan la gloria v,13,0,0,0.0
4711,la cancion porra de coray quot esto es mexico quot en el estadio vamo julian lo que pase sea inglate,14,0,0,0.0
4712,no lo dudes quot hoy no hay miedo no hay excusas representan su nacion por la historia por el pueblo,13,0,0,0.0
4713,maravilla donde quedo ese super dotado diamante etc etc etc m o r a a es que se anticipa tanto a la ,13,0,0,0.0
4714,entendieron y por eso lo sacaron felicidades a todos los jugadores que sigan echandole huevos selecc,14,0,0,0.0
4715,dependia mucho de raul y ahora parece que todos juegan para todos en la miniatura parece que cargan ,10,0,0,0.0
4716,por eso han avanzado como lo han hecho estan jugando con puro corazon y emocion que alegria nos han ,12,0,0,0.0
4717,te olvidaremos si se puede carajo ustedes llevense bien y eso los llevara al triunfo si ecuador era ,11,0,0,0.0
4718,tiempo no quiero imaginar lo que les afectara la altura al inglaterra o a rd congo a quien cargaron ,13,0,0,0.0
4719,excelente vision que gran momento para estar vivo felicidades quinones ya eres mexicano un pais ente,13,1,0,0.07692307692307693
4720,quinto partido apenas tiene nivel del cuarto partido de los otros mundiales esta entre los mejores e,12,0,0,0.0
4721,buenos rivales de fondo la cancion de coray esto es mexico es poesia es cine de verdad que bonito po,11,0,0,0.0
4722,ya nos regalaron historia y se que viene mas aun aun sin gol increible lo veo yo yo lo veo yo lo veo,12,0,0,0.0
4723,a la seleccion mexicana mexico ganara el mundial porque somos gente de fe y todos los mexicanos nos ,12,0,0,0.0
4724,eso ganara porque dios nos bendice desde siempre felicidades nos han dado una gran felicidad a todo ,11,0,0,0.0
4725,como este parfavaaar quinones llevanos lejos quinones llevanos lejos te necesitabamos levantaras la ,20,0,0,0.0
4726,desmadre el wey maldit n amp gr ni aun siendo tan prepotentes y groseros agresivos y odiarnos y ofen,16,0,0,0.0
4727,miserable selva ya eres un gran mexicano quinones esto es mexico cabrones representen los colores br,14,0,0,0.0
4728,me representan y tambien al himno nacional br br quot mexicanos al grito de guerra quot quien era el,13,0,0,0.0
4729,alos ecuatorianos muy bien seleccion mexicana ganaron con autoridad ahora vamos contra el siguiente ,14,0,0,0.0
4730,nino futbolista en la banca todavia se quedo fidalgo edson alexis hormiga y chavez hay equipazo neta,15,0,0,0.0
4731,desmadre y cotorreo el futbol en ese equipo debe sentirse diferente renace la furia azteca fuerza me,14,0,0,0.0
4732,vibora de la mar si dan resultados increible br literalmente increible pense que me iba a morir nunc,17,0,0,0.0
4733,gracias equipo disfrutenlo sigamos sonando gimenez no sirve en la seleccion no mms la unidad de ello,15,0,0,0.0
4734,br br que sigan asi si con un quinones que corre somos la punta del tren ahora que sera con un quino,13,0,0,0.0
4735,es lo primero viva mexico exelente partido ahora si mostraron un buen nivel lo malo es que la transm,13,0,1,-0.07692307692307693
4736,gol antes que yo gritara el mismo pero nunca le voy a cambiar a telemafia aunque tv apesta del tranz,14,0,1,-0.07142857142857142
4737,luis garcia jorge campos y los demas mexico gano aunque no quieran exponer el fuera de lugar de quin,11,0,0,0.0
4738,anos que no me sentia asi de orgulloso de nuestra seleccion tener ganas de triunfar disfrutan los qu,11,0,0,0.0
4739,regalarnos esta alegria inmensa viva mexico chaco no juegos a nada heres un tronco nms esto no es na,13,0,0,0.0
4740,este grupo de grandes jugadores y mejores personas por hacernos sentir parte de esta historia que el,14,0,0,0.0
4741,a morita mis campeones ahuevo cabrones sigan asi no se confie sigan jugando de esa manera y pues qui,11,0,0,0.0
4742,no me vayan a fallar dios los proteja sean unidos sin egos solo un escudo por el que estan peleando ,11,0,0,0.0
4743,mas fuerte que jugar para un solo jugador vamos muchachos que sigan las cosas buenas animo arriba me,12,0,3,-0.25
4744,son y si si claro que se puede un mexicano nace donde se le da la gana y quinones lo demostro todo g,8,0,0,0.0
4745,es la seleccion con mas huevos union y amor a la camiseta que me ha tocado ver que chulada de cabron,12,0,0,0.0
4746,felicidades equipo mexicano han jugado muchisimo mas limpio que cientos de selecciones y eso me da o,15,1,1,0.0
4747,jugara el to partido mexico jugara el to partido te quiero mucho quinones cada que mete gol quinones,14,0,0,0.0
4748,no poder cuando empezaron a cantar el himno con huevos entonces dige a cabron si va enserio estos we,12,0,0,0.0
4749,ilusiones despues de tanta miseria y pobreza aparecieron las victorias robamos un banco y nos hicimo,15,0,0,0.0
4750,orgulloso de pertenecer a esta familia de excelentes jugadores y los demas chicos lo ven como uno su,12,0,0,0.0
4751,nacionalidad br br aqui todos somo uno todos somos mexico esta seleccion mexicana va ser historia su,17,0,0,0.0
4752,no pidan a la aficion que festejen con moderacion ya esta muy descontrolado aqui mero los esperamos ,15,0,0,0.0
4753,atravesando por etapas dificiles y momentos malos en mi vida y esto me pone feliz como que siento qu,14,0,0,0.0
4754,jugadores de la seleccion mexicana gracias julian quinones y raul jimenez por esos goles que nos reg,15,0,0,0.0
4755,mejor de lo mejor goles en contra somos felices porfin novoaaa y todas las perritas de trump estan a,12,0,0,0.0
4756,mexico estos si son guerreros no divas mexico campeon del mundo awb que si mi hijo se va a llamar ju,13,0,0,0.0
4757,hay que disfrutar una alegria que ya nos tocaba se burlaron de quinones que la liga de arabia y dond,10,0,0,0.0
4758,quinones y jimenez les cayaron la boca que chido que fueron alrededor de la cancha para agradecer a ,12,0,0,0.0
4759,tanta tristeza que sigan logrando triunfos bendiciones seleccion nacional dios los bendiga muchachos,15,0,0,0.0
4760,ayude para el proximo juego novoa de que te vas a disfrazar cachetada con guante bco hdtpm a quien a,15,0,0,0.0
4761,jimenez el domingo los elimina inglaterra pero ya dieron lo que al menos se espera de una seleccion ,12,0,0,0.0
4762,un verdadero equipo felicidades a todos y gracias por su esfuerzo felicidades asi de juega con huevo,12,0,0,0.0
4763,de portero a richard tex tex bendito el dia en que tigres se trajo a quinones a mexico y si si vida ,15,0,0,0.0
4764,muchachos es francia no es mexico papa felicidades a todos los integrantes del equipo pero en especi,13,0,0,0.0
4765,va necesitar al doble felicidades a todos venga seleccion los que esten rompanse la madre felicidade,15,0,0,0.0
4766,ganao un guerrerazo ese quinones es la mera pistola que golazo de quinones y jimenez tala te quiero ,13,0,0,0.0
4767,tire gracias por hacernos creer si podemos son y millones mas quinones es una bestia es el mas fuert,12,0,0,0.0
4768,realmente valio la pena la naturalizacion felicidades seleccion lo isieron bien aora loq sigue sin m,18,0,0,0.0
4769,esta felicidad gracias cabrones este grupo esta unido nadie tiene envidia de nadie que sigan asi por,12,0,0,0.0
4770,tanto hablaron de ecuador nunca hay que subestimar rivales eso mexico br br y si si si mexico pasara,15,0,0,0.0
4771,tenia la razon por el senor de por el futuro que dijo en ese ano que lo tomo el futuro en y ahora si,7,0,0,0.0
4772,historia nacional de mexico br br viva mejor para la seleccion mexicana todos hicieron un buen traba,13,0,0,0.0
4773,lo tipico nada se ha ganado y comienza el mame q padre q den la vuelta olimpica y festejando con la ,13,0,0,0.0
4774,asi estamos con ustedes vamos mexico y si si en mi opinion personal ha sido el mejor primer tiempo q,7,0,0,0.0
4775,sigue jugando asi y no sacan a gilberto quot bebe quot mora mexico puede ser campeon del mundial vam,14,0,0,0.0
4776,quinones y a todo tu equipo ya eres hermano mexicano quinones se logro muchachos felicidades guerrer,13,1,0,0.07692307692307693
4777,ayude a ganar para el proximo juego estar en ese monstruo repleto se achicaron los ecuas viva mexico,15,0,0,0.0
4778,es el mismo vamos mi mexico sigan practicando porque esto no ha terminado quinones te amo y yo vivo ,13,1,0,0.07692307692307693
4779,diluvio para que la basura que tiran en la calle tapara las coladeras jorge gracias por tanto desaso,15,1,1,0.0
4780,este mantenimiento bandidos se han robado hasta los camiones familia hermosa de la ciudad de puebla ,13,0,0,0.0
4781,senor cuida a tus hijos de cualquier peligro amen gratitud eso es parte del alcantarillado y de que ,11,0,3,-0.2727272727272727
4782,seguir pasando mientras no cambiemos como humanidad japon es una muestra de limpieza los invito a qu,12,1,1,0.0
4783,todas las calles no ha desages yo creo que uno de los problemas qye hay que solucionar llovio mucho ,10,1,0,0.1
4784,tan violenta como la de ayer llovio durante una hora y sin parar tambien el poniente se vio afectado,12,0,0,0.0
4785,tormentas el desgraciado gobernador y sus compinches insisten en el metrobus que traera mas y mas pr,12,0,0,0.0
4786,urge ni caso hacen en cambio el desgraciado metrobus a ese si todos los recuerdos y poda de arboles ,11,0,0,0.0
4787,que agregar que hay muchas personas que tiran la basura en la calle pesos de comida que solo valen s,12,1,2,-0.08333333333333333
4788,en salir los facho pobres a decir que es culpa de morena y a t falta desasolvar antes de las lluvias,11,0,3,-0.2727272727272727
4789,climatico nos detuvieron hablando de de esto desde hace mucho tiempo y nadie lo toma en serio y ahi ,10,2,1,0.1
4790,de la t la basura se ve como flota propongo que se capte y use toda el agua de lluvia para reutiliza,13,1,2,-0.07692307692307693
4791,de arboles frutales pero les encanta tirar basura en la calle y si les reclamas estan en su derecho ,12,1,1,0.0
4792,esa tormenta mejor que invierta el gobierno en modernizar el drenaje de la ciudad asi no anlo es coo,12,0,0,0.0
4793,crecimiento del carte inmobiliario sin las regulaciones pertinentes pueden ocasionar esto y mas prob,13,0,0,0.0
4794,puebla no se ve tan inundado creo que fue una lluvia normal gracias a agua de puebla para todos por ,13,1,2,-0.07692307692307693
4795,drenajes br lo bueno es que cuando lopez obrador sea presidente va a renacionalizar esta empresa y l,11,0,1,-0.09090909090909091
4796,pertenezca a la ministra del pueblo ya vieron toda la basura flotando sigan tirando basura no a la t,15,0,2,-0.13333333333333333
4797,cochinos y tiren basura en la calle viva morena haarp desgraciada mente los mexicanos tiramos la bas,17,1,3,-0.11764705882352941
4798,desagues dejemos de ser mal educados flojos y cochinos que forma de llover no hay palabras para esto,14,0,1,-0.07142857142857142
4799,y que dice el tonto de armenta y chedraui br todo lo que se quiere gastar en cable bus que se gaste ,10,1,0,0.1
4800,en todo puebla ya era momento b si la lluvia es fuerte pero mas mucho mas muchisimo mas la maldita c,12,0,1,-0.08333333333333333
4801,tendra la culpa kuri ahi tienen un gobernador corrupto y mamon es por culpa de la pinche gente que t,15,0,1,-0.06666666666666667
4802,de cambiar la red de drenaje de a href mucha maldad poca oracion br hablando de lo que no saben de l,13,1,0,0.07692307692307693
4803,temporada fuerte de lluvias apenas comienza puebla necesita drenaje profundo no hay de otra habra ma,13,0,0,0.0
4804,rios que habia naturalmente reclamaran su territorio el diluvio universal inminente lo bueno q yo en,18,0,0,0.0
4805,br br extremar precauciones cambio climatico apocaliptico en marcha la naturaleza reclamando lo suyo,16,0,0,0.0
4806,hacer para evitar este tipo de escenarios es dejar de tirar basura todos lo videos tienen una cantid,13,0,2,-0.15384615384615385
4807,de los gobiernos si ustedes mantienen esta practica tambien son parte del problema asi que no se que,14,2,1,0.07142857142857142
4808,no son su basurero las colonias aledanas a cu de la buap presenta mucha basura en las calles la caus,15,1,3,-0.13333333333333333
4809,les han inculcado educacion sobre todo los foraneos comen y tiran envolturas recipientes de unisel c,15,1,1,0.0
4810,se enojan dicen groserias y se van carcajeando por favor ya basta de tanta negligencia por eso luego,12,0,3,-0.25
4811,por eso no progresamos hacia un pais de primer mundo hace falta mucha educacion en el seno familiar ,13,1,3,-0.15384615384615385
4812,esta situacion esta cafe en donde quiera en mexico tiran basura asta cuando vamos a entender que la ,11,0,1,-0.09090909090909091
4813,la destruccion como en venesuela me imagine flotando con mi olinia del bienestar cuando lo fabriquen,14,0,0,0.0
4814,flotaban los rios tienen memoria y luego la basura en la calle asi no lopez ya deja de provocar torm,13,1,1,0.0
4815,se debe respetar los cauces de los rios colocando tambie un sistema de alcantarillado eficiente esto,12,1,0,0.08333333333333333
4816,la basura imparable en las calles seguro que taponeo alcantarillas como entenderan que no se debe ti,13,2,2,0.0
4817,poblanos vamos a entender que no hay que tirar basura en las calles eso causa en parte estos problem,14,1,1,0.0
4818,en desazolvado de los drenajes se resuelve con el famoso teleferico estuvo bien culero a mi me agarr,12,1,0,0.08333333333333333
4819,rios por la barrancada y no ha parado hasta este momento siempre se va inundar no hay infraestructur,11,0,1,-0.09090909090909091
4820,wh gy mb dv ujg m mfy jbfswjhl pyoua ak a a href uckszu wh gy mb dv ujg m mfy jbfswjhl pyoua ak a li,25,0,1,-0.04
4821,efe lo de marruecos para mi no es sorpresa buen episodio para mi el mejor exotico actual es dulce ga,11,0,0,0.0
4822,por excelencia su historia y trayectoria abrio las puertas para las siguientes generaciones por eso ,14,0,0,0.0
4823,la lucha libre regresenme lo de los bolteos para la rifa de camisa que es ese ruido para mi jugo muy,12,0,0,0.0
4824,y perdio como siempre quot fueron humillado en su propio pais en ese estadio donde un argentino le d,12,0,0,0.0
4825,mexicano no es apoyar solo en la victoria es estar presente tambien en la derrota es creer alentar y,12,0,0,0.0
4826,el amor por mexico no depende de un marcador viva mexico valieron chorizo en donde estan celebrando ,15,0,0,0.0
4827,excelente campeones dieron lo mejor mil gracias por hacernos vibrar de emocion viva nuestra seleccio,18,0,0,0.0
4828,lo ciento x la fifa a patir de ahora bajaran las ventas y solo los fans de los q queden venderan bol,15,0,0,0.0
4829,de pesos y de cerveza y demas souvenirs se acabo la ilucion del campeonato gracias equipaso jugaron ,15,0,0,0.0
4830,el de todo mexico campeones asi se forman los futuros campeones segun lo vi este partido estuvo arre,12,0,0,0.0
4831,nadie los tocaba y rodaban solos segundo el arbitro les regalo dos goles tercero cuando querian anot,14,0,0,0.0
4832,bloqueados apenas se acercaba a la porteria los otros ya los tenias encima blokeaban cualquier inten,9,0,0,0.0
4833,caceria me atrevo a decir q el arbitro les hiso le favor de ganar q onda con esto no c oye ni madres,12,0,0,0.0
4834,un buen recuerdo jugamos como nunca perdimos como siempre ese es nuestro refran de todos modos no me,10,0,0,0.0
4835,ganar tan tan se mexicano y nunca vamos a ganar el mundial juegan como nunca pierden como siempre po,11,0,0,0.0
4836,llaneros y veran si no ganamos gracias mexico hiciste un buen papel se lavrifaron nuestros jugadores,15,0,0,0.0
4837,a su angel br gasnapiras br jajajaja como fue posible que en el primer tiempo ya inglaterra tenia go,12,0,3,-0.25
4838,nivel de estos jugadores de inglaterra te moriste con la cara al sol dijera terminator quot hasta la,18,0,0,0.0
4839,seguinos en lasxmismas ese piojo al la defensa se mejoro como esta el ambiente ahi mucha celebracion,12,1,0,0.08333333333333333
4840,saludos que mastica queda claro que mexico sin ayuda del co no puede hoy si se fueron a mear a sus c,12,0,0,0.0
4841,y no ganar son una vergenza para todos nosotros los latinos por eso ahora inglaterra canta y ustedes,12,0,1,-0.08333333333333333
4842,demasiado la gente pipipipi a donde estaban los que se hacian los sobradoressss oleeeee si si se fue,11,0,0,0.0
4843,decian que eran muy superiores a ellos pero bueno ya se les acabo todo y con gracias por hacernos so,8,0,0,0.0
4844,si en que estabamos trump venia por el narcogobierno gracias mexico por todo el esfuerzo te sorteast,13,0,0,0.0
4845,siempre soy mexicano y se hizo todo el esfuerzo pero la verdad que bueno que perdio por que la afici,9,1,0,0.1111111111111111
4846,todo es desmadre y hasta muertos hubo en el oartido con ecuador arriba inglaterra valla ya era hora ,14,0,1,-0.07142857142857142
4847,woman nuestro planeta es planeta agua y hace calor estados unidos debe pagar por intentar cambiar el,15,2,2,0.0
4848,bajo la tierra y en las grandes construcciones tambien crean parquesjardines y convencen a la gente ,10,0,0,0.0
4849,hacen racionamiento de agua a cada barrio la gente se ha pillado a los ingenieros corruptos votando ,12,2,2,0.0
4850,unidos se congela y esta perjudicando el clima en latinoamerica y el mundo hoy dia los alcaldes orde,14,1,1,0.0
4851,cada barrio colombia es el pulmon del mundo es alla donde mas atacan y los insendios son realizasos ,15,0,1,-0.06666666666666667
4852,de los estados unidos que tortas raquel ella se llama raquel nalgas mendez wow que belleza bendicion,15,0,0,0.0
4853,estadio azteca pueden bombardear las nubes con aire y las alejan mientran se juega tan hermosa la si,15,0,0,0.0
4854,bien te ves me gustas mucho besos y un abrazo saludos y que dios te bendiga siempre una elegancia de,13,0,0,0.0
4855,callen a ese alvaro morales que dice saber todo y solamente insulta a los jugadores corranlo ya sr t,10,0,0,0.0
4856,seleccion mexico yo se que no pudieron pero tus jugadores jugaron bien suerte i still so proud of be,15,0,0,0.0
4857,chicos gracias gracias team mexicano estamos orgullosos de ustedes jugaron con todo son unos aztecas,17,0,0,0.0
4858,alegrias y estoy segura que seran contratados en los teams grandes porque son unos jugadorazos te am,10,0,0,0.0
4859,partido fue de ustedes solo la suerte estuvo con inglaterra jajajajajajajajajajajajajajaajajajajajaj,14,0,0,0.0
4860,dejen corromper ya son gigantes en nuestra historia bendiciones y mi mas grande admiracion yo queria,17,0,0,0.0
4861,i wish we could of beat another team instead unlucky tonight lots of love to you all ay no encerio q,15,0,0,0.0
4862,un campeonato mundial es decepcionante que uno empieza a emocionarse y siempre no avanzamos ni a sem,12,0,0,0.0
4863,los muchachos y nada por eso yo nunca mas de emocionarme asi pasen los anos que pasen de que mexico ,9,0,0,0.0
4864,pero fue peleando como dice la cancion fuimos bien representados con un digno equipo que jugo limpio,10,1,0,0.1
4865,equipos perdieron si perdieron pero con la frente muy muy alto pelearon asta lo ultimo momento diero,11,0,0,0.0
4866,se la vio facil como pensaron quizas x eso yo aunque triste satisfecha x que no siempre se trata de ,10,0,0,0.0
4867,excelentes jugadores y se vio en todos sus partidos pero pues tenia que haber un perdedor ni modo fe,13,0,0,0.0
4868,de su trabajo de su entrega animo no se la pusieron facil a inglaterra me siento honrada de ser mexi,10,1,0,0.1
4869,cuanto gano el senor aguirre con la derrota a mi mexico animo dios es mas grande que aguirre y un ab,12,0,0,0.0
4870,gracias gracias mexico gracias mexico los amamos ternamente todos estamos tristes pero todo el parti,17,0,0,0.0
4871,con jugadores en la cancha pudo ganar la narcoseleccion a mimir mexico se va con la frente en alto m,12,0,0,0.0
4872,tranquila porque no habra hechos salvajes ni muertes absurdas por los quot festejos quot quot gracia,18,0,0,0.0
4873,de inglaterra felicidades a los les juro que queria ver a mexico alzar la copa y no me imagino los c,12,0,0,0.0
4874,que su esperanza desaparecio la neta me siento triste hoy ganamos inglaterra aprovecho los erros de ,16,0,0,0.0
4875,de lopez obrador x no destapar las coladeras cuando fue jefe de la cdmx a el le destaparon el hoyo v,11,0,1,-0.09090909090909091
4876,de lluvias geyes siganle jugando al verga lo bueno que ya pudieron los candelabros en la estacion hi,13,0,0,0.0
4877,no querian agua ahora no se quejen tlaloc las narcoej cuciones no son sacrificios pero que tal pinta,13,1,1,0.0
4878,la temporada de lluvias hay que soltar nuestra puerquedad ya no tirar basura en la calle porque es l,11,1,1,0.0
4879,lluvias a sheinbaum ya se le cayo el pais que no es el suyo y que onda con el tan grandioso pero nad,10,0,0,0.0
4880,gobiernos actuales como t pri y pan se olvidaron que hay que seguir invirtiendo en el porque la ciud,12,0,0,0.0
4881,en el caso de no querer solucionar el drenaje pluvial otra alternativa es colocar submarinos panchit,16,0,0,0.0
4882,opinion para poner a trabajar a geologos y demas tecnicos con el fin de rastrear las fallas que esta,9,0,0,0.0
4883,ponerse a pensar y actuar yo no recuerdo tanta locura del planeta br es necesario conocer la direcci,14,0,0,0.0
4884,afectacion br se que estoy sonando paranoico alarmista pero br hay les dejo el dato los vochitos son,12,0,0,0.0
4885,ya pintaron la ciudad de morado y pusieron ajolotitos bien usados nuestros impuestos hasta parece me,13,0,0,0.0
4886,coladeras o tiran basura una parte es en gobierno si pero otra muy importante somos nosotros como so,10,1,1,0.0
4887,mismo nuestra ciudad se hunde en el agua pero mas en la ignorancia de pura casualidad alguien vio a ,12,1,1,0.0
4888,poblacion y decir cuanto ha invertido en infraestructura para el drenaje y en desasolve de la ciudad,13,0,0,0.0
4889,julio por canal azteca y telemundo estados unidos es la fiesta futbolera no la ensucien con estas no,18,1,0,0.05555555555555555
4890,infraestructura jajaja esa estacion de pantitlan es un verdadero asco ojala le sigan quitando presup,14,0,0,0.0
4891,algunos anos en esa zona en el bajo puente que cruza periferico granizada obstruyo el transito y cob,13,0,0,0.0
4892,automovil teques todos los anos es lo mismo la infra estructura ya esta rebasada y aparte el tirader,12,1,2,-0.08333333333333333
4893,princesa hermosa hola princesa br eres muy hermosa hola princesa br sabes br eres muy hermosa br i l,15,0,0,0.0
4894,asi y no es mala leche si plemente antes tenian mas chispa te estas estancando reina mi cubana hermo,12,0,0,0.0
4895,lugar que haga menos calor porque aqui en cdmx tenemos el mejor clima de que sirve estar en lugares ,11,1,0,0.09090909090909091
4896,ni dormir cuando vuelvas a cdmx visita coyoacan chapultepec el centro historico hay muchos museos es,17,0,0,0.0
4897,paz bcs te falta venir a conocer las playas de aca hola preciosa para convertir los grados farenheit,16,0,3,-0.1875
4898,el resultado lo multiplicas por br por ejemplo br br x el resultado es grados centigrados br grados ,17,2,0,0.11764705882352941
4899,y buena charla br estuviste muy bien jessi jesss nuevamente no me llego la notificacion del en vivo ,10,0,0,0.0
4900,perdi espero no vuelva a pasar aun asi lo vere y te mando muchos mucho saludos y cuidate mucho hola ,13,0,0,0.0
4901,ando bailando mucho jajaja saluditos hermosa pues estas en cuba o mexico como que grados eso es te e,13,0,0,0.0
4902,canta y no llores felipe calderon y pena nieto son los que han estado provocando estas intensas lluv,13,0,0,0.0
4903,fuertes pero si hacen un escandalo de las lloviznas que buen capitulo que interesante persona y todo,10,0,0,0.0
4904,ano importamos mas maiz y frijol practicamente no producimos ni clavos si en algo no tendriamos jama,16,0,0,0.0
4905,no sabe y olvida que todas las computadoras tienen software firmware y chips con programas internos ,13,0,0,0.0
4906,es sus propios sistemas y chips de otra forma con un boton desde silicon valley apagan todo y nos qu,13,0,0,0.0
4907,doctorado sabe que en un sistema si los datos son basura sale basura en verdad los datos del inegi d,11,1,2,-0.09090909090909091
4908,mes parece que vivimos en dinamarca son confiables en fin buen negocio para algunos funcionarios del,12,0,0,0.0
4909,olvidado con alumnos en escuelas sin banos sin computadoras y sin desayunar se me ocurre que la curp,13,1,0,0.07692307692307693
4910,skills habilidades iniciativa no ingles sigo esperando el clima para toluca por que ya no dan y tolu,13,0,0,0.0
4911,oportunidad de conocerlo y me sorprendio bastante hermoso museo saludos desde la gran tenochtitlan d,13,0,0,0.0
4912,br pobres de las victimas cielito lindo sigo siendo el rey inglaterra es extrano que un pais con un ,16,0,1,-0.0625
4913,al su gracias gobierno que les tiene pobre el mundial de hacerse en mexico los gringos son demasiado,13,0,0,0.0
4914,preguntaba por que todo el mundo seguia diciendo quot mexico supero a la ia quot br por fin lo enten,15,0,0,0.0
4915,animales se viene juicio pueblo de mexico que dios tenga misericordia ver toda esa gente feliz me ha,14,0,0,0.0
4916,para que festejan tanto si todavia no ganaron nada quot solo quiero ser uno de ellos quiero sentarme,10,0,0,0.0
4917,me dieran una chela un espumaso o que tan solo me aventaran hacia arriba quot eaeaea todo pancholand,13,0,0,0.0
4918,y la colombiana hasta donde llega la alienacion mental br no borrar br tres fallecimientos por asfix,13,0,0,0.0
4919,en las inmediaciones del paseo de la reforma cerca del angel de la independencia y murieron tras ser,10,0,0,0.0
4920,es otro nivel de celebracion como si el mundial se hubiese ganado ya wow soy chileno pero como dice ,11,1,0,0.09090909090909091
4921,que necesidad de estar ahi todo apachurrado exponiendo la vida que chingon pero q triste por las per,13,0,0,0.0
4922,ecuatorianos y de que no dejaron dormir a la seleccion ecuatoriana la noche anterior al partido ni u,15,0,1,-0.06666666666666667
4923,de lo ultimo impresionante lindo saludos desde cali visite a veces gente muy amable cordial hermosa ,18,0,0,0.0
4924,u otra enfermedad o condicion no debemod de ir a esos festejos seamos responsables con nuestra propi,12,0,0,0.0
4925,de mexico son sudamericanos y son lo mejor que tiene todo mexico si no nunca ganan felicidades mexic,9,0,0,0.0
4926,el futbol es el opio del pueblo quot miles y miles de mexicanos salen a la calle por pasar a la sigu,13,1,0,0.07692307692307693
4927,las miles de mujeres secuestradas desaparecidas violadas un gobierno sionista que no es capaz de cor,14,0,0,0.0
4928,es pedir la paz entre ambos quot pueblos quot como el que pide la paz entre nazis y los alemanes jud,12,0,0,0.0
4929,no es japon somos muy irresponsables y muy cochinos simio endejo aficionado de la seleccion pedorra ,15,0,1,-0.06666666666666667
4930,el nino rata que tiene anos javier aguirre el negro cubano yo voy a orinarme en el angel y si si y s,8,0,1,-0.125
4931,si si y si y si si y si si y si si si ay ya ya canta no llores deberian permitir a la policia dispar,9,0,0,0.0
4932,gas pimienta para los que intentan derribar las barreras esos animales no entienden por las buenas y,10,0,0,0.0
4933,gente vale madre el estadio lleno de borra hasta ahora se ponen las pilas las autoridades muy buena ,14,0,0,0.0
4934,ultimo asi como hacen grupos para ir a festejar porque no hacen tambien para ir a ayudar a la limpie,7,1,0,0.14285714285714285
4935,todos esos que van y hacen sus desmadres la delegacion no pone botes para la basura br si los pone h,11,0,1,-0.09090909090909091
4936,no esta bien tirar basura ni orinarse en la calle eso es falta administrativa y multa me puedo reir ,13,1,4,-0.23076923076923078
4937,recuerdo su nombre mejor no pongan pantallas ok ni un lesionado o finado mas por irresponsables mise,14,0,0,0.0
4938,a quien deje basura si ganaron pero a juego sucio br ya que se rebelo que la mafia amenazo a los fam,12,0,2,-0.16666666666666666
4939,ganaban mataban a su familia pero si mexico ganaba entonces los dejaba en paz y como rayos lods de l,15,0,0,0.0
4940,que utilizaron de excusa la lluvia poara retrasar el partido cuando realmente demoro una hora en esa,16,0,0,0.0
4941,tocacontra inglaterra vientos huracanados viva mexico amigos bro dios los bendiga por siempre se fue,18,0,0,0.0
4942,desde colombia pobre muchacho futbolista que lastima que horrible todo era bajo amenaza buenas tarde,16,0,1,-0.0625
4943,que dice que se ve bonito jajaja se gasto nomas mil millones en pintar sus porquerias y su jardin en,14,0,0,0.0
4944,para que sirve para nada jajaja sigan festajando los ridiculos triunfos de la seleccion de televisa ,17,0,0,0.0
4945,sabio jajaja al momento congo asesinos br bola de ineptos tantos para matar una especie en peligro s,17,0,3,-0.17647058823529413
4946,lo mataron lo mataron se debieron usar dardos con somnifero y fueron a matarlo les ofrecieron ayuda ,14,0,0,0.0
4947,castigado y el inepto que dirigido eso debe ser destituido br informacion falsa pense que ya lo habi,14,0,0,0.0
4948,paso con el que este sano y salvo si no pueden capturar a miles de delincuentes mucho menos a un ind,8,0,1,-0.125
4949,asno no sabe lo que dice y es periodista no nota la gravedad de la situacion ojala y no vayan a sacr,14,0,1,-0.07142857142857142
4950,hasta que lo rescaten por favor y que avisen a esas regiones para que tengan cuidado laa personas es,12,2,2,0.0
4951,que ya no este suelto ese tigre y hasta cuando van a regular que cualquier imbecil compre este tipo ,10,0,1,-0.1
4952,animal tlalmimilolpan aunque le cueste mas trabajo todos panikeados bien fondeados en sus chantes po,13,0,0,0.0
4953,no lo vayan a matar como acostumbran hacer la bola de inutiles de las autoridades anda buscando una ,13,0,0,0.0
4954,maria santisima x la paz del mundo x mi amada colombia con el nuevo presidente democrata x mi mi fam,16,0,0,0.0
4955,agreden a los aficionados en los estadios ahora piensan que todo acto de violencia para que no haya ,11,0,1,-0.09090909090909091
4956,hombre le escrubieron su discursito si se notaba ke no se lo memorizo lo estaba leyendo mejor discul,12,0,0,0.0
4957,te hayan escrito alguien mas ke jodidos estamos no hay respeto es un grosero patan br merece ser evi,15,0,0,0.0
4958,br que repare el dano de manera economica pagando una multa por agresion es lo que digo br al igual ,12,0,0,0.0
4959,tipo de chusma no diferencian entre su propia gente o de otro pais triste pero sabemos que el mexica,8,0,0,0.0
4960,lados y por cierto basta ya de aceptar disculpa de esta gente odiadora las mujeres a su lado validan,13,0,0,0.0
4961,piso y la cordura con cualquier festejo circense ya sean chacas juniors neros ejecutivos o politicos,13,0,0,0.0
4962,parasitos eres un senor te pasaste que falsa disculpa que nadie vaya a tu negocio y si es no se pare,10,0,0,0.0
4963,por el piso en ningun otro mundial los locales se han comportado de esta forma tan despreciable espe,10,0,0,0.0
4964,falsas que un capitulo de la rosa de guadalupe pues no acepto su culpa lance una cerveza que termino,12,0,0,0.0
4965,una cerveza a un joven eso no es asumir responsabilidad falta emilia chomer fake el es un impostor p,14,0,3,-0.21428571428571427
4966,los tatuajes claramente le pidieron que se echara la culpa su cuenta es recien creada y no tenia por,10,0,0,0.0
4967,culpable por por la emocion del partido por eso vas a lanzar el liquido directamente a una persona n,11,0,0,0.0
4968,salto de emocion br a quien cree que engana con esa disculpa sera para cumplir con su familia el que,14,0,0,0.0
4969,publicamente segun no disculpa la ofensa y falta de respeto solo demuestra su comportamiento caverni,13,1,3,-0.15384615384615385
4970,ya que no existe autoridad ni ley ni castigo en e u comportamientos asi son castigados con calcel mu,11,0,0,0.0
4971,por vida br a la chica le fue bien fue cerveza br normalmente avientan orines en partidos de futbol ,14,0,0,0.0
4972,da para ir a un evento de este tipo te da para sobajar a la gente que porquerias de personas no vale,8,1,0,0.125
4973,tienes junior y que poca cada quien saca lo que es y que educacion le dieron nota falsa el texto rea,12,1,0,0.08333333333333333
4974,le cancela la tarjeta exacto el dinero no da educacion mas falso que nada y las mujeres que se burla,11,1,0,0.09090909090909091
4975,lado la de los ojos de loca que estaba feliz por lo que hizo su amiguito ojala tu familia este siemp,9,0,0,0.0
4976,dinero que tengas te regresa a tus seres queridos antes no dijo quieres que haga un discurso mas emo,14,0,0,0.0
4977,si misma cuando esta quot feliz quot y quot celebrando quot el gato sabe leer muy mal hay que madre ,15,0,1,-0.06666666666666667
4978,ya sabemos que productos no vamos a volver a comprar nunca mas de verdad era cerveza no solo disculp,7,0,0,0.0
4979,y tal vez la disculpa deberia venir con una indemnizscion boicot total a herdez y mccormick mexico q,14,0,0,0.0
4980,ya no somos tontos br les deseo lo oeor herdez tengo mis dudas que ensene los tatuajes con eso de qu,10,0,0,0.0
4981,chivo expiatorio pero ahi estan yendo a esas mierdas de eventos mas falso que copa del mundo afuera ,14,1,0,0.07142857142857142
4982,hace por la emocion del juego fue una agresion directa lo malo es que lo hizo con toda la intencion ,10,0,0,0.0
4983,que no pueden ver felices a los demas y que quieren que llore dejemos de consumir productos herdez m,13,1,0,0.07692307692307693
4984,gran multa y trabajo social primero muy gallitos y despues con el rabo entre las patas disculpandose,14,0,0,0.0
4985,de quien estara la empresa de estos tipos no compren herdez mal educados clases de modales dice term,12,0,1,-0.08333333333333333
4986,hizo adrede no hay disculpa que se acepte por una accion hecha con dolo e intencion de aprender toda,14,0,0,0.0
4987,de paso a la mojigatas que se rien de la peladez del fulano lastima de dinero con el cual no se comp,10,0,0,0.0
4988,ese peso encima de que vives de los demas con productos que marcan tu perzonalidad te gustaria k le ,11,0,0,0.0
4989,de labores comunitarias ok ok pero todos a comprar del monte un whitexican siendo un whitexican en u,13,0,0,0.0
4990,mexicanos no lo castiguemos solo sigamos con la costena por su sabor y ahora por su educacion que ti,9,1,0,0.1111111111111111
4991,que le duela por lo menos el bolsillo y aprenda una buena leccion si no fuera que tiene que ver con ,8,0,1,-0.125
4992,educado la costena por sabor como diria messi anda pa ya bobo asco de compania y de personas no es e,15,0,0,0.0
4993,fuera porque se hizo viral el jamas hubiera pedido disculpas no le miro nada de malo es una tonteria,12,0,0,0.0
4994,lo ubico y por eso estas disculpas falsas no le crean cual educacion tiene asi como otros que piensa,9,2,0,0.2222222222222222
4995,y creen que con disculparse es suficiente bueno no era patricio el de herdez s no est bien pero esto,10,0,0,0.0
4996,y siniestra a personas que talk vez no quieren ser grabadas la gente se convierte en extra de sus sh,12,0,0,0.0
4997,lo pregunten debe haber un lmite para estas personas hasta las barras de la ligamx respetan mas a la,10,0,0,0.0
4998,tirar cerveza es tu forma de divertirte lo que has hecho jamas se olvidara tenlo muy en mente y las ,11,0,0,0.0
4999,la gente deje de comprarle a la empresa minimo meses de carcel si se ve que tiene una panza de cerve,13,0,1,-0.07692307692307693
5000,br y cuando ofrece disculpas ni quien le crea es un verdadero asco este hombre no cabe duda que el d,12,0,0,0.0
5001,de falso como el universal lanzemosle cerveza a el haber si le gusta me faltaron centavos para creer,10,0,0,0.0
5002,lo dice la serie coreana quot solo asi aprenderan quot no vuelvo a comprar nada br de herdez ni mis ,14,0,0,0.0
5003,hacia la chica y hasta posaron el y las senoras que estaban con el que verguenza de gente cabezas hu,10,0,0,0.0
5004,sin educacion para q aprenda el clasico quot perdon borron y cuenta nueva quot y asi se olvida del a,12,1,0,0.08333333333333333
5005,es asumir la responsabilidad y tratar de reparar el dano un shingo de gente esa gente de playera ver,15,0,0,0.0
5006,basura en paseo de la reforma porque no va y limpia esa es una buena manera de enmendar los males co,11,1,1,0.0
5007,demas es la mejor manera de enmendar tus errores quot rurouni kenshi cobarde y despues se disculpa f,14,0,0,0.0
5008,ganar y a perder que no lo dejen entrar nunca mas a ningun estadio servicio comunitario y lavar part,12,1,0,0.08333333333333333
5009,a trabajar y mejores disculpas para la chica ese seria buen castigo alejandro azcue macarra aqui la ,10,0,0,0.0
5010,que era el igual se hubiera disculpado o solo lo hizo porque lo descubrieron piensen antes de actuar,8,0,0,0.0
5011,senor que hizo la burla con la chica coreana este leyo sus disculpas falsas con chatgpt un asco de c,14,0,0,0.0
5012,o con un arma lance una cerveza que termino en la cabeza se la influencer ni siquiera tiene el valor,12,0,0,0.0
5013,herdez para que se verdad sienta este pe pues con todo y la disculpa br ya se viralizo br br creo qu,9,0,0,0.0
5014,es muy diferente a fofo marquez este baboso un junior al que sus papas nunca le dijeron nada no comp,12,0,0,0.0
5015,de una compensacion economica y no era cerveza eso lo sabes patan eran miados y las amiguitas que ll,13,0,0,0.0
5016,mexico el como se acoge a turistas de buena manera pero para local agredimos vandalismo basura por d,12,0,2,-0.16666666666666666
5017,su propio mexico fatal mejor no hubiera pedido disculpas we si al final siguen quejandose mexicano c,15,0,0,0.0
5018,quedo grabado si no ni de pedo pide disculpas y la vida sigue pues se ve que nunca a ido a un estadi,10,0,0,0.0
5019,la pendeja gente igual que cagante que haya personas que vayan a grabar tooooodo el pinche partido p,15,0,0,0.0
5020,a la carcel al naco es un farsante y encima se quita su bigote para que ellos piensan que no era el ,8,0,0,0.0
5021,el yo les puse comentario en el ingles hasta le puse un quot quot dijo todo lo que no tiene que hace,9,0,0,0.0
5022,hizo todo leido y nada sincero mas a fuerza esa disculpa que nada jejeje jejeje mejicano promedio es,12,0,0,0.0
5023,eso nuestro pais es una el quot ciudadano quot no respeta por qu sabe perfectamente qu las leyes no ,14,0,0,0.0
5024,corrupcion e ineptitud del sistema judicial no son las palabras de el hahaha se ve sacado de onda de,11,0,1,-0.09090909090909091
5025,ese marrano sin educacion es hijo del dueno de herdez tipo repugnante obviamente no esta arrepentido,12,1,0,0.08333333333333333
5026,mojo porque a veces estas tipas que andan grabando todo son muy castrosas leyendo como disculparse c,13,0,0,0.0
5027,esta mano en chancla frente a el imaginate si fuera a un partido de tigres vs monterrey o pumas vs a,16,0,0,0.0
5028,y sus amigas igual de tontas deberia decir ese wey que lanzo la cerveza disculpenme es que soy un es,13,0,0,0.0
5029,que me ensenaron asi y por eso tiro la playera de la seleccion a la basura que tipejo ehh lo caballe,11,0,2,-0.18181818181818182
5030,porque estaba en una zona menos privilegiada que ella ese tipo de gentes merecen carcel siempre dice,9,0,0,0.0
5031,importa si ay ninos que los metan a la carcel un escarmiento por que la bandera china sera chino pob,13,0,0,0.0
5032,de seguro quieres un like dejate de mamadas b ofrecer disculpa no te sirve de nada si luego aras los,14,0,0,0.0
5033,de comportarte como un imbecil los expertadores no deberian dejar sus emociones a los que realizan a,12,1,0,0.08333333333333333
5034,pendiente disculpas mas falsas que saludo de suegra es el mundial de los ofendid s y las disculpas p,12,0,0,0.0
5035,si quieren hacer algo son familiares de los duenos de dicha empresa creo que la propaganda feminista,14,0,0,0.0
5036,dicen que calderon y salinas ya estan en la carcel a ver si me entienden o no pero a mi tambien me a,8,0,0,0.0
5037,de ac dc y no pasa nada asi es el ambiente ellos por ser influencers que no es algo importante ni vo,8,0,0,0.0
5038,un pelado vulgar y abusivo de espaldas y directa la agresion casi no se nota que esta leyendo desde ,15,0,0,0.0
5039,un partido de futbol carcel por esa tonteria es lo minimo que se merece yo me acuerdo aun en la alam,10,0,0,0.0
5040,like un abrazo alsacia me gusto mucho la narracion de hoy muy relacionada con el video que vi ayer e,15,0,0,0.0
5041,mb dv ujg ksify lzfolm akanydqag a esta bajo el audio esos que se ofenden por los abucheos sienten q,15,1,0,0.06666666666666667
5042,aguanta borreguismo a inglaterra mexicooo se la entierra hagamos viral esta porra el mexicano les da,13,0,0,0.0
5043,olvidemos que somos el pais mas amistoso tratemos bien al que nos visita sobretodo si nos respeta ok,13,0,0,0.0
5044,uno hablas mucho y no dejas oir bendito dios la gente de mexico siempre fiel a su gente a pesar que ,11,0,0,0.0
5045,les vale madre y ellos apoyando a mexico una vergenza esas personas que abuchean a esta seleccion in,12,0,0,0.0
5046,los que abuchearon fueron pagados por los politicos que no querian el mundial en mexico se espresan ,10,0,0,0.0
5047,verse como buenos anfitriones ahora se estan viendo como tremendos irrespetuosos la verdad que verge,11,0,0,0.0
5048,a no acosar que no abuchear de lo contrario corremos el riesgo de argentinizarnos es decir ganar a c,10,0,1,-0.1
5049,reglas estas mintiendo se escuchan abucheos no encubras a estos disque aficionados enajenados la ver,13,0,0,0.0
5050,son de respeto que sienten estos que abuchean va ser un gran rival pesimo comportamiento de esos que,12,0,0,0.0
5051,no quita lo valiente los ingleses se han portado a la altura respetenlos recuerden lo que paso con y,13,0,0,0.0
5052,victoria antes de tiempo y jamas subestimes a tu rival y menos en un mundial porque todo puede pasar,12,0,0,0.0
5053,de lo contrario es un tonto hay que recivirlos bien ya el domingo son rivales hoy y manana no nombre,10,0,0,0.0
5054,fuimos al estadio ciudad de mexico para vivir otra noche inolvidable del mundial br br disfruten est,16,0,0,0.0
5055,br recuerden suscribirse y activar la campana para no perderse todas las canchas que documentamos su,16,0,0,0.0
5056,jajajajjajajajajaja bacaannnn muy buenos tus videos es la otra cara de la moneda de lo que hicieron ,10,0,0,0.0
5057,pierda mejico contra inglaterra alli grabalos y ve a estados unidos felipe quedate hasta el domingo ,18,0,0,0.0
5058,a los demas equipos los recibieron muy bien que paso ahi que facil es enganar a la gente br le meten,11,0,0,0.0
5059,no mientan yo fui cuando llego y nada de eso paso muchos mexicanos e ingleces estaban conviviendo y ,11,0,0,0.0
5060,su presion esta bien si no los dejan dormir de cuando aca los argentinos han ganado algo de manera l,12,2,1,0.08333333333333333
5061,rival juegan su juego y los jugadores con su juego sucio en el campo por eso ganan asi que dejense d,13,0,1,-0.07692307692307693
5062,los extranjeros son bienvenidos a mexico recuerden mexicanos que somos los anfitriones y debemos tra,11,0,0,0.0
5063,que vergenza los mexicanos eso no debe pasar yo soy mexicana y muchos paisanos se que estan en desac,9,0,2,-0.2222222222222222
5064,a ver a la seleccion de inglaterra no aprendieron nada de ecuador asi no se recibe a un invitado dis,11,0,0,0.0
5065,mexicanos la presidenta dice que son los campeones en hospitalidad sera en hospitales para los que m,13,0,0,0.0
5066,largo que les sacan en cultura gente sin educacion por que no respetar al rival que no te ha hecho n,10,1,0,0.1
5067,demostrar su edu acion de esa forma hojala y gane mexico si no que callada de boca les van a dar muy,14,0,0,0.0
5068,el senor gloria dios como estas mi vere que milagro kt dejas vistieses como estas ya lista para el p,15,0,0,0.0
5069,ese gero soy tu mayor fan falto la parte del beso con kevin como nos ira el domingo con inglaterra l,13,0,1,-0.07692307692307693
5070,personas en todos lados generan basura excelente canal efren visitanos en guanajuato o san miguel de,16,1,2,-0.0625
5071,que triste que personas perdieran la vida que triste lo de las personas que perdieron la vida cada v,13,0,0,0.0
5072,gusta mucho yo estuve ahi y confirmo que estaba imposible caminar fui el que te pidio foto por la di,12,0,0,0.0
5073,tambien quiero volaaaar que buen reportaje muestras lo bonito y lo turbio sin filtros padrisima expe,14,0,0,0.0
5074,actualizacion y suscribete si eres nuevo a href ucgzx wmvjl qo jxiobpfw kby rxa gg wt hy gaq a a hre,23,0,0,0.0
5075,gaq a a href ucgzx wmvjl qo jxiobpfw kby rxa gg wt hy gaq a sigue lo de los nidos bro buen contenido,19,0,0,0.0
5076,br una pregunta feebas hace nido o sino lo hace donde sale con mas regularidad y el video de los nid,16,0,0,0.0
5077,afy ywgukuhl plbia ae a a href uckszu wh gy mb dv ujg ksify lzfolm akanydqag a yego su papi bueno en,19,0,0,0.0
5078,de subir ese contenido me tocara marcharme a href ucgzx wmvjl qo jxiobpfw mdrnzn iinuj epyco was a,12,0,0,0.0
5079,de abandono a renovacion rehabilitan cancha y parque en lomas de san agustin naucalpan el sol de mex,18,2,2,0.0
5080,agustin naucalpan en los alrededores de la colonia se realizaron labores de bacheo reposicion de lum,15,0,0,0.0
5081,se realizaron labores de bacheo reposicion de luminarias y otros trabajos para mejorar la imagen urb,16,0,0,0.0
5082,abarroto lo largo de paseo de la reforma para ver el mexico vs inglaterra aunque se preparaba un fes,11,0,0,0.0
5083,quedo fuera del mundial el percance sucedio frente al centro cultural ollin yoliztli lo increparon p,16,2,0,0.125
5084,que su cuenta fue vulnerada y sus accesos de palco fueron transferidos a personas desconocidas ya le,14,2,0,0.14285714285714285
5085,tezompa ambos sujetos admitieron dedicarse al narcomenudeo al cobro de piso y confesaron haber ejecu,16,0,2,-0.125
5086,de abandono a renovacion rehabilitan cancha y parque en lomas de san agustin naucalpan de junio de a,16,1,1,0.0
5087,madre con un cuchillo en naucalpan de junio de rescatan modulo de seguridad en colonia olimpica radi,18,2,0,0.1111111111111111
5088,en la colonia mexico como legado del mundial social de mayo de linea iii del mexicable conectara col,17,0,1,-0.058823529411764705
5089,alianza entre edomex y empresas privadas logra cofra record en el mega reciclaton de naucalpan de ma,20,0,2,-0.1
5090,metropoliaqui si hay orden familias prefieren ir al fan fest sobre reforma para ver el partido mexic,17,0,0,0.0
5091,mexico vs inglaterra finanzasmicrosoft se suma a ola de despidos recorta casi mil empleos en medio d,19,0,0,0.0
5092,en obras de agua la prensa el sol de mexico plan hidrico del edomex oriente cumple un ano sin resolv,17,2,2,0.0
5093,millones de pesos y busca abatir rezagos en diez municipios de la region la inversion global de dich,17,1,0,0.058823529411764705
5094,diez municipios de la region te quedas fuera de la conversacion mandamos a tu correo el mejor resume,15,0,0,0.0
5095,familias prefieren ir al fan fest sobre reforma para ver el partido mexico vs inglaterra metropolied,19,0,0,0.0
5096,pide reforzar vigilancia asegura que la ley seca no detiene venta ilegal de alcohol metropolicomisio,20,1,1,0.0
5097,sumando oportunidades gossipde god bless america a this is america la evolucion de las canciones pat,17,0,0,0.0
5098,orden familias prefieren ir al fan fest sobre reforma para ver el partido mexico vs inglaterra metro,19,0,0,0.0
5099,temas la prensa el sol de mexico metropoliaqui si hay orden familias prefieren ir al fan fest sobre ,17,0,0,0.0
5100,mil policias y vehiculos para el partido mexico vs inglaterra temas la prensa el sol de mexico de ma,18,1,0,0.05555555555555555
5101,dentro de la fes acatlan de septiembre de involucrados en rina en la fes acatlan aun declaran en el ,15,0,0,0.0
5102,al fan fest sobre reforma para ver el partido mexico vs inglaterra metropoliedomex desplego casi tre,18,0,0,0.0
5103,ola de despidos recorta casi mil empleos en medio de reestructuracion de xbox temas la prensa el sol,18,0,0,0.0
5104,sobre reforma para ver el partido mexico vs inglaterra metropoliedomex desplego casi tres mil polici,19,0,0,0.0
5105,anuar azar por promocion ilegal y uso de recursos publicos metropolianota un gol por las mujeres des,18,0,1,-0.05555555555555555
5106,el sol de mexico metropoliaqui si hay orden familias prefieren ir al fan fest sobre reforma para ver,17,0,0,0.0
5107,vehiculos para el partido mexico vs inglaterra metropoliclara brugada ordena investigar fallecimient,19,1,2,-0.05263157894736842
5108,gas en neza el sol de mexico regresan a sus viviendas las familias desalojadas por fuga de gas en ne,16,0,2,-0.125
5109,normalizaran este de julio fiscalia investiga las causas el gobierno municipal anuncio que las activ,16,0,0,0.0
5110,la conversacion mandamos a tu correo el mejor resumen informativo temas la prensa el sol de mexico d,16,0,0,0.0
5111,abusar de su expareja de julio de con armas droga y vehiculos robados detienen a dos operadores de l,16,0,0,0.0
5112,rodriguez y anuar azar por promocion ilegal y uso de recursos publicos de julio de mexico vs inglate,16,0,1,-0.0625
5113,desmantelan red de aviadores en el edomex desfalco supera los millones de pesos metropoliaqui si hay,17,1,0,0.058823529411764705
5114,vs inglaterra metropoliedomex desplego casi tres mil policias y vehiculos para el partido mexico vs ,19,0,0,0.0
5115,reestructuracion de xbox temas la prensa el sol de mexico de mayo de aprueban licencia de juan de di,18,0,0,0.0
5116,de quien era jose luis cortes trejo el politico de tlalnepantla que murio frente al palacio municipa,17,0,0,0.0
5117,de cabildo metropoliaqui si hay orden familias prefieren ir al fan fest sobre reforma para ver el pa,17,0,0,0.0
5118,el partido mexico vs inglaterra finanzasmicrosoft se suma a ola de despidos recorta casi mil empleos,18,0,0,0.0
5119,junio de autonomia universitaria condiciones y desafios para la educacion superior en mexico de mayo,16,2,0,0.125
5120,acatlan de enero de la autonomia no se hereda se defiende cotidianamente asegura rector de la unam d,15,0,2,-0.13333333333333333
5121,se paraliza rector leonardo lomeli de agosto de exfuncionarios electorales piden fortalecer registro,19,0,0,0.0
5122,democracia leonardo lomeli rector de la unam metropoliaqui si hay orden familias prefieren ir al fan,18,0,0,0.0
5123,mil policias y vehiculos para el partido mexico vs inglaterra finanzasmicrosoft se suma a ola de des,19,1,0,0.05263157894736842
5124,aviadores en el edomex desfalco supera los millones de pesos el sol de mexico desmantelan red de avi,17,1,0,0.058823529411764705
5125,presuntamente participaban altos mandos de las secretarias de finanzas educacion y seguridad ya son ,19,2,0,0.10526315789473684
5126,educacion y seguridad ya son personas detenidas alvaro velazquez retira caem toneladas de basura en ,19,3,2,0.05263157894736842
5127,drenajes sacan basura equivalente a camiones de volteo a lo largo de municipios se han desazolvado k,15,0,1,-0.06666666666666667
5128,largo de municipios se han desazolvado kilometros de tuberia una distancia similar al trayecto entre,13,0,0,0.0
5129,resumen informativo el por ciento de trabajadoras del hogar no tiene contrato ni seguridad social la,17,1,0,0.058823529411764705
5130,los procesos deben ser mas accesibles para los empleadores que deben garantizar condiciones dignas p,14,0,0,0.0
5131,patricia carrasco agenda de marchas hoy de julio en cdmx protestas en reforma y periferico sur la pr,17,0,0,0.0
5132,cdmx este domingo las alcaldias miguel hidalgo cuauhtemoc tlalpan y xochimilco seran las principales,20,0,0,0.0
5133,las principales afectadas por movilizaciones te quedas fuera de la conversacion mandamos a tu correo,15,0,0,0.0
5134,retrato toy story los usuarios comienzan a interactuar con smartphones y tablets a edades cada vez m,16,0,0,0.0
5135,el uso de estos dispositivos entre ninos menores de seis anos capturan a kenzo el tigre blanco que e,13,0,0,0.0
5136,de mexico clausuran centro de manejo silvestre tras la fuga y muerte del tigre kenzo el ejemplar esc,16,0,2,-0.125
5137,sabado cerca de la carretera federal mexico veracruz tras casi dias de busqueda fue ubicado pero mur,18,2,0,0.1111111111111111
5138,del edomex el sol de toluca el sol de mexico detienen al coordinador regional del gobierno del edome,18,0,0,0.0
5139,detenido a traves del operativo enjambre este jueves en toluca autoridades estatales reiteraron su c,14,2,1,0.07142857142857142
5140,ximena garcia cch azcapotzalco suspende clases de marzo el sol de mexico un millon mil personas acud,20,0,0,0.0
5141,mexico vs inglaterra pronostican lluvia intensa con fuertes vientos y descarga electrica durante la ,17,0,0,0.0
5142,gisela denuncia que su cuenta fue vulnerada y sus accesos de palco fueron transferidos a personas de,16,2,0,0.125
5143,bloquean accesos al metro cuatro caminos en naucalpan el sol de mexico caos en toreo transportistas ,18,0,0,0.0
5144,autoridades respecto a las obras de la linea del mexicable humberto meza y maximiliano perez la pren,14,0,0,0.0
5145,linea del mexicable humberto meza y maximiliano perez la prensa construyen en tlalne y naucalpan el ,19,0,0,0.0
5146,tlalne reducira hasta minutos el traslado al aifa el macrolibramiento mexiquense estaria listo en di,17,0,0,0.0
5147,ruben perez hombre muere atropellado en la toluca naucalpan el sol de mexico el accidente ocurrio a ,17,0,0,0.0
5148,huyo por lo que la fiscalia ya investiga el caso el imputado ingreso con un vehiculo tipo razer al c,15,0,1,-0.06666666666666667
5149,especie vegetal catalogada bajo proteccion especial lino n coordinador general de gobierno de la reg,20,3,1,0.1
5150,reiteraron su compromiso con la con la procuracion de justicia por lo que se mantendra la colaboraci,13,0,0,0.0
5151,de san pedro xalostoc en ecatepec lo que provoco severo congestionamiento vehicular en direccion a l,17,0,1,-0.058823529411764705
5152,y minutos despues fue localizado el cuerpo de un hombre dentro del rio a la altura del libramiento i,13,1,0,0.07692307692307693
5153,victima y posteriormente abandono el cuerpo en el municipio de tultepec para intentar desviar las in,13,1,2,-0.07692307692307693
5154,un delegado administrativo de la secti la investigacion deriva de auditorias sobre la gestion de per,16,4,1,0.1875
5155,de la capital mexiquense luego de que la victima lo identifico tambien es investigado por otros robo,14,0,2,-0.14285714285714285
5156,a usuarios de otzolotepec temoaya y xonacatlan el sol de mexico flecha roja suspende ruta a toreo y ,17,0,0,0.0
5157,operar el recorrido san pedro temoaya naucalpan lo que obliga a cientos de usuarios a realizar trans,16,0,0,0.0
5158,a que las opciones de transporte hacia esta zona son minimas paola montoya el sol de toluca temas la,15,0,0,0.0
5159,a dos implicados en supuesto secuestro simulado de alcaldesa de tenancingo de abril de naucalpan reg,15,0,1,-0.06666666666666667
5160,denuncia el pan que militantes de morena en xochimilco recibieron un millon de pesos metropoliaqui s,16,1,0,0.0625
5161,mexico vs inglaterra metropoliedomex desplego casi tres mil policias y vehiculos para el partido mex,20,0,0,0.0
5162,de reestructuracion de xbox mexicable de naucalpan registra un avance del la prensa el sol de mexico,18,2,1,0.05555555555555555
5163,en minutos ofrecera un servicio de transporte publico de calidad moderno digno eficiente y economico,21,6,0,0.2857142857142857
5164,ruben perez de naucalpan a buenavista en tren ligero preparan estudios para valorar el sol de mexico,18,0,0,0.0
5165,del de su plantilla en estados unidos lo que representa a aproximadamente mil empleados el consumo c,13,0,0,0.0
5166,y servicios nacionales se mantuvo estable de acuerdo con el inegi esta iniciativa forma parte de una,15,0,0,0.0
5167,la extorsion afirmo la presidenta comisionada incrementa su produccion en mil barriles diarios de cr,15,1,2,-0.06666666666666667
5168,mayor cuota empresas que brindan estos servicios de telecomunicaciones son los mas denunciadas ante ,13,1,0,0.07692307692307693
5169,trimestre entrego por ciento mas autos que hace un ano tocando un record y superando las expectativa,17,0,0,0.0
5170,de localizan a menor reportada como desaparecida tras intervencion de la policia de naucalpan de mar,14,0,1,-0.07142857142857142
5171,motociclista se estampa detras de marzo de atropellan a abuelito cuando cruzaba la carretera naucalp,15,0,2,-0.13333333333333333
5172,ejecutan a tres y abandonan sus cuerpos en la naucalpan toluca de julio de luto en san francisco chi,15,0,1,-0.06666666666666667
5173,julio de muere lupita nina que resulto herida por choque de trailer en la naucalpan toluca metropoli,17,0,1,-0.058823529411764705
5174,el partido mexico vs inglaterra metropoliedomex desplego casi tres mil policias y vehiculos para el ,20,0,0,0.0
5175,en medio de reestructuracion de xbox temas la prensa el sol de mexico de junio de es oficial congres,17,0,0,0.0
5176,febrero de deseas registrar alguna propuesta para naucalpan aqui te decimos como cuando y donde metr,13,0,0,0.0
5177,partido mexico vs inglaterra metropoliedomex desplego casi tres mil policias y vehiculos para el par,21,0,2,-0.09523809523809523
5178,seguridad tramo del macrolibramiento mexiquense en naucalpan aliviara congestion vehicular el sol de,21,1,0,0.047619047619047616
5179,la saturacion en avenidas municipales donde circulan vehiculos particulares y de transporte publico ,18,0,0,0.0
5180,de transporte publico te quedas fuera de la conversacion mandamos a tu correo el mejor resumen infor,16,0,0,0.0
5181,story los usuarios comienzan a interactuar con smartphones y tablets a edades cada vez mas tempranas,14,0,0,0.0
5182,de estos dispositivos entre ninos menores de seis anos temas el sol de mexico de mayo de naucalpan d,16,0,2,-0.125
5183,marzo de tramo del macrolibramiento mexiquense en naucalpan aliviara congestion vehicular de marzo d,19,0,0,0.0
5184,diciembre de reabren carril lateral del periferico norte tras concluir trabajos de rehabilitacion de,18,1,0,0.05555555555555555
5185,de mama de kimberly moya afirma que hay mas personas involucradas en la desaparicion de la joven mex,16,0,0,0.0
5186,politico rumbo a mexicopresunto desfalco de mdp universidad autonoma benito juarez desata denuncia p,21,1,0,0.047619047619047616
5187,de reestructuracion de xbox temas el sol de toluca el sol de mexico de diciembre de microsismos en n,16,1,0,0.0625
5188,sismologico nacional investigara los sonidos que provienen del subsuelo en naucalpan de agosto de bl,18,0,0,0.0
5189,investiga red de presuntos aviadores en el sector educativo hay vinculados a proceso finanzasmicroso,18,2,0,0.1111111111111111
5190,temas tribuna de san luis el sol de mexico localcorte suprema de estados unidos rechaza prohibicion ,18,0,1,-0.05555555555555555
5191,despidos recorta casi mil empleos en medio de reestructuracion de xbox temas el sol de mexico mexico,19,0,0,0.0
5192,rumbo a mexicopresunto desfalco de mdp universidad autonoma benito juarez desata denuncia penal de l,20,1,0,0.05
5193,reestructuracion de xbox transportistas bloquean cuatro caminos por obras del mexicable linea el sol,19,0,0,0.0
5194,en uno de los principales centros de conexion entre el estado de mexico y la ciudad de mexico alan j,14,0,0,0.0
5195,el sol de toluca el sol de mexico de junio de vecinos buscan frenar construccion de presuntas bodega,18,0,3,-0.16666666666666666
5196,unidad habitacional de chalco divide opiniones ante posible aumento de inseguridad localfiscalia del,19,2,1,0.05263157894736842
5197,a ola de despidos recorta casi mil empleos en medio de reestructuracion de xbox temas la prensa el s,17,0,0,0.0
5198,la economia circular y estandares internacionales en la industria plastica mexicana de mayo de anipa,18,0,0,0.0
5199,alianza entre edomex y empresas privadas logra cofra record en el mega reciclaton de naucalpan de ma,18,0,0,0.0
5200,tu bolsillo metropoliaqui si hay orden familias prefieren ir al fan fest sobre reforma para ver el p,17,0,0,0.0
5201,el partido mexico vs inglaterra finanzasmicrosoft se suma a ola de despidos recorta casi mil empleos,18,0,0,0.0
5202,mexico de junio de plan oriente logra reducir delitos tras concentrar de la incidencia delictiva del,19,0,0,0.0
5203,mensuales localfiscalia del edomex investiga red de presuntos aviadores en el sector educativo hay v,19,2,0,0.10526315789473684
5204,de reestructuracion de xbox detienen en iztapalapa a presunto responsable de almacenar material de a,19,0,0,0.0
5205,de abuso sexual infantil la investigacion iniciada a partir de un reporte internacional sobre almace,18,0,0,0.0
5206,sol de mexico de agosto de arrestan en eu a una persona relacionada con la muerte por sobredosis de ,16,0,1,-0.0625
5207,baldio de la colonia ampliacion san mateo zona norte naucalpan de febrero de hallan muerta a mujer d,18,1,0,0.05555555555555555
5208,por presunta sobredosis sujeto fallece a bordo de su auto en la colonia santo tomas azcapo metropoli,17,0,0,0.0
5209,el partido mexico vs inglaterra metropoliedomex desplego casi tres mil policias y vehiculos para el ,19,0,0,0.0
5210,de mando de avanzada en estadio azteca capacitado para atender cualquier emergencia de mayo de emerg,17,0,2,-0.11764705882352941
5211,de localizan sin vida a un hombre en calles de tepetlaoxtoc investigan posible infarto metropoliaqui,15,1,0,0.06666666666666667
5212,de reestructuracion de xbox temas el sol de toluca el sol de mexico de agosto de como se veria la ti,12,0,0,0.0
5213,un arbol cada ano localfiscalia del edomex investiga red de presuntos aviadores en el sector educati,18,2,0,0.1111111111111111
5214,empleos en medio de reestructuracion de xbox el sol de mexico de abandono a renovacion rehabilitan c,16,1,1,0.0
5215,colonia se realizaron labores de bacheo reposicion de luminarias y otros trabajos para mejorar la im,16,0,0,0.0
5216,luminarias y otros trabajos para mejorar la imagen urbana temas la prensa el sol de mexico de junio ,18,2,0,0.1111111111111111
5217,y pintan de junio de buscan ensenar en escuelas como identificar relaciones toxicas y prevenir la vi,16,2,1,0.0625
5218,cdmx toluca y pachuca tras inauguracion del mundial de junio de la cruda mundialista vacia las aulas,16,3,0,0.1875
5219,con agua fortalece acceso hidrico y beneficia a mas de alumnos en estados de mayo de congreso de cdm,15,2,2,0.0
5220,mayo de la escuela del vagon un salon sobre rieles que resiste al tiempo y las inundaciones en nauca,14,1,1,0.0
5221,reforma para ver el partido mexico vs inglaterra metropoliedomex desplego casi tres mil policias y v,19,0,0,0.0
5222,casi mil empleos en medio de reestructuracion de xbox clasificacion el sol de hidalgo el sol de mexi,15,0,0,0.0
5223,anos de la desaparicion de los de junio de durazo reconoce despliegue de guardia nacional en fronter,16,1,0,0.0625
5224,barbacoa en actopan tradicion que conquista paladares tendenciaskim shantal y suavecito por que fue ,16,0,0,0.0
5225,criticas de un actor por estar tirandole al de al lado no logran cosas invita gobierno del edomex a ,13,1,1,0.0
5226,mexico invita gobierno del edomex a no desperdiciar agua durante periodo de semana santa recomiendan,19,1,3,-0.10526315789473684
5227,y evitar el desperdicio te quedas fuera de la conversacion mandamos a tu correo el mejor resumen inf,16,0,2,-0.125
5228,y la paz obras estaran listas al por ciento en dias y cuatro de las seis ya operan parcialmente info,14,1,1,0.0
5229,el interes por la kombucha ha crecido entre quienes buscan mejorar su salud digestiva en ixtapan de ,14,0,0,0.0
5230,artesanal que hoy se vende en cafeterias del valle de toluca vecinos denuncian que el deterioro del ,14,0,0,0.0
5231,agua oculta hoyos de gran tamano que han provocado danos a vehiculos y representan un riesgo para au,16,1,4,-0.1875
5232,de nuevos deslaves en tejupilco una familia vive en un refugio improvisado sin agua ni electricidad ,14,1,1,0.0
5233,senala que aun no existe evidencia de que la extraccion de agua sea la causa de las fracturas en el ,11,1,1,0.0
5234,ocho meses miles de aficionados abarrotaron restaurantes bares y establecimientos del municipio para,16,0,0,0.0
5235,apago la fiesta y dejo un ambiente de decepcion aunque tambien de orgullo por la entrega del equipo ,14,2,0,0.14285714285714285
5236,la lengua mazahua la danza la musica y otras expresiones tradicionales para contribuir a la preserva,14,3,0,0.21428571428571427
5237,vecinales juveniles y estudiantiles servira como vinculo entre la ciudadania y el gobierno municipal,19,2,0,0.10526315789473684
5238,de febrero de zonas con alta plusvalia sufren por los microsismos en cdmx pero las rentas caras sigu,15,0,0,0.0
5239,desconocidos para los capitalinos de noviembre de tres microsismos sacuden naucalpan tambien se sint,15,0,0,0.0
5240,obregon con un minuto de diferencia mexicosomos mx cumplio con asambleas distritales y se acerca al ,20,0,0,0.0
5241,desata denuncia penal de la asf finanzasmicrosoft elimina mil empleos y se suma a ola de despidos en,18,1,0,0.05555555555555555
5242,mexico de abril de sin imposicion vecinos decidiran el futuro de los parquimetros en la alcaldia cua,17,0,0,0.0
5243,de parquimetro y golpear a policia en alcaldia cuauhtemoc de febrero de detienen a hombre por agredi,16,0,0,0.0
5244,prefieren ir al fan fest sobre reforma para ver el partido mexico vs inglaterra metropoliedomex desp,19,1,0,0.05263157894736842
5245,de periferico norte la prensa el sol de mexico casi listo obras en periferico norte avanzan la rehab,19,1,0,0.05263157894736842
5246,desazolve la rehabilitacion incluye mantenimiento en areas verdes mejoras en puentes peatonales y la,17,1,0,0.058823529411764705
5247,temas el sol de orizaba el sol de mexico de agosto de insolito viaja trepado en los tubos del tren l,16,0,0,0.0
5248,futbol en orizaba muestra la historia del balompie y como llego este deporte al pueblo magico tenden,16,1,0,0.0625
5249,el final finanzasmicrosoft se suma a ola de despidos recorta casi mil empleos en medio de reestructu,18,0,0,0.0
5250,suspension de actividades presenciales ante ola de violencia en parral de mayo de violencia obliga a,17,0,2,-0.11764705882352941
5251,en linea de octubre de no has terminado la prepa la sep lanza convocatoria para terminar el bachille,16,1,0,0.0625
5252,linea tras enfrentamiento entre porros de noviembre de videoacademia penitenciaria de mexico lleva l,18,0,0,0.0
5253,partido politico rumbo a mexicopresunto desfalco de mdp universidad autonoma benito juarez desata de,21,1,0,0.047619047619047616
5254,medio de reestructuracion de xbox temas la prensa el sol de mexico de julio de dan de baja a dos per,13,0,1,-0.07692307692307693
5255,escena de crimen cometido en ecatepec de septiembre de una vida entre muertos la perita medica foren,18,0,2,-0.1111111111111111
5256,ser arrollado por pesado camion de pasajeros sobre la calzada mexico xochimilco de marzo de inaugura,18,0,0,0.0
5257,prefieren ir al fan fest sobre reforma para ver el partido mexico vs inglaterra metropoliedomex desp,18,0,0,0.0
5258,suma a ola de despidos recorta casi mil empleos en medio de reestructuracion de xbox temas la prensa,18,1,0,0.05555555555555555
5259,tenia en su poder por adeudo del exgobernador murat hinojosa de agosto de empresas que construyeron ,16,1,0,0.0625
5260,ir al fan fest sobre reforma para ver el partido mexico vs inglaterra metropoliedomex desplego casi ,18,0,0,0.0
5261,a ola de despidos recorta casi mil empleos en medio de reestructuracion de xbox temas el sol de mexi,18,0,0,0.0
5262,comienzan a interactuar con smartphones y tablets a edades cada vez mas tempranas senala un estudio ,13,0,0,0.0
5263,entre ninos menores de seis anos temas el sol de mexico ninos y tablets la realidad que retrato toy ,16,0,0,0.0
5264,edades cada vez mas tempranas senala un estudio del instituto de investigaciones juridicas de la una,12,0,0,0.0
5265,sol de toluca el sol de mexico de junio de martha cristiana renuncia a miss universo mexico por falt,18,0,3,-0.16666666666666666
5266,por sus comentarios contra la entrenadora transgenero del sutton de marzo de eufonio para violeta pr,16,0,0,0.0
5267,presunto implicado en el feminicidio de una mujer transgenero en toluca de octubre de comunidad tran,17,0,1,-0.058823529411764705
5268,del edomex investiga red de presuntos aviadores en el sector educativo hay vinculados a proceso fina,18,2,0,0.1111111111111111
5269,de xbox temas la prensa el sol de mexico de abril de tultitlan ecatepec y naucalpan bajo la lupa de ,15,0,0,0.0
5270,la nueva viga operan a media maquina por escasez de mariscos del golfo de marzo de romeritos el plat,16,0,0,0.0
5271,cdmx de febrero de precios altos complican que negocios mantengan la calidad de la comida que venden,16,1,0,0.0625
5272,y derrama millonaria en cuaresma de febrero de restaurantes y pescaderias de cdmx se beneficiaran co,16,0,0,0.0
5273,el camaron y la mojarra pero baja el jitomate y aguacate metropoliaqui si hay orden familias prefier,16,0,0,0.0
5274,metropoliedomex desplego casi tres mil policias y vehiculos para el partido mexico vs inglaterra fin,18,0,0,0.0
5275,xbox temas el sol de mexico de enero de organizacion del foro de davos confirma incidente relacionad,16,0,0,0.0
5276,imagenes de nueva york bajo el humo de incendios forestales mexicosomos mx cumplio con asambleas dis,18,0,0,0.0
5277,universidad autonoma benito juarez desata denuncia penal de la asf finanzasmicrosoft se suma a ola d,20,1,0,0.05
5278,el sol de mexico de junio de alertan por enorme socavon de siete metros en miguel hidalgo piden inte,18,0,2,-0.1111111111111111
5279,tulyehualco para mejorar movilidad de los pobladores de marzo de llegue tarde a clases reparacion po,18,2,3,-0.05555555555555555
5280,en cdmx asi detectara el gobierno las zonas rojas de socavones de diciembre de socavon en el parque ,17,0,2,-0.11764705882352941
5281,si hay orden familias prefieren ir al fan fest sobre reforma para ver el partido mexico vs inglaterr,17,0,0,0.0
5282,vs inglaterra finanzasmicrosoft se suma a ola de despidos recorta casi mil empleos en medio de reest,18,0,0,0.0
5283,de yakult el oficio que combate la soledad de la poblacion adulta en japon de diciembre de repartido,17,0,1,-0.058823529411764705
5284,conductores y repartidores de uber tendran acceso a creditos tras alianza con consubanco y bkaya de ,16,1,1,0.0
5285,a la seguridad social de septiembre de repartidor de amazon de dia y cantante de noche la historia d,15,1,0,0.06666666666666667
5286,fan fest sobre reforma para ver el partido mexico vs inglaterra metropoliedomex desplego casi tres m,19,0,0,0.0
5287,de despidos recorta casi mil empleos en medio de reestructuracion de xbox temas el sol de toluca el ,18,0,0,0.0
5288,mil pesos para cerrar el ciclo escolar de junio de buscan que hijos de madres solteras rurales tenga,17,0,0,0.0
5289,paz denuncian presuntas amenazas por movilizacion estudiantil de marzo de de la pandemia a la inteli,18,2,1,0.05555555555555555
5290,presuntos aviadores en el sector educativo hay vinculados a proceso finanzasmicrosoft se suma a ola ,18,1,0,0.05555555555555555
5291,el sol de mexico de septiembre de demandan inspeccion en pozos de biogas en tiradero de santa catari,17,0,1,-0.058823529411764705
5292,sobre reforma para ver el partido mexico vs inglaterra metropoliedomex desplego casi tres mil polici,18,0,0,0.0
5293,recorta casi mil empleos en medio de reestructuracion de xbox extorsion y secuestro virtual lo que m,16,0,2,-0.125
5294,informo que mas de un millon de personas disfrutaron del partido de la seleccion mexicana en la cdmx,13,0,0,0.0
5295,la instalacion de pantallas gigantes en puntos estrategicos cumplio con exito el objetivo de desahog,18,1,0,0.05555555555555555
5296,muy temprano los comerciantes se instalaron en el centro historico y reforma para tratar de obtener ,14,0,0,0.0
5297,entre integrantes de colectivos de madres buscadoras activistas en defensa del agua organizaciones q,16,1,1,0.0
5298,adolfo cerqueda rebollo gran ambiente de fiesta y familiar se vive en la explanada del municipio tem,17,0,0,0.0
5299,paso libre en casetas de tlalpan la naucalpan ecatepec y mexico puebla de julio de autopista mexico ,16,0,0,0.0
5300,de febrero de administracion trump bloquea polemico peaje para entrar en el centro de manhattan de f,19,0,0,0.0
5301,y sabores inicia la feria de la barbacoa en actopan tradicion que conquista paladares finanzasmicros,17,1,0,0.058823529411764705
5302,xbox temas diario de xalapa el sol de mexico de junio de cnte permite paso libre en casetas de tlalp,18,0,0,0.0
5303,trump bloquea polemico peaje para entrar en el centro de manhattan de noviembre de vehiculos compact,18,0,0,0.0
5304,agosto de libramiento de coatepec se abrira a la circulacion este domingo inversion fue de mdp finan,16,3,0,0.1875
5305,reestructuracion de xbox temas la prensa el sol de mexico de noviembre de mai image microsoft laza n,19,0,0,0.0
5306,citlalli ramirez la bombera que da imagen a la playera del maraton de cdmx metropoliaqui si hay orde,15,0,0,0.0
5307,de reestructuracion de xbox temas la prensa el sol de mexico de junio de relanzan campana no te haga,16,0,0,0.0
5308,de junio de impulsan en el congreso plan para recuperar rios y fortalecer el suministro de agua en c,17,2,1,0.058823529411764705
5309,cambiar nombre de la estacion metropoliaqui si hay orden familias prefieren ir al fan fest sobre ref,18,0,0,0.0
5310,y vehiculos para el partido mexico vs inglaterra finanzasmicrosoft se suma a ola de despidos recorta,18,0,0,0.0
5311,de mayo de ante destrozos en ciudad universitaria unam alista denuncias contra grupos porriles de oc,19,1,1,0.0
5312,mexicosomos mx cumplio con asambleas distritales y se acerca al registro como partido politico rumbo,21,1,0,0.047619047619047616
5313,finanzasmicrosoft se suma a ola de despidos recorta casi mil empleos en medio de reestructuracion de,16,0,0,0.0
5314,ciudad universitaria unam alista denuncias contra grupos porriles de marzo de detienen a dos presunt,19,0,0,0.0
5315,golpe contra porros encapuchados ingresan al cecyt y son remitidos al mp de octubre de caen cuatro p,15,0,0,0.0
5316,octubre de estudiante deja el bachilleres por agresion de porros alumnos sufren amenazas y extorsion,17,1,1,0.0
5317,partido mexico vs inglaterra metropoliedomex desplego casi tres mil policias y vehiculos para el par,20,0,0,0.0
5318,medio de reestructuracion de xbox temas el sol de mexico de junio de cnte permite paso libre en case,17,0,0,0.0
5319,uno de los tuneles carreteros mas largos de mexico podria abrir este marzo en tamaulipas cuanto cost,14,0,0,0.0
5320,puente el prieto conductores de pueblo viejo reportan aumento de febrero de administracion trump blo,19,0,0,0.0
5321,del puente tampico como avanza el proyecto de su reubicacion de enero de paramedicos tienen que paga,16,0,0,0.0
5322,taller clandestino de carbon vegetal operaba en una area natural protegida finanzasmicrosoft se suma,19,0,0,0.0
5323,norte del valle de mexico refugio de familias para ahorrar ante alza de precios el sol de mexico tia,17,0,0,0.0
5324,ante alza de precios comparar regatear y comprar solo lo indispensable se ha vuelto parte de la ruti,15,0,0,0.0
5325,la despensa alan jimenez temas el sol de mexico de febrero de arzobispado admite imprudencia en cart,18,0,0,0.0
5326,de detienen a un adolescente por el homicidio del sacerdote bertoldo n en eduardo neri de octubre de,16,0,2,-0.125
5327,de junio de vinculan a proceso a sacerdote de legionarios de cristo por presunta violacion a menor e,17,0,1,-0.058823529411764705
5328,como partido politico rumbo a mexicopresunto desfalco de mdp universidad autonoma benito juarez desa,21,1,0,0.047619047619047616
5329,en medio de reestructuracion de xbox temas el sol de toluca el sol de mexico de julio de solo la aut,14,1,0,0.07142857142857142
5330,al protocolo expertos de julio de profepa espera resultados preliminares de la necropsia del tigre k,18,0,0,0.0
5331,edomex tras muerte del tigre de bengala blanco de junio de semarnat aclara que tigre de bengala no e,16,0,0,0.0
5332,de febrero de tras el hallazgo de un tigre muerto en valle de bravo piden intervencion de autoridade,17,1,1,0.0
5333,educativo hay vinculados a proceso finanzasmicrosoft se suma a ola de despidos recorta casi mil empl,17,1,0,0.058823529411764705
5334,mexico localfiscalia del edomex investiga red de presuntos aviadores en el sector educativo hay vinc,18,2,0,0.1111111111111111
5335,estrenan cancha en la colonia mexico como legado del mundial social de octubre de debates sobre poli,19,1,0,0.05263157894736842
5336,de adios deportivo eduardo molina hola utopia en venustiano carranza fotorreportaje metropoliaqui si,20,0,0,0.0
5337,xbox temas la prensa el sol de mexico de junio de buscan ensenar en escuelas como identificar relaci,17,1,1,0.0
5338,macias quien es la profesora que impulsa la ley valeria y busca castigar el acecho de noviembre de n,18,0,0,0.0
5339,pro para erradicar violencia en las escuelas de septiembre de involucrados en rina en la fes acatlan,16,1,1,0.0
5340,que hacer si mi hijo molesta a sus companeros y como afecta su desarrollo metropoliaqui si hay orden,13,0,0,0.0
5341,de reestructuracion de xbox temas el sol de leon el sol de mexico de junio de la cnte continua prote,16,0,0,0.0
5342,comerciales de junio de cnte permite paso libre en casetas de tlalpan la naucalpan ecatepec y mexico,18,0,0,0.0
5343,tramita ya el nuevo tag de marzo de rechaza resistencia descuentos para usar carretera de cuota guan,18,2,0,0.1111111111111111
5344,viales y alza en peajes de febrero de concesion de la carretera guanajuatosilao permitira construir ,17,0,0,0.0
5345,la carretera de cuota guanajuato silao finanzasmicrosoft se suma a ola de despidos recorta casi mil ,18,0,0,0.0
5346,de mexico de junio de la cnte continua protestas en estados toma casetas planta de pemex y hasta pla,16,0,0,0.0
5347,tlalpan la naucalpan ecatepec y mexico puebla de noviembre de nuestro regalo del buen fin cnte deja ,15,0,0,0.0
5348,de casetas en aifa exentan pagos cuales son y que debes presentar para pagar cero pesos de mayo de e,16,0,0,0.0
5349,de una caseta de policia abandonada de mayo de asignan policias a casetas que seran rehabilitadas en,16,1,1,0.0
5350,recorta casi mil empleos en medio de reestructuracion de xbox temas la prensa el sol de mexico de ab,18,0,0,0.0
5351,del bosque de chapultepec metropoliaqui si hay orden familias prefieren ir al fan fest sobre reforma,17,0,0,0.0
5352,vehiculos para el partido mexico vs inglaterra finanzasmicrosoft elimina mil empleos y se suma a ola,19,0,0,0.0
5353,el sol de mexico de junio de cnte permite paso libre en casetas de tlalpan la naucalpan ecatepec y m,17,0,0,0.0
5354,ciudad juarez a partir del de abril de julio de viajas por carretera invita secretaria de hacienda a,15,0,0,0.0
5355,reporta hacienda aumento de usuarios que pagan casetas de peaje con tarjetas bancarias de febrero de,19,0,0,0.0
5356,el grito pache pache festeja la independencia con disfraz y se vuelve viral video localmesa de segur,17,1,1,0.0
5357,crimen localpersecucion por presunto secuestro en chihuahua termina con cuatro detenidos y dos menor,16,1,2,-0.0625
5358,reforma al codigo penal propuesta por dulcelina sanchez de lira tambien establece agravantes para pr,19,0,0,0.0
5359,el territorio para evitar que persista la anarquia que se traduce en problemas de movilidad falta de,15,2,5,-0.2
5360,azuara servicios municipales asegura que los desperfectos quedan resueltos en horas un juez federal ,18,0,0,0.0
5361,notificar solicitudes de informacion sobre la muerte del perro hachi durante un operativo municipal ,18,1,0,0.05555555555555555
5362,y adolescentes el uso responsable del sistema de emergencias carambola y volcadura colapsan la mexic,18,0,0,0.0
5363,pachuca cuatro personas resultan heridas el accidente involucro un tractocamion y tres vehiculos par,18,0,1,-0.05555555555555555
5364,direccion a la ciudad de mexico temas el sol de mexico temas toggle menu ciudad de mexico de julio d,20,0,0,0.0
5365,al canal edicion impresa mexico metropoli mundo finanzas analisis cartones gossip cultura tendencias,27,0,0,0.0
5366,turismo juegos a b c d e f g h i j k l m n o p q r s t u v w x y z c c,20,0,0,0.0
5367,caem catar catem cbp cce cch cch azcapotzalco cch naucalpan cch oriente cch sur cd cdc cdhcm cdhdf c,30,0,0,0.0
5368,ces ces las vegas cfe cia cide cidh cij cisen cjf cjng cmb cmll cnbv cnc cndh cne cnh cnn cns cnte c,29,0,0,0.0
5369,conalep concamin concanaco condusef consar contla cop cop cop cop coparmex covid coyotes cpc cre cri,30,0,0,0.0
5370,cabinas cablebus cables caborca cacao cachito cactus cadereyta cadetes cadaveres cae cafetaleros caf,30,0,0,0.0
5371,global cali calidad calidad de vida calificacion calificadoras california calles caloncho calor calz,28,4,0,0.14285714285714285
5372,cambridge analytica came camila camila cabello camila sodi camilo camino camion camioneros camiones ,28,0,0,0.0
5373,campos canabis canacar canacintra canaco canacope canadevi canada canal once canales cananea canapat,29,0,0,0.0
5374,candidatos presidencial candidatos presidenciales candidaturas canelo alvarez canibalismo canirac ca,29,0,0,0.0
5375,sixtina capital capitalismo capitolio capitan america capo captacion pluvial captain marvel captura ,30,1,0,0.03333333333333333
5376,carlos ahumada carlos bremer carlos fuentes carlos ghosn carlos lomeli carlos loret de mola carlos m,28,0,0,0.0
5377,carlos slim carlos trejo carlos urzua carlos vela carmen salinas carnavales carne carnes rojas carni,29,0,0,0.0
5378,carstens carta cartel cartel jalisco nueva generacion cartel de santa cartel de sinaloa carteles car,26,0,0,0.0
5379,casas de cultura casas grandes casas de empeno cascanueces casetas casillas especiales casinos caso ,27,0,0,0.0
5380,castillo castillo de chapultepec casting castracion quimica cataluna catastro catedral catedral metr,26,0,0,0.0
5381,cana canaveral caneros canon del sumidero cbtis ccu cdh cdi cebollas ceci flores cecilia monzon cees,29,1,0,0.034482758620689655
5382,celulares cementera cementerio cementerios cemento cemex cempasuchil cena cena de navidad cenace cen,28,0,0,0.0
5383,de autobuses centro centro comercial centro cultural centro de acopio centro de congresos centro fed,23,1,0,0.043478260869565216
5384,conciliacion laboral centro de identificacion humana centroamerica centros comerciales centros cultu,26,0,0,0.0
5385,cerebro ceremonia cereso cerocahui cerro cerro del chiquihuite certamen certeza juridica certificaci,28,0,0,0.0
5386,challenge chalma chamapa lecheria champions champions league chamula chanel chapecoense chapingo cha,29,0,1,-0.034482758620689655
5387,chelsea chenalho chepe express chernobil chespirito chetumal chevrolet chiapa chiapadecorzo chiapas ,29,0,0,0.0
5388,chilapa chile chile en nogada chiles chilpancingo chimalhuacan china chinches chinos chipilo chiquis,29,0,1,-0.034482758620689655
5389,aguilera christopher landau chumel torres chupaductos churros chavez jr ciber ciberacoso ciberataque,30,0,0,0.0
5390,ficcion cientificos cierre de carretera cierre vial cierres cierres viales cifras cigarros cigarros ,28,0,0,0.0
5391,charrez circo circuito exterior mexiquense circuito interior ciro gomez leyva cirque du soleil cirt ,29,1,0,0.034482758620689655
5392,las ideas ciudad de las mujeres ciudad hidalgo ciudad juarez ciudad madero ciudad modelo ciudad obre,24,0,0,0.0
5393,ciudades civiles civiles armados clandestino clara brugada clara chia clases clases presenciales cla,30,0,0,0.0
5394,clausura clausura clavadistas clavados clembuterol clientes clima clinicas clinton clonacion tarjeta,28,1,0,0.03571428571428571
5395,coach coachella coahuila coahuila coalicion coaliciones coatepec harinas coatzacoalcos cobach cobert,30,0,0,0.0
5396,cofre de leyendas cohecho coladeras colapso colchones coldplay coldwell coleccion colecta colectivo ,26,0,0,0.0
5397,de ingenieros colegio militar colegio rebsamen colegios colibri colima colocacion colombia colombian,29,0,0,0.0
5398,robado combustibles comce comedia comediantes comedor comedores comunitarios comer comerciales comer,29,0,1,-0.034482758620689655
5399,comisiones comision de educacion y cultura comision de hacienda comision de igualdad de genero comis,19,4,0,0.21052631578947367
5400,trabajo comision estatal de busqueda comision nacional de busqueda de personas comision nacional de ,20,2,0,0.1
5401,comite olimpico mexicano comite participacion ciudadana comites mejora regulatoria comorbilidades co,28,2,0,0.07142857142857142
5402,comunicacion comunicado comunicadores comunidad comunidad cientifica comunidad gay comunidad lgbt co,30,0,0,0.0
5403,concesionarios concesiones conciertos conciertos gratuitos concurso de fotografia concursos condecor,27,0,0,0.0
5404,conferencia matutina conferencias confianza confinamiento conflictos conflictos agrarios conflictos ,24,0,0,0.0
5405,congreso de union congresos estatales conjuntivitis conmebol conmemoracion connacionales conocer con,25,0,0,0.0
5406,consejo universitario consejo de la judicatura federal consejos conservacion conservatorio nacional ,24,2,0,0.08333333333333333
5407,constituyentes construcciones constructoras consuelo duval consulado eu consulados consulta ciudadan,28,1,0,0.03571428571428571
5408,publicos contagios contamina contaminacion contaminacion visual contaminacion auditiva contaminantes,25,0,6,-0.24
5409,armas control vehicular controversia contruccion convencion bancaria convenio convento convivencia c,29,0,0,0.0
5410,copa oro copa de futbol copa del mundo copa del rey coppel copred coprisem coque corales corazon cor,25,0,0,0.0
5411,coronango corpus christi corral corralon correcaminos corredor comercial corredor interoceanico corr,27,1,4,-0.1111111111111111
5412,cortes circulacion cortes de cabello cortometraje cortometrajes cosecha cosmos cosmeticos cosplay co,29,1,0,0.034482758620689655
5413,crecimiento crecimiento economico credencial credencial de elector credenciales de elector cremacion,27,1,3,-0.07407407407407407
5414,crisis alimentaria crisis economicas crisis financiera crisis humanitaria crisis migratoria cristal ,30,0,0,0.0
5415,cruces crudo cruz azul cruz perez cuellar cruz roja crystal credito credito infonavit creditos credi,29,1,0,0.034482758620689655
5416,cardenas cuautepec cuautitlan cuautitlan izcalli cuautla cuautlancingo cuba cubanos cubrebocas cucap,28,4,0,0.14285714285714285
5417,proust cuidado animal cuidados cuitlahuac garcia culiacan cultivos cultura cultura cine cultura musi,30,2,0,0.06666666666666667
5418,curso de verano cursos custodios cutzamala cynthia rodriguez camara de diputados camara de senadores,23,2,0,0.08695652173913043
5419,de lima cartel de tlahuac cartel de la totoaba cartel de los soles cartel del golfo carteles de drog,22,0,0,0.0
5420,escolar calidad del aire call center callejoneadas calles cerradas camapanas cambio de horario canac,26,2,0,0.07692307692307693
5421,cascada casillas electorales casos confirmados cazadores censura central termoelectrica cereal chale,28,0,1,-0.03571428571428571
5422,de piso coche bomba colaboraciones colombianas comentaristas comercializacion comercio electronico c,27,1,1,0.0
5423,consejos distritales conspiracion consultas ciudadanas contenido conteo rapido contrabando contratos,27,0,1,-0.037037037037037035
5424,personal cumbia cumbre tajin cuotas escolares cancer de prostata cartel inmobiliario cedulas profesi,21,0,0,0.0
5425,estados toma casetas planta de pemex y hasta plazas comerciales de junio de cnte permite paso libre ,17,0,0,0.0
5426,concluye manifestacion de docentes en caseta jimenez camargo tras horas de protesta de junio de maes,19,2,1,0.05263157894736842
5427,abril de productores liberan las plumas de la caseta de sacramento para exigir atencion a crisis del,17,0,1,-0.058823529411764705
5428,filas en accesos a chihuahua localmesa de seguridad en chihuahua reporta baja del en homicidios y an,17,1,3,-0.11764705882352941
5429,cuatro detenidos y dos menores resguardados fallecio ignacio torres olascoaga logro la legalizacion ,18,2,0,0.1111111111111111
5430,de mexico estimaron que las armas de fuego calibres y usadas normalmente por policias municipales so,14,0,0,0.0
5431,partido del trabajo tambien pide a las fiscalias de las entidades federativas a reforzar acciones de,13,1,0,0.07692307692307693
5432,zarparon desde veracruz con viveres agua medicamentos plantas potabilizadoras y personal especializa,19,1,1,0.0
5433,criminales fabrican documentos oficiales para fortalecer redes de trafico y fraude pedro haces presi,16,0,3,-0.1875
5434,no es unicamente fabricar tecnologia sino desarrollar talento innovacion y conocimiento temas el sol,20,0,0,0.0
5435,podcast video unete al canal edicion impresa local policiaca mexico mundo finanzas analisis cartones,28,0,0,0.0
5436,gossip cultura tendencias ciencia y salud turismo deportes juegos a b c d e f g h i j k l m n o p q ,20,0,0,0.0
5437,v w x y z c calpulalpan catar catem cbp cce cch cch naucalpan cch oriente cd cdc cdmx cecyte cedh ce,29,0,0,0.0
5438,cmll cnbv cnc cndh cnh cnn cnte co cofepris cohetes conaculta conade conagua conalep concamin concan,30,0,0,0.0
5439,cv cabalgata caballos cabanuelas cabello cabeza cabify cabildo cablebus cables caborca cacao cachito,30,0,0,0.0
5440,calaveras calaveritas calderas calderon calendario calentadores solares calentamiento global caleras,29,4,0,0.13793103448275862
5441,camargo camaron camas cambio cambio climatico cambio de look cambios came camellon camila camila cab,27,0,0,0.0
5442,vacunacion campanas campanas electorales campeche campeonas campeonato campeones campesinos campeon ,30,0,0,0.0
5443,candados candelaria candidata candidatos candidatos independientes candidatos presidencial candidato,29,0,0,0.0
5444,caos vial capacidad capacitaciones capacitan capilla capilla sixtina capital capitalismo capo captac,30,1,0,0.03333333333333333
5445,caribe caricaturas caridad caritas carlos manzo carlos rivera carlos salinas de gortari carlos santa,29,0,0,0.0
5446,carpeta de investigacion carpinteria carranza carrera atletica carrera panamericana carrera virtual ,26,0,0,0.0
5447,sinaloa carteles cartillas cartones carin leon casa blanca casa de gobierno casa de moneda casas cas,26,0,0,0.0
5448,castillo de chapultepec casting castracion quimica cataluna catastro catedral catedral metropolitana,27,0,0,0.0
5449,cbtis ccu cdh cdi cebollas cecilia monzon cecina celaya celebracion celebridades celia cruz celia lo,29,1,0,0.034482758620689655
5450,navidad cenace cenapred cendis cenhch cenizas cenpri censo censos economicos centenario centenario d,26,0,0,0.0
5451,cultural centro de acopio centro de congresos centro de salud centro deportivo centro federal de con,23,1,0,0.043478260869565216
5452,de rehabilitacion centroamerica centros comerciales centros culturales centros de acopio centros de ,26,1,0,0.038461538461538464
5453,certamen certeza juridica certificacion certificado de vacunacion certificados cervantino cerveza ce,29,0,0,0.0
5454,chapulco chapulines chapultepec charreada charreria charros charros de jalisco chatgpt chatarra chay,28,0,1,-0.03571428571428571
5455,hernandez chichen itza chicles chicoloapan chiconautla chiconcuautla chidiac chietla chignahuapan ch,29,0,0,0.0
5456,chocolate choferes cholula choques chorizo chris evans chris rock christian dior christian nodal chr,30,0,1,-0.03333333333333333
5457,ciclo escolar ciclones ciclopista ciclovias ciclon ciclon tropical ciegos cielo ciencia ciencia ficc,28,0,0,0.0
5458,terror cine mexicano cineastas cinemex cinepolis cines cineteca cineteca nacional cintillos circo ci,30,1,0,0.03333333333333333
5459,de las ideas ciudad de las mujeres ciudad juarez ciudad modelo ciudad satelite ciudad serdan ciudad ,23,0,0,0.0
5460,civiles armados clandestino clara chia clases clases presenciales clasico clasificados claudia river,30,0,0,0.0
5461,clientes clima clinicas clinton clonacion tarjetas club club america club leon club puebla club pueb,28,1,0,0.03571428571428571
5462,coahuila coalicion coaliciones coatepec harinas coatzacoalcos cobaep cobertura cobijas cobros coca c,30,0,0,0.0
5463,de leyendas cohecho coladeras colapso colchones coldplay coleccion colecta colectivo feminista colec,25,0,0,0.0
5464,rebsamen colegios colibri colima colombia colombianos colon colonias colonos coloquio colorado color,30,0,0,0.0
5465,comerciales comerciantes comercio comercio informal comercio exterior comercios cometas comic comic ,26,1,1,0.0
5466,hacienda comision de igualdad de genero comision de la mujer comision de movilidad comision de traba,20,0,0,0.0
5467,seguridad comision permanente comision reguladora de energia comision de arbitraje medico comite com,27,2,0,0.07407407407407407
5468,compras compras de panico compras online compromiso computadoras comuna comuneros comunicacion comun,29,0,0,0.0
5469,conafor conago conanp conapo conapred conavi conavim concacaf concachampions concesionarios concesio,28,0,0,0.0
5470,conductores conectividad conejo coneval conferencia presidencial conferencia del episcopado mexicano,26,0,0,0.0
5471,del estado congreso de puebla congreso de union congresos estatales conjuntivitis conmebol conmemora,23,0,0,0.0
5472,box consejo mundial de lucha libre consejo universitario consejo de la judicatura federal consejos c,23,2,0,0.08695652173913043
5473,constitucion politica construcciones constructoras construyendo mi felicidad consuelo duval consulad,27,1,0,0.037037037037037035
5474,contadores contadores publicos contagios contamina contaminacion contaminacion visual contaminacion ,25,0,6,-0.24
5475,armas control vehicular controversia contruccion convenio convento convivencia convocatoria cooperac,28,0,0,0.0
5476,coppel coque corazon corea corea del norte corea del sur coro corona corona capital corona de advien,26,0,0,0.0
5477,corrida corridas de toros corridos corridos tumbados corrupcion corruptos corte corte de agua cortes,27,2,4,-0.07407407407407407
5478,cotizacion covid coxcatlan coxsackie coyoacan coyomeapan coyotepec cozumel creacion crece crecimient,28,0,2,-0.07142857142857142
5479,agua crisis hidrica crisis politica crisis alimentaria crisis economicas crisis financiera crisis hu,30,1,1,0.0
5480,crum cruz azul cruz roja credito credito infonavit creditos creditos hipotecarios ctm cuacnopalan cu,30,1,0,0.03333333333333333
5481,cubanos cubrebocas cuchillo cuenta publica cuentacuentos cuentahabientes cuentas cuentas publicas cu,28,4,0,0.14285714285714285
5482,cultura musica cultura popular cultura exposiciones cultura literatura cultura maya cultura teatro c,29,2,0,0.06896551724137931
5483,renales camara de diputados camara de senadores camaras de vigilancia camaras de seguridad cancer de,22,4,0,0.18181818181818182
5484,civil codigo qr colera cordoba cabaret calendario escolar calidad del aire call center callejoneadas,27,2,0,0.07407407407407407
5485,militar cartilla moral carton cascada casillas electorales casos confirmados cazadores censura cerea,27,0,1,-0.037037037037037035
5486,piso colaboraciones colombianas comentaristas comercializacion comercio electronico comisiones banca,29,1,1,0.0
5487,contratos colectivos contribuciones corcholatas coronacion corrupcion de menores cover creatividad c,26,0,1,-0.038461538461538464
5488,dos posibles mundialistas el sol de mexico deportessabado de marzo de hidalgo con dos posibles mundi,16,0,0,0.0
5489,te puede interesar suspenden asamblea de patines sobre ruedashockeyatletashidalgomas noticiasnewslet,15,0,0,0.0
5490,toro gana la segunda etapa del tour de franciaisaac del toro cruzo como primero la meta de la segund,14,0,0,0.0
5491,de ajedrez de xide dhoel torneo tuvo cinco rondas y conto con jugadores originarios de distintos pun,18,0,0,0.0
5492,las tuzas en el apertura pachuca femenil estaria en el grupo b deportesterror infernal y henry encab,16,0,0,0.0
5493,partir de las horas incluye una lucha estelar un duelo semifinal y una campal deportescuarto refuerz,18,0,0,0.0
5494,partidos con los panzas verdes deportesapertura tuzas volveran a la madriguera con dos bajas confirm,18,0,0,0.0
5495,las salidas oficiales de andrea pereira y selene valera mundial confirmado partido de octavos de fin,18,0,0,0.0
5496,entre mexico e inglaterra ya no se jugara a las horas volvio a su horario inicial de las horas depor,14,0,0,0.0
5497,capitan del pachuca afirmo que el intenso trabajo bajo las ordenes de benjamin mora sera la base par,14,0,3,-0.21428571428571427
5498,en el valle del mezquitalcarlos mayor quien juega en un equipo en el municipio de chilcuautla explic,13,0,0,0.0
5499,ganancias por el mundialel monto es por el programa de apoyo a clubes durante la competencia turismo,15,2,0,0.13333333333333333
5500,conquista paladares temas el sol del centro el sol de mexico de junio de la cnte continua protestas ,17,0,0,0.0
5501,junio de cnte permite paso libre en casetas de tlalpan la naucalpan ecatepec y mexico puebla de novi,15,0,0,0.0
5502,la caseta de la carretera mexico cuernavaca de octubre de casetas en aifa exentan pagos cuales son y,16,0,0,0.0
5503,mexico celebran el pago electronico en casetas pero temen que el sistema falle de enero de por que l,15,0,0,0.0
5504,esto es lo que dicen localdif estatal y empresarios entrega maquinas de coser que beneficiaran a muj,15,1,0,0.06666666666666667
5505,la cruz la historia del cementerio donde descansan personajes ilustres y una de las leyendas mas fam,16,0,0,0.0
5506,en medio de reestructuracion de xbox temas tribuna de san luis el sol de mexico de junio de cnte per,17,0,0,0.0
5507,mexico puebla de febrero de fideicomiso puente colorado financiamiento clave para obras en san luis ,20,0,0,0.0
5508,del puente rio colorado de febrero de administracion trump bloquea polemico peaje para entrar en el ,18,1,0,0.05555555555555555
5509,del rio colorado a la ues localcorte suprema de estados unidos rechaza prohibicion de nacionalidad p,17,0,1,-0.058823529411764705
5510,mil empleos en medio de reestructuracion de xbox temas la prensa el sol de mexico de junio de caen d,17,0,1,-0.058823529411764705
5511,toluca de junio de sentencian a anos de carcel a el sultan ex titular de delitos fiscales de la fgr ,15,0,0,0.0
5512,a homicidios en carnicerias de tabasco de junio de investigan a supuestos lideres del metro por cobr,15,0,2,-0.13333333333333333
5513,presuntos extorsionadores luego de pedir dinero a un comerciante en iztapalapa metropoliaqui si hay ,17,0,0,0.0
5514,xbox temas la prensa el sol de mexico de diciembre de plan general de desarrollo asi es la ciudad qu,15,0,0,0.0
5515,garza exige trasparencia y rigor tecnico sobre el uso de ia en el plan de desarrollo de julio de pla,18,2,0,0.1111111111111111
5516,el pan de abril de diputados aprueban plan nacional de desarrollo advierten ausencia de respuesta a ,16,0,1,-0.0625
5517,mexico frenen los asentamientos irregulares metropoliaqui si hay orden familias prefieren ir al fan ,19,0,0,0.0
5518,y vehiculos para el partido mexico vs inglaterra finanzasmicrosoft se suma a ola de despidos recorta,18,0,0,0.0
5519,el sol de mexico de junio de la cnte continua protestas en estados toma casetas planta de pemex y ha,16,0,0,0.0
5520,casetas de tlalpan la naucalpan ecatepec y mexico puebla de junio de maestros de la cnte en morelos ,16,1,1,0.0
5521,de carisimo un acapulcazo en semana santa morelenses preven gastar hasta mil pesos de noviembre de n,15,0,0,0.0
5522,la carretera mexico cuernavaca finanzasmicrosoft se suma a ola de despidos recorta casi mil empleos ,13,0,0,0.0
