fecha_semana,nombre_semana,author,datetime,datetime_parsed_utc,url,text,replies,retweets,likes,bookmarks,views,query_used,is_reply,in_reply_to_url
,2026-02-01_al_2026-02-15_Twitter,@marcosmarindice,2026-02-14T16:27:10.000Z,2026-02-14T16:27:10+00:00,https://x.com/marcosmarindice/status/2022709209226170732,"@isaacsolar @Edomex si reglamento reformado prohíbe estacionarse en camellones, porqué en cto. Metalúrgicos se admite puesto en sitio no apto para el comercio? Está infestado de ambulantaje junto a librería del sótano y caseta de policía cercana. Les faltan banquetas a retacar",0,0,0,0,0,to:isaacsolar since:2026-02-01 until:2026-02-15,False,
,2026-02-01_al_2026-02-15_Twitter,@maldonadomcd,2026-02-13T22:07:37.000Z,2026-02-13T22:07:37+00:00,https://x.com/maldonadomcd/status/2022432498706452661,"@isaacsolar Y si suspenden su cacería de multas de tránsito y todos esos recursos humanos y económicos los dedican mejor a la seguridad de Naucalpan? Es una burla ver a tanto policía de tránsito dedicado a quitar placas y que cada día estemos llenos de asaltos, robo de autos ,",0,0,0,0,0,to:isaacsolar since:2026-02-01 until:2026-02-15,False,
,2026-02-01_al_2026-02-15_Twitter,@rikis67,2026-02-13T18:42:36.000Z,2026-02-13T18:42:36+00:00,https://x.com/rikis67/status/2022380904510046672,@isaacsolar Estimado Presidente. En Rinconada San Mateo y Lomas de San Mateo (varias calles) cumplimos hoy 9 días sin agua. Hemos levantado folios e incluso escrito directamente al director de OAPAS y no hay respuesta. Cientos de familias sin agua.,0,0,0,0,0,to:isaacsolar since:2026-02-01 until:2026-02-15,False,
,2026-02-01_al_2026-02-15_Twitter,@MarielRabago,2026-02-13T16:51:17.000Z,2026-02-13T16:51:17+00:00,https://x.com/MarielRabago/status/2022352890891817059,Buenos días Alcalde Isaac en donde podría reportar un bache en av de las fuentes que lleva meses y ya no ha ni por donde pasar?,0,0,0,0,0,to:isaacsolar since:2026-02-01 until:2026-02-15,False,
,2026-02-01_al_2026-02-15_Twitter,@andrewirons,2026-02-13T05:28:13.000Z,2026-02-13T05:28:13+00:00,https://x.com/andrewirons/status/2022180992791064676,Y ahí ¿si va a ser concreto hidráulico de verdad? Prometieron eso de toreo a lomas verdes y fue vil asfalto.,0,0,0,0,0,to:isaacsolar since:2026-02-01 until:2026-02-15,False,
,2026-02-01_al_2026-02-15_Twitter,@ANaucalpan,2026-02-12T23:28:53.000Z,2026-02-12T23:28:53+00:00,https://x.com/ANaucalpan/status/2022090563592630491,"@isaacsolar no te engañes!, el ciudadano de a pie sabe muy bien que tu mafiosa @PoliciaNau esta compuesta por algunos elementos ladrones y secuestradores, tu area de asuntos internos no hace nada, se la pasan durmiendo, mientras los jefes de sector se enriquecen $$$$, #naucalpan Reporta Naucalpan baja en incidencia delictiva y nuevos elementos de seguridad Naucalpan, México, 11 de febrero de 2026 ::: El alcalde Isaac Montoya Márquez presentó resultados de su estrategia https://sge.st/VipMQmp",0,0,0,0,0,to:isaacsolar since:2026-02-01 until:2026-02-15,False,
,2026-02-01_al_2026-02-15_Twitter,@ANaucalpan,2026-02-12T23:24:53.000Z,2026-02-12T23:24:53+00:00,https://x.com/ANaucalpan/status/2022089555290337388,"@isaacsolar que tiene el municipio de #naucalpan que hasta los ideales de la 4T, no sirven ante la corrupcion $$$$$, es conocido que tanto lomas verdes, rio hondo y cualquier lugar que todavia es de color verde en #naucalpan esta amenazado y no hay agua, reacciona! @SinEmbargoMX Quienes reciben apoyos de los programas del Bienestar terminan destinándolos a pagar el tandeo de pipas, a pesar de que el acceso al agua debería estar garantizado como un derecho humano https://sinembargo.mx/4763205/un-cartel-inmobiliario-del-que-nadie-sospecho-formo-un-imperio-en-naucalpan-edomex/…",0,0,0,0,0,to:isaacsolar since:2026-02-01 until:2026-02-15,False,
,2026-02-01_al_2026-02-15_Twitter,@ANAYERNA,2026-02-11T21:55:02.000Z,2026-02-11T21:55:02+00:00,https://x.com/ANAYERNA/status/2021704555910541511,"Presidente Isaac Montoya, solicito por favor su apoyo para el retiro de varios ambulantes frente a Secundaria no. 17, Cto. Juristas H 10, ya que según lo indicado en el Bando Municipal esta prohibído el ambulantaje en vía pública y además la presidenta @Claudiashein 1/2",0,0,0,0,0,to:isaacsolar since:2026-02-01 until:2026-02-15,False,
,2026-02-01_al_2026-02-15_Twitter,@NahumSss,2026-02-11T14:27:25.000Z,2026-02-11T14:27:25+00:00,https://x.com/NahumSss/status/2021591908905078896,"@isaacsolar ? Un cártel inmobiliario del que nadie sospechó formó un imperio en Naucalpan, Edomex https://sinembargo.mx/4763205/un-cartel-inmobiliario-del-que-nadie-sospecho-formo-un-imperio-en-naucalpan-edomex/…",0,0,0,0,0,to:isaacsolar since:2026-02-01 until:2026-02-15,False,
,2026-02-01_al_2026-02-15_Twitter,@CalaveraDungeon,2026-02-10T18:41:24.000Z,2026-02-10T18:41:24+00:00,https://x.com/CalaveraDungeon/status/2021293440001273950,"@isaacsolar @SoyNaucalpan @supercivicosmx Tenemos este “vecino” en Faisan 157, Lomas Verdes que construyo un obstaculo en ma banqueta. Ya tuvimos accidentes y ya lo reportamos y no ha venido nadie. El gob de Naucalpan no contesta.",0,0,0,0,0,to:isaacsolar since:2026-02-01 until:2026-02-15,False,
,2026-02-01_al_2026-02-15_Twitter,@Laura896221391,2026-02-09T19:50:44.000Z,2026-02-09T19:50:44+00:00,https://x.com/Laura896221391/status/2020948498771030285,"Otro más. ⁦@angiemoyam⁩ mira el cochinero q’tienes aquí, las apoderadas de las banquetas y un carril, y ya están por apoderase de TODA la calle que vivir así entre el mugrero.Los que pagamos tu sueldo por dónde transitamos? ⁦@AccionNacional⁩ ⁦@ANACmx_⁩ corrupción?",0,0,0,0,0,to:isaacsolar since:2026-02-01 until:2026-02-15,False,
,2026-02-01_al_2026-02-15_Twitter,@Whitty_333,2026-02-07T19:37:42.000Z,2026-02-07T19:37:42+00:00,https://x.com/Whitty_333/status/2020220443274215895,"@isaacsolar apoyo por favor! URGE #NoticiaCriminal #MaltratoAnimal en @GobNau ya existen folios 1688 y 1811 con reportes en @propaem_sma con todos los datos, los están dejando morir de hambre, ya hay algunos muertos. CCP. @delfinagomeza @isaacsolar",0,0,0,0,0,to:isaacsolar since:2026-02-01 until:2026-02-15,False,
,2026-02-01_al_2026-02-15_Twitter,@JOSS_VADER,2026-02-07T00:31:31.000Z,2026-02-07T00:31:31+00:00,https://x.com/JOSS_VADER/status/2019931996777025799,"@isaacsolar ¡isaaquito! Papi, ¿Cuánto cuesta un lugar para que se estacionen los del bar de los cantaritos? ¿O tampoco sabías de eso? @delfinagomeza nuestro empleado no gestiona ¿Qué hacemos para que hagan su chamba?",0,0,0,0,0,to:isaacsolar since:2026-02-01 until:2026-02-15,False,
,2026-02-01_al_2026-02-15_Twitter,@mardhel007,2026-02-06T21:34:50.000Z,2026-02-06T21:34:50+00:00,https://x.com/mardhel007/status/2019887533035806972,"Que bello, muy feliz por esos increíbles animales no humanos.",0,0,0,0,0,to:isaacsolar since:2026-02-01 until:2026-02-15,False,
,2026-02-01_al_2026-02-15_Twitter,@Ub___89,2026-02-06T18:00:26.000Z,2026-02-06T18:00:26+00:00,https://x.com/Ub___89/status/2019833580709400967,Muy bonito y todo pero cuando vas a hacer algo por los miles de arboles y vidas animales que enterraron estos cabrones atras de la planta de energia? O hasta allá no llega tu mandato?,0,0,0,0,0,to:isaacsolar since:2026-02-01 until:2026-02-15,False,
,2026-02-01_al_2026-02-15_Twitter,@Janinah18,2026-02-06T16:30:03.000Z,2026-02-06T16:30:03+00:00,https://x.com/Janinah18/status/2019810834281890008,GRACIAS!! pero exigimos castigo para el que le hizo esto a Lobito,0,0,0,0,0,to:isaacsolar since:2026-02-01 until:2026-02-15,False,
,2026-02-01_al_2026-02-15_Twitter,@AngieCordoba757,2026-02-06T15:16:11.000Z,2026-02-06T15:16:11+00:00,https://x.com/AngieCordoba757/status/2019792245860237694,"Y lo agradecemos los que amamos a los animales, sólo una petición de todo corazón, hagan pagar su d3lito al estúpido tipo que aventó al perrito. No debería quedar sin castigo semejante acto.",0,0,0,0,0,to:isaacsolar since:2026-02-01 until:2026-02-15,False,
,2026-02-01_al_2026-02-15_Twitter,@mariaiperezg,2026-02-04T21:41:10.000Z,2026-02-04T21:41:10+00:00,https://x.com/mariaiperezg/status/2019164354344538321,@isaacsolar buenas tardes Isaac. Estamos sin caída de agua en Bosque Alto 1a sección Lomas Verdes. @OAPASNau no avisó con anticipación el por qué de esto. ¿Qué es lo que pasó? Y ¿cuándo de resolvería? Agradeceré su seguimiento y respuesta. Saludos.,0,0,0,0,0,to:isaacsolar since:2026-02-01 until:2026-02-15,False,
,2026-02-01_al_2026-02-15_Twitter,@Atisbos1,2026-02-04T09:42:26.000Z,2026-02-04T09:42:26+00:00,https://x.com/Atisbos1/status/2018983478956793888,@isaacsolar destaca avance del 70% en la Línea 3 del #Mexicable en #Naucalpan @GobNau - Atisbos https://share.google/TIZBgPg0SXtvLEYRJ…,0,0,0,0,0,to:isaacsolar since:2026-02-01 until:2026-02-15,False,
,2026-02-01_al_2026-02-15_Twitter,@Ub___89,2026-02-02T21:28:32.000Z,2026-02-02T21:28:32+00:00,https://x.com/Ub___89/status/2018436397162758309,"Reporte: pasando los cuartos en el retornl detras de la planta electrica llevan un mes, día y noche descargando camiones y camiones de cascajo, es increible que en dos mese crearon un cerro nuevo ocasionando un ecocidio ambiental @SoyNaucalpan ayudame a darle voz...",0,0,0,0,0,to:isaacsolar since:2026-02-01 until:2026-02-15,False,
,2026-02-01_al_2026-02-15_Twitter,@marcosmarindice,2026-02-14T16:15:48.000Z,2026-02-14T16:15:48+00:00,https://x.com/marcosmarindice/status/2022706347691901218,"@isaacsolar @GobNau @Edomex @Claudiashein sería importante si se cierran carriles centrales , que policía ordene tránsito frente a plaza satélite. El caos d transporte aletarga el paso hasta una hora desde Naucalliny autoridades ausentes sin poner orden",0,0,0,0,0,to:isaacsolar since:2026-02-01 until:2026-02-15,False,
,2026-02-01_al_2026-02-15_Twitter,@jiburgos486,2026-02-14T14:28:49.000Z,2026-02-14T14:28:49+00:00,https://x.com/jiburgos486/status/2022679427558375661,Importante acercar los servicios médicos principales a las comunidades vulnerables,0,0,0,0,0,to:isaacsolar since:2026-02-01 until:2026-02-15,False,
,2026-02-01_al_2026-02-15_Twitter,@jiburgos486,2026-02-14T14:27:26.000Z,2026-02-14T14:27:26+00:00,https://x.com/jiburgos486/status/2022679078369919208,Urgente la recuperación de espacios públicos deportivos en el municipio,0,0,0,0,0,to:isaacsolar since:2026-02-01 until:2026-02-15,False,
,2026-02-01_al_2026-02-15_Twitter,@jiburgos486,2026-02-14T14:26:41.000Z,2026-02-14T14:26:41+00:00,https://x.com/jiburgos486/status/2022678888133071006,Importante promover y difundirte deporte a través de la recuperación de espacios públicos,0,0,0,0,0,to:isaacsolar since:2026-02-01 until:2026-02-15,False,
,2026-02-01_al_2026-02-15_Twitter,@jiburgos486,2026-02-14T14:26:01.000Z,2026-02-14T14:26:01+00:00,https://x.com/jiburgos486/status/2022678720704913509,Importante trabajar en la recuperación de de servicio médico,0,0,0,0,0,to:isaacsolar since:2026-02-01 until:2026-02-15,False,
,2026-02-01_al_2026-02-15_Twitter,@jiburgos486,2026-02-14T14:25:05.000Z,2026-02-14T14:25:05+00:00,https://x.com/jiburgos486/status/2022678488453677389,Urgente el mantenimiento Rehabilitacion de las redes principales y pozos dentro del municipio,0,0,0,0,0,to:isaacsolar since:2026-02-01 until:2026-02-15,False,
,2026-02-01_al_2026-02-15_Twitter,@jiburgos486,2026-02-14T14:24:11.000Z,2026-02-14T14:24:11+00:00,https://x.com/jiburgos486/status/2022678262326157596,Importante trabajar en el mantenimiento y rehabilitación de la red hidráulica municipal,0,0,0,0,0,to:isaacsolar since:2026-02-01 until:2026-02-15,False,
,2026-02-01_al_2026-02-15_Twitter,@jiburgos486,2026-02-14T14:23:28.000Z,2026-02-14T14:23:28+00:00,https://x.com/jiburgos486/status/2022678078795948257,Urgente garantizar la dotación del vital líquido a la mayor parte de la comunidad,0,0,0,0,0,to:isaacsolar since:2026-02-01 until:2026-02-15,False,
,2026-02-01_al_2026-02-15_Twitter,@jiburgos486,2026-02-14T14:22:40.000Z,2026-02-14T14:22:40+00:00,https://x.com/jiburgos486/status/2022677880715776404,Importante trabajar en el mantenimiento y rehabilitación de la red hidráulica,0,0,0,0,0,to:isaacsolar since:2026-02-01 until:2026-02-15,False,
,2026-02-01_al_2026-02-15_Twitter,@jiburgos486,2026-02-14T14:21:38.000Z,2026-02-14T14:21:38+00:00,https://x.com/jiburgos486/status/2022677618764714310,"Urgente, garantizar la seguridad y comodidad de todos los usuarios",0,0,0,0,0,to:isaacsolar since:2026-02-01 until:2026-02-15,False,
,2026-02-01_al_2026-02-15_Twitter,@jiburgos486,2026-02-14T14:20:57.000Z,2026-02-14T14:20:57+00:00,https://x.com/jiburgos486/status/2022677445837836654,Urgente trabajar en el mantenimiento de todos los mercados dentro de la jurisdicción del municipio,0,0,0,0,0,to:isaacsolar since:2026-02-01 until:2026-02-15,False,
,2026-02-01_al_2026-02-15_Twitter,@jiburgos486,2026-02-14T14:20:05.000Z,2026-02-14T14:20:05+00:00,https://x.com/jiburgos486/status/2022677229121991117,Importante continuar con trabajos de mantenimiento y rehabilitación en Mercados del municipio,0,0,0,0,0,to:isaacsolar since:2026-02-01 until:2026-02-15,False,
,2026-02-01_al_2026-02-15_Twitter,@jiburgos486,2026-02-14T14:19:04.000Z,2026-02-14T14:19:04+00:00,https://x.com/jiburgos486/status/2022676972716069180,Importante continuar con los trabajos de mantenimiento Rehabilitacion de espacios públicos,0,0,0,0,0,to:isaacsolar since:2026-02-01 until:2026-02-15,False,
,2026-02-01_al_2026-02-15_Twitter,@jiburgos486,2026-02-14T14:18:27.000Z,2026-02-14T14:18:27+00:00,https://x.com/jiburgos486/status/2022676819531756029,Urgente reglamentar a los sindicatos,0,0,0,0,0,to:isaacsolar since:2026-02-01 until:2026-02-15,False,
,2026-02-01_al_2026-02-15_Twitter,@jiburgos486,2026-02-14T14:17:47.000Z,2026-02-14T14:17:47+00:00,https://x.com/jiburgos486/status/2022676650610032824,"Urgente, reglamentar a los sindicatos y confederaciones",0,0,0,0,0,to:isaacsolar since:2026-02-01 until:2026-02-15,False,
,2026-02-01_al_2026-02-15_Twitter,@jiburgos486,2026-02-14T14:16:38.000Z,2026-02-14T14:16:38+00:00,https://x.com/jiburgos486/status/2022676360460943486,Necesario trabajar en la rehabilitación y mantenimiento de estos espacios públicos para beneficio de la comunidad,0,0,0,0,0,to:isaacsolar since:2026-02-01 until:2026-02-15,False,
,2026-02-01_al_2026-02-15_Twitter,@jiburgos486,2026-02-14T14:15:38.000Z,2026-02-14T14:15:38+00:00,https://x.com/jiburgos486/status/2022676109557714961,Urgente trabajar el mantenimiento en estos espacios públicos de alta concentración de usuarios,0,0,0,0,0,to:isaacsolar since:2026-02-01 until:2026-02-15,False,
,2026-02-01_al_2026-02-15_Twitter,@jiburgos486,2026-02-14T14:14:28.000Z,2026-02-14T14:14:28+00:00,https://x.com/jiburgos486/status/2022675813834055925,Urgente reglamentar el cuidado y esparcimiento de las mascotas,0,0,0,0,0,to:isaacsolar since:2026-02-01 until:2026-02-15,False,
,2026-02-01_al_2026-02-15_Twitter,@jiburgos486,2026-02-14T14:13:18.000Z,2026-02-14T14:13:18+00:00,https://x.com/jiburgos486/status/2022675521704702102,Importante garantizar los trabajos que ayuden con la movilidad del municipio,0,0,0,0,0,to:isaacsolar since:2026-02-01 until:2026-02-15,False,
,2026-02-01_al_2026-02-15_Twitter,@maldonadomcd,2026-02-13T22:07:37.000Z,2026-02-13T22:07:37+00:00,https://x.com/maldonadomcd/status/2022432500291866981,"Robo de auto partes , etc etc . @SateliteSeguro @CIUDAD_SATELITE @SateliteAlerta @PedroDeA2",0,0,0,0,0,reply_to:https://x.com/maldonadomcd/status/2022432498706452661,True,https://x.com/maldonadomcd/status/2022432498706452661
,2026-02-01_al_2026-02-15_Twitter,@Labarbs675570,2026-02-13T18:52:00.000Z,2026-02-13T18:52:00+00:00,https://x.com/Labarbs675570/status/2022383269443178706,"Si, ya es insostenible esta situación. No podemos ni debemos seguir pagando por pipas para tener agua en nuestros hogares. Exijimos solución a este problema los vecinos de Lomas de San Mateo.",0,0,0,0,0,reply_to:https://x.com/rikis67/status/2022380904510046672,True,https://x.com/rikis67/status/2022380904510046672
,2026-02-01_al_2026-02-15_Twitter,@ivonnehm8,2026-02-13T19:01:09.000Z,2026-02-13T19:01:09+00:00,https://x.com/ivonnehm8/status/2022385573437292681,"No es posible que nos cobren el agua sin tener, nuestros jardines y plantas ya de plano están muertos, he escrito a Oapas para informar y son sumamente groseros en sus respuestas, pagamos el agua y tenemos derecho a que se nos dé",0,0,0,0,0,reply_to:https://x.com/rikis67/status/2022380904510046672,True,https://x.com/rikis67/status/2022380904510046672
,2026-02-01_al_2026-02-15_Twitter,@AngelicaBe48392,2026-02-13T22:53:44.000Z,2026-02-13T22:53:44+00:00,https://x.com/AngelicaBe48392/status/2022444103326417105,2 años pagando pipas privadas y como pasa por su medidor nos cobran el servicio que no dan! Que cinismo!!!,0,0,0,0,0,reply_to:https://x.com/rikis67/status/2022380904510046672,True,https://x.com/rikis67/status/2022380904510046672
,2026-02-01_al_2026-02-15_Twitter,@LPelayo88249,2026-02-13T21:46:29.000Z,2026-02-13T21:46:29+00:00,https://x.com/LPelayo88249/status/2022427180186358241,Seguimos pagando mucho dinero por un servicio que o recibimos,0,0,0,0,0,reply_to:https://x.com/rikis67/status/2022380904510046672,True,https://x.com/rikis67/status/2022380904510046672
,2026-02-01_al_2026-02-15_Twitter,@isaacsolar,2026-02-13T16:49:27.000Z,2026-02-13T16:49:27+00:00,https://x.com/isaacsolar/status/2022352428457140518,"Seguimos transformando Ciudad Naucalpan En el Mercado del Molinito realizamos trabajos para mejorar su infraestructura y garantizar espacios más seguros y funcionales para comerciantes y visitantes. Entre los trabajos realizados se encuentran: Retiro de láminas, canaletas y cenefas metálicas deterioradas en las tres naves. Intervención y reforzamiento de la estructura metálica existente. Resane de muros exteriores y colocación de nueva techumbre de lámina galvanizada. Instalación de tubería de PVC para bajadas de agua pluvial. Aplicación de pintura en cortinas y muros. Superficie atendida: 2,161.82 m² Población beneficiada: 32,179 habitantes #AquiGobiernaLaEsperanza #Naucalpan #Mercado #ElMolinito",0,0,0,0,0,reply_to:https://x.com/MarielRabago/status/2022352890891817059,True,https://x.com/MarielRabago/status/2022352890891817059
,2026-02-01_al_2026-02-15_Twitter,@isaacsolar,2026-02-12T15:08:39.000Z,2026-02-12T15:08:39+00:00,https://x.com/isaacsolar/status/2021964674070196402,Rehabilitación con concreto hidráulico de un segundo tramo de la lateral del Periférico Norte #AquiGobiernaLaEsperanza #Naucalpan #EdoMex #PerifericoNorte #SegundoTramo,0,0,0,0,0,reply_to:https://x.com/andrewirons/status/2022180992791064676,True,https://x.com/andrewirons/status/2022180992791064676
,2026-02-01_al_2026-02-15_Twitter,@ANaucalpan,2026-02-12T21:50:04.000Z,2026-02-12T21:50:04+00:00,,"@isaacsolar no te engañes!, el ciudadano de a pie sabe muy bien que tu mafiosa @PoliciaNau esta compuesta por algunos elementos ladrones y secuestradores, tu area de asuntos internos no hace nada, se la pasan durmiendo, mientras los jefes de sector se enriquecen $$$$, #naucalpan Reporta Naucalpan baja en incidencia delictiva y nuevos elementos de seguridad Naucalpan, México, 11 de febrero de 2026 ::: El alcalde Isaac Montoya Márquez presentó resultados de su estrategia https://sge.st/VipMQmp",0,1,1,0,0,reply_to:https://x.com/ANaucalpan/status/2022090563592630491,True,https://x.com/ANaucalpan/status/2022090563592630491
,2026-02-01_al_2026-02-15_Twitter,@ANaucalpan,2026-02-12T22:50:00.000Z,2026-02-12T22:50:00+00:00,,"@isaacsolar que tiene el municipio de #naucalpan que hasta los ideales de la 4T, no sirven ante la corrupcion $$$$$, es conocido que tanto lomas verdes, rio hondo y cualquier lugar que todavia es de color verde en #naucalpan esta amenazado y no hay agua, reacciona! @SinEmbargoMX Quienes reciben apoyos de los programas del Bienestar terminan destinándolos a pagar el tandeo de pipas, a pesar de que el acceso al agua debería estar garantizado como un derecho humano https://sinembargo.mx/4763205/un-cartel-inmobiliario-del-que-nadie-sospecho-formo-un-imperio-en-naucalpan-edomex/…",0,0,1,0,0,reply_to:https://x.com/ANaucalpan/status/2022089555290337388,True,https://x.com/ANaucalpan/status/2022089555290337388
,2026-02-01_al_2026-02-15_Twitter,@isaacsolar,2026-02-11T18:14:44.000Z,2026-02-11T18:14:44+00:00,https://x.com/isaacsolar/status/2021649115432517699,"Celebré con enorme alegría los 57 años del Mercado de la Cabecera Municipal, el corazón comercial y comunitario de Ciudad Naucalpan. En un ambiente lleno de lucha libre, música y baile, reconocimos a sus 688 locatarias y locatarios, mujeres y hombres que todos los días levantan sus cortinas para sostener a cientos de familias y mantener viva una tradición que ha pasado por generaciones. Este mercado no solo es el más grande de nuestro municipio, es un espacio icónico donde miles de familias vienen a surtir su despensa, a encontrarse, a disfrutar de nuestros antojitos y a fortalecer el comercio local. Entre semana recibe cerca de 10 mil personas y los fines de semana hasta 18 mil visitantes. Eso habla de su fuerza y de su historia. Sé que han superado momentos difíciles, como la pandemia, y que resistieron con unidad y responsabilidad. Por eso mi compromiso es claro: vamos a seguir fortaleciendo este mercado, estamos trabajando en un proyecto para ampliar su estacionamiento y mejorar su capacidad para recibir a más visitantes. Gracias por mantener viva la esencia de Ciudad Naucalpan. #AquiGobiernaLaEsperanza #Naucalpan #Mercado #Pueblo #SanBartolo",0,0,0,0,0,reply_to:https://x.com/ANAYERNA/status/2021704555910541511,True,https://x.com/ANAYERNA/status/2021704555910541511
,2026-02-01_al_2026-02-15_Twitter,@ANAYERNA,2026-02-12T00:00:24.000Z,2026-02-12T00:00:24+00:00,https://x.com/ANAYERNA/status/2021736107700793772,"en marzo del año pasado comunicó y ya esta en el Diario oficial que se prohibía la comida chatarra tanto dentro como fuera de las escuelas. En esa escuela es impactante como las mismas madres de familia son las que ponen sus puestos de comida prohibida, por salud retírenlas 2/2",0,0,0,0,0,reply_to:https://x.com/ANAYERNA/status/2021704555910541511,True,https://x.com/ANAYERNA/status/2021704555910541511
,2026-02-01_al_2026-02-15_Twitter,@NahumSss,2026-02-11T12:56:28.000Z,2026-02-11T12:56:28+00:00,,"@isaacsolar ? Un cártel inmobiliario del que nadie sospechó formó un imperio en Naucalpan, Edomex https://sinembargo.mx/4763205/un-cartel-inmobiliario-del-que-nadie-sospecho-formo-un-imperio-en-naucalpan-edomex/…",0,0,0,0,0,reply_to:https://x.com/NahumSss/status/2021591908905078896,True,https://x.com/NahumSss/status/2021591908905078896
,2026-02-01_al_2026-02-15_Twitter,@isaacsolar,2026-02-09T17:56:05.000Z,2026-02-09T17:56:05+00:00,https://x.com/isaacsolar/status/2020919646694543475,"Desde Ciudad Naucalpan seguimos acompañando las políticas de bienestar que ponen al centro a quienes más lo necesitan. En coordinación con el Gobierno de México y la Secretaría de Bienestar, se lleva a cabo la entrega de Tarjetas Bienestar para personas adultas mayores y mujeres que se registraron en el mes de diciembre. #Naucalpan #Bienestar #TarjetaBienestar #AdultosMayores #MujeresBienestar",4,1,5,0,0,reply_to:https://x.com/Laura896221391/status/2020948498771030285,True,https://x.com/Laura896221391/status/2020948498771030285
,2026-02-01_al_2026-02-15_Twitter,@Whitty_333,2026-02-07T17:28:57.000Z,2026-02-07T17:28:57+00:00,,"@isaacsolar apoyo por favor! URGE #NoticiaCriminal #MaltratoAnimal en @GobNau ya existen folios 1688 y 1811 con reportes en @propaem_sma con todos los datos, los están dejando morir de hambre, ya hay algunos muertos. CCP. @delfinagomeza @isaacsolar",0,0,0,0,0,reply_to:https://x.com/Whitty_333/status/2020220443274215895,True,https://x.com/Whitty_333/status/2020220443274215895
,2026-02-01_al_2026-02-15_Twitter,@isaacsolar,2026-02-06T15:04:21.000Z,2026-02-06T15:04:21+00:00,https://x.com/isaacsolar/status/2019789266457346438,"Las Huellas de la Transformación llegaron a la Segunda Cerrada de Santa Úrsula, en San Lorenzo Totolinga. Intervenimos este espacio para honrar la vida de Lobito y dejar claro que en Ciudad Naucalpan la violencia no se normaliza y la vida de los seres sintientes importa. #AquiGobiernaLaEsperanza #HuellasDeLaTransformacion #Naucalpan #SeresSintientes #ProteccionAnimal #MundoPatitas",0,0,0,0,0,reply_to:https://x.com/mardhel007/status/2019887533035806972,True,https://x.com/mardhel007/status/2019887533035806972
,2026-02-01_al_2026-02-15_Twitter,@isaacsolar,2026-02-02T17:02:32.000Z,2026-02-02T17:02:32+00:00,https://x.com/isaacsolar/status/2018369454921412977,"El Servicio de Relevo es un mecanismo que brinda un puente de comunicación entre las personas sordas y las dependencias municipales, garantizando su derecho a la comunicación y al acceso a los servicios públicos. A través del intérprete de Lengua de Señas Mexicana y el uso de herramientas tecnológicas, las y los ciudadanos pueden realizar trámites y gestiones de manera autónoma, digna y en igualdad de condiciones. Este servicio ya está disponible en el Palacio Municipal. La inclusión no es un privilegio, es un derecho. #AquiGobiernaLaEsperanza #Naucalpan #Inclusion #ServicioDeRelevo",0,0,0,0,0,reply_to:https://x.com/Ub___89/status/2018436397162758309,True,https://x.com/Ub___89/status/2018436397162758309
,2026-02-01_al_2026-02-15_Twitter,@isaacsolar,2026-02-14T03:04:37.000Z,2026-02-14T03:04:37+00:00,https://x.com/isaacsolar/status/2022507243422249050,"Hoy llevamos Impulsando tu Salud a la Presa Totolinga, en la colonia Los Cuartos 2ª Sección. Estoy convencido de que la salud no puede ser un privilegio, debe ser un derecho garantizado para todas y todos. Por eso, a través del DIF Naucalpan, acercamos servicios médicos gratuitos directamente a las comunidades, eliminando barreras y priorizando la prevención. Desde que iniciamos este programa el 4 de septiembre de 2025, hemos recorrido 21 comunidades y logrado más de 4,500 afiliaciones para atención médica gratuita. Y vamos por más. Anuncié que triplicaremos la capacidad del programa, con consulta médica general ilimitada, más de 200 medicamentos disponibles, servicios odontológicos, exámenes de laboratorio y hasta dos pares de lentes al año sin costo. Además, comenzamos el proceso de credencialización oficial para que las y los vecinos accedan de manera ordenada y transparente a estos servicios. También estamos rescatando instalaciones del DIF que estuvieron en abandono, porque brindar atención digna implica espacios adecuados y servidores públicos comprometidos. En este gobierno no hay lugar para la indiferencia ni el mal trato; aquí se sirve con calidez, respeto y responsabilidad. Seguimos trabajando en territorio, construyendo bienestar desde abajo y garantizando que ninguna familia se quede sin respaldo en materia de salud. #AquiGobiernaLaEsperanza #Naucalpan #ImpulsandoTuSalud #Salud",0,0,0,0,0,reply_to:https://x.com/jiburgos486/status/2022679427558375661,True,https://x.com/jiburgos486/status/2022679427558375661
,2026-02-01_al_2026-02-15_Twitter,@isaacsolar,2026-02-14T00:13:29.000Z,2026-02-14T00:13:29+00:00,https://x.com/isaacsolar/status/2022464172940747014,"Encabecé la Mesa de Paz itinerante y dimos la patada inicial al torneo “Que Ruede el Balón por la Paz”, actividad que se realizó como parte de la estrategia nacional Atención a las Causas del Gobierno de México que encabeza nuestra Presidenta Claudia Sheinbaum. Para mí, no es solo fútbol: es comunidad, es esperanza y es recuperar lo que por años se les negó a nuestras niñas, niños y jóvenes. Volver a este parque no es cualquier cosa para mí. Soy el primer alcalde que proviene de las colonias, y conozco lo que significa caminar estas calles cuando estaban en el abandono. Por eso me llena de orgullo escuchar que hoy este espacio “de noche se ve mejor que de día”. Eso habla de seguridad, de dignidad y de esperanza. #AquiGobiernaLaEsperanza #Naucalpan #HuellasDeLaTransformacion #MesaDePaz #Torneo #IMCUFIDEN #SenderoSeguro",0,0,0,0,0,reply_to:https://x.com/jiburgos486/status/2022679078369919208,True,https://x.com/jiburgos486/status/2022679078369919208
,2026-02-01_al_2026-02-15_Twitter,@isaacsolar,2026-02-13T23:29:52.000Z,2026-02-13T23:29:52+00:00,https://x.com/isaacsolar/status/2022453198603108634,"¡Que ruede el balón por La Paz! Como vecino que proviene de las colonias, sé lo que significa recuperar espacios que durante años estuvieron en el abandono. Hoy este parque, que divide Minas San Martín y Ampliación Olímpica, vuelve a ser punto de encuentro para nuestras familias. Estoy convencido de que rescatar espacios es también construir paz. Seguimos trabajando en seguridad, obra pública y bienestar, porque las comunidades que antes eran las últimas, hoy son las primeras. #AquiGobiernaLaEsperanza #Naucalpan #HuellasDeLaTransformacion #MedaDePaz",0,0,0,0,0,reply_to:https://x.com/jiburgos486/status/2022678888133071006,True,https://x.com/jiburgos486/status/2022678888133071006
,2026-02-01_al_2026-02-15_Twitter,@isaacsolar,2026-02-13T21:43:37.000Z,2026-02-13T21:43:37+00:00,https://x.com/isaacsolar/status/2022426460506435739,"Dimos un paso firme para fortalecer el derecho a la salud en Ciudad Naucalpan: la entrega de la Unidad Médica “La Raquelito”, en la colonia La Raquelito, un espacio que encontramos en abandono y que hoy se transforma en una clínica digna, equipada y al servicio de quienes más lo necesitan. #AquiGobiernaLaEsperanza #Naucalpan #LaRaquelito #Salud #DIFNaucalpan",0,0,0,0,0,reply_to:https://x.com/jiburgos486/status/2022678720704913509,True,https://x.com/jiburgos486/status/2022678720704913509
,2026-02-01_al_2026-02-15_Twitter,@isaacsolar,2026-02-13T21:06:05.000Z,2026-02-13T21:06:05+00:00,https://x.com/isaacsolar/status/2022417015818932532,"Inicio de la rehabilitación del Tanque de Agua Potable Jardines de La Florida, una infraestructura construida hace casi seis décadas y que durante más de 10 años dejó de funcionar. Estamos interviniendo un punto estratégico de nuestro sistema hídrico como parte del plan maestro para fortalecer la cobertura y garantizar el suministro constante en los hogares. Esta obra se realiza a través del PRODDER, bajo un esquema 50% federal y 50% municipal. Seguimos trabajando para garantizar el derecho al agua en Ciudad Naucalpan. #AquiGobiernaLaEsperanza #Naucalpan #OAPAS #PRODDER #LaFlorida",0,0,0,0,0,reply_to:https://x.com/jiburgos486/status/2022678488453677389,True,https://x.com/jiburgos486/status/2022678488453677389
,2026-02-01_al_2026-02-15_Twitter,@isaacsolar,2026-02-13T20:59:48.000Z,2026-02-13T20:59:48+00:00,https://x.com/isaacsolar/status/2022415430942384590,"Visité Jardines de La Florida para sumar una renovación hídrica más con el inicio de la rehabilitación del Tanque de Agua Potable Jardines de La Florida, una infraestructura construida hace casi seis décadas y que durante más de 10 años dejó de funcionar. Estamos interviniendo un punto estratégico de nuestro sistema hídrico como parte del plan maestro para fortalecer la cobertura y garantizar el suministro constante en los hogares. Esta obra se realiza a través del PRODDER, bajo un esquema 50% federal y 50% municipal. #AquiGobiernaLaEsperanza #Naucalpan #OAPAS #PRODDER #LaFlorida",0,0,0,0,0,reply_to:https://x.com/jiburgos486/status/2022678262326157596,True,https://x.com/jiburgos486/status/2022678262326157596
,2026-02-01_al_2026-02-15_Twitter,@isaacsolar,2026-02-13T18:23:31.000Z,2026-02-13T18:23:31+00:00,https://x.com/isaacsolar/status/2022376104384958493,"Inicio a la Rehabilitación y Equipamiento del Rebombeo Remedios Esta obra forma parte de las Huellas de la Transformación del municipio. El rebombeo, con más de 40 años de antigüedad, será modernizado con tecnología de punta, lo que permitirá garantizar un mejor abasto de agua potable y una menor dependencia del Sistema Cutzamala. #AquiGobiernaLaEsperanza #Naucalpan #OAPAS #PRODDER #BosqueDeLosRemedios",0,0,0,0,0,reply_to:https://x.com/jiburgos486/status/2022678078795948257,True,https://x.com/jiburgos486/status/2022678078795948257
,2026-02-01_al_2026-02-15_Twitter,@isaacsolar,2026-02-13T18:10:54.000Z,2026-02-13T18:10:54+00:00,https://x.com/isaacsolar/status/2022372928055017513,"Acudí a la colonia Bosque de Los Remedios para dar el banderazo de inicio a la Rehabilitación y Equipamiento de Rebombeo Remedios, una obra estratégica dentro del plan maestro de aumento de cobertura hídrica y renovación de infraestructura hidráulica en Ciudad Naucalpan. Esta intervención, financiada a través del PRODDER 2025 en un esquema 50% federal y 50% municipal, contempla la instalación de equipos de bombeo vertical tipo turbina y la modernización del sistema de telemetría SCADA, lo que permitirá un monitoreo permanente y más eficiente de esta instalación operada por OAPAS. Durante años, nuestra infraestructura hidráulica sufrió rezagos importantes. Hoy estamos recuperando el tiempo perdido con una inversión histórica que busca saldar demandas acumuladas y garantizar mayor caudal para las comunidades de esta zona. Esta obra beneficiará directamente a colonias como Padre Figueroa, Los Remedios, La Rivera, Sierra Nevada, Ciudad de los Niños, entre otras. Además, estas iniciativas permitirán disminuir la dependencia del sistema Cutzamala, fortalecer el derecho al agua para todas y todos y modernizar instalaciones que tienen más de cuatro décadas de antigüedad. También seguimos avanzando en el mantenimiento de la red hidráulica, sustitución de drenaje y rescate de cuerpos de agua como el Río Hondo, el Río Verde y la Presa Los Cuartos, en coordinación con CONAGUA y la OCAVM. Estamos pensando en el presente, pero trabajando para las próximas décadas. Gobernar con responsabilidad implica anticiparnos, invertir con visión y devolverle dignidad a nuestras comunidades. #AquiGobiernaLaEsperanza #Naucalpan #OAPAS #PRODDER",0,0,0,0,0,reply_to:https://x.com/jiburgos486/status/2022677880715776404,True,https://x.com/jiburgos486/status/2022677880715776404
,2026-02-01_al_2026-02-15_Twitter,@isaacsolar,2026-02-13T16:46:01.000Z,2026-02-13T16:46:01+00:00,https://x.com/isaacsolar/status/2022351566355812535,"Transformamos el Mercado Público del Molinito Se realizaron trabajos para mejorar sus condiciones y garantizar mayor seguridad y funcionalidad para las y los comerciantes. Nueva techumbre de lámina galvanizada. Limpieza y reforzamiento de la estructura metálica. Resane de muros exteriores. Instalación de bajadas pluviales. Pintura en cortinas y muros... Con la próxima estación del Mexicable Línea 3, esta zona tendrá mayor conectividad y dinamismo comercial. Un mercado más seguro, funcional y digno para las y los naucalpenses. #AquiGobiernaLaEsperanza #Naucalpan #Mercado #ElMolinito",0,0,0,0,0,reply_to:https://x.com/jiburgos486/status/2022677445837836654,True,https://x.com/jiburgos486/status/2022677445837836654
,2026-02-01_al_2026-02-15_Twitter,@isaacsolar,2026-02-13T16:39:45.000Z,2026-02-13T16:39:45+00:00,https://x.com/isaacsolar/status/2022349989859532961,"Acudí al Mercado Público del Molinito para constatar los trabajos de remodelación realizados en este espacio emblemático de nuestro municipio. Estos trabajos son fundamentales para que el mercado continúe impulsando la economía local y siga siendo sustento y fuente de empleo para cientos de familias naucalpenses. La nueva techumbre respeta el diseño original del arquitecto Félix Candela, particularmente su estructura conocida como “paraguas”, que forma parte de la identidad arquitectónica de Ciudad Naucalpan. Aquí ya suman cuatro generaciones de comerciantes que han sostenido, con esfuerzo y dignidad, la economía popular de nuestra comunidad. Con estos trabajos garantizamos mejores condiciones de seguridad, funcionalidad y operación para las y los comerciantes, así como para vecinas y vecinos que diariamente realizan sus compras para el hogar o sus negocios. El Molinito tenía una deuda histórica. Es un mercado icónico, pero sobre todo es tierra de trabajo. Aquí hay historias de mujeres y hombres que migraron buscando un mejor futuro y que construyeron Naucalpan con esfuerzo y perseverancia. Gobernar implica reconocer esa historia y dignificarla. Además, este lugar se resignificará con la próxima estación de la Mexicable Línea 3. Esto permitirá mayor conectividad, un flujo más amplio de personas y mejores oportunidades para la actividad comercial de la zona. A ello se suman acciones integrales como el saneamiento del Río Hondo, la repavimentación de la avenida Río Hondo y del Camino Viejo a Zomeyucan, así como la recuperación de espacios públicos que mejoran la movilidad peatonal y vehicular. El Plan Maestro de los Triángulos del Bienestar contempla senderos seguros y luminosos entre Naucalpan Centro, el Molinito y Cuatro Caminos, con cámaras conectadas al C4 municipal. También se realizaron labores de limpieza y mantenimiento en el entorno, incluyendo la liberación de un chinchero a través de la Dirección de Servicios Públicos. #AquiGobiernaLaEsperanza #Naucalpan #Mercado #ElMolinito",0,0,0,0,0,reply_to:https://x.com/jiburgos486/status/2022677229121991117,True,https://x.com/jiburgos486/status/2022677229121991117
,2026-02-01_al_2026-02-15_Twitter,@isaacsolar,2026-02-13T03:44:56.000Z,2026-02-13T03:44:56+00:00,https://x.com/isaacsolar/status/2022155001984897274,"Seguimos transformando Ciudad Naucalpan Se realizaron mejoras en el Mercado Público Salvador Sánchez Colín, en Ahuizotla. Nueva techumbre de lámina galvanizada. Reforzamiento de estructura metálica. Resane y pintura en muros y cortinas. 2,026.29 m² atendidos. 57,846 habitantes beneficiados. #AquiGobiernaLaEsperanza #Naucalpan #HuellasDeLaTransformacion",0,0,0,0,0,reply_to:https://x.com/jiburgos486/status/2022676972716069180,True,https://x.com/jiburgos486/status/2022676972716069180
,2026-02-01_al_2026-02-15_Twitter,@isaacsolar,2026-02-12T23:59:13.000Z,2026-02-12T23:59:13+00:00,https://x.com/isaacsolar/status/2022098196298715169,Hoy firmamos un Convenio de Colaboración con la Secretaría del Trabajo del Gobierno del Estado de México y los 25 Gobiernos Municipales Competentes de la Sala Auxiliar de Tlalnepantla del Tribunal Estatal de Conciliación y Arbitraje. #AquiGobiernaLaEsperanza #Naucalpan #EdoMex #FirmaDeConvenioDeColaboracion,0,0,0,0,0,reply_to:https://x.com/jiburgos486/status/2022676819531756029,True,https://x.com/jiburgos486/status/2022676819531756029
,2026-02-01_al_2026-02-15_Twitter,@isaacsolar,2026-02-12T23:10:27.000Z,2026-02-12T23:10:27+00:00,https://x.com/isaacsolar/status/2022085922884325762,"Hoy firmamos un Convenio de Colaboración con la Secretaría del Trabajo del Gobierno del Estado de México y los 25 Gobiernos Municipales Competentes de la Sala Auxiliar de Tlalnepantla del Tribunal Estatal de Conciliación y Arbitraje. Con estas jornadas fortalecemos el diálogo como la mejor vía para resolver conflictos, sin afectar los derechos laborales ni la estabilidad de los municipios. En coordinación con el Gobierno del Estado de México, encabezado por la Maestra Delfina Gómez Álvarez, construimos soluciones responsables. Estoy convencido de que este paso permitirá dar certeza jurídica, evitar crisis financieras y dignificar la justicia laboral en beneficio de las familias mexiquenses. #AquiGobiernaLaEsperanza #Naucalpan #EdoMex #FirmaDeConvenioDeColaboración",0,0,0,0,0,reply_to:https://x.com/jiburgos486/status/2022676650610032824,True,https://x.com/jiburgos486/status/2022676650610032824
,2026-02-01_al_2026-02-15_Twitter,@isaacsolar,2026-02-12T21:35:24.000Z,2026-02-12T21:35:24+00:00,https://x.com/isaacsolar/status/2022062004312191479,"Seguimos transformando Ciudad Naucalpan Se realizaron mejoras en el Mercado Público Salvador Sánchez Colín, en Santiago Ahuizotla. Nueva techumbre de lámina galvanizada. Reforzamiento de estructura metálica. Resane y pintura en muros y cortinas. 2,026.29 m² atendidos 57,846 habitantes beneficiados Espacios más dignos y seguros para las y los naucalpenses. #AquiGobiernaLaEsperanza #Naucalpan #HuellasDeLaTransformacion",0,0,0,0,0,reply_to:https://x.com/jiburgos486/status/2022676360460943486,True,https://x.com/jiburgos486/status/2022676360460943486
,2026-02-01_al_2026-02-15_Twitter,@isaacsolar,2026-02-12T21:34:30.000Z,2026-02-12T21:34:30+00:00,https://x.com/isaacsolar/status/2022061778490859736,"Regresé al mercado Salvador Sánchez Colín en Santiago Ahuizotla. Tras más de 50 años sin atención integral, hoy dignificamos 2,026 m² con nueva techumbre y mejoras estructurales. Es justicia para 132 locatarios y miles de familias. Transformar es dejar huella. #AquiGobiernaLaEsperanza #Naucalpan #HuellasDeLaTransformacion",0,0,0,0,0,reply_to:https://x.com/jiburgos486/status/2022676109557714961,True,https://x.com/jiburgos486/status/2022676109557714961
,2026-02-01_al_2026-02-15_Twitter,@isaacsolar,2026-02-12T18:26:09.000Z,2026-02-12T18:26:09+00:00,https://x.com/isaacsolar/status/2022014379030405550,"Se logró la detención del probable agresor de “Lobito”. La Guardia Municipal de Ciudad Naucalpan, en coordinación con la Fiscalía General de Justicia del Estado de México y la Policía de Investigación, dio cumplimiento a una orden de cateo donde se logró la detención del probable agresor del canino “Lobito”. Continuamos reforzando la seguridad en Ciudad Naucalpan. #AquiGobiernaLaEsperanza #GuardiaMunicipal #Naucalpan #BienestarAnimal #Lobito #NoAlMaltratoAnimal",0,0,0,0,0,reply_to:https://x.com/jiburgos486/status/2022675813834055925,True,https://x.com/jiburgos486/status/2022675813834055925
,2026-02-01_al_2026-02-15_Twitter,@MarielRabago,2026-02-15T00:18:25.000Z,2026-02-15T00:18:25+00:00,https://x.com/MarielRabago/status/2022827802261643379,Y los baches donde se pueden reportar?,0,0,0,0,0,reply_to:https://x.com/isaacsolar/status/2022761005600657518,True,https://x.com/isaacsolar/status/2022761005600657518
,2026-02-01_al_2026-02-15_Twitter,@isaacsolar,2026-02-13T20:59:48.000Z,2026-02-13T20:59:48+00:00,https://x.com/isaacsolar/status/2022415430942384590/history,"Visité Jardines de La Florida para sumar una renovación hídrica más con el inicio de la rehabilitación del Tanque de Agua Potable Jardines de La Florida, una infraestructura construida hace casi seis décadas y que durante más de 10 años dejó de funcionar. Estamos interviniendo un punto estratégico de nuestro sistema hídrico como parte del plan maestro para fortalecer la cobertura y garantizar el suministro constante en los hogares. Esta obra se realiza a través del PRODDER, bajo un esquema 50% federal y 50% municipal. #AquiGobiernaLaEsperanza #Naucalpan #OAPAS #PRODDER #LaFlorida",1,2,5,0,0,reply_to:https://x.com/isaacsolar/status/2022415430942384590,True,https://x.com/isaacsolar/status/2022415430942384590
,2026-02-01_al_2026-02-15_Twitter,@isaacsolar,2026-02-13T18:23:31.000Z,2026-02-13T18:23:31+00:00,https://x.com/isaacsolar/status/2022376104384958493/history,"Inicio a la Rehabilitación y Equipamiento del Rebombeo Remedios Esta obra forma parte de las Huellas de la Transformación del municipio. El rebombeo, con más de 40 años de antigüedad, será modernizado con tecnología de punta, lo que permitirá garantizar un mejor abasto de agua potable y una menor dependencia del Sistema Cutzamala. #AquiGobiernaLaEsperanza #Naucalpan #OAPAS #PRODDER #BosqueDeLosRemedios",1,0,3,0,0,reply_to:https://x.com/isaacsolar/status/2022376104384958493,True,https://x.com/isaacsolar/status/2022376104384958493
,2026-02-01_al_2026-02-15_Twitter,@jiburgos486,2026-02-14T14:12:34.000Z,2026-02-14T14:12:34+00:00,https://x.com/jiburgos486/status/2022675338346795305,Importante realizar los trabajos en tiempo y forma para beneficio de los usuarios,0,0,0,0,0,reply_to:https://x.com/isaacsolar/status/2021761459772912084,True,https://x.com/isaacsolar/status/2021761459772912084
,2026-02-01_al_2026-02-15_Twitter,@RobChavo,2026-02-13T03:36:08.000Z,2026-02-13T03:36:08+00:00,https://x.com/RobChavo/status/2022152785509454302,A joder a los trabajadores. ¿Sabes cómo se va a poner el tráfico en las mañanas? Te vale madres,0,0,0,0,0,reply_to:https://x.com/isaacsolar/status/2021964674070196402,True,https://x.com/isaacsolar/status/2021964674070196402
,2026-02-01_al_2026-02-15_Twitter,@jiburgos486,2026-02-14T14:10:04.000Z,2026-02-14T14:10:04+00:00,https://x.com/jiburgos486/status/2022674707300925896,Urgente trabajar en el mantenimiento Rehabilitacion de este tipo de espacios públicos,0,0,0,0,0,reply_to:https://x.com/isaacsolar/status/2021415935001706671,True,https://x.com/isaacsolar/status/2021415935001706671
,2026-02-01_al_2026-02-15_Twitter,@jiburgos486,2026-02-09T06:16:59.000Z,2026-02-09T06:16:59+00:00,https://x.com/jiburgos486/status/2020743712607756517,Importante trabajar junto con la comunidad en la recuperación de espacios,0,0,0,0,0,reply_to:https://x.com/isaacsolar/status/2020262097813139851,True,https://x.com/isaacsolar/status/2020262097813139851
,2026-02-01_al_2026-02-15_Twitter,@jiburgos486,2026-02-09T06:16:07.000Z,2026-02-09T06:16:07+00:00,https://x.com/jiburgos486/status/2020743493732241653,Importante recuperar espacios públicos para beneficio de la comunidad,0,0,0,0,0,reply_to:https://x.com/isaacsolar/status/2019969452154994886,True,https://x.com/isaacsolar/status/2019969452154994886
,2026-02-01_al_2026-02-15_Twitter,@jiburgos486,2026-02-14T14:09:10.000Z,2026-02-14T14:09:10+00:00,https://x.com/jiburgos486/status/2022674480276082859,Importante continuar con los trabajos para mejorar la seguridad dentro del municipio,0,0,0,0,0,reply_to:https://x.com/isaacsolar/status/2021350343649472970,True,https://x.com/isaacsolar/status/2021350343649472970
,2026-02-01_al_2026-02-15_Twitter,@jiburgos486,2026-02-14T14:11:15.000Z,2026-02-14T14:11:15+00:00,https://x.com/jiburgos486/status/2022675006317302043,Importante garantizar la seguridad y comunidad de los usuarios de este tipo de espacios,0,0,0,0,0,reply_to:https://x.com/isaacsolar/status/2021649115432517699,True,https://x.com/isaacsolar/status/2021649115432517699
,2026-02-01_al_2026-02-15_Twitter,@PenaMish,2026-02-10T01:00:33.000Z,2026-02-10T01:00:33+00:00,https://x.com/PenaMish/status/2021026469762433134,"Buenas tardes, Sr. Presidente. ¿Cómo puedo ponerme en contacto con alguien para gestionar una campaña de vacunación contra el Sarampión en el Colegio Secundaria La Salle Boulevares? Mis alumnos se encuentran dentro del sector vulnerable, así como sus maestros. Gracias.",0,1,0,0,0,reply_to:https://x.com/isaacsolar/status/2020919646694543475,True,https://x.com/isaacsolar/status/2020919646694543475
,2026-02-01_al_2026-02-15_Twitter,@jiburgos486,2026-02-10T03:20:53.000Z,2026-02-10T03:20:53+00:00,https://x.com/jiburgos486/status/2021061783344251024,Importante iniciativa de apoyo,0,0,0,0,0,reply_to:https://x.com/isaacsolar/status/2020919646694543475,True,https://x.com/isaacsolar/status/2020919646694543475
,2026-02-01_al_2026-02-15_Twitter,@isaacsolar,2026-02-09T04:54:08.000Z,2026-02-09T04:54:08+00:00,https://x.com/isaacsolar/status/2020722864115126597/history,"Hoy felicito con aprecio y respeto a mi amigo José Luis Cervantes, Fiscal General de Justicia del Estado de México, con motivo de su cumpleaños. Que este nuevo año venga acompañado de bienestar personal y de muchos motivos para seguir avanzando, juntas y juntos, en la ruta de la transformación, por la dignificación y el bienestar del pueblo de México. Recibe mis mejores deseos. #Naucalpan",1,0,3,0,0,reply_to:https://x.com/isaacsolar/status/2020722864115126597,True,https://x.com/isaacsolar/status/2020722864115126597
,2026-02-01_al_2026-02-15_Twitter,@jiburgos486,2026-02-09T06:17:43.000Z,2026-02-09T06:17:43+00:00,https://x.com/jiburgos486/status/2020743897350127803,"Felicitaciones Jose Luis por tu onomástico, saludos y Bendiciones",0,0,0,0,0,reply_to:https://x.com/isaacsolar/status/2020722864115126597,True,https://x.com/isaacsolar/status/2020722864115126597
,2026-02-01_al_2026-02-15_Twitter,@jiburgos486,2026-02-09T06:14:38.000Z,2026-02-09T06:14:38+00:00,https://x.com/jiburgos486/status/2020743121429041594,Importante nuevo espacio de apoyo a las familias naucalpenses,0,0,0,0,0,reply_to:https://x.com/isaacsolar/status/2019865569952965053,True,https://x.com/isaacsolar/status/2019865569952965053
,2026-02-01_al_2026-02-15_Twitter,@jiburgos486,2026-02-09T06:13:48.000Z,2026-02-09T06:13:48+00:00,https://x.com/jiburgos486/status/2020742910128373791,Importante continuar con trabajos de apoyo en el sector salud a través de inmuebles,0,0,0,0,0,reply_to:https://x.com/isaacsolar/status/2019852858171044187,True,https://x.com/isaacsolar/status/2019852858171044187
,2026-02-01_al_2026-02-15_Twitter,@jiburgos486,2026-02-09T06:07:13.000Z,2026-02-09T06:07:13+00:00,https://x.com/jiburgos486/status/2020741256599441879,Importante reglamentar de forma ejemplar el cuidado y esparcimiento de mascotas en el municipio,0,0,0,0,0,reply_to:https://x.com/isaacsolar/status/2019789266457346438,True,https://x.com/isaacsolar/status/2019789266457346438
,2026-02-01_al_2026-02-15_Twitter,@jiburgos486,2026-02-09T06:12:27.000Z,2026-02-09T06:12:27+00:00,https://x.com/jiburgos486/status/2020742572973457776,Importante iniciativa de apoyo de comunidad a personas con capacidades diferentes,0,0,0,0,0,reply_to:https://x.com/isaacsolar/status/2019818947491615155,True,https://x.com/isaacsolar/status/2019818947491615155
,2026-02-01_al_2026-02-15_Twitter,@jiburgos486,2026-02-09T06:10:23.000Z,2026-02-09T06:10:23+00:00,https://x.com/jiburgos486/status/2020742050694541349,Importante nuevo espacio de apoyo a las familias naucalpenses,0,0,0,0,0,reply_to:https://x.com/isaacsolar/status/2019804542074843510,True,https://x.com/isaacsolar/status/2019804542074843510
,2026-02-01_al_2026-02-15_Twitter,@jiburgos486,2026-02-09T06:06:18.000Z,2026-02-09T06:06:18+00:00,https://x.com/jiburgos486/status/2020741025157828951,Importante recuperar espacios públicos junto con la participación ciudadana,0,0,0,0,0,reply_to:https://x.com/isaacsolar/status/2019781090957771116,True,https://x.com/isaacsolar/status/2019781090957771116
,2026-02-01_al_2026-02-15_Twitter,@jiburgos486,2026-02-06T04:07:11.000Z,2026-02-06T04:07:11+00:00,https://x.com/jiburgos486/status/2019623885071671382,Importante garantizar el abasto del vital a la mayor parte de la población,0,0,0,0,0,reply_to:https://x.com/isaacsolar/status/2019608419787837872,True,https://x.com/isaacsolar/status/2019608419787837872
,2026-02-01_al_2026-02-15_Twitter,@jiburgos486,2026-02-06T04:05:49.000Z,2026-02-06T04:05:49+00:00,https://x.com/jiburgos486/status/2019623541981708292,Importante trabajar en la rehabilitación de las redes hidráulicas y pozos del municipio,0,0,0,0,0,reply_to:https://x.com/isaacsolar/status/2019596085128200522,True,https://x.com/isaacsolar/status/2019596085128200522
,2026-02-01_al_2026-02-15_Twitter,@Vazmel,2026-02-14T19:56:10.000Z,2026-02-14T19:56:10+00:00,https://x.com/Vazmel/status/2022761805982876139,@GobNau sintieron el movimiento?,0,0,0,0,0,to:GobNau since:2026-02-01 until:2026-02-15,False,
,2026-02-01_al_2026-02-15_Twitter,@Emmanue23349373,2026-02-14T18:29:48.000Z,2026-02-14T18:29:48+00:00,https://x.com/Emmanue23349373/status/2022740073549074872,"@GobNau como siempre sus patrullas extorsionando al ciudadano, en este caso estaban acosando a un conductor según ellos por no tener permiso de carga y descarga, no fueran criminales porque nunca se aparecen, solo sirven para robar y amedrentar, 3 gorilas contra una Srita. Bravo!",0,0,0,0,0,to:GobNau since:2026-02-01 until:2026-02-15,False,
,2026-02-01_al_2026-02-15_Twitter,@itzayanarios,2026-02-14T16:16:39.000Z,2026-02-14T16:16:39+00:00,https://x.com/itzayanarios/status/2022706565137178738,¿Dónde puedo poner una denuncia por maltrato animal? En la dependencia del EDOMEX me ignoran,0,0,0,0,0,to:GobNau since:2026-02-01 until:2026-02-15,False,
,2026-02-01_al_2026-02-15_Twitter,@yochelita,2026-02-14T13:42:41.000Z,2026-02-14T13:42:41+00:00,https://x.com/yochelita/status/2022667816411791836,Gracias,0,0,0,0,0,to:GobNau since:2026-02-01 until:2026-02-15,False,
,2026-02-01_al_2026-02-15_Twitter,@KARWIND,2026-02-14T12:26:30.000Z,2026-02-14T12:26:30+00:00,https://x.com/KARWIND/status/2022648645380947970,Y COMO PORQUE REPITEN EL COLOR AZUL ?? QUE NO TIENEN LOGÍSTICA CORRECTA Y SEA OTRO COLOR????,0,0,0,0,0,to:GobNau since:2026-02-01 until:2026-02-15,False,
,2026-02-01_al_2026-02-15_Twitter,@d3lfstar,2026-02-14T07:18:06.000Z,2026-02-14T07:18:06+00:00,https://x.com/d3lfstar/status/2022571031517401525,"@GobNau buenas noches. Necesito apoyo con vecino (militar) tiene fiesta en la calle con música a todo volumen. Col. La palma, cerca de la fábrica de tambos, ya le gustó tomar la calle como su patio.",0,0,0,0,0,to:GobNau since:2026-02-01 until:2026-02-15,False,
,2026-02-01_al_2026-02-15_Twitter,@Myhappyfarm01,2026-02-14T04:36:43.000Z,2026-02-14T04:36:43+00:00,https://x.com/Myhappyfarm01/status/2022530417614528959,¿Cuándo ponen orden en el Mercado Flores Magón? No sé puede ha caminar en la banqueta de tanto ambulante!,0,0,0,0,0,to:GobNau since:2026-02-01 until:2026-02-15,False,
,2026-02-01_al_2026-02-15_Twitter,@Miespacioinfo,2026-02-14T04:18:18.000Z,2026-02-14T04:18:18+00:00,https://x.com/Miespacioinfo/status/2022525783227486447,"@GobNau El Presidente Municipal, @isaacsolar, luego de firmar el Convenio de Colaboración para las Jornadas de Conciliación Laboral entre la Secretaría del Trabajo del Gobierno del Estado de México y los 25 Gobiernos Municipales. https://semanariomiespacio.com/naucalpan/naucalpan-516/…",0,0,0,0,0,to:GobNau since:2026-02-01 until:2026-02-15,False,
,2026-02-01_al_2026-02-15_Twitter,@DavisFBlues,2026-02-14T03:35:37.000Z,2026-02-14T03:35:37+00:00,https://x.com/DavisFBlues/status/2022515041572970883,@GobNau hay alguna forma de que verifiquen el desmadre y el asco de servicio del estacionamiento de la @PSatelite dicen 30 minutos gratis… si llegas al 31 te cobran toda la hora… dónde quedó lo gratis??? @Profeco Adicional a que Nunca funcionan bien ni cajeros ni plumas,0,0,0,0,0,to:GobNau since:2026-02-01 until:2026-02-15,False,
,2026-02-01_al_2026-02-15_Twitter,@abismaeldionici,2026-02-14T03:27:37.000Z,2026-02-14T03:27:37+00:00,https://x.com/abismaeldionici/status/2022513028613161446,"Está muy bien, pero falta regularizar los ambulantes que están arriba del puente frente al cine Hollywood han invadido las banquetas y echaron a los peatones al arroyo vehicular y todos los que rodean al pericentro",0,0,0,0,0,to:GobNau since:2026-02-01 until:2026-02-15,False,
,2026-02-01_al_2026-02-15_Twitter,@SoyJorgeSant,2026-02-13T23:30:50.000Z,2026-02-13T23:30:50+00:00,https://x.com/SoyJorgeSant/status/2022453442719908172,Ni ustedes se creen esas cifras Los mismos policías que presumen son los mismos que siguen extorsionando y haciendo de todo menos cuidar Los homicidios y robos son el pan de cada día y ni hablar del ambulantaje que tiene hecho al municipio una porquería,0,0,0,0,0,to:GobNau since:2026-02-01 until:2026-02-15,False,
,2026-02-01_al_2026-02-15_Twitter,@edogro1515,2026-02-13T20:24:49.000Z,2026-02-13T20:24:49+00:00,https://x.com/edogro1515/status/2022406629011132558,@GobNau podrian indicarme x favor que tramite debo realizar para que se lleven unos autos qué no se han movido por años.,0,0,0,0,0,to:GobNau since:2026-02-01 until:2026-02-15,False,
,2026-02-01_al_2026-02-15_Twitter,@rocco_cabs,2026-02-13T19:17:17.000Z,2026-02-13T19:17:17+00:00,https://x.com/rocco_cabs/status/2022389632722440268,@GobNau currpcion,0,0,0,0,0,to:GobNau since:2026-02-01 until:2026-02-15,False,
,2026-02-01_al_2026-02-15_Twitter,@MarielRabago,2026-02-13T16:49:42.000Z,2026-02-13T16:49:42+00:00,https://x.com/MarielRabago/status/2022352494962290784,En donde puedo reportar un bache que lleva meses en av de las fuentes?,0,0,0,0,0,to:GobNau since:2026-02-01 until:2026-02-15,False,
,2026-02-01_al_2026-02-15_Twitter,@visahagun,2026-02-13T13:27:42.000Z,2026-02-13T13:27:42+00:00,https://x.com/visahagun/status/2022301657430708559,"@GobNau qué onda con los policías de tránsito quitando placas en zonas residenciales (SIN disco de “no estacionarse” claramente). Soltaron a los perros, deben cuota diaria o qué?",0,0,0,0,0,to:GobNau since:2026-02-01 until:2026-02-15,False,
,2026-02-01_al_2026-02-15_Twitter,@ElInformanteMX,2026-02-13T11:46:51.000Z,2026-02-13T11:46:51+00:00,https://x.com/ElInformanteMX/status/2022276276669632610,"@GobNau firma #convenio para fortalecer la #ConciliaciónLaboral: @isaacsolar Calificó la #firma como un #parteaguas, destacando que la #iniciativa consolida una #RedInterinstitucional que fortalece el #EstadoDeDerecho Tags: @TrabajoEdomex @PobleteNorberto https://elinformante.mx/?p=99944",0,0,0,0,0,to:GobNau since:2026-02-01 until:2026-02-15,False,
,2026-02-01_al_2026-02-15_Twitter,@Miespacioinfo,2026-02-13T01:26:14.000Z,2026-02-13T01:26:14+00:00,https://x.com/Miespacioinfo/status/2022120097129935263,"@GobNau La Guardia Municipal de Naucalpan, en coordinación con la @FiscaliaEdomex y la Policía de Investigación, en un mega operativo, del probable agresor del perrito “Lobito”, detuvo a una familia por el Delito de Maltrato Animal. https://semanariomiespacio.com/naucalpan/naucalpan-515/…",0,0,0,0,0,to:GobNau since:2026-02-01 until:2026-02-15,False,
,2026-02-01_al_2026-02-15_Twitter,@AbiramGuindi,2026-02-13T00:45:09.000Z,2026-02-13T00:45:09+00:00,https://x.com/AbiramGuindi/status/2022109757801476378,"""NO A LA IDEOLOGÍA DE GÉNERO""",0,0,0,0,0,to:GobNau since:2026-02-01 until:2026-02-15,False,
,2026-02-01_al_2026-02-15_Twitter,@adrianestracom,2026-02-13T00:23:31.000Z,2026-02-13T00:23:31+00:00,https://x.com/adrianestracom/status/2022104313108283430,Cuánto tiempo calculan durará la obra?,0,0,0,0,0,to:GobNau since:2026-02-01 until:2026-02-15,False,
,2026-02-01_al_2026-02-15_Twitter,@SoyJorgeSant,2026-02-12T23:08:59.000Z,2026-02-12T23:08:59+00:00,https://x.com/SoyJorgeSant/status/2022085554188558440,"Desde junio del año pasado he reportado por aquí el semáforo de San Esteban y Esfuerzo, a día de hoy sigue sin funcionar ¿Realmente es tan difícil arreglar un semáforo?",0,0,0,0,0,to:GobNau since:2026-02-01 until:2026-02-15,False,
,2026-02-01_al_2026-02-15_Twitter,@LauraVaz_Modelo,2026-02-12T22:36:23.000Z,2026-02-12T22:36:23+00:00,https://x.com/LauraVaz_Modelo/status/2022077350217937166,"""Probable"" ????",0,0,0,0,0,to:GobNau since:2026-02-01 until:2026-02-15,False,
,2026-02-01_al_2026-02-15_Twitter,@ReformaSilvia,2026-02-12T20:15:23.000Z,2026-02-12T20:15:23+00:00,https://x.com/ReformaSilvia/status/2022041866204848607,"No había querido ver el video de Lobito, y ahorita que lo veo se me hizo arrugo mi corazón, deseo que le den varios años preso a este miserable",0,0,0,0,0,to:GobNau since:2026-02-01 until:2026-02-15,False,
,2026-02-01_al_2026-02-15_Twitter,@mariaiperezg,2026-02-12T19:33:18.000Z,2026-02-12T19:33:18+00:00,https://x.com/mariaiperezg/status/2022031274735698140,¿De qué se trata el programa? ¿Cuál es el objetivo empoderador? Para analizar compartir y estar segura de que no se trata de una acción simbólica sin impacto de género. Soy cauta porque nos han usado a las mujeres con fines partidistas en años del neoliberalismo.,0,0,0,0,0,to:GobNau since:2026-02-01 until:2026-02-15,False,
,2026-02-01_al_2026-02-15_Twitter,@GigyMartinN,2026-02-12T19:10:46.000Z,2026-02-12T19:10:46+00:00,https://x.com/GigyMartinN/status/2022025603780935952,"@GobNau esta calle se llama paseo de las naciones hospital MAC al lado del colegio aleman preparatoria y al igual que cientos de calles en Naucalpan es un campo minado, en el olvido. Naucalpan podrías atender esto?",0,0,0,0,0,to:GobNau since:2026-02-01 until:2026-02-15,False,
,2026-02-01_al_2026-02-15_Twitter,@mauriciovazm,2026-02-12T18:40:21.000Z,2026-02-12T18:40:21+00:00,https://x.com/mauriciovazm/status/2022017951768211487,¡Increíble proyecto!,0,0,0,0,0,to:GobNau since:2026-02-01 until:2026-02-15,False,
,2026-02-01_al_2026-02-15_Twitter,@Miespacioinfo,2026-02-12T02:05:00.000Z,2026-02-12T02:05:00+00:00,https://x.com/Miespacioinfo/status/2021767462203637857,"@GobNau Las rehabilitaciones en los mercados y ofrecer un espacios dignos, seguros y funcionales, afirmó el presidente municipal, #IsaacMontoya, luego de acudir a la celebración de los 57 años del Mercado de la Cabecera Municipal de Naucalpan https://semanariomiespacio.com/naucalpan/naucalpan-514…",0,0,0,0,0,to:GobNau since:2026-02-01 until:2026-02-15,False,
,2026-02-01_al_2026-02-15_Twitter,@DieNoriegaM,2026-02-12T01:22:02.000Z,2026-02-12T01:22:02+00:00,https://x.com/DieNoriegaM/status/2021756651351540073,@GobNau @Edomex esto no puede proceder. No se puede criminalizar la protesta. Alto a sus abusos y violencia. Inmobiliaria demanda a vecinos de Lomas Verdes por oponerse a construcción en área natural: exige millones y silencio total https://ow.ly/NBlO50YcW57,0,0,0,0,0,to:GobNau since:2026-02-01 until:2026-02-15,False,
,2026-02-01_al_2026-02-15_Twitter,@Carlos_Aldama1,2026-02-11T13:48:04.000Z,2026-02-11T13:48:04+00:00,https://x.com/Carlos_Aldama1/status/2021582006593655276,"¿Sabias qué? Desde septiembre, entre San Rafael Chamapa y Valle Dorado, a un costado del INE y cerca del parque de la hormiga en Naucalpan @PartidoMorenaMx sigue teniendo olvidada una obra que inició desde septiembre y hasta la fecha luce en el abandono",0,0,0,0,0,to:GobNau since:2026-02-01 until:2026-02-15,False,
,2026-02-01_al_2026-02-15_Twitter,@revista_pendulo,2026-02-10T23:59:35.000Z,2026-02-10T23:59:35+00:00,https://x.com/revista_pendulo/status/2021373515254128857,@GobNau coordina esfuerzos con @SaludEdomex para la prevención de casos de #Sarampion @isaacsolar señala que en #naucalpan solo hay dos casos y se estarán realizando en 5 puntos jornadas de vacunación para los niños,0,0,0,0,0,to:GobNau since:2026-02-01 until:2026-02-15,False,
,2026-02-01_al_2026-02-15_Twitter,@crysthal07,2026-02-10T20:25:44.000Z,2026-02-10T20:25:44+00:00,https://x.com/crysthal07/status/2021319695874523441,"@GobNau buenas tardes, circula en redes que se instalará un módulo de vacunación en el parque Naucalli, me pueden confirmar si es correcta la información por favor",0,0,0,0,0,to:GobNau since:2026-02-01 until:2026-02-15,False,
,2026-02-01_al_2026-02-15_Twitter,@RealidadNaucal2,2026-02-10T14:49:19.000Z,2026-02-10T14:49:19+00:00,https://x.com/RealidadNaucal2/status/2021235033499955709,"@GobNau informa qué tras denuncia recibida a través de la Policía Ética, se detectó la presunta conducta indebida de un elemento Movilidad Segura Por lo que los elementos fueron separados de su cargo y se iniciaron las investigaciones correspondientes para esclarecer los hechos",0,0,0,0,0,to:GobNau since:2026-02-01 until:2026-02-15,False,
,2026-02-01_al_2026-02-15_Twitter,@juancarlosMX17,2026-02-10T01:12:52.000Z,2026-02-10T01:12:52+00:00,https://x.com/juancarlosMX17/status/2021029568333897769,Ya había baches ? Desde ese entonces,0,0,0,0,0,to:GobNau since:2026-02-01 until:2026-02-15,False,
,2026-02-01_al_2026-02-15_Twitter,@yeidifuentes,2026-02-10T00:25:31.000Z,2026-02-10T00:25:31+00:00,https://x.com/yeidifuentes/status/2021017651821281625,"Cuándo el periférico no era mierda. Ahora con mil hoyos, no creo.",0,0,0,0,0,to:GobNau since:2026-02-01 until:2026-02-15,False,
,2026-02-01_al_2026-02-15_Twitter,@yeidifuentes,2026-02-09T22:36:06.000Z,2026-02-09T22:36:06+00:00,https://x.com/yeidifuentes/status/2020990117205131665,No pueden pavimentar bien y andan con sus chingaderas,0,0,0,0,0,to:GobNau since:2026-02-01 until:2026-02-15,False,
,2026-02-01_al_2026-02-15_Twitter,@882BFT,2026-02-09T18:38:06.000Z,2026-02-09T18:38:06+00:00,https://x.com/882BFT/status/2020930220455321792,@GobNau Pague mi predial en linea el 30 de enero ¿como obtengo mi comprobante? no me enviaron nada.,0,0,0,0,0,to:GobNau since:2026-02-01 until:2026-02-15,False,
,2026-02-01_al_2026-02-15_Twitter,@abogado1972rea1,2026-02-08T16:57:40.000Z,2026-02-08T16:57:40+00:00,https://x.com/abogado1972rea1/status/2020542556568780842,"@GobNau está patrulla lleva meses parada en el mismo lugar, literal nunca se mueve , solo la lavan y ya. Siguen pagando renta de está patrulla?",0,0,0,0,0,to:GobNau since:2026-02-01 until:2026-02-15,False,
,2026-02-01_al_2026-02-15_Twitter,@Carlos_Aldama1,2026-02-08T15:54:45.000Z,2026-02-08T15:54:45+00:00,https://x.com/Carlos_Aldama1/status/2020526723289198873,"¿Sabias qué? Desde septiembre, entre San Rafael Chamapa y Valle Dorado, a un costado del INE y cerca del parque de la hormiga en Naucalpan @PartidoMorenaMx tienen olvidada una obra que inició desde septiembre y hasta la fecha luce en el abandono",0,0,0,0,0,to:GobNau since:2026-02-01 until:2026-02-15,False,
,2026-02-01_al_2026-02-15_Twitter,@somablog,2026-02-08T01:44:00.000Z,2026-02-08T01:44:00+00:00,https://x.com/somablog/status/2020312626346221573,@GobNau me pueden ayudar a saber si se requiere dar algún aviso o tramitar algún documento para cambiar el portón de mi casa en naucalpan? Gracias y excelente semana,0,0,0,0,0,to:GobNau since:2026-02-01 until:2026-02-15,False,
,2026-02-01_al_2026-02-15_Twitter,@68cesarcesar,2026-02-07T19:58:23.000Z,2026-02-07T19:58:23+00:00,https://x.com/68cesarcesar/status/2020225650972581916,"El mundo está perdiendo el rumbo. Pobre animal, cierto, pero cuando esto merece más que la “normalidad” de los asesinatos de gente, algo está mal, muy mal. ¿Alguien ha visto tanta indignación por ellos? Pinche narrativa jodida de hacemos mucho.",0,0,0,0,0,to:GobNau since:2026-02-01 until:2026-02-15,False,
,2026-02-01_al_2026-02-15_Twitter,@pantera17leo,2026-02-07T17:47:38.000Z,2026-02-07T17:47:38+00:00,https://x.com/pantera17leo/status/2020192745327931739,"Otra más de tránsitos ahora de Naucalpan, esto si no es nuevo, no nació con morena, pero claramente los alcaldes de morena no han sido la solución, mantienen a los mismos mandos y solapan las mismas tranzas de antaño.",0,0,0,0,0,to:GobNau since:2026-02-01 until:2026-02-15,False,
,2026-02-01_al_2026-02-15_Twitter,@ReformaSilvia,2026-02-07T13:05:42.000Z,2026-02-07T13:05:42+00:00,https://x.com/ReformaSilvia/status/2020121795664179272,Quiero justificamos para lobito,0,0,0,0,0,to:GobNau since:2026-02-01 until:2026-02-15,False,
,2026-02-01_al_2026-02-15_Twitter,@Maricela_Dsm,2026-02-07T04:45:32.000Z,2026-02-07T04:45:32+00:00,https://x.com/Maricela_Dsm/status/2019995922956984555,"Todos son iguales andan tras la mordida pero que tal para combatir la delincuencia ahí si no se aparecen, vamos de mal en peor con este miserable gobierno",0,0,0,0,0,to:GobNau since:2026-02-01 until:2026-02-15,False,
,2026-02-01_al_2026-02-15_Twitter,@loaizale,2026-02-07T04:18:06.000Z,2026-02-07T04:18:06+00:00,https://x.com/loaizale/status/2019989019598418224,"Dios nada más de ver lo de tequila y otros más… Que miedo da, si los de la basura nos extorsionan pidiendo dinero para llevarse las bolsas… que sucederá más arriba. Uffff",0,0,0,0,0,to:GobNau since:2026-02-01 until:2026-02-15,False,
,2026-02-01_al_2026-02-15_Twitter,@Miespacioinfo,2026-02-07T03:59:13.000Z,2026-02-07T03:59:13+00:00,https://x.com/Miespacioinfo/status/2019984265547772391,"@GobNau En el marco del 109 aniversario de la Constitución Política de los Estados Unidos Mexicanos, el Gobierno de Naucalpan, encabezado por el presidente municipal, #IsaacMontoya, promulgó el #BandoMunicipal2026, https://semanariomiespacio.com/naucalpan/naucalpan-513/…",0,0,0,0,0,to:GobNau since:2026-02-01 until:2026-02-15,False,
,2026-02-01_al_2026-02-15_Twitter,@lordominos,2026-02-07T03:55:21.000Z,2026-02-07T03:55:21+00:00,https://x.com/lordominos/status/2019983292834238722,Es un delito debería estar en la carcel tampoco quieran hacer creer al pueblo que están haciendo algo.,0,0,0,0,0,to:GobNau since:2026-02-01 until:2026-02-15,False,
,2026-02-01_al_2026-02-15_Twitter,@lordominos,2026-02-07T03:54:08.000Z,2026-02-07T03:54:08+00:00,https://x.com/lordominos/status/2019982989992526134,Solo lo mueven a robar a Coacalco o Tlalnepantla y una rata con placa de allá lo mandan a Naucalpan al que hay que separar del cargo es a @isaacsolar,0,0,0,0,0,to:GobNau since:2026-02-01 until:2026-02-15,False,
,2026-02-01_al_2026-02-15_Twitter,@Emmanue23349373,2026-02-07T02:37:57.000Z,2026-02-07T02:37:57+00:00,https://x.com/Emmanue23349373/status/2019963817460134393,"Pues ojalá sea verdad porque así como es la policía municipal fácil solo se quedarían con unas 3/4 de sus elementos, la mayoría son una bola de corruptos rateros que se inventan cualquier excusa para sacar mordida...",0,0,0,0,0,to:GobNau since:2026-02-01 until:2026-02-15,False,
,2026-02-01_al_2026-02-15_Twitter,@Annie_Paox,2026-02-07T01:00:41.000Z,2026-02-07T01:00:41+00:00,https://x.com/Annie_Paox/status/2019939337107026077,Y ya se castigo al responsable?,0,0,0,0,0,to:GobNau since:2026-02-01 until:2026-02-15,False,
,2026-02-01_al_2026-02-15_Twitter,@GigyMartinN,2026-02-07T00:24:30.000Z,2026-02-07T00:24:30+00:00,https://x.com/GigyMartinN/status/2019930230132031707,@GobNau UNA HORA Y MEDIA DE MASARICK Y AÚN NO LLEGO A SATÉLITE!!! Naucalpan!!!! Porque nos haces la vida taaan complicada. SOMOS LOS CONTRIBUYENTES!!!,0,0,0,0,0,to:GobNau since:2026-02-01 until:2026-02-15,False,
,2026-02-01_al_2026-02-15_Twitter,@Lu1sT3lle2,2026-02-06T17:13:53.000Z,2026-02-06T17:13:53+00:00,https://x.com/Lu1sT3lle2/status/2019821863476875313,Ese dinero va para Montoya,0,0,0,0,0,to:GobNau since:2026-02-01 until:2026-02-15,False,
,2026-02-01_al_2026-02-15_Twitter,@68cesarcesar,2026-02-06T15:09:02.000Z,2026-02-06T15:09:02+00:00,https://x.com/68cesarcesar/status/2019790445467816246,"Bien, lo malo que si siguen así, se van a quedar sin personal.",0,0,0,0,0,to:GobNau since:2026-02-01 until:2026-02-15,False,
,2026-02-01_al_2026-02-15_Twitter,@ElInformanteMX,2026-02-06T11:59:15.000Z,2026-02-06T11:59:15+00:00,https://x.com/ElInformanteMX/status/2019742684399747375,"@GobNau promulga #BandoMunicipal2026 con #CarácterHumanista Se fortalecen los principios de #transparencia, el acceso a la #InformaciónPública, la #RendiciónDeCuentas como #ObligaciónInstitucional. Tag: @isaacsolar https://elinformante.mx/?p=99579",0,0,0,0,0,to:GobNau since:2026-02-01 until:2026-02-15,False,
,2026-02-01_al_2026-02-15_Twitter,@poncejorge12,2026-02-06T11:07:06.000Z,2026-02-06T11:07:06+00:00,https://x.com/poncejorge12/status/2019729559990808592,"De quien se quieren burlar, no es solo uno, chequen a todos!!",0,0,0,0,0,to:GobNau since:2026-02-01 until:2026-02-15,False,
,2026-02-01_al_2026-02-15_Twitter,@keriose,2026-02-06T03:18:48.000Z,2026-02-06T03:18:48+00:00,https://x.com/keriose/status/2019611707740680327,"Investiguen a los de transito que salieron en las noticias, hasta corretearon a la policia, que más pruebas quieren.",0,0,0,0,0,to:GobNau since:2026-02-01 until:2026-02-15,False,
,2026-02-01_al_2026-02-15_Twitter,@eldeseoo,2026-02-05T13:58:33.000Z,2026-02-05T13:58:33+00:00,https://x.com/eldeseoo/status/2019410320608096533,"@GobNau por favor cambien a los inútiles de tránsito que están en Gustavo Baz y hacienda de la Huaracha , tienen un festival por estar haciendo nada !",0,0,0,0,0,to:GobNau since:2026-02-01 until:2026-02-15,False,
,2026-02-01_al_2026-02-15_Twitter,@ElInformanteMX,2026-02-05T11:59:17.000Z,2026-02-05T11:59:17+00:00,https://x.com/ElInformanteMX/status/2019380304415199323,@GobNau realiza jornada de #mantenimiento en la #carretera #Naucalpan–#Ixtlahuaca Estas acciones buscan fortalecer la #SeguridadVial y mejorar la #ImagenUrbana. Tag: @isaacsolar https://elinformante.mx/?p=99504,0,0,0,0,0,to:GobNau since:2026-02-01 until:2026-02-15,False,
,2026-02-01_al_2026-02-15_Twitter,@Miespacioinfo,2026-02-05T02:05:52.000Z,2026-02-05T02:05:52+00:00,https://x.com/Miespacioinfo/status/2019230965974090203,"@GobNau El Gobierno de Naucalpan inició el 2026 reforzando sus acciones en materia de accesibilidad e inclusión, a través de esta propuesta impulsada por el Presidente Municipal, #IsaacMontoya. https://semanariomiespacio.com/naucalpan/naucalpan-512/…",0,0,0,0,0,to:GobNau since:2026-02-01 until:2026-02-15,False,
,2026-02-01_al_2026-02-15_Twitter,@lucas75111,2026-02-05T01:12:04.000Z,2026-02-05T01:12:04+00:00,https://x.com/lucas75111/status/2019217425212796989,@GobNau Y para cuando limpian el centro de Naucalpan de todos los ambulantes??,0,0,0,0,0,to:GobNau since:2026-02-01 until:2026-02-15,False,
,2026-02-01_al_2026-02-15_Twitter,@Barbs_9,2026-02-04T22:43:24.000Z,2026-02-04T22:43:24+00:00,https://x.com/Barbs_9/status/2019180014978183538,"Sería bueno, ya que se trata de limpieza,se den una vuelta por la calle Río Chico y Reforma, San Juan Totoltepec, salón de fiestas ""La Hacienda de Cortés"", tienen un verdadero muladar todo alrededor, basura, hierba, botellas con orines y hasta heces de humano; sirven alimentos.",0,0,0,0,0,to:GobNau since:2026-02-01 until:2026-02-15,False,
,2026-02-01_al_2026-02-15_Twitter,@JosAntonio23,2026-02-04T04:04:28.000Z,2026-02-04T04:04:28+00:00,https://x.com/JosAntonio23/status/2018898425098682513,"@GobNau @isaacsolar Buena noche, tengo problemas para comentar las publicaciones de mi gobierno municipal y del presidente, no me permite acceder a comentarios. Es normal? Gracias.",0,0,0,0,0,to:GobNau since:2026-02-01 until:2026-02-15,False,
,2026-02-01_al_2026-02-15_Twitter,@JosAntonio23,2026-02-04T03:54:30.000Z,2026-02-04T03:54:30+00:00,https://x.com/JosAntonio23/status/2018895916254572861,Bien por ese trabajo coordinado con el presidente municipal de Jilotzingo.,0,0,0,0,0,to:GobNau since:2026-02-01 until:2026-02-15,False,
,2026-02-01_al_2026-02-15_Twitter,@Yomero_Petatiux,2026-02-02T22:20:52.000Z,2026-02-02T22:20:52+00:00,https://x.com/Yomero_Petatiux/status/2018449567180824871,@GobNau @SS_Edomex @isaacsolar @LuisCardenasMx por qué además de infraccionar quien estacione en el parque de correos quitan placas de vehículos del Edomex? Ganas de complicar a la gente!,0,0,0,0,0,to:GobNau since:2026-02-01 until:2026-02-15,False,
,2026-02-01_al_2026-02-15_Twitter,@Yomero_Petatiux,2026-02-02T22:20:16.000Z,2026-02-02T22:20:16+00:00,https://x.com/Yomero_Petatiux/status/2018449416617869322,@GobNau @SS_Edomex @isaacsolar @lopezdoriga por qué además de infraccionar quien estacione en el parque de correos quitan placas de vehículos del Edomex? Ganas de complicar a la gente!,0,0,0,0,0,to:GobNau since:2026-02-01 until:2026-02-15,False,
,2026-02-01_al_2026-02-15_Twitter,@Yomero_Petatiux,2026-02-02T22:19:52.000Z,2026-02-02T22:19:52+00:00,https://x.com/Yomero_Petatiux/status/2018449316809932878,@GobNau @SS_Edomex @isaacsolar @VILLALVAZO13 por qué además de infraccionar quien estacione en el parque de correos quitan placas de vehículos del Edomex? Ganas de complicar a la gente!,0,0,0,0,0,to:GobNau since:2026-02-01 until:2026-02-15,False,
,2026-02-01_al_2026-02-15_Twitter,@DulceMaldonado,2026-02-02T19:33:17.000Z,2026-02-02T19:33:17+00:00,https://x.com/DulceMaldonado/status/2018407391692308789,Hola! ¿Donde podemos reportar alumbrado público fundido?,0,0,0,0,0,to:GobNau since:2026-02-01 until:2026-02-15,False,
,2026-02-01_al_2026-02-15_Twitter,@CsFuentes,2026-02-02T15:40:37.000Z,2026-02-02T15:40:37+00:00,https://x.com/CsFuentes/status/2018348839443312881,@GobNau dónde se puede hacer un reporte para que vayan a limpiar un parque?,0,0,0,0,0,to:GobNau since:2026-02-01 until:2026-02-15,False,
,2026-02-01_al_2026-02-15_Twitter,@Méxicoesradio,2026-02-01T01:40:33.000Z,2026-02-01T01:40:33+00:00,https://x.com/mexicoesradio/status/2017775041807847683,"@GobNau, con @isaacsolar, referente estatal y nacional en la protección de los #derechos de la #niñez. La “Sala Amiga” de Entrevista Única, modelo que evita la re victimización del menor. @delfinagomeza @DIFEM_ @DIFnau @BienestarEdoMx #gobierno",0,0,0,0,0,to:GobNau since:2026-02-01 until:2026-02-15,False,
,2026-02-01_al_2026-02-15_Twitter,@cuidanaucalpan,2026-02-01T01:09:19.000Z,2026-02-01T01:09:19+00:00,https://x.com/cuidanaucalpan/status/2017767182483263715,"@GobNau Por qué no prenden las luminarias de Paseo de Echegaray? Es ideal para caminar a cualquier hora, pero así? @isaacsolar",0,1,3,0,0,to:GobNau since:2026-02-01 until:2026-02-15,False,
,2026-02-01_al_2026-02-15_Twitter,@GobNau,2026-02-13T23:18:54.000Z,2026-02-13T23:18:54+00:00,https://x.com/GobNau/status/2022450438465859950,"El Gobierno de Ciudad #Naucalpan, a través de la Coordinación de Atención y Bienestar Animal, resguardó a un perrito herido y abandonado en San Rafael Chamapa IV Recibe atención médica y será esterilizado para integrarse a adopción responsable #AquiGobiernaLaEsperanza",0,0,0,0,0,reply_to:https://x.com/itzayanarios/status/2022706565137178738,True,https://x.com/itzayanarios/status/2022706565137178738
,2026-02-01_al_2026-02-15_Twitter,@GobNau,2026-02-13T17:04:55.000Z,2026-02-13T17:04:55+00:00,https://x.com/GobNau/status/2022356323350745546,Se activa Contingencia Ambiental Este viernes 13 de febrero se aplicará el Doble Hoy No Circula. Consulta en la imagen los vehículos que deberán suspender circulación. Cuidemos nuestra salud y el medio ambiente. #AquiGobiernaLaEsperanzan #Naucalpan,0,0,0,0,0,reply_to:https://x.com/KARWIND/status/2022648645380947970,True,https://x.com/KARWIND/status/2022648645380947970
,2026-02-01_al_2026-02-15_Twitter,@GobNau,2026-02-14T00:39:33.000Z,2026-02-14T00:39:33+00:00,https://x.com/GobNau/status/2022470734275064282,En #Naucalpan realizamos la Mesa de Paz en Minas San Martín y arrancamos el torneo “Que Ruede el Balón por la Paz” como parte de la estrategia nacional Atención a las Causas. #AquíGobiernaLaEsperanza,0,0,0,0,0,reply_to:https://x.com/Myhappyfarm01/status/2022530417614528959,True,https://x.com/Myhappyfarm01/status/2022530417614528959
,2026-02-01_al_2026-02-15_Twitter,@GobNau,2026-02-14T03:24:38.000Z,2026-02-14T03:24:38+00:00,https://x.com/GobNau/status/2022512278227026164,"El Gobierno de Ciudad Naucalpan llevó el programa Impulsando tu Salud a la Presa Totolinga, en la colonia Los Cuartos 2ª Sección. #AquiGobiernaLaEsperanza #Naucalpan #ImpulsandoTuSalud #Salud #DIFNaucalpan #DIF",0,0,0,0,0,reply_to:https://x.com/abismaeldionici/status/2022513028613161446,True,https://x.com/abismaeldionici/status/2022513028613161446
,2026-02-01_al_2026-02-15_Twitter,@GobNau,2026-02-13T20:32:32.000Z,2026-02-13T20:32:32+00:00,https://x.com/GobNau/status/2022408569249829327,"#EdoMexSeguro #Naucalpan │De enero de 2025 a enero de 2026, gracias a la Estrategia Operativo Oriente y en coordinación con los tres órdenes de gobierno, la Guardia Municipal logró la disminución los delitos. #EdoMex #SSEM #ElPoderDeServir",0,0,0,0,0,reply_to:https://x.com/SoyJorgeSant/status/2022453442719908172,True,https://x.com/SoyJorgeSant/status/2022453442719908172
,2026-02-01_al_2026-02-15_Twitter,@GobNau,2026-02-12T23:02:51.000Z,2026-02-12T23:02:51+00:00,https://x.com/GobNau/status/2022084010877317367,Cafecito Feminista ¿Quieres llevarlo a tu colonia? ¡Organícense y lo hacemos posible! 55 8789 5483. 55 371 8300 | 55 371 8400 ext. 8437 #AquiGobiernaLaEsperanza #Naucalpan #CafecitoFeminista,0,0,0,0,0,reply_to:https://x.com/AbiramGuindi/status/2022109757801476378,True,https://x.com/AbiramGuindi/status/2022109757801476378
,2026-02-01_al_2026-02-15_Twitter,@GobNau,2026-02-12T14:04:25.000Z,2026-02-12T14:04:25+00:00,https://x.com/GobNau/status/2021948509285495029,"Rehabilitación con concreto hidráulico de un 2° tramo de la lateral del Periférico Norte La obra abarcará de Circuito Circunvalación Poniente a calle Baden Powell, con 3.2 km de intervención. #AquiGobiernaLaEsperanza #Naucalpan #EdoMex #PerifericoNorte #ObraHistorica",4,4,17,0,0,reply_to:https://x.com/adrianestracom/status/2022104313108283430,True,https://x.com/adrianestracom/status/2022104313108283430
,2026-02-01_al_2026-02-15_Twitter,@GobNau,2026-02-12T17:57:39.000Z,2026-02-12T17:57:39+00:00,https://x.com/GobNau/status/2022007207093584369,"Detenido por probable maltrato animal contra ""#Lobito"" La #GuardiaMunicipal de #Naucalpan, en coordinación con la Fiscalía del Estado de México y la Policía de Investigación, cumplimentó una orden de cateo y detuvo al probable responsable, trasladado al Penal de Barrientos.",0,0,0,0,0,reply_to:https://x.com/LauraVaz_Modelo/status/2022077350217937166,True,https://x.com/LauraVaz_Modelo/status/2022077350217937166
,2026-02-01_al_2026-02-15_Twitter,@GobNau,2026-02-12T20:13:07.000Z,2026-02-12T20:13:07+00:00,https://x.com/GobNau/status/2022041295384965268,Se logró la detención del presunto agresor de “Lobito”. #AquiGobiernaLaEsperanza #GuardiaMunicipal #Naucalpan #BienestarAnimal #Lobito #NoAlMaltratoAnimal #EdoMex,0,0,0,0,0,reply_to:https://x.com/ReformaSilvia/status/2022041866204848607,True,https://x.com/ReformaSilvia/status/2022041866204848607
,2026-02-01_al_2026-02-15_Twitter,@GobNau,2026-02-12T14:30:49.000Z,2026-02-12T14:30:49+00:00,https://x.com/GobNau/status/2021955152811323764,"Un café puede abrir grandes conversaciones El Cafecito Feminista llega a tu colonia, barrio o comunidad. ¡Solicítalo y hagamos comunidad juntas! 55 8789 5483 #AquiGobiernaLaEsperanza #Naucalpan #Mujeres",0,0,0,0,0,reply_to:https://x.com/mariaiperezg/status/2022031274735698140,True,https://x.com/mariaiperezg/status/2022031274735698140
,2026-02-01_al_2026-02-15_Twitter,@DieNoriegaM,2026-02-11T17:27:02.000Z,2026-02-11T17:27:02+00:00,,@GobNau @Edomex esto no puede proceder. No se puede criminalizar la protesta. Alto a sus abusos y violencia. Inmobiliaria demanda a vecinos de Lomas Verdes por oponerse a construcción en área natural: exige millones y silencio total https://ow.ly/NBlO50YcW57,0,0,0,0,0,reply_to:https://x.com/DieNoriegaM/status/2021756651351540073,True,https://x.com/DieNoriegaM/status/2021756651351540073
,2026-02-01_al_2026-02-15_Twitter,@GobNau,2026-02-11T13:30:49.000Z,2026-02-11T13:30:49+00:00,https://x.com/GobNau/status/2021577666806034578,"¿Sabías qué? En 2002 las mascotas oficiales fueron Ato, Kaz y Nik, un trío futurista que jugaba “Atmoball”. #AquiGobiernaLaEsperanza #HuellasDelMundial #Naucalpan",0,0,0,0,0,reply_to:https://x.com/Carlos_Aldama1/status/2021582006593655276,True,https://x.com/Carlos_Aldama1/status/2021582006593655276
,2026-02-01_al_2026-02-15_Twitter,@ETwitstar,2026-02-12T20:10:25.000Z,2026-02-12T20:10:25+00:00,https://x.com/ETwitstar/status/2022040615928967459,que calle es? la podrías poner,0,0,0,0,0,reply_to:https://x.com/Carlos_Aldama1/status/2021582006593655276,True,https://x.com/Carlos_Aldama1/status/2021582006593655276
,2026-02-01_al_2026-02-15_Twitter,@Carlos_Aldama1,2026-02-13T22:50:03.000Z,2026-02-13T22:50:03+00:00,https://x.com/Carlos_Aldama1/status/2022443179484541089,"https://maps.app.goo.gl/VXMmASQD6YzYZYg48… Calle Gasoar, anteriormente era un puente",0,0,0,0,0,reply_to:https://x.com/Carlos_Aldama1/status/2021582006593655276,True,https://x.com/Carlos_Aldama1/status/2021582006593655276
,2026-02-01_al_2026-02-15_Twitter,@GobNau,2026-02-10T00:13:05.000Z,2026-02-10T00:13:05+00:00,https://x.com/GobNau/status/2021014521712611362,"¿Sabías que Ciudad #Naucalpan fue parte de los Juegos Olímpicos de 1968? Durante aquella justa histórica, la prueba de ciclismo en ruta recorrió vialidades del municipio, pasando por las Torres de Satélite.",0,0,0,0,0,reply_to:https://x.com/juancarlosMX17/status/2021029568333897769,True,https://x.com/juancarlosMX17/status/2021029568333897769
,2026-02-01_al_2026-02-15_Twitter,@GobNau,2026-02-09T20:35:31.000Z,2026-02-09T20:35:31+00:00,https://x.com/GobNau/status/2020959770434220160,"El Gobierno de Ciudad #Naucalpan, encabezado por el Presidente Municipal Isaac Montoya Márquez, inició los trabajos de sustitución del Tanque de Agua Potable Chiluca, en Ciudad Brisa, como parte de la reingeniería hídrica del municipio. #AquiGobiernaLaEsperanza",0,0,0,0,0,reply_to:https://x.com/yeidifuentes/status/2020990117205131665,True,https://x.com/yeidifuentes/status/2020990117205131665
,2026-02-01_al_2026-02-15_Twitter,@GobNau,2026-02-08T13:02:06.000Z,2026-02-08T13:02:06+00:00,https://x.com/GobNau/status/2020483274259186043,¿Sabías qué? Striker fue la mascota oficial del Mundial de Estados Unidos 1994. #AquiGobiernaLaEsperanza #HuellasDelMundial #Naucalpan,0,0,0,0,0,reply_to:https://x.com/Carlos_Aldama1/status/2020526723289198873,True,https://x.com/Carlos_Aldama1/status/2020526723289198873
,2026-02-01_al_2026-02-15_Twitter,@GobNau,2026-02-06T16:04:16.000Z,2026-02-06T16:04:16+00:00,https://x.com/GobNau/status/2019804345613643961,"El Gobierno de Ciudad #Naucalpan, encabezado por el Presidente Municipal Isaac Montoya, intervino la Segunda Cerrada de Santa Úrsula, en San Lorenzo Totolinga, para honrar la memoria de #Lobito y recuperar un espacio público. #AquiGobiernaLaEsperanza",0,0,0,0,0,reply_to:https://x.com/68cesarcesar/status/2020225650972581916,True,https://x.com/68cesarcesar/status/2020225650972581916
,2026-02-01_al_2026-02-15_Twitter,@GobNau,2026-02-06T01:53:38.000Z,2026-02-06T01:53:38+00:00,https://x.com/GobNau/status/2019590273462935711,"El Gobierno de Ciudad Naucalpan informa que, tras una denuncia ante la Policía Ética, un elemento de Movilidad Segura fue separado de su cargo y se iniciaron las investigaciones correspondientes. 55 21 95 41 60 #AquiGobiernaLaEsperanza #Naucalpan #CeroTolerancia #Seguridad",0,0,0,0,0,reply_to:https://x.com/pantera17leo/status/2020192745327931739,True,https://x.com/pantera17leo/status/2020192745327931739
,2026-02-01_al_2026-02-15_Twitter,@arace66836,2026-02-07T23:02:54.000Z,2026-02-07T23:02:54+00:00,https://x.com/arace66836/status/2020272086351245729,Te hago un mole o que?? A chillar a otro lado!,0,0,0,0,0,reply_to:https://x.com/pantera17leo/status/2020192745327931739,True,https://x.com/pantera17leo/status/2020192745327931739
,2026-02-01_al_2026-02-15_Twitter,@GobNau,2026-02-07T03:08:46.000Z,2026-02-07T03:08:46+00:00,https://x.com/GobNau/status/2019971573273301168,"Las Huellas de la Transformación llegaron a la Segunda Cerrada de Santa Úrsula, en San Lorenzo Totolinga. #AquiGobiernaLaEsperanza #HuellasDeLaTransformacion #Naucalpan #SeresSintientes #ProteccionAnimal #MundoPatitas",0,0,0,0,0,reply_to:https://x.com/ReformaSilvia/status/2020121795664179272,True,https://x.com/ReformaSilvia/status/2020121795664179272
,2026-02-01_al_2026-02-15_Twitter,@GobNau,2026-02-04T22:37:17.000Z,2026-02-04T22:37:17+00:00,https://x.com/GobNau/status/2019178476427682273,Mega Limpieza en el Parque Nacional de Los Remedios #AquiGobiernaLaEsperanza #Naucalpan #MedioAmbiente #MegaLimpieza #CuidadoAmbiental,0,0,0,0,0,reply_to:https://x.com/lucas75111/status/2019217425212796989,True,https://x.com/lucas75111/status/2019217425212796989
,2026-02-01_al_2026-02-15_Twitter,@GobNau,2026-02-04T03:02:50.000Z,2026-02-04T03:02:50+00:00,https://x.com/GobNau/status/2018882914201510121,"El Gobierno de Ciudad Naucalpan, encabezado por Isaac Montoya, en coordinación con #Jilotzingo, realizó mantenimiento integral en la Carretera Naucalpan–Ixtlahuaca para fortalecer la seguridad vial y la movilidad de miles de personas. #AquiGobiernaLaEsperanza #Naucalpan",0,0,0,0,0,reply_to:https://x.com/JosAntonio23/status/2018895916254572861,True,https://x.com/JosAntonio23/status/2018895916254572861
,2026-02-01_al_2026-02-15_Twitter,@GobNau,2026-02-02T19:30:38.000Z,2026-02-02T19:30:38+00:00,https://x.com/GobNau/status/2018406727977226510,Desde el Gobierno de Ciudad Naucalpan te invitamos a aprovechar los descuentos vigentes en el pago del Predial y Agua 2026. #AquiGobiernaLaEsperanza #Naucalpan #Predial2026 #TesoreriaMunicipal,0,0,0,0,0,reply_to:https://x.com/DulceMaldonado/status/2018407391692308789,True,https://x.com/DulceMaldonado/status/2018407391692308789
,2026-02-01_al_2026-02-15_Twitter,@christi11908351,2026-02-15T00:43:33.000Z,2026-02-15T00:43:33+00:00,https://x.com/christi11908351/status/2022834127653761353,"Excelente, espero ahora los vecinos hagan su parte en mantenerlo limpio",0,0,0,0,0,reply_to:https://x.com/GobNau/status/2022749445968843251,True,https://x.com/GobNau/status/2022749445968843251
,2026-02-01_al_2026-02-15_Twitter,@cavallino0119,2026-02-14T22:21:37.000Z,2026-02-14T22:21:37+00:00,https://x.com/cavallino0119/status/2022798408512086418,Miren el desmadre HISTÓRICO que armaron los raterazos ineptos de la junta de caminos del @Edomex y @GobNau CERRANDO VIAS PRIMARIAS los querubines. Oigan mexiquenses ¿hasta cuándo piensan dejarse pisotear y chingar diariamente por estos ineptos?,0,0,0,0,0,@GobNau since:2026-02-01 until:2026-02-15,False,
,2026-02-01_al_2026-02-15_Twitter,@LuisErnestoCe13,2026-02-14T20:31:47.000Z,2026-02-14T20:31:47+00:00,https://x.com/LuisErnestoCe13/status/2022770770804412472,#Nomasextorsiondeservidorespublicos @delfinagomeza @Edomex @PoliciaNau @GobNau tengo el audio de las gruas que brindan el apoyo a Municipio extorsionandome pidiendome dinero que no cuadra con lo que dicta la autoridad Estatal y negandome dar el resguardo de mi propiedad,0,0,0,0,0,@GobNau since:2026-02-01 until:2026-02-15,False,
,2026-02-01_al_2026-02-15_Twitter,@beto_bbet,2026-02-14T20:22:34.000Z,2026-02-14T20:22:34+00:00,https://x.com/beto_bbet/status/2022768452499325273,Cuando van a hacer algo??? @GobNau estorban en la vía pública de esta avenida y tapan por completo la circulación de la calle. https://maps.app.goo.gl/JS5whXPJ1fKVm4w28?g_st=ic…,0,0,0,0,0,@GobNau since:2026-02-01 until:2026-02-15,False,
,2026-02-01_al_2026-02-15_Twitter,@yakitovar,2026-02-14T20:05:21.000Z,2026-02-14T20:05:21+00:00,https://x.com/yakitovar/status/2022764117258572091,"@SoyNaucalpan @GobNau como para que cierras la vialidad principal si no va a trabajar, solo hacen más tráfico, pésima logística PÉSIMA, aprendan a @Gob_Tlalne trabajan de noche y han avanzado mil veces mejor",0,0,0,0,0,@GobNau since:2026-02-01 until:2026-02-15,False,
,2026-02-01_al_2026-02-15_Twitter,@HomeroT70391609,2026-02-14T20:00:19.000Z,2026-02-14T20:00:19+00:00,https://x.com/HomeroT70391609/status/2022762850691772481,@SismologicoMX ¿Dónde fue el epicentro del microsismo que se sintió en partes de Naucalpan y Azcapotzalco hace pocos minutos? Estuvo fuerte. @ClaraBrugadaM @GobNau,0,0,0,0,0,@GobNau since:2026-02-01 until:2026-02-15,False,
,2026-02-01_al_2026-02-15_Twitter,@Mike_0105,2026-02-14T19:56:59.000Z,2026-02-14T19:56:59+00:00,https://x.com/Mike_0105/status/2022762012598513723,"Y en los gobiernos de @GobNau y @Gob_Tlalne cerrando carriles laterales de periférico y concentrando todo a los centrales haciendo más tráfico. Solo les gusta sacar dinero. Y si se deja de lado el pago de verificación, que por cierto es neoliberal? Al final lo aplican a todos",0,0,0,0,0,@GobNau since:2026-02-01 until:2026-02-15,False,
,2026-02-01_al_2026-02-15_Twitter,@Mike_0105,2026-02-14T19:52:18.000Z,2026-02-14T19:52:18+00:00,https://x.com/Mike_0105/status/2022760833688969232,Y en los gobiernos de @GobNau y @Gob_Tlalne cerrando los carriles laterales y concentrando todo el trafico en los centrales de periférico. En dónde está su congruencia de detener obras para mejorar las condiciones del ambiente?,0,0,0,0,0,@GobNau since:2026-02-01 until:2026-02-15,False,
,2026-02-01_al_2026-02-15_Twitter,@manolotorhi,2026-02-14T19:10:22.000Z,2026-02-14T19:10:22+00:00,https://x.com/manolotorhi/status/2022750282107523326,El imbécil de @isaacsolar de @GobNau manda cerrar la lateral de periférico norte justo en contingencia con @PoliciaNau Pinches genios! @SoyNaucalpan @AztecaNoticias @heraldodemexico @Reforma @CarlosLoret @beltrandelrio @lopezdoriga,0,0,0,0,0,@GobNau since:2026-02-01 until:2026-02-15,False,
,2026-02-01_al_2026-02-15_Twitter,@marrita666,2026-02-14T18:55:10.000Z,2026-02-14T18:55:10+00:00,https://x.com/marrita666/status/2022746456713744851,"Colonia el Mirador, a unad cuadras del palacio municipal de @GobNau",0,0,0,0,0,@GobNau since:2026-02-01 until:2026-02-15,False,
,2026-02-01_al_2026-02-15_Twitter,@ETwitstar,2026-02-14T18:41:49.000Z,2026-02-14T18:41:49+00:00,https://x.com/ETwitstar/status/2022743095222374839,En que parte de Naucalpan es? :0,0,0,0,0,0,@GobNau since:2026-02-01 until:2026-02-15,False,
,2026-02-01_al_2026-02-15_Twitter,@marrita666,2026-02-14T18:38:14.000Z,2026-02-14T18:38:14+00:00,https://x.com/marrita666/status/2022742195124736202,@SoyNaucalpan @GobNau @isaacsolar creo que esto no deberia permitirse. Las calles son públicas,0,0,0,0,0,@GobNau since:2026-02-01 until:2026-02-15,False,
,2026-02-01_al_2026-02-15_Twitter,@svin_mx,2026-02-14T16:28:24.000Z,2026-02-14T16:28:24+00:00,https://x.com/svin_mx/status/2022709519931883670,@SoyNaucalpan @GobNau Zona Azul,0,0,0,0,0,@GobNau since:2026-02-01 until:2026-02-15,False,
,2026-02-01_al_2026-02-15_Twitter,@medicallifemx,2026-02-14T16:27:45.000Z,2026-02-14T16:27:45+00:00,https://x.com/medicallifemx/status/2022709357809397829,"Se suman 2 unidades móviles al programa “Impulsando tu Salud”, del @GobNau, que encabeza @isaacsolar. Con esta incorporación, el municipio fortalece su capacidad para llegar a más comunidades y acercar servicios médicos a las familias que más lo necesitan.",0,0,0,0,0,@GobNau since:2026-02-01 until:2026-02-15,False,
,2026-02-01_al_2026-02-15_Twitter,@RebecaNavarro,2026-02-14T16:03:05.000Z,2026-02-14T16:03:05+00:00,https://x.com/RebecaNavarro/status/2022703150738632916,. @Edomex @GobNau deberían de haber puesto señalización de “tránsito local” y “calle cerrada” en @CdSatelite o por lo menos poner policías. Gracias a su ineptitud esto es un caos.,0,0,0,0,0,@GobNau since:2026-02-01 until:2026-02-15,False,
,2026-02-01_al_2026-02-15_Twitter,@JesusAlcantaraL,2026-02-14T15:06:28.000Z,2026-02-14T15:06:28+00:00,https://x.com/JesusAlcantaraL/status/2022688899584459102,"Una mala planificación de obras publicas, tiempos de ejecución contractuales demasiado justos y una mala planificación previa de habilitado oportuno de vialidades alternas genera un tremendo tráfico desmesurado y una tremenda contaminación en @Edomex y #CDMX @GobNau @SoyNaucalpan",0,0,0,0,0,@GobNau since:2026-02-01 until:2026-02-15,False,
,2026-02-01_al_2026-02-15_Twitter,@LuisErnestoCe13,2026-02-14T14:31:06.000Z,2026-02-14T14:31:06+00:00,https://x.com/LuisErnestoCe13/status/2022680002790125930,@delfinagomeza @Edomex @GobNau @PoliciaNau Como puede ser posivke que segun emustedes la 4T sigan permitiendo la extorsion de sus suborninados me refiero a las gruas que les prestan el servicio me quieren cobrar 6000 a 8000 pesos por que se me descompuso mi carro,0,0,0,0,0,@GobNau since:2026-02-01 until:2026-02-15,False,
,2026-02-01_al_2026-02-15_Twitter,@cuauhtlixonotli,2026-02-14T06:31:54.000Z,2026-02-14T06:31:54+00:00,https://x.com/cuauhtlixonotli/status/2022559405296975873,"Nunca falta el pendejo, está vez te lo ganaste",0,0,0,0,0,@GobNau since:2026-02-01 until:2026-02-15,False,
,2026-02-01_al_2026-02-15_Twitter,@cuauhtlixonotli,2026-02-14T06:28:38.000Z,2026-02-14T06:28:38+00:00,https://x.com/cuauhtlixonotli/status/2022558583750013383,Muerte al maldito!!!!,0,0,0,0,0,@GobNau since:2026-02-01 until:2026-02-15,False,
,2026-02-01_al_2026-02-15_Twitter,@72928817___,2026-02-14T05:14:15.000Z,2026-02-14T05:14:15+00:00,https://x.com/72928817___/status/2022539863866904751,En su mayoria es la gente morena y de bajos recursos,1,0,0,0,0,@GobNau since:2026-02-01 until:2026-02-15,False,
,2026-02-01_al_2026-02-15_Twitter,@paolaru27475378,2026-02-14T04:52:46.000Z,2026-02-14T04:52:46+00:00,https://x.com/paolaru27475378/status/2022534460626079918,"Nada de prisión preventiva, es prisión de por vida. Entienda que esos engendros no pueden estar sueltos. Deben de ser confinados y que los otros desalmados como ese fulano, le cobren todas.",0,0,0,0,0,@GobNau since:2026-02-01 until:2026-02-15,False,
,2026-02-01_al_2026-02-15_Twitter,@Factorcambio1,2026-02-14T02:56:54.000Z,2026-02-14T02:56:54+00:00,https://x.com/Factorcambio1/status/2022505297986679210,REHABILITA GOBIERNO DE #naucalpan TANQUE DE AGUA POTABLE JARDINES DE LA FLORIDA @isaacsolar @GobNau @SJTotoltepec @Naucalpan_Parra @FloridaSat @Lomas_verdes1 @satelucos @Satelite_Amigos,0,0,0,0,0,@GobNau since:2026-02-01 until:2026-02-15,False,
,2026-02-01_al_2026-02-15_Twitter,@pilarmzjz,2026-02-14T00:22:03.000Z,2026-02-14T00:22:03+00:00,https://x.com/pilarmzjz/status/2022466328867828027,Estos hdspm indolentes dejaron tirado a esta criatura les valió madre! Que también respondan por esto!,0,0,0,0,0,@GobNau since:2026-02-01 until:2026-02-15,False,
,2026-02-01_al_2026-02-15_Twitter,@z_jadiazz6,2026-02-13T23:43:34.000Z,2026-02-13T23:43:34+00:00,https://x.com/z_jadiazz6/status/2022456647575359667,"NO decían en medios que es una maldita lacra , debería tener otras denuncias por robo y extorsion !!! O está muy apalancado con funcionarios de @GobNau @Edomex",0,0,0,0,0,@GobNau since:2026-02-01 until:2026-02-15,False,
,2026-02-01_al_2026-02-15_Twitter,@12Parrafo,2026-02-13T22:31:39.000Z,2026-02-13T22:31:39+00:00,https://x.com/12Parrafo/status/2022438549048467463,"El alcalde Isaac Montoya supervisó el inicio de la rehabilitación del Tanque de Agua Potable Jardines de La Florida, infraestructura construida hace casi seis décadas que permaneció sin funcionamiento por más de 10 años. @GobNau Nota completa",0,0,0,0,0,@GobNau since:2026-02-01 until:2026-02-15,False,
,2026-02-01_al_2026-02-15_Twitter,@EdomexRed,2026-02-13T22:08:08.000Z,2026-02-13T22:08:08+00:00,https://x.com/EdomexRed/status/2022432628578881640,#CONTINÚA ALCALDE ISAAC #MONTOYA CON #OBRAS PARA #GARANTIZAR LA RENOVACIÓN #HIDRÁULICA EN #NAUCALPAN @isaacsolar @GobNau Leé aquí,0,0,0,0,0,@GobNau since:2026-02-01 until:2026-02-15,False,
,2026-02-01_al_2026-02-15_Twitter,@AsocGMAC2025,2026-02-13T21:38:47.000Z,2026-02-13T21:38:47+00:00,https://x.com/AsocGMAC2025/status/2022425242854191423,@GobNau,0,0,0,0,0,@GobNau since:2026-02-01 until:2026-02-15,False,
,2026-02-01_al_2026-02-15_Twitter,@CarreonMaya,2026-02-13T19:12:38.000Z,2026-02-13T19:12:38+00:00,https://x.com/CarreonMaya/status/2022388465313402998,@FiscaliaEdomex @delfinagomeza @PoliciaNau @GobNau @FGRMexico @ErnestinaGodoy_ @Claudiashein @nmas,0,0,0,0,0,@GobNau since:2026-02-01 until:2026-02-15,False,
,2026-02-01_al_2026-02-15_Twitter,@artur15RT,2026-02-13T16:14:13.000Z,2026-02-13T16:14:13+00:00,https://x.com/artur15RT/status/2022343561723916490,"El cartel mobiliario de @GobNau solapado por @delfinagomeza y @PartidoMorenaMx , pobre #LomasVerdes, de verde ya sólo tiene el nombre @SEMARNAT_mx @GobiernoMX @Claudiashein",0,0,0,0,0,@GobNau since:2026-02-01 until:2026-02-15,False,
,2026-02-01_al_2026-02-15_Twitter,@cuchu_smith,2026-02-13T14:13:02.000Z,2026-02-13T14:13:02+00:00,https://x.com/cuchu_smith/status/2022313066193379762,"Mugroso de mierda, por eso vive jodido mental el imbécil",0,0,0,0,0,@GobNau since:2026-02-01 until:2026-02-15,False,
,2026-02-01_al_2026-02-15_Twitter,@fmrobert1016,2026-02-13T13:13:36.000Z,2026-02-13T13:13:36+00:00,https://x.com/fmrobert1016/status/2022298108168655187,Todo el peso de la ley a ese HDLCH,0,0,0,0,0,@GobNau since:2026-02-01 until:2026-02-15,False,
,2026-02-01_al_2026-02-15_Twitter,@angienaucalpan,2026-02-13T11:46:55.000Z,2026-02-13T11:46:55+00:00,https://x.com/angienaucalpan/status/2022276296450216324,Buenos días! Ayer muy felices por la captura del presunto responsable del maltrato vs #Lobito pero también porque nuevamente colaboramos con @FiscaliaEdomex @GobNau para rescatar a 10 seres sintientes que sufrían #maltratoanimal en #Naucalpan. Gracias @isaacsolar @delfinagomeza!,1,2,5,0,0,@GobNau since:2026-02-01 until:2026-02-15,False,
,2026-02-01_al_2026-02-15_Twitter,@sesorias,2026-02-13T08:47:11.000Z,2026-02-13T08:47:11+00:00,https://x.com/sesorias/status/2022231064757047749,"UN MAL NACIDO MENOS EN LA CALLE. Cuando quieren, pueden. FELICIDADES.",0,0,0,0,0,@GobNau since:2026-02-01 until:2026-02-15,False,
,2026-02-01_al_2026-02-15_Twitter,@escribe3925756,2026-02-13T06:11:03.000Z,2026-02-13T06:11:03+00:00,https://x.com/escribe3925756/status/2022191770231353721,#JusticiaParaLobito ese desgraciado es un demente,0,0,0,0,0,@GobNau since:2026-02-01 until:2026-02-15,False,
,2026-02-01_al_2026-02-15_Twitter,@XaviNate,2026-02-13T05:28:32.000Z,2026-02-13T05:28:32+00:00,https://x.com/XaviNate/status/2022181071975235817,Uuuuy en dónde tienen al asqueroso?,0,0,0,0,0,@GobNau since:2026-02-01 until:2026-02-15,False,
,2026-02-01_al_2026-02-15_Twitter,@Factorcambio1,2026-02-13T03:55:53.000Z,2026-02-13T03:55:53+00:00,https://x.com/Factorcambio1/status/2022157754115535235,GUARDIA MUNICIPAL DETIENE A PROBABLE AGRESOR DE “LOBITO” TRAS OPERATIVO COORDINADO #naucalpan @isaacsolar @GobNau @SJTotoltepec @Naucalpan_Parra @FloridaSat @Lomas_verdes1 @satelucos @Satelite_Amigos @VisitaduriaFGJ @FiscaliaEdomex,0,0,0,0,0,@GobNau since:2026-02-01 until:2026-02-15,False,
,2026-02-01_al_2026-02-15_Twitter,@interlomasocial,2026-02-13T03:22:37.000Z,2026-02-13T03:22:37+00:00,https://x.com/interlomasocial/status/2022149382993588385,Ya dones el día de visitas para irlo a ver al infeliz ? Alguien sabe ?,0,0,0,0,0,@GobNau since:2026-02-01 until:2026-02-15,False,
,2026-02-01_al_2026-02-15_Twitter,@Axelluna26,2026-02-13T03:07:39.000Z,2026-02-13T03:07:39+00:00,https://x.com/Axelluna26/status/2022145616600871385,"Ok si esta bien,todos enojados,pero que en verdad que se haga conciencia de traer con correa y mas a esos perros pitbull que son un arma,con que tranquilidad sales a caminar con tu mascota sabiendo que hay locos como este,que bueno por las autoridades,justicia",0,0,0,0,0,@GobNau since:2026-02-01 until:2026-02-15,False,
,2026-02-01_al_2026-02-15_Twitter,@YvesCM1,2026-02-13T03:00:03.000Z,2026-02-13T03:00:03+00:00,https://x.com/YvesCM1/status/2022143706346979357,"Exacto, lo mismo pensé, ojalá le den una buena madriza4, por lo menos",0,0,0,0,0,@GobNau since:2026-02-01 until:2026-02-15,False,
,2026-02-01_al_2026-02-15_Twitter,@LiamHiedlerX,2026-02-13T02:29:11.000Z,2026-02-13T02:29:11+00:00,https://x.com/LiamHiedlerX/status/2022135935232881144,"Ningún ""presuntamente"", el maldito lo arrojó. Dejen de usar esta palabra a lo pendejo solo porque es una costumbre. Cuando una ""persona"" es sorprendida o filmada cometiendo un delito ya no se habla de presunción, sino de confirmación. #JusticisParaLobito #Lobito",0,0,0,0,0,@GobNau since:2026-02-01 until:2026-02-15,False,
,2026-02-01_al_2026-02-15_Twitter,@rentonkarloff,2026-02-13T01:54:07.000Z,2026-02-13T01:54:07+00:00,https://x.com/rentonkarloff/status/2022127113697210372,Con esos culeros la justicia es que re rompan la el coxis con unos buenos tablazos y romperlos los brazos por lo regular los que se pasan de pendejos con los perros gatos o con los animales son los pocos huevos cobardes ahora fue un perro despues sera algun vecinodesmadrenlo,0,0,0,0,0,@GobNau since:2026-02-01 until:2026-02-15,False,
,2026-02-01_al_2026-02-15_Twitter,@VBicentenarioMX,2026-02-13T01:51:08.000Z,2026-02-13T01:51:08+00:00,https://x.com/VBicentenarioMX/status/2022126360492134442,"Tus comentarios son importantes, nos puedes ayudar con los siguientes datos vía DM. Adicional levantamos el reporte correspondiente. Nombre completo. Teléfono. Correo. Enlace o ubicación. En qué sentido de la vía se encontraba. Fecha. Hora. Marca. Modelo. Año. Color. Placas. Número y proveedor del TAG. Quedamos a sus ordenes y continuamos con el reporte, estos datos nos ayudan a dar resolución vía correo. Continuamos trabajando para ti",0,0,0,0,0,@GobNau since:2026-02-01 until:2026-02-15,False,
,2026-02-01_al_2026-02-15_Twitter,@HeadDota,2026-02-13T01:41:48.000Z,2026-02-13T01:41:48+00:00,https://x.com/HeadDota/status/2022124011548029306,Bien. Hecho ojalá y le hagan lo mismo y a los jueces den castigo ejemplar que no haya perdón!! Ya basta de tanto maltrato animal!!,0,0,0,0,0,@GobNau since:2026-02-01 until:2026-02-15,False,
,2026-02-01_al_2026-02-15_Twitter,@12Parrafo,2026-02-13T01:36:08.000Z,2026-02-13T01:36:08+00:00,https://x.com/12Parrafo/status/2022122588286373893,Isaac Montoya firmó Convenio de Colaboración para las Jornadas de Conciliación Laboral con @TrabajoEdomex y 25 municipios que forman parte de la Sala Auxiliar de Tlalnepantla del Tribunal Estatal de Conciliación y Arbitraje. @GobNau Nota completa,0,0,0,0,0,@GobNau since:2026-02-01 until:2026-02-15,False,
,2026-02-01_al_2026-02-15_Twitter,@LauraNayi27,2026-02-13T01:34:41.000Z,2026-02-13T01:34:41+00:00,https://x.com/LauraNayi27/status/2022122222111085032,Ojalá la vida le haga en el reclusorio lo que el le hizo al perro y pueda sentir en conciencia el peso de lo que hizo y que enfrente las consecuencias legales hasta entender el daño que causó.,0,0,0,0,0,@GobNau since:2026-02-01 until:2026-02-15,False,
,2026-02-01_al_2026-02-15_Twitter,@Elite188026,2026-02-13T01:00:26.000Z,2026-02-13T01:00:26+00:00,https://x.com/Elite188026/status/2022113604204737021,"Gracias por detenerlo, ojalá le caiga la mayor de las condenas y vaya a prisión, que se entere de las consecuencias que tiene ser un HP, ojala el karma le devuelva todo",0,0,0,0,0,@GobNau since:2026-02-01 until:2026-02-15,False,
,2026-02-01_al_2026-02-15_Twitter,@EdomexRed,2026-02-13T00:40:53.000Z,2026-02-13T00:40:53+00:00,https://x.com/EdomexRed/status/2022108682813833507,#FIRMA ALCALDE #ISAAC MONTOYA #CONVENIO DE JORNADAS DE #CONCILIACIÓN LABORAL PARA LA #SOLUCIÓN DE #LAUDOS CON LA #SECRETARÍA DEL #TRABAJO MEXIQUENSE @isaacsolar @GobNau Leé aquí,0,0,0,0,0,@GobNau since:2026-02-01 until:2026-02-15,False,
,2026-02-01_al_2026-02-15_Twitter,@ANaucalpan,2026-02-12T23:36:19.000Z,2026-02-12T23:36:19+00:00,https://x.com/ANaucalpan/status/2022092433404924324,"@gn y @PoliciaNau llegan solo para la foto. @OHarfuch donde esta la inteligencia, en el @GobNau, @isaacsolar trato de poner directivos exmilitares , para poner orden y ahora siguio con la misma estructura de la mafiosa @PoliciaNau , @SinEmbargoMX @_VicenteSerrano @ADNoticiasMex Guardia Nacional refuerza seguridad en Naucalpan tras ataque armado contra un hombre, en la colonia San José de los Leones Segunda Sección. Según policías, el occiso trató de evadir a quien lo perseguía, pero lo sorprendieron a tiros",0,0,0,0,0,@GobNau since:2026-02-01 until:2026-02-15,False,
,2026-02-01_al_2026-02-15_Twitter,@MONIKDU,2026-02-12T23:26:10.000Z,2026-02-12T23:26:10+00:00,https://x.com/MONIKDU/status/2022089879224824227,Lomas de san Mateo SIN AGUA Y EN OAPAS dicen que es por una fuga !!! Otros que por la compostura del pozo… QUE CARAMBAS PASA ?! @GobNau,0,0,0,0,0,@GobNau since:2026-02-01 until:2026-02-15,False,
,2026-02-01_al_2026-02-15_Twitter,@anglikcnrrs,2026-02-12T23:19:36.000Z,2026-02-12T23:19:36+00:00,https://x.com/anglikcnrrs/status/2022088226941632805,"Por favor, por favor! Campañas sobre el respeto a toda vida, burritos, gatitos, perritos, etc. Son continuamente maltratados, abandonados, hacinados,criaderos clandestinos,etc. Urge ir a la raíz del problema.gracias por detener a este enfermo y cobarde sujeto",0,0,0,0,0,@GobNau since:2026-02-01 until:2026-02-15,False,
,2026-02-01_al_2026-02-15_Twitter,@NuestraZona,2026-02-12T23:00:00.000Z,2026-02-12T23:00:00+00:00,https://x.com/NuestraZona_/status/2022083293513232537,"#NZinforma Una familia y un perro tipo pitbull detenidos por la policía @GobNau por delito de maltrato animal, para lo que utilizaban su mascota. Entre ellos estaba el que lanzó por las escaleras al can lobito . . . #MaltratoAnimal",0,0,0,0,0,@GobNau since:2026-02-01 until:2026-02-15,False,
,2026-02-01_al_2026-02-15_Twitter,@ericmarmusic,2026-02-12T22:34:39.000Z,2026-02-12T22:34:39+00:00,https://x.com/ericmarmusic/status/2022076913045713155,EXIGINOS Máximo peso de la ley para esta basura ! #justiciaparalobito #ultimahora,0,0,0,0,0,@GobNau since:2026-02-01 until:2026-02-15,False,
,2026-02-01_al_2026-02-15_Twitter,@RefugiOceaniCAN,2026-02-12T22:16:13.000Z,2026-02-12T22:16:13+00:00,https://x.com/RefugiOceaniCAN/status/2022072275189817639,"Gracias @FiscaliaEdomex @GobNau CAZAN AL MALTRATADOR DE “LOBITO” #LoÚltimo | Elementos de la @FiscaliaEdomex y la policía de @GobNau detuvieron a Anthony Fran “N”, señalado por arrojar al perrito “Lobito” por unas escaleras en #Naucalpan. El sujeto ya fue cumplimentado con orden de aprehensión y trasladado al",0,0,0,0,0,@GobNau since:2026-02-01 until:2026-02-15,False,
,2026-02-01_al_2026-02-15_Twitter,@mayumiguillen,2026-02-12T21:52:40.000Z,2026-02-12T21:52:40+00:00,https://x.com/mayumiguillen/status/2022066349028315625,Justicia,0,0,0,0,0,@GobNau since:2026-02-01 until:2026-02-15,False,
,2026-02-01_al_2026-02-15_Twitter,@mayumiguillen,2026-02-12T21:49:31.000Z,2026-02-12T21:49:31+00:00,https://x.com/mayumiguillen/status/2022065555566625227,Justicia Maldito HdP,0,0,0,0,0,@GobNau since:2026-02-01 until:2026-02-15,False,
,2026-02-01_al_2026-02-15_Twitter,@Hilario75128383,2026-02-12T21:43:05.000Z,2026-02-12T21:43:05+00:00,https://x.com/Hilario75128383/status/2022063936624074950,"Falta detener a ésta familia de lacras, a la víctima de éstos criminales la @FiscaliaEdomex lo sigue ignorando, y eso que perdió una pierna por los balazos que le dieron, @delfinagomeza @OHarfuch @SS_Edomex",0,0,0,0,0,@GobNau since:2026-02-01 until:2026-02-15,False,
,2026-02-01_al_2026-02-15_Twitter,@LiamHiedlerX,2026-02-12T21:34:02.000Z,2026-02-12T21:34:02+00:00,https://x.com/LiamHiedlerX/status/2022061658215194675,Espero que lo refundan en la cárcel. Este inhumano es un peligro para la sociedad. #JusticiaParaLobito,0,0,0,0,0,@GobNau since:2026-02-01 until:2026-02-15,False,
,2026-02-01_al_2026-02-15_Twitter,@chaparritarmzt,2026-02-12T21:32:22.000Z,2026-02-12T21:32:22+00:00,https://x.com/chaparritarmzt/status/2022061241540493649,,0,0,0,0,0,@GobNau since:2026-02-01 until:2026-02-15,False,
,2026-02-01_al_2026-02-15_Twitter,@osanchez25,2026-02-12T21:30:20.000Z,2026-02-12T21:30:20+00:00,https://x.com/osanchez25/status/2022060730779120044,"Me parece que se debe hacer cumplir las leyes. Si quieres una mascota, este debe estar dentro de tú propiedad y no en la calle; sobre todo si son perros de presa. (Quien ataco a este criollo) @GobNau @isaacsolar En @GobNau Hay perros de presa sueltos en la calle",0,0,0,0,0,@GobNau since:2026-02-01 until:2026-02-15,False,
,2026-02-01_al_2026-02-15_Twitter,@ENKKY666,2026-02-12T20:50:01.000Z,2026-02-12T20:50:01+00:00,https://x.com/ENKKY666/status/2022050583046500475,"Con esta ola de calor, Excelentes noticias #NoAlMaltratoAnimal",0,0,0,0,0,@GobNau since:2026-02-01 until:2026-02-15,False,
,2026-02-01_al_2026-02-15_Twitter,@AlMiranda3,2026-02-12T20:30:23.000Z,2026-02-12T20:30:23+00:00,https://x.com/AlMiranda3/status/2022045643120980273,Ese tipejo es un riesgo para la sociedad,0,0,0,0,0,@GobNau since:2026-02-01 until:2026-02-15,False,
,2026-02-01_al_2026-02-15_Twitter,@ingridbermans,2026-02-12T20:26:48.000Z,2026-02-12T20:26:48+00:00,https://x.com/ingridbermans/status/2022044741190484319,Que los presos lo reciban como se merece,0,0,0,0,0,@GobNau since:2026-02-01 until:2026-02-15,False,
,2026-02-01_al_2026-02-15_Twitter,@metrolanoticia,2026-02-12T20:19:13.000Z,2026-02-12T20:19:13+00:00,https://x.com/metrolanoticia/status/2022042833331658946,"Elementos de la @FiscaliaEdomex y de la Policía Municipal de @GobNau cumplimentaron orden de aprehensión contra Anthony Franene, señalado por presuntamente arrojar al canino “Lobito” en unas escaleras del municipio. #MetroNoticias",0,0,0,0,0,@GobNau since:2026-02-01 until:2026-02-15,False,
,2026-02-01_al_2026-02-15_Twitter,@BauherMarucca,2026-02-12T19:52:00.000Z,2026-02-12T19:52:00+00:00,https://x.com/BauherMarucca/status/2022035982485532964,excelente noticia gracias!!!!,0,0,0,0,0,@GobNau since:2026-02-01 until:2026-02-15,False,
,2026-02-01_al_2026-02-15_Twitter,@Lily0405pop,2026-02-12T19:32:32.000Z,2026-02-12T19:32:32+00:00,https://x.com/Lily0405pop/status/2022031082724692171,Seguramente ahí le irá bien bonito por maltratar a lobito . Lo bueno es que el perrito se está recuperando .,0,0,0,0,0,@GobNau since:2026-02-01 until:2026-02-15,False,
,2026-02-01_al_2026-02-15_Twitter,@DanielViqu16436,2026-02-12T19:11:15.000Z,2026-02-12T19:11:15+00:00,https://x.com/DanielViqu16436/status/2022025726703415776,Ojalá igual sean capaces ustedes de retenerlo ahí adentro para que se pudra el hdp,0,0,0,0,0,@GobNau since:2026-02-01 until:2026-02-15,False,
,2026-02-01_al_2026-02-15_Twitter,@Tia_Maru,2026-02-12T18:59:51.000Z,2026-02-12T18:59:51+00:00,https://x.com/Tia_Maru/status/2022022857728119196,Que le amarren las patas y el hocico y lo avienten por las escaleras antes de que entre al penal,0,0,0,0,0,@GobNau since:2026-02-01 until:2026-02-15,False,
,2026-02-01_al_2026-02-15_Twitter,@laura_castanon,2026-02-12T18:54:52.000Z,2026-02-12T18:54:52+00:00,https://x.com/laura_castanon/status/2022021603232743490,la pena máxima!,0,0,0,0,0,@GobNau since:2026-02-01 until:2026-02-15,False,
,2026-02-01_al_2026-02-15_Twitter,@ChiquiSilvia,2026-02-12T18:38:27.000Z,2026-02-12T18:38:27+00:00,https://x.com/ChiquiSilvia/status/2022017472036233395,Ojalá también lo aventaran por las escaleras a ese HDP,0,0,0,0,0,@GobNau since:2026-02-01 until:2026-02-15,False,
,2026-02-01_al_2026-02-15_Twitter,@gabyla09,2026-02-12T18:36:04.000Z,2026-02-12T18:36:04+00:00,https://x.com/gabyla09/status/2022016875098780049,"Justicia, que pague el maldito cobarde en prisión, basta de maltratar, torturar, asesinar, abandonar a los indefensos animales y que no pase nada....",0,0,0,0,0,@GobNau since:2026-02-01 until:2026-02-15,False,
,2026-02-01_al_2026-02-15_Twitter,@adriano_mar,2026-02-12T18:34:26.000Z,2026-02-12T18:34:26+00:00,https://x.com/adriano_mar/status/2022016461393535324,Penas más severas obligan a ir a *Terapia antes que hacer daño a quien no puede defenderse.,0,0,0,0,0,@GobNau since:2026-02-01 until:2026-02-15,False,
,2026-02-01_al_2026-02-15_Twitter,@Sub_rosae79,2026-02-12T18:31:35.000Z,2026-02-12T18:31:35+00:00,https://x.com/Sub_rosae79/status/2022015742967984396,"Detienen a sujeto que aventò a ""Lobito"" de unas escaleras en #Naucalpan. Elementos de la #FiscalíaEdoméx y de la policía municipal de @GobNau detuvieron a Anthony Fran “N”, por #MaltratoAnimal fue puesto a disposición de la Autoridad Judicial al interior del penal de Barrientos.",0,0,0,0,0,@GobNau since:2026-02-01 until:2026-02-15,False,
,2026-02-01_al_2026-02-15_Twitter,@conejaberenjena,2026-02-12T18:27:20.000Z,2026-02-12T18:27:20+00:00,https://x.com/conejaberenjena/status/2022014675249246399,"Ya era hora, ahora a esperar una buena sanción y castigo.",0,0,0,0,0,@GobNau since:2026-02-01 until:2026-02-15,False,
,2026-02-01_al_2026-02-15_Twitter,@iamAlexGalvan,2026-02-12T18:26:03.000Z,2026-02-12T18:26:03+00:00,https://x.com/iamAlexGalvan/status/2022014353344708761,"@Mr_Civico @FundacionToby la influencia que tienen, si funciona. Gracias.",0,0,0,0,0,@GobNau since:2026-02-01 until:2026-02-15,False,
,2026-02-01_al_2026-02-15_Twitter,@RealidadNaucal2,2026-02-15T18:16:33.000Z,2026-02-15T18:16:33+00:00,https://x.com/RealidadNaucal2/status/2023099124443390101,Compartelo y damos difusión,0,0,0,0,0,reply_to:https://x.com/LuisErnestoCe13/status/2022770770804412472,True,https://x.com/LuisErnestoCe13/status/2022770770804412472
,2026-02-01_al_2026-02-15_Twitter,@SEDEMA_CDMX,2026-02-14T02:31:53.000Z,2026-02-14T02:31:53+00:00,https://x.com/SEDEMA_CDMX/status/2022499005457121769,Conoce las restricciones a la circulación para este sábado 14 de febrero. Más información: https://gob.mx/comisionambiental/prensa/se-mantiene-la-fase-i-de-contingencia-ambiental-atmosferica-por-ozono-en-la-zona-metropolitana-del-valle-de-mexico-419395…,753,331,1101,0,0,reply_to:https://x.com/Mike_0105/status/2022762012598513723,True,https://x.com/Mike_0105/status/2022762012598513723
,2026-02-01_al_2026-02-15_Twitter,@CAMegalopolis,2026-02-14T16:23:27.000Z,2026-02-14T16:23:27+00:00,https://x.com/CAMegalopolis/status/2022708273791582455,Continúa la Fase I de Contingencia ambiental atmosférica por ozono en la ZMVM Más información: https://gob.mx/comisionambiental/prensa/continua-la-fase-i-de-contingencia-ambiental-atmosferica-por-ozono-en-la-zona-metropolitana-del-valle-de-mexico-419405…,255,132,432,0,0,reply_to:https://x.com/Mike_0105/status/2022760833688969232,True,https://x.com/Mike_0105/status/2022760833688969232
,2026-02-01_al_2026-02-15_Twitter,@CAMegalopolis,2026-02-14T19:45:40.000Z,2026-02-14T19:45:40+00:00,https://x.com/CAMegalopolis/status/2022759162871005606,"Cuando la restricción a la circulación se aplica en fin de semana, como resultado de una contingencia ambiental, se adapta la secuencia del programa HNC (amarillo,rosa,rojo,verde y azul), de manera que a cada color le corresponda la restricción en una ocasión y así sucesivamente",0,0,0,0,0,reply_to:https://x.com/Mike_0105/status/2022760833688969232,True,https://x.com/Mike_0105/status/2022760833688969232
,2026-02-01_al_2026-02-15_Twitter,@CAMegalopolis,2026-02-14T19:45:40.000Z,2026-02-14T19:45:40+00:00,https://x.com/CAMegalopolis/status/2022759164422795761,"La anterior contingencia en fin de semana se activó el viernes 25 de abril de 2024, por lo que la restricción a la circulación se aplicó el día siguiente, sábado 26 de abril y correspondió a los vehículos con a hologramas 00 y 0, engomado verde, terminación de placa 1 y 2.",109,21,97,0,0,reply_to:https://x.com/Mike_0105/status/2022760833688969232,True,https://x.com/Mike_0105/status/2022760833688969232
,2026-02-01_al_2026-02-15_Twitter,@CAMegalopolis,2026-02-14T19:45:40.000Z,2026-02-14T19:45:40+00:00,https://x.com/CAMegalopolis/status/2022759166180262361,"De esta manera, al mantenerse activa la contingencia, el día de hoy sábado 14 de febrero de 2026, la restricción a la circulación corresponde a los vehículos con holograma 00 y 0, con engomado azul, terminación de placa 9 y 0.",149,15,67,0,0,reply_to:https://x.com/Mike_0105/status/2022760833688969232,True,https://x.com/Mike_0105/status/2022760833688969232
,2026-02-01_al_2026-02-15_Twitter,@LuisErnestoCe13,2026-02-14T14:34:44.000Z,2026-02-14T14:34:44+00:00,https://x.com/LuisErnestoCe13/status/2022680913667330456,En carriles centrales y di me apoyaron y solo recorri 1 km en la cuenta oficial de servicios de grua dice que el banderazo es de 798 por servicio y 26 pesos por km dando un total 824 pesos que alguien nos ayude ontra este cancer @Claudiashein @OHarfuch es un delito de alto imp,0,0,0,0,0,reply_to:https://x.com/LuisErnestoCe13/status/2022680002790125930,True,https://x.com/LuisErnestoCe13/status/2022680002790125930
,2026-02-01_al_2026-02-15_Twitter,@LuisErnestoCe13,2026-02-14T14:41:36.000Z,2026-02-14T14:41:36+00:00,https://x.com/LuisErnestoCe13/status/2022682644606222569,,0,0,0,0,0,reply_to:https://x.com/LuisErnestoCe13/status/2022680002790125930,True,https://x.com/LuisErnestoCe13/status/2022680002790125930
,2026-02-01_al_2026-02-15_Twitter,@FiscaliaEdomex,2026-02-12T16:39:16.000Z,2026-02-12T16:39:16+00:00,https://x.com/FiscaliaEdomex/status/2021987480799723639,"Elementos de la #FiscalíaEdoméx y de la policía municipal de @GobNau detuvieron y cumplimentaron orden de aprehensión en contra de Anthony Fran “N”, quien presuntamente arrojó al canino “Lobito” en unas escaleras en el municipio de #Naucalpan, hechos altamente difundidos en redes sociales y medios de comunicación. Este sujeto es investigado por el delito de maltrato animal y fue puesto a disposición de la Autoridad Judicial al interior del penal de Barrientos.",36,93,215,0,0,reply_to:https://x.com/cuauhtlixonotli/status/2022559405296975873,True,https://x.com/cuauhtlixonotli/status/2022559405296975873
,2026-02-01_al_2026-02-15_Twitter,@FerCruzReporter,2026-02-13T15:47:03.000Z,2026-02-13T15:47:03+00:00,https://x.com/FerCruzReporter/status/2022336728724586999,"AGRESOR DE “LOBITO” PODRÍA QUEDAR EN LIBERTAD ESTE SÁBADO Anthony “N” presunto agresor de “Lobito” podría salir de prisioneros este sábado, su defensa presentará el amparo que promovió y que un juez federal otorgó la suspensión del proceso. además se solicitó la presencia de la denunciante, norma Huerta fundadora de mundo patitas para llegar a una media alterna de solución de conflictos, es decir para poder llegar a un acuerdo y concluir con el procedimiento en contra del agresor. #Naucalpan #Edomex #BreakingNews #UltimaHora",166,258,491,0,0,reply_to:https://x.com/z_jadiazz6/status/2022456647575359667,True,https://x.com/z_jadiazz6/status/2022456647575359667
,2026-02-01_al_2026-02-15_Twitter,@AsocGMAC2025,2026-02-13T21:37:45.000Z,2026-02-13T21:37:45+00:00,https://x.com/AsocGMAC2025/status/2022424981326737542,"Informamos que parte de la mesa electa y la Presidenta del COPACI, nos reunimos hoy con José Guadalupe Alba, Jefe de Oficina del Municipio de Naucalpan. Se abordaron los sigs. temas:",0,0,0,0,0,reply_to:https://x.com/AsocGMAC2025/status/2022425242854191423,True,https://x.com/AsocGMAC2025/status/2022425242854191423
,2026-02-01_al_2026-02-15_Twitter,@Milenio,2026-02-12T04:25:42.000Z,2026-02-12T04:25:42+00:00,https://x.com/Milenio/status/2021802873244221543,¿Dónde está Kimberly Moya? Han pasado 4 meses desde su desaparición en Naucalpan tras salir de una papelería. Su mamá acusa abandono institucional y busca ofrecer recompensa por información #MILENIO22h con @Pao_barquet,0,0,0,0,0,reply_to:https://x.com/CarreonMaya/status/2022388465313402998,True,https://x.com/CarreonMaya/status/2022388465313402998
,2026-02-01_al_2026-02-15_Twitter,@AristeguiOnline,2026-02-11T17:27:02.000Z,2026-02-11T17:27:02+00:00,https://x.com/AristeguiOnline/status/2021637114417553862,Inmobiliaria demanda a vecinos de Lomas Verdes por oponerse a construcción en área natural: exige millones y silencio total https://ow.ly/NBlO50YcW57,15,296,474,0,0,reply_to:https://x.com/artur15RT/status/2022343561723916490,True,https://x.com/artur15RT/status/2022343561723916490
,2026-02-01_al_2026-02-15_Twitter,@MrElDiablo8,2026-02-12T16:45:57.000Z,2026-02-12T16:45:57+00:00,https://x.com/MrElDiablo8/status/2021989161301909672,"#LoÚltimo | Elementos de la @FiscaliaEdomex y de la policía municipal de @GobNau detuvieron y cumplimentaron orden de aprehensión en contra de Anthony Fran “N”, quien presuntamente arrojó al canino “Lobito” en unas escaleras en el municipio de #Naucalpan. Este sujeto es investigado por el delito de maltrato animal y fue puesto a disposición de la Autoridad Judicial al interior del penal de Barrientos. #SiReconocesAEsteHDPDenúncialo | Así captaron el momento en que ""Lobito"", un perro, fue lanzado por una escalera de 15 metros, en @GobNau. Si #Naucalpan no le da seguridad a las personas, menos protegerá y dará con el HDP que tiró al peludo, ¡como no me lo encontré al",24,141,430,0,0,reply_to:https://x.com/cuchu_smith/status/2022313066193379762,True,https://x.com/cuchu_smith/status/2022313066193379762
,2026-02-01_al_2026-02-15_Twitter,@gasatw,2026-02-15T03:04:30.000Z,2026-02-15T03:04:30+00:00,https://x.com/gasatw/status/2022869601298899123,“México es un país de (nacos y) jodidos que nunca pasará’ de jodi do”. Pobres animales y demás organismos. Quien o’ quiénes serían los tontos que le dieron “libre albedrío” a tanto baboso?,0,0,0,0,0,reply_to:https://x.com/angienaucalpan/status/2022276296450216324,True,https://x.com/angienaucalpan/status/2022276296450216324
,2026-02-01_al_2026-02-15_Twitter,@e_aquino_4,2026-02-12T17:49:02.000Z,2026-02-12T17:49:02+00:00,https://x.com/e_aquino_4/status/2022005034851217436,"Como seguramente saldrá muy pronto porque las autoridades voltean a otro lado cuando de maltrato animal se trata, espero que en la cárcel le den una bienvenida como se merece",0,0,0,0,0,reply_to:https://x.com/YvesCM1/status/2022143706346979357,True,https://x.com/YvesCM1/status/2022143706346979357
,2026-02-01_al_2026-02-15_Twitter,@LuaKutsi,2026-02-07T02:33:04.000Z,2026-02-07T02:33:04+00:00,https://x.com/LuaKutsi/status/2019962586922442956,"@VBicentenarioMX un motociclista bajando del segundo piso por la salida de Lomas Verdes, @GobNau...",0,0,0,0,0,reply_to:https://x.com/VBicentenarioMX/status/2022126360492134442,True,https://x.com/VBicentenarioMX/status/2022126360492134442
,2026-02-01_al_2026-02-15_Twitter,@ANaucalpan,2026-02-12T21:00:01.000Z,2026-02-12T21:00:01+00:00,,"@gn y @PoliciaNau llegan solo para la foto. @OHarfuch donde esta la inteligencia, en el @GobNau, @isaacsolar trato de poner directivos exmilitares , para poner orden y ahora siguio con la misma estructura de la mafiosa @PoliciaNau , @SinEmbargoMX @_VicenteSerrano @ADNoticiasMex Guardia Nacional refuerza seguridad en Naucalpan tras ataque armado contra un hombre, en la colonia San José de los Leones Segunda Sección. Según policías, el occiso trató de evadir a quien lo perseguía, pero lo sorprendieron a tiros",0,1,1,0,0,reply_to:https://x.com/ANaucalpan/status/2022092433404924324,True,https://x.com/ANaucalpan/status/2022092433404924324
,2026-02-01_al_2026-02-15_Twitter,@RefugiOceaniCAN,2026-02-12T17:02:16.000Z,2026-02-12T17:02:16+00:00,,"Gracias @FiscaliaEdomex @GobNau CAZAN AL MALTRATADOR DE “LOBITO” #LoÚltimo | Elementos de la @FiscaliaEdomex y la policía de @GobNau detuvieron a Anthony Fran “N”, señalado por arrojar al perrito “Lobito” por unas escaleras en #Naucalpan. El sujeto ya fue cumplimentado con orden de aprehensión y trasladado al",0,6,28,0,0,reply_to:https://x.com/RefugiOceaniCAN/status/2022072275189817639,True,https://x.com/RefugiOceaniCAN/status/2022072275189817639
,2026-02-01_al_2026-02-15_Twitter,@HalconOnce,2026-02-12T17:02:16.000Z,2026-02-12T17:02:16+00:00,https://x.com/HalconOnce/status/2021993266745348364,"CAZAN AL MALTRATADOR DE “LOBITO” #LoÚltimo | Elementos de la @FiscaliaEdomex y la policía de @GobNau detuvieron a Anthony Fran “N”, señalado por arrojar al perrito “Lobito” por unas escaleras en #Naucalpan. El sujeto ya fue cumplimentado con orden de aprehensión y trasladado al penal de #Barrientos, donde enfrenta cargos por maltrato animal.",0,0,0,0,0,reply_to:https://x.com/LiamHiedlerX/status/2022061658215194675,True,https://x.com/LiamHiedlerX/status/2022061658215194675
,2026-02-01_al_2026-02-15_Twitter,@siete_letras,2026-02-12T18:19:03.000Z,2026-02-12T18:19:03+00:00,https://x.com/siete_letras/status/2022012589082104177,"DETENIDO el agresor de Lobito: Así fue aprehendido, Anthony Fran Castillo Pérez, quien arrojó al perrito por unas escaleras y le fracturó la cadera. @FiscaliaEdomex pedirá al juez PRISIÓN PREVENTIVA para este sujeto. Lobito sigue en un albergue. ¿Qué merece este hombre?",1118,2514,10233,0,0,reply_to:https://x.com/osanchez25/status/2022060730779120044,True,https://x.com/osanchez25/status/2022060730779120044
,2026-02-01_al_2026-02-15_Twitter,@OrusMediaMx,2026-02-14T20:35:41.000Z,2026-02-14T20:35:41+00:00,https://x.com/OrusMediaMx/status/2022771751818502533,"Un inicio con energía para la comunidad en La Paz, @isaacsolar encabezó la Mesa de Paz itinerante y dio la patada inicial del torneo “Que Ruede el Balón por la Paz”, impulsando convivencia y participación en los barrios. #LaPaz #Deporte",0,0,0,0,0,@isaacsolar since:2026-02-01 until:2026-02-15,False,
,2026-02-01_al_2026-02-15_Twitter,@LuigiSotelo27,2026-02-14T02:33:53.000Z,2026-02-14T02:33:53+00:00,https://x.com/LuigiSotelo27/status/2022499508127666651,@isaacsolar si lo dejan salir habrá justicia por el propio pueblo,0,0,0,0,0,@isaacsolar since:2026-02-01 until:2026-02-15,False,
,2026-02-01_al_2026-02-15_Twitter,@NDP_Noticias,2026-02-14T01:23:50.000Z,2026-02-14T01:23:50+00:00,https://x.com/NDP_Noticias/status/2022481880642392423,El alcalde @isaacsolar reactiva infraestructura hídrica clave en Naucalpan: rehabilitan el tanque de La Florida tras más de una década y modernizan el sistema de rebombeo en Los Remedios para fortalecer el abasto. Conoce más http://ndpnoticias.com.mx/?p=18279 #AguaSegura,0,0,0,0,0,@isaacsolar since:2026-02-01 until:2026-02-15,False,
,2026-02-01_al_2026-02-15_Twitter,@NEdomex41567,2026-02-13T23:01:42.000Z,2026-02-13T23:01:42+00:00,https://x.com/NEdomex41567/status/2022446112041271380,Naucalpan avanza en su Plan Maestro Hídrico: Alcalde Isaac Montoya inicia rehabilitación del Tanque Jardines de La Florida y equipamiento del Rebombeo Remedios https://noticieroedomex.com/2026/02/13/naucalpan-avanza-en-su-plan-maestro-hidrico-alcalde-isaac-montoya-inicia-rehabilitacion-del-tanque-jardines-de-la-florida-y-equipamiento-del-rebombeo-remedios/… vía @NEdomex41567 @isaacsolar,0,0,0,0,0,@isaacsolar since:2026-02-01 until:2026-02-15,False,
,2026-02-01_al_2026-02-15_Twitter,@LasVoces_Edomex,2026-02-13T22:46:11.000Z,2026-02-13T22:46:11+00:00,https://x.com/LasVoces_Edomex/status/2022442205139402942,"#Naucalpan refuerza el abasto de agua El alcalde @isaacsolar inició la rehabilitación del Tanque de #AguaPotable en Jardines de La Florida, infraestructura con casi 60 años de antigüedad que llevaba más de una década sin funcionar.",0,0,0,0,0,@isaacsolar since:2026-02-01 until:2026-02-15,False,
,2026-02-01_al_2026-02-15_Twitter,@elvallemexico,2026-02-13T21:50:00.000Z,2026-02-13T21:50:00+00:00,https://x.com/elvallemexico/status/2022428065112920184,"~ “Jornadas de Conciliación Laboral” atenderán controversias desde el ámbito local: Montoya En presencia del Secretario del Trabajo Norberto Morales Poblete, el presidente municipal, @isaacsolar, firmó el Convenio de Colaboración para las “Jornadas de Conciliación Laboral”, que será un parteaguas en la forma en que se atienden las controversias laborales desde el ámbito local. @GobNau Nota completa: https://elvalle.com.mx/2026/02/13/jornadas-de-conciliacion-laboral-atenderan-controversias-desde-el-ambito-local-montoya/…",0,0,0,0,0,@isaacsolar since:2026-02-01 until:2026-02-15,False,
,2026-02-01_al_2026-02-15_Twitter,@ElInformanteMX,2026-02-13T20:47:50.000Z,2026-02-13T20:47:50+00:00,https://x.com/ElInformanteMX/status/2022412422787805564,NAUCALPAN FIRMA CONVENIO PARA FORTALECER LA CONCILIACIÓN LABORAL @isaacsolar encabezó la firma de un convenio con la Secretaría del Trabajo para impulsar jornadas de conciliación en #Naucalpan y resolver laudos pendientes mediante el diálogo. FB / Isaac Montoya,0,0,0,0,0,@isaacsolar since:2026-02-01 until:2026-02-15,False,
,2026-02-01_al_2026-02-15_Twitter,@Gise,2026-02-13T16:12:02.000Z,2026-02-13T16:12:02+00:00,https://x.com/giseballes72/status/2022343012341465427,"Ojalá puedan rescatar un poco en el Estado de México. No es mineria, es Cártel Inmobiliario del Edo Mex. Todo destruyen, ya casi no hay áreas verdes, espantoso. @delfinagomeza @horacioduarteo @isaacsolar A trabajar en eso. Naucalpan Atizapán Destruidos Tráfico espantoso",0,0,0,0,0,@isaacsolar since:2026-02-01 until:2026-02-15,False,
,2026-02-01_al_2026-02-15_Twitter,@NDP_Noticias,2026-02-13T03:59:08.000Z,2026-02-13T03:59:08+00:00,https://x.com/NDP_Noticias/status/2022158575083434032,¡El Edomex fortalece la justicia laboral! El presidente municipal @isaacsolar impulsa jornadas de conciliación laboral con un convenio entre la Secretaría del Trabajo y 25 municipios Conoce más http://ndpnoticias.com.mx/?p=18247 #Edomex #JusticiaLaboral #Conciliación,0,0,0,0,0,@isaacsolar since:2026-02-01 until:2026-02-15,False,
,2026-02-01_al_2026-02-15_Twitter,@NEdomex41567,2026-02-13T03:01:39.000Z,2026-02-13T03:01:39+00:00,https://x.com/NEdomex41567/status/2022144108660478180,JUSTICIA PARA LOBITO: DETIENEN A PRESUNTO AGRESOR Y A FAMILIA POR MALTRATO ANIMAL EN NAUCALPAN https://noticieroedomex.com/2026/02/12/justicia-para-lobito-detienen-a-presunto-agresor-y-a-familia-por-maltrato-animal-en-naucalpan/… vía @NEdomex41567 @isaacsolar,0,0,0,0,0,@isaacsolar since:2026-02-01 until:2026-02-15,False,
,2026-02-01_al_2026-02-15_Twitter,@NEdomex41567,2026-02-13T03:00:40.000Z,2026-02-13T03:00:40+00:00,https://x.com/NEdomex41567/status/2022143859992756702,NAUCALPAN FIRMA CONVENIO HISTÓRICO PARA IMPULSAR LA CONCILIACIÓN LABORAL Y FORTALECER LA JUSTICIA EN EL ESTADO DE MÉXICO https://noticieroedomex.com/2026/02/12/naucalpan-firma-convenio-historico-para-impulsar-la-conciliacion-laboral-y-fortalecer-la-justicia-en-el-estado-de-mexico/… vía @NEdomex41567 @isaacsolar,0,0,0,0,0,@isaacsolar since:2026-02-01 until:2026-02-15,False,
,2026-02-01_al_2026-02-15_Twitter,@Gise,2026-02-13T00:50:13.000Z,2026-02-13T00:50:13+00:00,https://x.com/giseballes72/status/2022111030021960144,"El municipio en manos de coyotes desde hace años. E @isaacsolar brilla por su ausencia.""Eso se autorizó en otras admons"" Y luego??? Van a dejar que terminen de destruir el municipio? Avenida Lomas Verdes TOMADA por el cártel de los 2dos pisos??? Embudos tráfico terrible AUXILIO",0,0,0,0,0,@isaacsolar since:2026-02-01 until:2026-02-15,False,
,2026-02-01_al_2026-02-15_Twitter,@CapitalEdomex,2026-02-13T00:40:14.000Z,2026-02-13T00:40:14+00:00,https://x.com/CapitalEdomex/status/2022108518728581209,"En los casos detectados la situación se encuentra bajo control y hasta el momento se descarta algún caso de alerta sanitaria, asegura @isaacsolar",0,0,0,0,0,@isaacsolar since:2026-02-01 until:2026-02-15,False,
,2026-02-01_al_2026-02-15_Twitter,@ANaucalpan,2026-02-12T23:40:36.000Z,2026-02-12T23:40:36+00:00,https://x.com/ANaucalpan/status/2022093512460967943,"@SinEmbargoMX en #naucalpan ademas existen un gran negocio de huachicol de pipas de agua, basta darse una vueltecita al nosque de los remedios, en particular parque la ""hoja"" pipas tras pipas sacando agua, hacia donde va????? $$$$$, e @isaacsolar mudo.",0,0,0,0,0,@isaacsolar since:2026-02-01 until:2026-02-15,False,
,2026-02-01_al_2026-02-15_Twitter,@ANaucalpan,2026-02-12T23:30:53.000Z,2026-02-12T23:30:53+00:00,https://x.com/ANaucalpan/status/2022091064761630773,"Mas dinero $$$$$ @isaacsolar , no que iba ser diferente, ya basta de tantos gobiernos de diferentes colores que solo les importe el dinero en #naucalpan, @SinEmbargoMX ¿Y desde cuándo se usan las instalaciones del IMSS para eventos privados? En este caso la Unidad Cuauhtémoc del IMSS en Naucalpan.",0,0,0,0,0,@isaacsolar since:2026-02-01 until:2026-02-15,False,
,2026-02-01_al_2026-02-15_Twitter,@OrusMediaMx,2026-02-12T16:04:05.000Z,2026-02-12T16:04:05+00:00,https://x.com/OrusMediaMx/status/2021978627374469165,¿Cansado del tráfico en Periférico? El alcalde @isaacsolar coordina la reconstrucción total de esta vía. El objetivo: reducir tiempos de traslado y mejorar la seguridad vial para 204 mil conductores diarios en #Naucalpan.,0,0,0,0,0,@isaacsolar since:2026-02-01 until:2026-02-15,False,
,2026-02-01_al_2026-02-15_Twitter,@Factorcambio1,2026-02-12T13:49:09.000Z,2026-02-12T13:49:09+00:00,https://x.com/Factorcambio1/status/2021944669161316606,#ATENCIÓN Llega brigada de #Naucalpan a paseo de las Marinas satélite a dar mantenimiento @GobNau @isaacsolar @Lomas_verdes1 @SJTotoltepec @Naucalpan_Parra @satelucos @OAPASNau,0,0,0,0,0,@isaacsolar since:2026-02-01 until:2026-02-15,False,
,2026-02-01_al_2026-02-15_Twitter,@elvallemexico,2026-02-12T22:00:00.000Z,2026-02-12T22:00:00+00:00,https://x.com/elvallemexico/status/2022068195473945015,"~ Rehabilitación de mercados en Naucalpan, obras estratégicas para ordenar el comercio: Montoya Durante la celebración del 57 aniversario del Mercado de la Cabecera Municipal, el alcalde @isaacsolar, anunció que su Gobierno trabaja para ampliar el estacionamiento de este Mercado para que tenga una mayor capacidad para recibir a más clientes. Dijo que las rehabilitaciones en los mercados se conciben como obras estratégicas, para ordenar el comercio y ofrecer un espacios dignos, seguros y funcionales. @GobNau Nota completa: https://elvalle.com.mx/2026/02/11/rehabilitacion-de-mercados-en-naucalpan-obras-estrategicas-para-ordenar-el-comercio-montoya/…",0,0,0,0,0,@isaacsolar since:2026-02-01 until:2026-02-15,False,
,2026-02-01_al_2026-02-15_Twitter,@Mario_CRM,2026-02-12T16:53:33.000Z,2026-02-12T16:53:33+00:00,https://x.com/Mario_CRM/status/2021991074622058644,"- Hace unos días el alcalde, @isaacsolar , intervino la Segunda Cerrada de Santa Úrsula, en San Lorenzo Totolinga, en donde fue agredido “Lobito” para recatará el andador y combatir la violencia contra los seres sintientes",0,0,0,0,0,@isaacsolar since:2026-02-01 until:2026-02-15,False,
,2026-02-01_al_2026-02-15_Twitter,@DianaVargasCo,2026-02-12T13:11:09.000Z,2026-02-12T13:11:09+00:00,https://x.com/DianaVargasCo/status/2021935103812022464,"Ojo aquí @Edomex @GobNau @nc_izabal @isaacsolar @GobNau cómo explican que una casa sin cambio de uso de suelo sea ahora caseta y acceso? Incluso que la #privadaLV pueda hacer ""su banqueta a su modo"" que no está alineada con el resto y quien use la banqueta en silla de ruedas deba bajarse o tropesar?",0,0,0,0,0,@isaacsolar since:2026-02-01 until:2026-02-15,False,
,2026-02-01_al_2026-02-15_Twitter,@ElInformanteMX,2026-02-12T12:13:12.000Z,2026-02-12T12:13:12+00:00,https://x.com/ElInformanteMX/status/2021920519826591926,"Celebra @isaacsolar con #locatarios el 57° #Aniversario del #Mercado de #SanBartolo #MontoyaMárquez agradeció a los locatarios por su #trabajo, por mantener viva la #esencia de un sitio que da #identidad a los #naucalpenses. Tag: @GobNau https://elinformante.mx/?p=99877",0,0,0,0,0,@isaacsolar since:2026-02-01 until:2026-02-15,False,
,2026-02-01_al_2026-02-15_Twitter,@revista_pendulo,2026-02-12T05:17:47.000Z,2026-02-12T05:17:47+00:00,https://x.com/revista_pendulo/status/2021815977449861478,"El alcalde Isaac Montoya, junto a los locatarios, celebra el 57 aniversario del Mercado de San Bartolo https://pendulonline.com.mx/el-alcalde-isaac-montoya-junto-a-los-locatarios-celebra-el-57-aniversario-del-mercado-de-san-bartolo/… @isaacsolar",0,0,0,0,0,@isaacsolar since:2026-02-01 until:2026-02-15,False,
,2026-02-01_al_2026-02-15_Twitter,@NDP_Noticias,2026-02-12T03:17:05.000Z,2026-02-12T03:17:05+00:00,https://x.com/NDP_Noticias/status/2021785602723619243,¡57 años latiendo como el corazón comercial de #Naucalpan! El alcalde @isaacsolar anuncia la ampliación del estacionamiento y supervisa la histórica rehabilitación del mercado Salvador Sánchez Colín Conoce más http://ndpnoticias.com.mx/?p=18195 #MercadoSalvadorSánchezColín,0,0,0,0,0,@isaacsolar since:2026-02-01 until:2026-02-15,False,
,2026-02-01_al_2026-02-15_Twitter,@osanchez25,2026-02-12T01:33:38.000Z,2026-02-12T01:33:38+00:00,https://x.com/osanchez25/status/2021759571023544409,"Al día de hoy @isaacsolar o @delfinagomeza Se han presentado con la familia de esta chica Pero para presumir obras, siempre están presentes. @GobNau",0,0,0,0,0,@isaacsolar since:2026-02-01 until:2026-02-15,False,
,2026-02-01_al_2026-02-15_Twitter,@DianaVargasCo,2026-02-12T00:50:38.000Z,2026-02-12T00:50:38+00:00,https://x.com/DianaVargasCo/status/2021748748200947794,"Vialidades insuficientes, #FaltaDeAgua #Naucalpan Revisen dictámenes de viabilidad otorgados a la mal llamada Privada Lomas Verdes ¡No al paso x nuestra Colonia! @ComunidadLV1a @SEDUIEdomex @delfinagomeza @CNDH @RosalbaGualito @nc_izabal",0,0,0,0,0,@isaacsolar since:2026-02-01 until:2026-02-15,False,
,2026-02-01_al_2026-02-15_Twitter,@HectorReneMonte,2026-02-12T00:36:04.000Z,2026-02-12T00:36:04+00:00,https://x.com/HectorReneMonte/status/2021745084207677877,Q les presté @isaacsolar uno de sus espectaculares La comunidad del #CCHNaucalpan se solidariza con familiares y amigos de #KimberlyMoya y alza la voz para que no se olvide el caso. La adolescente lleva desaparecida 4 meses. Su rastro se perdió el 2 de octubre cuando salió a la papelería por unas copias y no regresó a casa.,0,0,0,0,0,@isaacsolar since:2026-02-01 until:2026-02-15,False,
,2026-02-01_al_2026-02-15_Twitter,@NEdomex41567,2026-02-11T23:33:05.000Z,2026-02-11T23:33:05+00:00,https://x.com/NEdomex41567/status/2021729230447337670,Naucalpan celebra 57 años del Mercado de San Bartolo y avanza en rehabilitación histórica del Mercado Salvador Sánchez Colín https://noticieroedomex.com/2026/02/11/naucalpan-celebra-57-anos-del-mercado-de-san-bartolo-y-avanza-en-rehabilitacion-historica-del-mercado-salvador-sanchez-colin/… vía @NEdomex41567 @isaacsolar,0,0,0,0,0,@isaacsolar since:2026-02-01 until:2026-02-15,False,
,2026-02-01_al_2026-02-15_Twitter,@NuestraZona,2026-02-11T23:15:14.000Z,2026-02-11T23:15:14+00:00,https://x.com/NuestraZona_/status/2021724738079666406,#NZinforma Mercado San Bartolo cumple 57 años y en el festejo el alcalde @isaacsolar Montoya anunció ampliar espacios en estacionamiento y locales por @GobNau e incluirá orden como en todos los mercados de #Naucalpan #ordendelcomercio,0,0,0,0,0,@isaacsolar since:2026-02-01 until:2026-02-15,False,
,2026-02-01_al_2026-02-15_Twitter,@mtzjavierF1,2026-02-11T23:08:35.000Z,2026-02-11T23:08:35+00:00,https://x.com/mtzjavierF1/status/2021723066087436394,"#EdoMéx @delfinagomeza @rimoba @FerFlores_Emp @pan_edomex @DipMorenaEdomex @isaacsolar #VideoOpinión || Tras las encuestas que publican los funcionarios que los colocan con aprobación positiva de entre 80 y 90%, ciudadanos piden que mejor se evalúen sobre si han dado buenos servicios públicos Más noticias en : https://diarioevolucion.com.mx",0,0,0,0,0,@isaacsolar since:2026-02-01 until:2026-02-15,False,
,2026-02-01_al_2026-02-15_Twitter,@ComunidadLV1a,2026-02-11T23:08:21.000Z,2026-02-11T23:08:21+00:00,https://x.com/ComunidadLV1a/status/2021723008189030724,"La realidad que se está viviendo en #LomasVerdes1aSecc: vecinos demandados, constructoras que hacen lo que quieren y un gobierno que se los ha permitido. @delfinagomeza @GobNau @Edomex @isaacsolar pedimos que se nos respeten derechos adquiridos y libertad de expresiòn. Inmobiliaria demanda a vecinos de Lomas Verdes por oponerse a construcción en área natural: exige millones y silencio total https://ow.ly/NBlO50YcW57",0,0,0,0,0,@isaacsolar since:2026-02-01 until:2026-02-15,False,
,2026-02-01_al_2026-02-15_Twitter,@davraga,2026-02-11T21:47:17.000Z,2026-02-11T21:47:17+00:00,https://x.com/davraga/status/2021702605429260645,"Maldita la hora en que llegaron al poder estos ignorantes, desde su Tlatoani de centavos hasta todo estos impresentables, ignorantes y rateros",0,0,0,0,0,@isaacsolar since:2026-02-01 until:2026-02-15,False,
,2026-02-01_al_2026-02-15_Twitter,@EdomexRed,2026-02-11T21:44:27.000Z,2026-02-11T21:44:27+00:00,https://x.com/EdomexRed/status/2021701891785195791,#CELEBRA ALCALDE ISAAC #MONTOYA JUNTO A #LOCATARIOS 57 #ANIVERSARIO DEL #MERCADO DE SAN #BARTOLO @isaacsolar @GobNau Leé aquí,0,0,0,0,0,@isaacsolar since:2026-02-01 until:2026-02-15,False,
,2026-02-01_al_2026-02-15_Twitter,@CIUDAD_SATELITE,2026-02-11T21:36:42.000Z,2026-02-11T21:36:42+00:00,https://x.com/CIUDAD_SATELITE/status/2021699942230675555,En #Naucalpan se han confirmado casos de sarampión. @isaacsolar informó que existen casos detectados y que se implementarán jornadas de vacunación solo en cinco puntos del municipio para proteger a las niñas y niños.,0,0,0,0,0,@isaacsolar since:2026-02-01 until:2026-02-15,False,
,2026-02-01_al_2026-02-15_Twitter,@pyncheJuan,2026-02-11T21:27:29.000Z,2026-02-11T21:27:29+00:00,https://x.com/pyncheJuan/status/2021697622709354790,"""El costo de la vida en Naucalpan"" es de $14 pesos. @delfinagomeza @isaacsolar @SoyNaucalpan @RealidadNaucal2 @SEMOV_Edomex",0,0,0,0,0,@isaacsolar since:2026-02-01 until:2026-02-15,False,
,2026-02-01_al_2026-02-15_Twitter,@AlfredoNarvaez,2026-02-11T19:33:02.000Z,2026-02-11T19:33:02+00:00,https://x.com/AlfredoNarvaez/status/2021668821380034879,"Vaya, ahora los ciudadanos son demandados por defender áreas verdes! El cártel inmobiliario se quiere adueñar de Naucalpan, y parece que @isaacsolar lo avala. Es triste como en todo México sucede lo mismo, vecinos luchando por sus árboles, y contra empresas y gobiernos. Inmobiliaria demanda a vecinos de Lomas Verdes por oponerse a construcción en área natural: exige millones y silencio total https://ow.ly/NBlO50YcW57",0,0,0,0,0,@isaacsolar since:2026-02-01 until:2026-02-15,False,
,2026-02-01_al_2026-02-15_Twitter,@ReporterosMX_,2026-02-12T21:49:34.000Z,2026-02-12T21:49:34+00:00,https://x.com/ReporterosMX_/status/2022065567855976701,"OJO | MÉXICO RECUPERA 1,126 CONCESIONES MINERAS Y FORTALECE SOBERANÍA La recuperación de 1,126 concesiones mineras marca un paso firme hacia el control nacional de recursos clave. La medida frena la especulación privada, protege territorios y refuerza la soberanía económica. https://shorturl.at/vMGXb",0,0,0,0,0,reply_to:https://x.com/giseballes72/status/2022343012341465427,True,https://x.com/giseballes72/status/2022343012341465427
,2026-02-01_al_2026-02-15_Twitter,@alvaro_delgado,2026-02-11T12:56:28.000Z,2026-02-11T12:56:28+00:00,https://x.com/alvaro_delgado/status/2021569022857302187,"Un cártel inmobiliario del que nadie sospechó formó un imperio en Naucalpan, Edomex",0,0,0,0,0,reply_to:https://x.com/giseballes72/status/2022111030021960144,True,https://x.com/giseballes72/status/2022111030021960144
,2026-02-01_al_2026-02-15_Twitter,@ANaucalpan,2026-02-12T21:26:20.000Z,2026-02-12T21:26:20+00:00,,"Mas dinero $$$$$ @isaacsolar , no que iba ser diferente, ya basta de tantos gobiernos de diferentes colores que solo les importe el dinero en #naucalpan, @SinEmbargoMX ¿Y desde cuándo se usan las instalaciones del IMSS para eventos privados? En este caso la Unidad Cuauhtémoc del IMSS en Naucalpan.",0,0,0,0,0,reply_to:https://x.com/ANaucalpan/status/2022091064761630773,True,https://x.com/ANaucalpan/status/2022091064761630773
,2026-02-01_al_2026-02-15_Twitter,@Mario_CRM,2026-02-12T16:47:14.000Z,2026-02-12T16:47:14+00:00,https://x.com/Mario_CRM/status/2021989482397040827,"Detienen a hombre que lanzó a “Lobito” por escaleras en #Naucalpan - La Fiscalía del Edomex y la policía de @GobNau capturó a Anthony Fran “N”, quien presuntamente arrojó al canino “Lobito” en unas escaleras en el municipio de Naucalpan",0,0,0,0,0,reply_to:https://x.com/Mario_CRM/status/2021991074622058644,True,https://x.com/Mario_CRM/status/2021991074622058644
,2026-02-01_al_2026-02-15_Twitter,@Mario_CRM,2026-02-12T16:48:17.000Z,2026-02-12T16:48:17+00:00,https://x.com/Mario_CRM/status/2021989748869664885,"- El sospechoso es investigado por el delito de maltrato animal - Tras su captura, fue enviado al penal de Barrientos, en donde se espera se aclare su situación legal",0,0,0,0,0,reply_to:https://x.com/Mario_CRM/status/2021991074622058644,True,https://x.com/Mario_CRM/status/2021991074622058644
,2026-02-01_al_2026-02-15_Twitter,@DianaVargasCo,2026-02-03T00:54:32.000Z,2026-02-03T00:54:32+00:00,,"Ojo aquí @Edomex @GobNau @nc_izabal @isaacsolar @GobNau cómo explican que una casa sin cambio de uso de suelo sea ahora caseta y acceso? Incluso que la #privadaLV pueda hacer ""su banqueta a su modo"" que no está alineada con el resto y quien use la banqueta en silla de ruedas deba bajarse o tropesar?",0,0,0,0,0,reply_to:https://x.com/DianaVargasCo/status/2021935103812022464,True,https://x.com/DianaVargasCo/status/2021935103812022464
,2026-02-01_al_2026-02-15_Twitter,@HectorReneMonte,2026-02-11T14:09:03.000Z,2026-02-11T14:09:03+00:00,,Q les presté @isaacsolar uno de sus espectaculares La comunidad del #CCHNaucalpan se solidariza con familiares y amigos de #KimberlyMoya y alza la voz para que no se olvide el caso. La adolescente lleva desaparecida 4 meses. Su rastro se perdió el 2 de octubre cuando salió a la papelería por unas copias y no regresó a casa.,0,0,0,0,0,reply_to:https://x.com/HectorReneMonte/status/2021745084207677877,True,https://x.com/HectorReneMonte/status/2021745084207677877
,2026-02-01_al_2026-02-15_Twitter,@mtzjavierF1,2026-02-11T20:43:59.000Z,2026-02-11T20:43:59+00:00,,"#EdoMéx @delfinagomeza @rimoba @FerFlores_Emp @pan_edomex @DipMorenaEdomex @isaacsolar #VideoOpinión || Tras las encuestas que publican los funcionarios que los colocan con aprobación positiva de entre 80 y 90%, ciudadanos piden que mejor se evalúen sobre si han dado buenos servicios públicos Más noticias en : https://diarioevolucion.com.mx",0,0,1,0,0,reply_to:https://x.com/mtzjavierF1/status/2021723066087436394,True,https://x.com/mtzjavierF1/status/2021723066087436394
,2026-02-01_al_2026-02-15_Twitter,@ComunidadLV1a,2026-02-11T17:27:02.000Z,2026-02-11T17:27:02+00:00,,"La realidad que se está viviendo en #LomasVerdes1aSecc: vecinos demandados, constructoras que hacen lo que quieren y un gobierno que se los ha permitido. @delfinagomeza @GobNau @Edomex @isaacsolar pedimos que se nos respeten derechos adquiridos y libertad de expresiòn. Inmobiliaria demanda a vecinos de Lomas Verdes por oponerse a construcción en área natural: exige millones y silencio total https://ow.ly/NBlO50YcW57",3,2,3,0,0,reply_to:https://x.com/ComunidadLV1a/status/2021723008189030724,True,https://x.com/ComunidadLV1a/status/2021723008189030724
,2026-02-01_al_2026-02-15_Twitter,@deni_donaji,2026-02-14T22:18:36.000Z,2026-02-14T22:18:36+00:00,https://x.com/deni_donaji/status/2022797650190328072,A mi ya me estan cobrando 17,0,0,0,0,0,reply_to:https://x.com/pyncheJuan/status/2021697622709354790,True,https://x.com/pyncheJuan/status/2021697622709354790
,2026-02-01_al_2026-02-15_Twitter,@AlfredoNarvaez,2026-02-11T17:27:02.000Z,2026-02-11T17:27:02+00:00,,"Vaya, ahora los ciudadanos son demandados por defender áreas verdes! El cártel inmobiliario se quiere adueñar de Naucalpan, y parece que @isaacsolar lo avala. Es triste como en todo México sucede lo mismo, vecinos luchando por sus árboles, y contra empresas y gobiernos. Inmobiliaria demanda a vecinos de Lomas Verdes por oponerse a construcción en área natural: exige millones y silencio total https://ow.ly/NBlO50YcW57",0,0,3,0,0,reply_to:https://x.com/AlfredoNarvaez/status/2021668821380034879,True,https://x.com/AlfredoNarvaez/status/2021668821380034879
,2026-02-01_al_2026-02-15_Twitter,@12Parrafo,2026-02-14T23:52:38.000Z,2026-02-14T23:52:38+00:00,https://x.com/12Parrafo/status/2022821317649608855,"El Gobierno de #Naucalpan , encabezado por el alcalde Isaac Montoya, inició el segundo tramo de rehabilitación con concreto hidráulico en la lateral del Periférico Norte, de Circuito Circunvalación al Parque Naucalli, en sentido norte-sur. https://facebook.com/share/p/1CEhHJZXsg/…",0,0,0,0,0,"""isaac montoya"" since:2026-02-01 until:2026-02-15",False,
,2026-02-01_al_2026-02-15_Twitter,@elvallemexico,2026-02-14T19:40:00.000Z,2026-02-14T19:40:00+00:00,https://x.com/elvallemexico/status/2022757737751281924,"~ Rehabilitan tanque de agua potable en Jardines de La Florida en Naucalpan El Gobierno de Naucalpan encabezado por el alcalde Isaac Montoya Márquez, realiza la rehabilitación del “Tanque de Agua Potable Jardines de La Florida”, y del Equipamiento de Rebombeo Remedios, obras que favorecerán a miles de familias y diversas colonias en estas zonas del municipio. @isaacsolar @GobNau Nota completa:https://elvalle.com.mx/2026/02/13/rehabilitan-tanque-de-agua-potable-en-jardines-de-la-florida-en-naucalpan/…",0,0,0,0,0,"""isaac montoya"" since:2026-02-01 until:2026-02-15",False,
,2026-02-01_al_2026-02-15_Twitter,@MARC0P0LITICO,2026-02-14T08:53:21.000Z,2026-02-14T08:53:21+00:00,https://x.com/MARC0P0LITICO/status/2022595001708855395,CONTINÚA ALCALDE ISAAC MONTOYA CON OBRAS PARA GARANTIZAR LA RENOVACIÓN HIDRÁULICA EN NAUCALPAN,0,0,0,0,0,"""isaac montoya"" since:2026-02-01 until:2026-02-15",False,
,2026-02-01_al_2026-02-15_Twitter,@EsNaucalpan,2026-02-14T06:33:03.000Z,2026-02-14T06:33:03+00:00,https://x.com/EsNaucalpan/status/2022559696108871816,Mantiene gobierno del alcalde Isaac Montoya Proyectos de Obra en Ejecución para garantizar la Renovación Hidráulica en Naucalpan Rehabilitan Tanque de Agua Potable Jardines de La Florida olvidado por más de 10 años en los que dejó de funcionar y de abastecer del líquido a vecinos,0,0,0,0,0,"""isaac montoya"" since:2026-02-01 until:2026-02-15",False,
,2026-02-01_al_2026-02-15_Twitter,@revista_pendulo,2026-02-14T00:56:38.000Z,2026-02-14T00:56:38+00:00,https://x.com/revista_pendulo/status/2022475033340215753,El munícipe Isaac Montoya sigue adelante con las obras para asegurar la renovación hidráulica en Naucalpan https://pendulonline.com.mx/el-municipe-isaac-montoya-sigue-adelante-con-las-obras-para-asegurar-la-renovacion-hidraulica-en-naucalpan/… @OAPASNau,0,0,0,0,0,"""isaac montoya"" since:2026-02-01 until:2026-02-15",False,
,2026-02-01_al_2026-02-15_Twitter,@MARC0P0LITICO,2026-02-14T00:27:21.000Z,2026-02-14T00:27:21+00:00,https://x.com/MARC0P0LITICO/status/2022467664405499916,FIRMA ALCALDE ISAAC MONTOYA CONVENIO DE JORNADAS DE CONCILIACIÓN LABORAL PARA LA SOLUCIÓN DE LAUDOS CON LA SECRETARÍA DEL TRABAJO MEXIQUENSE,0,0,0,0,0,"""isaac montoya"" since:2026-02-01 until:2026-02-15",False,
,2026-02-01_al_2026-02-15_Twitter,@MARC0P0LITICO,2026-02-13T23:40:33.000Z,2026-02-13T23:40:33+00:00,https://x.com/MARC0P0LITICO/status/2022455886267244917,CELEBRA ALCALDE ISAAC MONTOYA JUNTO A LOCATARIOS 57 ANIVERSARIO DEL MERCADO DE SAN BARTOLO https://marcopolitico.com.mx/celebra-alcalde-isaac-montoya-junto-a-locatarios-57-aniversario-del-mercado-de-san-bartolo/…,0,0,0,0,0,"""isaac montoya"" since:2026-02-01 until:2026-02-15",False,
,2026-02-01_al_2026-02-15_Twitter,@RobChavo,2026-02-15T02:19:42.000Z,2026-02-15T02:19:42+00:00,https://x.com/RobChavo/status/2022858325956628812,A joder a la gente,0,0,0,0,0,reply_to:https://x.com/12Parrafo/status/2022821317649608855,True,https://x.com/12Parrafo/status/2022821317649608855
,2026-02-01_al_2026-02-15_Twitter,@lasillarota,2026-02-13T21:16:53.000Z,2026-02-13T21:16:53+00:00,https://x.com/lasillarota/status/2022419731878486263,¡Toma nota! El gobierno de Naucalpan informa que a partir de este sábado 14 de febrero comenzará la rehabilitación con concreto hidráulico de 3.2 km de la lateral de Periférico Norte.,0,0,0,0,0,"""gobierno de naucalpan"" since:2026-02-01 until:2026-02-15",False,
,2026-02-01_al_2026-02-15_Twitter,@ToAlex14,2026-02-12T06:19:29.000Z,2026-02-12T06:19:29+00:00,https://x.com/ToAlex14/status/2021831505538957707,"Esa fue la última vez que tuvo asfalto. Ahora puro chapopote. Qcspm el gobierno de Naucalpan y del Edomex. En la Olimpiada México 68, la competencia ciclista de ruta se llevó a cabo en Ciudad Satélite. La carpeta asfáltica del Periférico Norte estaba en perfecto estado. Hoy solo se podrían realizar competencias de ciclismo cross-country.",0,0,0,0,0,"""gobierno de naucalpan"" since:2026-02-01 until:2026-02-15",False,
,2026-02-01_al_2026-02-15_Twitter,@elvallemexico,2026-02-11T23:09:07.000Z,2026-02-11T23:09:07+00:00,https://x.com/elvallemexico/status/2021723202595041756,"~ Gobierno de Naucalpan atenderá al 70% de las comunidades olvidadas: Montoya “Huellas de la Transformación”, es una estrategia que busca llegar a cada rincón del municipio, colinas, fraccionamientos, pueblos y barrios, para atender las demandas que por años quedaron postergadas, señaló el alcalde Isaac Montoya Márquez. @isaacsolar @GobNau Nota completa: https://elvalle.com.mx/2026/02/11/gobierno-de-naucalpan-atendera-al-70-de-las-comunidades-olvidadas-montoya/…",0,0,0,0,0,"""gobierno de naucalpan"" since:2026-02-01 until:2026-02-15",False,
,2026-02-01_al_2026-02-15_Twitter,@MARC0P0LITICO,2026-02-10T05:29:09.000Z,2026-02-10T05:29:09+00:00,https://x.com/MARC0P0LITICO/status/2021094064523792725,"GOBIERNO DE NAUCALPAN IMPULSA ATENCIÓN INTEGRAL PARA DIGNIFICAR LAS COMUNIDADES, COMO EL DIF SANTA LILIA https://marcopolitico.com.mx/gobierno-de-naucalpan-impulsa-atencion-integral-para-dignificar-las-comunidades-como-el-dif-santa-lilia/…",0,0,0,0,0,"""gobierno de naucalpan"" since:2026-02-01 until:2026-02-15",False,
,2026-02-01_al_2026-02-15_Twitter,@MARC0P0LITICO,2026-02-10T05:09:30.000Z,2026-02-10T05:09:30+00:00,https://x.com/MARC0P0LITICO/status/2021089120072634458,SIGUE GOBIERNO DE NAUCALPAN CON LA RECUPERACIÓN DE ESPACIOS PÚBLICOS COMO EL PARQUE LA PUNTA,0,0,0,0,0,"""gobierno de naucalpan"" since:2026-02-01 until:2026-02-15",False,
,2026-02-01_al_2026-02-15_Twitter,@EIJefeDiego,2026-02-10T04:45:29.000Z,2026-02-10T04:45:29+00:00,https://x.com/EIJefeDiego/status/2021083072716800229,"No la vi haciendo escándalo cuando Gobierno de Naucalpan @GobNau renta secciones del Parque Naucalli para las exposiciones de Navidad. Ah, ya entendí: joder por joder. Indignación selectiva, como Morena completo. Solo les molesta lo que hacen los alcaldes de oposición.",0,0,0,0,0,"""gobierno de naucalpan"" since:2026-02-01 until:2026-02-15",False,
,2026-02-01_al_2026-02-15_Twitter,@MARC0P0LITICO,2026-02-10T04:00:15.000Z,2026-02-10T04:00:15+00:00,https://x.com/MARC0P0LITICO/status/2021071689136865498,"DEJA GOBIERNO DE NAUCALPAN HUELLAS DE LA TRANSFORMACIÓN EN SAN LORENZO TOTOLINGA, CON ENTORNO DE PAZ Y JUSTICIA https://marcopolitico.com.mx/deja-gobierno-de-naucalpan-huellas-de-la-transformacion-en-san-lorenzo-totolinga-con-entorno-de-paz-y-justicia/…",0,0,0,0,0,"""gobierno de naucalpan"" since:2026-02-01 until:2026-02-15",False,
,2026-02-01_al_2026-02-15_Twitter,@telediario,2026-02-09T16:07:46.000Z,2026-02-09T16:07:46+00:00,https://x.com/telediario/status/2020892388734935193,"¡No al maltrato animal! El Gobierno de Naucalpan y la asociación Mundo Patitas intervinieron la cerrada donde Lobito, un perro de edad avanzada, fue lanzado por unas escaleras. #TelediarioMatutino con @anyalanis14, @liliana_sosa y @Cesar_VegaGar",0,0,0,0,0,"""gobierno de naucalpan"" since:2026-02-01 until:2026-02-15",False,
,2026-02-01_al_2026-02-15_Twitter,@elvallemexico,2026-02-09T21:51:46.000Z,2026-02-09T21:51:46+00:00,https://x.com/elvallemexico/status/2020978957588496554,"~ Entrega alcalde de Naucalpan unidad médica DIF Santa Lilia El Gobierno de Naucalpan, encabezado por el presidente municipal Isaac Montoya Márquez, entregó la Unidad Médica DIF Santa Lilia, ubicada en la colonia Lomas de San Agustín, totalmente renovada de manera integral en beneficio de alrededor de 21 mil vecinas y vecinos. @GobNau @isaacsolar Nota completa: https://elvalle.com.mx/2026/02/08/entrega-alcalde-de-naucalpan-unidad-medica-dif-santa-lilia/…",0,0,0,0,0,"""gobierno de naucalpan"" since:2026-02-01 until:2026-02-15",False,
,2026-02-01_al_2026-02-15_Twitter,@GobNau,2026-02-09T21:01:52.000Z,2026-02-09T21:01:52+00:00,https://x.com/GobNau/status/2020966402044137599,El Gobierno de Naucalpan invita al Taller de Globoflexia y Decorado con Globos Inicio: 25 de febrero de 2026 10:00 a 12:00 h Auditorio Isidro Fabela Convocatoria gratuita. #AquiGobiernaLaEsperanza,0,0,0,0,0,"""gobierno de naucalpan"" since:2026-02-01 until:2026-02-15",False,
,2026-02-01_al_2026-02-15_Twitter,@GobNau,2026-02-09T19:35:12.000Z,2026-02-09T19:35:12+00:00,https://x.com/GobNau/status/2020944592632242211,"Gracias a la estrategia Más Seguridad Edoméx, impulsada por el Gobierno del #Edomex y en coordinación con el C5, el robo de vehículos se redujo 39% entre diciembre de 2025 y enero de 2026. Desde el Gobierno de #Naucalpan, seguimos sumando esfuerzos por la seguridad.",0,0,0,0,0,"""gobierno de naucalpan"" since:2026-02-01 until:2026-02-15",False,
,2026-02-01_al_2026-02-15_Twitter,@MARC0P0LITICO,2026-02-09T16:13:18.000Z,2026-02-09T16:13:18+00:00,https://x.com/MARC0P0LITICO/status/2020893779482513910,"PROMULGA GOBIERNO DE NAUCALPAN EL BANDO MUNICIPAL 2026, ENFATIZA ALCALDE ISAAC MONTOYA CARÁCTER HUMANISTA",0,0,0,0,0,"""gobierno de naucalpan"" since:2026-02-01 until:2026-02-15",False,
,2026-02-01_al_2026-02-15_Twitter,@EsNaucalpan,2026-02-09T06:21:48.000Z,2026-02-09T06:21:48+00:00,https://x.com/EsNaucalpan/status/2020744923989901607,"Mantiene gobierno de Naucalpan la recuperación de espacios públicos como el Parque “La Punta”, anuncian primeras utopías. Con el Programa Huellas de la Transformación impulsan la dignificación de espacios públicos, fortaleciendo la seguridad y el bienestar de las familias.",0,0,0,0,0,"""gobierno de naucalpan"" since:2026-02-01 until:2026-02-15",False,
,2026-02-01_al_2026-02-15_Twitter,@EdomexRed,2026-02-09T00:28:44.000Z,2026-02-09T00:28:44+00:00,https://x.com/EdomexRed/status/2020656073074679975,#SIGUE GOBIERNO DE #NAUCALPAN CON LA #RECUPERACIÓN DE #ESPACIOS PÚBLICOS COMO EL #PARQUE LA #PUNTA @isaacsolar @GobNau Leé aquí,0,0,0,0,0,"""gobierno de naucalpan"" since:2026-02-01 until:2026-02-15",False,
,2026-02-01_al_2026-02-15_Twitter,@notiflashmx,2026-02-08T19:52:57.000Z,2026-02-08T19:52:57+00:00,https://x.com/notiflashmx/status/2020586669674516940,SIGUE GOBIERNO DE NAUCALPAN CON LA RECUPERACIÓN DE ESPACIOS PÚBLICOS COMO EL PARQUE LA PUNTA https://notiflashmexiquense.com.mx/?p=25150,0,0,0,0,0,"""gobierno de naucalpan"" since:2026-02-01 until:2026-02-15",False,
,2026-02-01_al_2026-02-15_Twitter,@GobNau,2026-02-08T18:30:40.000Z,2026-02-08T18:30:40+00:00,https://x.com/GobNau/status/2020565964429898205,"Desde el Gobierno de #Naucalpan impulsamos la autonomía de las mujeres A través del IMNIS, se ofrece un vale de descuento para capacitación en la Academia de Belleza Elizabeth Ibarra. Consulta los detalles en la imagen. #AquiGobiernaLaEsperanza",0,0,0,0,0,"""gobierno de naucalpan"" since:2026-02-01 until:2026-02-15",False,
,2026-02-01_al_2026-02-15_Twitter,@EltrinarNoticia,2026-02-08T03:48:02.000Z,2026-02-08T03:48:02+00:00,https://x.com/EltrinarNoticia/status/2020343839169626607,Gobierno de Naucalpan entrega renovada la Unidad Médica DIF Santa Lilia #trinarnoticias #síguemeycomparte https://facebook.com/ElTrinarNoticias/posts/1358865946255821?ref=embed_post… @SoyNaucalpan @isaacsolar @GobNau #Naucalpan #SaludParaTodos #DIFNaucalpan #ObrasConSentido #AtenciónIntegral,0,0,0,0,0,"""gobierno de naucalpan"" since:2026-02-01 until:2026-02-15",False,
,2026-02-01_al_2026-02-15_Twitter,@elvallemexico,2026-02-09T01:35:49.000Z,2026-02-09T01:35:49+00:00,https://x.com/elvallemexico/status/2020672956041465994,"~ Entrega alcalde de Naucalpan unidad médica DIF Santa Lilia El Gobierno de Naucalpan, encabezado por el presidente municipal Isaac Montoya Márquez, entregó la Unidad Médica DIF Santa Lilia, ubicada en la colonia Lomas de San Agustín, totalmente renovada de manera integral en beneficio de alrededor de 21 mil vecinas y vecinos. @GobNau @isaacsolar Nota completa: https://elvalle.com.mx/2026/02/08/entrega-alcalde-de-naucalpan-unidad-medica-dif-santa-lilia/…",0,0,0,0,0,"""gobierno de naucalpan"" since:2026-02-01 until:2026-02-15",False,
,2026-02-01_al_2026-02-15_Twitter,@MARC0P0LITICO,2026-02-08T02:32:02.000Z,2026-02-08T02:32:02+00:00,https://x.com/MARC0P0LITICO/status/2020324713818698226,GOBIERNO DE NAUCALPAN SIGUE FORTALECIENDO LA ACCESIBILIDAD CON CAPACITACIÓN A SERVIDORES PÚBLICOS https://marcopolitico.com.mx/gobierno-de-naucalpan-sigue-fortaleciendo-la-accesibilidad-con-capacitacion-a-servidores-publicos/…,0,0,0,0,0,"""gobierno de naucalpan"" since:2026-02-01 until:2026-02-15",False,
,2026-02-01_al_2026-02-15_Twitter,@notiflashmx,2026-02-07T22:11:24.000Z,2026-02-07T22:11:24+00:00,https://x.com/notiflashmx/status/2020259123724709913,"GOBIERNO DE NAUCALPAN IMPULSA ATENCIÓN INTEGRAL PARA DIGNIFICAR LAS COMUNIDADES, COMO EL DIF SANTA LILIA https://notiflashmexiquense.com.mx/?p=25144",0,0,0,0,0,"""gobierno de naucalpan"" since:2026-02-01 until:2026-02-15",False,
,2026-02-01_al_2026-02-15_Twitter,@Factorcambio1,2026-02-07T05:02:17.000Z,2026-02-07T05:02:17+00:00,https://x.com/Factorcambio1/status/2020000138077647110,DEJA GOBIERNO DE #Naucalpan HUELLAS DE LA TRANSFORMACIÓN EN SAN LORENZO TOTOLINGA @isaacsolar @GobNau @SJTotoltepec @Naucalpan_Parra @pulsocchn @Lomas_verdes1 @satelucos,0,0,0,0,0,"""gobierno de naucalpan"" since:2026-02-01 until:2026-02-15",False,
,2026-02-01_al_2026-02-15_Twitter,@EltrinarNoticia,2026-02-07T02:46:18.000Z,2026-02-07T02:46:18+00:00,https://x.com/EltrinarNoticia/status/2019965918059581783,Deja Gobierno de Naucalpan huellas de la transformación en San Lorenzo Totolinga #trinarnoticias #síguemeycomparte https://facebook.com/ElTrinarNoticias/posts/1357890863019996?ref=embed_post… @SoyNaucalpan @isaacsolar #NaucalpanAvanza #EntornoDePaz #RescateUrbano #GobiernoConHumanismo #SanLorenzoTotolinga #TrinarNoticias,0,0,0,0,0,"""gobierno de naucalpan"" since:2026-02-01 until:2026-02-15",False,
,2026-02-01_al_2026-02-15_Twitter,@elvallemexico,2026-02-07T20:00:00.000Z,2026-02-07T20:00:00+00:00,https://x.com/elvallemexico/status/2020226056347902400,"~ Gobierno de Naucalpan continúa con el rescate de espacios públicos A través del programa Huellas de la Transformación, impulsado por el presidente municipal, Isaac Montoya Márquez, el Gobierno de Naucalpan continúa con la recuperación de espacios públicos.En esta ocasión se realizó la intervención integral en la Segunda Cerrada de Santa Úrsula, en San Lorenzo Totolinga, sitio que recientemente fue escenario de un indignante acto de maltrato animal y hoy el espacio será conocido como el “Callejón del Lobito”, símbolo de empatía, justicia y convivencia comunitaria, informó el alcalde. @isaacsolar @GobNau Nota completa: https://elvalle.com.mx/2026/02/07/gobierno-de-naucalpan-continua-con-el-rescate-de-espacios-publicos/…",0,0,0,0,0,"""gobierno de naucalpan"" since:2026-02-01 until:2026-02-15",False,
,2026-02-01_al_2026-02-15_Twitter,@EsNaucalpan,2026-02-07T06:14:30.000Z,2026-02-07T06:14:30+00:00,https://x.com/EsNaucalpan/status/2020018312659583218,"Deja Gobierno de Naucalpan “Huellas de la Transformación” en San Lorenzo Totolinga con entorno de paz y justicia. La Segunda Cerrada de Santa Úrsula será conocida como el “Callejón del Lobito”, luego de que el perrito de la comunidad fue víctima de una agresión brutal.",0,0,0,0,0,"""gobierno de naucalpan"" since:2026-02-01 until:2026-02-15",False,
,2026-02-01_al_2026-02-15_Twitter,@revista_pendulo,2026-02-07T00:55:22.000Z,2026-02-07T00:55:22+00:00,https://x.com/revista_pendulo/status/2019937999639793989,"El gobierno de Naucalpan deja huellas de transformación en San Lorenzo Totolinga, con un ambiente de paz y justicia https://pendulonline.com.mx/el-gobierno-de-naucalpan-deja-huellas-de-transformacion-en-san-lorenzo-totolinga-con-un-ambiente-de-paz-y-justicia/… @GobNau",0,0,0,0,0,"""gobierno de naucalpan"" since:2026-02-01 until:2026-02-15",False,
,2026-02-01_al_2026-02-15_Twitter,@notiflashmx,2026-02-06T23:44:46.000Z,2026-02-06T23:44:46+00:00,https://x.com/notiflashmx/status/2019920232366686211,"DEJA GOBIERNO DE NAUCALPAN HUELLAS DE LA TRANSFORMACIÓN EN SAN LORENZO TOTOLINGA, CON ENTORNO DE PAZ Y JUSTICIA https://notiflashmexiquense.com.mx/?p=25131",0,0,0,0,0,"""gobierno de naucalpan"" since:2026-02-01 until:2026-02-15",False,
,2026-02-01_al_2026-02-15_Twitter,@MARC0P0LITICO,2026-02-06T22:43:53.000Z,2026-02-06T22:43:53+00:00,https://x.com/MARC0P0LITICO/status/2019904911194853587,GOBIERNO DE NAUCALPAN EN COORDINACIÓN CON EL GEM IMPULSA ESFUERZOS PARA EL BIENESTAR DE LAS COMUNIDADES Y LOS SERES SINTIENTES https://marcopolitico.com.mx/gobierno-de-naucalpan-en-coordinacion-con-el-gem-impulsa-esfuerzos-para-el-bienestar-de-las-comunidades-y-los-seres-sintientes/…,0,0,0,0,0,"""gobierno de naucalpan"" since:2026-02-01 until:2026-02-15",False,
,2026-02-01_al_2026-02-15_Twitter,@tvmextv,2026-02-06T05:02:30.000Z,2026-02-06T05:02:30+00:00,https://x.com/tvmextv/status/2019637806319169668,Promulga Gobierno de #Naucalpan el Bando Municipal 2026 enfatiza @isaacsolar carácter humanista @GobNau,0,0,0,0,0,"""gobierno de naucalpan"" since:2026-02-01 until:2026-02-15",False,
,2026-02-01_al_2026-02-15_Twitter,@revista_pendulo,2026-02-06T01:37:50.000Z,2026-02-06T01:37:50+00:00,https://x.com/revista_pendulo/status/2019586298273542639,Promulga Gobierno de Naucalpan Bando municipal 2026 https://pendulonline.com.mx/promulga-gobierno-de-naucalpan-bando-municipal-2026/… @GobNau,0,0,0,0,0,"""gobierno de naucalpan"" since:2026-02-01 until:2026-02-15",False,
,2026-02-01_al_2026-02-15_Twitter,@prensaenlineamx,2026-02-06T22:19:15.000Z,2026-02-06T22:19:15+00:00,https://x.com/prensaenlineamx/status/2019898712848494743,"DEL HORROR A LA ESPERANZA: NAUCALPAN TRANSFORMA LA CRUELDAD EN JUSTICIA CON EL “CALLEJÓN DEL LOBITO” Lo que fue escenario de un acto de violencia hoy se resignifica como un espacio de memoria, empatía y conciencia social. El Gobierno de #Naucalpan rehabilitó la Segunda Cerrada de Santa Úrsula, en San Lorenzo Totolinga, y la nombró oficialmente “Callejón del Lobito”, en honor al perro comunitario que sobrevivió a un brutal acto de maltrato animal que indignó al municipio. Con pavimentación, nueva iluminación, limpieza integral y un mural conmemorativo, este espacio recuperado se convierte en símbolo de justicia, humanismo y respeto a los seres sintientes. El alcalde Isaac Montoya Márquez afirmó que la violencia no puede quedar en el olvido, sino transformarse en acciones que fortalezcan el tejido social y promuevan una convivencia más justa. Más que obra pública, es un mensaje claro: en Naucalpan, la crueldad no se normaliza; se enfrenta y se transforma. #CallejónDelLobito #HuellasDeLaTransformación #NoAlMaltratoAnimal #SeresSintientes #GobiernoConCausa #JusticiaSocial #NaucalpanEnTransformación",0,0,0,0,0,"""gobierno de naucalpan"" since:2026-02-01 until:2026-02-15",False,
,2026-02-01_al_2026-02-15_Twitter,@EdomexRed,2026-02-06T21:26:46.000Z,2026-02-06T21:26:46+00:00,https://x.com/EdomexRed/status/2019885502996873286,"#DEJA GOBIERNO DE #NAUCALPAN HUELLAS DE LA #TRANSFORMACIÓN EN SAN LORENZO #TOTOLINGA, CON #ENTORNO DE #PAZ Y #JUSTICIA @isaacsolar @GobNau Leé aquí",0,0,0,0,0,"""gobierno de naucalpan"" since:2026-02-01 until:2026-02-15",False,
,2026-02-01_al_2026-02-15_Twitter,@EsNaucalpan,2026-02-06T06:32:20.000Z,2026-02-06T06:32:20+00:00,https://x.com/EsNaucalpan/status/2019660414171140191,"Promulga Gobierno de Naucalpan el Bando Municipal 2026, el alcalde Isaac Montoya acentúa carácter humanista del instrumento normativo. El presidente municipal destacó que el documento rector, fortalecen los principios de transparencia, y el acceso a la información pública.",0,0,0,0,0,"""gobierno de naucalpan"" since:2026-02-01 until:2026-02-15",False,
,2026-02-01_al_2026-02-15_Twitter,@acontecerprensa,2026-02-06T01:26:42.000Z,2026-02-06T01:26:42+00:00,https://x.com/acontecerprensa/status/2019583496403185879,"PROMULGA GOBIERNO DE #NAUCALPAN EL BANDO MUNICIPAL 2026, ENFATIZA ALCALDE ISAAC MONTOYA CARÁCTER HUMANISTA • Destaca el presidente municipal que este instrumento normativo resalta el respeto a los derechos humanos y de los seres sintientes.",0,0,0,0,0,"""gobierno de naucalpan"" since:2026-02-01 until:2026-02-15",False,
,2026-02-01_al_2026-02-15_Twitter,@foro1025,2026-02-06T01:17:47.000Z,2026-02-06T01:17:47+00:00,https://x.com/foro1025/status/2019581255290089517,"Promulga gobierno de #Naucalpan el Bando Municipal 2026, enfatiza alcalde @isaacsolar carácter humanista: https://foro1025.mx/?p=36704",0,0,0,0,0,"""gobierno de naucalpan"" since:2026-02-01 until:2026-02-15",False,
,2026-02-01_al_2026-02-15_Twitter,@GobNau,2026-02-05T23:36:28.000Z,2026-02-05T23:36:28+00:00,https://x.com/GobNau/status/2019555755733430494,"En el marco del 109 aniversario de la Constitución Política de los Estados Unidos Mexicanos, el Gobierno de Naucalpan, encabezado por el Presidente Municipal Isaac Montoya Márquez, promulgó el Bando Municipal 2026 #AquiGobiernaLaEsperanza #BandoMunicipal2026",0,0,0,0,0,"""gobierno de naucalpan"" since:2026-02-01 until:2026-02-15",False,
,2026-02-01_al_2026-02-15_Twitter,@SoyNaucalpan,2026-02-05T22:30:31.000Z,2026-02-05T22:30:31+00:00,https://x.com/SoyNaucalpan/status/2019539161120673816,"Gobierno de #Naucalpan capacitó a más de 100 servidores públicos en materia de comunicación inclusiva y accesibilidad para personas con discapacidad, reforzando estrategias como el Servicio de Relevo y uso de lengua de señas para una atención igualitaria.",0,0,0,0,0,"""gobierno de naucalpan"" since:2026-02-01 until:2026-02-15",False,
,2026-02-01_al_2026-02-15_Twitter,@notiflashmx,2026-02-05T22:27:16.000Z,2026-02-05T22:27:16+00:00,https://x.com/notiflashmx/status/2019538342753497225,"PROMULGA GOBIERNO DE NAUCALPAN EL BANDO MUNICIPAL 2026, ENFATIZA ALCALDE ISAAC MONTOYA CARÁCTER HUMANISTA https://notiflashmexiquense.com.mx/?p=25112",0,0,0,0,0,"""gobierno de naucalpan"" since:2026-02-01 until:2026-02-15",False,
,2026-02-01_al_2026-02-15_Twitter,@revista_pendulo,2026-02-05T01:29:55.000Z,2026-02-05T01:29:55+00:00,https://x.com/revista_pendulo/status/2019221919246205100,El gobierno de Naucalpan continúa fortaleciendo la accesibilidad mediante la capacitación de sus servidores públicos. https://pendulonline.com.mx/el-gobierno-de-naucalpan-continua-fortaleciendo-la-accesibilidad-mediante-la-capacitacion-de-sus-servidores-publicos/… #Naucalpan,0,0,0,0,0,"""gobierno de naucalpan"" since:2026-02-01 until:2026-02-15",False,
,2026-02-01_al_2026-02-15_Twitter,@EdomexRed,2026-02-04T22:03:37.000Z,2026-02-04T22:03:37+00:00,https://x.com/EdomexRed/status/2019170000079380816,#GOBIERNO DE #NAUCALPAN SIGUE #FORTALECIENDO LA #ACCESIBILIDAD CON #CAPACITACIÓN A #SERVIDORES PÚBLICOS @isaacsolar @GobNau Leé aquí,0,0,0,0,0,"""gobierno de naucalpan"" since:2026-02-01 until:2026-02-15",False,
,2026-02-01_al_2026-02-15_Twitter,@elvallemexico,2026-02-05T22:00:01.000Z,2026-02-05T22:00:01+00:00,https://x.com/elvallemexico/status/2019531484932251983,"~ Naucalpan impulsa un gobierno accesible e inclusivo: Montoya El Gobierno de Naucalpan inició el 2026 reforzando sus acciones en materia de accesibilidad e inclusión, informó el presidente municipal Isaac Montoya Márquez, quien agregó que el Servicio de Relevo, inició este 4 de febrero, día en que los servidores públicos en la atención a personas con discapacidad, tomaron capacitación en línea, lo que les brindará herramientas básicas para ofrecer una atención ciudadana digna, respetuosa y accesible. @isaacsolar @GobNau Nota completa: https://elvalle.com.mx/2026/02/04/naucalpan-impulsa-un-gobierno-accesible-e-inclusivo-montoya/…",0,0,0,0,0,"""gobierno de naucalpan"" since:2026-02-01 until:2026-02-15",False,
,2026-02-01_al_2026-02-15_Twitter,@EdomexRed,2026-02-05T21:50:30.000Z,2026-02-05T21:50:30+00:00,https://x.com/EdomexRed/status/2019529089573613862,"#PROMULGA GOBIERNO DE #NAUCALPAN EL #BANDO MUNICIPAL 2026, #ENFATIZA ALCALDE ISAAC #MONTOYA CARÁCTER #HUMANISTA @isaacsolar @GobNau Leé aquí",0,0,0,0,0,"""gobierno de naucalpan"" since:2026-02-01 until:2026-02-15",False,
,2026-02-01_al_2026-02-15_Twitter,@EsNaucalpan,2026-02-05T06:20:27.000Z,2026-02-05T06:20:27+00:00,https://x.com/EsNaucalpan/status/2019295032508051976,"Gobierno de Naucalpan fortalece la accesibilidad con capacitación a servidores públicos para la atencióna personas especiales.En enero fue impartido en línea,el taller Toma de Conciencia y Comunicación Inclusiva en la Atención a Personas con Discapacidad para Servidores Públicos",0,0,0,0,0,"""gobierno de naucalpan"" since:2026-02-01 until:2026-02-15",False,
,2026-02-01_al_2026-02-15_Twitter,@notiflashmx,2026-02-04T21:53:19.000Z,2026-02-04T21:53:19+00:00,https://x.com/notiflashmx/status/2019167408267665764,GOBIERNO DE NAUCALPAN SIGUE FORTALECIENDO LA ACCESIBILIDAD CON CAPACITACIÓN A SERVIDORES PÚBLICOS https://notiflashmexiquense.com.mx/?p=25100,0,0,0,0,0,"""gobierno de naucalpan"" since:2026-02-01 until:2026-02-15",False,
,2026-02-01_al_2026-02-15_Twitter,@foro1025,2026-02-04T16:25:49.000Z,2026-02-04T16:25:49+00:00,https://x.com/foro1025/status/2019084993016848871,Gobierno de #Naucalpan en coordinación con el GEM impulsa esfuerzos para el bienestar de las comunidades y los seres sintientes: https://foro1025.mx/?p=36675,0,0,0,0,0,"""gobierno de naucalpan"" since:2026-02-01 until:2026-02-15",False,
,2026-02-01_al_2026-02-15_Twitter,@MARC0P0LITICO,2026-02-04T01:51:30.000Z,2026-02-04T01:51:30+00:00,https://x.com/MARC0P0LITICO/status/2018864963834745020,GOBIERNO DE NAUCALPAN REFUERZA MURO DE SECUNDARIA EN SAN FRANCISCO CHIMALPA PARA PROTEGER A LA COMUNIDAD ESCOLAR https://marcopolitico.com.mx/gobierno-de-naucalpan-refuerza-muro-de-secundaria-en-san-francisco-chimalpa-para-proteger-a-la-comunidad-escolar/…,0,0,0,0,0,"""gobierno de naucalpan"" since:2026-02-01 until:2026-02-15",False,
,2026-02-01_al_2026-02-15_Twitter,@MARC0P0LITICO,2026-02-03T19:22:56.000Z,2026-02-03T19:22:56+00:00,https://x.com/MARC0P0LITICO/status/2018767177814266230,GOBIERNO DE NAUCALPAN FORTALECE LA RECUPERACIÓN DE VIALIDADES Y ESPACIOS PÚBLICOS EN ESTE 2026 https://marcopolitico.com.mx/gobierno-de-naucalpan-fortalece-la-recuperacion-de-vialidades-y-espacios-publicos-en-este-2026/…,0,0,0,0,0,"""gobierno de naucalpan"" since:2026-02-01 until:2026-02-15",False,
,2026-02-01_al_2026-02-15_Twitter,@Factorcambio1,2026-02-03T04:07:00.000Z,2026-02-03T04:07:00+00:00,https://x.com/Factorcambio1/status/2018536673106071933,IMPULSA GOBIERNO DE #naucalpan Y #Edomex JORNADA DE VACUNACIÓN Y ESTERILIZACIÓN DE PERROS Y GATOS @GobNau @isaacsolar @SJTotoltepec @Naucalpan_Parra @FloridaSat @Lomas_verdes1 @satelucos @Satelite_Amigos,0,0,0,0,0,"""gobierno de naucalpan"" since:2026-02-01 until:2026-02-15",False,
,2026-02-01_al_2026-02-15_Twitter,@EdomexRed,2026-02-02T21:26:39.000Z,2026-02-02T21:26:39+00:00,https://x.com/EdomexRed/status/2018435922497310910,#GOBIERNO DE #NAUCALPAN EN #COORDINACIÓN CON EL #GEM IMPULSA #ESFUERZOS PARA EL #BIENESTAR DE LAS #COMUNIDADES Y LOS SERES #SINTIENTES @isaacsolar @GobNau Leé aquí,0,0,0,0,0,"""gobierno de naucalpan"" since:2026-02-01 until:2026-02-15",False,
,2026-02-01_al_2026-02-15_Twitter,@notiflashmx,2026-02-02T21:21:29.000Z,2026-02-02T21:21:29+00:00,https://x.com/notiflashmx/status/2018434621990469877,GOBIERNO DE NAUCALPAN EN COORDINACIÓN CON EL GEM IMPULSA ESFUERZOS PARA EL BIENESTAR DE LAS COMUNIDADES Y LOS SERES SINTIENTES https://notiflashmexiquense.com.mx/?p=25078,0,0,0,0,0,"""gobierno de naucalpan"" since:2026-02-01 until:2026-02-15",False,
,2026-02-01_al_2026-02-15_Twitter,@LasVoces_Edomex,2026-02-01T14:24:51.000Z,2026-02-01T14:24:51+00:00,https://x.com/LasVoces_Edomex/status/2017967384448090408,#Enportada Supervisa Delfina jornada Supervisa Delfina jornada “Limpiemos Nuestro Edoméx” en Toluca Gobierno de Naucalpan destaca como modelo en protección a la niñez en edomex Sheinbaum anuncia Certificado Laboral obligatorio para exportadores agrícolas,0,0,0,0,0,"""gobierno de naucalpan"" since:2026-02-01 until:2026-02-15",False,
,2026-02-01_al_2026-02-15_Twitter,@EsNaucalpan,2026-02-01T06:18:16.000Z,2026-02-01T06:18:16+00:00,https://x.com/EsNaucalpan/status/2017844931696419143,"Gobierno de Naucalpan y del Estado de México Aperturan Módulos Hospitalarios del Registro Civil . Uno de ellos se encuentra en el Hospital General Dr. Maximiliano Ruiz Castañeda y el otro está ubicado, en el Hospital General de Zona 194 del IMSS, Lic. Ignacio García Téllez.",0,0,0,0,0,"""gobierno de naucalpan"" since:2026-02-01 until:2026-02-15",False,
,2026-02-01_al_2026-02-15_Twitter,@revista_pendulo,2026-02-01T01:02:51.000Z,2026-02-01T01:02:51+00:00,https://x.com/revista_pendulo/status/2017765557681205428,El gobierno de Naucalpan sobresale como ejemplo en la protección de la niñez en el Estado de México https://pendulonline.com.mx/el-gobierno-de-naucalpan-sobresale-como-ejemplo-en-la-proteccion-de-la-ninez-en-el-estado-de-mexico/… @GobNau,0,0,0,0,0,"""gobierno de naucalpan"" since:2026-02-01 until:2026-02-15",False,
,2026-02-01_al_2026-02-15_Twitter,@naucalpan44,2026-02-13T23:05:58.000Z,2026-02-13T23:05:58+00:00,https://x.com/naucalpan44/status/2022447183576900062,Este gobierno de naucalpan solo hace puro circo mientras los verdaderos delincuentes están ahí afuera . Apenas balaceron a un señor aventaron un muerto en la cadena y las nenas secuestradas dicen que es la propia policía. Pero hacen circo,0,0,0,0,0,"""gobierno de naucalpan"" since:2026-02-01 until:2026-02-15",False,
,2026-02-01_al_2026-02-15_Twitter,@lasillarota,2026-02-13T21:16:53.000Z,2026-02-13T21:16:53+00:00,https://x.com/lasillarota/status/2022419731878486263/history,¡Toma nota! El gobierno de Naucalpan informa que a partir de este sábado 14 de febrero comenzará la rehabilitación con concreto hidráulico de 3.2 km de la lateral de Periférico Norte.,1,1,2,0,0,reply_to:https://x.com/lasillarota/status/2022419731878486263,True,https://x.com/lasillarota/status/2022419731878486263
,2026-02-01_al_2026-02-15_Twitter,@JuanPuebloAqui,2026-02-14T14:49:10.000Z,2026-02-14T14:49:10+00:00,https://x.com/JuanPuebloAqui/status/2022684548153184558,"Pues @CAMegalopolis @PROFEPA_Mx esto se debe sancionar. En el @GobiernoMX de @delfinagomeza hacen lo que quieren, incluso violar la #Fase1 de #ContingenciaAmbiental",0,0,0,0,0,reply_to:https://x.com/lasillarota/status/2022419731878486263,True,https://x.com/lasillarota/status/2022419731878486263
,2026-02-01_al_2026-02-15_Twitter,@ToAlex14,2026-02-11T23:50:40.000Z,2026-02-11T23:50:40+00:00,,"Esa fue la última vez que tuvo asfalto. Ahora puro chapopote. Qcspm el gobierno de Naucalpan y del Edomex. En la Olimpiada México 68, la competencia ciclista de ruta se llevó a cabo en Ciudad Satélite. La carpeta asfáltica del Periférico Norte estaba en perfecto estado. Hoy solo se podrían realizar competencias de ciclismo cross-country.",0,0,3,0,0,reply_to:https://x.com/ToAlex14/status/2021831505538957707,True,https://x.com/ToAlex14/status/2021831505538957707
,2026-02-01_al_2026-02-15_Twitter,@ChumelTorrees,2026-02-10T04:16:07.000Z,2026-02-10T04:16:07+00:00,https://x.com/ChumelTorrees/status/2021075684060430515,¿YA VIERON? Diputados de @PartidoMorenaMx cierran Av. Parque Lira. Aquí les dejo el Twitter de @ceci_vadillo para que se la recuerden. Y de paso también hacerle saber esto a @ClaraBrugadaM para que vea que sus propios diputados le boicotean la ciudad.,112,683,1178,0,0,reply_to:https://x.com/EIJefeDiego/status/2021083072716800229,True,https://x.com/EIJefeDiego/status/2021083072716800229
,2026-02-01_al_2026-02-15_Twitter,@Ceci_vadillo,2026-02-10T04:19:53.000Z,2026-02-10T04:19:53+00:00,https://x.com/Ceci_vadillo/status/2021076632711098689,"Así es, estamos apoyando a los vecinos que están resistiendo la privatización de parque Lira. El alcalde decidió rentar un parque público que es patrimonio histórico para beneficiar a una empresa personal. Y pues vamos a resistir con las y los vecinos.",39,12,44,0,0,reply_to:https://x.com/EIJefeDiego/status/2021083072716800229,True,https://x.com/EIJefeDiego/status/2021083072716800229
,2026-02-01_al_2026-02-15_Twitter,@LasVoces_Edomex,2026-02-01T14:24:52.000Z,2026-02-01T14:24:52+00:00,https://x.com/LasVoces_Edomex/status/2017967388906705336,"Futboleros: teatro, amistad y empatía toman la cancha universitaria Con apoyo de empresarios gobierno de Ecatepec repavimenta importante avenida",0,0,0,0,0,reply_to:https://x.com/LasVoces_Edomex/status/2017967384448090408,True,https://x.com/LasVoces_Edomex/status/2017967384448090408
,2026-02-01_al_2026-02-15_Twitter,@Pedro_RVillegas,2026-02-14T23:39:48.000Z,2026-02-14T23:39:48+00:00,https://x.com/Pedro_RVillegas/status/2022818085221138806,"Agradezco el apoyo solidario de nuestros vecinos de #Naucalpan, #Tlalnepantla, #NicolásRomero y #CuautitlánIzcalli, así como de #Probosque, quienes se sumaron de inmediato. La coordinación y el trabajo en equipo evitaron que esta situación se convirtiera en una catástrofe mayor.",0,0,0,0,0,naucalpan since:2026-02-01 until:2026-02-15,False,
,2026-02-01_al_2026-02-15_Twitter,@DanielaFC12,2026-02-14T23:34:10.000Z,2026-02-14T23:34:10+00:00,https://x.com/DanielaFC12/status/2022816667554677155,"No lo puedo creer!! Ojalá que no, que se haga justicia #Naucalpan @GobCDMX @MundoPatitas @FundacionToby HOY PODRÍA QUEDAR EN LIBERTAD ANTHONY “N” AGRESOR DE “LOBITO” esta tarde se llevará acabo la audiencia de vinculación a proceso en su contra. su defensa presentará el amparo que ordena la suspensión, además buscará una medida alterna de solución de conflicto por lo que",0,0,0,0,0,naucalpan since:2026-02-01 until:2026-02-15,False,
,2026-02-01_al_2026-02-15_Twitter,@QuadratinEdomex,2026-02-14T23:30:12.000Z,2026-02-14T23:30:12+00:00,https://x.com/QuadratinEdomex/status/2022815670572822986,No nos hagan eso en #SanValentin. Reportan sismo leve con epicentro en #Naucalpan. https://edomex.quadratin.com.mx/reportan-sismo-leve-con-epicentro-en-naucalpan-no-se-hay-danos/…,0,0,0,0,0,naucalpan since:2026-02-01 until:2026-02-15,False,
,2026-02-01_al_2026-02-15_Twitter,@SatelTrack,2026-02-14T23:27:09.000Z,2026-02-14T23:27:09+00:00,https://x.com/SatelTrack/status/2022814902570672206,17:00 h. El #ÍndiceAIREYSALUD reporta #CalidadDelAire MUY MALA: en #Cuauhtémoc #Atizapán #Ecatepec #Naucalpan y #TlalnepantlaAire_CDMX #SatelTrackMX,0,0,0,0,0,naucalpan since:2026-02-01 until:2026-02-15,False,
,2026-02-01_al_2026-02-15_Twitter,@Aire_CDMX,2026-02-14T23:25:46.000Z,2026-02-14T23:25:46+00:00,https://x.com/Aire_CDMX/status/2022814555621970093,17:00 h. El #ÍndiceAIREYSALUD reporta #CalidadDelAire MUY MALA: en #Cuauhtémoc #Atizapán #Ecatepec #Naucalpan y #Tlalnepantla,0,0,0,0,0,naucalpan since:2026-02-01 until:2026-02-15,False,
,2026-02-01_al_2026-02-15_Twitter,@SoyAlessandraaa,2026-02-14T23:11:49.000Z,2026-02-14T23:11:49+00:00,https://x.com/SoyAlessandraaa/status/2022811045811638780,Hombres para #chathot #fetiches o encuentro de Naucalpan Estado de México??? . . #Naucalpan #Atizapán #LosRemedios #LomasVerdes #SanJuanTotoltepec #Tlalnepantla #NicolasRomero #Echegaray #SanLorenzo #LosRemedios #LomasVerdes,6,3,85,0,0,naucalpan since:2026-02-01 until:2026-02-15,False,
,2026-02-01_al_2026-02-15_Twitter,@P_Civil_Magazin,2026-02-14T23:10:54.000Z,2026-02-14T23:10:54+00:00,https://x.com/P_Civil_Magazin/status/2022810811438129514,"Se percibe microsismo de magnitud 2.3 en Naucalpan, Edomex. El Sismológico Nacional informó que el movimiento telúrico fue a las 13:54 h. ; fueron desalojadas oficinas del Forum Naucalpan, un edificio corporativo https://n9.cl/c10p8e @lajornadaonline @SismologicoMX #Sismo",0,0,0,0,0,naucalpan since:2026-02-01 until:2026-02-15,False,
,2026-02-01_al_2026-02-15_Twitter,@NaucalpanToluca,2026-02-14T23:06:55.000Z,2026-02-14T23:06:55+00:00,https://x.com/NaucalpanToluca/status/2022809810794598666,"Buena tarde, estimado cliente le informamos el tiempo de recorrido: CUOTA -27 minutos de Toluca haca Naucalpan. -27 minutos de Naucalpan hacía Toluca. LIBRE -1 hora 10 minutos de Toluca hacía Naucalpan. -1 hora 7 minutos de Naucalpan hacía Toluca. ¡Buen viaje!",0,0,0,0,0,naucalpan since:2026-02-01 until:2026-02-15,False,
,2026-02-01_al_2026-02-15_Twitter,@NaucalpanToluca,2026-02-14T23:06:44.000Z,2026-02-14T23:06:44+00:00,https://x.com/NaucalpanToluca/status/2022809763185115402,"Buena tarde, estimado cliente le informamos: CLIMA -Naucalpan: 26°C -Huixquilucan: 21°C -Lerma: 21°C ¡Maneje con precaución!",0,0,0,0,0,naucalpan since:2026-02-01 until:2026-02-15,False,
,2026-02-01_al_2026-02-15_Twitter,@Radio_Zocalo,2026-02-14T22:50:48.000Z,2026-02-14T22:50:48+00:00,https://x.com/Radio_Zocalo/status/2022805753736679651,"Se percibe microsismo de magnitud 2.3 en Naucalpan, Edomex https://radiozocalo.com.mx/688703/ #EstadodeMéxico #Microsismo",0,0,0,0,0,naucalpan since:2026-02-01 until:2026-02-15,False,
,2026-02-01_al_2026-02-15_Twitter,@UnoNoticias,2026-02-14T22:45:39.000Z,2026-02-14T22:45:39+00:00,https://x.com/UnoNoticias/status/2022804459714216284,Sismo de magnitud 2.3 sacude Naucalpan este sábado; no se reportan daños #EstadoDeMéxico https://unotv.com/sismo/temblo-hoy-sismo-sorprende-a-habitantes-de-naucalpan-edomex/?utm_term=Autofeed&utm_medium=Social&utm_source=Twitter#Echobox=1771108903…,0,0,0,0,0,naucalpan since:2026-02-01 until:2026-02-15,False,
,2026-02-01_al_2026-02-15_Twitter,@birdboyr,2026-02-14T22:45:25.000Z,2026-02-14T22:45:25+00:00,https://x.com/birdboyr/status/2022804401757335869,En qué parte de Naucalpan fue eso,0,0,0,0,0,naucalpan since:2026-02-01 until:2026-02-15,False,
,2026-02-01_al_2026-02-15_Twitter,@hidalgonewsmx,2026-02-14T22:45:00.000Z,2026-02-14T22:45:00+00:00,https://x.com/hidalgonewsmx/status/2022804294236312024,"Dolor e indignación en Naucalpan: una abuelita trasladó en combi a su nieto, un bebé conectado a oxígeno, rumbo a un hospital en CDMX. La imagen exhibe la precariedad y la urgencia de atención médica. #Naucalpan #Edomex #Salud #Desigualdad",0,0,0,0,0,naucalpan since:2026-02-01 until:2026-02-15,False,
,2026-02-01_al_2026-02-15_Twitter,@CoracytNoticias,2026-02-14T22:41:51.000Z,2026-02-14T22:41:51+00:00,https://x.com/CoracytNoticias/status/2022803502095884542,"Se percibe microsismo de magnitud 2.3 en Naucalpan, Edomex Aquí la nota completa https://sndigital.mx/mexico/111089-se-percibe-microsismo-de-magnitud-2-3-en-naucalpan-edomex.html…",0,0,0,0,0,naucalpan since:2026-02-01 until:2026-02-15,False,
,2026-02-01_al_2026-02-15_Twitter,@nmasforo,2026-02-14T22:36:00.000Z,2026-02-14T22:36:00+00:00,https://x.com/nmasforo/status/2022802029358231665,"Vecinos de Naucalpan, Estado de México, compartieron sus experiencias tras el microsismo de magnitud 2.3 registrado en el municipio; no se reportan daños ni personas lesionadas. #LasNoticiasDeFORO con @javomartinezr | #nmásforo | #SiempreEnVivo | #SiempreContigo | Sigue la señal en vivo por http://nmas.com.mx/foro-tv",0,0,0,0,0,naucalpan since:2026-02-01 until:2026-02-15,False,
,2026-02-01_al_2026-02-15_Twitter,@MeiTweet,2026-02-14T22:26:18.000Z,2026-02-14T22:26:18+00:00,https://x.com/MeiTweet/status/2022799589842284973,"En zona satélite toreo, Naucalpan.",0,0,0,0,0,naucalpan since:2026-02-01 until:2026-02-15,False,
,2026-02-01_al_2026-02-15_Twitter,@Aire_CDMX,2026-02-14T22:23:46.000Z,2026-02-14T22:23:46+00:00,https://x.com/Aire_CDMX/status/2022798951099888102,16:00 h. El #ÍndiceAIREYSALUD reporta #CalidadDelAire MUY MALA: en #Benito_Juárez #Cuauhtémoc #Miguel_Hidalgo #Venustiano_Carranza #Atizapán #Ecatepec y #Naucalpan,0,0,0,0,0,naucalpan since:2026-02-01 until:2026-02-15,False,
,2026-02-01_al_2026-02-15_Twitter,@heraldodemexico,2026-02-14T22:22:11.000Z,2026-02-14T22:22:11+00:00,https://x.com/heraldodemexico/status/2022798552984916450,"Sismo de 2.3 sacude Naucalpan, ¿por qué no se activó la alerta sísmica en CDMX?",0,0,0,0,0,naucalpan since:2026-02-01 until:2026-02-15,False,
,2026-02-01_al_2026-02-15_Twitter,@nmas,2026-02-14T22:15:00.000Z,2026-02-14T22:15:00+00:00,https://x.com/nmas/status/2022796744430366842,"Esta tarde se registró un microsismo de magnitud 2.3 en Naucalpan de Juárez, Edomex.",0,0,0,0,0,naucalpan since:2026-02-01 until:2026-02-15,False,
,2026-02-01_al_2026-02-15_Twitter,@scoutsnaucalpan,2026-02-14T22:12:25.000Z,2026-02-14T22:12:25+00:00,https://x.com/scoutsnaucalpan/status/2022796093583429887,"Rovers de la Provincia Naucalpan con registro vigente, los esperamos en el Foro Extraordinario de la Red de Jóvenes, domingo 15 de febrero a las 7pm",0,0,0,0,0,naucalpan since:2026-02-01 until:2026-02-15,False,
,2026-02-01_al_2026-02-15_Twitter,@rommel_conde,2026-02-14T22:11:13.000Z,2026-02-14T22:11:13+00:00,https://x.com/rommel_conde/status/2022795792767934509,"Es obvio, el @Edomex y su pésima organización tienen colapsado el periférico norte desde Naucalpan hasta Tepotzotlan.",0,0,0,0,0,naucalpan since:2026-02-01 until:2026-02-15,False,
,2026-02-01_al_2026-02-15_Twitter,@cr130516,2026-02-14T22:00:24.000Z,2026-02-14T22:00:24+00:00,https://x.com/cr130516/status/2022793073093214456,Alguien para armar algo zona Naucalpan o huixquilucan,0,0,2,0,0,naucalpan since:2026-02-01 until:2026-02-15,False,
,2026-02-01_al_2026-02-15_Twitter,@juliosilvadc,2026-02-14T21:41:11.000Z,2026-02-14T21:41:11+00:00,https://x.com/juliosilvadc/status/2022788236129571274,"Esta tarde se registró un microseísmo de magnitud 2.3 en Naucalpan de Juárez, Estado de México, con profundidad de 1 km; hasta el momento no se reportan daños ni personas lesionadas. #LasNoticiasDeFORO",0,0,0,0,0,naucalpan since:2026-02-01 until:2026-02-15,False,
,2026-02-01_al_2026-02-15_Twitter,@proceso,2026-02-14T21:38:35.000Z,2026-02-14T21:38:35+00:00,https://x.com/proceso/status/2022787580060684342,"Reportan microsismo cerca del Campo Militar 1 en Naucalpan, Edomex",0,0,0,0,0,naucalpan since:2026-02-01 until:2026-02-15,False,
,2026-02-01_al_2026-02-15_Twitter,@conetec2010,2026-02-14T21:29:29.000Z,2026-02-14T21:29:29+00:00,https://x.com/conetec2010/status/2022785291686220108,SHAKA.CNV — REC / CONVERT | De la Teoría a la Práctica: Aplicando las Contribuciones de McIntosh en un Caso Real #Honer #HaroldVMcIntosh #TACHOUHONER Naucalpan #Naucalpan — #ESE,0,0,0,0,0,naucalpan since:2026-02-01 until:2026-02-15,False,
,2026-02-01_al_2026-02-15_Twitter,@lajornadaonline,2026-02-14T21:21:46.000Z,2026-02-14T21:21:46+00:00,https://x.com/lajornadaonline/status/2022783347890569254,#Edomex | Un microsismo de magnitud 2.3 se percibió esta tarde en Naucalpan. El Sismológico Nacional informó que el movimiento telúrico se registró a las 13:54 horas. A consecuencia del sismo fueron desalojadas algunas oficinas del Forum Naucalpan.,0,0,0,0,0,naucalpan since:2026-02-01 until:2026-02-15,False,
,2026-02-01_al_2026-02-15_Twitter,@El_Universal_Mx,2026-02-14T21:09:36.000Z,2026-02-14T21:09:36+00:00,https://x.com/El_Universal_Mx/status/2022780286535160287,#ALMOMENTO Tiembla en Edomex El Servicio Sismológico Nacional informó sobre un microsismo de 2.3 grados en Naucalpan.,0,0,0,0,0,naucalpan since:2026-02-01 until:2026-02-15,False,
,2026-02-01_al_2026-02-15_Twitter,@NP_ideaa,2026-02-14T21:37:35.000Z,2026-02-14T21:37:35+00:00,https://x.com/NP_ideaa/status/2022787327760753018,"ATENCIÓN El presunto agresor de “Lobito” podría quedar en libertad este sábado Anthony “N” promovió un amparo y un juez federal otorgó la suspensión del proceso. Además, se busca una “salida alterna” solicitando la presencia de Norma Huerta, fundadora de Mundo Patitas. ¿En serio estamos hablando de acuerdos cuando hay un animal víctima de violencia? En #Naucalpan y en todo #Edomex no se puede normalizar que el maltrato animal se negocie. La ley existe para proteger a quienes no tienen voz. Las autoridades deben actuar con firmeza y el proceso debería continuar hasta las últimas consecuencias. @delfinagomeza @FiscaliaEdomex Que se haga ruido. Que no se archive. Que no quede impune. Porque si hoy es “Lobito”, mañana puede ser cualquier otro. #JusticiaParaLobito #MaltratoAnimalEsDelito #NoALaImpunidad Info via: @FernandoCruzFr7",0,0,0,0,0,naucalpan since:2026-02-01 until:2026-02-15,False,
,2026-02-01_al_2026-02-15_Twitter,@LaGuardiaMX,2026-02-14T21:35:55.000Z,2026-02-14T21:35:55+00:00,https://x.com/LaGuardiaMX/status/2022786908145738000,"#Entérate Cerca de las 13:54 horas de este 14 de febrero, se reportó un sismo de magnitud 2.3 en Naucalpan de Juárez, #EDOMEX. #LaGuardiaMX",0,0,0,0,0,naucalpan since:2026-02-01 until:2026-02-15,False,
,2026-02-01_al_2026-02-15_Twitter,@TACHOUHONER,2026-02-14T21:29:29.000Z,2026-02-14T21:29:29+00:00,https://x.com/TACHOUHONER/status/2022785292122341624,SHAKA.CNV — REC / CONVERT | De la Teoría a la Práctica: Aplicando las Contribuciones de McIntosh en un Caso Real #Honer #HaroldVMcIntosh #TACHOUHONER #Naucalpan Naucalpan — #ESE,0,0,0,0,0,naucalpan since:2026-02-01 until:2026-02-15,False,
,2026-02-01_al_2026-02-15_Twitter,@JyKswinger,2026-02-14T20:55:10.000Z,2026-02-14T20:55:10+00:00,https://x.com/JyKswinger/status/2022776655769489620,Hola nosotros de naucalpan,0,0,0,0,0,naucalpan since:2026-02-01 until:2026-02-15,False,
,2026-02-01_al_2026-02-15_Twitter,@gustavogzzv,2026-02-14T20:51:57.000Z,2026-02-14T20:51:57+00:00,https://x.com/gustavogzzv/status/2022775843454390323,"En Naucalpan es multa estacionarse en línea amarilla, pero resulta que todo Naucalpan tiene línea amarilla",0,0,0,0,0,naucalpan since:2026-02-01 until:2026-02-15,False,
,2026-02-01_al_2026-02-15_Twitter,@XEVATabasco,2026-02-14T20:48:51.000Z,2026-02-14T20:48:51+00:00,https://x.com/XEVATabasco/status/2022775065163538466,"Microsismo sorprende a Naucalpan, Edoméx; no se activó la alerta sísmica https://xeva.com.mx/nacional/281167/microsismo-sorprende-a-naucalpan-edomex-no-se-activo-la-alerta-sismica?aut=tweet&dig=1921673744… #Nacional",0,0,0,0,0,naucalpan since:2026-02-01 until:2026-02-15,False,
,2026-02-01_al_2026-02-15_Twitter,@laprensaoem,2026-02-14T20:41:28.000Z,2026-02-14T20:41:28+00:00,https://x.com/laprensaoem/status/2022773206533173697,"El Servicio Sismológico Nacional reportó un sismo de magnitud 2.3 este 14 de febrero a las 13:54 horas, con epicentro en Naucalpan de Juárez, Estado de México, y a solo 1 km de profundidad, lo que lo clasifica como superficial. https://oem.com.mx/la-prensa/metropoli/se-registra-sismo-de-magnitud-2-3-en-naucalpan-28431623…",0,0,0,0,0,naucalpan since:2026-02-01 until:2026-02-15,False,
,2026-02-01_al_2026-02-15_Twitter,@nmasforo,2026-02-14T20:46:24.000Z,2026-02-14T20:46:24+00:00,https://x.com/nmasforo/status/2022774446424219817,"Esta tarde se registró un microseísmo de magnitud 2.3 en Naucalpan de Juárez, Estado de México, con profundidad de 1 km; hasta el momento no se reportan daños ni personas lesionadas. #LasNoticiasDeFORO con @juliosilvadc | #nmásforo | #SiempreEnVivo | #SiempreContigo | Sigue la señal en vivo por http://nmas.com.mx/foro-tv",0,0,0,0,0,naucalpan since:2026-02-01 until:2026-02-15,False,
,2026-02-01_al_2026-02-15_Twitter,@i_alaniis,2026-02-14T20:41:55.000Z,2026-02-14T20:41:55+00:00,https://x.com/i_alaniis/status/2022773319896822149,¿En qué parte de Naucalpan sintieron el microsismo? Cuéntenme para ir a entrevistarlos y me narren lo que pasó,0,0,0,0,0,naucalpan since:2026-02-01 until:2026-02-15,False,
,2026-02-01_al_2026-02-15_Twitter,@Amigos,2026-02-14T20:40:29.000Z,2026-02-14T20:40:29+00:00,https://x.com/Satelite_Amigos/status/2022772959966843219,"Los tránsito de #naucalpan haciendo de las suyas, estacionarse en lugar prohibido y tapando las cebras peatonales. Well done",0,0,0,0,0,naucalpan since:2026-02-01 until:2026-02-15,False,
,2026-02-01_al_2026-02-15_Twitter,@AbejorroMedia,2026-02-14T20:34:58.000Z,2026-02-14T20:34:58+00:00,https://x.com/AbejorroMedia/status/2022771572646330485,"#Sismo este 14 de febrero a las 13:54 horas, de magnitud 2.3, con epicentro en Naucalpan de Juárez. De acuerdo con los primeros reportes, el movimiento fue percibido de manera ligera en algunas zonas del norte de la CDMX, particularmente en las alcaldías Miguel Hidalgo y Azcapotzalco. Hasta el momento no se reportan daños ni personas lesionadas; autoridades mantienen monitoreo en la zona. Info: @kaosanwar Imágenes: redes sociales",0,0,0,0,0,naucalpan since:2026-02-01 until:2026-02-15,False,
,2026-02-01_al_2026-02-15_Twitter,@AlMaXx8017,2026-02-14T20:34:11.000Z,2026-02-14T20:34:11+00:00,https://x.com/AlMaXx8017/status/2022771375144833320,"Pese que recientemente han ocurrido frecuentes series sísmicas en #Naucalpan (ej. Feb-Sep 2024; Mar-Jun 2025), es tectónicamente natural y cíclico que se den este tipo de episodios; no todos culminan en evento grande. El último más grande evento en el ára fue un M3.1 en 2010. /4",0,0,0,0,0,naucalpan since:2026-02-01 until:2026-02-15,False,
,2026-02-01_al_2026-02-15_Twitter,@SociedadN_,2026-02-14T20:34:00.000Z,2026-02-14T20:34:00+00:00,https://x.com/SociedadN_/status/2022771326709305622,"El @SismologicoMX reportó sismo magnitud 2.3 en Naucalpan de Juárez a las 13:54 horas, con epicentro superficial de 1 km; vecinos percibieron #fuerte sacudida en zona centro. #PeriodismoParaTi #SociedadNoticias",0,0,0,0,0,naucalpan since:2026-02-01 until:2026-02-15,False,
,2026-02-01_al_2026-02-15_Twitter,@elheraldoedomex,2026-02-14T20:32:39.000Z,2026-02-14T20:32:39+00:00,https://x.com/elheraldoedomex/status/2022770990120358110,"#ÚltimaHora | Temblor sorprende a habitantes de Naucalpan este sábado, estas son las zonas afectadas https://tinyurl.com/yc5z3sb3",0,0,0,0,0,naucalpan since:2026-02-01 until:2026-02-15,False,
,2026-02-01_al_2026-02-15_Twitter,@nmas,2026-02-14T20:27:32.000Z,2026-02-14T20:27:32+00:00,https://x.com/nmas/status/2022769698715140568,"La tarde de este 14 de febrero se registró un sismo en Naucalpan de Juárez, Estado de México, sin que se reportaran daños a la infraestructura ni personas lesionadas.",0,0,0,0,0,naucalpan since:2026-02-01 until:2026-02-15,False,
,2026-02-01_al_2026-02-15_Twitter,@DigitalPluralIA,2026-02-14T20:27:23.000Z,2026-02-14T20:27:23+00:00,https://x.com/DigitalPluralIA/status/2022769661935313102,Microsismo en Naucalpan Alerta a Habitantes · #DigitalPlural #InformaciónLibre ·,0,0,0,0,0,naucalpan since:2026-02-01 until:2026-02-15,False,
,2026-02-01_al_2026-02-15_Twitter,@JossAyanami,2026-02-14T20:27:06.000Z,2026-02-14T20:27:06+00:00,https://x.com/JossAyanami/status/2022769592704061841,"Registro en mi estación ubicada al norte de la CDMX con el #microsismo magnitud 2.3 (SSN) localizado en Naucalpan, Estado de México. 14-02-26T13:54:18",0,0,0,0,0,naucalpan since:2026-02-01 until:2026-02-15,False,
,2026-02-01_al_2026-02-15_Twitter,@PublimetroMX,2026-02-14T20:24:28.000Z,2026-02-14T20:24:28+00:00,https://x.com/PublimetroMX/status/2022768929618206904,¿SENTISTE EL #SISMO? Un temblor con epicentro en #Naucalpan sorprendió a la #CDMX y #Edomex hace unos momentos,0,0,0,0,0,naucalpan since:2026-02-01 until:2026-02-15,False,
,2026-02-01_al_2026-02-15_Twitter,@webcamsdemexico,2026-02-14T20:23:55.000Z,2026-02-14T20:23:55+00:00,https://x.com/webcamsdemexico/status/2022768790136565807,"#Naucalpan #EdoMex. ¿Lo sintieron? El @SismologicoMX reporta #Sismo #Magnitud 2.3 Loc. Naucalpan de Juárez, México 14/02/26 13:54:18 Lat 19.46 Lon -99.23 Pf 1 km",0,0,0,0,0,naucalpan since:2026-02-01 until:2026-02-15,False,
,2026-02-01_al_2026-02-15_Twitter,@adnnoticiasmx,2026-02-14T20:23:31.000Z,2026-02-14T20:23:31+00:00,https://x.com/adnnoticiasmx/status/2022768690542813617,"#AlertaADN Ocurrió un microsismo magnitud 2.3 con epicentro en Naucalpan SISMO Magnitud 2.3 Loc. NAUCALPAN DE JUAREZ, MEXICO 14/02/26 13:54:18 Lat 19.46 Lon -99.23 Pf 1 km",0,0,0,0,0,naucalpan since:2026-02-01 until:2026-02-15,False,
,2026-02-01_al_2026-02-15_Twitter,@Rigober40495081,2026-02-14T20:22:34.000Z,2026-02-14T20:22:34+00:00,https://x.com/Rigober40495081/status/2022768452495380811,"En más de 60 años que tengo viviendo en la zona de Naucalpan, jamás de se había presentado esto. Por eso digo que hay que prepararse para lo que se viene. Algo se está acomodando en el subsuelo profundo de la Cuenca de Mexico para encontrar una salida viable... SISMO Magnitud 2.3 Loc. NAUCALPAN DE JUAREZ, MEXICO 14/02/26 13:54:18 Lat 19.46 Lon -99.23 Pf 1 km",0,0,0,0,0,naucalpan since:2026-02-01 until:2026-02-15,False,
,2026-02-01_al_2026-02-15_Twitter,@elheraldoedomex,2026-02-14T20:21:16.000Z,2026-02-14T20:21:16+00:00,https://x.com/elheraldoedomex/status/2022768124387283310,#ÚltimaHora | Microsismo sacude Naucalpan este sábado 14 de febrero ¿lo percibiste? https://estadodemexico.heraldodemexico.com.mx/municipios/2026/2/14/lo-sentiste-microsismo-sorprende-naucalpan-hoy-sabado-14-de-febrero-9235.html…,0,0,0,0,0,naucalpan since:2026-02-01 until:2026-02-15,False,
,2026-02-01_al_2026-02-15_Twitter,@Ay_chiquitita,2026-02-14T20:21:02.000Z,2026-02-14T20:21:02+00:00,https://x.com/Ay_chiquitita/status/2022768065994166468,"Inga tu roña, ya que deje de temblar en Naucalpan #AlMomento | Microsismo magnitud 2.3 sacude Naucalpan, Edomex https://milenio.com/comunidad/microsismo-en-naucalpan-edomex-hoy-14-febrero-2026…",0,0,0,0,0,naucalpan since:2026-02-01 until:2026-02-15,False,
,2026-02-01_al_2026-02-15_Twitter,@Ale07_Arciniega,2026-02-14T20:20:31.000Z,2026-02-14T20:20:31+00:00,https://x.com/Ale07_Arciniega/status/2022767935865991678,"Hace unos momentos se registró un micros1sm0 en #Naucalpan, de momento no se reporta alguna afectación Difundido con fines informativos.",0,0,0,0,0,naucalpan since:2026-02-01 until:2026-02-15,False,
,2026-02-01_al_2026-02-15_Twitter,@elheraldoedomex,2026-02-14T20:19:19.000Z,2026-02-14T20:19:19+00:00,https://x.com/elheraldoedomex/status/2022767633917977040,#ÚltimaHora | ¿Lo sentiste? Microsismo sorprende a Naucalpan hoy sábado 14 de febrero,0,0,0,0,0,naucalpan since:2026-02-01 until:2026-02-15,False,
,2026-02-01_al_2026-02-15_Twitter,@MeiTweet,2026-02-14T20:15:48.000Z,2026-02-14T20:15:48+00:00,https://x.com/MeiTweet/status/2022766745677643811,"Ándale, así se sintió pero fuertídimo, como un jalón. Y sí fue microsismo, según reporte del sismógrafo nacional. Fue epicentro aquí en Naucalpan.",0,0,0,0,0,naucalpan since:2026-02-01 until:2026-02-15,False,
,2026-02-01_al_2026-02-15_Twitter,@Nadinepink,2026-02-14T20:13:40.000Z,2026-02-14T20:13:40+00:00,https://x.com/Nadinepink/status/2022766210090205670,CDMX Marcos. Leo aquí en X qué también en Naucalpan. Se sienten peor que los temblores...,0,0,0,0,0,naucalpan since:2026-02-01 until:2026-02-15,False,
,2026-02-01_al_2026-02-15_Twitter,@cdmx_diario,2026-02-14T20:13:13.000Z,2026-02-14T20:13:13+00:00,https://x.com/cdmx_diario/status/2022766098261618761,"Micro #sismo en Naucalpan #Edomex A las 13:54 se registró un sismo de magnitud 2.3 con epicentro en Naucalpan, EdoMex. Debido a su baja profundidad, pudo percibirse de forma intensa pero breve en la zona epicentral. Imagen de nuestro sismógrafo ubicado en MH, CDMX, detectando el sismo. #sismo #temblo",0,0,0,0,0,naucalpan since:2026-02-01 until:2026-02-15,False,
,2026-02-01_al_2026-02-15_Twitter,@Milenio,2026-02-14T20:12:53.000Z,2026-02-14T20:12:53+00:00,https://x.com/Milenio/status/2022766012790165902,"#AlMomento | Microsismo magnitud 2.3 sacude Naucalpan, Edomex",0,0,0,0,0,naucalpan since:2026-02-01 until:2026-02-15,False,
,2026-02-01_al_2026-02-15_Twitter,@AlMaXx8017,2026-02-14T20:12:27.000Z,2026-02-14T20:12:27+00:00,https://x.com/AlMaXx8017/status/2022765902677131378,"Vale. Por su muy baja magnitud de energía es considerado como un #microsismo, originado dentro del municipio de #Naucalpan, #EDOMEX. Las características del evento (superficialidad), es considerado un evento cortical, en la 'piel' de la placa continental Norteamericana. /1",0,0,0,0,0,naucalpan since:2026-02-01 until:2026-02-15,False,
,2026-02-01_al_2026-02-15_Twitter,@MeiTweet,2026-02-14T20:11:33.000Z,2026-02-14T20:11:33+00:00,https://x.com/MeiTweet/status/2022765678558576775,"Real, microsismo aquí en mi rancho Satélite, epicentro en Naucalpan. Se jaloneó horrible la casa así yolo, de la nada. :(",0,0,0,0,0,naucalpan since:2026-02-01 until:2026-02-15,False,
,2026-02-01_al_2026-02-15_Twitter,@RealidadNaucal2,2026-02-14T20:10:56.000Z,2026-02-14T20:10:56+00:00,https://x.com/RealidadNaucal2/status/2022765521209262530,"SSN REPORTA: #SISMO Magnitud: 2.3 Región epicentral: #NAUCALPAN DE JUAREZ, MEXICO Fecha y hora: 2026-02-14, 13:54:18 (tiempo del Centro de México) Latitud y longitud: 19.468º, -99.234º Profundidad: 1.0 km",0,0,0,0,0,naucalpan since:2026-02-01 until:2026-02-15,False,
,2026-02-01_al_2026-02-15_Twitter,@Sismoalertamex,2026-02-14T20:10:36.000Z,2026-02-14T20:10:36+00:00,https://x.com/Sismoalertamex/status/2022765439093215429,"A las 13:54 se registró un sismo de magnitud 2.3 con epicentro en Naucalpan, EdoMex. Debido a su baja profundidad, pudo percibirse de forma intensa pero breve en la zona epicentral. Imagen de nuestro sismógrafo ubicado en MH, CDMX, detectando el sismo. #sismo #temblo",0,0,0,0,0,naucalpan since:2026-02-01 until:2026-02-15,False,
,2026-02-01_al_2026-02-15_Twitter,@paguilart,2026-02-14T20:09:37.000Z,2026-02-14T20:09:37+00:00,https://x.com/paguilart/status/2022765191495123175,#Confirmado #microsismo de aproximadamente 2.3 en #Naucalpan con una profundidad de apenas 1 km. Por eso el jalón Epicentro (aproximado) por la zona de San Esteban,0,0,0,0,0,naucalpan since:2026-02-01 until:2026-02-15,False,
,2026-02-01_al_2026-02-15_Twitter,@SSNMexico,2026-02-14T20:07:03.000Z,2026-02-14T20:07:03+00:00,https://x.com/SSNMexico/status/2022764545153077343,"SISMO Magnitud 2.3 Loc. NAUCALPAN DE JUAREZ, MEXICO 14/02/26 13:54:18 Lat 19.46 Lon -99.23 Pf 1 km",0,0,0,0,0,naucalpan since:2026-02-01 until:2026-02-15,False,
,2026-02-01_al_2026-02-15_Twitter,@SismologicoMX,2026-02-14T20:07:02.000Z,2026-02-14T20:07:02+00:00,https://x.com/SismologicoMX/status/2022764539922780581,"SISMO Magnitud 2.3 Loc. NAUCALPAN DE JUAREZ, MEXICO 14/02/26 13:54:18 Lat 19.46 Lon -99.23 Pf 1 km",5,44,182,0,0,naucalpan since:2026-02-01 until:2026-02-15,False,
,2026-02-01_al_2026-02-15_Twitter,@rachelar3iv1,2026-02-14T20:06:08.000Z,2026-02-14T20:06:08+00:00,https://x.com/rachelar3iv1/status/2022764316672311779,#microtemblor percibido en Naucalpan,0,0,0,0,0,naucalpan since:2026-02-01 until:2026-02-15,False,
,2026-02-01_al_2026-02-15_Twitter,@qtnet,2026-02-14T20:05:45.000Z,2026-02-14T20:05:45+00:00,https://x.com/qtnet/status/2022764220236873833,Tembló muy fuerte y breve en Naucalpan. @lopezdoriga @lumendoz @LeonardoCurzio @nmas @ImagenTVMex @AztecaNoticias,0,0,0,0,0,naucalpan since:2026-02-01 until:2026-02-15,False,
,2026-02-01_al_2026-02-15_Twitter,@AlMaXx8017,2026-02-14T20:05:01.000Z,2026-02-14T20:05:01+00:00,https://x.com/AlMaXx8017/status/2022764032411799857,"Un #microsismo #temblor se originó al interior o zona conurbada de #Naucalpan, #EDOMEX a las 13:54HRS [14.02.2026] y sentido en áreas más próximas al epicentro (incluido algunas colonias de la #CDMX). Magnitud estimada M2.0 ~ 2.2 Registro en estación Ciudad Universitaria UNAM.",0,0,0,0,0,naucalpan since:2026-02-01 until:2026-02-15,False,
,2026-02-01_al_2026-02-15_Twitter,@ferherrerap,2026-02-14T20:04:54.000Z,2026-02-14T20:04:54+00:00,https://x.com/ferherrerap/status/2022764005408776318,"Se siente #microsismo en Naucalpan, específicamente en Santa Cruz Acatlán",0,0,0,0,0,naucalpan since:2026-02-01 until:2026-02-15,False,
,2026-02-01_al_2026-02-15_Twitter,@HoolaEnfermera,2026-02-14T20:04:01.000Z,2026-02-14T20:04:01+00:00,https://x.com/HoolaEnfermera/status/2022763783039434921,Microsismo (o algo) en Azcapotzalco y parte de Naucalpan hace unos 5min,0,0,0,0,0,naucalpan since:2026-02-01 until:2026-02-15,False,
,2026-02-01_al_2026-02-15_Twitter,@paguilart,2026-02-14T20:03:10.000Z,2026-02-14T20:03:10+00:00,https://x.com/paguilart/status/2022763568710529352,#Microsismo perceptible en #Naucalpan Algo más que lo habitual,0,0,0,0,0,naucalpan since:2026-02-01 until:2026-02-15,False,
,2026-02-01_al_2026-02-15_Twitter,@Ricardo4377023,2026-02-14T20:03:01.000Z,2026-02-14T20:03:01+00:00,https://x.com/Ricardo4377023/status/2022763530571649287,Luego varia una vez queria ir de Atizapán a Naucalpan me querían cobran 500 los del didi en base me cobraron 250...,0,0,0,0,0,naucalpan since:2026-02-01 until:2026-02-15,False,
,2026-02-01_al_2026-02-15_Twitter,@Seismological,2026-02-14T20:02:16.000Z,2026-02-14T20:02:16+00:00,https://x.com/Seismological/status/2022763342276812822,Todos entrando a X (Twitter) para saber si fue #Sismo #Temblor #MicroSismo #SismoLocal en #Naucalpan #EdoMéx #México,0,0,0,0,0,naucalpan since:2026-02-01 until:2026-02-15,False,
,2026-02-01_al_2026-02-15_Twitter,@qtnet,2026-02-14T20:01:43.000Z,2026-02-14T20:01:43+00:00,https://x.com/qtnet/status/2022763204842008656,@SSNMexico Tembló fuerte y breve en Naucalpan.,0,0,0,0,0,naucalpan since:2026-02-01 until:2026-02-15,False,
,2026-02-01_al_2026-02-15_Twitter,@DioneHimura,2026-02-14T20:01:35.000Z,2026-02-14T20:01:35+00:00,https://x.com/DioneHimura/status/2022763169685397610,"Se sintió microsismo por el Toreo, específicamente entre la Miguel Hidalgo y Naucalpan de Juárez. Hasta tronó el edificio #sismo #Naucalpan #MiguelHidalgo",0,0,0,0,0,naucalpan since:2026-02-01 until:2026-02-15,False,
,2026-02-01_al_2026-02-15_Twitter,@aventucran,2026-02-14T20:00:48.000Z,2026-02-14T20:00:48+00:00,https://x.com/aventucran/status/2022762971944853599,"Se sintió en Zona de Naucalpan, duro poco, pero se simtio fuerte",0,0,0,0,0,naucalpan since:2026-02-01 until:2026-02-15,False,
,2026-02-01_al_2026-02-15_Twitter,@Bus72810,2026-02-14T20:00:35.000Z,2026-02-14T20:00:35+00:00,https://x.com/Bus72810/status/2022762919562297676,¡Fuerte temblor de golpe en Naucalpan! @CIUDAD_SATELITE @SoyNaucalpan.,0,2,5,0,0,naucalpan since:2026-02-01 until:2026-02-15,False,
,2026-02-01_al_2026-02-15_Twitter,@romyerda,2026-02-14T20:00:26.000Z,2026-02-14T20:00:26+00:00,https://x.com/romyerda/status/2022762878499967229,"qué pedo con los temblores en #naucalpan ???? alv, este chiquero Vaa desaparecer",0,0,0,0,0,naucalpan since:2026-02-01 until:2026-02-15,False,
,2026-02-01_al_2026-02-15_Twitter,@Pedro_RVillegas,2026-02-14T23:39:47.000Z,2026-02-14T23:39:47+00:00,https://x.com/Pedro_RVillegas/status/2022818083132334171,Mi reconocimiento y agradecimiento al Heroico Cuerpo de Bomberos de Atizapán por su oportuna y valiente intervención para controlar el incendio en el Cerro de la Biznaga.,0,0,0,0,0,reply_to:https://x.com/Pedro_RVillegas/status/2022818085221138806,True,https://x.com/Pedro_RVillegas/status/2022818085221138806
,2026-02-01_al_2026-02-15_Twitter,@Pedro_RVillegas,2026-02-14T23:39:48.000Z,2026-02-14T23:39:48+00:00,https://x.com/Pedro_RVillegas/status/2022818087611814232,"Sigamos siendo responsables. No tiremos basura, no arrojemos colillas y cuidemos nuestras áreas naturales. Proteger nuestros cerros y bosques es tarea de todas y todos. #SigamosCreciendo",0,0,0,0,0,reply_to:https://x.com/Pedro_RVillegas/status/2022818085221138806,True,https://x.com/Pedro_RVillegas/status/2022818085221138806
,2026-02-01_al_2026-02-15_Twitter,@martinez_r88054,2026-02-15T00:33:03.000Z,2026-02-15T00:33:03+00:00,https://x.com/martinez_r88054/status/2022831486521540616,Gran trabajo,0,0,0,0,0,reply_to:https://x.com/Pedro_RVillegas/status/2022818085221138806,True,https://x.com/Pedro_RVillegas/status/2022818085221138806
,2026-02-01_al_2026-02-15_Twitter,@ADRIAN00436613,2026-02-15T22:05:30.000Z,2026-02-15T22:05:30+00:00,https://x.com/ADRIAN00436613/status/2023156744004796776,Excelente apoyo y trabajo en equipo,0,0,0,0,0,reply_to:https://x.com/Pedro_RVillegas/status/2022818085221138806,True,https://x.com/Pedro_RVillegas/status/2022818085221138806
,2026-02-01_al_2026-02-15_Twitter,@Heriber2510,2026-02-15T03:27:23.000Z,2026-02-15T03:27:23+00:00,https://x.com/Heriber2510/status/2022875359738319205,Excelente,0,0,0,0,0,reply_to:https://x.com/Pedro_RVillegas/status/2022818085221138806,True,https://x.com/Pedro_RVillegas/status/2022818085221138806
,2026-02-01_al_2026-02-15_Twitter,@Julian8Moreno,2026-02-15T23:32:43.000Z,2026-02-15T23:32:43+00:00,https://x.com/Julian8Moreno/status/2023178690134434076,Excelente,0,0,0,0,0,reply_to:https://x.com/Pedro_RVillegas/status/2022818085221138806,True,https://x.com/Pedro_RVillegas/status/2022818085221138806
,2026-02-01_al_2026-02-15_Twitter,@Ivanhdz9476501,2026-02-15T21:58:11.000Z,2026-02-15T21:58:11+00:00,https://x.com/Ivanhdz9476501/status/2023154899991822768,Siempre dándolo todo,0,0,0,0,0,reply_to:https://x.com/Pedro_RVillegas/status/2022818085221138806,True,https://x.com/Pedro_RVillegas/status/2022818085221138806
,2026-02-01_al_2026-02-15_Twitter,@MarthaR51804854,2026-02-15T18:59:19.000Z,2026-02-15T18:59:19+00:00,https://x.com/MarthaR51804854/status/2023109888356839490,Excelente trabajo gracias,0,0,0,0,0,reply_to:https://x.com/Pedro_RVillegas/status/2022818085221138806,True,https://x.com/Pedro_RVillegas/status/2022818085221138806
,2026-02-01_al_2026-02-15_Twitter,@Vicente11406541,2026-02-15T18:57:17.000Z,2026-02-15T18:57:17+00:00,https://x.com/Vicente11406541/status/2023109376983413198,Excelente,0,0,0,0,0,reply_to:https://x.com/Pedro_RVillegas/status/2022818085221138806,True,https://x.com/Pedro_RVillegas/status/2022818085221138806
,2026-02-01_al_2026-02-15_Twitter,@CesarA12351,2026-02-15T17:44:10.000Z,2026-02-15T17:44:10+00:00,https://x.com/CesarA12351/status/2023090976252895663,Exelente,0,0,0,0,0,reply_to:https://x.com/Pedro_RVillegas/status/2022818085221138806,True,https://x.com/Pedro_RVillegas/status/2022818085221138806
,2026-02-01_al_2026-02-15_Twitter,@Rouss_921,2026-02-15T03:56:13.000Z,2026-02-15T03:56:13+00:00,https://x.com/Rouss_921/status/2022882616484003954,Gran trabajo,0,0,0,0,0,reply_to:https://x.com/Pedro_RVillegas/status/2022818085221138806,True,https://x.com/Pedro_RVillegas/status/2022818085221138806
,2026-02-01_al_2026-02-15_Twitter,@Liliahdz1202,2026-02-15T03:18:01.000Z,2026-02-15T03:18:01+00:00,https://x.com/Liliahdz1202/status/2022873001528549603,Gracias a todos,0,0,0,0,0,reply_to:https://x.com/Pedro_RVillegas/status/2022818085221138806,True,https://x.com/Pedro_RVillegas/status/2022818085221138806
,2026-02-01_al_2026-02-15_Twitter,@Adrianalop_e,2026-02-15T02:01:41.000Z,2026-02-15T02:01:41+00:00,https://x.com/Adrianalop_e/status/2022853793721774250,Excelente,0,0,0,0,0,reply_to:https://x.com/Pedro_RVillegas/status/2022818085221138806,True,https://x.com/Pedro_RVillegas/status/2022818085221138806
,2026-02-01_al_2026-02-15_Twitter,@SanchezIng62944,2026-02-15T00:08:14.000Z,2026-02-15T00:08:14+00:00,https://x.com/SanchezIng62944/status/2022825243321004462,Excelente trabajo,0,0,0,0,0,reply_to:https://x.com/Pedro_RVillegas/status/2022818085221138806,True,https://x.com/Pedro_RVillegas/status/2022818085221138806
,2026-02-01_al_2026-02-15_Twitter,@alberto_max,2026-02-15T03:55:00.000Z,2026-02-15T03:55:00+00:00,https://x.com/alberto_max/status/2022882307624046608,Excelente,0,0,0,0,0,reply_to:https://x.com/Pedro_RVillegas/status/2022818085221138806,True,https://x.com/Pedro_RVillegas/status/2022818085221138806
,2026-02-01_al_2026-02-15_Twitter,@Elomore65,2026-02-15T22:04:51.000Z,2026-02-15T22:04:51+00:00,https://x.com/Elomore65/status/2023156580955656695,Excelente,0,0,0,0,0,reply_to:https://x.com/Pedro_RVillegas/status/2022818085221138806,True,https://x.com/Pedro_RVillegas/status/2022818085221138806
,2026-02-01_al_2026-02-15_Twitter,@ElenaLopez90296,2026-02-15T22:11:57.000Z,2026-02-15T22:11:57+00:00,https://x.com/ElenaLopez90296/status/2023158367322263834,Gran trabajo,0,0,0,0,0,reply_to:https://x.com/Pedro_RVillegas/status/2022818085221138806,True,https://x.com/Pedro_RVillegas/status/2022818085221138806
,2026-02-01_al_2026-02-15_Twitter,@DaniET97,2026-02-15T05:59:46.000Z,2026-02-15T05:59:46+00:00,https://x.com/DaniET97/status/2022913708012495040,"Excelente, el trabajo en conjunto ayuda a brindar mejores resultados",0,0,0,0,0,reply_to:https://x.com/Pedro_RVillegas/status/2022818085221138806,True,https://x.com/Pedro_RVillegas/status/2022818085221138806
,2026-02-01_al_2026-02-15_Twitter,@Guadalupe89lu,2026-02-15T18:40:23.000Z,2026-02-15T18:40:23+00:00,https://x.com/Guadalupe89lu/status/2023105121929007379,,0,0,0,0,0,reply_to:https://x.com/Pedro_RVillegas/status/2022818085221138806,True,https://x.com/Pedro_RVillegas/status/2022818085221138806
,2026-02-01_al_2026-02-15_Twitter,@c839d0188820425,2026-02-15T16:14:27.000Z,2026-02-15T16:14:27+00:00,https://x.com/c839d0188820425/status/2023068396917792875,Muy bien,0,0,0,0,0,reply_to:https://x.com/Pedro_RVillegas/status/2022818085221138806,True,https://x.com/Pedro_RVillegas/status/2022818085221138806
,2026-02-01_al_2026-02-15_Twitter,@CLAUDIAEO85,2026-02-15T04:32:05.000Z,2026-02-15T04:32:05+00:00,https://x.com/CLAUDIAEO85/status/2022891639983734856,Buen trabajo en equipo,0,0,0,0,0,reply_to:https://x.com/Pedro_RVillegas/status/2022818085221138806,True,https://x.com/Pedro_RVillegas/status/2022818085221138806
,2026-02-01_al_2026-02-15_Twitter,@Richardbaez888,2026-02-15T17:14:53.000Z,2026-02-15T17:14:53+00:00,https://x.com/Richardbaez888/status/2023083604918915460,Excelente trabajo,0,0,0,0,0,reply_to:https://x.com/Pedro_RVillegas/status/2022818085221138806,True,https://x.com/Pedro_RVillegas/status/2022818085221138806
,2026-02-01_al_2026-02-15_Twitter,@EspitiaRoss,2026-02-15T04:32:42.000Z,2026-02-15T04:32:42+00:00,https://x.com/EspitiaRoss/status/2022891797920297177,Excelente!!!,0,0,0,0,0,reply_to:https://x.com/Pedro_RVillegas/status/2022818085221138806,True,https://x.com/Pedro_RVillegas/status/2022818085221138806
,2026-02-01_al_2026-02-15_Twitter,@MarleneMen97738,2026-02-15T18:48:12.000Z,2026-02-15T18:48:12+00:00,https://x.com/MarleneMen97738/status/2023107090026492398,Gracias por la intervencion inmediata,0,0,0,0,0,reply_to:https://x.com/Pedro_RVillegas/status/2022818085221138806,True,https://x.com/Pedro_RVillegas/status/2022818085221138806
,2026-02-01_al_2026-02-15_Twitter,@DanielaFC12,2026-02-14T16:44:33.000Z,2026-02-14T16:44:33+00:00,,"No lo puedo creer!! Ojalá que no, que se haga justicia #Naucalpan @GobCDMX @MundoPatitas @FundacionToby HOY PODRÍA QUEDAR EN LIBERTAD ANTHONY “N” AGRESOR DE “LOBITO” esta tarde se llevará acabo la audiencia de vinculación a proceso en su contra. su defensa presentará el amparo que ordena la suspensión, además buscará una medida alterna de solución de conflicto por lo que",0,0,0,0,0,reply_to:https://x.com/DanielaFC12/status/2022816667554677155,True,https://x.com/DanielaFC12/status/2022816667554677155
,2026-02-01_al_2026-02-15_Twitter,@Aire_CDMX,2026-02-14T23:25:47.000Z,2026-02-14T23:25:47+00:00,https://x.com/Aire_CDMX/status/2022814559145226242,"Recomendaciones: Grupo Sensibles No realices actividades al aire libre, acude al médico si presentan síntomas respiratorios o cardíacos. El resto de la población Evita las actividades físicas moderadas y vigorosas al aire libre.",0,0,0,0,0,reply_to:https://x.com/Aire_CDMX/status/2022814555621970093,True,https://x.com/Aire_CDMX/status/2022814555621970093
,2026-02-01_al_2026-02-15_Twitter,@Aire_CDMX,2026-02-14T23:25:48.000Z,2026-02-14T23:25:48+00:00,https://x.com/Aire_CDMX/status/2022814561347239939,#CalidadDelAire MALA: en el resto de la #CDMX y zona conurbada Recomendaciones: Grupo Sensibles: evitar actividades físicas tanto moderadas como vigorosas al aire libre Resto de la población: reducir actividades físicas vigorosas al aire libre. #SIMAT_CDMX,0,0,0,0,0,reply_to:https://x.com/Aire_CDMX/status/2022814555621970093,True,https://x.com/Aire_CDMX/status/2022814555621970093
,2026-02-01_al_2026-02-15_Twitter,@AallaannMateos,2026-02-14T23:27:16.000Z,2026-02-14T23:27:16+00:00,https://x.com/AallaannMateos/status/2022814933499449443,Yo papi,0,0,0,0,0,reply_to:https://x.com/SoyAlessandraaa/status/2022811045811638780,True,https://x.com/SoyAlessandraaa/status/2022811045811638780
,2026-02-01_al_2026-02-15_Twitter,@jplvyfpml,2026-02-14T23:33:13.000Z,2026-02-14T23:33:13+00:00,https://x.com/jplvyfpml/status/2022816430308147639,Ok. Enterado.,0,0,0,0,0,reply_to:https://x.com/UnoNoticias/status/2022804459714216284,True,https://x.com/UnoNoticias/status/2022804459714216284
,2026-02-01_al_2026-02-15_Twitter,@RaulGtzNR,2026-02-14T13:30:54.000Z,2026-02-14T13:30:54+00:00,https://x.com/RaulGtzNR/status/2022664851869569244,"Es la vida real y no una película, recuerda que todo acto tiene consecuencias",88,394,8170,0,0,reply_to:https://x.com/birdboyr/status/2022804401757335869,True,https://x.com/birdboyr/status/2022804401757335869
,2026-02-01_al_2026-02-15_Twitter,@MeiTweet,2026-02-14T20:07:02.000Z,2026-02-14T20:07:02+00:00,https://x.com/MeiTweet/status/2022764542669815865,¿Qué fue esa sacudida?,0,0,0,0,0,reply_to:https://x.com/MeiTweet/status/2022799589842284973,True,https://x.com/MeiTweet/status/2022799589842284973
,2026-02-01_al_2026-02-15_Twitter,@The_Dr_House,2026-02-14T20:13:24.000Z,2026-02-14T20:13:24+00:00,https://x.com/The_Dr_House/status/2022766142427709885,Un camión muy pesado?,0,0,0,0,0,reply_to:https://x.com/MeiTweet/status/2022799589842284973,True,https://x.com/MeiTweet/status/2022799589842284973
,2026-02-01_al_2026-02-15_Twitter,@i_alaniis,2026-02-14T20:27:24.000Z,2026-02-14T20:27:24+00:00,https://x.com/i_alaniis/status/2022769664913199449,En qué zona se sintió?,0,0,0,0,0,reply_to:https://x.com/MeiTweet/status/2022799589842284973,True,https://x.com/MeiTweet/status/2022799589842284973
,2026-02-01_al_2026-02-15_Twitter,@Aire_CDMX,2026-02-14T22:23:46.000Z,2026-02-14T22:23:46+00:00,https://x.com/Aire_CDMX/status/2022798952983126195,"Recomendaciones: Grupo Sensibles No realices actividades al aire libre, acude al médico si presentan síntomas respiratorios o cardíacos. El resto de la población Evita las actividades físicas moderadas y vigorosas al aire libre.",0,0,0,0,0,reply_to:https://x.com/Aire_CDMX/status/2022798951099888102,True,https://x.com/Aire_CDMX/status/2022798951099888102
,2026-02-01_al_2026-02-15_Twitter,@Aire_CDMX,2026-02-14T22:23:47.000Z,2026-02-14T22:23:47+00:00,https://x.com/Aire_CDMX/status/2022798955227099574,#CalidadDelAire MALA: en el resto de la #CDMX y zona conurbada Recomendaciones: Grupo Sensibles: evitar actividades físicas tanto moderadas como vigorosas al aire libre Resto de la población: reducir actividades físicas vigorosas al aire libre. #SIMAT_CDMX,0,0,0,0,0,reply_to:https://x.com/Aire_CDMX/status/2022798951099888102,True,https://x.com/Aire_CDMX/status/2022798951099888102
,2026-02-01_al_2026-02-15_Twitter,@azucenau,2026-02-14T21:48:20.000Z,2026-02-14T21:48:20+00:00,https://x.com/azucenau/status/2022790036324786297,Se mantiene la contingencia ambiental Fase I por ozono en la Zona Metropolitana del Valle de México. La Comisión Ambiental de la Megalópolis informó que continúan las medidas para reducir la exposición al aire contaminado y disminuir emisiones. Autoridades ambientales de CDMX y Edomex informarán sobre la evolución de la calidad del aire en un nuevo boletín a las 20:00 horas.,0,0,0,0,0,reply_to:https://x.com/rommel_conde/status/2022795792767934509,True,https://x.com/rommel_conde/status/2022795792767934509
,2026-02-01_al_2026-02-15_Twitter,@hernes66,2026-02-15T14:45:32.000Z,2026-02-15T14:45:32+00:00,https://x.com/hernes66/status/2023046023166534067,dm,0,0,0,0,0,reply_to:https://x.com/cr130516/status/2022793073093214456,True,https://x.com/cr130516/status/2022793073093214456
,2026-02-01_al_2026-02-15_Twitter,@Shaoilin666,2026-02-15T03:31:05.000Z,2026-02-15T03:31:05+00:00,https://x.com/Shaoilin666/status/2022876290584567940,Por tanta cochadera hicieron temblar el edomex,0,0,0,0,0,reply_to:https://x.com/El_Universal_Mx/status/2022780286535160287,True,https://x.com/El_Universal_Mx/status/2022780286535160287
,2026-02-01_al_2026-02-15_Twitter,@jplvyfpml,2026-02-14T23:27:18.000Z,2026-02-14T23:27:18+00:00,https://x.com/jplvyfpml/status/2022814939564409157,Ok. Enterado.,0,0,0,0,0,reply_to:https://x.com/El_Universal_Mx/status/2022780286535160287,True,https://x.com/El_Universal_Mx/status/2022780286535160287
,2026-02-01_al_2026-02-15_Twitter,@Albymer1,2026-02-14T03:27:04.000Z,2026-02-14T03:27:04+00:00,https://x.com/Albymer1/status/2022512892369862991,Hola buenas noches algún plan hoy somos pareja alguna chica sola o pareja para intercambio,3,1,11,0,0,reply_to:https://x.com/JyKswinger/status/2022776655769489620,True,https://x.com/JyKswinger/status/2022776655769489620
,2026-02-01_al_2026-02-15_Twitter,@Amigos,2026-02-14T22:07:11.000Z,2026-02-14T22:07:11+00:00,https://x.com/Satelite_Amigos/status/2022794777326940521,Hasta los cajones de estacionamiento.,0,0,0,0,0,reply_to:https://x.com/gustavogzzv/status/2022775843454390323,True,https://x.com/gustavogzzv/status/2022775843454390323
,2026-02-01_al_2026-02-15_Twitter,@Jesus_RamirezMe,2026-02-14T20:46:14.000Z,2026-02-14T20:46:14+00:00,https://x.com/Jesus_RamirezMe/status/2022774405495947453,En la colonia Santiago Ahuizotla de Azcapotzalco,0,0,0,0,0,reply_to:https://x.com/i_alaniis/status/2022773319896822149,True,https://x.com/i_alaniis/status/2022773319896822149
,2026-02-01_al_2026-02-15_Twitter,@diegovaldiviez5,2026-02-15T00:07:45.000Z,2026-02-15T00:07:45+00:00,https://x.com/diegovaldiviez5/status/2022825120327217650,"Lomas de San Agustín , vivo en un tercer piso y el edificio vibró muy fuerte.",0,0,0,0,0,reply_to:https://x.com/i_alaniis/status/2022773319896822149,True,https://x.com/i_alaniis/status/2022773319896822149
,2026-02-01_al_2026-02-15_Twitter,@jlpa1977,2026-02-14T22:29:49.000Z,2026-02-14T22:29:49+00:00,https://x.com/jlpa1977/status/2022800475125338378,Cerca de la cruz roja,0,0,0,0,0,reply_to:https://x.com/i_alaniis/status/2022773319896822149,True,https://x.com/i_alaniis/status/2022773319896822149
,2026-02-01_al_2026-02-15_Twitter,@TatianaTats28,2026-02-14T20:44:14.000Z,2026-02-14T20:44:14+00:00,https://x.com/TatianaTats28/status/2022773901735174294,En el molinito,0,0,0,0,0,reply_to:https://x.com/i_alaniis/status/2022773319896822149,True,https://x.com/i_alaniis/status/2022773319896822149
,2026-02-01_al_2026-02-15_Twitter,@GutierrezI3878,2026-02-15T01:23:13.000Z,2026-02-15T01:23:13+00:00,https://x.com/GutierrezI3878/status/2022844111204635073,En Tlalnepantla yo sentí como mariado,0,0,0,0,0,reply_to:https://x.com/i_alaniis/status/2022773319896822149,True,https://x.com/i_alaniis/status/2022773319896822149
,2026-02-01_al_2026-02-15_Twitter,@WagenMx,2026-02-14T23:30:12.000Z,2026-02-14T23:30:12+00:00,https://x.com/WagenMx/status/2022815670086328620,Molinito,0,0,0,0,0,reply_to:https://x.com/i_alaniis/status/2022773319896822149,True,https://x.com/i_alaniis/status/2022773319896822149
,2026-02-01_al_2026-02-15_Twitter,@ar35_o,2026-02-15T02:24:43.000Z,2026-02-15T02:24:43+00:00,https://x.com/ar35_o/status/2022859590077915447,"@i_alaniis hola, te invito a que hagas una visita y entrevista a muchísimas personas de #Azcapotzalco #Naucalpan que estan pasando por una situacion terrible por la construcción del macrolibramiento que quedará arriba de sus casas, en verdad es una barbaridad lo que van a hacer.",0,0,0,0,0,reply_to:https://x.com/i_alaniis/status/2022773319896822149,True,https://x.com/i_alaniis/status/2022773319896822149
,2026-02-01_al_2026-02-15_Twitter,@Lirevil2,2026-02-14T20:49:49.000Z,2026-02-14T20:49:49+00:00,https://x.com/Lirevil2/status/2022775309469192352,Estos si pueden hacer lo que quieran,0,0,0,0,0,reply_to:https://x.com/Satelite_Amigos/status/2022772959966843219,True,https://x.com/Satelite_Amigos/status/2022772959966843219
,2026-02-01_al_2026-02-15_Twitter,@OAvisor,2026-02-15T16:57:26.000Z,2026-02-15T16:57:26+00:00,https://x.com/OAvisor/status/2023079215235838034,"Así son los nacos, con perdón de los nacos.",0,0,0,0,0,reply_to:https://x.com/Satelite_Amigos/status/2022772959966843219,True,https://x.com/Satelite_Amigos/status/2022772959966843219
,2026-02-01_al_2026-02-15_Twitter,@AlMaXx8017,2026-02-14T20:21:17.000Z,2026-02-14T20:21:17+00:00,https://x.com/AlMaXx8017/status/2022768128896164163,"Ésto se debió por ajustes periódicos y pequeños de tensión que se acumulan gradualmente en la planicie del poniente del Valle de México, la cual asentada al piedemonte de la Sierra de las Cruces; estructuralmente tiene cortes (fallas) que recorren de SW-NE. /2",0,0,0,0,0,reply_to:https://x.com/AlMaXx8017/status/2022771375144833320,True,https://x.com/AlMaXx8017/status/2022771375144833320
,2026-02-01_al_2026-02-15_Twitter,@AlMaXx8017,2026-02-14T20:25:45.000Z,2026-02-14T20:25:45+00:00,https://x.com/AlMaXx8017/status/2022769253569409369,"Recordemos que el Valle de México se encuentra en la 'columna vertebral' del Eje Neovolcánico, cuya corteza está sujeta a un régimen de deformación es extensional ; formando esos valles - sierras escalonadas de paisaje (millones de años) y sismicidad superficial. /3",0,0,0,0,0,reply_to:https://x.com/AlMaXx8017/status/2022771375144833320,True,https://x.com/AlMaXx8017/status/2022771375144833320
,2026-02-01_al_2026-02-15_Twitter,@AlMaXx8017,2026-02-14T20:38:30.000Z,2026-02-14T20:38:30+00:00,https://x.com/AlMaXx8017/status/2022772461301813583,"Si eres de lo que percibiste el sismo inicialmente con un 'estruendo' y latigazo de movimiento, es una característica experiencia de percibir un sismo local. En cuanto al ruido, se asocia a cuando la onda sísmica Primaria accede a tu oído a frecuencias de >20Hz (audible). /5",0,0,0,0,0,reply_to:https://x.com/AlMaXx8017/status/2022771375144833320,True,https://x.com/AlMaXx8017/status/2022771375144833320
,2026-02-01_al_2026-02-15_Twitter,@JossAyanami,2026-02-14T20:33:05.000Z,2026-02-14T20:33:05+00:00,https://x.com/JossAyanami/status/2022771097402237031,El primer sismo detectado por el sensor,0,0,0,0,0,reply_to:https://x.com/JossAyanami/status/2022769592704061841,True,https://x.com/JossAyanami/status/2022769592704061841
,2026-02-01_al_2026-02-15_Twitter,@SpainQuakes,2026-02-15T13:47:16.000Z,2026-02-15T13:47:16+00:00,https://x.com/SpainQuakes/status/2023031357610639666,SLOP!!!!!!!!!!!!!!!!!!!!!!!!!!!!!!!!!,0,0,0,0,0,reply_to:https://x.com/JossAyanami/status/2022769592704061841,True,https://x.com/JossAyanami/status/2022769592704061841
,2026-02-01_al_2026-02-15_Twitter,@wen818235,2026-02-14T23:42:08.000Z,2026-02-14T23:42:08+00:00,https://x.com/wen818235/status/2022818674139177359,Poquito en Lomas de Sotelo,0,0,0,0,0,reply_to:https://x.com/webcamsdemexico/status/2022768790136565807,True,https://x.com/webcamsdemexico/status/2022768790136565807
,2026-02-01_al_2026-02-15_Twitter,@adnnoticiasmx,2026-02-14T20:07:02.000Z,2026-02-14T20:07:02+00:00,,"#AlertaADN Ocurrió un microsismo magnitud 2.3 con epicentro en Naucalpan SISMO Magnitud 2.3 Loc. NAUCALPAN DE JUAREZ, MEXICO 14/02/26 13:54:18 Lat 19.46 Lon -99.23 Pf 1 km",0,1,3,0,0,reply_to:https://x.com/adnnoticiasmx/status/2022768690542813617,True,https://x.com/adnnoticiasmx/status/2022768690542813617
,2026-02-01_al_2026-02-15_Twitter,@Rigober40495081,2026-02-14T20:07:03.000Z,2026-02-14T20:07:03+00:00,,"En más de 60 años que tengo viviendo en la zona de Naucalpan, jamás de se había presentado esto. Por eso digo que hay que prepararse para lo que se viene. Algo se está acomodando en el subsuelo profundo de la Cuenca de Mexico para encontrar una salida viable... SISMO Magnitud 2.3 Loc. NAUCALPAN DE JUAREZ, MEXICO 14/02/26 13:54:18 Lat 19.46 Lon -99.23 Pf 1 km",0,0,1,0,0,reply_to:https://x.com/Rigober40495081/status/2022768452495380811,True,https://x.com/Rigober40495081/status/2022768452495380811
,2026-02-01_al_2026-02-15_Twitter,@Ay_chiquitita,2026-02-14T20:12:53.000Z,2026-02-14T20:12:53+00:00,,"Inga tu roña, ya que deje de temblar en Naucalpan #AlMomento | Microsismo magnitud 2.3 sacude Naucalpan, Edomex https://milenio.com/comunidad/microsismo-en-naucalpan-edomex-hoy-14-febrero-2026…",0,0,0,0,0,reply_to:https://x.com/Ay_chiquitita/status/2022768065994166468,True,https://x.com/Ay_chiquitita/status/2022768065994166468
,2026-02-01_al_2026-02-15_Twitter,@Nadinepink,2026-02-14T20:01:41.000Z,2026-02-14T20:01:41+00:00,https://x.com/Nadinepink/status/2022763193055982000,Estuvo horrible el microsismo...,0,0,0,0,0,reply_to:https://x.com/Nadinepink/status/2022766210090205670,True,https://x.com/Nadinepink/status/2022766210090205670
,2026-02-01_al_2026-02-15_Twitter,@marcar2080,2026-02-14T20:03:45.000Z,2026-02-14T20:03:45+00:00,https://x.com/marcar2080/status/2022763713925697872,Donde tembló señorita,0,0,0,0,0,reply_to:https://x.com/Nadinepink/status/2022766210090205670,True,https://x.com/Nadinepink/status/2022766210090205670
,2026-02-01_al_2026-02-15_Twitter,@marcar2080,2026-02-14T20:16:51.000Z,2026-02-14T20:16:51+00:00,https://x.com/marcar2080/status/2022767011009315048,"Ahhh ya se porque lo sintieron más ustedes en la Ciudad de México, raro pero ya esta temblando ahí en la Ciudad de México y eso lo sienten fuerte por el tipo de suelo, cuídate mucho y espero y haya sido nomas el susto Nadine",0,0,0,0,0,reply_to:https://x.com/Nadinepink/status/2022766210090205670,True,https://x.com/Nadinepink/status/2022766210090205670
,2026-02-01_al_2026-02-15_Twitter,@cdmx_diario,2026-02-14T20:10:36.000Z,2026-02-14T20:10:36+00:00,,"Micro #sismo en Naucalpan #Edomex A las 13:54 se registró un sismo de magnitud 2.3 con epicentro en Naucalpan, EdoMex. Debido a su baja profundidad, pudo percibirse de forma intensa pero breve en la zona epicentral. Imagen de nuestro sismógrafo ubicado en MH, CDMX, detectando el sismo. #sismo #temblo",0,0,1,0,0,reply_to:https://x.com/cdmx_diario/status/2022766098261618761,True,https://x.com/cdmx_diario/status/2022766098261618761
,2026-02-01_al_2026-02-15_Twitter,@chivabetty_,2026-02-14T20:31:31.000Z,2026-02-14T20:31:31+00:00,https://x.com/chivabetty_/status/2022770702663758007,Se sintió horrrrrrribleeeee,0,0,0,0,0,reply_to:https://x.com/AlMaXx8017/status/2022765902677131378,True,https://x.com/AlMaXx8017/status/2022765902677131378
,2026-02-01_al_2026-02-15_Twitter,@LuisDOV1,2026-02-14T20:37:37.000Z,2026-02-14T20:37:37+00:00,https://x.com/LuisDOV1/status/2022772237921632461,Si se sintió fuerte el jalón :(,0,0,0,0,0,reply_to:https://x.com/MeiTweet/status/2022765678558576775,True,https://x.com/MeiTweet/status/2022765678558576775
,2026-02-01_al_2026-02-15_Twitter,@Caramonelblanco,2026-02-14T20:32:28.000Z,2026-02-14T20:32:28+00:00,https://x.com/Caramonelblanco/status/2022770941642539352,Con extremo cuidado. Que no pase del susto.,0,0,0,0,0,reply_to:https://x.com/MeiTweet/status/2022765678558576775,True,https://x.com/MeiTweet/status/2022765678558576775
,2026-02-01_al_2026-02-15_Twitter,@lizzysalazarcm1,2026-02-14T20:13:56.000Z,2026-02-14T20:13:56+00:00,https://x.com/lizzysalazarcm1/status/2022766278851629068,"Sí se sintió fuerte, pero breve",0,0,0,0,0,reply_to:https://x.com/Sismoalertamex/status/2022765439093215429,True,https://x.com/Sismoalertamex/status/2022765439093215429
,2026-02-01_al_2026-02-15_Twitter,@DavidForascry,2026-02-15T01:45:02.000Z,2026-02-15T01:45:02+00:00,https://x.com/DavidForascry/status/2022849602186080585,"Así es, estuvo fuerte pero muy rápido",0,0,0,0,0,reply_to:https://x.com/Sismoalertamex/status/2022765439093215429,True,https://x.com/Sismoalertamex/status/2022765439093215429
,2026-02-01_al_2026-02-15_Twitter,@Olofaust,2026-02-15T11:45:37.000Z,2026-02-15T11:45:37+00:00,https://x.com/Olofaust/status/2023000743998091733,"A mí me acaba de llegar la notificación a la 5:40 am de hoy 15/02/26, como que ya para que, ya hasta hicieron más bolillos para las tortas del lunes, en fin cosas de un pésimo sistema de optimización de la app o la cuenta",0,0,0,0,0,reply_to:https://x.com/SSNMexico/status/2022764545153077343,True,https://x.com/SSNMexico/status/2022764545153077343
,2026-02-01_al_2026-02-15_Twitter,@FerBK5,2026-02-14T20:09:40.000Z,2026-02-14T20:09:40+00:00,https://x.com/FerBK5/status/2022765203696369810,Si se sintió zona poniente cdmx,0,0,0,0,0,reply_to:https://x.com/SSNMexico/status/2022764545153077343,True,https://x.com/SSNMexico/status/2022764545153077343
,2026-02-01_al_2026-02-15_Twitter,@julianhh338372,2026-02-14T20:14:38.000Z,2026-02-14T20:14:38+00:00,https://x.com/julianhh338372/status/2022766453905113279,Podrían explicar un poco más sobre el por que se están ocurriendo con mayor frecuencia este tipo de micro sismos en Naucalpan.,0,0,0,0,0,reply_to:https://x.com/SismologicoMX/status/2022764539922780581,True,https://x.com/SismologicoMX/status/2022764539922780581
,2026-02-01_al_2026-02-15_Twitter,@wen818235,2026-02-14T21:34:06.000Z,2026-02-14T21:34:06+00:00,https://x.com/wen818235/status/2022786453047038092,Pensé que estaba loca porque tardó en aparecer información. Se sintió muy leve en Lomas de Sotelo.,0,0,0,0,0,reply_to:https://x.com/SismologicoMX/status/2022764539922780581,True,https://x.com/SismologicoMX/status/2022764539922780581
,2026-02-01_al_2026-02-15_Twitter,@14M19_20,2026-02-14T22:33:03.000Z,2026-02-14T22:33:03+00:00,https://x.com/14M19_20/status/2022801289155883253,Dicen que se sintió una vibración y sacudida fuerte en la zona cercana al epicentro,0,0,0,0,0,reply_to:https://x.com/SismologicoMX/status/2022764539922780581,True,https://x.com/SismologicoMX/status/2022764539922780581
,2026-02-01_al_2026-02-15_Twitter,@DiegoTello35673,2026-02-15T18:50:33.000Z,2026-02-15T18:50:33+00:00,https://x.com/DiegoTello35673/status/2023107681255674054,Se sintió donde vivo feisimo deberían poner ameritaron alerta sismica,1,0,0,0,0,reply_to:https://x.com/SismologicoMX/status/2022764539922780581,True,https://x.com/SismologicoMX/status/2022764539922780581
,2026-02-01_al_2026-02-15_Twitter,@Brendaestrad_23,2026-02-14T20:08:31.000Z,2026-02-14T20:08:31+00:00,https://x.com/Brendaestrad_23/status/2022764915925078406,Horrible 2 segundos,0,0,0,0,0,reply_to:https://x.com/qtnet/status/2022764220236873833,True,https://x.com/qtnet/status/2022764220236873833
,2026-02-01_al_2026-02-15_Twitter,@alinagissel,2026-02-15T14:37:49.000Z,2026-02-15T14:37:49+00:00,https://x.com/alinagissel/status/2023044080092193046,¿Registras los #microsismo ? Porque han sucedido varios a lo largo de la noche y reciente 8:30 am aprox.,0,0,0,0,0,reply_to:https://x.com/AlMaXx8017/status/2022764032411799857,True,https://x.com/AlMaXx8017/status/2022764032411799857
,2026-02-01_al_2026-02-15_Twitter,@AlMaXx8017,2026-02-15T18:40:02.000Z,2026-02-15T18:40:02+00:00,https://x.com/AlMaXx8017/status/2023105036314964455,Únicamente accedo a los registros en sismógrafos activos en Naucalpan. Tengo identificadas en los sismogramas al menos 6 microsismos oscilcando entre M1.2 y M2.3; no se pueden descartar que hayan ocurrido más pero de aún menor magnitud y difícil de poder calcular su epicentro.,0,0,0,0,0,reply_to:https://x.com/AlMaXx8017/status/2022764032411799857,True,https://x.com/AlMaXx8017/status/2022764032411799857
,2026-02-01_al_2026-02-15_Twitter,@SismologicoMX,2026-02-14T16:16:01.000Z,2026-02-14T16:16:01+00:00,https://x.com/SismologicoMX/status/2022706403539066966,"SISMO Magnitud 3.0 Loc. 20 km al SUROESTE de PICHUCALCO, CHIS 14/02/26 09:46:42 Lat 17.36 Lon -93.22 Pf 2 km",0,0,0,0,0,reply_to:https://x.com/HoolaEnfermera/status/2022763783039434921,True,https://x.com/HoolaEnfermera/status/2022763783039434921
,2026-02-01_al_2026-02-15_Twitter,@BrenyAbrazame,2026-02-14T15:12:13.000Z,2026-02-14T15:12:13+00:00,https://x.com/BrenyAbrazame/status/2022690347038724530,"Ayer saliendo del teatro a las 11 pm, todo mundo pidiendo Uber en frente de los taxistas, y yo como estoy bien wey, sentí feo por ellos y decidí tomar un taxi para que nos cobrara $205 por 2.3 km Hijos de la vrg",163,399,24330,0,0,reply_to:https://x.com/Ricardo4377023/status/2022763530571649287,True,https://x.com/Ricardo4377023/status/2022763530571649287
,2026-02-01_al_2026-02-15_Twitter,@RaulGtzNR,2026-02-14T19:59:30.000Z,2026-02-14T19:59:30+00:00,https://x.com/RaulGtzNR/status/2022762647498707088,Reportan sismo en la zona norte de la CDMX,0,0,0,0,0,reply_to:https://x.com/aventucran/status/2022762971944853599,True,https://x.com/aventucran/status/2022762971944853599
,2026-02-01_al_2026-02-15_Twitter,@GilSandova1333,2026-02-14T20:00:57.000Z,2026-02-14T20:00:57+00:00,https://x.com/GilSandova1333/status/2022763011157434750,Jajajaja,0,0,0,0,0,reply_to:https://x.com/romyerda/status/2022762878499967229,True,https://x.com/romyerda/status/2022762878499967229
,2026-02-01_al_2026-02-15_Twitter,@revista_pendulo,2026-02-13T03:35:27.000Z,2026-02-13T03:35:27+00:00,https://x.com/revista_pendulo/status/2022152611559018731,Tras un operativo coordinado elementos de la Guardia Municipal de Naucalpan detienen a un presunto agresor del perro “Lobito” https://pendulonline.com.mx/tras-un-operativo-coordinado-elementos-de-la-guardia-municipal-de-naucalpan-detienen-a-un-presunto-agresor-del-perro-lobito/… #lobito.#naucalpan,0,0,0,0,0,"""guardia municipal de naucalpan"" since:2026-02-01 until:2026-02-15",False,
,2026-02-01_al_2026-02-15_Twitter,@acontecerprensa,2026-02-13T00:08:07.000Z,2026-02-13T00:08:07+00:00,https://x.com/acontecerprensa/status/2022100437005177323,"Detiene a Probable Agresor de ""Lobito la Guardia Municipal de #Naucalpan • En cateo detienen a familia por el Delito de Maltrato Animal contra un perrito tipo Pit bull… Ver más",0,0,0,0,0,"""guardia municipal de naucalpan"" since:2026-02-01 until:2026-02-15",False,
,2026-02-01_al_2026-02-15_Twitter,@RadioZapote,2026-02-05T21:31:36.000Z,2026-02-05T21:31:36+00:00,https://x.com/RadioZapote/status/2019524332289159289,"#EDOMEX #Represión 5 de febrero 14:00 hrs. *Previo a un evento político cultural por la libertad del compañero preso político Arturo Lugo “Sheveck” , estudiantes de la UNAM son hostigados por la Guardia Municipal de Naucalpan, EdoMex*",0,0,0,0,0,"""guardia municipal de naucalpan"" since:2026-02-01 until:2026-02-15",False,
,2026-02-01_al_2026-02-15_Twitter,@RadioZapote,2026-02-05T20:33:28.000Z,2026-02-05T20:33:28+00:00,https://x.com/RadioZapote/status/2019509701147521128,"#Alerta Previo a evento cultural por la libertad del compa preso político Arturo Shevek de la @UNAM_MX, a realizarse en @FES_ACATLAN, Guardia Municipal de Naucalpan @PoliciaNau de @PartidoMorenaMx graba y amenaza a estudiantes para intentar amedrentarlos. @delfinagomeza @GobNau",0,0,0,0,0,"""guardia municipal de naucalpan"" since:2026-02-01 until:2026-02-15",False,
