video_id,comment_id,author,comment_text,published_at,like_count,query,video_title,channel_title,video_published_at,fecha_extraccion
O_SYk_o1gPQ,UgxYNCNAOyfS5GnIhAB4AaABAg,@victorianoacostalira7631,2027😊,2026-05-28T06:40:45Z,0,presidente municipal de naucalpan,Comerciales mexicanos: PRI-PVEM 2003 2,ric rdz alva,2026-05-27T21:13:33Z,2026-05-28 11:36:40
ZclQohgHVAQ,Ugw8FzmXiZRLG6XDUkh4AaABAg,@IsraelMZ-q9q,Proyectos a corto mediano y largo plazo para sus estados,2026-05-28T17:21:57Z,0,presidente municipal de naucalpan,"Operativo Enjambre destapa presunta red criminal en alcaldías, Morelos; poder político bajo sospecha",UnoTV,2026-05-22T01:00:06Z,2026-05-28 11:36:40
ZclQohgHVAQ,UgwW76zvsbvo5W4yTg14AaABAg,@IsraelMZ-q9q,Si invirtieran uf cuanto dinero de todos modos si no lo hacen ustedes lo van hacer otros no somos indispensables,2026-05-28T17:17:38Z,0,presidente municipal de naucalpan,"Operativo Enjambre destapa presunta red criminal en alcaldías, Morelos; poder político bajo sospecha",UnoTV,2026-05-22T01:00:06Z,2026-05-28 11:36:40
ZclQohgHVAQ,UgyYU6t8vYIYeDj0i0N4AaABAg,@IsraelMZ-q9q,Si invirtieran uf cuanto dinero,2026-05-28T17:15:10Z,0,presidente municipal de naucalpan,"Operativo Enjambre destapa presunta red criminal en alcaldías, Morelos; poder político bajo sospecha",UnoTV,2026-05-22T01:00:06Z,2026-05-28 11:36:40
ZclQohgHVAQ,Ugw8X5XbreRBTUqIgUB4AaABAg,@IsraelMZ-q9q,Cuántos extranjeros en Morelos dejando muchísimo dinero y funcionarios brincando de puesto,2026-05-28T17:06:02Z,0,presidente municipal de naucalpan,"Operativo Enjambre destapa presunta red criminal en alcaldías, Morelos; poder político bajo sospecha",UnoTV,2026-05-22T01:00:06Z,2026-05-28 11:36:40
ZclQohgHVAQ,UgysKDYlhYHcGPk08AV4AaABAg,@IsraelMZ-q9q,Pensar que Morelos es un paraíso hasta para extranjeros,2026-05-28T17:00:29Z,0,presidente municipal de naucalpan,"Operativo Enjambre destapa presunta red criminal en alcaldías, Morelos; poder político bajo sospecha",UnoTV,2026-05-22T01:00:06Z,2026-05-28 11:36:40
ZclQohgHVAQ,Ugw2QpZ3eanh6_UhVHd4AaABAg,@IsraelMZ-q9q,Que jaladero a nivel mundial,2026-05-28T16:55:56Z,0,presidente municipal de naucalpan,"Operativo Enjambre destapa presunta red criminal en alcaldías, Morelos; poder político bajo sospecha",UnoTV,2026-05-22T01:00:06Z,2026-05-28 11:36:40
ZclQohgHVAQ,Ugycc23URwDkORVizDR4AaABAg,@felicitasgonzalez5627,"Denuncia para que nos escuchen Cuautla ha estado muy olvidado, analizar a las personas que sé van a quedar con los cargos y si actúan mal los encarcelen y les quiten todo lo que se han robado, y se lo den de sueldo y aumento a los guardias que realmente trabajan. honestamente",2026-05-28T16:55:24Z,0,presidente municipal de naucalpan,"Operativo Enjambre destapa presunta red criminal en alcaldías, Morelos; poder político bajo sospecha",UnoTV,2026-05-22T01:00:06Z,2026-05-28 11:36:40
ZclQohgHVAQ,Ugw3IZLT6ovUbqNjt7l4AaABAg,@IsraelMZ-q9q,Que jaladero,2026-05-28T16:52:52Z,0,presidente municipal de naucalpan,"Operativo Enjambre destapa presunta red criminal en alcaldías, Morelos; poder político bajo sospecha",UnoTV,2026-05-22T01:00:06Z,2026-05-28 11:36:40
ZclQohgHVAQ,UgyWgN9SYN3DvHstzhZ4AaABAg,@JoséalbertoSilva-l4v,"Me pregunto porque no van contra los delincuentes que manejan a los presidentes municipales, ustedes creen que los los presidentes van a hablar y lo no lo van a hacer por miedo",2026-05-28T16:24:43Z,0,presidente municipal de naucalpan,"Operativo Enjambre destapa presunta red criminal en alcaldías, Morelos; poder político bajo sospecha",UnoTV,2026-05-22T01:00:06Z,2026-05-28 11:36:40
ZclQohgHVAQ,UgycNvGfKEV2Nxc_DsJ4AaABAg,@Jorgechavezsalcedo,Esto es lo que pasa cuando no se mochan !,2026-05-28T11:44:20Z,0,presidente municipal de naucalpan,"Operativo Enjambre destapa presunta red criminal en alcaldías, Morelos; poder político bajo sospecha",UnoTV,2026-05-22T01:00:06Z,2026-05-28 11:36:40
ZclQohgHVAQ,Ugyo_v8DicCcensmIEd4AaABAg,@lauracastaneda5056,NO VEAS TV AZTECA,2026-05-28T05:21:08Z,0,presidente municipal de naucalpan,"Operativo Enjambre destapa presunta red criminal en alcaldías, Morelos; poder político bajo sospecha",UnoTV,2026-05-22T01:00:06Z,2026-05-28 11:36:40
ZclQohgHVAQ,UgwVEd5ZIfpsCJvLCaR4AaABAg,@OmarRuiz-c3p,Saludos desde San Diego California soy de Cuernavaca,2026-05-28T03:52:18Z,0,presidente municipal de naucalpan,"Operativo Enjambre destapa presunta red criminal en alcaldías, Morelos; poder político bajo sospecha",UnoTV,2026-05-22T01:00:06Z,2026-05-28 11:36:40
ZclQohgHVAQ,UgzBTDSEdMrVa6W37yF4AaABAg,@FernandoFarrera-yk7le,Pienso que es por mantener la crisis y la pobreza,2026-05-28T00:51:37Z,0,presidente municipal de naucalpan,"Operativo Enjambre destapa presunta red criminal en alcaldías, Morelos; poder político bajo sospecha",UnoTV,2026-05-22T01:00:06Z,2026-05-28 11:36:40
ZclQohgHVAQ,UgzOxprlL1mRoPDHzSt4AaABAg,@FernandoFarrera-yk7le,Ya basta de mentiras y corrupción y proteger a gentes vulnerables ligadas a los carteles,2026-05-28T00:50:21Z,0,presidente municipal de naucalpan,"Operativo Enjambre destapa presunta red criminal en alcaldías, Morelos; poder político bajo sospecha",UnoTV,2026-05-22T01:00:06Z,2026-05-28 11:36:40
ZclQohgHVAQ,UgwF3jbU_zdjWWYwXzR4AaABAg,@josebarajas9962,Si se quiere acabar con todo esto pues la lacra está fuera de control debe de existir ya la pena de muerte para desa cer la corrupción desde los de cuello blanco,2026-05-28T00:36:50Z,0,presidente municipal de naucalpan,"Operativo Enjambre destapa presunta red criminal en alcaldías, Morelos; poder político bajo sospecha",UnoTV,2026-05-22T01:00:06Z,2026-05-28 11:36:40
ZclQohgHVAQ,UgyGpJLCiq2BA9MMVj14AaABAg,@danielduenez1305,Cuando<br>Estaban<br>Los<br> Ex <br>Dies Presidentes <br>No desiannada<br>Ahora<br>Para<br>Que se<br>Quejan<br>Si<br>Lo<br>Sacerdotes<br>También<br>Son<br>Prianistas,2026-05-28T00:28:37Z,0,presidente municipal de naucalpan,"Operativo Enjambre destapa presunta red criminal en alcaldías, Morelos; poder político bajo sospecha",UnoTV,2026-05-22T01:00:06Z,2026-05-28 11:36:40
ZclQohgHVAQ,Ugw2ChNcwAbIg8e-NmB4AaABAg,@danielduenez1305,Ahora si están   llorando<br>Sacerdotes<br>Huleros<br><br>Por que no<br>Disen<br> Que<br>Los<br>Sacerdotes<br>También<br>Son<br>Unos<br>Cabrones y<br>Rateros<br>Por una<br>Misa de un<br>Difunto<br>Quieren<br>Mi quinientos <br>Pesos<br><br>Siendo<br>Que<br>Ahí nombran  para<br>Muchos difuntos<br>Ala<br>Misma bes<br><br>Sacerdotes<br>Huleros,2026-05-28T00:26:47Z,0,presidente municipal de naucalpan,"Operativo Enjambre destapa presunta red criminal en alcaldías, Morelos; poder político bajo sospecha",UnoTV,2026-05-22T01:00:06Z,2026-05-28 11:36:40
ZclQohgHVAQ,Ugzn8EMVkFUSt5AlSSt4AaABAg,@ignaciozamora9850,Buen análisis...<br>Pero es la muestra de la situación del país completo...,2026-05-27T23:25:13Z,0,presidente municipal de naucalpan,"Operativo Enjambre destapa presunta red criminal en alcaldías, Morelos; poder político bajo sospecha",UnoTV,2026-05-22T01:00:06Z,2026-05-28 11:36:40
ZclQohgHVAQ,UgzCNCmDS0ATfpbDFRl4AaABAg,@GaboQRTLKS,Los anteriores gobiernos dejaron un cochineri😢 en toda nación mexicana nuestro nvo gobierno fuerzas armadas exponiendo su vida Dios los proteja y ayude bendiciones,2026-05-27T22:37:56Z,0,presidente municipal de naucalpan,"Operativo Enjambre destapa presunta red criminal en alcaldías, Morelos; poder político bajo sospecha",UnoTV,2026-05-22T01:00:06Z,2026-05-28 11:36:40
ZclQohgHVAQ,UgyyItMIcAwRCwzsdbZ4AaABAg,@SantiagoGarcia-j4l,Morelos ya es un estado sin ley no existe ningún tipo de seguridad es un estado corrompido todos los involucrados son las mismas autoridades en coalición con delincuentes trabajando con ellos ahí ya no hay justicia eso lo sabemos todos los morelenses,2026-05-27T21:56:31Z,0,presidente municipal de naucalpan,"Operativo Enjambre destapa presunta red criminal en alcaldías, Morelos; poder político bajo sospecha",UnoTV,2026-05-22T01:00:06Z,2026-05-28 11:36:40
ZclQohgHVAQ,UgxWpwcwNwM8qOXj4Px4AaABAg,@oraciorodriguez4686,"muchos, muchos son los malos gobernantes, pero la verdad, quien los elige? nosotros, los ciudadanos, por que hacen lo que hacen? por que no queremos involucrarnos, por que no exigimos, vean los comentarios, agarrenlos, metanlos a la carcel, hagan algo y cuando vamos a hacer algo nosotros mismos",2026-05-27T15:07:43Z,0,presidente municipal de naucalpan,"Operativo Enjambre destapa presunta red criminal en alcaldías, Morelos; poder político bajo sospecha",UnoTV,2026-05-22T01:00:06Z,2026-05-28 11:36:40
ZclQohgHVAQ,UgwEXqE86ruxpNJDXI14AaABAg,@lucianevarez7883,Por lo menos En Morena Castigan a los que delinquen aunque sean del partido lo contrario del proan.,2026-05-27T14:21:18Z,0,presidente municipal de naucalpan,"Operativo Enjambre destapa presunta red criminal en alcaldías, Morelos; poder político bajo sospecha",UnoTV,2026-05-22T01:00:06Z,2026-05-28 11:36:40
ZclQohgHVAQ,Ugy1g7oMI7ijwyEbaA14AaABAg,@estrella3333,"NO SE OLVIDEN DE PUENTE DE IXTLA, TILZAPOTLA, TEHUIXTLA😢😢😢",2026-05-27T12:33:38Z,0,presidente municipal de naucalpan,"Operativo Enjambre destapa presunta red criminal en alcaldías, Morelos; poder político bajo sospecha",UnoTV,2026-05-22T01:00:06Z,2026-05-28 11:36:40
ZclQohgHVAQ,UgxxXiGvUKUCAToaSzl4AaABAg,@BrindisC85,"Esto es generalizado en todo el país pasa  ,todos son lobos de la misma loma,chiapas es un estado fallido,la delincuentes están adentro de la administración, tapachula chiapas hay un alcalde payaso corruptos. Los levantones están a la orden del dia,aquí nos engañaron con las cámaras de vigilancia,las que hay son  cámaras de la delincuencia,dicho por las mismas autoridades.",2026-05-27T12:12:50Z,0,presidente municipal de naucalpan,"Operativo Enjambre destapa presunta red criminal en alcaldías, Morelos; poder político bajo sospecha",UnoTV,2026-05-22T01:00:06Z,2026-05-28 11:36:40
ZclQohgHVAQ,UgyymI5zwQRS2ND8KK94AaABAg,@chana-k2d,Señor  bhel pueblo se llama     ATLATLAUCAN,2026-05-27T04:05:16Z,0,presidente municipal de naucalpan,"Operativo Enjambre destapa presunta red criminal en alcaldías, Morelos; poder político bajo sospecha",UnoTV,2026-05-22T01:00:06Z,2026-05-28 11:36:40
ZclQohgHVAQ,UgwYVHjUpybWJewSwDN4AaABAg,@chana-k2d,Y en Guerrero  Ben tierra caliente. Así igual surten los malandros..  y  todos las cosas   llevan el logotipo de una fresa y. Cómo rrevisan los carros ke van  x ejem   la carretera ke va de Toluca.   La ke entra x Arcelia..  y si llevan cosas  de abarrotes o lo ke sea ke ayan comprado en tiendas y si no llevan el logotipo se los kitan,2026-05-27T04:04:31Z,0,presidente municipal de naucalpan,"Operativo Enjambre destapa presunta red criminal en alcaldías, Morelos; poder político bajo sospecha",UnoTV,2026-05-22T01:00:06Z,2026-05-28 11:36:40
ZclQohgHVAQ,UgxR-u-EaDfIdFgOUgJ4AaABAg,@UmbralBienesRaíces,"Saben perfecto que dónde la delincuencia se desata es porque el gobierno está coludido. El cáncer está ahí. Si metene al ejército con tolerancia cero, en 15 dias le dan piso a todos los criminales. ¿Porque no lo hacen? porque son socios...",2026-05-27T02:26:54Z,0,presidente municipal de naucalpan,"Operativo Enjambre destapa presunta red criminal en alcaldías, Morelos; poder político bajo sospecha",UnoTV,2026-05-22T01:00:06Z,2026-05-28 11:36:40
ZclQohgHVAQ,UgwE6L4KxFyf817X7cB4AaABAg,@HilarioBrig,"bueno es q este gobierno de la 4T, tiene que aser su trabajo de limpieza, de Narcos Y corrupción q dejo el prian, por q estos carteles y manosos no es de ahora, Nasieron en gobiernos del prian q Isieron acuerdo con ellos. La 4T va limpiando y se lleva tiempo, vean q gobernaron 36 años",2026-05-27T02:15:50Z,0,presidente municipal de naucalpan,"Operativo Enjambre destapa presunta red criminal en alcaldías, Morelos; poder político bajo sospecha",UnoTV,2026-05-22T01:00:06Z,2026-05-28 11:36:40
ZclQohgHVAQ,UgwUxltnYguId7dMUq94AaABAg,@TobonGaspar,Y Yautepec cuando y todos los municipios que les hagan investigación las calles están terribles y las carreteras ni se digan también incluyan a la gobernadora pues no hacé nada,2026-05-27T02:08:16Z,0,presidente municipal de naucalpan,"Operativo Enjambre destapa presunta red criminal en alcaldías, Morelos; poder político bajo sospecha",UnoTV,2026-05-22T01:00:06Z,2026-05-28 11:36:40
ZclQohgHVAQ,Ugyo8pUMGz5C_RPFhVN4AaABAg,@veronicafabila5894,Esto es el resultado de los que an gobernado morelos graco blanco y lo peor son los supuestos mando único ojalá y omar harfuch ponga atención en el estado que les hace falta,2026-05-27T01:18:48Z,0,presidente municipal de naucalpan,"Operativo Enjambre destapa presunta red criminal en alcaldías, Morelos; poder político bajo sospecha",UnoTV,2026-05-22T01:00:06Z,2026-05-28 11:36:40
ZclQohgHVAQ,UgxuaBWsEw38mM45m514AaABAg,@JuanRamónRamírezCruz,"Empesemos var las autoridades de Transito Municipal, hagan hacer cambios de comandantes que tienen años en esa dependencia, hacer   cambios y checar sus propiedade su calida de vida estos elementos son ratas corruptos, de hace muchos años y nunca han sido auditados y la otra la dependencia de policia, todos estos elementos no cuentan con prepara ion a ademi a y si la tienen ya fu olvidada, encuanto a los de la SDMT AHI LOS ADMINISTRATIVOS Y EL DELEGADO SON CORRUPTOS SI NO TIENEN ENTRE NO HACE TRAMITES, TODA ESTA  CHARLA ES VANA ES DE CONOCIMIENTO DE LA GOBERNADOTA Y ELLA LA APOYA. VAN",2026-05-26T21:37:19Z,0,presidente municipal de naucalpan,"Operativo Enjambre destapa presunta red criminal en alcaldías, Morelos; poder político bajo sospecha",UnoTV,2026-05-22T01:00:06Z,2026-05-28 11:36:40
ZclQohgHVAQ,Ugy0Q5z7pIvDZBnrKxp4AaABAg,@rosaurashivoam,"En realidad está fuera de control...Y eso viene desde sexenios ( Yo  vivo en Morelos) y mientras eso no se reduzca desaparezca...Morelos no progresar y viviremos asustados de cualquier desgracia...Cuautla,Jiutepec,El mercado López Mateos..etc... No hay vida nocturna..ejecuciones..A su cómo lo describen estaba Valle de  Bravo. Conozco gente que no quiere ni poner una fonda porque tienen miedo de que los extorsionen",2026-05-26T20:01:43Z,0,presidente municipal de naucalpan,"Operativo Enjambre destapa presunta red criminal en alcaldías, Morelos; poder político bajo sospecha",UnoTV,2026-05-22T01:00:06Z,2026-05-28 11:36:40
ZclQohgHVAQ,Ugw2-Xx36k6kk2iMfxZ4AaABAg,@leosalgado5896,Alito no le llegas ni a los talones a tu padre Obrador,2026-05-26T17:40:17Z,0,presidente municipal de naucalpan,"Operativo Enjambre destapa presunta red criminal en alcaldías, Morelos; poder político bajo sospecha",UnoTV,2026-05-22T01:00:06Z,2026-05-28 11:36:40
ZclQohgHVAQ,UgxlELAskqUylorysN94AaABAg,@ma.magdalenaporras-wh1gu,Sr. Hay muchas personas que ganamos. Uy poco y no por eso somos delincuentes,2026-05-26T15:13:51Z,2,presidente municipal de naucalpan,"Operativo Enjambre destapa presunta red criminal en alcaldías, Morelos; poder político bajo sospecha",UnoTV,2026-05-22T01:00:06Z,2026-05-28 11:36:40
ZclQohgHVAQ,UgwsihdqVMnfBHUlzfR4AaABAg,@rosarioventura1044,El Estado de Morelos es tan chiquito y tan bonito y solo hemos tenido malos gobiernos que no hacen nada y mientras tanto el turismo va a dejar de venir,2026-05-26T14:42:18Z,3,presidente municipal de naucalpan,"Operativo Enjambre destapa presunta red criminal en alcaldías, Morelos; poder político bajo sospecha",UnoTV,2026-05-22T01:00:06Z,2026-05-28 11:36:40
ZclQohgHVAQ,Ugx0Xniv3kFylQrLkQd4AaABAg,@rosarioventura1044,"Si ustedes la conocen pero que ha hecho por el Estado, está como Cuahutemoc es un estado sin gobernadora, Siempre dice que todo está bien y que ha hecho solo tomarse la foto",2026-05-26T14:37:44Z,0,presidente municipal de naucalpan,"Operativo Enjambre destapa presunta red criminal en alcaldías, Morelos; poder político bajo sospecha",UnoTV,2026-05-22T01:00:06Z,2026-05-28 11:36:40
ZclQohgHVAQ,UgyGIS1A-zDXM1BVydR4AaABAg,@rosarioventura1044,"Y la Gobernadora que hace, está trabajando? nunca sabemos nada de ella y cuando se ve dice que todo está bien que pasa",2026-05-26T14:30:08Z,1,presidente municipal de naucalpan,"Operativo Enjambre destapa presunta red criminal en alcaldías, Morelos; poder político bajo sospecha",UnoTV,2026-05-22T01:00:06Z,2026-05-28 11:36:40
ZclQohgHVAQ,UgwKX1gne1Fc5ZZfJfF4AaABAg,@Sharabustos,"Buenas noches, yo soy morelense que radico en California, precisamente por estos motivos que hablan fue que tiene que emigrar y de verdad quisiera regresar como dice el señor caminar tranquilo por las calles de mi querido pueblo, mazatepec Morelos.",2026-05-26T07:39:42Z,4,presidente municipal de naucalpan,"Operativo Enjambre destapa presunta red criminal en alcaldías, Morelos; poder político bajo sospecha",UnoTV,2026-05-22T01:00:06Z,2026-05-28 11:36:40
ZclQohgHVAQ,UgwqBtkVGt4nfrfNMyN4AaABAg,@reynaldoangeles2789,También les falta a todos los alonso en yautepec son una turba de ladrones investiguenlos ..,2026-05-26T02:07:41Z,1,presidente municipal de naucalpan,"Operativo Enjambre destapa presunta red criminal en alcaldías, Morelos; poder político bajo sospecha",UnoTV,2026-05-22T01:00:06Z,2026-05-28 11:36:40
ZclQohgHVAQ,UgwgxjlmVDOc7CAno9x4AaABAg,@titarios3772,El pueblo se llama atlatlaucan,2026-05-26T01:55:35Z,0,presidente municipal de naucalpan,"Operativo Enjambre destapa presunta red criminal en alcaldías, Morelos; poder político bajo sospecha",UnoTV,2026-05-22T01:00:06Z,2026-05-28 11:36:40
ZclQohgHVAQ,UgyQ3WuSkTvjnnykOzZ4AaABAg,@melizaislas4990,"Aquí en el municipio de Cuernavaca lo más básico, que son las carreteras están con baches por todos lados  y ya con las lluvias será peor....y no vemos donde está impresa las contribuciones. No se ve!!!<br>Que también investiguen!!!!!!!!!",2026-05-26T01:23:29Z,1,presidente municipal de naucalpan,"Operativo Enjambre destapa presunta red criminal en alcaldías, Morelos; poder político bajo sospecha",UnoTV,2026-05-22T01:00:06Z,2026-05-28 11:36:40
ZclQohgHVAQ,Ugy9aWMcdlEuTbrXlq54AaABAg,@carolinacortes3991,Yo creo que mucha gente mala  se une a Morena por aprovechados sabiendo que van a ganar y solo se unen para delinquir.,2026-05-25T21:34:22Z,0,presidente municipal de naucalpan,"Operativo Enjambre destapa presunta red criminal en alcaldías, Morelos; poder político bajo sospecha",UnoTV,2026-05-22T01:00:06Z,2026-05-28 11:36:40
ZclQohgHVAQ,UgwiGUlLiSxk50Lqtcp4AaABAg,@davidchavezz1860,Deberían  rebajar los sueldos a los funcionarios k ganan mucho $ y ese dinero  aumentar el salario a policía y militares,2026-05-25T21:25:26Z,3,presidente municipal de naucalpan,"Operativo Enjambre destapa presunta red criminal en alcaldías, Morelos; poder político bajo sospecha",UnoTV,2026-05-22T01:00:06Z,2026-05-28 11:36:40
ZclQohgHVAQ,UgxgPk4c0cTFCJBLGAh4AaABAg,@JoseLopez-oq7xr,"Municipales de Temixco, Jiutepec, Xochitepec, Jojutla, cuernavaca, todo Morelos y la gobernadora de comadre 😮😮😮😮😮😮😮",2026-05-25T20:23:55Z,1,presidente municipal de naucalpan,"Operativo Enjambre destapa presunta red criminal en alcaldías, Morelos; poder político bajo sospecha",UnoTV,2026-05-22T01:00:06Z,2026-05-28 11:36:40
ZclQohgHVAQ,UgyLX0pF-k0SVqkU2ox4AaABAg,@JoseLopez-oq7xr,Y la Gobernadora es complice😮😮😮😮😮😮😮😮😮😮😮,2026-05-25T19:27:37Z,1,presidente municipal de naucalpan,"Operativo Enjambre destapa presunta red criminal en alcaldías, Morelos; poder político bajo sospecha",UnoTV,2026-05-22T01:00:06Z,2026-05-28 11:36:40
ZclQohgHVAQ,Ugz_K2k6ZUpVJvCOMFN4AaABAg,@EduardoSeveriano-cb6fz,Espero que todas estas pláticas tengan una acción positiva para mejorar al aedo.,2026-05-25T18:35:02Z,0,presidente municipal de naucalpan,"Operativo Enjambre destapa presunta red criminal en alcaldías, Morelos; poder político bajo sospecha",UnoTV,2026-05-22T01:00:06Z,2026-05-28 11:36:40
ZclQohgHVAQ,UgxSYj4WdsDZ20qRlJ14AaABAg,@RaulVidal-l7i,Desde Jefes y Directivos son los peores no comunicarles nada de lo que piensan hacer,2026-05-25T17:41:19Z,0,presidente municipal de naucalpan,"Operativo Enjambre destapa presunta red criminal en alcaldías, Morelos; poder político bajo sospecha",UnoTV,2026-05-22T01:00:06Z,2026-05-28 11:36:40
ZclQohgHVAQ,UgyUAAIALMnZd1IQRSV4AaABAg,@RaulVidal-l7i,"Lo que deben hacer para que funcione el ataque a la delincuencia que la policía municipal no participe con la Federal bajó ningún Concepto, por qué son los que están Cien por ciento coludidos con el crimen organizado y los ponen al tanto de las futuras acciones de la Federal dejar fuera de toda acción a la Policía local",2026-05-25T17:39:31Z,0,presidente municipal de naucalpan,"Operativo Enjambre destapa presunta red criminal en alcaldías, Morelos; poder político bajo sospecha",UnoTV,2026-05-22T01:00:06Z,2026-05-28 11:36:40
ZclQohgHVAQ,UgylMD6CuynF3VBTD-l4AaABAg,@felipedejesusgarcia9396,"Los chayoteros que hacen como que analizan y ellos son parte del mercado de la corrupción, así mismo los empresarios.",2026-05-25T17:22:56Z,0,presidente municipal de naucalpan,"Operativo Enjambre destapa presunta red criminal en alcaldías, Morelos; poder político bajo sospecha",UnoTV,2026-05-22T01:00:06Z,2026-05-28 11:36:40
ZclQohgHVAQ,Ugw-RDI1Z76imXgXcIB4AaABAg,@ramontapiajimenez498,"Las elecciones  son una mentira, el pueblo puede gobernar de manera honesta, obrero,albañil, plomero. Herrero  chofer serian los mejores, asesorados por estudiantes  del doctorado en Derecho  Administración Pública Municipal.",2026-05-25T16:13:23Z,0,presidente municipal de naucalpan,"Operativo Enjambre destapa presunta red criminal en alcaldías, Morelos; poder político bajo sospecha",UnoTV,2026-05-22T01:00:06Z,2026-05-28 11:36:40
ZclQohgHVAQ,UgwW9InK866NKAQouoV4AaABAg,@ramontapiajimenez498,Oh,2026-05-25T16:06:22Z,0,presidente municipal de naucalpan,"Operativo Enjambre destapa presunta red criminal en alcaldías, Morelos; poder político bajo sospecha",UnoTV,2026-05-22T01:00:06Z,2026-05-28 11:36:40
ZclQohgHVAQ,UgyB6ukRvxwf83BwQ2F4AaABAg,@SabinoX-lb5wf,Y porque no se lanza y ellos como padres tambien son responsables por concentir a sus hijos deberian empesar por los padre por ser culpables,2026-05-25T15:58:47Z,0,presidente municipal de naucalpan,"Operativo Enjambre destapa presunta red criminal en alcaldías, Morelos; poder político bajo sospecha",UnoTV,2026-05-22T01:00:06Z,2026-05-28 11:36:40
ZclQohgHVAQ,Ugxk_94zweNURgwPJCd4AaABAg,@SabinoX-lb5wf,Si pero este viejo para el estaba mejor pero no dise que se corrompieron crearon la delincuencia  y entregaron los recursos del pais y robaban  y por entonces nunca digeron nada porque hasta hora ladran   .Así dicen que empiezan como lider social y terminan en un partido y luego en un puesto,2026-05-25T15:56:03Z,0,presidente municipal de naucalpan,"Operativo Enjambre destapa presunta red criminal en alcaldías, Morelos; poder político bajo sospecha",UnoTV,2026-05-22T01:00:06Z,2026-05-28 11:36:40
ZclQohgHVAQ,UgwGVxe1zzgU0JRQerB4AaABAg,@SabinoX-lb5wf,Y porque  nomas el gobierno<br>Federal donde esta el gobierno estatal para que lo quieren de aparato cual es su funcion saquenlo si nó sirve,2026-05-25T15:36:54Z,1,presidente municipal de naucalpan,"Operativo Enjambre destapa presunta red criminal en alcaldías, Morelos; poder político bajo sospecha",UnoTV,2026-05-22T01:00:06Z,2026-05-28 11:36:40
ZclQohgHVAQ,Ugzs0ouMeW2sG8qF1Sp4AaABAg,@RogelioBarreraCamacho,"La verdad es que el bajo nivel educativo, ha permitido que los morelenses voten por personajes, famosos pero sin idea de Hacer Gobierno, no nos quejemos los únicos culpables somos los habitantes, ya despierten y corrijan en las próximas elecciones.",2026-05-25T14:29:32Z,0,presidente municipal de naucalpan,"Operativo Enjambre destapa presunta red criminal en alcaldías, Morelos; poder político bajo sospecha",UnoTV,2026-05-22T01:00:06Z,2026-05-28 11:36:40
ZclQohgHVAQ,UgwddCYCx_C7Sla1l4N4AaABAg,@alfredotapia9186,Mientras el pueblo de Mexico no tenga con gue defenderse nunca se va  a terminar eso,2026-05-25T14:10:33Z,4,presidente municipal de naucalpan,"Operativo Enjambre destapa presunta red criminal en alcaldías, Morelos; poder político bajo sospecha",UnoTV,2026-05-22T01:00:06Z,2026-05-28 11:36:40
ZclQohgHVAQ,UgyHdYt7Taeb6TRQSbV4AaABAg,@sergiobustos2577,Esto ya viene pasando desde varios sexenios,2026-05-25T13:22:16Z,1,presidente municipal de naucalpan,"Operativo Enjambre destapa presunta red criminal en alcaldías, Morelos; poder político bajo sospecha",UnoTV,2026-05-22T01:00:06Z,2026-05-28 11:36:40
ZclQohgHVAQ,UgxNu-C_P5xdoNh7Fop4AaABAg,@LauraGarcia-no3vn,"Efectivamente, chequen la ESAF, desde ahí está el problema de negociación!!!!!!",2026-05-25T12:46:56Z,0,presidente municipal de naucalpan,"Operativo Enjambre destapa presunta red criminal en alcaldías, Morelos; poder político bajo sospecha",UnoTV,2026-05-22T01:00:06Z,2026-05-28 11:36:40
ZclQohgHVAQ,Ugw-go9cF_oQOtTXCQp4AaABAg,@LeonYanez-d9d,Todo es normal morelos corrompido asta los huesos normal no pasa nada lloremos,2026-05-25T10:37:22Z,0,presidente municipal de naucalpan,"Operativo Enjambre destapa presunta red criminal en alcaldías, Morelos; poder político bajo sospecha",UnoTV,2026-05-22T01:00:06Z,2026-05-28 11:36:40
ZclQohgHVAQ,Ugzw-O1f_yo7h0FGvWV4AaABAg,@abdiaspablo7130,Para cuando un operativo Enjambre en el barrio de Tepito,2026-05-25T09:52:05Z,1,presidente municipal de naucalpan,"Operativo Enjambre destapa presunta red criminal en alcaldías, Morelos; poder político bajo sospecha",UnoTV,2026-05-22T01:00:06Z,2026-05-28 11:36:40
ZclQohgHVAQ,Ugw30roOAjt4dpliV8d4AaABAg,@aureliasoriano3582,Que venga el ejército a hacer una limpia con sus murciélagos.,2026-05-25T02:54:02Z,7,presidente municipal de naucalpan,"Operativo Enjambre destapa presunta red criminal en alcaldías, Morelos; poder político bajo sospecha",UnoTV,2026-05-22T01:00:06Z,2026-05-28 11:36:40
ZclQohgHVAQ,Ugwf3l3wxHd57YYH0bB4AaABAg,@aureliasoriano3582,"Juan Rivas está bien lo que dices que los Alcaldes  detenidos son del Partido Acción Nacional, y si fueran de cualquier partido así sea de MORENA como dice la presidenta no se protege a nadie. Y no se les olvide que en el gobierno de Felipe Calderón aumentaron muchísimos grupos delincuenciales, por si ya se les olvidó.",2026-05-25T02:49:24Z,3,presidente municipal de naucalpan,"Operativo Enjambre destapa presunta red criminal en alcaldías, Morelos; poder político bajo sospecha",UnoTV,2026-05-22T01:00:06Z,2026-05-28 11:36:40
ZclQohgHVAQ,UgyEG4H3hkpMx7NCdwd4AaABAg,@copiadorascasasola-gb6tz,"Poner una ley que todo servidor público sea auditable en sus finanzas por lo menos a el y a su círculo cercano de sus bienes, por qué lo que roban lo ponen a nombre de sus hijos esposas padres y tíos y ellos no tienen nada pero la familia tiene lo robado, y eso del antidoping a los policías es mentira yo conozco muchos policías y son muy atascados para drogarse y pasan los exámenes de antidoping.",2026-05-24T22:56:15Z,2,presidente municipal de naucalpan,"Operativo Enjambre destapa presunta red criminal en alcaldías, Morelos; poder político bajo sospecha",UnoTV,2026-05-22T01:00:06Z,2026-05-28 11:36:40
ZclQohgHVAQ,UgxpWM4a3vTvKCP_GpJ4AaABAg,@NordicMagic-bp1gt,Solo el Master Donald Trump nos puede librar de esta peste en todo México. Saludos 🕯️🗝️🌟🗝️🌙🗝️,2026-05-24T20:42:21Z,2,presidente municipal de naucalpan,"Operativo Enjambre destapa presunta red criminal en alcaldías, Morelos; poder político bajo sospecha",UnoTV,2026-05-22T01:00:06Z,2026-05-28 11:36:40
ZclQohgHVAQ,Ugy93G26_5MrIEoWH354AaABAg,@conradomartinez1047,"Puron,,la policía federal ya desapareció x corruptos como Felipe Calderón, ahora es Guardia Nacional.",2026-05-24T19:52:03Z,1,presidente municipal de naucalpan,"Operativo Enjambre destapa presunta red criminal en alcaldías, Morelos; poder político bajo sospecha",UnoTV,2026-05-22T01:00:06Z,2026-05-28 11:36:40
ZclQohgHVAQ,UgyjHkexhoM5AttXYXl4AaABAg,@conradomartinez1047,No sr estás bien mal no son 5o negocios cerrados son muchísimos más y además lo peor no hay nada de gente se acabó el comercio.,2026-05-24T19:42:13Z,1,presidente municipal de naucalpan,"Operativo Enjambre destapa presunta red criminal en alcaldías, Morelos; poder político bajo sospecha",UnoTV,2026-05-22T01:00:06Z,2026-05-28 11:36:40
ZclQohgHVAQ,UgyKUa0-5tHE10Y8vsx4AaABAg,@conradomartinez1047,La población es la q denunció primero la iglesia católica denunció apenas xq ellos fueron afectados,2026-05-24T19:37:38Z,2,presidente municipal de naucalpan,"Operativo Enjambre destapa presunta red criminal en alcaldías, Morelos; poder político bajo sospecha",UnoTV,2026-05-22T01:00:06Z,2026-05-28 11:36:40
ZclQohgHVAQ,UgwohoxN_3MwligRnz94AaABAg,@SeferBatTeli,Q horror!!!! Ésto ya debe parar 😡😡😡,2026-05-24T18:56:47Z,11,presidente municipal de naucalpan,"Operativo Enjambre destapa presunta red criminal en alcaldías, Morelos; poder político bajo sospecha",UnoTV,2026-05-22T01:00:06Z,2026-05-28 11:36:40
ZclQohgHVAQ,UgxTN992Hrs59QH8AS54AaABAg,@BenjaminGuerrero-l4y2j,"Y esto mismo sucede en muchos municipios de la mayoría de los estados de nuestro país, y la pregunta es...entonces para que están todas las fiscalías estatales??",2026-05-24T18:56:09Z,4,presidente municipal de naucalpan,"Operativo Enjambre destapa presunta red criminal en alcaldías, Morelos; poder político bajo sospecha",UnoTV,2026-05-22T01:00:06Z,2026-05-28 11:36:40
ZclQohgHVAQ,UgwMECkrn4fX45cDzy54AaABAg,@higiniomartinez2233,Por eso el género no debe gobernar. Debe gobernar el más capaz en los tres órdenes de gobierno.,2026-05-24T18:49:53Z,2,presidente municipal de naucalpan,"Operativo Enjambre destapa presunta red criminal en alcaldías, Morelos; poder político bajo sospecha",UnoTV,2026-05-22T01:00:06Z,2026-05-28 11:36:40
ZclQohgHVAQ,UgxtNJgI05DpmCzhno54AaABAg,@2040Clara,A LOS ABEJORROS LOS PROTEJEN 😂😂😂 Y CUAUHTÉMOC ???? LO TIENE CLAUDIA EN LA CAMA !!!,2026-05-24T18:05:10Z,1,presidente municipal de naucalpan,"Operativo Enjambre destapa presunta red criminal en alcaldías, Morelos; poder político bajo sospecha",UnoTV,2026-05-22T01:00:06Z,2026-05-28 11:36:40
ZclQohgHVAQ,Ugy6X4yn8le6De0drFB4AaABAg,@efrenhutm3148,Lamentable lo que sucede. El nombre correcto de uno de los municipios es Atlatlahucan y  asi se pronuncia en el idioma español. Saludos,2026-05-24T17:33:43Z,2,presidente municipal de naucalpan,"Operativo Enjambre destapa presunta red criminal en alcaldías, Morelos; poder político bajo sospecha",UnoTV,2026-05-22T01:00:06Z,2026-05-28 11:36:40
ZclQohgHVAQ,UgzbE7EXzjhvrjvL9r54AaABAg,@ceciliaespinosaanguiano9812,Y Cuauthemoc Blanco también esta incluido,2026-05-24T17:12:41Z,5,presidente municipal de naucalpan,"Operativo Enjambre destapa presunta red criminal en alcaldías, Morelos; poder político bajo sospecha",UnoTV,2026-05-22T01:00:06Z,2026-05-28 11:36:40
ZclQohgHVAQ,Ugzvkat7uGaBaPj1KHd4AaABAg,@PEDROZARATE-gz8bv,Me alegra que por fin nuestras fuerzas armadas estén agarrando a esas ratas...y faltan más 🐀🐀 sean del Partido Político que sean.,2026-05-24T15:35:13Z,8,presidente municipal de naucalpan,"Operativo Enjambre destapa presunta red criminal en alcaldías, Morelos; poder político bajo sospecha",UnoTV,2026-05-22T01:00:06Z,2026-05-28 11:36:40
ZclQohgHVAQ,Ugxph20lHXtQUeoGbPR4AaABAg,@quelus56quelus40,"?q no nos damos cuenta q nos estamos entregando nosotros mismos al poder extranjero?,  ?desde hace cuántos años inicio este secuestro de nuestra vida?, ?porq no dicen fechas concretas de cuando inicio y de q partido político era el presidente  alcalde o gobernador responsable??? Porq ahora todo lo cargan al partido actual en el poder q no fue el q género está catástrofe",2026-05-24T15:17:34Z,3,presidente municipal de naucalpan,"Operativo Enjambre destapa presunta red criminal en alcaldías, Morelos; poder político bajo sospecha",UnoTV,2026-05-22T01:00:06Z,2026-05-28 11:36:40
ZclQohgHVAQ,Ugyj565cb9z5JEyUH0J4AaABAg,@alejandropascacio921,“Detenciones si” ¿Retenciones? Solo si no tienes agarradero.,2026-05-24T15:08:39Z,1,presidente municipal de naucalpan,"Operativo Enjambre destapa presunta red criminal en alcaldías, Morelos; poder político bajo sospecha",UnoTV,2026-05-22T01:00:06Z,2026-05-28 11:36:40
ZclQohgHVAQ,UgzhBRKFIny1hu0bM4F4AaABAg,@alfredoaguila4668,EL ENJAMBRE ES PARA QUITAR RATAS PARA PONER A LAS SUYAS.....,2026-05-24T14:48:12Z,5,presidente municipal de naucalpan,"Operativo Enjambre destapa presunta red criminal en alcaldías, Morelos; poder político bajo sospecha",UnoTV,2026-05-22T01:00:06Z,2026-05-28 11:36:40
ZclQohgHVAQ,Ugw25fEqF7yWpHJVHmF4AaABAg,@JuanLopez-qd1ce,"Dice antonio  sanches: TENIAMOS  SISTEMAS  ANTICORRUPCION!!  La realidad  las mismas intituciones  son el cerebro  de toda la maldad  que ya estan a nivel Nacional ( EN POCAS PALABRAS NADIE TRABAJA NI A NIVEL LOCAL, ESTATAL Y SISTEMA  FEDERAL SOLO MUEVE  Y COMBATE  LO QUE LES COBIENE A ELLOS  ( FGR) es el cartel de los chilangos, ( los militares se venden  al mejor postor y en todos los niveles, cobran  por operativos  o por eliminar  al bando contrario. ( UN EXEMPLO: la iliminacion  de los mandos de  la marina  que eran clave del robo de combustible,  NUNCA  SE RESOLVIO NI SE RESOLVERA!!",2026-05-24T14:18:26Z,1,presidente municipal de naucalpan,"Operativo Enjambre destapa presunta red criminal en alcaldías, Morelos; poder político bajo sospecha",UnoTV,2026-05-22T01:00:06Z,2026-05-28 11:36:40
ZclQohgHVAQ,UgxUPu_88hYXwPEiadp4AaABAg,@OlgaPosadas-p4l,"Morelos ya es tierra sin ley!!! <br>Hundido en la delincuencia y la corrupción!!<br>Vino Harfuch, hizo ruido, pero no cortó cabezas!! <br>Vino a dar atole con el dedo!!!",2026-05-24T13:49:00Z,8,presidente municipal de naucalpan,"Operativo Enjambre destapa presunta red criminal en alcaldías, Morelos; poder político bajo sospecha",UnoTV,2026-05-22T01:00:06Z,2026-05-28 11:36:40
ZclQohgHVAQ,Ugx6MVIP4OXE7VkPWCp4AaABAg,@OlgaPosadas-p4l,"Morelos se hunde, pero solo le tapan el ojo al macho!! <br>Y Cuahutémoc Blanco llegó a hacer tratos con la delincuencia!!",2026-05-24T13:39:24Z,6,presidente municipal de naucalpan,"Operativo Enjambre destapa presunta red criminal en alcaldías, Morelos; poder político bajo sospecha",UnoTV,2026-05-22T01:00:06Z,2026-05-28 11:36:40
ZclQohgHVAQ,UgyI7ZEFEO2ZzNlUhGJ4AaABAg,@clementinapallas2086,Morena con cuauhtemoc Blanco es un claro ejemplo de la corrupción total!!,2026-05-24T13:19:48Z,4,presidente municipal de naucalpan,"Operativo Enjambre destapa presunta red criminal en alcaldías, Morelos; poder político bajo sospecha",UnoTV,2026-05-22T01:00:06Z,2026-05-28 11:36:40
ZclQohgHVAQ,UgxU5szmmf72sBnM7cZ4AaABAg,@JoseRamirez-wh9ye,"Si meten a la cárcel presidenta, gobernadores, diputados, senadores, pdntes municipales, funcionarios etc etc etc. <br>Quien cerrara la puerta?",2026-05-24T13:13:17Z,13,presidente municipal de naucalpan,"Operativo Enjambre destapa presunta red criminal en alcaldías, Morelos; poder político bajo sospecha",UnoTV,2026-05-22T01:00:06Z,2026-05-28 11:36:40
ZclQohgHVAQ,UgycRL6a2PIhPQtnz1F4AaABAg,@lupitarivera2258,"Y lis gobernadores, diputados, oresidentes,cerc, erc, no ganán poco y roban, entonces no sin los bajos salarios, creo que es porque no hay grandes consecuencias.",2026-05-23T23:00:13Z,2,presidente municipal de naucalpan,"Operativo Enjambre destapa presunta red criminal en alcaldías, Morelos; poder político bajo sospecha",UnoTV,2026-05-22T01:00:06Z,2026-05-28 11:36:40
ZclQohgHVAQ,UgxjgmYeR7HuFTxyCbd4AaABAg,@marcolopez1943,"a los policias el sueldo no les importa, porque se dedican a extorcionar a la ciudadania.",2026-05-23T22:23:44Z,2,presidente municipal de naucalpan,"Operativo Enjambre destapa presunta red criminal en alcaldías, Morelos; poder político bajo sospecha",UnoTV,2026-05-22T01:00:06Z,2026-05-28 11:36:40
ZclQohgHVAQ,Ugy3dLeLDqhFL8840XZ4AaABAg,@NorbertaSantamaria,Dios ten misericordia. De nosotros. Yo soy de morelos.  Y  vivo con  miedo  y sufrimiento de ver y saber  lo que nos está tocando vivir  perdónalos. Amennn,2026-05-23T22:21:40Z,8,presidente municipal de naucalpan,"Operativo Enjambre destapa presunta red criminal en alcaldías, Morelos; poder político bajo sospecha",UnoTV,2026-05-22T01:00:06Z,2026-05-28 11:36:40
ZclQohgHVAQ,UgwfrY1MHNN5XP-KBBF4AaABAg,@soniasanchezbravo9987,Los. Tres. Poderes.   No. Conocen. Las. Leyes.   Imponen. Sus. Cuiteros.  Para. Extorsionar😂,2026-05-23T22:17:08Z,1,presidente municipal de naucalpan,"Operativo Enjambre destapa presunta red criminal en alcaldías, Morelos; poder político bajo sospecha",UnoTV,2026-05-22T01:00:06Z,2026-05-28 11:36:40
ZclQohgHVAQ,UgziTHLcpM5jxhsTl3d4AaABAg,@glosol7932,Así pasó con los que están ahora. Llegaron con traje de ovejas y ya en el camino sacaron el demonio 👿 que traen dentro!,2026-05-23T21:49:42Z,2,presidente municipal de naucalpan,"Operativo Enjambre destapa presunta red criminal en alcaldías, Morelos; poder político bajo sospecha",UnoTV,2026-05-22T01:00:06Z,2026-05-28 11:36:40
ZclQohgHVAQ,UgwnK4FZNgRXtk6TXah4AaABAg,@mperez9172,"Lo bueno de estos últimos eventos es q los morenistas van a encarcelar a las autoridades vinculadas a la delincuencia y los EUA se quieren llevar a los narco morenistas. Pregunta, ¿,con q sueldo se garantizaría q las fuerzas del orden no se corrompan? ¿Será ese el problema? Porq hay q ver cuanto@s funcionari@s con muy buen sueldo están acusad@s. Ya se verá en lo q para lo q se dice de la gobernadora, difícil meter las manos al fuego con lo q se está viendo.",2026-05-23T20:16:40Z,1,presidente municipal de naucalpan,"Operativo Enjambre destapa presunta red criminal en alcaldías, Morelos; poder político bajo sospecha",UnoTV,2026-05-22T01:00:06Z,2026-05-28 11:36:40
ZclQohgHVAQ,UgwUDVgBViSCX0XxFax4AaABAg,@winterkiller1571,Hasta miedo le da decir cuál presidente municipal pero todos sabemos a quién se refiere.,2026-05-23T18:44:38Z,4,presidente municipal de naucalpan,"Operativo Enjambre destapa presunta red criminal en alcaldías, Morelos; poder político bajo sospecha",UnoTV,2026-05-22T01:00:06Z,2026-05-28 11:36:40
ZclQohgHVAQ,Ugwe7LM3xn3AmVVVlr14AaABAg,@drywallmontesinos9763,Pero la delincuencia está  por que nunca se castiga !!¡!!!! Pena de muerte ó guerra pero algo pasará,2026-05-23T15:03:29Z,11,presidente municipal de naucalpan,"Operativo Enjambre destapa presunta red criminal en alcaldías, Morelos; poder político bajo sospecha",UnoTV,2026-05-22T01:00:06Z,2026-05-28 11:36:40
ZclQohgHVAQ,UgydLYVgf2anEQjDOwd4AaABAg,@hectorbsoberanes,"La realidad es que el GOBIERNO FEDERAL ,  NO   actuó cuando estaba el &quot;gobierno&quot;  de Cuauhtémoc Blanco....!<br>De por sí , se venía arrastrando malos &quot;gobiernos&quot; anteriores y ahí fué el último clavo al Ataud...!",2026-05-23T13:50:42Z,4,presidente municipal de naucalpan,"Operativo Enjambre destapa presunta red criminal en alcaldías, Morelos; poder político bajo sospecha",UnoTV,2026-05-22T01:00:06Z,2026-05-28 11:36:40
ZclQohgHVAQ,UgzBbvn2bSNvD_mAc5x4AaABAg,@cesartellezquiroga8893,"al de temixco hasta altares satanicos con restos humanos dentro de su casa, puro criminal en el gobierno. Ojalá se ponga orden.",2026-05-23T13:22:20Z,1,presidente municipal de naucalpan,"Operativo Enjambre destapa presunta red criminal en alcaldías, Morelos; poder político bajo sospecha",UnoTV,2026-05-22T01:00:06Z,2026-05-28 11:36:40
ZclQohgHVAQ,UgxHJ9O2JFvm7H9EDCp4AaABAg,@eliarodriguez5770,"Cómo cuidados hay que organizarnos y marchar x la paz, con pancartas exigiendo seguridad y sino pedirle auxilio a Trump...",2026-05-23T13:07:20Z,1,presidente municipal de naucalpan,"Operativo Enjambre destapa presunta red criminal en alcaldías, Morelos; poder político bajo sospecha",UnoTV,2026-05-22T01:00:06Z,2026-05-28 11:36:40
ZclQohgHVAQ,UgyjaQTg69tyz9JKKil4AaABAg,@ma.mercedespastorarchundia3878,Y GRACO  ? ARREDONDO  TADEO NAVA ? ESOS TAMBIEN  AGARRENLOS,2026-05-23T11:24:10Z,27,presidente municipal de naucalpan,"Operativo Enjambre destapa presunta red criminal en alcaldías, Morelos; poder político bajo sospecha",UnoTV,2026-05-22T01:00:06Z,2026-05-28 11:36:40
ZclQohgHVAQ,UgzV1i_zGhtex1jWGlB4AaABAg,@pedrocabreragarcia7855,TODO EL PAIS,2026-05-23T10:03:55Z,13,presidente municipal de naucalpan,"Operativo Enjambre destapa presunta red criminal en alcaldías, Morelos; poder político bajo sospecha",UnoTV,2026-05-22T01:00:06Z,2026-05-28 11:36:40
ZclQohgHVAQ,UgyEzNpxMAQhwpQv0294AaABAg,@humbertomartinezleon7265,"No hay verdaderos planes bien elaborados, se gobierna sin pies ni cabeza y, los oficiales si están mal pagados pero su educación académica es la básica y educarlos en la creación de una academia de policía y un buen sueldo es un verdadero sueño guajiro en este país.",2026-05-23T04:21:33Z,1,presidente municipal de naucalpan,"Operativo Enjambre destapa presunta red criminal en alcaldías, Morelos; poder político bajo sospecha",UnoTV,2026-05-22T01:00:06Z,2026-05-28 11:36:40
ZclQohgHVAQ,UgxYgjkyIS5jiKbTwe14AaABAg,@SergioPiedraUrbina,"Resultado de malos gobiernos que le han tocado a este hermoso estado de Morelos. Gobernadores, presentes municipales como crimen organizado encontra del pueblo",2026-05-23T00:08:57Z,9,presidente municipal de naucalpan,"Operativo Enjambre destapa presunta red criminal en alcaldías, Morelos; poder político bajo sospecha",UnoTV,2026-05-22T01:00:06Z,2026-05-28 11:36:40
ZclQohgHVAQ,UgyptdGNCh7WAN80c4d4AaABAg,@RingOfRae,"En una palabra : ingobernabilidad, un sinónimo : Estado fallido",2026-05-22T22:09:10Z,18,presidente municipal de naucalpan,"Operativo Enjambre destapa presunta red criminal en alcaldías, Morelos; poder político bajo sospecha",UnoTV,2026-05-22T01:00:06Z,2026-05-28 11:36:40
ZclQohgHVAQ,UgzfRUdhH_ykb8I3hKJ4AaABAg,@rosahernandez8601,Rafael Rueda tiene toda la razón,2026-05-22T22:08:37Z,2,presidente municipal de naucalpan,"Operativo Enjambre destapa presunta red criminal en alcaldías, Morelos; poder político bajo sospecha",UnoTV,2026-05-22T01:00:06Z,2026-05-28 11:36:40
ZclQohgHVAQ,UgwSTwKbgDjddbC23kt4AaABAg,@RingOfRae,"Periodista : no repitas los clichés, solo refuerzas el error. “Menos peor”. Di algo positivo, al menos algo neutro, o mejor no digas nada.",2026-05-22T22:06:53Z,2,presidente municipal de naucalpan,"Operativo Enjambre destapa presunta red criminal en alcaldías, Morelos; poder político bajo sospecha",UnoTV,2026-05-22T01:00:06Z,2026-05-28 11:36:40
ZclQohgHVAQ,UgzEfbhIU6ZO6Ec52Wp4AaABAg,@grnarosanchezbenitez5528,Gracias a los gobiernos del prian que se han hecho fuerte estos grupos y ahora que .otra lis quiere eliminar se sienten intocables y natan a gente inocente. Gracias a gobiernos anteriores ahora se sufre esto,2026-05-22T20:32:30Z,5,presidente municipal de naucalpan,"Operativo Enjambre destapa presunta red criminal en alcaldías, Morelos; poder político bajo sospecha",UnoTV,2026-05-22T01:00:06Z,2026-05-28 11:36:40
ZclQohgHVAQ,Ugx016ZKLXuTTYTxpnZ4AaABAg,@efrenbenitezleon1802,Ya se perdió la confianza en todos los partidos políticos yo ya no voy a votar por ninguno ojalá que surja un partido independiente y que sea muy conocido y entonces por ellos votaré  !!,2026-05-22T19:29:44Z,2,presidente municipal de naucalpan,"Operativo Enjambre destapa presunta red criminal en alcaldías, Morelos; poder político bajo sospecha",UnoTV,2026-05-22T01:00:06Z,2026-05-28 11:36:40
ZclQohgHVAQ,UgztX7AqkCEjXHfG2NV4AaABAg,@RoussRojas-s4f,Falta graco Cuahutémoc arredondo,2026-05-22T19:01:05Z,30,presidente municipal de naucalpan,"Operativo Enjambre destapa presunta red criminal en alcaldías, Morelos; poder político bajo sospecha",UnoTV,2026-05-22T01:00:06Z,2026-05-28 11:36:40
ZclQohgHVAQ,UgzUbFVRXhVQR8ZGk554AaABAg,@RosarioJuarezDiaz,"Todo el pais esta pasando lo mismo. Desde que AMLO , el lider de Morena llego al gobierno, nos dejo en manos de los criminales, disfrazados de presidentes, regidores, senadores, diputados, policia, ejercito, de todos.",2026-05-22T18:53:55Z,5,presidente municipal de naucalpan,"Operativo Enjambre destapa presunta red criminal en alcaldías, Morelos; poder político bajo sospecha",UnoTV,2026-05-22T01:00:06Z,2026-05-28 11:36:40
ZclQohgHVAQ,UgylqnW6ycK3ZgYjBtt4AaABAg,@martharodriguez7193,"Grupos del crimen organizado y el  narcotrafico, se han apoderado de varios municipios de Morelos,<br>debido a que el gobierno morenista, que prometió acabar con la corrupción,  resultó al revés, porque en vez de eliminar el grave problema, resultó al contrario, porque los criminales <br>ampliaron sus nefastas actividades ilicitas.<br>Hoy, los ciudadanos sufren el abandono de las autoridades y habrá que trabajar mucho, para recuperar la paz y la economía del Estado.<br>Así o más claro.<br>MORELOS IS LOST.",2026-05-22T17:27:05Z,15,presidente municipal de naucalpan,"Operativo Enjambre destapa presunta red criminal en alcaldías, Morelos; poder político bajo sospecha",UnoTV,2026-05-22T01:00:06Z,2026-05-28 11:36:40
ZclQohgHVAQ,UgwsA8YcXAu5d_sy96p4AaABAg,@patysalem7965,"No tienen llenadera, si hay dinero, quieren mas y mas y mas",2026-05-22T17:07:39Z,4,presidente municipal de naucalpan,"Operativo Enjambre destapa presunta red criminal en alcaldías, Morelos; poder político bajo sospecha",UnoTV,2026-05-22T01:00:06Z,2026-05-28 11:36:40
ZclQohgHVAQ,UgxNe0BvnBBnUXqRDMB4AaABAg,@chevinfuente9016,"no necesitan mas sueldo los poli delin , se necesita pena de muer te, los de ka guardia gabán super bien, y ya se están pudriendo, sin contar que ni hacen el trabajo que deven hacer, para lo que se contrataron alquilaron",2026-05-22T16:42:18Z,1,presidente municipal de naucalpan,"Operativo Enjambre destapa presunta red criminal en alcaldías, Morelos; poder político bajo sospecha",UnoTV,2026-05-22T01:00:06Z,2026-05-28 11:36:40
ZclQohgHVAQ,Ugy-14XPvxFmisIhjh94AaABAg,@patriciamartinezotamendi5051,Basta de corrupción,2026-05-22T14:57:01Z,10,presidente municipal de naucalpan,"Operativo Enjambre destapa presunta red criminal en alcaldías, Morelos; poder político bajo sospecha",UnoTV,2026-05-22T01:00:06Z,2026-05-28 11:36:40
ZclQohgHVAQ,Ugzr63aC41RaRJKiIi54AaABAg,@moralesR5555,Si la verdad emos perdido la credibilidad en las disque autoridades dan miedo  e impotencia tristeza de Ber que autoridades tan podridas tenemos desde arriba asta abajo pura pudrición de gobierno,2026-05-22T14:46:16Z,13,presidente municipal de naucalpan,"Operativo Enjambre destapa presunta red criminal en alcaldías, Morelos; poder político bajo sospecha",UnoTV,2026-05-22T01:00:06Z,2026-05-28 11:36:40
ZclQohgHVAQ,Ugz5uUr3eq9hQJDuQyp4AaABAg,@evelianieves9177,COMPLETAMENTE DE ACUERDO CON ESTE EMPRESARIO. 👍,2026-05-22T13:24:30Z,15,presidente municipal de naucalpan,"Operativo Enjambre destapa presunta red criminal en alcaldías, Morelos; poder político bajo sospecha",UnoTV,2026-05-22T01:00:06Z,2026-05-28 11:36:40
ZclQohgHVAQ,Ugz7nmeLUcM7ukbkulJ4AaABAg,@albertoarellanofernandezdelara,Rueda esta muteado!,2026-05-22T12:40:55Z,1,presidente municipal de naucalpan,"Operativo Enjambre destapa presunta red criminal en alcaldías, Morelos; poder político bajo sospecha",UnoTV,2026-05-22T01:00:06Z,2026-05-28 11:36:40
ZclQohgHVAQ,Ugwabk-PXsEvGO7soAp4AaABAg,@MariaVillavicencio-l9l,Llevamos cinco años así y hoy voltean después de tanta extorsión y tantas balaceras. Gracias a los narcomorenos.,2026-05-22T11:47:13Z,4,presidente municipal de naucalpan,"Operativo Enjambre destapa presunta red criminal en alcaldías, Morelos; poder político bajo sospecha",UnoTV,2026-05-22T01:00:06Z,2026-05-28 11:36:40
ZclQohgHVAQ,UgxIbUWNKntXSgBMkgh4AaABAg,@Āresu_Saga,Wuautla 😱,2026-05-22T04:24:22Z,1,presidente municipal de naucalpan,"Operativo Enjambre destapa presunta red criminal en alcaldías, Morelos; poder político bajo sospecha",UnoTV,2026-05-22T01:00:06Z,2026-05-28 11:36:40
ZclQohgHVAQ,UgxKoBM67tAkkB1nHTZ4AaABAg,@Āresu_Saga,Tlatlahuacan? 😮,2026-05-22T04:23:20Z,1,presidente municipal de naucalpan,"Operativo Enjambre destapa presunta red criminal en alcaldías, Morelos; poder político bajo sospecha",UnoTV,2026-05-22T01:00:06Z,2026-05-28 11:36:40
ZclQohgHVAQ,Ugwxnoc2kUxb0199axl4AaABAg,@ma.mercedespastorarchundia3878,ASÍ ES CARRILLO OLEA EMPESO ESO CUANDO FUE GOBERNADOR,2026-05-22T04:05:05Z,5,presidente municipal de naucalpan,"Operativo Enjambre destapa presunta red criminal en alcaldías, Morelos; poder político bajo sospecha",UnoTV,2026-05-22T01:00:06Z,2026-05-28 11:36:40
ZclQohgHVAQ,UgyQv5iLAqgFtl2XJ_B4AaABAg,@ma.mercedespastorarchundia3878,MAS. SENCILLO. ATLATLAUCAN  😂😂😂😂😂😂😂,2026-05-22T04:01:39Z,5,presidente municipal de naucalpan,"Operativo Enjambre destapa presunta red criminal en alcaldías, Morelos; poder político bajo sospecha",UnoTV,2026-05-22T01:00:06Z,2026-05-28 11:36:40
lXj6tPOe7gw,UgxDkX0fTl2Z-l3OGQl4AaABAg,@jessicapedraza9310,"Que digan la verdad, hubo fallecidos, y uno de ellos es el hijo de una amiga",2026-05-16T19:37:23Z,0,presidente municipal de naucalpan,¡Todo se derrumbó! Desplome de grúa en obra en construcción deja al menos 4 heridos en Viaducto,El Heraldo de México,2026-05-16T00:26:11Z,2026-05-28 11:36:40
lXj6tPOe7gw,Ugwdcnzt6_9fj5cmipV4AaABAg,@germanmarinvargas7249,Qué manera de desinformar,2026-05-16T01:41:28Z,0,presidente municipal de naucalpan,¡Todo se derrumbó! Desplome de grúa en obra en construcción deja al menos 4 heridos en Viaducto,El Heraldo de México,2026-05-16T00:26:11Z,2026-05-28 11:36:40
lXj6tPOe7gw,Ugz1VDWork3Pf_CSP9t4AaABAg,@germanmarinvargas7249,"¿Fue dentro de la obra o en la avenida? aquí no se ve que haya nada sobre la avenida, ni se habla de muertos",2026-05-16T01:40:35Z,0,presidente municipal de naucalpan,¡Todo se derrumbó! Desplome de grúa en obra en construcción deja al menos 4 heridos en Viaducto,El Heraldo de México,2026-05-16T00:26:11Z,2026-05-28 11:36:40
lXj6tPOe7gw,UgwmKDez6OMBquOZU_h4AaABAg,@juanantoniobecerra3067,"Fue por culpa de la Claus, y de la 4 T,  pero cabeza fría Cabeza bien fría 🤤 y <br>Disfrutemos lo VOTADO aunque le arda 🔥 a los dere🐒🐒  Vende patrias. 💪💪",2026-05-16T01:14:47Z,0,presidente municipal de naucalpan,¡Todo se derrumbó! Desplome de grúa en obra en construcción deja al menos 4 heridos en Viaducto,El Heraldo de México,2026-05-16T00:26:11Z,2026-05-28 11:36:40
lXj6tPOe7gw,UgwNKFurW7O7yCXRv6t4AaABAg,@ofeliaromano6407,Accidente no incidente,2026-05-16T00:51:53Z,1,presidente municipal de naucalpan,¡Todo se derrumbó! Desplome de grúa en obra en construcción deja al menos 4 heridos en Viaducto,El Heraldo de México,2026-05-16T00:26:11Z,2026-05-28 11:36:40
lXj6tPOe7gw,UgyT_A6-wWStJM0aLRN4AaABAg,@JoséGarcía-u5z3r,no  an llegado los buitres del prian -,2026-05-16T00:47:49Z,0,presidente municipal de naucalpan,¡Todo se derrumbó! Desplome de grúa en obra en construcción deja al menos 4 heridos en Viaducto,El Heraldo de México,2026-05-16T00:26:11Z,2026-05-28 11:36:40
lXj6tPOe7gw,UgxcHLc_yiBz-66I5sl4AaABAg,@veldad,"Es OBRA DEL CARTEL INMOBILIARIO, 💵💵💵🤮🤮🤮💩🐭🐭 Y CHAYOTEROS DICE 4 FALLECIDOS, CREANDO CON MENTIRAS UNA PERCEPCIÓN DIFERENTE A LA POBLACIÓN.<br>PERROS LES GUSTARÍA ESO PARA CHINGAR AL GOBIERNO. GORDiTO CHISMOSO 🐖",2026-05-16T00:47:20Z,0,presidente municipal de naucalpan,¡Todo se derrumbó! Desplome de grúa en obra en construcción deja al menos 4 heridos en Viaducto,El Heraldo de México,2026-05-16T00:26:11Z,2026-05-28 11:36:40
lXj6tPOe7gw,UgzQgeYfYYClZ5YgNRF4AaABAg,@bukkele2511,"Han pasado peores en reforma, con poderoso varo lo borran y continúan. DONDE ESTA EL PATIO?",2026-05-16T00:43:54Z,2,presidente municipal de naucalpan,¡Todo se derrumbó! Desplome de grúa en obra en construcción deja al menos 4 heridos en Viaducto,El Heraldo de México,2026-05-16T00:26:11Z,2026-05-28 11:36:40
lXj6tPOe7gw,Ugx4UIKuf3Lyx4IfDBR4AaABAg,@NormaPardo-tx3tq,"A chingá 4 fallecidos??? <br>😲😲😲😲yo nunca oí que el reportero dijera &quot;fallecidos&quot; dijo heridos. Puro pinche chisme neta, cómo juegan con la información 🤨🤨",2026-05-16T00:42:20Z,3,presidente municipal de naucalpan,¡Todo se derrumbó! Desplome de grúa en obra en construcción deja al menos 4 heridos en Viaducto,El Heraldo de México,2026-05-16T00:26:11Z,2026-05-28 11:36:40
HagkABmq9w8,UgwZ1aDHmgNT5vl4jsh4AaABAg,@angelicagutierrez1280,Los ambreados de l narco gobierno...,2026-05-28T17:03:47Z,0,guardia municipal de naucalpan,Policías de Naucalpan son acusados de golpear a chofer,POSTAmx,2026-05-28T01:15:02Z,2026-05-28 11:36:40
HagkABmq9w8,UgwIEwLjvWJULPy-mf54AaABAg,@MmEe-y4g,Esos ambriados siempre abusan y el,2026-05-28T15:43:09Z,0,guardia municipal de naucalpan,Policías de Naucalpan son acusados de golpear a chofer,POSTAmx,2026-05-28T01:15:02Z,2026-05-28 11:36:40
6ia4mpBBdYg,UgyXS0jxWwZv8Hq5ott4AaABAg,@ElUniversalMex,"📌¿Crees que los policías hicieron bien al intentar detener al sujeto, dentro de las instalaciones de la UNAM?",2026-05-20T19:05:27Z,2,guardia municipal de naucalpan,Enfrentamiento en FES Acatlán: Policías de Naucalpan entran a la UNAM por persecución #shorts,El Universal,2026-05-20T18:23:06Z,2026-05-28 11:36:40
6ia4mpBBdYg,UgxC310r_4_RtUOc-bF4AaABAg,@EuropeUfc,"GOBIERNO CULERO, INTENTEN DETENER UN DELINCUENTE QUE ESTA EN MEXICO Y PASA A ESTADOS UNIDOS, QUE VA PASAR ??????? LES RESPONDO, EL EJERCITO AMERICANO LES PONE UNA MADRIZA A LOS POLICIAS MEXICANOS.  LO CORRECTO ES QUE UNA VEZ EL DELINCUENTE PASA A OTRO LUGAR LA GUARDIA QUE PERSIGUE EMITE COMUNICADO PARA QUE LA INSTANCIA CORRECTA LO DETENGA.",2026-05-25T21:45:08Z,0,guardia municipal de naucalpan,Enfrentamiento en FES Acatlán: Policías de Naucalpan entran a la UNAM por persecución #shorts,El Universal,2026-05-20T18:23:06Z,2026-05-28 11:36:40
6ia4mpBBdYg,UgylqFPOIoMJ1xP2-Gp4AaABAg,@discretelas,"Más bien el detenido fue quien usó las instalaciones de la FES Acatlán como refugio por la persecución policial desde otro lado y la Institución debe de demandar al ajeno qué entró a hacer eso sin autorización burlando la seguridad de la institución, es allanamiento de parte del tipo que entró a refugiarse",2026-05-22T21:38:06Z,0,guardia municipal de naucalpan,Enfrentamiento en FES Acatlán: Policías de Naucalpan entran a la UNAM por persecución #shorts,El Universal,2026-05-20T18:23:06Z,2026-05-28 11:36:40
6ia4mpBBdYg,UgyK2PV75OuU2MRs_4V4AaABAg,@Pmrockrdz,Totalmente justificado por eso abusanls delicuentes por el vacío legal y protección a los derechos humanos que más bien perecen un escudo a los delincuentes,2026-05-22T17:43:48Z,0,guardia municipal de naucalpan,Enfrentamiento en FES Acatlán: Policías de Naucalpan entran a la UNAM por persecución #shorts,El Universal,2026-05-20T18:23:06Z,2026-05-28 11:36:40
6ia4mpBBdYg,UgwmnHviMDElk2WuANF4AaABAg,@CarmenFlores-w1q,Q mamada no digan eso claro q fue violentada la autonomía de la UNAM de acuerdo a lo establecido cualquier fuerza pública deberá presentar un oficio para poder ingresar según los estatutos q rigen la autonomía de la Universidad Nacional Autónoma de Mexico así q antes de hacer sus putos reportajes fifis deben informarse,2026-05-21T01:21:50Z,0,guardia municipal de naucalpan,Enfrentamiento en FES Acatlán: Policías de Naucalpan entran a la UNAM por persecución #shorts,El Universal,2026-05-20T18:23:06Z,2026-05-28 11:36:40
6ia4mpBBdYg,UgzWEc_cNU04y5PsCf14AaABAg,@victormora1487,"Primera vez que hacen su chamba bien, aunque tenga autonomía la UNAM si una persona sospechosa de algún crimen ajena al plantel entra a la escuela debe de ser detenida para que no siga haciendo fechorías ni quede impune",2026-05-21T00:48:03Z,1,guardia municipal de naucalpan,Enfrentamiento en FES Acatlán: Policías de Naucalpan entran a la UNAM por persecución #shorts,El Universal,2026-05-20T18:23:06Z,2026-05-28 11:36:40
6ia4mpBBdYg,UgxLfok0jeOYCdcEq4l4AaABAg,@albertsimons6201,CLARO Q HICIERON BIEN LOS QUE NO HICIERON BIEN FUE LA SEGURIDAD DE LA UNAM POR ENTORPECER EN LA DETENCION SE SIENTEN CON MUCHA FACULTAD ALGUN DIA VAN A NECESITAR AYUDA MUNICIPAL VEREMOS QUE HACEN 😅😂 Y MUCHOS DE SUS MAESTROS ABUZAN DE L@S ALUMN@S Y OTROS HASTA SON DEALERS...!,2026-05-21T00:24:29Z,2,guardia municipal de naucalpan,Enfrentamiento en FES Acatlán: Policías de Naucalpan entran a la UNAM por persecución #shorts,El Universal,2026-05-20T18:23:06Z,2026-05-28 11:36:40
6ia4mpBBdYg,UgyUp7NSdILhSSxEuZF4AaABAg,@bossbeny2y,"Esta excelente la labor de la policia, porque es una persecucion de un delincuente, onlosnde la unam albmenos que lo conozcan y quieran esconderlo. Pero si estubo bien la labor policial..",2026-05-20T21:34:51Z,4,guardia municipal de naucalpan,Enfrentamiento en FES Acatlán: Policías de Naucalpan entran a la UNAM por persecución #shorts,El Universal,2026-05-20T18:23:06Z,2026-05-28 11:36:40
6ia4mpBBdYg,UgzR2gxYy5knDAgdmKx4AaABAg,@edmurbriseno2106,"A HUEVO, Y LOS PENDEJOS DIRECTIVOS COMO SE ATREVEN A DECIRLE A LA POLICIA QUE SE VAYAN, AL CONTRARIO AGRADECIDOS DEBERIAN DE ESTAR QUE HAGAN SU TRABAJO.",2026-05-20T21:29:11Z,0,guardia municipal de naucalpan,Enfrentamiento en FES Acatlán: Policías de Naucalpan entran a la UNAM por persecución #shorts,El Universal,2026-05-20T18:23:06Z,2026-05-28 11:36:40
6ia4mpBBdYg,UgzCx0DqnaY-exT5wSB4AaABAg,@Lili_GB,Está bien! Ya estuvo bueno que se escuden en que no puede  hacer nada la policía en la UNAM,2026-05-20T20:01:47Z,4,guardia municipal de naucalpan,Enfrentamiento en FES Acatlán: Policías de Naucalpan entran a la UNAM por persecución #shorts,El Universal,2026-05-20T18:23:06Z,2026-05-28 11:36:40
6ia4mpBBdYg,Ugwr60ys4QxGPPBeIYF4AaABAg,@MarthaQuintero-z4t,Pues no que es prohibido por ser autónoma?..???,2026-05-20T19:42:23Z,2,guardia municipal de naucalpan,Enfrentamiento en FES Acatlán: Policías de Naucalpan entran a la UNAM por persecución #shorts,El Universal,2026-05-20T18:23:06Z,2026-05-28 11:36:40
6ia4mpBBdYg,Ugw_kLRr10WoAlbeEqt4AaABAg,@ElUniversalMex,"📌¿Crees que los policías hicieron bien al intentar detener al sujeto, dentro de las instalaciones de la UNAM?",2026-05-20T19:04:42Z,3,guardia municipal de naucalpan,Enfrentamiento en FES Acatlán: Policías de Naucalpan entran a la UNAM por persecución #shorts,El Universal,2026-05-20T18:23:06Z,2026-05-28 11:36:40
V2wE4HvfE0A,UgxuIUi7iCEZLmI0R0l4AaABAg,@pery-s7g,Algo tienen guardadito ahi🤔,2026-05-24T14:14:35Z,0,guardia municipal de naucalpan,Policías ingresan a FES Acatlán y desatan confrontación,La Jornada,2026-05-20T04:33:49Z,2026-05-28 11:36:40
V2wE4HvfE0A,UgxgDMypPth1iTJ156t4AaABAg,@Raúl-u2d6y,NO APRENDEN NADA EN LAS UNIVERSIDADES Y LUEGO ESTAN DE ALSADITOS PORQUE ESTUDIAN EN LA UNIVERSIDAD 😂😂😂😂🤣🤣🤣 SI HUBIERA LASTIMADO ESE BORRACHO A ALGUIEN DE LA FAMILIA DE ESOS METICHES NO LO ESTUVIERAN DEFENDIENDO. 🫏🫏🫏🫏🤯,2026-05-23T18:10:41Z,0,guardia municipal de naucalpan,Policías ingresan a FES Acatlán y desatan confrontación,La Jornada,2026-05-20T04:33:49Z,2026-05-28 11:36:40
V2wE4HvfE0A,UgzxSwX3j_f1QrJCPAt4AaABAg,@JulianCardozo-p5o,"&quot;autonomía&quot; 😅, el mohs en sus cátedras, no les explico que es ??? ho no ponen atención, ??  😅😅😊",2026-05-23T18:09:05Z,0,guardia municipal de naucalpan,Policías ingresan a FES Acatlán y desatan confrontación,La Jornada,2026-05-20T04:33:49Z,2026-05-28 11:36:40
V2wE4HvfE0A,Ugyua39sxv4FSaKmFYN4AaABAg,@sinuhemoran1794,Chamacos P E N D E J ...O... S cuando les disparan y los matan ahí si se preguntan:<br>¿Porqué no entró la policía si estaba armado? <br>Inches escuincles mensos.,2026-05-23T03:01:45Z,0,guardia municipal de naucalpan,Policías ingresan a FES Acatlán y desatan confrontación,La Jornada,2026-05-20T04:33:49Z,2026-05-28 11:36:40
V2wE4HvfE0A,UgxMqWUR3nUGzw415xp4AaABAg,@joseantoniopazosvega9621,Si estes vatos son estudiantes yo soy Elías Calles,2026-05-22T23:20:10Z,0,guardia municipal de naucalpan,Policías ingresan a FES Acatlán y desatan confrontación,La Jornada,2026-05-20T04:33:49Z,2026-05-28 11:36:40
V2wE4HvfE0A,Ugz9rFjxopEDxF6ZxIp4AaABAg,@SofiaCastro-hx1ed,"Como siempre, metiches evitando que la policía haga su trabajo !!",2026-05-22T21:30:42Z,0,guardia municipal de naucalpan,Policías ingresan a FES Acatlán y desatan confrontación,La Jornada,2026-05-20T04:33:49Z,2026-05-28 11:36:40
V2wE4HvfE0A,UgwKAzJAAQyyKxhCSiR4AaABAg,@TeresaCastilloReyes-f2u,Fuera fuera fuera la policía de la institución educativa,2026-05-22T20:58:55Z,0,guardia municipal de naucalpan,Policías ingresan a FES Acatlán y desatan confrontación,La Jornada,2026-05-20T04:33:49Z,2026-05-28 11:36:40
V2wE4HvfE0A,UgwsG5alwAHpqkF6moF4AaABAg,@TeresaCastilloReyes-f2u,Los protocolos,2026-05-22T20:58:28Z,0,guardia municipal de naucalpan,Policías ingresan a FES Acatlán y desatan confrontación,La Jornada,2026-05-20T04:33:49Z,2026-05-28 11:36:40
V2wE4HvfE0A,Ugyxk4cJjxLgnd23bSB4AaABAg,@TeresaCastilloReyes-f2u,No deben entrar los policías a las escuelas como Pedro a su casa hay protocolos,2026-05-22T20:58:15Z,0,guardia municipal de naucalpan,Policías ingresan a FES Acatlán y desatan confrontación,La Jornada,2026-05-20T04:33:49Z,2026-05-28 11:36:40
V2wE4HvfE0A,Ugxek3EUtbBvF5gg-8h4AaABAg,@TeresaCastilloReyes-f2u,Clara Brugada que es esto,2026-05-22T20:57:11Z,0,guardia municipal de naucalpan,Policías ingresan a FES Acatlán y desatan confrontación,La Jornada,2026-05-20T04:33:49Z,2026-05-28 11:36:40
V2wE4HvfE0A,UgyWr6Qyilpw7K_qZC54AaABAg,@juanjoseriospineda6429,N0 son estudiantes,2026-05-22T20:47:04Z,0,guardia municipal de naucalpan,Policías ingresan a FES Acatlán y desatan confrontación,La Jornada,2026-05-20T04:33:49Z,2026-05-28 11:36:40
V2wE4HvfE0A,UgzqGHmf39xG4PgUUVh4AaABAg,@jaimeescobar2852,Esa tribu nada la contenta y cuando se te echan alguno Entonces sí ya interrumpiendo el tráfico eso de la autonomía Obrera en época de Díaz Ordaz,2026-05-22T18:57:58Z,0,guardia municipal de naucalpan,Policías ingresan a FES Acatlán y desatan confrontación,La Jornada,2026-05-20T04:33:49Z,2026-05-28 11:36:40
V2wE4HvfE0A,UgxMaQn4Dh9frXlGYDx4AaABAg,@andresfeliperojasduarte6173,Ese policías como va a actuar solo ante un tumulto de personas. 😅😅,2026-05-22T03:15:49Z,0,guardia municipal de naucalpan,Policías ingresan a FES Acatlán y desatan confrontación,La Jornada,2026-05-20T04:33:49Z,2026-05-28 11:36:40
V2wE4HvfE0A,UgzfME6uExcYBxPgd794AaABAg,@kevintejedor7327,Pin che video sacado de contexto,2026-05-22T00:42:52Z,0,guardia municipal de naucalpan,Policías ingresan a FES Acatlán y desatan confrontación,La Jornada,2026-05-20T04:33:49Z,2026-05-28 11:36:40
V2wE4HvfE0A,Ugw5eEaI9UjVaTmcB8t4AaABAg,@pistachon-s3f,La mugrosa de polo rojo corto patética la vieja,2026-05-22T00:09:14Z,0,guardia municipal de naucalpan,Policías ingresan a FES Acatlán y desatan confrontación,La Jornada,2026-05-20T04:33:49Z,2026-05-28 11:36:40
V2wE4HvfE0A,Ugy6iZcDCLM20993xRB4AaABAg,@pistachon-s3f,Parecen todos simios gritando empujando  neandertales,2026-05-22T00:08:36Z,0,guardia municipal de naucalpan,Policías ingresan a FES Acatlán y desatan confrontación,La Jornada,2026-05-20T04:33:49Z,2026-05-28 11:36:40
V2wE4HvfE0A,Ugytv8zPONGflTvw4WN4AaABAg,@jesuscanoestevez4894,Y luego se quejan de que no detienen a los delincuentes! Cuando los detienen entorpecen a las autoridades! La supuesta autonomía de los planteles se interpreta a conveniencia? Ya no entendí!,2026-05-21T21:22:59Z,0,guardia municipal de naucalpan,Policías ingresan a FES Acatlán y desatan confrontación,La Jornada,2026-05-20T04:33:49Z,2026-05-28 11:36:40
V2wE4HvfE0A,UgwkAeH_b4Y4XWj7rkd4AaABAg,@soniaruiz4633,Hay éso de la autonomía y el fulano cayéndose de borracho y los vigilantes del plantel por qué no lo agarraron antes que entrara la policía?,2026-05-21T18:35:06Z,0,guardia municipal de naucalpan,Policías ingresan a FES Acatlán y desatan confrontación,La Jornada,2026-05-20T04:33:49Z,2026-05-28 11:36:40
V2wE4HvfE0A,UgzKVrBCwf2F2797HLp4AaABAg,@damarisenamorada6642,Mi esposo tenía un amigo de años según los dos eran estudiantes . Pero después se enteró que el amigo no,2026-05-21T16:45:44Z,0,guardia municipal de naucalpan,Policías ingresan a FES Acatlán y desatan confrontación,La Jornada,2026-05-20T04:33:49Z,2026-05-28 11:36:40
V2wE4HvfE0A,UgwJzrWqk_Rm1MLXgg14AaABAg,@damarisenamorada6642,Mi esposo tenía un amigo de años según los dos eran estudiantes . Pero después se enteró que el amigo no,2026-05-21T16:45:34Z,0,guardia municipal de naucalpan,Policías ingresan a FES Acatlán y desatan confrontación,La Jornada,2026-05-20T04:33:49Z,2026-05-28 11:36:40
V2wE4HvfE0A,UgxY-ErwUHmfpYCnLMl4AaABAg,@kukulkanchopperbikers,Entonces para que estudian esos que defienden algo que desconocen.<br>Vaya nivel académico.,2026-05-20T20:47:24Z,0,guardia municipal de naucalpan,Policías ingresan a FES Acatlán y desatan confrontación,La Jornada,2026-05-20T04:33:49Z,2026-05-28 11:36:40
V2wE4HvfE0A,Ugw2HLa3GFAGh-lhtNh4AaABAg,@AntonioMartinez-dp1ms,"Ya lo dijo el señor presidente Andrés Manuel López Obrador <br>Por encima de la ley nadie, caiga quien caiga.",2026-05-20T19:59:07Z,0,guardia municipal de naucalpan,Policías ingresan a FES Acatlán y desatan confrontación,La Jornada,2026-05-20T04:33:49Z,2026-05-28 11:36:40
V2wE4HvfE0A,UgzWqQ0bw4bwSvcEhsR4AaABAg,@estebancabrera8344,"Luego no estén chillando por la inseguridad y la impunidad. Si los policias entraron y detuvieron a esa persona, fue por algo que hizo.",2026-05-20T17:37:59Z,1,guardia municipal de naucalpan,Policías ingresan a FES Acatlán y desatan confrontación,La Jornada,2026-05-20T04:33:49Z,2026-05-28 11:36:40
V2wE4HvfE0A,UgwS_UPvwDsX4tPo45V4AaABAg,@jdgodoxlexgodoy4994,"Muy lamentable, en este país no existe el estado de derecho, todo mundo rompe la ley.",2026-05-20T16:48:07Z,0,guardia municipal de naucalpan,Policías ingresan a FES Acatlán y desatan confrontación,La Jornada,2026-05-20T04:33:49Z,2026-05-28 11:36:40
V2wE4HvfE0A,UgxnubsGvu7zNl5-hrB4AaABAg,@nahualtrece4781,"Policías de 1,50m sin la primaria terminada y un sueldo de $3000 pesos mensuales....",2026-05-20T16:45:46Z,0,guardia municipal de naucalpan,Policías ingresan a FES Acatlán y desatan confrontación,La Jornada,2026-05-20T04:33:49Z,2026-05-28 11:36:40
V2wE4HvfE0A,Ugz1zPaTxQORLr9RqZJ4AaABAg,@gabrielareyes9896,"Como siempre defendiendo delincuentes,buena idea para las ratas delincuentes ,cometer delitos e irse a refugiar a una escuela.",2026-05-20T16:42:44Z,1,guardia municipal de naucalpan,Policías ingresan a FES Acatlán y desatan confrontación,La Jornada,2026-05-20T04:33:49Z,2026-05-28 11:36:40
V2wE4HvfE0A,UgzknurGG4wfFwEY3wh4AaABAg,@juliancamargo8751,"MÉXICO MITOTERO, ASÍ SE DEBIERAN PONER CUANDO HAN SUCEDIDO F3M1N1C1D105 DENTRO DE LA UNAM, PERO DEFIENDEN LA &quot;AUTONOMÍA&quot; IGUAL QUE LA SCJN, JUSTICIA A LA CARTA O SELECTIVA....",2026-05-20T16:42:08Z,0,guardia municipal de naucalpan,Policías ingresan a FES Acatlán y desatan confrontación,La Jornada,2026-05-20T04:33:49Z,2026-05-28 11:36:40
V2wE4HvfE0A,Ugyb4y7r4VGlk-8zqSp4AaABAg,@JesusCruz-z6x,"Contexto?<br>Delito fragante?<br>Los primeros respondientes deben ser los servicios de seguridad de la UNAM, y entregar al presunto a la policía.",2026-05-20T16:39:15Z,0,guardia municipal de naucalpan,Policías ingresan a FES Acatlán y desatan confrontación,La Jornada,2026-05-20T04:33:49Z,2026-05-28 11:36:40
V2wE4HvfE0A,Ugy0m8yTW8SFSQON6XZ4AaABAg,@luisrol6437,La presidenta Claudia Sheinbaum pardo debe mandar al ejército a tomar CU por qué sea convertido en un nido de ratas,2026-05-20T16:37:07Z,0,guardia municipal de naucalpan,Policías ingresan a FES Acatlán y desatan confrontación,La Jornada,2026-05-20T04:33:49Z,2026-05-28 11:36:40
V2wE4HvfE0A,UgwEcWSTpiWhorAPMQV4AaABAg,@XE2DJR,La autoridad puede ingresar bajo la solicitud y autorización de la institución.<br>Pero los rojillos nunca lo permiten.,2026-05-20T16:31:37Z,1,guardia municipal de naucalpan,Policías ingresan a FES Acatlán y desatan confrontación,La Jornada,2026-05-20T04:33:49Z,2026-05-28 11:36:40
V2wE4HvfE0A,UgwkuZGQbLBIWafsX-h4AaABAg,@miriama.g7366,Será 😅,2026-05-20T16:08:52Z,0,guardia municipal de naucalpan,Policías ingresan a FES Acatlán y desatan confrontación,La Jornada,2026-05-20T04:33:49Z,2026-05-28 11:36:40
V2wE4HvfE0A,UgxICGtUGiGuzEgPG_h4AaABAg,@LuisRamos-ws1mt,Sin revoltosos porros del Alito,2026-05-20T16:00:00Z,0,guardia municipal de naucalpan,Policías ingresan a FES Acatlán y desatan confrontación,La Jornada,2026-05-20T04:33:49Z,2026-05-28 11:36:40
V2wE4HvfE0A,UgyK9fAVaozaPjldmJN4AaABAg,@miguelangelluna3592,"Siempre defendiendo delincuentes,y cuando pasan las tragedias,ahí están de ogts echándole la culpa a las autoridades y al gobierno, pinche gente pendeja .",2026-05-20T15:55:29Z,1,guardia municipal de naucalpan,Policías ingresan a FES Acatlán y desatan confrontación,La Jornada,2026-05-20T04:33:49Z,2026-05-28 11:36:40
V2wE4HvfE0A,UgxJzt7jQ4M447EhV1l4AaABAg,@carlosmante,Excelente Noticia que la Policia entre para arrestar Criminales........Alto a la Impunidad del Regimen NarcoFASCISTA MoreNARCO.........Hasta la Victoria Siempre.,2026-05-20T13:45:09Z,1,guardia municipal de naucalpan,Policías ingresan a FES Acatlán y desatan confrontación,La Jornada,2026-05-20T04:33:49Z,2026-05-28 11:36:40
V2wE4HvfE0A,Ugz2OjmKxHIM6_9REE14AaABAg,@Osso-l5h,MUY AGRESIVAS ESAS MUJERES DE FES E IRRESPONSABLES,2026-05-20T13:42:17Z,0,guardia municipal de naucalpan,Policías ingresan a FES Acatlán y desatan confrontación,La Jornada,2026-05-20T04:33:49Z,2026-05-28 11:36:40
V2wE4HvfE0A,UgzyNtaFQFRHi6zSKB54AaABAg,@alexbe9280,"LA UNAM, SIENDO LA UNAM.....🙄🙄🙄🙄🙄🙄",2026-05-20T13:34:26Z,2,guardia municipal de naucalpan,Policías ingresan a FES Acatlán y desatan confrontación,La Jornada,2026-05-20T04:33:49Z,2026-05-28 11:36:40
V2wE4HvfE0A,UgwkwQ8_5G6dYOVeGmh4AaABAg,@vitobarcenas5724,"Pues si es autónoma.<br>Y donde está el criterio de los que son profesionales.<br>Eso puede ser encubrimiento.<br>También falta de criterio de los oficiales, porqué se ponen a forcejear.<br>En vez de explicar, el motivo.",2026-05-20T12:46:15Z,0,guardia municipal de naucalpan,Policías ingresan a FES Acatlán y desatan confrontación,La Jornada,2026-05-20T04:33:49Z,2026-05-28 11:36:40
V2wE4HvfE0A,Ugyw5nCaEB7C79_dSg54AaABAg,@therenegaderabbi6007,"Pasa en los pueblos (donde gente iletrada corre al ejército, para proteger criminales), pasa con &quot;estudiantes&quot;, cuidando una impunidad disfrazada de &quot;autonomía&quot;<br><br>Pendejos, pendejos everywhere 🙄",2026-05-20T12:22:05Z,0,guardia municipal de naucalpan,Policías ingresan a FES Acatlán y desatan confrontación,La Jornada,2026-05-20T04:33:49Z,2026-05-28 11:36:40
V2wE4HvfE0A,UgzDtEOo3O1V70BJ7814AaABAg,@mariadelcarmenllamas3164,"JÓVENES ESTUDIANTES PERMITAN A LA POLICÍA DETERMINAR AL CONDUCTOR “ ES MUY PELIGROSO QUE MANEJEN ASI”    ME HA TICADO VER S CHOFERES DE PESEROS MUY JOVENCITOS UR TOMANDO CERVEZA Y MANEJANDO LA UNIDAD DONDE VIAJABA Y NO ME PUDE BAJAR, PORQUE ESTABA UN AGUACERO 🤷‍♀️👏🏼",2026-05-20T09:35:14Z,1,guardia municipal de naucalpan,Policías ingresan a FES Acatlán y desatan confrontación,La Jornada,2026-05-20T04:33:49Z,2026-05-28 11:36:40
V2wE4HvfE0A,Ugx4axFiZRm5GqtUguV4AaABAg,@julietac.bravoflores2025,"⚠️es una situación de doble filo, no debieron entrar pero los delincuentes se van y se refugian en las universidades autónomas...  VAYA DILEMA",2026-05-20T08:22:16Z,7,guardia municipal de naucalpan,Policías ingresan a FES Acatlán y desatan confrontación,La Jornada,2026-05-20T04:33:49Z,2026-05-28 11:36:40
V2wE4HvfE0A,Ugx85UwT5RW4tKwRNF94AaABAg,@charosaasan,Quienes lo defendieron lo conocen y son cómplices entonces.,2026-05-20T07:20:16Z,2,guardia municipal de naucalpan,Policías ingresan a FES Acatlán y desatan confrontación,La Jornada,2026-05-20T04:33:49Z,2026-05-28 11:36:40
V2wE4HvfE0A,UgwVs7R3mPmAFOpa8h94AaABAg,@carlosramos6598,Que noticia tan maravillosa para el hampa UNAM refugio de delincuentes,2026-05-20T06:30:14Z,1,guardia municipal de naucalpan,Policías ingresan a FES Acatlán y desatan confrontación,La Jornada,2026-05-20T04:33:49Z,2026-05-28 11:36:40
V2wE4HvfE0A,UgxfHXCgdt3Zb73vI1Z4AaABAg,@bolchevique,FIN DE LA POLICÍA!,2026-05-20T06:25:49Z,2,guardia municipal de naucalpan,Policías ingresan a FES Acatlán y desatan confrontación,La Jornada,2026-05-20T04:33:49Z,2026-05-28 11:36:40
V2wE4HvfE0A,Ugw5mkK7lpbfDLN3wz54AaABAg,@JuanitaBarragan-e1w,"Esas son autoridades de la fes acatlan DEFENDIENDO A UN EBRIO,  ES EN SERIO???",2026-05-20T06:11:05Z,1,guardia municipal de naucalpan,Policías ingresan a FES Acatlán y desatan confrontación,La Jornada,2026-05-20T04:33:49Z,2026-05-28 11:36:40
V2wE4HvfE0A,Ugw3gPzpOBr_QemO3lJ4AaABAg,@ceciliamagana1040,"La POLICÍA ni el EJÉRCITO, pueden entrar a la UNAM... Es que los alumnos y autoridades tienen TODA LA RAZÓN <br>SINO PREGUNTEN A GENERACIONES ANTERIORES CUANDO INVADIERON CU....😢",2026-05-20T06:08:13Z,2,guardia municipal de naucalpan,Policías ingresan a FES Acatlán y desatan confrontación,La Jornada,2026-05-20T04:33:49Z,2026-05-28 11:36:40
V2wE4HvfE0A,UgzOyShlp66J0gS1q5d4AaABAg,@LuisSanchez-wl7fh,porros defendiendo a delicuentes.,2026-05-20T06:05:51Z,7,guardia municipal de naucalpan,Policías ingresan a FES Acatlán y desatan confrontación,La Jornada,2026-05-20T04:33:49Z,2026-05-28 11:36:40
V2wE4HvfE0A,UgxJHkziY10paHBrSDZ4AaABAg,@raulmartinezolvera599,"De que sirve hoy que argumenten &quot;autonomía universitaria&quot; en los planteles, con respecto a la seguridad pública?<br>La vigilancia de la UNAM no tiene facultades policíacas, no pueden reaccionar ante delincuentes e infractores.<br>Esos planteles son tierra sin ley. Hay venta de drogas a plena luz del día y con el conocimiento de las autoridades universitarias.<br>Un escudo que cubre delincuentes y promueve la impunidad. Habrá un rector que tenga los tamaños para reformar en pro de la seguridad de la comunidad universitaria? No lo creo.",2026-05-20T06:00:05Z,12,guardia municipal de naucalpan,Policías ingresan a FES Acatlán y desatan confrontación,La Jornada,2026-05-20T04:33:49Z,2026-05-28 11:36:40
V2wE4HvfE0A,UgyMGjl6HjskvghXCgN4AaABAg,@susefor,"&quot;estudiantes intentaron evitar la  detención&quot;, pues estarán en su tercer doctorado porque se ve puro octagenario 😊",2026-05-20T05:56:14Z,3,guardia municipal de naucalpan,Policías ingresan a FES Acatlán y desatan confrontación,La Jornada,2026-05-20T04:33:49Z,2026-05-28 11:36:40
V2wE4HvfE0A,UgyP-cUtZZQdDi1Wr4t4AaABAg,@JuanCarlosParraFelix,Simios,2026-05-20T05:53:26Z,0,guardia municipal de naucalpan,Policías ingresan a FES Acatlán y desatan confrontación,La Jornada,2026-05-20T04:33:49Z,2026-05-28 11:36:40
V2wE4HvfE0A,UgxxC9ckhXDMFDDgnHd4AaABAg,@geofunam8717,En la UNAM se vende la droga muy bien,2026-05-20T05:52:41Z,5,guardia municipal de naucalpan,Policías ingresan a FES Acatlán y desatan confrontación,La Jornada,2026-05-20T04:33:49Z,2026-05-28 11:36:40
V2wE4HvfE0A,UgzMivZoZWqlvogBvat4AaABAg,@sofiamillan-rl9pp,Y quién es el detenido?,2026-05-20T05:43:14Z,3,guardia municipal de naucalpan,Policías ingresan a FES Acatlán y desatan confrontación,La Jornada,2026-05-20T04:33:49Z,2026-05-28 11:36:40
V2wE4HvfE0A,UgxDiTowU_Yf3LCoUSt4AaABAg,@martinposadas6425,La autonomía desapareció hace muchos años,2026-05-20T05:38:10Z,5,guardia municipal de naucalpan,Policías ingresan a FES Acatlán y desatan confrontación,La Jornada,2026-05-20T04:33:49Z,2026-05-28 11:36:40
V2wE4HvfE0A,Ugygqo81W3CICqsQJUN4AaABAg,@antoniomartinezrodriguez8460,Esos dinosaurios son estudiantes?.   Asi quedan con las drogas,2026-05-20T05:34:47Z,15,guardia municipal de naucalpan,Policías ingresan a FES Acatlán y desatan confrontación,La Jornada,2026-05-20T04:33:49Z,2026-05-28 11:36:40
V2wE4HvfE0A,Ugx5GBRX6pZS8nJi_hV4AaABAg,@franciscoromero378,Ya ven como los porros siguen existiendo.😂😂😂,2026-05-20T05:30:40Z,13,guardia municipal de naucalpan,Policías ingresan a FES Acatlán y desatan confrontación,La Jornada,2026-05-20T04:33:49Z,2026-05-28 11:36:40
V2wE4HvfE0A,Ugx8GYdl9CIu2Wt_FlR4AaABAg,@Hola_Lolo,&quot;Estudiantes&quot;,2026-05-20T05:24:38Z,7,guardia municipal de naucalpan,Policías ingresan a FES Acatlán y desatan confrontación,La Jornada,2026-05-20T04:33:49Z,2026-05-28 11:36:40
V2wE4HvfE0A,UgzJUEwIEuVxX1hHxuV4AaABAg,@stratusrt6381,"Que estudiantes tan ignorantes, pero eso sí, cuando hay problemas dentro del plantel, ahí van chillando como niñas, llamando a la policía.😂😂😂",2026-05-20T05:15:21Z,31,guardia municipal de naucalpan,Policías ingresan a FES Acatlán y desatan confrontación,La Jornada,2026-05-20T04:33:49Z,2026-05-28 11:36:40
V2wE4HvfE0A,UgydHMwO5_FuDoAiHGR4AaABAg,@victorrosas5463,Si la Autonomía pero si hubiese habido tiroteo por parte del detenido la culpa es de las autoridades,2026-05-20T05:01:18Z,30,guardia municipal de naucalpan,Policías ingresan a FES Acatlán y desatan confrontación,La Jornada,2026-05-20T04:33:49Z,2026-05-28 11:36:40
V2wE4HvfE0A,UgwJM14H4x3afJXUxsZ4AaABAg,@nachogomez6375,🙄gustavo diaz ordaz el super agente de la c.i.a metio a la c.i.a a la unam para desaparecer miles de comunistas con sacrificios de estudiantes para perpetuar al prian y la c.i.a en acatlan,2026-05-20T04:54:11Z,7,guardia municipal de naucalpan,Policías ingresan a FES Acatlán y desatan confrontación,La Jornada,2026-05-20T04:33:49Z,2026-05-28 11:36:40
V2wE4HvfE0A,UgxthozGiN4_z17W1T94AaABAg,@oliverocampo2198,No Confundan Autonomía con Impunidad !!!,2026-05-20T04:49:07Z,39,guardia municipal de naucalpan,Policías ingresan a FES Acatlán y desatan confrontación,La Jornada,2026-05-20T04:33:49Z,2026-05-28 11:36:40
VN1vg6lnz_I,UgyxstpQ8CdUFMiaCxh4AaABAg,@rino8041,No es culpa de los polis es culpa de sus empleadores q no les dan capacitación no saben q pueden y q no pueden hacer  solo son ignorantes,2026-05-21T12:44:18Z,0,guardia municipal de naucalpan,Censura en Naucalpan: Policías intentan amedrentar a reporteros durante cobertura,adn Noticias,2026-05-16T17:10:29Z,2026-05-28 11:36:40
VN1vg6lnz_I,UgyvLDzb1J_9zCktdu94AaABAg,@garitorvrodriguez4127,"Pero también la gente que va y tira basura ahi, que piensa?",2026-05-18T15:50:56Z,0,guardia municipal de naucalpan,Censura en Naucalpan: Policías intentan amedrentar a reporteros durante cobertura,adn Noticias,2026-05-16T17:10:29Z,2026-05-28 11:36:40
VN1vg6lnz_I,UgzJPPuwngjv5k9YwUZ4AaABAg,@Mike-f4o5b,Fuera este gobierno MALO Morenista está destruyendo a México,2026-05-18T14:50:01Z,1,guardia municipal de naucalpan,Censura en Naucalpan: Policías intentan amedrentar a reporteros durante cobertura,adn Noticias,2026-05-16T17:10:29Z,2026-05-28 11:36:40
VN1vg6lnz_I,Ugz-x0HMzf0hmnT-ge14AaABAg,@lijrgcalderon,Los patos tirandole a las escopetas!! En lugar de ponerse a trabajar se ponen a grabar....,2026-05-18T00:29:08Z,0,guardia municipal de naucalpan,Censura en Naucalpan: Policías intentan amedrentar a reporteros durante cobertura,adn Noticias,2026-05-16T17:10:29Z,2026-05-28 11:36:40
VN1vg6lnz_I,UgwP2EGCYX7_o-Ulsil4AaABAg,@alxmc0927,Solo con el hecho de grabar al ciudadano con un teléfono personal ya es un delito departe de el policía ya que el es el servidor público.,2026-05-17T17:42:26Z,0,guardia municipal de naucalpan,Censura en Naucalpan: Policías intentan amedrentar a reporteros durante cobertura,adn Noticias,2026-05-16T17:10:29Z,2026-05-28 11:36:40
VN1vg6lnz_I,UgxHZUPe1QpA0bgZdQZ4AaABAg,@karlarodriguez-ys7lx,Desgraciadamente esos policías solo reciben órdenes desde arriba o sea la gobernadora del estado de México.,2026-05-17T17:31:16Z,0,guardia municipal de naucalpan,Censura en Naucalpan: Policías intentan amedrentar a reporteros durante cobertura,adn Noticias,2026-05-16T17:10:29Z,2026-05-28 11:36:40
VN1vg6lnz_I,Ugz0ZBbQmbITWVPGGYp4AaABAg,@eliasgonzalez3589,No son servidores publicos es puro ratero,2026-05-17T17:17:38Z,0,guardia municipal de naucalpan,Censura en Naucalpan: Policías intentan amedrentar a reporteros durante cobertura,adn Noticias,2026-05-16T17:10:29Z,2026-05-28 11:36:40
VN1vg6lnz_I,Ugyb6cAzETrze76BlqR4AaABAg,@livi6177,Suban el vídeo de las amenazas,2026-05-17T17:14:15Z,0,guardia municipal de naucalpan,Censura en Naucalpan: Policías intentan amedrentar a reporteros durante cobertura,adn Noticias,2026-05-16T17:10:29Z,2026-05-28 11:36:40
VN1vg6lnz_I,Ugy5ndbwa8Xc5FKtYTN4AaABAg,@juanmartinbernalpascual6353,Éstos morenos haya se están pasando de Dictadores. Hay que ASER algo. Para sacarlos de este país. Por qué si seguimos a qué estos.  Corruptos. Nos van a pisotear y va ser demasiado tarde.,2026-05-17T16:45:00Z,0,guardia municipal de naucalpan,Censura en Naucalpan: Policías intentan amedrentar a reporteros durante cobertura,adn Noticias,2026-05-16T17:10:29Z,2026-05-28 11:36:40
VN1vg6lnz_I,UgzIUKKlsJrBCo_8B-R4AaABAg,@berthacastillo7951,"No todo va bien en el gobierno, esa gobernadora del estado de México es una inepta, ya basta la presidenta ya tiene que poner orden",2026-05-17T16:40:23Z,0,guardia municipal de naucalpan,Censura en Naucalpan: Policías intentan amedrentar a reporteros durante cobertura,adn Noticias,2026-05-16T17:10:29Z,2026-05-28 11:36:40
VN1vg6lnz_I,UgzTMPi_lFCVshr2LQ94AaABAg,@jestr2367,Jajajaja jajajaja jajajaja jajajaja <br>Puro alemán de fuerzas super especiales <br>Jajajaja jajajaja jajajaja,2026-05-17T16:35:52Z,0,guardia municipal de naucalpan,Censura en Naucalpan: Policías intentan amedrentar a reporteros durante cobertura,adn Noticias,2026-05-16T17:10:29Z,2026-05-28 11:36:40
VN1vg6lnz_I,UgxgLGo6wjBIOjJkV8B4AaABAg,@anaRodriguez-fd4io,En Naucalpan es habiéndo mucha corrupción desde el gobernante que protege a los delincuentes  y extorsiónando a los tianguistas de Naucalpan.<br>No les gusta que los exvan,2026-05-17T16:14:47Z,0,guardia municipal de naucalpan,Censura en Naucalpan: Policías intentan amedrentar a reporteros durante cobertura,adn Noticias,2026-05-16T17:10:29Z,2026-05-28 11:36:40
VN1vg6lnz_I,Ugwb1l_v8XJDXuMOJNd4AaABAg,@Alfredo-h8e,Naucalpan ya es un Basurero en todo sentido’ quién iba a decir que pasaría de ser la joya de la corona a una corona sin joya’  😢,2026-05-17T16:09:13Z,2,guardia municipal de naucalpan,Censura en Naucalpan: Policías intentan amedrentar a reporteros durante cobertura,adn Noticias,2026-05-16T17:10:29Z,2026-05-28 11:36:40
VN1vg6lnz_I,Ugytc35f2p7Gj1L3tJN4AaABAg,@Alfredo-h8e,"Y esa conducta Desgraciadamente No es de ahora’ es de hace muchísimo tiempo, y desafortunadamente no existe por lo menos alguna institución que supervise e inicie procedimiemtos contra esas conductas y los delitos que se desprenden de ellas’ y no la creean por obvias razones !  Pero eso puede parar cuando los ciudadanos dejemos de ser solo meros espectadores y cambiemos la mentalidad de cómo a mí no pasa y a mi no afecta, pues sencillamente paso de largo’ pero qué tal el día que nos toca ahí si le pedimos a todos lo santos y a medio mundo que intervengan y venga el santísimo en nuestro auxilio !",2026-05-17T16:05:39Z,1,guardia municipal de naucalpan,Censura en Naucalpan: Policías intentan amedrentar a reporteros durante cobertura,adn Noticias,2026-05-16T17:10:29Z,2026-05-28 11:36:40
VN1vg6lnz_I,UgwGrzjOuXdR7NSrPtJ4AaABAg,@AdrianRangel-h2l,Pero para robar son finos los policías.,2026-05-17T15:42:44Z,0,guardia municipal de naucalpan,Censura en Naucalpan: Policías intentan amedrentar a reporteros durante cobertura,adn Noticias,2026-05-16T17:10:29Z,2026-05-28 11:36:40
VN1vg6lnz_I,UgwLCfmC_JKwa_Q7vdB4AaABAg,@faustaojeda4825,Cierto pero tambien yo viví allá mucho tiempo y pues deven de tener conciencia que savian en dónde construyeron y aora quieren que las autoridades los ayuden😢,2026-05-17T15:36:28Z,0,guardia municipal de naucalpan,Censura en Naucalpan: Policías intentan amedrentar a reporteros durante cobertura,adn Noticias,2026-05-16T17:10:29Z,2026-05-28 11:36:40
VN1vg6lnz_I,UgxNgiNv0J930_5gGpt4AaABAg,@choferescrisol3007,"Pero que tal están para robar,  desaparecer personas, inventar delitos, usurpar funciones. Ya hay que tomar justicia por propia mano contra estos puercos. YA BASTA...",2026-05-17T15:06:25Z,0,guardia municipal de naucalpan,Censura en Naucalpan: Policías intentan amedrentar a reporteros durante cobertura,adn Noticias,2026-05-16T17:10:29Z,2026-05-28 11:36:40
VN1vg6lnz_I,UgxVXNRem5X9LoYX2St4AaABAg,@penelopediaz278,😂😂😂😂 ¿ Dónde está el municipio de Naucalpan?,2026-05-17T14:50:38Z,0,guardia municipal de naucalpan,Censura en Naucalpan: Policías intentan amedrentar a reporteros durante cobertura,adn Noticias,2026-05-16T17:10:29Z,2026-05-28 11:36:40
VN1vg6lnz_I,Ugx2E-mtZhy9faZG1cF4AaABAg,@GabrielAmbriz-h5b,Que pinches mentiras solo están resguardando para que no aya accidentes,2026-05-17T12:36:47Z,1,guardia municipal de naucalpan,Censura en Naucalpan: Policías intentan amedrentar a reporteros durante cobertura,adn Noticias,2026-05-16T17:10:29Z,2026-05-28 11:36:40
VN1vg6lnz_I,UgxnvIkG2P8_oBgBdxt4AaABAg,@iandeckoropezanavarrete4384,Nose ke esperan para kitar a la presidente del cargo empezando con ella y como no les sale mochada para ellos por eso se ponen como ratas ke son,2026-05-17T10:52:25Z,2,guardia municipal de naucalpan,Censura en Naucalpan: Policías intentan amedrentar a reporteros durante cobertura,adn Noticias,2026-05-16T17:10:29Z,2026-05-28 11:36:40
VN1vg6lnz_I,UgzMq7z9C4K5WfhVd7x4AaABAg,@joseluisgomezperez2319,"Ay ya. Ya estamos asta la mad,,,,, de polizontes 💩💩. Siempre es lo mismo 🤮🤬🤬",2026-05-17T06:19:46Z,1,guardia municipal de naucalpan,Censura en Naucalpan: Policías intentan amedrentar a reporteros durante cobertura,adn Noticias,2026-05-16T17:10:29Z,2026-05-28 11:36:40
VN1vg6lnz_I,Ugz7q2XwojsJohnAqlV4AaABAg,@AbelCabralPiña,estan en un aroyo y no pagan nada de inpuestos ay que botarlos para un cerro no en una varranca o arroyo largence de aqui,2026-05-17T04:26:05Z,1,guardia municipal de naucalpan,Censura en Naucalpan: Policías intentan amedrentar a reporteros durante cobertura,adn Noticias,2026-05-16T17:10:29Z,2026-05-28 11:36:40
VN1vg6lnz_I,UgzlvC-sPBzr6nXk-l94AaABAg,@JuancPaz-y8l,"Lo que pasa es que ya están tan rebasados, con noticias dónde se les exciben, sus deficiencias , y eso les molesta !!!... Muchas gracias a ustedes periodistas , que con valor denuncian o exponen la problemática que prevalezca . Cuídense mucho, Dios los proteja y bendiga siempre a ustedes.",2026-05-17T01:56:23Z,9,guardia municipal de naucalpan,Censura en Naucalpan: Policías intentan amedrentar a reporteros durante cobertura,adn Noticias,2026-05-16T17:10:29Z,2026-05-28 11:36:40
VN1vg6lnz_I,UgwppwwP7RHu5O2AiOZ4AaABAg,@gabinoperez5562,Tv 💩 en acion sin niguna entrevista solo lo que  ellos disen,2026-05-17T01:47:00Z,1,guardia municipal de naucalpan,Censura en Naucalpan: Policías intentan amedrentar a reporteros durante cobertura,adn Noticias,2026-05-16T17:10:29Z,2026-05-28 11:36:40
VN1vg6lnz_I,Ugx1wBJ_wilO_YcaHMJ4AaABAg,@SalvadorRangel-oq8jt,"No son policías,  son ALCONES DE LA NACIÓN",2026-05-17T01:03:51Z,5,guardia municipal de naucalpan,Censura en Naucalpan: Policías intentan amedrentar a reporteros durante cobertura,adn Noticias,2026-05-16T17:10:29Z,2026-05-28 11:36:40
VN1vg6lnz_I,Ugy02l1OmmktQUjx_DJ4AaABAg,@SalvadorRangel-oq8jt,"Toda una MÁLDITA DICTADURA,  fuera CMNG CARTEL MORENA NUEVA GENERACIÓN",2026-05-17T01:02:49Z,3,guardia municipal de naucalpan,Censura en Naucalpan: Policías intentan amedrentar a reporteros durante cobertura,adn Noticias,2026-05-16T17:10:29Z,2026-05-28 11:36:40
VN1vg6lnz_I,UgyN6AR6iidBmZS-x7l4AaABAg,@pablogonzalez7033,"No son policías,son delincuentes uniformados",2026-05-17T00:58:29Z,5,guardia municipal de naucalpan,Censura en Naucalpan: Policías intentan amedrentar a reporteros durante cobertura,adn Noticias,2026-05-16T17:10:29Z,2026-05-28 11:36:40
VN1vg6lnz_I,UgxIRsIqvU6xJ-y5OLZ4AaABAg,@Frida_MG,Prefieren gastar el dinero del país en puras tonterías. Un ejemplo es el mundial. 🙄😒😠,2026-05-17T00:53:12Z,8,guardia municipal de naucalpan,Censura en Naucalpan: Policías intentan amedrentar a reporteros durante cobertura,adn Noticias,2026-05-16T17:10:29Z,2026-05-28 11:36:40
VN1vg6lnz_I,UgwK36YRGku1mt6uC2B4AaABAg,@josehybran83,"Naucalpan se ha convertido en un municipio de delincuentes, abusos de autoridad y sobre todo una mafia en las autoridades municipales, porque ya hay que cuidarse del municipio y de la delincuencia.",2026-05-17T00:28:57Z,10,guardia municipal de naucalpan,Censura en Naucalpan: Policías intentan amedrentar a reporteros durante cobertura,adn Noticias,2026-05-16T17:10:29Z,2026-05-28 11:36:40
VN1vg6lnz_I,UgzSKTVEh-3K6O2WJRp4AaABAg,@paulinaespinoza3575,"COMO LE PUEDEN LLAMAR GOBERNAFORA  A  UNA PERSONA CORRUPTA IGNORANTE Y MUCHAS COSAS MÁS,",2026-05-17T00:23:45Z,7,guardia municipal de naucalpan,Censura en Naucalpan: Policías intentan amedrentar a reporteros durante cobertura,adn Noticias,2026-05-16T17:10:29Z,2026-05-28 11:36:40
VN1vg6lnz_I,UgxK2kHWsZ9xy8w1YmZ4AaABAg,@faustosalgado1848,"Jajajaja , un tepocate con uniforme,, jajajaja.",2026-05-16T21:40:58Z,2,guardia municipal de naucalpan,Censura en Naucalpan: Policías intentan amedrentar a reporteros durante cobertura,adn Noticias,2026-05-16T17:10:29Z,2026-05-28 11:36:40
VN1vg6lnz_I,UgxDFv2JS8AQO1RLkKx4AaABAg,@paulinaespinoza3575,A esos agentes si se les puede llamar agentes NECESITAN CLASES PARA ESA PROFECION Q ESTÁN IGNORATES DE COMO HACER ESE TRABAJO,2026-05-16T20:40:50Z,15,guardia municipal de naucalpan,Censura en Naucalpan: Policías intentan amedrentar a reporteros durante cobertura,adn Noticias,2026-05-16T17:10:29Z,2026-05-28 11:36:40
VN1vg6lnz_I,UgxnXreXTT7mUTn3dqp4AaABAg,@SomaC712,"Ok no hay autoridades que limpien, pero tampoco hay ciudadanos que no contaminen...",2026-05-16T20:14:33Z,9,guardia municipal de naucalpan,Censura en Naucalpan: Policías intentan amedrentar a reporteros durante cobertura,adn Noticias,2026-05-16T17:10:29Z,2026-05-28 11:36:40
VN1vg6lnz_I,UgypvfdeJyPaRkr_mg54AaABAg,@RobertoArias-xs8ws,LAS IMÁGENES HABLAN Y RECORREN TODO EL MUNDO QUE VERGÜENZA DE NARCO GOBIERNO MOREPRIAN Y LO QUE FALTA TODAVÍA,2026-05-16T19:53:01Z,5,guardia municipal de naucalpan,Censura en Naucalpan: Policías intentan amedrentar a reporteros durante cobertura,adn Noticias,2026-05-16T17:10:29Z,2026-05-28 11:36:40
VN1vg6lnz_I,Ugwh7CP1PMI3HblnZCp4AaABAg,@jesussantiago9293,Jajaja no pueden solo los puercos que necesitan al juez 😢😂😂😂😂,2026-05-16T19:31:22Z,8,guardia municipal de naucalpan,Censura en Naucalpan: Policías intentan amedrentar a reporteros durante cobertura,adn Noticias,2026-05-16T17:10:29Z,2026-05-28 11:36:40
VN1vg6lnz_I,Ugx1pjFARH3ZbwvLAG94AaABAg,@MoyMorales-y2k,Jjjjjj😂,2026-05-16T18:28:16Z,1,guardia municipal de naucalpan,Censura en Naucalpan: Policías intentan amedrentar a reporteros durante cobertura,adn Noticias,2026-05-16T17:10:29Z,2026-05-28 11:36:40
VN1vg6lnz_I,Ugx2ljNdwUUtCETofcx4AaABAg,@robertovargas7429,Pinche perro sería el colmo q al periodista  lo quieran extorsionar,2026-05-16T18:13:04Z,8,guardia municipal de naucalpan,Censura en Naucalpan: Policías intentan amedrentar a reporteros durante cobertura,adn Noticias,2026-05-16T17:10:29Z,2026-05-28 11:36:40
VN1vg6lnz_I,UgwtFnPQBY994lEeiyl4AaABAg,@RomualdoChavarria,^=Clon .:. Dios .:. a lo mas vajo .:. afirmos .:.,2026-05-16T18:08:41Z,1,guardia municipal de naucalpan,Censura en Naucalpan: Policías intentan amedrentar a reporteros durante cobertura,adn Noticias,2026-05-16T17:10:29Z,2026-05-28 11:36:40
VN1vg6lnz_I,Ugxp9Wo_uBT2mmwvcM94AaABAg,@malenamera4122,No recogen la basura!!! Pasan hasta 1 vez a la semana,2026-05-16T17:52:23Z,3,guardia municipal de naucalpan,Censura en Naucalpan: Policías intentan amedrentar a reporteros durante cobertura,adn Noticias,2026-05-16T17:10:29Z,2026-05-28 11:36:40
VN1vg6lnz_I,UgyjNaSMHHkpitJ8M7d4AaABAg,@maritzaangelesMartinez,LOS POLIPUERCOS,2026-05-16T17:41:17Z,15,guardia municipal de naucalpan,Censura en Naucalpan: Policías intentan amedrentar a reporteros durante cobertura,adn Noticias,2026-05-16T17:10:29Z,2026-05-28 11:36:40
VN1vg6lnz_I,UgyePuAGpYMhJdcWM5d4AaABAg,@AlfonsoAvendaño-o7i,"Pero que tal los niveles de inseguridad en el estado de México, al 💯",2026-05-16T17:35:37Z,32,guardia municipal de naucalpan,Censura en Naucalpan: Policías intentan amedrentar a reporteros durante cobertura,adn Noticias,2026-05-16T17:10:29Z,2026-05-28 11:36:40
VN1vg6lnz_I,UgxT-9QFva_ZBGoiC9h4AaABAg,@IrmaOrtiz-rd4wy,"Exigimos la libertad de expresión para todos los mexicanos, no que somos un país libre y soberano??? pruebas exigimos pruebas !!!!!!",2026-05-16T17:33:57Z,32,guardia municipal de naucalpan,Censura en Naucalpan: Policías intentan amedrentar a reporteros durante cobertura,adn Noticias,2026-05-16T17:10:29Z,2026-05-28 11:36:40
VN1vg6lnz_I,UgySU7Csc3OQEgtdg954AaABAg,@fernandosebastiansanchezga8169,Tienen bien jodido al Estado de México 🎉,2026-05-16T17:31:55Z,22,guardia municipal de naucalpan,Censura en Naucalpan: Policías intentan amedrentar a reporteros durante cobertura,adn Noticias,2026-05-16T17:10:29Z,2026-05-28 11:36:40
VN1vg6lnz_I,UgwOxSrvHzoYYFacbOp4AaABAg,@AmandaCid-m1j6n,El oficio más asqueroso del planeta policía,2026-05-16T17:29:10Z,15,guardia municipal de naucalpan,Censura en Naucalpan: Policías intentan amedrentar a reporteros durante cobertura,adn Noticias,2026-05-16T17:10:29Z,2026-05-28 11:36:40
VN1vg6lnz_I,Ugx16SaXDkrYm-6wwHJ4AaABAg,@mariadelpilarcarrera7375,No entiendo porque no dejan trabajar a los periodistas...gobernadora pónganse a trabajar.  Lo siento por los afectados.,2026-05-16T17:22:33Z,7,guardia municipal de naucalpan,Censura en Naucalpan: Policías intentan amedrentar a reporteros durante cobertura,adn Noticias,2026-05-16T17:10:29Z,2026-05-28 11:36:40
lsOJLxIcMoI,UgwgfkwUXEjNNBvZrwN4AaABAg,@johnhernandez7,"vulnerar la autonomía de la unam? que son un territorio extanjero o qué? generan sus propios ingresos o que? ya se le deberia de retirar esa mal llamada autonomía, en lo único que si pueden ser &quot;autónomos&quot; es en la cátedra, en los demás que ellos reclaman autonomía, no, es de locos.",2026-05-21T19:14:51Z,0,guardia municipal de naucalpan,Ingreso de policías a FES Acatlán provoca debate sobre autonomía de la UNAM,MILENIO,2026-05-21T07:11:08Z,2026-05-28 11:36:40
lsOJLxIcMoI,UgxCpdVhv3atpoqsRDJ4AaABAg,@blackcat-gn7vf,"Esta mal entendida esa autonomia, un estado no ouede estar dentro de otro estaso y me refiero expesificamente a las leyes, las ketes que hay afuera y dentro de un area de estudio llamese facultad , universidad etc no puede ni debe ser aolicada diferente, la autonomia se refuere a la libertad de catedra , es decir a la libertad de ideas y formas de enseñar no a qué si hay un delito en el interior haya impunidad o un tipo de protecion o fuero , ya sea para un estudiante o grnte ahena al plantel , que mal estamos en el país,ka gente que va a ese lugar se supone que debe ir a estudiar no a delinquir.",2026-05-21T18:57:44Z,0,guardia municipal de naucalpan,Ingreso de policías a FES Acatlán provoca debate sobre autonomía de la UNAM,MILENIO,2026-05-21T07:11:08Z,2026-05-28 11:36:40
lsOJLxIcMoI,Ugy6HyWk1Ep_86r2Dc14AaABAg,@ractar,"la dichosa autonomia solo debe aplicar a sobre como den clase y usen su dinero la escuela, pero en delitos no debe existir como  excusa",2026-05-21T18:53:48Z,1,guardia municipal de naucalpan,Ingreso de policías a FES Acatlán provoca debate sobre autonomía de la UNAM,MILENIO,2026-05-21T07:11:08Z,2026-05-28 11:36:40
lsOJLxIcMoI,UgwzA1XyVyAdVd9OlFR4AaABAg,@IsmaelHeredia-g3t,ESA AUTONOMIA QUE SOLO FAVORECE A LA IMPUNIDAD!!!…..YA ES HORA DE QUE SE RESTABLEZCA LA LEY EN ESEOS LUGARES. ESA MAL LLAMADA AUTONOMÍA NO FAVORECE EN NADA ANLOS CAMPUS EDUCATIVOS!!!!….QUE SE ACABEN LAS TOMAS VIOLENTAS Y QUE SE ACABEN LOS PORROS Y LOS  ENCAPUCHADOS,2026-05-21T14:08:03Z,0,guardia municipal de naucalpan,Ingreso de policías a FES Acatlán provoca debate sobre autonomía de la UNAM,MILENIO,2026-05-21T07:11:08Z,2026-05-28 11:36:40
ZclQohgHVAQ,Ugw8FzmXiZRLG6XDUkh4AaABAg,@IsraelMZ-q9q,Proyectos a corto mediano y largo plazo para sus estados,2026-05-28T17:21:57Z,0,guardia municipal de naucalpan,"Operativo Enjambre destapa presunta red criminal en alcaldías, Morelos; poder político bajo sospecha",UnoTV,2026-05-22T01:00:06Z,2026-05-28 11:36:40
ZclQohgHVAQ,UgwW76zvsbvo5W4yTg14AaABAg,@IsraelMZ-q9q,Si invirtieran uf cuanto dinero de todos modos si no lo hacen ustedes lo van hacer otros no somos indispensables,2026-05-28T17:17:38Z,0,guardia municipal de naucalpan,"Operativo Enjambre destapa presunta red criminal en alcaldías, Morelos; poder político bajo sospecha",UnoTV,2026-05-22T01:00:06Z,2026-05-28 11:36:40
ZclQohgHVAQ,UgyYU6t8vYIYeDj0i0N4AaABAg,@IsraelMZ-q9q,Si invirtieran uf cuanto dinero,2026-05-28T17:15:10Z,0,guardia municipal de naucalpan,"Operativo Enjambre destapa presunta red criminal en alcaldías, Morelos; poder político bajo sospecha",UnoTV,2026-05-22T01:00:06Z,2026-05-28 11:36:40
ZclQohgHVAQ,Ugw8X5XbreRBTUqIgUB4AaABAg,@IsraelMZ-q9q,Cuántos extranjeros en Morelos dejando muchísimo dinero y funcionarios brincando de puesto,2026-05-28T17:06:02Z,0,guardia municipal de naucalpan,"Operativo Enjambre destapa presunta red criminal en alcaldías, Morelos; poder político bajo sospecha",UnoTV,2026-05-22T01:00:06Z,2026-05-28 11:36:40
ZclQohgHVAQ,UgysKDYlhYHcGPk08AV4AaABAg,@IsraelMZ-q9q,Pensar que Morelos es un paraíso hasta para extranjeros,2026-05-28T17:00:29Z,0,guardia municipal de naucalpan,"Operativo Enjambre destapa presunta red criminal en alcaldías, Morelos; poder político bajo sospecha",UnoTV,2026-05-22T01:00:06Z,2026-05-28 11:36:40
ZclQohgHVAQ,Ugw2QpZ3eanh6_UhVHd4AaABAg,@IsraelMZ-q9q,Que jaladero a nivel mundial,2026-05-28T16:55:56Z,0,guardia municipal de naucalpan,"Operativo Enjambre destapa presunta red criminal en alcaldías, Morelos; poder político bajo sospecha",UnoTV,2026-05-22T01:00:06Z,2026-05-28 11:36:40
ZclQohgHVAQ,Ugycc23URwDkORVizDR4AaABAg,@felicitasgonzalez5627,"Denuncia para que nos escuchen Cuautla ha estado muy olvidado, analizar a las personas que sé van a quedar con los cargos y si actúan mal los encarcelen y les quiten todo lo que se han robado, y se lo den de sueldo y aumento a los guardias que realmente trabajan. honestamente",2026-05-28T16:55:24Z,0,guardia municipal de naucalpan,"Operativo Enjambre destapa presunta red criminal en alcaldías, Morelos; poder político bajo sospecha",UnoTV,2026-05-22T01:00:06Z,2026-05-28 11:36:40
ZclQohgHVAQ,Ugw3IZLT6ovUbqNjt7l4AaABAg,@IsraelMZ-q9q,Que jaladero,2026-05-28T16:52:52Z,0,guardia municipal de naucalpan,"Operativo Enjambre destapa presunta red criminal en alcaldías, Morelos; poder político bajo sospecha",UnoTV,2026-05-22T01:00:06Z,2026-05-28 11:36:40
ZclQohgHVAQ,UgyWgN9SYN3DvHstzhZ4AaABAg,@JoséalbertoSilva-l4v,"Me pregunto porque no van contra los delincuentes que manejan a los presidentes municipales, ustedes creen que los los presidentes van a hablar y lo no lo van a hacer por miedo",2026-05-28T16:24:43Z,0,guardia municipal de naucalpan,"Operativo Enjambre destapa presunta red criminal en alcaldías, Morelos; poder político bajo sospecha",UnoTV,2026-05-22T01:00:06Z,2026-05-28 11:36:40
ZclQohgHVAQ,UgycNvGfKEV2Nxc_DsJ4AaABAg,@Jorgechavezsalcedo,Esto es lo que pasa cuando no se mochan !,2026-05-28T11:44:20Z,0,guardia municipal de naucalpan,"Operativo Enjambre destapa presunta red criminal en alcaldías, Morelos; poder político bajo sospecha",UnoTV,2026-05-22T01:00:06Z,2026-05-28 11:36:40
ZclQohgHVAQ,Ugyo_v8DicCcensmIEd4AaABAg,@lauracastaneda5056,NO VEAS TV AZTECA,2026-05-28T05:21:08Z,0,guardia municipal de naucalpan,"Operativo Enjambre destapa presunta red criminal en alcaldías, Morelos; poder político bajo sospecha",UnoTV,2026-05-22T01:00:06Z,2026-05-28 11:36:40
ZclQohgHVAQ,UgwVEd5ZIfpsCJvLCaR4AaABAg,@OmarRuiz-c3p,Saludos desde San Diego California soy de Cuernavaca,2026-05-28T03:52:18Z,0,guardia municipal de naucalpan,"Operativo Enjambre destapa presunta red criminal en alcaldías, Morelos; poder político bajo sospecha",UnoTV,2026-05-22T01:00:06Z,2026-05-28 11:36:40
ZclQohgHVAQ,UgzBTDSEdMrVa6W37yF4AaABAg,@FernandoFarrera-yk7le,Pienso que es por mantener la crisis y la pobreza,2026-05-28T00:51:37Z,0,guardia municipal de naucalpan,"Operativo Enjambre destapa presunta red criminal en alcaldías, Morelos; poder político bajo sospecha",UnoTV,2026-05-22T01:00:06Z,2026-05-28 11:36:40
ZclQohgHVAQ,UgzOxprlL1mRoPDHzSt4AaABAg,@FernandoFarrera-yk7le,Ya basta de mentiras y corrupción y proteger a gentes vulnerables ligadas a los carteles,2026-05-28T00:50:21Z,0,guardia municipal de naucalpan,"Operativo Enjambre destapa presunta red criminal en alcaldías, Morelos; poder político bajo sospecha",UnoTV,2026-05-22T01:00:06Z,2026-05-28 11:36:40
ZclQohgHVAQ,UgwF3jbU_zdjWWYwXzR4AaABAg,@josebarajas9962,Si se quiere acabar con todo esto pues la lacra está fuera de control debe de existir ya la pena de muerte para desa cer la corrupción desde los de cuello blanco,2026-05-28T00:36:50Z,0,guardia municipal de naucalpan,"Operativo Enjambre destapa presunta red criminal en alcaldías, Morelos; poder político bajo sospecha",UnoTV,2026-05-22T01:00:06Z,2026-05-28 11:36:40
ZclQohgHVAQ,UgyGpJLCiq2BA9MMVj14AaABAg,@danielduenez1305,Cuando<br>Estaban<br>Los<br> Ex <br>Dies Presidentes <br>No desiannada<br>Ahora<br>Para<br>Que se<br>Quejan<br>Si<br>Lo<br>Sacerdotes<br>También<br>Son<br>Prianistas,2026-05-28T00:28:37Z,0,guardia municipal de naucalpan,"Operativo Enjambre destapa presunta red criminal en alcaldías, Morelos; poder político bajo sospecha",UnoTV,2026-05-22T01:00:06Z,2026-05-28 11:36:40
ZclQohgHVAQ,Ugw2ChNcwAbIg8e-NmB4AaABAg,@danielduenez1305,Ahora si están   llorando<br>Sacerdotes<br>Huleros<br><br>Por que no<br>Disen<br> Que<br>Los<br>Sacerdotes<br>También<br>Son<br>Unos<br>Cabrones y<br>Rateros<br>Por una<br>Misa de un<br>Difunto<br>Quieren<br>Mi quinientos <br>Pesos<br><br>Siendo<br>Que<br>Ahí nombran  para<br>Muchos difuntos<br>Ala<br>Misma bes<br><br>Sacerdotes<br>Huleros,2026-05-28T00:26:47Z,0,guardia municipal de naucalpan,"Operativo Enjambre destapa presunta red criminal en alcaldías, Morelos; poder político bajo sospecha",UnoTV,2026-05-22T01:00:06Z,2026-05-28 11:36:40
ZclQohgHVAQ,Ugzn8EMVkFUSt5AlSSt4AaABAg,@ignaciozamora9850,Buen análisis...<br>Pero es la muestra de la situación del país completo...,2026-05-27T23:25:13Z,0,guardia municipal de naucalpan,"Operativo Enjambre destapa presunta red criminal en alcaldías, Morelos; poder político bajo sospecha",UnoTV,2026-05-22T01:00:06Z,2026-05-28 11:36:40
ZclQohgHVAQ,UgzCNCmDS0ATfpbDFRl4AaABAg,@GaboQRTLKS,Los anteriores gobiernos dejaron un cochineri😢 en toda nación mexicana nuestro nvo gobierno fuerzas armadas exponiendo su vida Dios los proteja y ayude bendiciones,2026-05-27T22:37:56Z,0,guardia municipal de naucalpan,"Operativo Enjambre destapa presunta red criminal en alcaldías, Morelos; poder político bajo sospecha",UnoTV,2026-05-22T01:00:06Z,2026-05-28 11:36:40
ZclQohgHVAQ,UgyyItMIcAwRCwzsdbZ4AaABAg,@SantiagoGarcia-j4l,Morelos ya es un estado sin ley no existe ningún tipo de seguridad es un estado corrompido todos los involucrados son las mismas autoridades en coalición con delincuentes trabajando con ellos ahí ya no hay justicia eso lo sabemos todos los morelenses,2026-05-27T21:56:31Z,0,guardia municipal de naucalpan,"Operativo Enjambre destapa presunta red criminal en alcaldías, Morelos; poder político bajo sospecha",UnoTV,2026-05-22T01:00:06Z,2026-05-28 11:36:40
ZclQohgHVAQ,UgxWpwcwNwM8qOXj4Px4AaABAg,@oraciorodriguez4686,"muchos, muchos son los malos gobernantes, pero la verdad, quien los elige? nosotros, los ciudadanos, por que hacen lo que hacen? por que no queremos involucrarnos, por que no exigimos, vean los comentarios, agarrenlos, metanlos a la carcel, hagan algo y cuando vamos a hacer algo nosotros mismos",2026-05-27T15:07:43Z,0,guardia municipal de naucalpan,"Operativo Enjambre destapa presunta red criminal en alcaldías, Morelos; poder político bajo sospecha",UnoTV,2026-05-22T01:00:06Z,2026-05-28 11:36:40
ZclQohgHVAQ,UgwEXqE86ruxpNJDXI14AaABAg,@lucianevarez7883,Por lo menos En Morena Castigan a los que delinquen aunque sean del partido lo contrario del proan.,2026-05-27T14:21:18Z,0,guardia municipal de naucalpan,"Operativo Enjambre destapa presunta red criminal en alcaldías, Morelos; poder político bajo sospecha",UnoTV,2026-05-22T01:00:06Z,2026-05-28 11:36:40
ZclQohgHVAQ,Ugy1g7oMI7ijwyEbaA14AaABAg,@estrella3333,"NO SE OLVIDEN DE PUENTE DE IXTLA, TILZAPOTLA, TEHUIXTLA😢😢😢",2026-05-27T12:33:38Z,0,guardia municipal de naucalpan,"Operativo Enjambre destapa presunta red criminal en alcaldías, Morelos; poder político bajo sospecha",UnoTV,2026-05-22T01:00:06Z,2026-05-28 11:36:40
ZclQohgHVAQ,UgxxXiGvUKUCAToaSzl4AaABAg,@BrindisC85,"Esto es generalizado en todo el país pasa  ,todos son lobos de la misma loma,chiapas es un estado fallido,la delincuentes están adentro de la administración, tapachula chiapas hay un alcalde payaso corruptos. Los levantones están a la orden del dia,aquí nos engañaron con las cámaras de vigilancia,las que hay son  cámaras de la delincuencia,dicho por las mismas autoridades.",2026-05-27T12:12:50Z,0,guardia municipal de naucalpan,"Operativo Enjambre destapa presunta red criminal en alcaldías, Morelos; poder político bajo sospecha",UnoTV,2026-05-22T01:00:06Z,2026-05-28 11:36:40
ZclQohgHVAQ,UgyymI5zwQRS2ND8KK94AaABAg,@chana-k2d,Señor  bhel pueblo se llama     ATLATLAUCAN,2026-05-27T04:05:16Z,0,guardia municipal de naucalpan,"Operativo Enjambre destapa presunta red criminal en alcaldías, Morelos; poder político bajo sospecha",UnoTV,2026-05-22T01:00:06Z,2026-05-28 11:36:40
ZclQohgHVAQ,UgwYVHjUpybWJewSwDN4AaABAg,@chana-k2d,Y en Guerrero  Ben tierra caliente. Así igual surten los malandros..  y  todos las cosas   llevan el logotipo de una fresa y. Cómo rrevisan los carros ke van  x ejem   la carretera ke va de Toluca.   La ke entra x Arcelia..  y si llevan cosas  de abarrotes o lo ke sea ke ayan comprado en tiendas y si no llevan el logotipo se los kitan,2026-05-27T04:04:31Z,0,guardia municipal de naucalpan,"Operativo Enjambre destapa presunta red criminal en alcaldías, Morelos; poder político bajo sospecha",UnoTV,2026-05-22T01:00:06Z,2026-05-28 11:36:40
ZclQohgHVAQ,UgxR-u-EaDfIdFgOUgJ4AaABAg,@UmbralBienesRaíces,"Saben perfecto que dónde la delincuencia se desata es porque el gobierno está coludido. El cáncer está ahí. Si metene al ejército con tolerancia cero, en 15 dias le dan piso a todos los criminales. ¿Porque no lo hacen? porque son socios...",2026-05-27T02:26:54Z,0,guardia municipal de naucalpan,"Operativo Enjambre destapa presunta red criminal en alcaldías, Morelos; poder político bajo sospecha",UnoTV,2026-05-22T01:00:06Z,2026-05-28 11:36:40
ZclQohgHVAQ,UgwE6L4KxFyf817X7cB4AaABAg,@HilarioBrig,"bueno es q este gobierno de la 4T, tiene que aser su trabajo de limpieza, de Narcos Y corrupción q dejo el prian, por q estos carteles y manosos no es de ahora, Nasieron en gobiernos del prian q Isieron acuerdo con ellos. La 4T va limpiando y se lleva tiempo, vean q gobernaron 36 años",2026-05-27T02:15:50Z,0,guardia municipal de naucalpan,"Operativo Enjambre destapa presunta red criminal en alcaldías, Morelos; poder político bajo sospecha",UnoTV,2026-05-22T01:00:06Z,2026-05-28 11:36:40
ZclQohgHVAQ,UgwUxltnYguId7dMUq94AaABAg,@TobonGaspar,Y Yautepec cuando y todos los municipios que les hagan investigación las calles están terribles y las carreteras ni se digan también incluyan a la gobernadora pues no hacé nada,2026-05-27T02:08:16Z,0,guardia municipal de naucalpan,"Operativo Enjambre destapa presunta red criminal en alcaldías, Morelos; poder político bajo sospecha",UnoTV,2026-05-22T01:00:06Z,2026-05-28 11:36:40
ZclQohgHVAQ,Ugyo8pUMGz5C_RPFhVN4AaABAg,@veronicafabila5894,Esto es el resultado de los que an gobernado morelos graco blanco y lo peor son los supuestos mando único ojalá y omar harfuch ponga atención en el estado que les hace falta,2026-05-27T01:18:48Z,0,guardia municipal de naucalpan,"Operativo Enjambre destapa presunta red criminal en alcaldías, Morelos; poder político bajo sospecha",UnoTV,2026-05-22T01:00:06Z,2026-05-28 11:36:40
ZclQohgHVAQ,UgxuaBWsEw38mM45m514AaABAg,@JuanRamónRamírezCruz,"Empesemos var las autoridades de Transito Municipal, hagan hacer cambios de comandantes que tienen años en esa dependencia, hacer   cambios y checar sus propiedade su calida de vida estos elementos son ratas corruptos, de hace muchos años y nunca han sido auditados y la otra la dependencia de policia, todos estos elementos no cuentan con prepara ion a ademi a y si la tienen ya fu olvidada, encuanto a los de la SDMT AHI LOS ADMINISTRATIVOS Y EL DELEGADO SON CORRUPTOS SI NO TIENEN ENTRE NO HACE TRAMITES, TODA ESTA  CHARLA ES VANA ES DE CONOCIMIENTO DE LA GOBERNADOTA Y ELLA LA APOYA. VAN",2026-05-26T21:37:19Z,0,guardia municipal de naucalpan,"Operativo Enjambre destapa presunta red criminal en alcaldías, Morelos; poder político bajo sospecha",UnoTV,2026-05-22T01:00:06Z,2026-05-28 11:36:40
ZclQohgHVAQ,Ugy0Q5z7pIvDZBnrKxp4AaABAg,@rosaurashivoam,"En realidad está fuera de control...Y eso viene desde sexenios ( Yo  vivo en Morelos) y mientras eso no se reduzca desaparezca...Morelos no progresar y viviremos asustados de cualquier desgracia...Cuautla,Jiutepec,El mercado López Mateos..etc... No hay vida nocturna..ejecuciones..A su cómo lo describen estaba Valle de  Bravo. Conozco gente que no quiere ni poner una fonda porque tienen miedo de que los extorsionen",2026-05-26T20:01:43Z,0,guardia municipal de naucalpan,"Operativo Enjambre destapa presunta red criminal en alcaldías, Morelos; poder político bajo sospecha",UnoTV,2026-05-22T01:00:06Z,2026-05-28 11:36:40
ZclQohgHVAQ,Ugw2-Xx36k6kk2iMfxZ4AaABAg,@leosalgado5896,Alito no le llegas ni a los talones a tu padre Obrador,2026-05-26T17:40:17Z,0,guardia municipal de naucalpan,"Operativo Enjambre destapa presunta red criminal en alcaldías, Morelos; poder político bajo sospecha",UnoTV,2026-05-22T01:00:06Z,2026-05-28 11:36:40
ZclQohgHVAQ,UgxlELAskqUylorysN94AaABAg,@ma.magdalenaporras-wh1gu,Sr. Hay muchas personas que ganamos. Uy poco y no por eso somos delincuentes,2026-05-26T15:13:51Z,2,guardia municipal de naucalpan,"Operativo Enjambre destapa presunta red criminal en alcaldías, Morelos; poder político bajo sospecha",UnoTV,2026-05-22T01:00:06Z,2026-05-28 11:36:40
ZclQohgHVAQ,UgwsihdqVMnfBHUlzfR4AaABAg,@rosarioventura1044,El Estado de Morelos es tan chiquito y tan bonito y solo hemos tenido malos gobiernos que no hacen nada y mientras tanto el turismo va a dejar de venir,2026-05-26T14:42:18Z,3,guardia municipal de naucalpan,"Operativo Enjambre destapa presunta red criminal en alcaldías, Morelos; poder político bajo sospecha",UnoTV,2026-05-22T01:00:06Z,2026-05-28 11:36:40
ZclQohgHVAQ,Ugx0Xniv3kFylQrLkQd4AaABAg,@rosarioventura1044,"Si ustedes la conocen pero que ha hecho por el Estado, está como Cuahutemoc es un estado sin gobernadora, Siempre dice que todo está bien y que ha hecho solo tomarse la foto",2026-05-26T14:37:44Z,0,guardia municipal de naucalpan,"Operativo Enjambre destapa presunta red criminal en alcaldías, Morelos; poder político bajo sospecha",UnoTV,2026-05-22T01:00:06Z,2026-05-28 11:36:40
ZclQohgHVAQ,UgyGIS1A-zDXM1BVydR4AaABAg,@rosarioventura1044,"Y la Gobernadora que hace, está trabajando? nunca sabemos nada de ella y cuando se ve dice que todo está bien que pasa",2026-05-26T14:30:08Z,1,guardia municipal de naucalpan,"Operativo Enjambre destapa presunta red criminal en alcaldías, Morelos; poder político bajo sospecha",UnoTV,2026-05-22T01:00:06Z,2026-05-28 11:36:40
ZclQohgHVAQ,UgwKX1gne1Fc5ZZfJfF4AaABAg,@Sharabustos,"Buenas noches, yo soy morelense que radico en California, precisamente por estos motivos que hablan fue que tiene que emigrar y de verdad quisiera regresar como dice el señor caminar tranquilo por las calles de mi querido pueblo, mazatepec Morelos.",2026-05-26T07:39:42Z,4,guardia municipal de naucalpan,"Operativo Enjambre destapa presunta red criminal en alcaldías, Morelos; poder político bajo sospecha",UnoTV,2026-05-22T01:00:06Z,2026-05-28 11:36:40
ZclQohgHVAQ,UgwqBtkVGt4nfrfNMyN4AaABAg,@reynaldoangeles2789,También les falta a todos los alonso en yautepec son una turba de ladrones investiguenlos ..,2026-05-26T02:07:41Z,1,guardia municipal de naucalpan,"Operativo Enjambre destapa presunta red criminal en alcaldías, Morelos; poder político bajo sospecha",UnoTV,2026-05-22T01:00:06Z,2026-05-28 11:36:40
ZclQohgHVAQ,UgwgxjlmVDOc7CAno9x4AaABAg,@titarios3772,El pueblo se llama atlatlaucan,2026-05-26T01:55:35Z,0,guardia municipal de naucalpan,"Operativo Enjambre destapa presunta red criminal en alcaldías, Morelos; poder político bajo sospecha",UnoTV,2026-05-22T01:00:06Z,2026-05-28 11:36:40
ZclQohgHVAQ,UgyQ3WuSkTvjnnykOzZ4AaABAg,@melizaislas4990,"Aquí en el municipio de Cuernavaca lo más básico, que son las carreteras están con baches por todos lados  y ya con las lluvias será peor....y no vemos donde está impresa las contribuciones. No se ve!!!<br>Que también investiguen!!!!!!!!!",2026-05-26T01:23:29Z,1,guardia municipal de naucalpan,"Operativo Enjambre destapa presunta red criminal en alcaldías, Morelos; poder político bajo sospecha",UnoTV,2026-05-22T01:00:06Z,2026-05-28 11:36:40
ZclQohgHVAQ,Ugy9aWMcdlEuTbrXlq54AaABAg,@carolinacortes3991,Yo creo que mucha gente mala  se une a Morena por aprovechados sabiendo que van a ganar y solo se unen para delinquir.,2026-05-25T21:34:22Z,0,guardia municipal de naucalpan,"Operativo Enjambre destapa presunta red criminal en alcaldías, Morelos; poder político bajo sospecha",UnoTV,2026-05-22T01:00:06Z,2026-05-28 11:36:40
ZclQohgHVAQ,UgwiGUlLiSxk50Lqtcp4AaABAg,@davidchavezz1860,Deberían  rebajar los sueldos a los funcionarios k ganan mucho $ y ese dinero  aumentar el salario a policía y militares,2026-05-25T21:25:26Z,3,guardia municipal de naucalpan,"Operativo Enjambre destapa presunta red criminal en alcaldías, Morelos; poder político bajo sospecha",UnoTV,2026-05-22T01:00:06Z,2026-05-28 11:36:40
ZclQohgHVAQ,UgxgPk4c0cTFCJBLGAh4AaABAg,@JoseLopez-oq7xr,"Municipales de Temixco, Jiutepec, Xochitepec, Jojutla, cuernavaca, todo Morelos y la gobernadora de comadre 😮😮😮😮😮😮😮",2026-05-25T20:23:55Z,1,guardia municipal de naucalpan,"Operativo Enjambre destapa presunta red criminal en alcaldías, Morelos; poder político bajo sospecha",UnoTV,2026-05-22T01:00:06Z,2026-05-28 11:36:40
ZclQohgHVAQ,UgyLX0pF-k0SVqkU2ox4AaABAg,@JoseLopez-oq7xr,Y la Gobernadora es complice😮😮😮😮😮😮😮😮😮😮😮,2026-05-25T19:27:37Z,1,guardia municipal de naucalpan,"Operativo Enjambre destapa presunta red criminal en alcaldías, Morelos; poder político bajo sospecha",UnoTV,2026-05-22T01:00:06Z,2026-05-28 11:36:40
ZclQohgHVAQ,Ugz_K2k6ZUpVJvCOMFN4AaABAg,@EduardoSeveriano-cb6fz,Espero que todas estas pláticas tengan una acción positiva para mejorar al aedo.,2026-05-25T18:35:02Z,0,guardia municipal de naucalpan,"Operativo Enjambre destapa presunta red criminal en alcaldías, Morelos; poder político bajo sospecha",UnoTV,2026-05-22T01:00:06Z,2026-05-28 11:36:40
ZclQohgHVAQ,UgxSYj4WdsDZ20qRlJ14AaABAg,@RaulVidal-l7i,Desde Jefes y Directivos son los peores no comunicarles nada de lo que piensan hacer,2026-05-25T17:41:19Z,0,guardia municipal de naucalpan,"Operativo Enjambre destapa presunta red criminal en alcaldías, Morelos; poder político bajo sospecha",UnoTV,2026-05-22T01:00:06Z,2026-05-28 11:36:40
ZclQohgHVAQ,UgyUAAIALMnZd1IQRSV4AaABAg,@RaulVidal-l7i,"Lo que deben hacer para que funcione el ataque a la delincuencia que la policía municipal no participe con la Federal bajó ningún Concepto, por qué son los que están Cien por ciento coludidos con el crimen organizado y los ponen al tanto de las futuras acciones de la Federal dejar fuera de toda acción a la Policía local",2026-05-25T17:39:31Z,0,guardia municipal de naucalpan,"Operativo Enjambre destapa presunta red criminal en alcaldías, Morelos; poder político bajo sospecha",UnoTV,2026-05-22T01:00:06Z,2026-05-28 11:36:40
ZclQohgHVAQ,UgylMD6CuynF3VBTD-l4AaABAg,@felipedejesusgarcia9396,"Los chayoteros que hacen como que analizan y ellos son parte del mercado de la corrupción, así mismo los empresarios.",2026-05-25T17:22:56Z,0,guardia municipal de naucalpan,"Operativo Enjambre destapa presunta red criminal en alcaldías, Morelos; poder político bajo sospecha",UnoTV,2026-05-22T01:00:06Z,2026-05-28 11:36:40
ZclQohgHVAQ,Ugw-RDI1Z76imXgXcIB4AaABAg,@ramontapiajimenez498,"Las elecciones  son una mentira, el pueblo puede gobernar de manera honesta, obrero,albañil, plomero. Herrero  chofer serian los mejores, asesorados por estudiantes  del doctorado en Derecho  Administración Pública Municipal.",2026-05-25T16:13:23Z,0,guardia municipal de naucalpan,"Operativo Enjambre destapa presunta red criminal en alcaldías, Morelos; poder político bajo sospecha",UnoTV,2026-05-22T01:00:06Z,2026-05-28 11:36:40
ZclQohgHVAQ,UgwW9InK866NKAQouoV4AaABAg,@ramontapiajimenez498,Oh,2026-05-25T16:06:22Z,0,guardia municipal de naucalpan,"Operativo Enjambre destapa presunta red criminal en alcaldías, Morelos; poder político bajo sospecha",UnoTV,2026-05-22T01:00:06Z,2026-05-28 11:36:40
ZclQohgHVAQ,UgyB6ukRvxwf83BwQ2F4AaABAg,@SabinoX-lb5wf,Y porque no se lanza y ellos como padres tambien son responsables por concentir a sus hijos deberian empesar por los padre por ser culpables,2026-05-25T15:58:47Z,0,guardia municipal de naucalpan,"Operativo Enjambre destapa presunta red criminal en alcaldías, Morelos; poder político bajo sospecha",UnoTV,2026-05-22T01:00:06Z,2026-05-28 11:36:40
ZclQohgHVAQ,Ugxk_94zweNURgwPJCd4AaABAg,@SabinoX-lb5wf,Si pero este viejo para el estaba mejor pero no dise que se corrompieron crearon la delincuencia  y entregaron los recursos del pais y robaban  y por entonces nunca digeron nada porque hasta hora ladran   .Así dicen que empiezan como lider social y terminan en un partido y luego en un puesto,2026-05-25T15:56:03Z,0,guardia municipal de naucalpan,"Operativo Enjambre destapa presunta red criminal en alcaldías, Morelos; poder político bajo sospecha",UnoTV,2026-05-22T01:00:06Z,2026-05-28 11:36:40
ZclQohgHVAQ,UgwGVxe1zzgU0JRQerB4AaABAg,@SabinoX-lb5wf,Y porque  nomas el gobierno<br>Federal donde esta el gobierno estatal para que lo quieren de aparato cual es su funcion saquenlo si nó sirve,2026-05-25T15:36:54Z,1,guardia municipal de naucalpan,"Operativo Enjambre destapa presunta red criminal en alcaldías, Morelos; poder político bajo sospecha",UnoTV,2026-05-22T01:00:06Z,2026-05-28 11:36:40
ZclQohgHVAQ,Ugzs0ouMeW2sG8qF1Sp4AaABAg,@RogelioBarreraCamacho,"La verdad es que el bajo nivel educativo, ha permitido que los morelenses voten por personajes, famosos pero sin idea de Hacer Gobierno, no nos quejemos los únicos culpables somos los habitantes, ya despierten y corrijan en las próximas elecciones.",2026-05-25T14:29:32Z,0,guardia municipal de naucalpan,"Operativo Enjambre destapa presunta red criminal en alcaldías, Morelos; poder político bajo sospecha",UnoTV,2026-05-22T01:00:06Z,2026-05-28 11:36:40
ZclQohgHVAQ,UgwddCYCx_C7Sla1l4N4AaABAg,@alfredotapia9186,Mientras el pueblo de Mexico no tenga con gue defenderse nunca se va  a terminar eso,2026-05-25T14:10:33Z,4,guardia municipal de naucalpan,"Operativo Enjambre destapa presunta red criminal en alcaldías, Morelos; poder político bajo sospecha",UnoTV,2026-05-22T01:00:06Z,2026-05-28 11:36:40
ZclQohgHVAQ,UgyHdYt7Taeb6TRQSbV4AaABAg,@sergiobustos2577,Esto ya viene pasando desde varios sexenios,2026-05-25T13:22:16Z,1,guardia municipal de naucalpan,"Operativo Enjambre destapa presunta red criminal en alcaldías, Morelos; poder político bajo sospecha",UnoTV,2026-05-22T01:00:06Z,2026-05-28 11:36:40
ZclQohgHVAQ,UgxNu-C_P5xdoNh7Fop4AaABAg,@LauraGarcia-no3vn,"Efectivamente, chequen la ESAF, desde ahí está el problema de negociación!!!!!!",2026-05-25T12:46:56Z,0,guardia municipal de naucalpan,"Operativo Enjambre destapa presunta red criminal en alcaldías, Morelos; poder político bajo sospecha",UnoTV,2026-05-22T01:00:06Z,2026-05-28 11:36:40
ZclQohgHVAQ,Ugw-go9cF_oQOtTXCQp4AaABAg,@LeonYanez-d9d,Todo es normal morelos corrompido asta los huesos normal no pasa nada lloremos,2026-05-25T10:37:22Z,0,guardia municipal de naucalpan,"Operativo Enjambre destapa presunta red criminal en alcaldías, Morelos; poder político bajo sospecha",UnoTV,2026-05-22T01:00:06Z,2026-05-28 11:36:40
ZclQohgHVAQ,Ugzw-O1f_yo7h0FGvWV4AaABAg,@abdiaspablo7130,Para cuando un operativo Enjambre en el barrio de Tepito,2026-05-25T09:52:05Z,1,guardia municipal de naucalpan,"Operativo Enjambre destapa presunta red criminal en alcaldías, Morelos; poder político bajo sospecha",UnoTV,2026-05-22T01:00:06Z,2026-05-28 11:36:40
ZclQohgHVAQ,Ugw30roOAjt4dpliV8d4AaABAg,@aureliasoriano3582,Que venga el ejército a hacer una limpia con sus murciélagos.,2026-05-25T02:54:02Z,7,guardia municipal de naucalpan,"Operativo Enjambre destapa presunta red criminal en alcaldías, Morelos; poder político bajo sospecha",UnoTV,2026-05-22T01:00:06Z,2026-05-28 11:36:40
ZclQohgHVAQ,Ugwf3l3wxHd57YYH0bB4AaABAg,@aureliasoriano3582,"Juan Rivas está bien lo que dices que los Alcaldes  detenidos son del Partido Acción Nacional, y si fueran de cualquier partido así sea de MORENA como dice la presidenta no se protege a nadie. Y no se les olvide que en el gobierno de Felipe Calderón aumentaron muchísimos grupos delincuenciales, por si ya se les olvidó.",2026-05-25T02:49:24Z,3,guardia municipal de naucalpan,"Operativo Enjambre destapa presunta red criminal en alcaldías, Morelos; poder político bajo sospecha",UnoTV,2026-05-22T01:00:06Z,2026-05-28 11:36:40
ZclQohgHVAQ,UgyEG4H3hkpMx7NCdwd4AaABAg,@copiadorascasasola-gb6tz,"Poner una ley que todo servidor público sea auditable en sus finanzas por lo menos a el y a su círculo cercano de sus bienes, por qué lo que roban lo ponen a nombre de sus hijos esposas padres y tíos y ellos no tienen nada pero la familia tiene lo robado, y eso del antidoping a los policías es mentira yo conozco muchos policías y son muy atascados para drogarse y pasan los exámenes de antidoping.",2026-05-24T22:56:15Z,2,guardia municipal de naucalpan,"Operativo Enjambre destapa presunta red criminal en alcaldías, Morelos; poder político bajo sospecha",UnoTV,2026-05-22T01:00:06Z,2026-05-28 11:36:40
ZclQohgHVAQ,UgxpWM4a3vTvKCP_GpJ4AaABAg,@NordicMagic-bp1gt,Solo el Master Donald Trump nos puede librar de esta peste en todo México. Saludos 🕯️🗝️🌟🗝️🌙🗝️,2026-05-24T20:42:21Z,2,guardia municipal de naucalpan,"Operativo Enjambre destapa presunta red criminal en alcaldías, Morelos; poder político bajo sospecha",UnoTV,2026-05-22T01:00:06Z,2026-05-28 11:36:40
ZclQohgHVAQ,Ugy93G26_5MrIEoWH354AaABAg,@conradomartinez1047,"Puron,,la policía federal ya desapareció x corruptos como Felipe Calderón, ahora es Guardia Nacional.",2026-05-24T19:52:03Z,1,guardia municipal de naucalpan,"Operativo Enjambre destapa presunta red criminal en alcaldías, Morelos; poder político bajo sospecha",UnoTV,2026-05-22T01:00:06Z,2026-05-28 11:36:40
ZclQohgHVAQ,UgyjHkexhoM5AttXYXl4AaABAg,@conradomartinez1047,No sr estás bien mal no son 5o negocios cerrados son muchísimos más y además lo peor no hay nada de gente se acabó el comercio.,2026-05-24T19:42:13Z,1,guardia municipal de naucalpan,"Operativo Enjambre destapa presunta red criminal en alcaldías, Morelos; poder político bajo sospecha",UnoTV,2026-05-22T01:00:06Z,2026-05-28 11:36:40
ZclQohgHVAQ,UgyKUa0-5tHE10Y8vsx4AaABAg,@conradomartinez1047,La población es la q denunció primero la iglesia católica denunció apenas xq ellos fueron afectados,2026-05-24T19:37:38Z,2,guardia municipal de naucalpan,"Operativo Enjambre destapa presunta red criminal en alcaldías, Morelos; poder político bajo sospecha",UnoTV,2026-05-22T01:00:06Z,2026-05-28 11:36:40
ZclQohgHVAQ,UgwohoxN_3MwligRnz94AaABAg,@SeferBatTeli,Q horror!!!! Ésto ya debe parar 😡😡😡,2026-05-24T18:56:47Z,11,guardia municipal de naucalpan,"Operativo Enjambre destapa presunta red criminal en alcaldías, Morelos; poder político bajo sospecha",UnoTV,2026-05-22T01:00:06Z,2026-05-28 11:36:40
ZclQohgHVAQ,UgxTN992Hrs59QH8AS54AaABAg,@BenjaminGuerrero-l4y2j,"Y esto mismo sucede en muchos municipios de la mayoría de los estados de nuestro país, y la pregunta es...entonces para que están todas las fiscalías estatales??",2026-05-24T18:56:09Z,4,guardia municipal de naucalpan,"Operativo Enjambre destapa presunta red criminal en alcaldías, Morelos; poder político bajo sospecha",UnoTV,2026-05-22T01:00:06Z,2026-05-28 11:36:40
ZclQohgHVAQ,UgwMECkrn4fX45cDzy54AaABAg,@higiniomartinez2233,Por eso el género no debe gobernar. Debe gobernar el más capaz en los tres órdenes de gobierno.,2026-05-24T18:49:53Z,2,guardia municipal de naucalpan,"Operativo Enjambre destapa presunta red criminal en alcaldías, Morelos; poder político bajo sospecha",UnoTV,2026-05-22T01:00:06Z,2026-05-28 11:36:40
ZclQohgHVAQ,UgxtNJgI05DpmCzhno54AaABAg,@2040Clara,A LOS ABEJORROS LOS PROTEJEN 😂😂😂 Y CUAUHTÉMOC ???? LO TIENE CLAUDIA EN LA CAMA !!!,2026-05-24T18:05:10Z,1,guardia municipal de naucalpan,"Operativo Enjambre destapa presunta red criminal en alcaldías, Morelos; poder político bajo sospecha",UnoTV,2026-05-22T01:00:06Z,2026-05-28 11:36:40
ZclQohgHVAQ,Ugy6X4yn8le6De0drFB4AaABAg,@efrenhutm3148,Lamentable lo que sucede. El nombre correcto de uno de los municipios es Atlatlahucan y  asi se pronuncia en el idioma español. Saludos,2026-05-24T17:33:43Z,2,guardia municipal de naucalpan,"Operativo Enjambre destapa presunta red criminal en alcaldías, Morelos; poder político bajo sospecha",UnoTV,2026-05-22T01:00:06Z,2026-05-28 11:36:40
ZclQohgHVAQ,UgzbE7EXzjhvrjvL9r54AaABAg,@ceciliaespinosaanguiano9812,Y Cuauthemoc Blanco también esta incluido,2026-05-24T17:12:41Z,5,guardia municipal de naucalpan,"Operativo Enjambre destapa presunta red criminal en alcaldías, Morelos; poder político bajo sospecha",UnoTV,2026-05-22T01:00:06Z,2026-05-28 11:36:40
ZclQohgHVAQ,Ugzvkat7uGaBaPj1KHd4AaABAg,@PEDROZARATE-gz8bv,Me alegra que por fin nuestras fuerzas armadas estén agarrando a esas ratas...y faltan más 🐀🐀 sean del Partido Político que sean.,2026-05-24T15:35:13Z,8,guardia municipal de naucalpan,"Operativo Enjambre destapa presunta red criminal en alcaldías, Morelos; poder político bajo sospecha",UnoTV,2026-05-22T01:00:06Z,2026-05-28 11:36:40
ZclQohgHVAQ,Ugxph20lHXtQUeoGbPR4AaABAg,@quelus56quelus40,"?q no nos damos cuenta q nos estamos entregando nosotros mismos al poder extranjero?,  ?desde hace cuántos años inicio este secuestro de nuestra vida?, ?porq no dicen fechas concretas de cuando inicio y de q partido político era el presidente  alcalde o gobernador responsable??? Porq ahora todo lo cargan al partido actual en el poder q no fue el q género está catástrofe",2026-05-24T15:17:34Z,3,guardia municipal de naucalpan,"Operativo Enjambre destapa presunta red criminal en alcaldías, Morelos; poder político bajo sospecha",UnoTV,2026-05-22T01:00:06Z,2026-05-28 11:36:40
ZclQohgHVAQ,Ugyj565cb9z5JEyUH0J4AaABAg,@alejandropascacio921,“Detenciones si” ¿Retenciones? Solo si no tienes agarradero.,2026-05-24T15:08:39Z,1,guardia municipal de naucalpan,"Operativo Enjambre destapa presunta red criminal en alcaldías, Morelos; poder político bajo sospecha",UnoTV,2026-05-22T01:00:06Z,2026-05-28 11:36:40
ZclQohgHVAQ,UgzhBRKFIny1hu0bM4F4AaABAg,@alfredoaguila4668,EL ENJAMBRE ES PARA QUITAR RATAS PARA PONER A LAS SUYAS.....,2026-05-24T14:48:12Z,5,guardia municipal de naucalpan,"Operativo Enjambre destapa presunta red criminal en alcaldías, Morelos; poder político bajo sospecha",UnoTV,2026-05-22T01:00:06Z,2026-05-28 11:36:40
ZclQohgHVAQ,Ugw25fEqF7yWpHJVHmF4AaABAg,@JuanLopez-qd1ce,"Dice antonio  sanches: TENIAMOS  SISTEMAS  ANTICORRUPCION!!  La realidad  las mismas intituciones  son el cerebro  de toda la maldad  que ya estan a nivel Nacional ( EN POCAS PALABRAS NADIE TRABAJA NI A NIVEL LOCAL, ESTATAL Y SISTEMA  FEDERAL SOLO MUEVE  Y COMBATE  LO QUE LES COBIENE A ELLOS  ( FGR) es el cartel de los chilangos, ( los militares se venden  al mejor postor y en todos los niveles, cobran  por operativos  o por eliminar  al bando contrario. ( UN EXEMPLO: la iliminacion  de los mandos de  la marina  que eran clave del robo de combustible,  NUNCA  SE RESOLVIO NI SE RESOLVERA!!",2026-05-24T14:18:26Z,1,guardia municipal de naucalpan,"Operativo Enjambre destapa presunta red criminal en alcaldías, Morelos; poder político bajo sospecha",UnoTV,2026-05-22T01:00:06Z,2026-05-28 11:36:40
ZclQohgHVAQ,UgxUPu_88hYXwPEiadp4AaABAg,@OlgaPosadas-p4l,"Morelos ya es tierra sin ley!!! <br>Hundido en la delincuencia y la corrupción!!<br>Vino Harfuch, hizo ruido, pero no cortó cabezas!! <br>Vino a dar atole con el dedo!!!",2026-05-24T13:49:00Z,8,guardia municipal de naucalpan,"Operativo Enjambre destapa presunta red criminal en alcaldías, Morelos; poder político bajo sospecha",UnoTV,2026-05-22T01:00:06Z,2026-05-28 11:36:40
ZclQohgHVAQ,Ugx6MVIP4OXE7VkPWCp4AaABAg,@OlgaPosadas-p4l,"Morelos se hunde, pero solo le tapan el ojo al macho!! <br>Y Cuahutémoc Blanco llegó a hacer tratos con la delincuencia!!",2026-05-24T13:39:24Z,6,guardia municipal de naucalpan,"Operativo Enjambre destapa presunta red criminal en alcaldías, Morelos; poder político bajo sospecha",UnoTV,2026-05-22T01:00:06Z,2026-05-28 11:36:40
ZclQohgHVAQ,UgyI7ZEFEO2ZzNlUhGJ4AaABAg,@clementinapallas2086,Morena con cuauhtemoc Blanco es un claro ejemplo de la corrupción total!!,2026-05-24T13:19:48Z,4,guardia municipal de naucalpan,"Operativo Enjambre destapa presunta red criminal en alcaldías, Morelos; poder político bajo sospecha",UnoTV,2026-05-22T01:00:06Z,2026-05-28 11:36:40
ZclQohgHVAQ,UgxU5szmmf72sBnM7cZ4AaABAg,@JoseRamirez-wh9ye,"Si meten a la cárcel presidenta, gobernadores, diputados, senadores, pdntes municipales, funcionarios etc etc etc. <br>Quien cerrara la puerta?",2026-05-24T13:13:17Z,13,guardia municipal de naucalpan,"Operativo Enjambre destapa presunta red criminal en alcaldías, Morelos; poder político bajo sospecha",UnoTV,2026-05-22T01:00:06Z,2026-05-28 11:36:40
ZclQohgHVAQ,UgycRL6a2PIhPQtnz1F4AaABAg,@lupitarivera2258,"Y lis gobernadores, diputados, oresidentes,cerc, erc, no ganán poco y roban, entonces no sin los bajos salarios, creo que es porque no hay grandes consecuencias.",2026-05-23T23:00:13Z,2,guardia municipal de naucalpan,"Operativo Enjambre destapa presunta red criminal en alcaldías, Morelos; poder político bajo sospecha",UnoTV,2026-05-22T01:00:06Z,2026-05-28 11:36:40
ZclQohgHVAQ,UgxjgmYeR7HuFTxyCbd4AaABAg,@marcolopez1943,"a los policias el sueldo no les importa, porque se dedican a extorcionar a la ciudadania.",2026-05-23T22:23:44Z,2,guardia municipal de naucalpan,"Operativo Enjambre destapa presunta red criminal en alcaldías, Morelos; poder político bajo sospecha",UnoTV,2026-05-22T01:00:06Z,2026-05-28 11:36:40
ZclQohgHVAQ,Ugy3dLeLDqhFL8840XZ4AaABAg,@NorbertaSantamaria,Dios ten misericordia. De nosotros. Yo soy de morelos.  Y  vivo con  miedo  y sufrimiento de ver y saber  lo que nos está tocando vivir  perdónalos. Amennn,2026-05-23T22:21:40Z,8,guardia municipal de naucalpan,"Operativo Enjambre destapa presunta red criminal en alcaldías, Morelos; poder político bajo sospecha",UnoTV,2026-05-22T01:00:06Z,2026-05-28 11:36:40
ZclQohgHVAQ,UgwfrY1MHNN5XP-KBBF4AaABAg,@soniasanchezbravo9987,Los. Tres. Poderes.   No. Conocen. Las. Leyes.   Imponen. Sus. Cuiteros.  Para. Extorsionar😂,2026-05-23T22:17:08Z,1,guardia municipal de naucalpan,"Operativo Enjambre destapa presunta red criminal en alcaldías, Morelos; poder político bajo sospecha",UnoTV,2026-05-22T01:00:06Z,2026-05-28 11:36:40
ZclQohgHVAQ,UgziTHLcpM5jxhsTl3d4AaABAg,@glosol7932,Así pasó con los que están ahora. Llegaron con traje de ovejas y ya en el camino sacaron el demonio 👿 que traen dentro!,2026-05-23T21:49:42Z,2,guardia municipal de naucalpan,"Operativo Enjambre destapa presunta red criminal en alcaldías, Morelos; poder político bajo sospecha",UnoTV,2026-05-22T01:00:06Z,2026-05-28 11:36:40
ZclQohgHVAQ,UgwnK4FZNgRXtk6TXah4AaABAg,@mperez9172,"Lo bueno de estos últimos eventos es q los morenistas van a encarcelar a las autoridades vinculadas a la delincuencia y los EUA se quieren llevar a los narco morenistas. Pregunta, ¿,con q sueldo se garantizaría q las fuerzas del orden no se corrompan? ¿Será ese el problema? Porq hay q ver cuanto@s funcionari@s con muy buen sueldo están acusad@s. Ya se verá en lo q para lo q se dice de la gobernadora, difícil meter las manos al fuego con lo q se está viendo.",2026-05-23T20:16:40Z,1,guardia municipal de naucalpan,"Operativo Enjambre destapa presunta red criminal en alcaldías, Morelos; poder político bajo sospecha",UnoTV,2026-05-22T01:00:06Z,2026-05-28 11:36:40
ZclQohgHVAQ,UgwUDVgBViSCX0XxFax4AaABAg,@winterkiller1571,Hasta miedo le da decir cuál presidente municipal pero todos sabemos a quién se refiere.,2026-05-23T18:44:38Z,4,guardia municipal de naucalpan,"Operativo Enjambre destapa presunta red criminal en alcaldías, Morelos; poder político bajo sospecha",UnoTV,2026-05-22T01:00:06Z,2026-05-28 11:36:40
ZclQohgHVAQ,Ugwe7LM3xn3AmVVVlr14AaABAg,@drywallmontesinos9763,Pero la delincuencia está  por que nunca se castiga !!¡!!!! Pena de muerte ó guerra pero algo pasará,2026-05-23T15:03:29Z,11,guardia municipal de naucalpan,"Operativo Enjambre destapa presunta red criminal en alcaldías, Morelos; poder político bajo sospecha",UnoTV,2026-05-22T01:00:06Z,2026-05-28 11:36:40
ZclQohgHVAQ,UgydLYVgf2anEQjDOwd4AaABAg,@hectorbsoberanes,"La realidad es que el GOBIERNO FEDERAL ,  NO   actuó cuando estaba el &quot;gobierno&quot;  de Cuauhtémoc Blanco....!<br>De por sí , se venía arrastrando malos &quot;gobiernos&quot; anteriores y ahí fué el último clavo al Ataud...!",2026-05-23T13:50:42Z,4,guardia municipal de naucalpan,"Operativo Enjambre destapa presunta red criminal en alcaldías, Morelos; poder político bajo sospecha",UnoTV,2026-05-22T01:00:06Z,2026-05-28 11:36:40
ZclQohgHVAQ,UgzBbvn2bSNvD_mAc5x4AaABAg,@cesartellezquiroga8893,"al de temixco hasta altares satanicos con restos humanos dentro de su casa, puro criminal en el gobierno. Ojalá se ponga orden.",2026-05-23T13:22:20Z,1,guardia municipal de naucalpan,"Operativo Enjambre destapa presunta red criminal en alcaldías, Morelos; poder político bajo sospecha",UnoTV,2026-05-22T01:00:06Z,2026-05-28 11:36:40
ZclQohgHVAQ,UgxHJ9O2JFvm7H9EDCp4AaABAg,@eliarodriguez5770,"Cómo cuidados hay que organizarnos y marchar x la paz, con pancartas exigiendo seguridad y sino pedirle auxilio a Trump...",2026-05-23T13:07:20Z,1,guardia municipal de naucalpan,"Operativo Enjambre destapa presunta red criminal en alcaldías, Morelos; poder político bajo sospecha",UnoTV,2026-05-22T01:00:06Z,2026-05-28 11:36:40
ZclQohgHVAQ,UgyjaQTg69tyz9JKKil4AaABAg,@ma.mercedespastorarchundia3878,Y GRACO  ? ARREDONDO  TADEO NAVA ? ESOS TAMBIEN  AGARRENLOS,2026-05-23T11:24:10Z,27,guardia municipal de naucalpan,"Operativo Enjambre destapa presunta red criminal en alcaldías, Morelos; poder político bajo sospecha",UnoTV,2026-05-22T01:00:06Z,2026-05-28 11:36:40
ZclQohgHVAQ,UgzV1i_zGhtex1jWGlB4AaABAg,@pedrocabreragarcia7855,TODO EL PAIS,2026-05-23T10:03:55Z,13,guardia municipal de naucalpan,"Operativo Enjambre destapa presunta red criminal en alcaldías, Morelos; poder político bajo sospecha",UnoTV,2026-05-22T01:00:06Z,2026-05-28 11:36:40
ZclQohgHVAQ,UgyEzNpxMAQhwpQv0294AaABAg,@humbertomartinezleon7265,"No hay verdaderos planes bien elaborados, se gobierna sin pies ni cabeza y, los oficiales si están mal pagados pero su educación académica es la básica y educarlos en la creación de una academia de policía y un buen sueldo es un verdadero sueño guajiro en este país.",2026-05-23T04:21:33Z,1,guardia municipal de naucalpan,"Operativo Enjambre destapa presunta red criminal en alcaldías, Morelos; poder político bajo sospecha",UnoTV,2026-05-22T01:00:06Z,2026-05-28 11:36:40
ZclQohgHVAQ,UgxYgjkyIS5jiKbTwe14AaABAg,@SergioPiedraUrbina,"Resultado de malos gobiernos que le han tocado a este hermoso estado de Morelos. Gobernadores, presentes municipales como crimen organizado encontra del pueblo",2026-05-23T00:08:57Z,9,guardia municipal de naucalpan,"Operativo Enjambre destapa presunta red criminal en alcaldías, Morelos; poder político bajo sospecha",UnoTV,2026-05-22T01:00:06Z,2026-05-28 11:36:40
ZclQohgHVAQ,UgyptdGNCh7WAN80c4d4AaABAg,@RingOfRae,"En una palabra : ingobernabilidad, un sinónimo : Estado fallido",2026-05-22T22:09:10Z,18,guardia municipal de naucalpan,"Operativo Enjambre destapa presunta red criminal en alcaldías, Morelos; poder político bajo sospecha",UnoTV,2026-05-22T01:00:06Z,2026-05-28 11:36:40
ZclQohgHVAQ,UgzfRUdhH_ykb8I3hKJ4AaABAg,@rosahernandez8601,Rafael Rueda tiene toda la razón,2026-05-22T22:08:37Z,2,guardia municipal de naucalpan,"Operativo Enjambre destapa presunta red criminal en alcaldías, Morelos; poder político bajo sospecha",UnoTV,2026-05-22T01:00:06Z,2026-05-28 11:36:40
ZclQohgHVAQ,UgwSTwKbgDjddbC23kt4AaABAg,@RingOfRae,"Periodista : no repitas los clichés, solo refuerzas el error. “Menos peor”. Di algo positivo, al menos algo neutro, o mejor no digas nada.",2026-05-22T22:06:53Z,2,guardia municipal de naucalpan,"Operativo Enjambre destapa presunta red criminal en alcaldías, Morelos; poder político bajo sospecha",UnoTV,2026-05-22T01:00:06Z,2026-05-28 11:36:40
