fecha_semana,nombre_semana,caso,caso_label,red_social,red_social_label,tipo_publicacion,cuenta_origen,autor,titulo,texto_publicacion,texto_para_analisis,url_publicacion,id_publicacion,fecha_publicacion,fecha_publicacion_date,archivo_origen
2026-02-16,2026-02-16_al_2026-02-28_Facebook,gobierno_naucalpan,Gobierno de Naucalpan,facebook,Facebook,post_facebook,ciudadnaucalpan,Ciudad Naucalpan / Gobierno Municipal 2025-2027.,,Impulsando a nuestros artesanos naucalpenses. ✨🎨 ¡Conóceles! #AquiGobiernaLaEsperanza #Naucalpan #ArtesanosNaucalpenses #TalentoLocal,Impulsando a nuestros artesanos naucalpenses. ✨🎨 ¡Conóceles! #AquiGobiernaLaEsperanza #Naucalpan #ArtesanosNaucalpenses #TalentoLocal,https://www.facebook.com/CiudadNaucalpan/posts/pfbid02dvBYxvXU5U2UFcqH6nUjkyma5xU8q8wGJ3xZRYCdwncv4rCcgjdvDvmWhnxTPQq6l,https://www.facebook.com/CiudadNaucalpan/posts/pfbid02dvBYxvXU5U2UFcqH6nUjkyma5xU8q8wGJ3xZRYCdwncv4rCcgjdvDvmWhnxTPQq6l,2026-02-27 17:01:53,2026-02-27,/home/emilio/Documentos/Naucalpan_Semanal_Reportes/Periodico/Enero_Mayo/2026-02-16_al_2026-02-28/Facebook/2026-02-16_al_2026-02-28_Facebook/2026-02-16_al_2026-02-28_Facebook_posts.csv
2026-02-16,2026-02-16_al_2026-02-28_Facebook,gobierno_naucalpan,Gobierno de Naucalpan,facebook,Facebook,post_facebook,ciudadnaucalpan,Ciudad Naucalpan / Gobierno Municipal 2025-2027.,,"Curso de Preparación para el Ingreso a la Educación Media Superior🎓 El Gobierno de Ciudad Naucalpan invita a las y los estudiantes a participar en el Curso de Preparación para el ingreso a instituciones adscritas a la UNAM e IPN. Este programa tiene como objetivo fortalecer las competencias académicas en la transición de secundaria a preparatoria, así como impulsar el bienestar juvenil conforme al Plan de Desarrollo Municipal 2025–2027. 📚 Incluye: • Clases presenciales programadas • Ejercicios guiados • Resolución de reactivos tipo examen • Evaluaciones diagnósticas • Simulacros de examen 🗓️ Del 3 de marzo al 29 de mayo de 2026 (lunes, martes y miércoles). ⚠️ El curso inicia el martes 3 de marzo, debido a que el lunes 2 es día de asueto. ⏰ Turno matutino: 10:00 a 12:30 horas ⏰ Turno vespertino: 15:00 a 17:30 horas 📍 Instituto de las Juventudes Naucalpenses Av. Norteamérica, Las Américas, Naucalpan. 📝 Inscripciones del 11 al 28 de febrero 📞 Informes y pre registro: 72 9318 0766 📧 belem.hernandez@naucalpan.gob.mx ⚠️ Cupo limitado. #AquiGobiernaLaEsperanza #Naucalpan #Juventudes #Bienestar #Educacion","Curso de Preparación para el Ingreso a la Educación Media Superior🎓 El Gobierno de Ciudad Naucalpan invita a las y los estudiantes a participar en el Curso de Preparación para el ingreso a instituciones adscritas a la UNAM e IPN. Este programa tiene como objetivo fortalecer las competencias académicas en la transición de secundaria a preparatoria, así como impulsar el bienestar juvenil conforme al Plan de Desarrollo Municipal 2025–2027. 📚 Incluye: • Clases presenciales programadas • Ejercicios guiados • Resolución de reactivos tipo examen • Evaluaciones diagnósticas • Simulacros de examen 🗓️ Del 3 de marzo al 29 de mayo de 2026 (lunes, martes y miércoles). ⚠️ El curso inicia el martes 3 de marzo, debido a que el lunes 2 es día de asueto. ⏰ Turno matutino: 10:00 a 12:30 horas ⏰ Turno vespertino: 15:00 a 17:30 horas 📍 Instituto de las Juventudes Naucalpenses Av. Norteamérica, Las Américas, Naucalpan. 📝 Inscripciones del 11 al 28 de febrero 📞 Informes y pre registro: 72 9318 0766 📧 belem.hernandez@naucalpan.gob.mx ⚠️ Cupo limitado. #AquiGobiernaLaEsperanza #Naucalpan #Juventudes #Bienestar #Educacion",https://www.facebook.com/CiudadNaucalpan/posts/pfbid0vv8ePqAxqDLc9ZHj3DyHY4TTE3u5Xih4xDqUWmGSJ7Yf1hctfR1qYs4idxJLx9sEl,https://www.facebook.com/CiudadNaucalpan/posts/pfbid0vv8ePqAxqDLc9ZHj3DyHY4TTE3u5Xih4xDqUWmGSJ7Yf1hctfR1qYs4idxJLx9sEl,2026-02-27 15:01:44,2026-02-27,/home/emilio/Documentos/Naucalpan_Semanal_Reportes/Periodico/Enero_Mayo/2026-02-16_al_2026-02-28/Facebook/2026-02-16_al_2026-02-28_Facebook/2026-02-16_al_2026-02-28_Facebook_posts.csv
2026-02-16,2026-02-16_al_2026-02-28_Facebook,gobierno_naucalpan,Gobierno de Naucalpan,facebook,Facebook,post_facebook,ciudadnaucalpan,Ciudad Naucalpan / Gobierno Municipal 2025-2027.,,"Inician clases presenciales en la Universidad Nacional Rosario Castellanos (UNRC), Campus Naucalpan🎓📚 Este 2 de marzo a las 7:00 am, estudiantes de segundo semestre y de nuevo ingreso comienzan clases presenciales. 🚌 Habrá transporte disponible con salidas a las 6:00 horas desde Metro Cuatro Caminos, San Bartolo (Glorieta de Morelos) y Los Arcos de los Remedios. #AquiGobiernaLaEsperanza #Naucalpan #UNRC #Mexico #EdoMex","Inician clases presenciales en la Universidad Nacional Rosario Castellanos (UNRC), Campus Naucalpan🎓📚 Este 2 de marzo a las 7:00 am, estudiantes de segundo semestre y de nuevo ingreso comienzan clases presenciales. 🚌 Habrá transporte disponible con salidas a las 6:00 horas desde Metro Cuatro Caminos, San Bartolo (Glorieta de Morelos) y Los Arcos de los Remedios. #AquiGobiernaLaEsperanza #Naucalpan #UNRC #Mexico #EdoMex",https://www.facebook.com/CiudadNaucalpan/posts/pfbid032J9MbdYukS1TrCQQRMN2qjmSBSaSgZMjr7F9d61dmJXhjNtc7jvo3KWynL8Nz2mJl,https://www.facebook.com/CiudadNaucalpan/posts/pfbid032J9MbdYukS1TrCQQRMN2qjmSBSaSgZMjr7F9d61dmJXhjNtc7jvo3KWynL8Nz2mJl,2026-02-27 14:22:24,2026-02-27,/home/emilio/Documentos/Naucalpan_Semanal_Reportes/Periodico/Enero_Mayo/2026-02-16_al_2026-02-28/Facebook/2026-02-16_al_2026-02-28_Facebook/2026-02-16_al_2026-02-28_Facebook_posts.csv
2026-02-16,2026-02-16_al_2026-02-28_Facebook,gobierno_naucalpan,Gobierno de Naucalpan,facebook,Facebook,post_facebook,ciudadnaucalpan,Ciudad Naucalpan / Gobierno Municipal 2025-2027.,,"🎶💜 Festival Feminista de Música: Naucalpan, Vivas, Libres y Sonando 💜🎶 Conoce a La Cora de Cuidadoras DIF🤝 La Brigada de Cuidadoras de tu comunidad surge del compromiso del DIF para implementar un Sistema de Cuidados donde se reconozca, reduzca y remunere el trabajo que históricamente ha recaído principalmente en las mujeres. ✨👩‍👧‍👦 Impulsada por la presidenta honoraria del SMDIF Naucalpan, esta brigada tiene presencia permanente en el territorio municipal, realizando diversas actividades para acercar el gobierno a las calles. 🏡🌸 📲 Redes sociales: Facebook: DIF Naucalpan Instagram: https://www.instagram.com/difnaucalpan/ #AquiGobiernaLaEsperanza #Naucalpan #VivasLibresYSonando #DIFNaucalpan","🎶💜 Festival Feminista de Música: Naucalpan, Vivas, Libres y Sonando 💜🎶 Conoce a La Cora de Cuidadoras DIF🤝 La Brigada de Cuidadoras de tu comunidad surge del compromiso del DIF para implementar un Sistema de Cuidados donde se reconozca, reduzca y remunere el trabajo que históricamente ha recaído principalmente en las mujeres. ✨👩‍👧‍👦 Impulsada por la presidenta honoraria del SMDIF Naucalpan, esta brigada tiene presencia permanente en el territorio municipal, realizando diversas actividades para acercar el gobierno a las calles. 🏡🌸 📲 Redes sociales: Facebook: DIF Naucalpan Instagram: https://www.instagram.com/difnaucalpan/ #AquiGobiernaLaEsperanza #Naucalpan #VivasLibresYSonando #DIFNaucalpan",https://www.facebook.com/CiudadNaucalpan/posts/pfbid0t7JQ4tW6UREbwkQkeUbTeTzzHfcenZqgQVB93MgLatMKZ84873qamshLStemuDx8l,https://www.facebook.com/CiudadNaucalpan/posts/pfbid0t7JQ4tW6UREbwkQkeUbTeTzzHfcenZqgQVB93MgLatMKZ84873qamshLStemuDx8l,2026-02-27 13:27:25,2026-02-27,/home/emilio/Documentos/Naucalpan_Semanal_Reportes/Periodico/Enero_Mayo/2026-02-16_al_2026-02-28/Facebook/2026-02-16_al_2026-02-28_Facebook/2026-02-16_al_2026-02-28_Facebook_posts.csv
2026-02-16,2026-02-16_al_2026-02-28_Facebook,gobierno_naucalpan,Gobierno de Naucalpan,facebook,Facebook,post_facebook,ciudadnaucalpan,Ciudad Naucalpan / Gobierno Municipal 2025-2027.,,"🎶💜 Festival Feminista de Música: Naucalpan, Vivas, Libres y Sonando 💜🎶 Conoce a Mariana Flores: Cantautora que encuentra en el folk un espacio para transformar. 🌿✨🎤🎶 La música es su lenguaje propio: en 6 años ha escrito alrededor de 60 canciones, cada una nacida de emociones, recuerdos y vivencias que se convierten en historias compartidas. 🎸💫 📲 Redes sociales: Instagram: https://www.instagram.com/mflrsdom/ 💜 #AquiGobiernaLaEsperanza #Naucalpan #VivasLibresYSonando","🎶💜 Festival Feminista de Música: Naucalpan, Vivas, Libres y Sonando 💜🎶 Conoce a Mariana Flores: Cantautora que encuentra en el folk un espacio para transformar. 🌿✨🎤🎶 La música es su lenguaje propio: en 6 años ha escrito alrededor de 60 canciones, cada una nacida de emociones, recuerdos y vivencias que se convierten en historias compartidas. 🎸💫 📲 Redes sociales: Instagram: https://www.instagram.com/mflrsdom/ 💜 #AquiGobiernaLaEsperanza #Naucalpan #VivasLibresYSonando",https://www.facebook.com/CiudadNaucalpan/posts/pfbid02p5vA7L6TGtTLvKzkkyaf1NUxYsEP1dAfsumpR2tNvG6UTKZE9M7x4geHQDy6i8h7l,https://www.facebook.com/CiudadNaucalpan/posts/pfbid02p5vA7L6TGtTLvKzkkyaf1NUxYsEP1dAfsumpR2tNvG6UTKZE9M7x4geHQDy6i8h7l,2026-02-27 13:20:31,2026-02-27,/home/emilio/Documentos/Naucalpan_Semanal_Reportes/Periodico/Enero_Mayo/2026-02-16_al_2026-02-28/Facebook/2026-02-16_al_2026-02-28_Facebook/2026-02-16_al_2026-02-28_Facebook_posts.csv
2026-02-16,2026-02-16_al_2026-02-28_Facebook,gobierno_naucalpan,Gobierno de Naucalpan,facebook,Facebook,post_facebook,ciudadnaucalpan,Ciudad Naucalpan / Gobierno Municipal 2025-2027.,,Impulsando a nuestros artesanos naucalpenses. ✨🎨 ¡Conóceles! #AquiGobiernaLaEsperanza #Naucalpan #ArtesanosNaucalpenses #TalentoLocal,Impulsando a nuestros artesanos naucalpenses. ✨🎨 ¡Conóceles! #AquiGobiernaLaEsperanza #Naucalpan #ArtesanosNaucalpenses #TalentoLocal,https://www.facebook.com/CiudadNaucalpan/posts/pfbid036MPCABFTTVfkZUQRshYJbqc8zdkXQ2tWy5T7W1jbFxHzuMfi5BLPoEPsD5Q1CMh8l,https://www.facebook.com/CiudadNaucalpan/posts/pfbid036MPCABFTTVfkZUQRshYJbqc8zdkXQ2tWy5T7W1jbFxHzuMfi5BLPoEPsD5Q1CMh8l,2026-02-27 13:02:37,2026-02-27,/home/emilio/Documentos/Naucalpan_Semanal_Reportes/Periodico/Enero_Mayo/2026-02-16_al_2026-02-28/Facebook/2026-02-16_al_2026-02-28_Facebook/2026-02-16_al_2026-02-28_Facebook_posts.csv
2026-02-16,2026-02-16_al_2026-02-28_Facebook,gobierno_naucalpan,Gobierno de Naucalpan,facebook,Facebook,post_facebook,ciudadnaucalpan,Ciudad Naucalpan / Gobierno Municipal 2025-2027.,,"🎶💜 Festival Feminista de Música: Naucalpan, Vivas, Libres y Sonando 💜🎶 El Gobierno de Ciudad Naucalpan, a través del IMNIS, te invita a ser parte de un espacio donde la música, el arte y la sororidad se unen para celebrar la fuerza y el talento de las mujeres. Disfruta la participación de: 🎤 La Cora de Cuidadoras DIF 🎶 Prania Esponda 🎵 Vanni Moon 🎼 Andamar Castillo 🎙️ Nidia Barajas 🎸 Mariana Flores 🎹 Leticia Servín 🎧 Yes S. Molina 🔊 Musas Sonideras Y más… Te esperamos: 7 de marzo de 2026 🕙 10:00 horas 📍 Explanada del Palacio Municipal (Av. Juárez No. 39, Fracc. El Mirador, Naucalpan de Juárez). Porque estamos vivas, porque somos libres y porque juntas seguimos sonando. ¡No te lo puedes perder! 🎤🌸 #AquiGobiernaLaEsperanza #Naucalpan #VivasLibresYSonando","🎶💜 Festival Feminista de Música: Naucalpan, Vivas, Libres y Sonando 💜🎶 El Gobierno de Ciudad Naucalpan, a través del IMNIS, te invita a ser parte de un espacio donde la música, el arte y la sororidad se unen para celebrar la fuerza y el talento de las mujeres. Disfruta la participación de: 🎤 La Cora de Cuidadoras DIF 🎶 Prania Esponda 🎵 Vanni Moon 🎼 Andamar Castillo 🎙️ Nidia Barajas 🎸 Mariana Flores 🎹 Leticia Servín 🎧 Yes S. Molina 🔊 Musas Sonideras Y más… Te esperamos: 7 de marzo de 2026 🕙 10:00 horas 📍 Explanada del Palacio Municipal (Av. Juárez No. 39, Fracc. El Mirador, Naucalpan de Juárez). Porque estamos vivas, porque somos libres y porque juntas seguimos sonando. ¡No te lo puedes perder! 🎤🌸 #AquiGobiernaLaEsperanza #Naucalpan #VivasLibresYSonando",https://www.facebook.com/CiudadNaucalpan/posts/pfbid022tL1tHgXmJXDt8463gFDuos8cMMwZPkJRZLzWb3aCPChkJpcdbZdDZrSRZBvQQrhl,https://www.facebook.com/CiudadNaucalpan/posts/pfbid022tL1tHgXmJXDt8463gFDuos8cMMwZPkJRZLzWb3aCPChkJpcdbZdDZrSRZBvQQrhl,2026-02-27 10:17:25,2026-02-27,/home/emilio/Documentos/Naucalpan_Semanal_Reportes/Periodico/Enero_Mayo/2026-02-16_al_2026-02-28/Facebook/2026-02-16_al_2026-02-28_Facebook/2026-02-16_al_2026-02-28_Facebook_posts.csv
2026-02-16,2026-02-16_al_2026-02-28_Facebook,gobierno_naucalpan,Gobierno de Naucalpan,facebook,Facebook,post_facebook,ciudadnaucalpan,Ciudad Naucalpan / Gobierno Municipal 2025-2027.,,"El Gobierno de Ciudad Naucalpan, a través del IMCUFIDEN, invita a niñas y niños a formar parte del Torneo Infantil 2026.🏈✨ 📢 Durante febrero, obtén 50% de descuento en tu inscripción y asegura tu lugar en esta gran experiencia deportiva. Impulsamos el deporte como herramienta para fortalecer valores, disciplina y trabajo en equipo en nuestras juventudes. 📞 Informes e inscripciones: 55 3574 5832 No dejes pasar esta oportunidad. ¡Aparta tu lugar y sé parte del torneo!✨ #AquiGobiernaLaEsperanza #Naucalpan #IMCUFIDEN #Deporte","El Gobierno de Ciudad Naucalpan, a través del IMCUFIDEN, invita a niñas y niños a formar parte del Torneo Infantil 2026.🏈✨ 📢 Durante febrero, obtén 50% de descuento en tu inscripción y asegura tu lugar en esta gran experiencia deportiva. Impulsamos el deporte como herramienta para fortalecer valores, disciplina y trabajo en equipo en nuestras juventudes. 📞 Informes e inscripciones: 55 3574 5832 No dejes pasar esta oportunidad. ¡Aparta tu lugar y sé parte del torneo!✨ #AquiGobiernaLaEsperanza #Naucalpan #IMCUFIDEN #Deporte",https://www.facebook.com/CiudadNaucalpan/posts/pfbid0RxGC6PqeefhYKVu3dx9QSiBuXWmJBRYUSzc4kvLAwwhTNQgH36bPueZE5rPF65YHl,https://www.facebook.com/CiudadNaucalpan/posts/pfbid0RxGC6PqeefhYKVu3dx9QSiBuXWmJBRYUSzc4kvLAwwhTNQgH36bPueZE5rPF65YHl,2026-02-27 08:25:25,2026-02-27,/home/emilio/Documentos/Naucalpan_Semanal_Reportes/Periodico/Enero_Mayo/2026-02-16_al_2026-02-28/Facebook/2026-02-16_al_2026-02-28_Facebook/2026-02-16_al_2026-02-28_Facebook_posts.csv
2026-02-16,2026-02-16_al_2026-02-28_Facebook,gobierno_naucalpan,Gobierno de Naucalpan,facebook,Facebook,post_facebook,ciudadnaucalpan,Ciudad Naucalpan / Gobierno Municipal 2025-2027.,,"Tianquiztli Tlatilca: el mercado de las tradiciones llega a Ciudad Naucalpan🎨🧵 A través de la Dirección de Bienestar e Inclusión Social, invita a la ciudadanía al Tianquiztli Tlatilca, un espacio dedicado a impulsar a las y los productores y artesanos locales, fortaleciendo nuestra identidad cultural y la economía comunitaria. 🤝 📅 26 y 27 de febrero de 2026 ⏰ 9:00 a 16:00 horas 📍 Palacio Municipal, en la explanada ubicada en los edificios anexos (A y B). Durante estos dos días, las y los asistentes podrán disfrutar de exposición y venta de productos artesanales, gastronomía tradicional y un ambiente cultural y familiar que enaltece nuestras raíces. 🌺🫶 Seguimos generando espacios para promover el talento local y fortalecer el consumo responsable en nuestra comunidad. ➡️Consulta más detalles en la imagen y acompáñanos. #AquiGobiernaLaEsperanza #Naucalpan #Bienesta","Tianquiztli Tlatilca: el mercado de las tradiciones llega a Ciudad Naucalpan🎨🧵 A través de la Dirección de Bienestar e Inclusión Social, invita a la ciudadanía al Tianquiztli Tlatilca, un espacio dedicado a impulsar a las y los productores y artesanos locales, fortaleciendo nuestra identidad cultural y la economía comunitaria. 🤝 📅 26 y 27 de febrero de 2026 ⏰ 9:00 a 16:00 horas 📍 Palacio Municipal, en la explanada ubicada en los edificios anexos (A y B). Durante estos dos días, las y los asistentes podrán disfrutar de exposición y venta de productos artesanales, gastronomía tradicional y un ambiente cultural y familiar que enaltece nuestras raíces. 🌺🫶 Seguimos generando espacios para promover el talento local y fortalecer el consumo responsable en nuestra comunidad. ➡️Consulta más detalles en la imagen y acompáñanos. #AquiGobiernaLaEsperanza #Naucalpan #Bienesta",https://www.facebook.com/CiudadNaucalpan/posts/pfbid02e5FHjkAm8fXXw2w3QfEnm3UrJ6aQyK9z3qHpbcPDxUcnq3VV2Co2vzq5gvsGP8iUl,https://www.facebook.com/CiudadNaucalpan/posts/pfbid02e5FHjkAm8fXXw2w3QfEnm3UrJ6aQyK9z3qHpbcPDxUcnq3VV2Co2vzq5gvsGP8iUl,2026-02-27 08:15:38,2026-02-27,/home/emilio/Documentos/Naucalpan_Semanal_Reportes/Periodico/Enero_Mayo/2026-02-16_al_2026-02-28/Facebook/2026-02-16_al_2026-02-28_Facebook/2026-02-16_al_2026-02-28_Facebook_posts.csv
2026-02-16,2026-02-16_al_2026-02-28_Facebook,gobierno_naucalpan,Gobierno de Naucalpan,facebook,Facebook,post_facebook,ciudadnaucalpan,Ciudad Naucalpan / Gobierno Municipal 2025-2027.,,"Curso de Preparación para el Ingreso a la Educación Media Superior🎓 El Gobierno de Ciudad Naucalpan invita a las y los estudiantes a participar en el Curso de Preparación para el ingreso a instituciones adscritas a la UNAM e IPN. Este programa tiene como objetivo fortalecer las competencias académicas en la transición de secundaria a preparatoria, así como impulsar el bienestar juvenil conforme al Plan de Desarrollo Municipal 2025–2027. 📚 Incluye: • Clases presenciales programadas • Ejercicios guiados • Resolución de reactivos tipo examen • Evaluaciones diagnósticas • Simulacros de examen 🗓️ Del 3 de marzo al 29 de mayo de 2026 (lunes, martes y miércoles). ⚠️ El curso inicia el martes 3 de marzo, debido a que el lunes 2 es día de asueto. ⏰ Turno matutino: 10:00 a 12:30 horas ⏰ Turno vespertino: 15:00 a 17:30 horas 📍 Instituto de las Juventudes Naucalpenses Av. Norteamérica, Las Américas, Naucalpan. 📝 Inscripciones del 11 al 28 de febrero 📞 Informes y pre registro: 72 9318 0766 📧 belem.hernandez@naucalpan.gob.mx ⚠️ Cupo limitado. #AquiGobiernaLaEsperanza #Naucalpan #Juventudes #Bienestar #Educacion","Curso de Preparación para el Ingreso a la Educación Media Superior🎓 El Gobierno de Ciudad Naucalpan invita a las y los estudiantes a participar en el Curso de Preparación para el ingreso a instituciones adscritas a la UNAM e IPN. Este programa tiene como objetivo fortalecer las competencias académicas en la transición de secundaria a preparatoria, así como impulsar el bienestar juvenil conforme al Plan de Desarrollo Municipal 2025–2027. 📚 Incluye: • Clases presenciales programadas • Ejercicios guiados • Resolución de reactivos tipo examen • Evaluaciones diagnósticas • Simulacros de examen 🗓️ Del 3 de marzo al 29 de mayo de 2026 (lunes, martes y miércoles). ⚠️ El curso inicia el martes 3 de marzo, debido a que el lunes 2 es día de asueto. ⏰ Turno matutino: 10:00 a 12:30 horas ⏰ Turno vespertino: 15:00 a 17:30 horas 📍 Instituto de las Juventudes Naucalpenses Av. Norteamérica, Las Américas, Naucalpan. 📝 Inscripciones del 11 al 28 de febrero 📞 Informes y pre registro: 72 9318 0766 📧 belem.hernandez@naucalpan.gob.mx ⚠️ Cupo limitado. #AquiGobiernaLaEsperanza #Naucalpan #Juventudes #Bienestar #Educacion",https://www.facebook.com/CiudadNaucalpan/posts/pfbid0AEaQSXK4d2Z4SCEvmvqU8soDL7Mb5MggBTvcd6yXQs8EHLDGzvYES8d8VTXAKnYGl,https://www.facebook.com/CiudadNaucalpan/posts/pfbid0AEaQSXK4d2Z4SCEvmvqU8soDL7Mb5MggBTvcd6yXQs8EHLDGzvYES8d8VTXAKnYGl,2026-02-27 07:31:29,2026-02-27,/home/emilio/Documentos/Naucalpan_Semanal_Reportes/Periodico/Enero_Mayo/2026-02-16_al_2026-02-28/Facebook/2026-02-16_al_2026-02-28_Facebook/2026-02-16_al_2026-02-28_Facebook_posts.csv
2026-02-16,2026-02-16_al_2026-02-28_Facebook,gobierno_naucalpan,Gobierno de Naucalpan,facebook,Facebook,post_facebook,ciudadnaucalpan,Ciudad Naucalpan / Gobierno Municipal 2025-2027.,,"¿Sabías qué? ⚽ El Adidas Telstar fue utilizado en Alemania 1974 y también estuvo presente en la edición de 1970. Su nombre hace referencia al satélite Telstar, marcando una época en la historia del fútbol internacional. 🌍✨ Un balón que se convirtió en símbolo de una generación. #AquiGobiernaLaEsperanza #HuellasDelMundial #Naucalpan","¿Sabías qué? ⚽ El Adidas Telstar fue utilizado en Alemania 1974 y también estuvo presente en la edición de 1970. Su nombre hace referencia al satélite Telstar, marcando una época en la historia del fútbol internacional. 🌍✨ Un balón que se convirtió en símbolo de una generación. #AquiGobiernaLaEsperanza #HuellasDelMundial #Naucalpan",https://www.facebook.com/CiudadNaucalpan/posts/pfbid0275kvA2zB6byfTsM4ypvr2Zj4hXcqrvUTShdwWXVznGNa1FZBSdpb5nDzRjBbsT22l,https://www.facebook.com/CiudadNaucalpan/posts/pfbid0275kvA2zB6byfTsM4ypvr2Zj4hXcqrvUTShdwWXVznGNa1FZBSdpb5nDzRjBbsT22l,2026-02-27 07:02:22,2026-02-27,/home/emilio/Documentos/Naucalpan_Semanal_Reportes/Periodico/Enero_Mayo/2026-02-16_al_2026-02-28/Facebook/2026-02-16_al_2026-02-28_Facebook/2026-02-16_al_2026-02-28_Facebook_posts.csv
2026-02-16,2026-02-16_al_2026-02-28_Twitter,gobierno_naucalpan,Gobierno de Naucalpan,twitter,Twitter/X,tweet,@GobNau,@GobNau,,"Curso de Preparación para el Ingreso a la Educación Media Superior El curso inicia el martes 3 de marzo, debido a que el lunes 2 es día de asueto. #AquiGobiernaLaEsperanza #Naucalpan #Juventudes #Bienestar #Educacion","Curso de Preparación para el Ingreso a la Educación Media Superior El curso inicia el martes 3 de marzo, debido a que el lunes 2 es día de asueto. #AquiGobiernaLaEsperanza #Naucalpan #Juventudes #Bienestar #Educacion",https://x.com/GobNau/status/2027489351110652077,https://x.com/GobNau/status/2027489351110652077,2026-02-27 21:01:44+00:00,2026-02-27,/home/emilio/Documentos/Naucalpan_Semanal_Reportes/Periodico/Enero_Mayo/2026-02-16_al_2026-02-28/Twitter/2026-02-16_al_2026-02-28_Twitter/2026-02-16_al_2026-02-28_Twitter_post_institucionales.csv
2026-02-16,2026-02-16_al_2026-02-28_Twitter,gobierno_naucalpan,Gobierno de Naucalpan,twitter,Twitter/X,tweet,@GobNau,@GobNau,,"Inician clases presenciales en la Universidad Nacional Rosario Castellanos (UNRC), Campus Naucalpan #AquiGobiernaLaEsperanza #Naucalpan #UNRC #Mexico #EdoMex","Inician clases presenciales en la Universidad Nacional Rosario Castellanos (UNRC), Campus Naucalpan #AquiGobiernaLaEsperanza #Naucalpan #UNRC #Mexico #EdoMex",https://x.com/GobNau/status/2027479455954866312,https://x.com/GobNau/status/2027479455954866312,2026-02-27 20:22:25+00:00,2026-02-27,/home/emilio/Documentos/Naucalpan_Semanal_Reportes/Periodico/Enero_Mayo/2026-02-16_al_2026-02-28/Twitter/2026-02-16_al_2026-02-28_Twitter/2026-02-16_al_2026-02-28_Twitter_post_institucionales.csv
2026-02-16,2026-02-16_al_2026-02-28_Twitter,gobierno_naucalpan,Gobierno de Naucalpan,twitter,Twitter/X,tweet,@GobNau,@GobNau,,La Cora de Cuidadoras DIF La Brigada de Cuidadoras de tu comunidad impulsa un Sistema de Cuidados que reconoce y dignifica el trabajo que históricamente ha recaído en las mujeres. @difnaucalpan #AquiGobiernaLaEsperanza #Naucalpan #VivasLibresYSonando,La Cora de Cuidadoras DIF La Brigada de Cuidadoras de tu comunidad impulsa un Sistema de Cuidados que reconoce y dignifica el trabajo que históricamente ha recaído en las mujeres. @difnaucalpan #AquiGobiernaLaEsperanza #Naucalpan #VivasLibresYSonando,https://x.com/GobNau/status/2027465617486364726,https://x.com/GobNau/status/2027465617486364726,2026-02-27 19:27:26+00:00,2026-02-27,/home/emilio/Documentos/Naucalpan_Semanal_Reportes/Periodico/Enero_Mayo/2026-02-16_al_2026-02-28/Twitter/2026-02-16_al_2026-02-28_Twitter/2026-02-16_al_2026-02-28_Twitter_post_institucionales.csv
2026-02-16,2026-02-16_al_2026-02-28_Twitter,gobierno_naucalpan,Gobierno de Naucalpan,twitter,Twitter/X,tweet,@GobNau,@GobNau,,Conoce a Mariana Flores Cantautora de folk que transforma emociones en canciones. En 6 años ha escrito alrededor de 60 temas llenos de recuerdos y vivencias que se vuelven historias compartidas. Instagram: @mflrsdom #AquiGobiernaLaEsperanza #Naucalpan,Conoce a Mariana Flores Cantautora de folk que transforma emociones en canciones. En 6 años ha escrito alrededor de 60 temas llenos de recuerdos y vivencias que se vuelven historias compartidas. Instagram: @mflrsdom #AquiGobiernaLaEsperanza #Naucalpan,https://x.com/GobNau/status/2027464006546469126,https://x.com/GobNau/status/2027464006546469126,2026-02-27 19:21:02+00:00,2026-02-27,/home/emilio/Documentos/Naucalpan_Semanal_Reportes/Periodico/Enero_Mayo/2026-02-16_al_2026-02-28/Twitter/2026-02-16_al_2026-02-28_Twitter/2026-02-16_al_2026-02-28_Twitter_post_institucionales.csv
2026-02-16,2026-02-16_al_2026-02-28_Twitter,gobierno_naucalpan,Gobierno de Naucalpan,twitter,Twitter/X,tweet,@GobNau,@GobNau,,"Festival Feminista de Música: Naucalpan, Vivas, Libres y Sonando Porque estamos vivas, porque somos libres y porque juntas seguimos sonando. ¡Te esperamos! #AquiGobiernaLaEsperanza #Naucalpan #VivasLibresYSonando","Festival Feminista de Música: Naucalpan, Vivas, Libres y Sonando Porque estamos vivas, porque somos libres y porque juntas seguimos sonando. ¡Te esperamos! #AquiGobiernaLaEsperanza #Naucalpan #VivasLibresYSonando",https://x.com/GobNau/status/2027418453619916924,https://x.com/GobNau/status/2027418453619916924,2026-02-27 16:20:01+00:00,2026-02-27,/home/emilio/Documentos/Naucalpan_Semanal_Reportes/Periodico/Enero_Mayo/2026-02-16_al_2026-02-28/Twitter/2026-02-16_al_2026-02-28_Twitter/2026-02-16_al_2026-02-28_Twitter_post_institucionales.csv
2026-02-16,2026-02-16_al_2026-02-28_Twitter,gobierno_naucalpan,Gobierno de Naucalpan,twitter,Twitter/X,tweet,@GobNau,@GobNau,,"El Gobierno de Ciudad Naucalpan, a través del IMCUFIDEN, invita a niñas y niños a formar parte del Torneo Infantil 2026. No dejes pasar esta oportunidad. ¡Aparta tu lugar y sé parte del torneo! #AquiGobiernaLaEsperanza #Naucalpan #IMCUFIDEN #Deporte","El Gobierno de Ciudad Naucalpan, a través del IMCUFIDEN, invita a niñas y niños a formar parte del Torneo Infantil 2026. No dejes pasar esta oportunidad. ¡Aparta tu lugar y sé parte del torneo! #AquiGobiernaLaEsperanza #Naucalpan #IMCUFIDEN #Deporte",https://x.com/GobNau/status/2027389617591271723,https://x.com/GobNau/status/2027389617591271723,2026-02-27 14:25:26+00:00,2026-02-27,/home/emilio/Documentos/Naucalpan_Semanal_Reportes/Periodico/Enero_Mayo/2026-02-16_al_2026-02-28/Twitter/2026-02-16_al_2026-02-28_Twitter/2026-02-16_al_2026-02-28_Twitter_post_institucionales.csv
2026-02-16,2026-02-16_al_2026-02-28_Twitter,gobierno_naucalpan,Gobierno de Naucalpan,twitter,Twitter/X,tweet,@GobNau,@GobNau,,Tianquiztli Tlatilca: el mercado de las tradiciones llega a Ciudad Naucalpan Consulta más detalles en la imagen y acompáñanos. #AquiGobiernaLaEsperanza #Naucalpan #Bienesta,Tianquiztli Tlatilca: el mercado de las tradiciones llega a Ciudad Naucalpan Consulta más detalles en la imagen y acompáñanos. #AquiGobiernaLaEsperanza #Naucalpan #Bienesta,https://x.com/GobNau/status/2027387155421524411,https://x.com/GobNau/status/2027387155421524411,2026-02-27 14:15:39+00:00,2026-02-27,/home/emilio/Documentos/Naucalpan_Semanal_Reportes/Periodico/Enero_Mayo/2026-02-16_al_2026-02-28/Twitter/2026-02-16_al_2026-02-28_Twitter/2026-02-16_al_2026-02-28_Twitter_post_institucionales.csv
2026-02-16,2026-02-16_al_2026-02-28_Twitter,gobierno_naucalpan,Gobierno de Naucalpan,twitter,Twitter/X,tweet,@GobNau,@GobNau,,"Curso de Preparación para el Ingreso a la Educación Media Superior El curso inicia el martes 3 de marzo, debido a que el lunes 2 es día de asueto. #AquiGobiernaLaEsperanza #Naucalpan #Juventudes #Bienestar #Educacion","Curso de Preparación para el Ingreso a la Educación Media Superior El curso inicia el martes 3 de marzo, debido a que el lunes 2 es día de asueto. #AquiGobiernaLaEsperanza #Naucalpan #Juventudes #Bienestar #Educacion",https://x.com/GobNau/status/2027376039316382192,https://x.com/GobNau/status/2027376039316382192,2026-02-27 13:31:29+00:00,2026-02-27,/home/emilio/Documentos/Naucalpan_Semanal_Reportes/Periodico/Enero_Mayo/2026-02-16_al_2026-02-28/Twitter/2026-02-16_al_2026-02-28_Twitter/2026-02-16_al_2026-02-28_Twitter_post_institucionales.csv
2026-02-16,2026-02-16_al_2026-02-28_Twitter,gobierno_naucalpan,Gobierno de Naucalpan,twitter,Twitter/X,tweet,@GobNau,@GobNau,,¿Sabías qué? El Adidas Telstar fue utilizado en Alemania 1974 y también en 1970. Su nombre hace referencia al satélite Telstar y se convirtió en un ícono del fútbol internacional. #AquiGobiernaLaEsperanza #HuellasDelMundial #Naucalpan,¿Sabías qué? El Adidas Telstar fue utilizado en Alemania 1974 y también en 1970. Su nombre hace referencia al satélite Telstar y se convirtió en un ícono del fútbol internacional. #AquiGobiernaLaEsperanza #HuellasDelMundial #Naucalpan,https://x.com/GobNau/status/2027368861918429539,https://x.com/GobNau/status/2027368861918429539,2026-02-27 13:02:58+00:00,2026-02-27,/home/emilio/Documentos/Naucalpan_Semanal_Reportes/Periodico/Enero_Mayo/2026-02-16_al_2026-02-28/Twitter/2026-02-16_al_2026-02-28_Twitter/2026-02-16_al_2026-02-28_Twitter_post_institucionales.csv
2026-02-16,2026-02-16_al_2026-02-28_Twitter,gobierno_naucalpan,Gobierno de Naucalpan,twitter,Twitter/X,tweet,@GobNau,@GobNau,,"Te invitamos a la Mesa por la Paz, donde se realizará una Jornada de Esterilización y la Entrega de Becas Rita Cetina. #AquiGobiernaLaEsperanza #Naucalpan #MesaPorLaPaz","Te invitamos a la Mesa por la Paz, donde se realizará una Jornada de Esterilización y la Entrega de Becas Rita Cetina. #AquiGobiernaLaEsperanza #Naucalpan #MesaPorLaPaz",https://x.com/GobNau/status/2027242116825457084,https://x.com/GobNau/status/2027242116825457084,2026-02-27 04:39:19+00:00,2026-02-27,/home/emilio/Documentos/Naucalpan_Semanal_Reportes/Periodico/Enero_Mayo/2026-02-16_al_2026-02-28/Twitter/2026-02-16_al_2026-02-28_Twitter/2026-02-16_al_2026-02-28_Twitter_post_institucionales.csv
2026-02-16,2026-02-16_al_2026-02-28_Twitter,gobierno_naucalpan,Gobierno de Naucalpan,twitter,Twitter/X,tweet,@GobNau,@GobNau,,"El Alcalde, Isaac Montoya Márquez, encabezó la entrega de más de 200 testamentos en el Patio Central del Palacio Municipal, como parte de una estrategia para fortalecer el patrimonio familiar y la paz social en Ciudad #Naucalpan. #AquiGobiernaLaEsperanza #DesarrolloUrbano","El Alcalde, Isaac Montoya Márquez, encabezó la entrega de más de 200 testamentos en el Patio Central del Palacio Municipal, como parte de una estrategia para fortalecer el patrimonio familiar y la paz social en Ciudad #Naucalpan. #AquiGobiernaLaEsperanza #DesarrolloUrbano",https://x.com/GobNau/status/2027224812075073944,https://x.com/GobNau/status/2027224812075073944,2026-02-27 03:30:33+00:00,2026-02-27,/home/emilio/Documentos/Naucalpan_Semanal_Reportes/Periodico/Enero_Mayo/2026-02-16_al_2026-02-28/Twitter/2026-02-16_al_2026-02-28_Twitter/2026-02-16_al_2026-02-28_Twitter_post_institucionales.csv
2026-02-16,2026-02-16_al_2026-02-28_Facebook,gobierno_naucalpan,Gobierno de Naucalpan,facebook,Facebook,post_facebook,ciudadnaucalpan,Ciudad Naucalpan / Gobierno Municipal 2025-2027.,,"Te invitamos a la Mesa por la Paz, donde se realizará una Jornada de Esterilización y la Entrega de Becas Rita Cetina.🕊️ 🗓 Viernes 27 de febrero de 2026 🕘 9:00 horas 📍 Hospital Público Veterinario Av. Primero de Mayo s/n, Col. San Luis Tlatilco, Naucalpan de Juárez, Méx. #AquiGobiernaLaEsperanza #Naucalpan #MesaPorLaPaz","Te invitamos a la Mesa por la Paz, donde se realizará una Jornada de Esterilización y la Entrega de Becas Rita Cetina.🕊️ 🗓 Viernes 27 de febrero de 2026 🕘 9:00 horas 📍 Hospital Público Veterinario Av. Primero de Mayo s/n, Col. San Luis Tlatilco, Naucalpan de Juárez, Méx. #AquiGobiernaLaEsperanza #Naucalpan #MesaPorLaPaz",https://www.facebook.com/CiudadNaucalpan/posts/pfbid0g6RvxRu6hshKT2bar5exDTvTPSjxcTmwksHpjNS5x2qPfzGGWm3Ud1D6vHwbrv6Bl,https://www.facebook.com/CiudadNaucalpan/posts/pfbid0g6RvxRu6hshKT2bar5exDTvTPSjxcTmwksHpjNS5x2qPfzGGWm3Ud1D6vHwbrv6Bl,2026-02-26 22:39:18,2026-02-26,/home/emilio/Documentos/Naucalpan_Semanal_Reportes/Periodico/Enero_Mayo/2026-02-16_al_2026-02-28/Facebook/2026-02-16_al_2026-02-28_Facebook/2026-02-16_al_2026-02-28_Facebook_posts.csv
2026-02-16,2026-02-16_al_2026-02-28_Facebook,gobierno_naucalpan,Gobierno de Naucalpan,facebook,Facebook,post_facebook,ciudadnaucalpan,Ciudad Naucalpan / Gobierno Municipal 2025-2027.,,"El Presidente Municipal, Isaac Montoya Márquez, encabezó la entrega de más de 200 testamentos en el Patio Central del Palacio Municipal, como parte de una estrategia para fortalecer el patrimonio familiar y la paz social en Ciudad Naucalpan. La iniciativa busca reducir el rezago en materia de legalidad testamentaria y brindar certeza jurídica a las familias naucalpenses, facilitando el acceso a un trámite que durante años fue percibido como lejano, costoso o complicado. Durante el evento, el presidente municipal destacó que realizar un testamento es un acto de responsabilidad que protege el esfuerzo de toda una vida y evita futuros conflictos legales, garantizando tranquilidad a las familias. Refrendamos nuestro compromiso de acercar la legalidad, los servicios y los derechos a la ciudadanía. #AquiGobiernaLaEsperanza #Naucalpan #DesarrolloUrbano","El Presidente Municipal, Isaac Montoya Márquez, encabezó la entrega de más de 200 testamentos en el Patio Central del Palacio Municipal, como parte de una estrategia para fortalecer el patrimonio familiar y la paz social en Ciudad Naucalpan. La iniciativa busca reducir el rezago en materia de legalidad testamentaria y brindar certeza jurídica a las familias naucalpenses, facilitando el acceso a un trámite que durante años fue percibido como lejano, costoso o complicado. Durante el evento, el presidente municipal destacó que realizar un testamento es un acto de responsabilidad que protege el esfuerzo de toda una vida y evita futuros conflictos legales, garantizando tranquilidad a las familias. Refrendamos nuestro compromiso de acercar la legalidad, los servicios y los derechos a la ciudadanía. #AquiGobiernaLaEsperanza #Naucalpan #DesarrolloUrbano",https://www.facebook.com/CiudadNaucalpan/posts/pfbid038KQ5omCAgLKW2DDevZxu5etQVAwiLK1DHwndwuqozkTDzroRT1jwkSmF6ABnC2AMl,https://www.facebook.com/CiudadNaucalpan/posts/pfbid038KQ5omCAgLKW2DDevZxu5etQVAwiLK1DHwndwuqozkTDzroRT1jwkSmF6ABnC2AMl,2026-02-26 21:29:32,2026-02-26,/home/emilio/Documentos/Naucalpan_Semanal_Reportes/Periodico/Enero_Mayo/2026-02-16_al_2026-02-28/Facebook/2026-02-16_al_2026-02-28_Facebook/2026-02-16_al_2026-02-28_Facebook_posts.csv
2026-02-16,2026-02-16_al_2026-02-28_Facebook,gobierno_naucalpan,Gobierno de Naucalpan,facebook,Facebook,post_facebook,ciudadnaucalpan,Ciudad Naucalpan / Gobierno Municipal 2025-2027.,,"El Gobierno de Ciudad Naucalpan, invita al curso gratuito “Más allá del Plan de Negocios”, un espacio de formación diseñado para fortalecer las capacidades de empresarias, empresarios y emprendedores del municipio. 📈 Este curso brindará herramientas prácticas y un diagnóstico estratégico para identificar bloqueos, mejorar la toma de decisiones y promover negocios sostenibles con impacto económico local. 🗓 12 de marzo. ⏰ 10:00 a 14:00 horas. 📍 Foro Sor Juana Inés de la Cruz, Parque Naucalli (entrada por Periférico. 👩‍🏫 Impartido por la Dra. Irma Castañeda Peña. 📲 Informes y registro vía WhatsApp: 55 8570 0924 #AquiGobiernaLaEsperanza #Naucalpan #DesarrolloEconomico","El Gobierno de Ciudad Naucalpan, invita al curso gratuito “Más allá del Plan de Negocios”, un espacio de formación diseñado para fortalecer las capacidades de empresarias, empresarios y emprendedores del municipio. 📈 Este curso brindará herramientas prácticas y un diagnóstico estratégico para identificar bloqueos, mejorar la toma de decisiones y promover negocios sostenibles con impacto económico local. 🗓 12 de marzo. ⏰ 10:00 a 14:00 horas. 📍 Foro Sor Juana Inés de la Cruz, Parque Naucalli (entrada por Periférico. 👩‍🏫 Impartido por la Dra. Irma Castañeda Peña. 📲 Informes y registro vía WhatsApp: 55 8570 0924 #AquiGobiernaLaEsperanza #Naucalpan #DesarrolloEconomico",https://www.facebook.com/CiudadNaucalpan/posts/pfbid02gUviLxUWX37Q9sPhyjq1tMTMgG4uX2oR1gq358EMjYLXJKzgNgL8sa1Dyg6mVtGel,https://www.facebook.com/CiudadNaucalpan/posts/pfbid02gUviLxUWX37Q9sPhyjq1tMTMgG4uX2oR1gq358EMjYLXJKzgNgL8sa1Dyg6mVtGel,2026-02-26 17:45:23,2026-02-26,/home/emilio/Documentos/Naucalpan_Semanal_Reportes/Periodico/Enero_Mayo/2026-02-16_al_2026-02-28/Facebook/2026-02-16_al_2026-02-28_Facebook/2026-02-16_al_2026-02-28_Facebook_posts.csv
2026-02-16,2026-02-16_al_2026-02-28_Facebook,gobierno_naucalpan,Gobierno de Naucalpan,facebook,Facebook,post_facebook,ciudadnaucalpan,Ciudad Naucalpan / Gobierno Municipal 2025-2027.,,"Curso de Preparación para el Ingreso a la Educación Media Superior🎓 El Gobierno de Ciudad Naucalpan invita a las y los estudiantes a participar en el Curso de Preparación para el ingreso a instituciones adscritas a la UNAM e IPN. Este programa tiene como objetivo fortalecer las competencias académicas en la transición de secundaria a preparatoria, así como impulsar el bienestar juvenil conforme al Plan de Desarrollo Municipal 2025–2027. 📚 Incluye: • Clases presenciales programadas • Ejercicios guiados • Resolución de reactivos tipo examen • Evaluaciones diagnósticas • Simulacros de examen 🗓️ Del 3 de marzo al 29 de mayo de 2026 (lunes, martes y miércoles). ⚠️ El curso inicia el martes 3 de marzo, debido a que el lunes 2 es día de asueto. ⏰ Turno matutino: 10:00 a 12:30 horas ⏰ Turno vespertino: 15:00 a 17:30 horas 📍 Instituto de las Juventudes Naucalpenses Av. Norteamérica, Las Américas, Naucalpan. 📝 Inscripciones del 11 al 28 de febrero 📞 Informes y pre registro: 72 9318 0766 📧 belem.hernandez@naucalpan.gob.mx ⚠️ Cupo limitado. #AquiGobiernaLaEsperanza #Naucalpan #Juventudes #Bienestar #Educacion","Curso de Preparación para el Ingreso a la Educación Media Superior🎓 El Gobierno de Ciudad Naucalpan invita a las y los estudiantes a participar en el Curso de Preparación para el ingreso a instituciones adscritas a la UNAM e IPN. Este programa tiene como objetivo fortalecer las competencias académicas en la transición de secundaria a preparatoria, así como impulsar el bienestar juvenil conforme al Plan de Desarrollo Municipal 2025–2027. 📚 Incluye: • Clases presenciales programadas • Ejercicios guiados • Resolución de reactivos tipo examen • Evaluaciones diagnósticas • Simulacros de examen 🗓️ Del 3 de marzo al 29 de mayo de 2026 (lunes, martes y miércoles). ⚠️ El curso inicia el martes 3 de marzo, debido a que el lunes 2 es día de asueto. ⏰ Turno matutino: 10:00 a 12:30 horas ⏰ Turno vespertino: 15:00 a 17:30 horas 📍 Instituto de las Juventudes Naucalpenses Av. Norteamérica, Las Américas, Naucalpan. 📝 Inscripciones del 11 al 28 de febrero 📞 Informes y pre registro: 72 9318 0766 📧 belem.hernandez@naucalpan.gob.mx ⚠️ Cupo limitado. #AquiGobiernaLaEsperanza #Naucalpan #Juventudes #Bienestar #Educacion",https://www.facebook.com/CiudadNaucalpan/posts/pfbid0iuNWfaKjzcfR1zsibR5yDRrzbaA7vjEUxs86Pcwa3GnxLaCSR3bqDG9qaUqwBgW1l,https://www.facebook.com/CiudadNaucalpan/posts/pfbid0iuNWfaKjzcfR1zsibR5yDRrzbaA7vjEUxs86Pcwa3GnxLaCSR3bqDG9qaUqwBgW1l,2026-02-26 17:02:46,2026-02-26,/home/emilio/Documentos/Naucalpan_Semanal_Reportes/Periodico/Enero_Mayo/2026-02-16_al_2026-02-28/Facebook/2026-02-16_al_2026-02-28_Facebook/2026-02-16_al_2026-02-28_Facebook_posts.csv
2026-02-16,2026-02-16_al_2026-02-28_Facebook,gobierno_naucalpan,Gobierno de Naucalpan,facebook,Facebook,post_facebook,ciudadnaucalpan,Ciudad Naucalpan / Gobierno Municipal 2025-2027.,,Impulsando a nuestros artesanos naucalpenses. ✨🎨 ¡Conóceles! #AquiGobiernaLaEsperanza #Naucalpan #ArtesanosNaucalpenses #TalentoLocal,Impulsando a nuestros artesanos naucalpenses. ✨🎨 ¡Conóceles! #AquiGobiernaLaEsperanza #Naucalpan #ArtesanosNaucalpenses #TalentoLocal,https://www.facebook.com/CiudadNaucalpan/posts/pfbid0s2cVTm56EzkC2SxpswN3BQHjYXpeQpUHh9xzNtsXjJqTFU7mKoi1nPzAHWADaT7l,https://www.facebook.com/CiudadNaucalpan/posts/pfbid0s2cVTm56EzkC2SxpswN3BQHjYXpeQpUHh9xzNtsXjJqTFU7mKoi1nPzAHWADaT7l,2026-02-26 16:01:58,2026-02-26,/home/emilio/Documentos/Naucalpan_Semanal_Reportes/Periodico/Enero_Mayo/2026-02-16_al_2026-02-28/Facebook/2026-02-16_al_2026-02-28_Facebook/2026-02-16_al_2026-02-28_Facebook_posts.csv
2026-02-16,2026-02-16_al_2026-02-28_Facebook,gobierno_naucalpan,Gobierno de Naucalpan,facebook,Facebook,post_facebook,ciudadnaucalpan,Ciudad Naucalpan / Gobierno Municipal 2025-2027.,,En San Rafael Chamapa fueron rescatados 4 seres sintientes en condiciones de abandono y maltrato.🐾🚨 Hoy ya reciben atención veterinaria y resguardo conforme a protocolo. Reafirmamos nuestro compromiso con el bienestar animal.❤️ 👉La protección animal es tarea de todas y todos. Denuncia. #AquiGobiernaLaEsperanza #Naucalpan #BienestarAnimal #Rescate,En San Rafael Chamapa fueron rescatados 4 seres sintientes en condiciones de abandono y maltrato.🐾🚨 Hoy ya reciben atención veterinaria y resguardo conforme a protocolo. Reafirmamos nuestro compromiso con el bienestar animal.❤️ 👉La protección animal es tarea de todas y todos. Denuncia. #AquiGobiernaLaEsperanza #Naucalpan #BienestarAnimal #Rescate,https://www.facebook.com/reel/4301774500069082/,https://www.facebook.com/reel/4301774500069082/,2026-02-26 15:35:14,2026-02-26,/home/emilio/Documentos/Naucalpan_Semanal_Reportes/Periodico/Enero_Mayo/2026-02-16_al_2026-02-28/Facebook/2026-02-16_al_2026-02-28_Facebook/2026-02-16_al_2026-02-28_Facebook_posts.csv
2026-02-16,2026-02-16_al_2026-02-28_Facebook,gobierno_naucalpan,Gobierno de Naucalpan,facebook,Facebook,post_facebook,ciudadnaucalpan,Ciudad Naucalpan / Gobierno Municipal 2025-2027.,,"Curso de Preparación para el Ingreso a la Educación Media Superior🎓 El Gobierno de Ciudad Naucalpan invita a las y los estudiantes a participar en el Curso de Preparación para el ingreso a instituciones adscritas a la UNAM e IPN. Este programa tiene como objetivo fortalecer las competencias académicas en la transición de secundaria a preparatoria, así como impulsar el bienestar juvenil conforme al Plan de Desarrollo Municipal 2025–2027. 📚 Incluye: • Clases presenciales programadas • Ejercicios guiados • Resolución de reactivos tipo examen • Evaluaciones diagnósticas • Simulacros de examen 🗓️ Del 3 de marzo al 29 de mayo de 2026 (lunes, martes y miércoles). ⚠️ El curso inicia el martes 3 de marzo, debido a que el lunes 2 es día de asueto. ⏰ Turno matutino: 10:00 a 12:30 horas ⏰ Turno vespertino: 15:00 a 17:30 horas 📍 Instituto de las Juventudes Naucalpenses Av. Norteamérica, Las Américas, Naucalpan. 📝 Inscripciones del 11 al 28 de febrero 📞 Informes y pre registro: 72 9318 0766 📧 belem.hernandez@naucalpan.gob.mx ⚠️ Cupo limitado. #AquiGobiernaLaEsperanza #Naucalpan #Juventudes #Bienestar #Educacion","Curso de Preparación para el Ingreso a la Educación Media Superior🎓 El Gobierno de Ciudad Naucalpan invita a las y los estudiantes a participar en el Curso de Preparación para el ingreso a instituciones adscritas a la UNAM e IPN. Este programa tiene como objetivo fortalecer las competencias académicas en la transición de secundaria a preparatoria, así como impulsar el bienestar juvenil conforme al Plan de Desarrollo Municipal 2025–2027. 📚 Incluye: • Clases presenciales programadas • Ejercicios guiados • Resolución de reactivos tipo examen • Evaluaciones diagnósticas • Simulacros de examen 🗓️ Del 3 de marzo al 29 de mayo de 2026 (lunes, martes y miércoles). ⚠️ El curso inicia el martes 3 de marzo, debido a que el lunes 2 es día de asueto. ⏰ Turno matutino: 10:00 a 12:30 horas ⏰ Turno vespertino: 15:00 a 17:30 horas 📍 Instituto de las Juventudes Naucalpenses Av. Norteamérica, Las Américas, Naucalpan. 📝 Inscripciones del 11 al 28 de febrero 📞 Informes y pre registro: 72 9318 0766 📧 belem.hernandez@naucalpan.gob.mx ⚠️ Cupo limitado. #AquiGobiernaLaEsperanza #Naucalpan #Juventudes #Bienestar #Educacion",https://www.facebook.com/CiudadNaucalpan/posts/pfbid02G9w15FfE9PeEuEyU8NwtFyHuJEHpNobzgQFQMLUWnF96dY2j9q8iX1CU69azqmrul,https://www.facebook.com/CiudadNaucalpan/posts/pfbid02G9w15FfE9PeEuEyU8NwtFyHuJEHpNobzgQFQMLUWnF96dY2j9q8iX1CU69azqmrul,2026-02-26 14:41:30,2026-02-26,/home/emilio/Documentos/Naucalpan_Semanal_Reportes/Periodico/Enero_Mayo/2026-02-16_al_2026-02-28/Facebook/2026-02-16_al_2026-02-28_Facebook/2026-02-16_al_2026-02-28_Facebook_posts.csv
2026-02-16,2026-02-16_al_2026-02-28_Facebook,gobierno_naucalpan,Gobierno de Naucalpan,facebook,Facebook,post_facebook,ciudadnaucalpan,Ciudad Naucalpan / Gobierno Municipal 2025-2027.,,"Oficina Móvil en Zomeyucan🚐 El Gobierno de Naucalpan, a través del Instituto de las Mujeres Naucalpenses y la Igualdad Sustantiva (IMNIS), llevará la Oficina Móvil a la colonia Zomeyucan para acercar servicios gratuitos a la comunidad. 🗓 Viernes 27 de febrero ⏰ 10:00 a 14:00 horas 📍 Av. Centenario 90, San Antonio Zomeyucan Durante la jornada se brindarán: ⚖️ Asesorías jurídicas y atenciones psicológicas con perspectiva de género. ℹ️ Información para la atención y prevención de la violencia de género. 🧼 Taller de jabones artesanales. 💇‍♀️ Cortes de cabello. Desde el Gobierno de Naucalpan seguimos acercando servicios a las colonias para fortalecer el bienestar y la igualdad en nuestro municipio. #AquiGobiernaLaEsperanza #Naucalpan #IMNIS","Oficina Móvil en Zomeyucan🚐 El Gobierno de Naucalpan, a través del Instituto de las Mujeres Naucalpenses y la Igualdad Sustantiva (IMNIS), llevará la Oficina Móvil a la colonia Zomeyucan para acercar servicios gratuitos a la comunidad. 🗓 Viernes 27 de febrero ⏰ 10:00 a 14:00 horas 📍 Av. Centenario 90, San Antonio Zomeyucan Durante la jornada se brindarán: ⚖️ Asesorías jurídicas y atenciones psicológicas con perspectiva de género. ℹ️ Información para la atención y prevención de la violencia de género. 🧼 Taller de jabones artesanales. 💇‍♀️ Cortes de cabello. Desde el Gobierno de Naucalpan seguimos acercando servicios a las colonias para fortalecer el bienestar y la igualdad en nuestro municipio. #AquiGobiernaLaEsperanza #Naucalpan #IMNIS",https://www.facebook.com/CiudadNaucalpan/posts/pfbid02sWTi3nCj3r9en8jF2PLdNnmD4PpWtNGiD2CVF6H5Vnq7xcBBy43QkBg65YN7HDkCl,https://www.facebook.com/CiudadNaucalpan/posts/pfbid02sWTi3nCj3r9en8jF2PLdNnmD4PpWtNGiD2CVF6H5Vnq7xcBBy43QkBg65YN7HDkCl,2026-02-26 13:42:27,2026-02-26,/home/emilio/Documentos/Naucalpan_Semanal_Reportes/Periodico/Enero_Mayo/2026-02-16_al_2026-02-28/Facebook/2026-02-16_al_2026-02-28_Facebook/2026-02-16_al_2026-02-28_Facebook_posts.csv
2026-02-16,2026-02-16_al_2026-02-28_Facebook,gobierno_naucalpan,Gobierno de Naucalpan,facebook,Facebook,post_facebook,ciudadnaucalpan,Ciudad Naucalpan / Gobierno Municipal 2025-2027.,,"Huellas de la Transformación en Miramar✨ Renovamos un espacio que durante décadas estuvo en el abandono y que representaba un riesgo diario para nuestras vecinas y vecinos. A través del programa Huellas de la Transformación balizamos el puente, instalamos luminarias nuevas, colocamos malla de protección, construimos banquetas, pintamos guarniciones, aplicamos mezcla asfáltica y realizamos limpieza general. Seguimos dejando huella en cada rincón de Ciudad Naucalpan. 🤝✨ #AquiGobiernaLaEsperanza #Naucalpan #HuellasDeLaTransformacion","Huellas de la Transformación en Miramar✨ Renovamos un espacio que durante décadas estuvo en el abandono y que representaba un riesgo diario para nuestras vecinas y vecinos. A través del programa Huellas de la Transformación balizamos el puente, instalamos luminarias nuevas, colocamos malla de protección, construimos banquetas, pintamos guarniciones, aplicamos mezcla asfáltica y realizamos limpieza general. Seguimos dejando huella en cada rincón de Ciudad Naucalpan. 🤝✨ #AquiGobiernaLaEsperanza #Naucalpan #HuellasDeLaTransformacion",https://www.facebook.com/reel/1946846569535429/,https://www.facebook.com/reel/1946846569535429/,2026-02-26 12:23:23,2026-02-26,/home/emilio/Documentos/Naucalpan_Semanal_Reportes/Periodico/Enero_Mayo/2026-02-16_al_2026-02-28/Facebook/2026-02-16_al_2026-02-28_Facebook/2026-02-16_al_2026-02-28_Facebook_posts.csv
2026-02-16,2026-02-16_al_2026-02-28_Facebook,gobierno_naucalpan,Gobierno de Naucalpan,facebook,Facebook,post_facebook,ciudadnaucalpan,Ciudad Naucalpan / Gobierno Municipal 2025-2027.,,"El Presidente Municipal de Ciudad Naucalpan, Isaac Montoya, regresó a la colonia Miramar para entregar mejoras urbanas a través del programa Huellas de la Transformación. ✨ Mediante este programa y el operativo Construyendo Bienestar para el Pueblo, se realizaron trabajos de balizamiento, instalación de luminarias nuevas, colocación de malla de protección, construcción de banquetas, pinta de guarniciones, aplicación de mezcla asfáltica y limpieza general. Estos trabajos atienden un espacio que durante décadas permaneció en el abandono y que representaba un riesgo constante para vecinas y vecinos que transitan diariamente hacia sus centros de trabajo y escuelas. #AquiGobiernaLaEsperanza #Naucalpan #HuellasDeLaTransformacion","El Presidente Municipal de Ciudad Naucalpan, Isaac Montoya, regresó a la colonia Miramar para entregar mejoras urbanas a través del programa Huellas de la Transformación. ✨ Mediante este programa y el operativo Construyendo Bienestar para el Pueblo, se realizaron trabajos de balizamiento, instalación de luminarias nuevas, colocación de malla de protección, construcción de banquetas, pinta de guarniciones, aplicación de mezcla asfáltica y limpieza general. Estos trabajos atienden un espacio que durante décadas permaneció en el abandono y que representaba un riesgo constante para vecinas y vecinos que transitan diariamente hacia sus centros de trabajo y escuelas. #AquiGobiernaLaEsperanza #Naucalpan #HuellasDeLaTransformacion",https://www.facebook.com/CiudadNaucalpan/posts/pfbid02PzMbo2PemRheKDu4Wz9uUXFxYZhACnmU9XTRBemfcbV5efpwmE5gXQNNKLj8Qhtml,https://www.facebook.com/CiudadNaucalpan/posts/pfbid02PzMbo2PemRheKDu4Wz9uUXFxYZhACnmU9XTRBemfcbV5efpwmE5gXQNNKLj8Qhtml,2026-02-26 12:18:40,2026-02-26,/home/emilio/Documentos/Naucalpan_Semanal_Reportes/Periodico/Enero_Mayo/2026-02-16_al_2026-02-28/Facebook/2026-02-16_al_2026-02-28_Facebook/2026-02-16_al_2026-02-28_Facebook_posts.csv
2026-02-16,2026-02-16_al_2026-02-28_Facebook,gobierno_naucalpan,Gobierno de Naucalpan,facebook,Facebook,post_facebook,ciudadnaucalpan,Ciudad Naucalpan / Gobierno Municipal 2025-2027.,,Impulsando a nuestros artesanos naucalpenses. ✨🎨 ¡Conóceles! #AquiGobiernaLaEsperanza #Naucalpan #ArtesanosNaucalpenses #TalentoLocal,Impulsando a nuestros artesanos naucalpenses. ✨🎨 ¡Conóceles! #AquiGobiernaLaEsperanza #Naucalpan #ArtesanosNaucalpenses #TalentoLocal,https://www.facebook.com/CiudadNaucalpan/posts/pfbid02KzimRvxZrghUWJ8dwLNVYvTcH5PE7b67awnVLUx65Zy1zLS2amWEYr54Nf8NrAu8l,https://www.facebook.com/CiudadNaucalpan/posts/pfbid02KzimRvxZrghUWJ8dwLNVYvTcH5PE7b67awnVLUx65Zy1zLS2amWEYr54Nf8NrAu8l,2026-02-26 12:03:14,2026-02-26,/home/emilio/Documentos/Naucalpan_Semanal_Reportes/Periodico/Enero_Mayo/2026-02-16_al_2026-02-28/Facebook/2026-02-16_al_2026-02-28_Facebook/2026-02-16_al_2026-02-28_Facebook_posts.csv
2026-02-16,2026-02-16_al_2026-02-28_Facebook,gobierno_naucalpan,Gobierno de Naucalpan,facebook,Facebook,post_facebook,ciudadnaucalpan,Ciudad Naucalpan / Gobierno Municipal 2025-2027.,,"¡Duelo de Titanes en Ciudad Naucalpan!⚽ El Gobierno de Ciudad Naucalpan, a través del IMCUFIDEN, invita al cuadrangular rumbo al Mundial Social Naucalpan, donde equipos semi profesionales demostrarán su talento y pasión por el fútbol. 📅 Viernes 27 de febrero de 2026 🕕 18:00 horas 📍 Cancha del Deportivo La Curva Av. Minas Palacio, San Rafael Chamapa, Primera Sección. Seguimos impulsando el deporte como herramienta de unidad, identidad y reconstrucción del tejido social en nuestras comunidades. ¡Te esperamos para vivir una gran jornada deportiva en familia! #AquiGobiernaLaEsperanza #Naucalpan #IMCUFIDEN #HuellasDelMundial #Deporte","¡Duelo de Titanes en Ciudad Naucalpan!⚽ El Gobierno de Ciudad Naucalpan, a través del IMCUFIDEN, invita al cuadrangular rumbo al Mundial Social Naucalpan, donde equipos semi profesionales demostrarán su talento y pasión por el fútbol. 📅 Viernes 27 de febrero de 2026 🕕 18:00 horas 📍 Cancha del Deportivo La Curva Av. Minas Palacio, San Rafael Chamapa, Primera Sección. Seguimos impulsando el deporte como herramienta de unidad, identidad y reconstrucción del tejido social en nuestras comunidades. ¡Te esperamos para vivir una gran jornada deportiva en familia! #AquiGobiernaLaEsperanza #Naucalpan #IMCUFIDEN #HuellasDelMundial #Deporte",https://www.facebook.com/CiudadNaucalpan/posts/pfbid02vpnBjSek4vmpAmFqtAArdkG1tvAnedQkgmvADbW5sT8nYvWMqJy6xnU3x3tqimUhl,https://www.facebook.com/CiudadNaucalpan/posts/pfbid02vpnBjSek4vmpAmFqtAArdkG1tvAnedQkgmvADbW5sT8nYvWMqJy6xnU3x3tqimUhl,2026-02-26 08:40:32,2026-02-26,/home/emilio/Documentos/Naucalpan_Semanal_Reportes/Periodico/Enero_Mayo/2026-02-16_al_2026-02-28/Facebook/2026-02-16_al_2026-02-28_Facebook/2026-02-16_al_2026-02-28_Facebook_posts.csv
2026-02-16,2026-02-16_al_2026-02-28_Facebook,gobierno_naucalpan,Gobierno de Naucalpan,facebook,Facebook,post_facebook,ciudadnaucalpan,Ciudad Naucalpan / Gobierno Municipal 2025-2027.,,"El Gobierno de Ciudad Naucalpan, a través del IMCUFIDEN, invita a niñas y niños a formar parte del Torneo Infantil 2026.🏈✨ 📢 Durante febrero, obtén 50% de descuento en tu inscripción y asegura tu lugar en esta gran experiencia deportiva. Impulsamos el deporte como herramienta para fortalecer valores, disciplina y trabajo en equipo en nuestras juventudes. 📞 Informes e inscripciones: 55 3574 5832 No dejes pasar esta oportunidad. ¡Aparta tu lugar y sé parte del torneo!✨ #AquiGobiernaLaEsperanza #Naucalpan #IMCUFIDEN #Deporte","El Gobierno de Ciudad Naucalpan, a través del IMCUFIDEN, invita a niñas y niños a formar parte del Torneo Infantil 2026.🏈✨ 📢 Durante febrero, obtén 50% de descuento en tu inscripción y asegura tu lugar en esta gran experiencia deportiva. Impulsamos el deporte como herramienta para fortalecer valores, disciplina y trabajo en equipo en nuestras juventudes. 📞 Informes e inscripciones: 55 3574 5832 No dejes pasar esta oportunidad. ¡Aparta tu lugar y sé parte del torneo!✨ #AquiGobiernaLaEsperanza #Naucalpan #IMCUFIDEN #Deporte",https://www.facebook.com/CiudadNaucalpan/posts/pfbid0Cb6AP6NSvPcD6FjZCKik6zqthRK3xBvNnCF7MG9RywoQNwMkAjzCyQnj5Zq98mtCl,https://www.facebook.com/CiudadNaucalpan/posts/pfbid0Cb6AP6NSvPcD6FjZCKik6zqthRK3xBvNnCF7MG9RywoQNwMkAjzCyQnj5Zq98mtCl,2026-02-26 08:26:24,2026-02-26,/home/emilio/Documentos/Naucalpan_Semanal_Reportes/Periodico/Enero_Mayo/2026-02-16_al_2026-02-28/Facebook/2026-02-16_al_2026-02-28_Facebook/2026-02-16_al_2026-02-28_Facebook_posts.csv
2026-02-16,2026-02-16_al_2026-02-28_Facebook,gobierno_naucalpan,Gobierno de Naucalpan,facebook,Facebook,post_facebook,ciudadnaucalpan,Ciudad Naucalpan / Gobierno Municipal 2025-2027.,,"Tianquiztli Tlatilca: el mercado de las tradiciones llega a Ciudad Naucalpan🎨🧵 A través de la Dirección de Bienestar e Inclusión Social, invita a la ciudadanía al Tianquiztli Tlatilca, un espacio dedicado a impulsar a las y los productores y artesanos locales, fortaleciendo nuestra identidad cultural y la economía comunitaria. 🤝 📅 26 y 27 de febrero de 2026 ⏰ 9:00 a 16:00 horas 📍 Palacio Municipal, en la explanada ubicada en los edificios anexos (A y B). Durante estos dos días, las y los asistentes podrán disfrutar de exposición y venta de productos artesanales, gastronomía tradicional y un ambiente cultural y familiar que enaltece nuestras raíces. 🌺🫶 Seguimos generando espacios para promover el talento local y fortalecer el consumo responsable en nuestra comunidad. ➡️Consulta más detalles en la imagen y acompáñanos. #AquiGobiernaLaEsperanza #Naucalpan #Bienesta","Tianquiztli Tlatilca: el mercado de las tradiciones llega a Ciudad Naucalpan🎨🧵 A través de la Dirección de Bienestar e Inclusión Social, invita a la ciudadanía al Tianquiztli Tlatilca, un espacio dedicado a impulsar a las y los productores y artesanos locales, fortaleciendo nuestra identidad cultural y la economía comunitaria. 🤝 📅 26 y 27 de febrero de 2026 ⏰ 9:00 a 16:00 horas 📍 Palacio Municipal, en la explanada ubicada en los edificios anexos (A y B). Durante estos dos días, las y los asistentes podrán disfrutar de exposición y venta de productos artesanales, gastronomía tradicional y un ambiente cultural y familiar que enaltece nuestras raíces. 🌺🫶 Seguimos generando espacios para promover el talento local y fortalecer el consumo responsable en nuestra comunidad. ➡️Consulta más detalles en la imagen y acompáñanos. #AquiGobiernaLaEsperanza #Naucalpan #Bienesta",https://www.facebook.com/CiudadNaucalpan/posts/pfbid0PmuYBucQXXkJSTvnNfxJFz3j5VBKg2QCnrMUucmrNiXbaJSZJojZXzCatXPL6fbJl,https://www.facebook.com/CiudadNaucalpan/posts/pfbid0PmuYBucQXXkJSTvnNfxJFz3j5VBKg2QCnrMUucmrNiXbaJSZJojZXzCatXPL6fbJl,2026-02-26 08:16:28,2026-02-26,/home/emilio/Documentos/Naucalpan_Semanal_Reportes/Periodico/Enero_Mayo/2026-02-16_al_2026-02-28/Facebook/2026-02-16_al_2026-02-28_Facebook/2026-02-16_al_2026-02-28_Facebook_posts.csv
2026-02-16,2026-02-16_al_2026-02-28_Facebook,gobierno_naucalpan,Gobierno de Naucalpan,facebook,Facebook,post_facebook,ciudadnaucalpan,Ciudad Naucalpan / Gobierno Municipal 2025-2027.,,"¿Sabías qué? ⚽ El balón Adidas Telstar fue el protagonista en México 1970. Su diseño de icosaedro truncado, conformado por 20 hexágonos blancos y 12 pentágonos negros, mejoró su visibilidad en los televisores y se convirtió en un ícono del fútbol internacional. 📺✨ Un clásico que marcó una nueva era en la historia del balón. #AquiGobiernaLaEsperanza #HuellasDelMundial #Naucalpan","¿Sabías qué? ⚽ El balón Adidas Telstar fue el protagonista en México 1970. Su diseño de icosaedro truncado, conformado por 20 hexágonos blancos y 12 pentágonos negros, mejoró su visibilidad en los televisores y se convirtió en un ícono del fútbol internacional. 📺✨ Un clásico que marcó una nueva era en la historia del balón. #AquiGobiernaLaEsperanza #HuellasDelMundial #Naucalpan",https://www.facebook.com/CiudadNaucalpan/posts/pfbid02BQ4sYYqcvUMw8pFUN4bLewfWcH28AfG5xfuCpZV2xATFt8bTBUGm4zRhSuXJg4mRl,https://www.facebook.com/CiudadNaucalpan/posts/pfbid02BQ4sYYqcvUMw8pFUN4bLewfWcH28AfG5xfuCpZV2xATFt8bTBUGm4zRhSuXJg4mRl,2026-02-26 07:02:49,2026-02-26,/home/emilio/Documentos/Naucalpan_Semanal_Reportes/Periodico/Enero_Mayo/2026-02-16_al_2026-02-28/Facebook/2026-02-16_al_2026-02-28_Facebook/2026-02-16_al_2026-02-28_Facebook_posts.csv
2026-02-16,2026-02-16_al_2026-02-28_Twitter,gobierno_naucalpan,Gobierno de Naucalpan,twitter,Twitter/X,tweet,@GobNau,@GobNau,,"El Gobierno de Ciudad Naucalpan, invita al curso gratuito “Más allá del Plan de Negocios”. Informes y registro vía WhatsApp: 55 8570 0924 #AquiGobiernaLaEsperanza #Naucalpan #DesarrolloEconomico","El Gobierno de Ciudad Naucalpan, invita al curso gratuito “Más allá del Plan de Negocios”. Informes y registro vía WhatsApp: 55 8570 0924 #AquiGobiernaLaEsperanza #Naucalpan #DesarrolloEconomico",https://x.com/GobNau/status/2027168158902055250,https://x.com/GobNau/status/2027168158902055250,2026-02-26 23:45:26+00:00,2026-02-26,/home/emilio/Documentos/Naucalpan_Semanal_Reportes/Periodico/Enero_Mayo/2026-02-16_al_2026-02-28/Twitter/2026-02-16_al_2026-02-28_Twitter/2026-02-16_al_2026-02-28_Twitter_post_institucionales.csv
2026-02-16,2026-02-16_al_2026-02-28_Twitter,gobierno_naucalpan,Gobierno de Naucalpan,twitter,Twitter/X,tweet,@GobNau,@GobNau,,"Curso de Preparación para el Ingreso a la Educación Media Superior El curso inicia el martes 3 de marzo, debido a que el lunes 2 es día de asueto. #AquiGobiernaLaEsperanza #Naucalpan #Juventudes #Bienestar #Educacion","Curso de Preparación para el Ingreso a la Educación Media Superior El curso inicia el martes 3 de marzo, debido a que el lunes 2 es día de asueto. #AquiGobiernaLaEsperanza #Naucalpan #Juventudes #Bienestar #Educacion",https://x.com/GobNau/status/2027157512512778613,https://x.com/GobNau/status/2027157512512778613,2026-02-26 23:03:08+00:00,2026-02-26,/home/emilio/Documentos/Naucalpan_Semanal_Reportes/Periodico/Enero_Mayo/2026-02-16_al_2026-02-28/Twitter/2026-02-16_al_2026-02-28_Twitter/2026-02-16_al_2026-02-28_Twitter_post_institucionales.csv
2026-02-16,2026-02-16_al_2026-02-28_Twitter,gobierno_naucalpan,Gobierno de Naucalpan,twitter,Twitter/X,tweet,@GobNau,@GobNau,,"Curso de Preparación para el Ingreso a la Educación Media Superior El curso inicia el martes 3 de marzo, debido a que el lunes 2 es día de asueto. #AquiGobiernaLaEsperanza #Naucalpan #Juventudes #Bienestar #Educacion","Curso de Preparación para el Ingreso a la Educación Media Superior El curso inicia el martes 3 de marzo, debido a que el lunes 2 es día de asueto. #AquiGobiernaLaEsperanza #Naucalpan #Juventudes #Bienestar #Educacion",https://x.com/GobNau/status/2027122005204517147,https://x.com/GobNau/status/2027122005204517147,2026-02-26 20:42:02+00:00,2026-02-26,/home/emilio/Documentos/Naucalpan_Semanal_Reportes/Periodico/Enero_Mayo/2026-02-16_al_2026-02-28/Twitter/2026-02-16_al_2026-02-28_Twitter/2026-02-16_al_2026-02-28_Twitter_post_institucionales.csv
2026-02-16,2026-02-16_al_2026-02-28_Twitter,gobierno_naucalpan,Gobierno de Naucalpan,twitter,Twitter/X,tweet,@GobNau,@GobNau,,Oficina Móvil en Zomeyucan #AquiGobiernaLaEsperanza #Naucalpan #IMNIS,Oficina Móvil en Zomeyucan #AquiGobiernaLaEsperanza #Naucalpan #IMNIS,https://x.com/GobNau/status/2027107018226421776,https://x.com/GobNau/status/2027107018226421776,2026-02-26 19:42:29+00:00,2026-02-26,/home/emilio/Documentos/Naucalpan_Semanal_Reportes/Periodico/Enero_Mayo/2026-02-16_al_2026-02-28/Twitter/2026-02-16_al_2026-02-28_Twitter/2026-02-16_al_2026-02-28_Twitter_post_institucionales.csv
2026-02-16,2026-02-16_al_2026-02-28_Twitter,gobierno_naucalpan,Gobierno de Naucalpan,twitter,Twitter/X,tweet,@GobNau,@GobNau,,"Huellas de la Transformación en #Miramar Renovamos un espacio que durante décadas estuvo en el abandono y que representaba un riesgo diario para nuestras vecinas y vecinos, a través del programa #HuellasDeLaTransformación. #AquiGobiernaLaEsperanza #Naucalpan","Huellas de la Transformación en #Miramar Renovamos un espacio que durante décadas estuvo en el abandono y que representaba un riesgo diario para nuestras vecinas y vecinos, a través del programa #HuellasDeLaTransformación. #AquiGobiernaLaEsperanza #Naucalpan",https://x.com/GobNau/status/2027087137208676436,https://x.com/GobNau/status/2027087137208676436,2026-02-26 18:23:29+00:00,2026-02-26,/home/emilio/Documentos/Naucalpan_Semanal_Reportes/Periodico/Enero_Mayo/2026-02-16_al_2026-02-28/Twitter/2026-02-16_al_2026-02-28_Twitter/2026-02-16_al_2026-02-28_Twitter_post_institucionales.csv
2026-02-16,2026-02-16_al_2026-02-28_Twitter,gobierno_naucalpan,Gobierno de Naucalpan,twitter,Twitter/X,tweet,@GobNau,@GobNau,,"El Presidente Municipal de Ciudad Naucalpan, Isaac Montoya, regresó a la colonia Miramar para entregar mejoras urbanas a través del programa Huellas de la Transformación. #AquiGobiernaLaEsperanza #Naucalpan #HuellasDeLaTransformacion","El Presidente Municipal de Ciudad Naucalpan, Isaac Montoya, regresó a la colonia Miramar para entregar mejoras urbanas a través del programa Huellas de la Transformación. #AquiGobiernaLaEsperanza #Naucalpan #HuellasDeLaTransformacion",https://x.com/GobNau/status/2027086176088166742,https://x.com/GobNau/status/2027086176088166742,2026-02-26 18:19:40+00:00,2026-02-26,/home/emilio/Documentos/Naucalpan_Semanal_Reportes/Periodico/Enero_Mayo/2026-02-16_al_2026-02-28/Twitter/2026-02-16_al_2026-02-28_Twitter/2026-02-16_al_2026-02-28_Twitter_post_institucionales.csv
2026-02-16,2026-02-16_al_2026-02-28_Twitter,gobierno_naucalpan,Gobierno de Naucalpan,twitter,Twitter/X,tweet,@GobNau,@GobNau,,"¡Duelo de Titanes en Ciudad #Naucalpan! El Gobierno de Ciudad Naucalpan, a través del #IMCUFIDEN, invita al cuadrangular rumbo al Mundial Social Naucalpan. ¡Te esperamos para vivir una gran jornada deportiva en familia! #AquiGobiernaLaEsperanza","¡Duelo de Titanes en Ciudad #Naucalpan! El Gobierno de Ciudad Naucalpan, a través del #IMCUFIDEN, invita al cuadrangular rumbo al Mundial Social Naucalpan. ¡Te esperamos para vivir una gran jornada deportiva en familia! #AquiGobiernaLaEsperanza",https://x.com/GobNau/status/2027031048769376619,https://x.com/GobNau/status/2027031048769376619,2026-02-26 14:40:37+00:00,2026-02-26,/home/emilio/Documentos/Naucalpan_Semanal_Reportes/Periodico/Enero_Mayo/2026-02-16_al_2026-02-28/Twitter/2026-02-16_al_2026-02-28_Twitter/2026-02-16_al_2026-02-28_Twitter_post_institucionales.csv
2026-02-16,2026-02-16_al_2026-02-28_Twitter,gobierno_naucalpan,Gobierno de Naucalpan,twitter,Twitter/X,tweet,@GobNau,@GobNau,,"El Gobierno de Ciudad Naucalpan, a través del IMCUFIDEN, invita a niñas y niños a formar parte del Torneo Infantil 2026. No dejes pasar esta oportunidad. ¡Aparta tu lugar y sé parte del torneo! #AquiGobiernaLaEsperanza #Naucalpan #IMCUFIDEN #Deporte","El Gobierno de Ciudad Naucalpan, a través del IMCUFIDEN, invita a niñas y niños a formar parte del Torneo Infantil 2026. No dejes pasar esta oportunidad. ¡Aparta tu lugar y sé parte del torneo! #AquiGobiernaLaEsperanza #Naucalpan #IMCUFIDEN #Deporte",https://x.com/GobNau/status/2027027228026958168,https://x.com/GobNau/status/2027027228026958168,2026-02-26 14:25:26+00:00,2026-02-26,/home/emilio/Documentos/Naucalpan_Semanal_Reportes/Periodico/Enero_Mayo/2026-02-16_al_2026-02-28/Twitter/2026-02-16_al_2026-02-28_Twitter/2026-02-16_al_2026-02-28_Twitter_post_institucionales.csv
2026-02-16,2026-02-16_al_2026-02-28_Twitter,gobierno_naucalpan,Gobierno de Naucalpan,twitter,Twitter/X,tweet,@GobNau,@GobNau,,Tianquiztli Tlatilca: el mercado de las tradiciones llega a Ciudad Naucalpan Consulta más detalles en la imagen y acompáñanos. #AquiGobiernaLaEsperanza #Naucalpan #Bienesta,Tianquiztli Tlatilca: el mercado de las tradiciones llega a Ciudad Naucalpan Consulta más detalles en la imagen y acompáñanos. #AquiGobiernaLaEsperanza #Naucalpan #Bienesta,https://x.com/GobNau/status/2027024752901058597,https://x.com/GobNau/status/2027024752901058597,2026-02-26 14:15:36+00:00,2026-02-26,/home/emilio/Documentos/Naucalpan_Semanal_Reportes/Periodico/Enero_Mayo/2026-02-16_al_2026-02-28/Twitter/2026-02-16_al_2026-02-28_Twitter/2026-02-16_al_2026-02-28_Twitter_post_institucionales.csv
2026-02-16,2026-02-16_al_2026-02-28_Twitter,gobierno_naucalpan,Gobierno de Naucalpan,twitter,Twitter/X,tweet,@GobNau,@GobNau,,"¿Sabías qué? El Adidas Telstar, utilizado en México 1970, tenía un diseño de icosaedro truncado con 20 hexágonos blancos y 12 pentágonos negros, pensado para mejorar su visibilidad en televisión. #AquiGobiernaLaEsperanza #HuellasDelMundial #Naucalpan","¿Sabías qué? El Adidas Telstar, utilizado en México 1970, tenía un diseño de icosaedro truncado con 20 hexágonos blancos y 12 pentágonos negros, pensado para mejorar su visibilidad en televisión. #AquiGobiernaLaEsperanza #HuellasDelMundial #Naucalpan",https://x.com/GobNau/status/2027006590457454763,https://x.com/GobNau/status/2027006590457454763,2026-02-26 13:03:25+00:00,2026-02-26,/home/emilio/Documentos/Naucalpan_Semanal_Reportes/Periodico/Enero_Mayo/2026-02-16_al_2026-02-28/Twitter/2026-02-16_al_2026-02-28_Twitter/2026-02-16_al_2026-02-28_Twitter_post_institucionales.csv
2026-02-16,2026-02-16_al_2026-02-28_Facebook,gobierno_naucalpan,Gobierno de Naucalpan,facebook,Facebook,post_facebook,ciudadnaucalpan,Ciudad Naucalpan / Gobierno Municipal 2025-2027.,,"En el Parque Naucalli, el Presidente Municipal Isaac Montoya, entregó la renovación de más de 298 vehículos de Servicios Públicos, para fortalecer las labores de recolección de residuos, podas, bacheo, cambio de luminarias y mantenimiento en nuestras comunidades. 🚛 Esta acción dignifica el trabajo de las y los servidores públicos y mejora la capacidad de respuesta en territorio, garantizando servicios más eficientes para las y los naucalpenses. Seguimos recuperando el brillo de Ciudad Naucalpan con trabajos concretos y resultados visibles. #AquiGobiernaLaEsperanza #Naucalpan #ServiciosPublicos","En el Parque Naucalli, el Presidente Municipal Isaac Montoya, entregó la renovación de más de 298 vehículos de Servicios Públicos, para fortalecer las labores de recolección de residuos, podas, bacheo, cambio de luminarias y mantenimiento en nuestras comunidades. 🚛 Esta acción dignifica el trabajo de las y los servidores públicos y mejora la capacidad de respuesta en territorio, garantizando servicios más eficientes para las y los naucalpenses. Seguimos recuperando el brillo de Ciudad Naucalpan con trabajos concretos y resultados visibles. #AquiGobiernaLaEsperanza #Naucalpan #ServiciosPublicos",https://www.facebook.com/CiudadNaucalpan/posts/pfbid02SknVhWTUhhWKfcdYTXyAvzwu2RJgLTPwGsTKK817MoWrYLkuTNfe4xx2CUwzcw2jl,https://www.facebook.com/CiudadNaucalpan/posts/pfbid02SknVhWTUhhWKfcdYTXyAvzwu2RJgLTPwGsTKK817MoWrYLkuTNfe4xx2CUwzcw2jl,2026-02-25 19:23:53,2026-02-25,/home/emilio/Documentos/Naucalpan_Semanal_Reportes/Periodico/Enero_Mayo/2026-02-16_al_2026-02-28/Facebook/2026-02-16_al_2026-02-28_Facebook/2026-02-16_al_2026-02-28_Facebook_posts.csv
2026-02-16,2026-02-16_al_2026-02-28_Facebook,gobierno_naucalpan,Gobierno de Naucalpan,facebook,Facebook,post_facebook,ciudadnaucalpan,Ciudad Naucalpan / Gobierno Municipal 2025-2027.,,Impulsando a nuestros artesanos naucalpenses. ✨🎨 ¡Conóceles! #AquiGobiernaLaEsperanza #Naucalpan #ArtesanosNaucalpenses #TalentoLocal,Impulsando a nuestros artesanos naucalpenses. ✨🎨 ¡Conóceles! #AquiGobiernaLaEsperanza #Naucalpan #ArtesanosNaucalpenses #TalentoLocal,https://www.facebook.com/CiudadNaucalpan/posts/pfbid02oJp91dPXroAiAHZsditddB7gQAjNCv1kVxp6ciAf9XrDyd2EzZt2kD7HECUqCYoDl,https://www.facebook.com/CiudadNaucalpan/posts/pfbid02oJp91dPXroAiAHZsditddB7gQAjNCv1kVxp6ciAf9XrDyd2EzZt2kD7HECUqCYoDl,2026-02-25 17:02:20,2026-02-25,/home/emilio/Documentos/Naucalpan_Semanal_Reportes/Periodico/Enero_Mayo/2026-02-16_al_2026-02-28/Facebook/2026-02-16_al_2026-02-28_Facebook/2026-02-16_al_2026-02-28_Facebook_posts.csv
2026-02-16,2026-02-16_al_2026-02-28_Facebook,gobierno_naucalpan,Gobierno de Naucalpan,facebook,Facebook,post_facebook,ciudadnaucalpan,Ciudad Naucalpan / Gobierno Municipal 2025-2027.,,"El Gobierno de Ciudad Naucalpan, a través del IMCUFIDEN, invita a niñas y niños a formar parte del Torneo Infantil 2026.🏈✨ 📢 Durante febrero, obtén 50% de descuento en tu inscripción y asegura tu lugar en esta gran experiencia deportiva. Impulsamos el deporte como herramienta para fortalecer valores, disciplina y trabajo en equipo en nuestras juventudes. 📞 Informes e inscripciones: 55 3574 5832 No dejes pasar esta oportunidad. ¡Aparta tu lugar y sé parte del torneo!✨ #AquiGobiernaLaEsperanza #Naucalpan #IMCUFIDEN #Deporte","El Gobierno de Ciudad Naucalpan, a través del IMCUFIDEN, invita a niñas y niños a formar parte del Torneo Infantil 2026.🏈✨ 📢 Durante febrero, obtén 50% de descuento en tu inscripción y asegura tu lugar en esta gran experiencia deportiva. Impulsamos el deporte como herramienta para fortalecer valores, disciplina y trabajo en equipo en nuestras juventudes. 📞 Informes e inscripciones: 55 3574 5832 No dejes pasar esta oportunidad. ¡Aparta tu lugar y sé parte del torneo!✨ #AquiGobiernaLaEsperanza #Naucalpan #IMCUFIDEN #Deporte",https://www.facebook.com/CiudadNaucalpan/posts/pfbid02okog7s1tow7g8G9fBEwekPz72xyWxK9twjzHjVjamjjB7gZAistFH2rQDWkrCdwBl,https://www.facebook.com/CiudadNaucalpan/posts/pfbid02okog7s1tow7g8G9fBEwekPz72xyWxK9twjzHjVjamjjB7gZAistFH2rQDWkrCdwBl,2026-02-25 14:31:40,2026-02-25,/home/emilio/Documentos/Naucalpan_Semanal_Reportes/Periodico/Enero_Mayo/2026-02-16_al_2026-02-28/Facebook/2026-02-16_al_2026-02-28_Facebook/2026-02-16_al_2026-02-28_Facebook_posts.csv
2026-02-16,2026-02-16_al_2026-02-28_Facebook,gobierno_naucalpan,Gobierno de Naucalpan,facebook,Facebook,post_facebook,ciudadnaucalpan,Ciudad Naucalpan / Gobierno Municipal 2025-2027.,,Impulsando a nuestros artesanos naucalpenses. ✨🎨 ¡Conóceles! #AquiGobiernaLaEsperanza #Naucalpan #ArtesanosNaucalpenses #TalentoLocal,Impulsando a nuestros artesanos naucalpenses. ✨🎨 ¡Conóceles! #AquiGobiernaLaEsperanza #Naucalpan #ArtesanosNaucalpenses #TalentoLocal,https://www.facebook.com/CiudadNaucalpan/posts/pfbid0RxvCPcNJDgKfRmVXZwtiY7tCGAf7EHXRJ1kesGnFSLKDPHxhtiEoxKb7N4jMYsW4l,https://www.facebook.com/CiudadNaucalpan/posts/pfbid0RxvCPcNJDgKfRmVXZwtiY7tCGAf7EHXRJ1kesGnFSLKDPHxhtiEoxKb7N4jMYsW4l,2026-02-25 14:22:36,2026-02-25,/home/emilio/Documentos/Naucalpan_Semanal_Reportes/Periodico/Enero_Mayo/2026-02-16_al_2026-02-28/Facebook/2026-02-16_al_2026-02-28_Facebook/2026-02-16_al_2026-02-28_Facebook_posts.csv
2026-02-16,2026-02-16_al_2026-02-28_Facebook,gobierno_naucalpan,Gobierno de Naucalpan,facebook,Facebook,post_facebook,ciudadnaucalpan,Ciudad Naucalpan / Gobierno Municipal 2025-2027.,,"🎶Festival Feminista de Música: Naucalpan, Vivas, Libres y Sonando🎶💜 El Gobierno de Ciudad Naucalpan, a través del IMNIS, te invita a ser parte de un espacio donde la música, el arte y la sororidad se unen para celebrar la fuerza y el talento de las mujeres.🎸🎼🎷 Te esperamos: 📅 7 de marzo de 2026 🕙 10:00 horas 📍 Explanada del Palacio Municipal (Av. Juárez No. 39, Fracc. El Mirador, Naucalpan de Juárez). Porque estamos vivas, porque somos libres y porque juntas seguimos sonando. ¡No te lo puedes perder!🎤🌸 #AquiGobiernaLaEsperanza #Naucalpan #FestivalFeminista #VivasLibresYSonando","🎶Festival Feminista de Música: Naucalpan, Vivas, Libres y Sonando🎶💜 El Gobierno de Ciudad Naucalpan, a través del IMNIS, te invita a ser parte de un espacio donde la música, el arte y la sororidad se unen para celebrar la fuerza y el talento de las mujeres.🎸🎼🎷 Te esperamos: 📅 7 de marzo de 2026 🕙 10:00 horas 📍 Explanada del Palacio Municipal (Av. Juárez No. 39, Fracc. El Mirador, Naucalpan de Juárez). Porque estamos vivas, porque somos libres y porque juntas seguimos sonando. ¡No te lo puedes perder!🎤🌸 #AquiGobiernaLaEsperanza #Naucalpan #FestivalFeminista #VivasLibresYSonando",https://www.facebook.com/CiudadNaucalpan/posts/pfbid0onZ5iKzT6WHux2HHUspgS5QyRKhRg2nHHR22Z1mL3FjKb8Ci8fJU4XW1XPjgvJ7Wl,https://www.facebook.com/CiudadNaucalpan/posts/pfbid0onZ5iKzT6WHux2HHUspgS5QyRKhRg2nHHR22Z1mL3FjKb8Ci8fJU4XW1XPjgvJ7Wl,2026-02-25 14:13:27,2026-02-25,/home/emilio/Documentos/Naucalpan_Semanal_Reportes/Periodico/Enero_Mayo/2026-02-16_al_2026-02-28/Facebook/2026-02-16_al_2026-02-28_Facebook/2026-02-16_al_2026-02-28_Facebook_posts.csv
2026-02-16,2026-02-16_al_2026-02-28_Facebook,gobierno_naucalpan,Gobierno de Naucalpan,facebook,Facebook,post_facebook,ciudadnaucalpan,Ciudad Naucalpan / Gobierno Municipal 2025-2027.,,"Huellas de la Transformación en Manuel Ávila Camacho📍✨ Continuamos trabajando en territorio para mejorar nuestros espacios y fortalecer la vida comunitaria en cada colonia. 📅 Jueves 26 de febrero de 2026 🕕 18:00 horas 📌 Colonia Manuel Ávila Camacho (Calle 19 de Febrero #6, Manuel Ávila Camacho). Seguimos impulsando trabajos que dejan huellas de transformación en beneficio de las familias naucalpenses. ¡Te esperamos! 🤝 #AquiGobiernaLaEsperanza #Naucalpan #HuellasDeLaTransformacion","Huellas de la Transformación en Manuel Ávila Camacho📍✨ Continuamos trabajando en territorio para mejorar nuestros espacios y fortalecer la vida comunitaria en cada colonia. 📅 Jueves 26 de febrero de 2026 🕕 18:00 horas 📌 Colonia Manuel Ávila Camacho (Calle 19 de Febrero #6, Manuel Ávila Camacho). Seguimos impulsando trabajos que dejan huellas de transformación en beneficio de las familias naucalpenses. ¡Te esperamos! 🤝 #AquiGobiernaLaEsperanza #Naucalpan #HuellasDeLaTransformacion",https://www.facebook.com/CiudadNaucalpan/posts/pfbid02hzWjMVmm4xr4r6UYfGN2a9nvGiEfNsKzNMp3smydnKB8Wmb9soQy9PqdHtu4AEdFl,https://www.facebook.com/CiudadNaucalpan/posts/pfbid02hzWjMVmm4xr4r6UYfGN2a9nvGiEfNsKzNMp3smydnKB8Wmb9soQy9PqdHtu4AEdFl,2026-02-25 13:53:25,2026-02-25,/home/emilio/Documentos/Naucalpan_Semanal_Reportes/Periodico/Enero_Mayo/2026-02-16_al_2026-02-28/Facebook/2026-02-16_al_2026-02-28_Facebook/2026-02-16_al_2026-02-28_Facebook_posts.csv
2026-02-16,2026-02-16_al_2026-02-28_Facebook,gobierno_naucalpan,Gobierno de Naucalpan,facebook,Facebook,post_facebook,ciudadnaucalpan,Ciudad Naucalpan / Gobierno Municipal 2025-2027.,,"Las Huellas de la Transformación regresan a territorio ✨ El Gobierno de Naucalpan continúa acercando acciones que mejoran nuestros espacios y fortalecen la comunidad. 📅 Jueves 26 de febrero de 2026 🕟 16:30 horas 📍 Colonia Ampliación Loma Linda (México 134 #110, Parque F.C. Instituto de las Mujeres Naucalpenses, 53619, Naucalpan de Juárez). Seguimos trabajando de manera cercana para escuchar y atender las necesidades de cada colonia, dejando huellas reales de transformación para las y los naucalpenses. ¡Te esperamos! 🤝 #AquiGobiernaLaEsperanza #Naucalpan #HuellasDeLaTransformacion","Las Huellas de la Transformación regresan a territorio ✨ El Gobierno de Naucalpan continúa acercando acciones que mejoran nuestros espacios y fortalecen la comunidad. 📅 Jueves 26 de febrero de 2026 🕟 16:30 horas 📍 Colonia Ampliación Loma Linda (México 134 #110, Parque F.C. Instituto de las Mujeres Naucalpenses, 53619, Naucalpan de Juárez). Seguimos trabajando de manera cercana para escuchar y atender las necesidades de cada colonia, dejando huellas reales de transformación para las y los naucalpenses. ¡Te esperamos! 🤝 #AquiGobiernaLaEsperanza #Naucalpan #HuellasDeLaTransformacion",https://www.facebook.com/CiudadNaucalpan/posts/pfbid0q711gCJgxFc4HNQvoiyZbegrrBoEKeSXkbehwraMpRULj3joDgFuitK1CkiUr71Jl,https://www.facebook.com/CiudadNaucalpan/posts/pfbid0q711gCJgxFc4HNQvoiyZbegrrBoEKeSXkbehwraMpRULj3joDgFuitK1CkiUr71Jl,2026-02-25 13:50:27,2026-02-25,/home/emilio/Documentos/Naucalpan_Semanal_Reportes/Periodico/Enero_Mayo/2026-02-16_al_2026-02-28/Facebook/2026-02-16_al_2026-02-28_Facebook/2026-02-16_al_2026-02-28_Facebook_posts.csv
2026-02-16,2026-02-16_al_2026-02-28_Facebook,gobierno_naucalpan,Gobierno de Naucalpan,facebook,Facebook,post_facebook,ciudadnaucalpan,Ciudad Naucalpan / Gobierno Municipal 2025-2027.,,"Tianquiztli Tlatilca: el mercado de las tradiciones llega a Ciudad Naucalpan🎨🧵 A través de la Dirección de Bienestar e Inclusión Social, invita a la ciudadanía al Tianquiztli Tlatilca, un espacio dedicado a impulsar a las y los productores y artesanos locales, fortaleciendo nuestra identidad cultural y la economía comunitaria. 🤝 📅 26 y 27 de febrero de 2026 ⏰ 9:00 a 16:00 horas 📍 Palacio Municipal, en la explanada ubicada en los edificios anexos (A y B). Durante estos dos días, las y los asistentes podrán disfrutar de exposición y venta de productos artesanales, gastronomía tradicional y un ambiente cultural y familiar que enaltece nuestras raíces. 🌺🫶 Seguimos generando espacios para promover el talento local y fortalecer el consumo responsable en nuestra comunidad. ➡️Consulta más detalles en la imagen y acompáñanos. #AquiGobiernaLaEsperanza #Naucalpan #Bienesta","Tianquiztli Tlatilca: el mercado de las tradiciones llega a Ciudad Naucalpan🎨🧵 A través de la Dirección de Bienestar e Inclusión Social, invita a la ciudadanía al Tianquiztli Tlatilca, un espacio dedicado a impulsar a las y los productores y artesanos locales, fortaleciendo nuestra identidad cultural y la economía comunitaria. 🤝 📅 26 y 27 de febrero de 2026 ⏰ 9:00 a 16:00 horas 📍 Palacio Municipal, en la explanada ubicada en los edificios anexos (A y B). Durante estos dos días, las y los asistentes podrán disfrutar de exposición y venta de productos artesanales, gastronomía tradicional y un ambiente cultural y familiar que enaltece nuestras raíces. 🌺🫶 Seguimos generando espacios para promover el talento local y fortalecer el consumo responsable en nuestra comunidad. ➡️Consulta más detalles en la imagen y acompáñanos. #AquiGobiernaLaEsperanza #Naucalpan #Bienesta",https://www.facebook.com/CiudadNaucalpan/posts/pfbid02LC5XF1T8QWN5g8C7BuheoRLHvfWj1n1XnPa7S9dDWbD5skMqt1i5kNbBukoHnHcel,https://www.facebook.com/CiudadNaucalpan/posts/pfbid02LC5XF1T8QWN5g8C7BuheoRLHvfWj1n1XnPa7S9dDWbD5skMqt1i5kNbBukoHnHcel,2026-02-25 12:04:34,2026-02-25,/home/emilio/Documentos/Naucalpan_Semanal_Reportes/Periodico/Enero_Mayo/2026-02-16_al_2026-02-28/Facebook/2026-02-16_al_2026-02-28_Facebook/2026-02-16_al_2026-02-28_Facebook_posts.csv
2026-02-16,2026-02-16_al_2026-02-28_Facebook,gobierno_naucalpan,Gobierno de Naucalpan,facebook,Facebook,post_facebook,ciudadnaucalpan,Ciudad Naucalpan / Gobierno Municipal 2025-2027.,,"¿Sabías qué? ⚽🌍 El balón Slazenger Challenge 4-Star fue el protagonista del Mundial de 1966 en Inglaterra. Su diseño estaba conformado por 25 paneles rectangulares de cuero con cuatro formas distintas, y se presentó en versiones naranja, amarillo y blanco. 🏟️ Un balón clásico que marcó una época y que hoy forma parte de la historia del fútbol mundial. #AquiGobiernaLaEsperanza #HuellasDelMundial #Naucalpan","¿Sabías qué? ⚽🌍 El balón Slazenger Challenge 4-Star fue el protagonista del Mundial de 1966 en Inglaterra. Su diseño estaba conformado por 25 paneles rectangulares de cuero con cuatro formas distintas, y se presentó en versiones naranja, amarillo y blanco. 🏟️ Un balón clásico que marcó una época y que hoy forma parte de la historia del fútbol mundial. #AquiGobiernaLaEsperanza #HuellasDelMundial #Naucalpan",https://www.facebook.com/CiudadNaucalpan/posts/pfbid045MHHbaFvf8UDbLG2Xu8yTZsutqJgN3bVN65RwmZiQ4bLvk43WSyX1c7tvib6kb8l,https://www.facebook.com/CiudadNaucalpan/posts/pfbid045MHHbaFvf8UDbLG2Xu8yTZsutqJgN3bVN65RwmZiQ4bLvk43WSyX1c7tvib6kb8l,2026-02-25 10:54:29,2026-02-25,/home/emilio/Documentos/Naucalpan_Semanal_Reportes/Periodico/Enero_Mayo/2026-02-16_al_2026-02-28/Facebook/2026-02-16_al_2026-02-28_Facebook/2026-02-16_al_2026-02-28_Facebook_posts.csv
2026-02-16,2026-02-16_al_2026-02-28_Facebook,gobierno_naucalpan,Gobierno de Naucalpan,facebook,Facebook,post_facebook,ciudadnaucalpan,Ciudad Naucalpan / Gobierno Municipal 2025-2027.,,"Registro Civil de Ciudad Naucalpan📄 ✒️ El Gobierno de Ciudad Naucalpan pone a disposición de la ciudadanía los servicios del Registro Civil, con atención cercana y orientación para ti y tu familia. En las Oficialías del Registro Civil puedes realizar trámites como: 👉 Expedición de copias certificadas. 👉 CURP certificada y correcciones. 👉 Registro de nacimiento (oportuno y extemporáneo). 👉 Matrimonios. 👉 Reconocimiento de hijas e hijos. 👉 Registro de divorcio judicial. 👉 Aclaración y complementación de actas. 📍 Naucalpan cuenta con diversas Oficialías ubicadas en Cabecera Municipal, Satélite, El Molinito, Loma Linda y San Mateo Nopala, con horarios de atención de lunes a viernes, de 9:00 a 15:00 horas. ℹ️👉 Consulta en las imágenes la ubicación exacta, direcciones y teléfonos de cada Oficialía. Seguimos trabajando para acercar servicios esenciales con atención digna, clara y accesible para todas y todos. #AquiGobiernaLaEsperanza #Naucalpan #RegistroCivil","Registro Civil de Ciudad Naucalpan📄 ✒️ El Gobierno de Ciudad Naucalpan pone a disposición de la ciudadanía los servicios del Registro Civil, con atención cercana y orientación para ti y tu familia. En las Oficialías del Registro Civil puedes realizar trámites como: 👉 Expedición de copias certificadas. 👉 CURP certificada y correcciones. 👉 Registro de nacimiento (oportuno y extemporáneo). 👉 Matrimonios. 👉 Reconocimiento de hijas e hijos. 👉 Registro de divorcio judicial. 👉 Aclaración y complementación de actas. 📍 Naucalpan cuenta con diversas Oficialías ubicadas en Cabecera Municipal, Satélite, El Molinito, Loma Linda y San Mateo Nopala, con horarios de atención de lunes a viernes, de 9:00 a 15:00 horas. ℹ️👉 Consulta en las imágenes la ubicación exacta, direcciones y teléfonos de cada Oficialía. Seguimos trabajando para acercar servicios esenciales con atención digna, clara y accesible para todas y todos. #AquiGobiernaLaEsperanza #Naucalpan #RegistroCivil",https://www.facebook.com/CiudadNaucalpan/posts/pfbid02uo9iinZoBQP6MUnZzkKY2tZpkbu7T7YRpwCqskUvgYkwLH4is3S2GFCAz8LFkfJKl,https://www.facebook.com/CiudadNaucalpan/posts/pfbid02uo9iinZoBQP6MUnZzkKY2tZpkbu7T7YRpwCqskUvgYkwLH4is3S2GFCAz8LFkfJKl,2026-02-25 10:31:42,2026-02-25,/home/emilio/Documentos/Naucalpan_Semanal_Reportes/Periodico/Enero_Mayo/2026-02-16_al_2026-02-28/Facebook/2026-02-16_al_2026-02-28_Facebook/2026-02-16_al_2026-02-28_Facebook_posts.csv
2026-02-16,2026-02-16_al_2026-02-28_Facebook,gobierno_naucalpan,Gobierno de Naucalpan,facebook,Facebook,post_facebook,ciudadnaucalpan,Ciudad Naucalpan / Gobierno Municipal 2025-2027.,,"Conoce los Módulos Hospitalarios y sus servicios de Ciudad Naucalpan🏥🩺 El Gobierno de Ciudad Naucalpan informa a las familias naucalpenses sobre la operación de los Módulos Hospitalarios, donde se realizan registros oportunos de nacimiento de bebés nacidos en hospitales, facilitando este trámite desde el primer momento. Actualmente, este servicio se brinda en los siguientes puntos: 📍 Módulo Hospitalario 06 Hospital General Dr. Maximiliano Ruiz Castañeda 📍 Calle Vagones 53–65, Industrial Tlatilco, C.P. 53529 📍 Módulo Hospitalario 04 IMSS Hospital General de Zona 194 📍 Avenida Vía Gustavo Baz Sur 28, Col. San Bartolo, C.P. 53000 Desde el Gobierno de Ciudad Naucalpan seguimos trabajando para acercar servicios esenciales, garantizar el derecho a la identidad y brindar atención cercana a las familias naucalpense. #AquiGobiernaLaEsperanza #Naucalpan #Salud #RegistroCivil","Conoce los Módulos Hospitalarios y sus servicios de Ciudad Naucalpan🏥🩺 El Gobierno de Ciudad Naucalpan informa a las familias naucalpenses sobre la operación de los Módulos Hospitalarios, donde se realizan registros oportunos de nacimiento de bebés nacidos en hospitales, facilitando este trámite desde el primer momento. Actualmente, este servicio se brinda en los siguientes puntos: 📍 Módulo Hospitalario 06 Hospital General Dr. Maximiliano Ruiz Castañeda 📍 Calle Vagones 53–65, Industrial Tlatilco, C.P. 53529 📍 Módulo Hospitalario 04 IMSS Hospital General de Zona 194 📍 Avenida Vía Gustavo Baz Sur 28, Col. San Bartolo, C.P. 53000 Desde el Gobierno de Ciudad Naucalpan seguimos trabajando para acercar servicios esenciales, garantizar el derecho a la identidad y brindar atención cercana a las familias naucalpense. #AquiGobiernaLaEsperanza #Naucalpan #Salud #RegistroCivil",https://www.facebook.com/CiudadNaucalpan/posts/pfbid02nw5dqJCP7WYTZajTDKqrcudAs1zjGgddAkQAhhh1UAcGnekQqe83sKJFEnwcrmhBl,https://www.facebook.com/CiudadNaucalpan/posts/pfbid02nw5dqJCP7WYTZajTDKqrcudAs1zjGgddAkQAhhh1UAcGnekQqe83sKJFEnwcrmhBl,2026-02-25 10:01:43,2026-02-25,/home/emilio/Documentos/Naucalpan_Semanal_Reportes/Periodico/Enero_Mayo/2026-02-16_al_2026-02-28/Facebook/2026-02-16_al_2026-02-28_Facebook/2026-02-16_al_2026-02-28_Facebook_posts.csv
2026-02-16,2026-02-16_al_2026-02-28_Facebook,gobierno_naucalpan,Gobierno de Naucalpan,facebook,Facebook,post_facebook,ciudadnaucalpan,Ciudad Naucalpan / Gobierno Municipal 2025-2027.,,"Huellas de la Transformación en el Parque Naucalli. 🚛✨ Te invitamos a la entrega de parque vehicular, enllantado y rotulado, como parte de las acciones para fortalecer los servicios y la atención a la ciudadanía. 🗓 Miércoles 25 de febrero de 2026 🕚 11:00 horas 📍 Parque Naucalli, Avenida Lomas Verdes, Santa Cruz Acatlán Seguimos trabajando con hechos que fortalecen la capacidad operativa y mejoran la respuesta en cada comunidad. #AquiGobiernaLaEsperanza #Naucalpan #HuellasDeLaTransformación","Huellas de la Transformación en el Parque Naucalli. 🚛✨ Te invitamos a la entrega de parque vehicular, enllantado y rotulado, como parte de las acciones para fortalecer los servicios y la atención a la ciudadanía. 🗓 Miércoles 25 de febrero de 2026 🕚 11:00 horas 📍 Parque Naucalli, Avenida Lomas Verdes, Santa Cruz Acatlán Seguimos trabajando con hechos que fortalecen la capacidad operativa y mejoran la respuesta en cada comunidad. #AquiGobiernaLaEsperanza #Naucalpan #HuellasDeLaTransformación",https://www.facebook.com/CiudadNaucalpan/posts/pfbid02abyQfTqDzD5skFChDfEkxeL4GKwZRXkKo1mgiMQrxkCkhvTfE7hFBVYayvJuufShl,https://www.facebook.com/CiudadNaucalpan/posts/pfbid02abyQfTqDzD5skFChDfEkxeL4GKwZRXkKo1mgiMQrxkCkhvTfE7hFBVYayvJuufShl,2026-02-25 08:45:32,2026-02-25,/home/emilio/Documentos/Naucalpan_Semanal_Reportes/Periodico/Enero_Mayo/2026-02-16_al_2026-02-28/Facebook/2026-02-16_al_2026-02-28_Facebook/2026-02-16_al_2026-02-28_Facebook_posts.csv
2026-02-16,2026-02-16_al_2026-02-28_Facebook,gobierno_naucalpan,Gobierno de Naucalpan,facebook,Facebook,post_facebook,ciudadnaucalpan,Ciudad Naucalpan / Gobierno Municipal 2025-2027.,,"¡Duelo de Titanes en Ciudad Naucalpan!⚽ El Gobierno de Ciudad Naucalpan, a través del IMCUFIDEN, invita al cuadrangular rumbo al Mundial Social Naucalpan, donde equipos semi profesionales demostrarán su talento y pasión por el fútbol. 📅 Viernes 27 de febrero de 2026 🕕 18:00 horas 📍 Cancha del Deportivo La Curva Av. Minas Palacio, San Rafael Chamapa, Primera Sección. Seguimos impulsando el deporte como herramienta de unidad, identidad y reconstrucción del tejido social en nuestras comunidades. ¡Te esperamos para vivir una gran jornada deportiva en familia! #AquiGobiernaLaEsperanza #Naucalpan #IMCUFIDEN #HuellasDelMundial #Deporte","¡Duelo de Titanes en Ciudad Naucalpan!⚽ El Gobierno de Ciudad Naucalpan, a través del IMCUFIDEN, invita al cuadrangular rumbo al Mundial Social Naucalpan, donde equipos semi profesionales demostrarán su talento y pasión por el fútbol. 📅 Viernes 27 de febrero de 2026 🕕 18:00 horas 📍 Cancha del Deportivo La Curva Av. Minas Palacio, San Rafael Chamapa, Primera Sección. Seguimos impulsando el deporte como herramienta de unidad, identidad y reconstrucción del tejido social en nuestras comunidades. ¡Te esperamos para vivir una gran jornada deportiva en familia! #AquiGobiernaLaEsperanza #Naucalpan #IMCUFIDEN #HuellasDelMundial #Deporte",https://www.facebook.com/CiudadNaucalpan/posts/pfbid0CnLZNjU8houMTF9F49FAwRcQSKaAo9Q4HspVXR9xeGkrmeJMxWK1233T1GypMS15l,https://www.facebook.com/CiudadNaucalpan/posts/pfbid0CnLZNjU8houMTF9F49FAwRcQSKaAo9Q4HspVXR9xeGkrmeJMxWK1233T1GypMS15l,2026-02-25 08:40:35,2026-02-25,/home/emilio/Documentos/Naucalpan_Semanal_Reportes/Periodico/Enero_Mayo/2026-02-16_al_2026-02-28/Facebook/2026-02-16_al_2026-02-28_Facebook/2026-02-16_al_2026-02-28_Facebook_posts.csv
2026-02-16,2026-02-16_al_2026-02-28_Facebook,gobierno_naucalpan,Gobierno de Naucalpan,facebook,Facebook,post_facebook,ciudadnaucalpan,Ciudad Naucalpan / Gobierno Municipal 2025-2027.,,"25 de febrero | Día Naranja🧡 Cada mes cuenta para prevenir y erradicar la violencia contra las mujeres, niñas y adolescentes. Desde el Gobierno de Ciudad Naucalpan impulsamos una agenda permanente por la igualdad, la justicia y la protección de los derechos de las mujeres, convencidas de que la prevención y la concientización son claves para construir entornos seguros y libres de violencia. #AquiGobiernaLaEsperanza #Naucalpan #DiaNaranja #Prevencion","25 de febrero | Día Naranja🧡 Cada mes cuenta para prevenir y erradicar la violencia contra las mujeres, niñas y adolescentes. Desde el Gobierno de Ciudad Naucalpan impulsamos una agenda permanente por la igualdad, la justicia y la protección de los derechos de las mujeres, convencidas de que la prevención y la concientización son claves para construir entornos seguros y libres de violencia. #AquiGobiernaLaEsperanza #Naucalpan #DiaNaranja #Prevencion",https://www.facebook.com/CiudadNaucalpan/posts/pfbid02KZGsoUTyi2zR1yd2cVFvCEVLvFPRLxJFeg2rzsJcGWwmpJi3vszQyRpR5VRLi162l,https://www.facebook.com/CiudadNaucalpan/posts/pfbid02KZGsoUTyi2zR1yd2cVFvCEVLvFPRLxJFeg2rzsJcGWwmpJi3vszQyRpR5VRLi162l,2026-02-25 07:01:39,2026-02-25,/home/emilio/Documentos/Naucalpan_Semanal_Reportes/Periodico/Enero_Mayo/2026-02-16_al_2026-02-28/Facebook/2026-02-16_al_2026-02-28_Facebook/2026-02-16_al_2026-02-28_Facebook_posts.csv
2026-02-16,2026-02-16_al_2026-02-28_Facebook,gobierno_naucalpan,Gobierno de Naucalpan,facebook,Facebook,post_facebook,guardiamunicipalciudadnaucalpan,Guardia Municipal Ciudad Naucalpan,,"Cuatro personas detenidas por probable robo a casa habitación en Bosque de Echegaray🚨 Tras un reporte recibido vía C4 por robo a casa habitación con violencia, elementos de la Guardia Municipal acudieron a Hacienda de la Huerta, en Bosque de Echegaray. En el lugar, un ciudadano señaló que varias personas salían del domicilio tras forzar la puerta. De inmediato se implementó un operativo de seguimiento que permitió darles alcance metros adelante y asegurar objetos presuntamente relacionados con los hechos. Las cuatro personas fueron puestas a disposición de la Fiscalía Regional de Naucalpan, donde se determinará su situación jurídica conforme a derecho. En la Guardia Municipal actuamos con oportunidad, coordinación y apego a la ley para proteger la tranquilidad de las familias naucalpenses. #AquiGobiernaLaEsperanza #Naucalpan #Seguridad #GuardiaMunicipal #SSEdoMex #Edomex #mexico","Cuatro personas detenidas por probable robo a casa habitación en Bosque de Echegaray🚨 Tras un reporte recibido vía C4 por robo a casa habitación con violencia, elementos de la Guardia Municipal acudieron a Hacienda de la Huerta, en Bosque de Echegaray. En el lugar, un ciudadano señaló que varias personas salían del domicilio tras forzar la puerta. De inmediato se implementó un operativo de seguimiento que permitió darles alcance metros adelante y asegurar objetos presuntamente relacionados con los hechos. Las cuatro personas fueron puestas a disposición de la Fiscalía Regional de Naucalpan, donde se determinará su situación jurídica conforme a derecho. En la Guardia Municipal actuamos con oportunidad, coordinación y apego a la ley para proteger la tranquilidad de las familias naucalpenses. #AquiGobiernaLaEsperanza #Naucalpan #Seguridad #GuardiaMunicipal #SSEdoMex #Edomex #mexico",https://www.facebook.com/GuardiaMunicipalCiudadNaucalpan/posts/pfbid0ZmA4arj2bbyrW4zVGJ5sRwgZzk6PXvHNrc8qvKtWCqNh3rsDwmBdFkcWMx9hoUfWl,https://www.facebook.com/GuardiaMunicipalCiudadNaucalpan/posts/pfbid0ZmA4arj2bbyrW4zVGJ5sRwgZzk6PXvHNrc8qvKtWCqNh3rsDwmBdFkcWMx9hoUfWl,2026-02-25 20:01:36,2026-02-25,/home/emilio/Documentos/Naucalpan_Semanal_Reportes/Periodico/Enero_Mayo/2026-02-16_al_2026-02-28/Facebook/2026-02-16_al_2026-02-28_Facebook/2026-02-16_al_2026-02-28_Facebook_posts.csv
2026-02-16,2026-02-16_al_2026-02-28_Facebook,gobierno_naucalpan,Gobierno de Naucalpan,facebook,Facebook,post_facebook,guardiamunicipalciudadnaucalpan,Guardia Municipal Ciudad Naucalpan,,🧡25N l Dia Naranja #AquiGobiernaLaEsperanza #GuardiaMunicipal #Naucalpan,🧡25N l Dia Naranja #AquiGobiernaLaEsperanza #GuardiaMunicipal #Naucalpan,https://www.facebook.com/GuardiaMunicipalCiudadNaucalpan/posts/pfbid06V2htot1JtcYAqijrzp8z4NkBRg8oHqtJdxyaGEkjribqRpWe81HHpuLK2iFgKEgl,https://www.facebook.com/GuardiaMunicipalCiudadNaucalpan/posts/pfbid06V2htot1JtcYAqijrzp8z4NkBRg8oHqtJdxyaGEkjribqRpWe81HHpuLK2iFgKEgl,2026-02-25 18:15:16,2026-02-25,/home/emilio/Documentos/Naucalpan_Semanal_Reportes/Periodico/Enero_Mayo/2026-02-16_al_2026-02-28/Facebook/2026-02-16_al_2026-02-28_Facebook/2026-02-16_al_2026-02-28_Facebook_posts.csv
2026-02-16,2026-02-16_al_2026-02-28_Facebook,gobierno_naucalpan,Gobierno de Naucalpan,facebook,Facebook,post_facebook,guardiamunicipalciudadnaucalpan,Guardia Municipal Ciudad Naucalpan,,"Detenido por probable encubrimiento por receptación en Industrial Alce Blanco;🚨 A través de la coordinación interinstitucional, fue detenido un hombre señalado por su probable participación en el delito de encubrimiento por receptación, en hechos registrados en Industrial Alce Blanco. El implicado fue puesto a disposición de la autoridad competente, quien determinará su situación jurídica conforme a derecho. Reiteramos nuestro compromiso de trabajar con responsabilidad y apego a la ley para fortalecer la seguridad en Naucalpan. #AquiGobiernaLaEsperanza #Naucalpan #Seguridad #GuardiaMunicipal #SSEdoMex","Detenido por probable encubrimiento por receptación en Industrial Alce Blanco;🚨 A través de la coordinación interinstitucional, fue detenido un hombre señalado por su probable participación en el delito de encubrimiento por receptación, en hechos registrados en Industrial Alce Blanco. El implicado fue puesto a disposición de la autoridad competente, quien determinará su situación jurídica conforme a derecho. Reiteramos nuestro compromiso de trabajar con responsabilidad y apego a la ley para fortalecer la seguridad en Naucalpan. #AquiGobiernaLaEsperanza #Naucalpan #Seguridad #GuardiaMunicipal #SSEdoMex",https://www.facebook.com/GuardiaMunicipalCiudadNaucalpan/posts/pfbid07fqF4VN2BShNbAhK6eBRC47dfULwM9koVoGoWPQpPUSTeNzGCX3jP5vvKR5ZMt3Fl,https://www.facebook.com/GuardiaMunicipalCiudadNaucalpan/posts/pfbid07fqF4VN2BShNbAhK6eBRC47dfULwM9koVoGoWPQpPUSTeNzGCX3jP5vvKR5ZMt3Fl,2026-02-25 16:01:57,2026-02-25,/home/emilio/Documentos/Naucalpan_Semanal_Reportes/Periodico/Enero_Mayo/2026-02-16_al_2026-02-28/Facebook/2026-02-16_al_2026-02-28_Facebook/2026-02-16_al_2026-02-28_Facebook_posts.csv
2026-02-16,2026-02-16_al_2026-02-28_Facebook,gobierno_naucalpan,Gobierno de Naucalpan,facebook,Facebook,post_facebook,guardiamunicipalciudadnaucalpan,Guardia Municipal Ciudad Naucalpan,,"Detenido por presunto robo de vehículo con violencia en San Antonio Zomeyucan🚨 Durante un recorrido de vigilancia, elementos de la Guardia Municipal detectaron una situación inusual y atendieron de inmediato el reporte. En el lugar, se señaló a un hombre por su probable participación en el despojo de un vehículo mediante el uso de violencia y amenazas. Tras la intervención y la inspección correspondiente, se le localizó arma de fuego presuntamente relacionada con los hechos. El detenido fue puesto a disposición de la Fiscalía Regional de Naucalpan, autoridad que determinará su situación jurídica conforme a derecho. En la Guardia Municipal actuamos con oportunidad y apego a la ley para proteger la seguridad y el patrimonio de las familias naucalpenses. #AquiGobiernaLaEsperanza #Naucalpan #Seguridad #GuardiaMunicipal #SSEdoMex","Detenido por presunto robo de vehículo con violencia en San Antonio Zomeyucan🚨 Durante un recorrido de vigilancia, elementos de la Guardia Municipal detectaron una situación inusual y atendieron de inmediato el reporte. En el lugar, se señaló a un hombre por su probable participación en el despojo de un vehículo mediante el uso de violencia y amenazas. Tras la intervención y la inspección correspondiente, se le localizó arma de fuego presuntamente relacionada con los hechos. El detenido fue puesto a disposición de la Fiscalía Regional de Naucalpan, autoridad que determinará su situación jurídica conforme a derecho. En la Guardia Municipal actuamos con oportunidad y apego a la ley para proteger la seguridad y el patrimonio de las familias naucalpenses. #AquiGobiernaLaEsperanza #Naucalpan #Seguridad #GuardiaMunicipal #SSEdoMex",https://www.facebook.com/GuardiaMunicipalCiudadNaucalpan/posts/pfbid0KTVFRC1Bn1g2nMADZFFrvsrBDLdtMt7JqSnkoYeaqug69aWEHgEXy21eAZu71KqUl,https://www.facebook.com/GuardiaMunicipalCiudadNaucalpan/posts/pfbid0KTVFRC1Bn1g2nMADZFFrvsrBDLdtMt7JqSnkoYeaqug69aWEHgEXy21eAZu71KqUl,2026-02-25 13:32:26,2026-02-25,/home/emilio/Documentos/Naucalpan_Semanal_Reportes/Periodico/Enero_Mayo/2026-02-16_al_2026-02-28/Facebook/2026-02-16_al_2026-02-28_Facebook/2026-02-16_al_2026-02-28_Facebook_posts.csv
2026-02-16,2026-02-16_al_2026-02-28_Facebook,gobierno_naucalpan,Gobierno de Naucalpan,facebook,Facebook,post_facebook,guardiamunicipalciudadnaucalpan,Guardia Municipal Ciudad Naucalpan,,"Detenido por probable robo de vehículo con violencia en la colonia 10 de Abril🚨 Con la coordinación interinstitucional, fue detenido un hombre señalado por su probable participación en el robo de un vehículo con violencia. El implicado fue puesto a disposición de la autoridad competente, quien determinará su situación jurídica conforme a derecho. Seguimos trabajando con firmeza y apego a la ley para proteger el patrimonio y la seguridad de las familias naucalpenses. #AquiGobiernaLaEsperanza #Naucalpan #Seguridad #GuardiaMunicipal #SSEdoMex","Detenido por probable robo de vehículo con violencia en la colonia 10 de Abril🚨 Con la coordinación interinstitucional, fue detenido un hombre señalado por su probable participación en el robo de un vehículo con violencia. El implicado fue puesto a disposición de la autoridad competente, quien determinará su situación jurídica conforme a derecho. Seguimos trabajando con firmeza y apego a la ley para proteger el patrimonio y la seguridad de las familias naucalpenses. #AquiGobiernaLaEsperanza #Naucalpan #Seguridad #GuardiaMunicipal #SSEdoMex",https://www.facebook.com/GuardiaMunicipalCiudadNaucalpan/posts/pfbid05QZYvtAvHMQA3SXH27H1ENoPGznKnd5pcvbMkqhoipTvp5nJrzzsE91GMjPu8Zcwl,https://www.facebook.com/GuardiaMunicipalCiudadNaucalpan/posts/pfbid05QZYvtAvHMQA3SXH27H1ENoPGznKnd5pcvbMkqhoipTvp5nJrzzsE91GMjPu8Zcwl,2026-02-25 13:04:06,2026-02-25,/home/emilio/Documentos/Naucalpan_Semanal_Reportes/Periodico/Enero_Mayo/2026-02-16_al_2026-02-28/Facebook/2026-02-16_al_2026-02-28_Facebook/2026-02-16_al_2026-02-28_Facebook_posts.csv
2026-02-16,2026-02-16_al_2026-02-28_Facebook,gobierno_naucalpan,Gobierno de Naucalpan,facebook,Facebook,post_facebook,guardiamunicipalciudadnaucalpan,Guardia Municipal Ciudad Naucalpan,,"Detenido por probable robo con violencia en la Benito Juárez 🚨 Como parte de la Estrategia Mando Unificado Oriente y del “Despliegue Operativo ARGOS”, en coordinación con la Policía Estatal, realizamos la detención de un hombre señalado por su probable participación en un robo con violencia en la colonia Benito Juárez. De acuerdo con el reporte, la persona habría amagado a la víctima con un objeto punzocortante para despojarla de sus pertenencias. Tras recibir la alerta, se implementó un operativo de búsqueda en la zona que permitió ubicar al señalado y realizar una inspección conforme a protocolo, asegurando objetos presuntamente relacionados con los hechos. El detenido fue puesto a disposición del Ministerio Público, autoridad que determinará su situación jurídica conforme a derecho. En la Guardia Municipal reiteramos nuestro compromiso de actuar con responsabilidad, profesionalismo y estricto apego a la ley, priorizando en todo momento la seguridad de las y los naucalpenses. #AquiGobiernaLaEsperanza #Naucalpan #Seguridad #GuardiaMunicipal #SSEdoMex #Edomex #mexico","Detenido por probable robo con violencia en la Benito Juárez 🚨 Como parte de la Estrategia Mando Unificado Oriente y del “Despliegue Operativo ARGOS”, en coordinación con la Policía Estatal, realizamos la detención de un hombre señalado por su probable participación en un robo con violencia en la colonia Benito Juárez. De acuerdo con el reporte, la persona habría amagado a la víctima con un objeto punzocortante para despojarla de sus pertenencias. Tras recibir la alerta, se implementó un operativo de búsqueda en la zona que permitió ubicar al señalado y realizar una inspección conforme a protocolo, asegurando objetos presuntamente relacionados con los hechos. El detenido fue puesto a disposición del Ministerio Público, autoridad que determinará su situación jurídica conforme a derecho. En la Guardia Municipal reiteramos nuestro compromiso de actuar con responsabilidad, profesionalismo y estricto apego a la ley, priorizando en todo momento la seguridad de las y los naucalpenses. #AquiGobiernaLaEsperanza #Naucalpan #Seguridad #GuardiaMunicipal #SSEdoMex #Edomex #mexico",https://www.facebook.com/GuardiaMunicipalCiudadNaucalpan/posts/pfbid0anMC4hnsmvpdv6KHEzrYH3kHB6qib3Ui6y1wg3Kum6saoPWsgNHHXs2bFQKbyiBnl,https://www.facebook.com/GuardiaMunicipalCiudadNaucalpan/posts/pfbid0anMC4hnsmvpdv6KHEzrYH3kHB6qib3Ui6y1wg3Kum6saoPWsgNHHXs2bFQKbyiBnl,2026-02-25 12:49:27,2026-02-25,/home/emilio/Documentos/Naucalpan_Semanal_Reportes/Periodico/Enero_Mayo/2026-02-16_al_2026-02-28/Facebook/2026-02-16_al_2026-02-28_Facebook/2026-02-16_al_2026-02-28_Facebook_posts.csv
2026-02-16,2026-02-16_al_2026-02-28_Twitter,gobierno_naucalpan,Gobierno de Naucalpan,twitter,Twitter/X,tweet,@GobNau,@GobNau,,Las Huellas de la Transformación regresan a territorio ¡Te esperamos! #AquiGobiernaLaEsperanza #Naucalpan #HuellasDeLaTransformacion,Las Huellas de la Transformación regresan a territorio ¡Te esperamos! #AquiGobiernaLaEsperanza #Naucalpan #HuellasDeLaTransformacion,https://x.com/GobNau/status/2026792834230051077,https://x.com/GobNau/status/2026792834230051077,2026-02-25 22:54:02+00:00,2026-02-25,/home/emilio/Documentos/Naucalpan_Semanal_Reportes/Periodico/Enero_Mayo/2026-02-16_al_2026-02-28/Twitter/2026-02-16_al_2026-02-28_Twitter/2026-02-16_al_2026-02-28_Twitter_post_institucionales.csv
2026-02-16,2026-02-16_al_2026-02-28_Twitter,gobierno_naucalpan,Gobierno de Naucalpan,twitter,Twitter/X,tweet,@GobNau,@GobNau,,"El Gobierno de Ciudad Naucalpan, a través del IMCUFIDEN, invita a niñas y niños a formar parte del Torneo Infantil 2026. No dejes pasar esta oportunidad. ¡Aparta tu lugar y sé parte del torneo! #AquiGobiernaLaEsperanza #Naucalpan #IMCUFIDEN #Deporte","El Gobierno de Ciudad Naucalpan, a través del IMCUFIDEN, invita a niñas y niños a formar parte del Torneo Infantil 2026. No dejes pasar esta oportunidad. ¡Aparta tu lugar y sé parte del torneo! #AquiGobiernaLaEsperanza #Naucalpan #IMCUFIDEN #Deporte",https://x.com/GobNau/status/2026757011082273183,https://x.com/GobNau/status/2026757011082273183,2026-02-25 20:31:41+00:00,2026-02-25,/home/emilio/Documentos/Naucalpan_Semanal_Reportes/Periodico/Enero_Mayo/2026-02-16_al_2026-02-28/Twitter/2026-02-16_al_2026-02-28_Twitter/2026-02-16_al_2026-02-28_Twitter_post_institucionales.csv
2026-02-16,2026-02-16_al_2026-02-28_Twitter,gobierno_naucalpan,Gobierno de Naucalpan,twitter,Twitter/X,tweet,@GobNau,@GobNau,,"Festival Feminista de Música: Naucalpan, Vivas, Libres y Sonando ¡No te lo puedes perder! #AquiGobiernaLaEsperanza #Naucalpan #FestivalFeminista #VivasLibresYSonando","Festival Feminista de Música: Naucalpan, Vivas, Libres y Sonando ¡No te lo puedes perder! #AquiGobiernaLaEsperanza #Naucalpan #FestivalFeminista #VivasLibresYSonando",https://x.com/GobNau/status/2026752564276961575,https://x.com/GobNau/status/2026752564276961575,2026-02-25 20:14:01+00:00,2026-02-25,/home/emilio/Documentos/Naucalpan_Semanal_Reportes/Periodico/Enero_Mayo/2026-02-16_al_2026-02-28/Twitter/2026-02-16_al_2026-02-28_Twitter/2026-02-16_al_2026-02-28_Twitter_post_institucionales.csv
2026-02-16,2026-02-16_al_2026-02-28_Twitter,gobierno_naucalpan,Gobierno de Naucalpan,twitter,Twitter/X,tweet,@GobNau,@GobNau,,Huellas de la Transformación en Manuel Ávila Camacho ¡Te esperamos! #AquiGobiernaLaEsperanza #Naucalpan #HuellasDeLaTransformacion,Huellas de la Transformación en Manuel Ávila Camacho ¡Te esperamos! #AquiGobiernaLaEsperanza #Naucalpan #HuellasDeLaTransformacion,https://x.com/GobNau/status/2026747385947308092,https://x.com/GobNau/status/2026747385947308092,2026-02-25 19:53:26+00:00,2026-02-25,/home/emilio/Documentos/Naucalpan_Semanal_Reportes/Periodico/Enero_Mayo/2026-02-16_al_2026-02-28/Twitter/2026-02-16_al_2026-02-28_Twitter/2026-02-16_al_2026-02-28_Twitter_post_institucionales.csv
2026-02-16,2026-02-16_al_2026-02-28_Twitter,gobierno_naucalpan,Gobierno de Naucalpan,twitter,Twitter/X,tweet,@GobNau,@GobNau,,Tianquiztli Tlatilca: el mercado de las tradiciones llega a Ciudad Naucalpan Consulta más detalles en la imagen y acompáñanos. #AquiGobiernaLaEsperanza #Naucalpan #Bienesta,Tianquiztli Tlatilca: el mercado de las tradiciones llega a Ciudad Naucalpan Consulta más detalles en la imagen y acompáñanos. #AquiGobiernaLaEsperanza #Naucalpan #Bienesta,https://x.com/GobNau/status/2026720172455698913,https://x.com/GobNau/status/2026720172455698913,2026-02-25 18:05:18+00:00,2026-02-25,/home/emilio/Documentos/Naucalpan_Semanal_Reportes/Periodico/Enero_Mayo/2026-02-16_al_2026-02-28/Twitter/2026-02-16_al_2026-02-28_Twitter/2026-02-16_al_2026-02-28_Twitter_post_institucionales.csv
2026-02-16,2026-02-16_al_2026-02-28_Twitter,gobierno_naucalpan,Gobierno de Naucalpan,twitter,Twitter/X,tweet,@GobNau,@GobNau,,"¿Sabías qué? El balón Slazenger Challenge 4-Star se utilizó en 1966 en Inglaterra. Tenía 25 paneles rectangulares de cuero y se presentó en color naranja, amarillo y blanco. #AquiGobiernaLaEsperanza #HuellasDelMundial #Naucalpan","¿Sabías qué? El balón Slazenger Challenge 4-Star se utilizó en 1966 en Inglaterra. Tenía 25 paneles rectangulares de cuero y se presentó en color naranja, amarillo y blanco. #AquiGobiernaLaEsperanza #HuellasDelMundial #Naucalpan",https://x.com/GobNau/status/2026702372768977082,https://x.com/GobNau/status/2026702372768977082,2026-02-25 16:54:34+00:00,2026-02-25,/home/emilio/Documentos/Naucalpan_Semanal_Reportes/Periodico/Enero_Mayo/2026-02-16_al_2026-02-28/Twitter/2026-02-16_al_2026-02-28_Twitter/2026-02-16_al_2026-02-28_Twitter_post_institucionales.csv
2026-02-16,2026-02-16_al_2026-02-28_Twitter,gobierno_naucalpan,Gobierno de Naucalpan,twitter,Twitter/X,tweet,@GobNau,@GobNau,,Registro Civil de Ciudad Naucalpan Consulta toda la información en las imágenes. #AquiGobiernaLaEsperanza #Naucalpan #RegistroCivil,Registro Civil de Ciudad Naucalpan Consulta toda la información en las imágenes. #AquiGobiernaLaEsperanza #Naucalpan #RegistroCivil,https://x.com/GobNau/status/2026696612634874071,https://x.com/GobNau/status/2026696612634874071,2026-02-25 16:31:41+00:00,2026-02-25,/home/emilio/Documentos/Naucalpan_Semanal_Reportes/Periodico/Enero_Mayo/2026-02-16_al_2026-02-28/Twitter/2026-02-16_al_2026-02-28_Twitter/2026-02-16_al_2026-02-28_Twitter_post_institucionales.csv
2026-02-16,2026-02-16_al_2026-02-28_Twitter,gobierno_naucalpan,Gobierno de Naucalpan,twitter,Twitter/X,tweet,@GobNau,@GobNau,,Conoce los Módulos Hospitalarios de Ciudad Naucalpan Consulta toda la información en las imágenes. #AquiGobiernaLaEsperanza #Naucalpan #Salud #RegistroCivil,Conoce los Módulos Hospitalarios de Ciudad Naucalpan Consulta toda la información en las imágenes. #AquiGobiernaLaEsperanza #Naucalpan #Salud #RegistroCivil,https://x.com/GobNau/status/2026689206467125626,https://x.com/GobNau/status/2026689206467125626,2026-02-25 16:02:15+00:00,2026-02-25,/home/emilio/Documentos/Naucalpan_Semanal_Reportes/Periodico/Enero_Mayo/2026-02-16_al_2026-02-28/Twitter/2026-02-16_al_2026-02-28_Twitter/2026-02-16_al_2026-02-28_Twitter_post_institucionales.csv
2026-02-16,2026-02-16_al_2026-02-28_Twitter,gobierno_naucalpan,Gobierno de Naucalpan,twitter,Twitter/X,tweet,@GobNau,@GobNau,,"Huellas de la Transformación Este miércoles 25 de febrero a las 11:00 horas se realizará la entrega de parque vehicular, enllantado y rotulado en el Parque Naucalli. #AquiGobiernaLaEsperanza #Naucalpan","Huellas de la Transformación Este miércoles 25 de febrero a las 11:00 horas se realizará la entrega de parque vehicular, enllantado y rotulado en el Parque Naucalli. #AquiGobiernaLaEsperanza #Naucalpan",https://x.com/GobNau/status/2026669904032563643,https://x.com/GobNau/status/2026669904032563643,2026-02-25 14:45:33+00:00,2026-02-25,/home/emilio/Documentos/Naucalpan_Semanal_Reportes/Periodico/Enero_Mayo/2026-02-16_al_2026-02-28/Twitter/2026-02-16_al_2026-02-28_Twitter/2026-02-16_al_2026-02-28_Twitter_post_institucionales.csv
2026-02-16,2026-02-16_al_2026-02-28_Twitter,gobierno_naucalpan,Gobierno de Naucalpan,twitter,Twitter/X,tweet,@GobNau,@GobNau,,"¡Duelo de Titanes en Ciudad #Naucalpan! El Gobierno de Ciudad Naucalpan, a través del #IMCUFIDEN, invita al cuadrangular rumbo al Mundial Social Naucalpan. ¡Te esperamos para vivir una gran jornada deportiva en familia! #AquiGobiernaLaEsperanza","¡Duelo de Titanes en Ciudad #Naucalpan! El Gobierno de Ciudad Naucalpan, a través del #IMCUFIDEN, invita al cuadrangular rumbo al Mundial Social Naucalpan. ¡Te esperamos para vivir una gran jornada deportiva en familia! #AquiGobiernaLaEsperanza",https://x.com/GobNau/status/2026668667467907277,https://x.com/GobNau/status/2026668667467907277,2026-02-25 14:40:38+00:00,2026-02-25,/home/emilio/Documentos/Naucalpan_Semanal_Reportes/Periodico/Enero_Mayo/2026-02-16_al_2026-02-28/Twitter/2026-02-16_al_2026-02-28_Twitter/2026-02-16_al_2026-02-28_Twitter_post_institucionales.csv
2026-02-16,2026-02-16_al_2026-02-28_Twitter,gobierno_naucalpan,Gobierno de Naucalpan,twitter,Twitter/X,tweet,@GobNau,@GobNau,,25 de febrero | Día Naranja #AquiGobiernaLaEsperanza #Naucalpan #DiaNaranja #Prevencion,25 de febrero | Día Naranja #AquiGobiernaLaEsperanza #Naucalpan #DiaNaranja #Prevencion,https://x.com/GobNau/status/2026643900409041379,https://x.com/GobNau/status/2026643900409041379,2026-02-25 13:02:13+00:00,2026-02-25,/home/emilio/Documentos/Naucalpan_Semanal_Reportes/Periodico/Enero_Mayo/2026-02-16_al_2026-02-28/Twitter/2026-02-16_al_2026-02-28_Twitter/2026-02-16_al_2026-02-28_Twitter_post_institucionales.csv
2026-02-16,2026-02-16_al_2026-02-28_Twitter,gobierno_naucalpan,Gobierno de Naucalpan,twitter,Twitter/X,tweet,@GobNau,@GobNau,,"Julieta Fierro, ejemplo de inspiración #AquiGobiernaLaEsperanza #Naucalpan #IgualdadSustantiva #MujeresEnLaCiencia","Julieta Fierro, ejemplo de inspiración #AquiGobiernaLaEsperanza #Naucalpan #IgualdadSustantiva #MujeresEnLaCiencia",https://x.com/GobNau/status/2026523282699075727,https://x.com/GobNau/status/2026523282699075727,2026-02-25 05:02:56+00:00,2026-02-25,/home/emilio/Documentos/Naucalpan_Semanal_Reportes/Periodico/Enero_Mayo/2026-02-16_al_2026-02-28/Twitter/2026-02-16_al_2026-02-28_Twitter/2026-02-16_al_2026-02-28_Twitter_post_institucionales.csv
2026-02-16,2026-02-16_al_2026-02-28_Twitter,gobierno_naucalpan,Gobierno de Naucalpan,twitter,Twitter/X,tweet,@GobNau,@GobNau,,"En el marco del Día de la Bandera, el Presidente Municipal, Isaac Montoya Márquez, encabezó la ceremonia de izamiento del lábaro patrio en la Explanada Municipal de Ciudad Naucalpan. #AquiGobiernaLaEsperanza #Naucalpan #DiaDeLaBandera","En el marco del Día de la Bandera, el Presidente Municipal, Isaac Montoya Márquez, encabezó la ceremonia de izamiento del lábaro patrio en la Explanada Municipal de Ciudad Naucalpan. #AquiGobiernaLaEsperanza #Naucalpan #DiaDeLaBandera",https://x.com/GobNau/status/2026470325811110145,https://x.com/GobNau/status/2026470325811110145,2026-02-25 01:32:30+00:00,2026-02-25,/home/emilio/Documentos/Naucalpan_Semanal_Reportes/Periodico/Enero_Mayo/2026-02-16_al_2026-02-28/Twitter/2026-02-16_al_2026-02-28_Twitter/2026-02-16_al_2026-02-28_Twitter_post_institucionales.csv
2026-02-16,2026-02-16_al_2026-02-28_Facebook,gobierno_naucalpan,Gobierno de Naucalpan,facebook,Facebook,post_facebook,ciudadnaucalpan,Ciudad Naucalpan / Gobierno Municipal 2025-2027.,,"Julieta Fierro, ejemplo de inspiración🔭✨ El Gobierno de Ciudad Naucalpan, a través del Instituto de las Mujeres Naucalpenses y la Igualdad Sustantiva, reconoce la trayectoria de Julieta Fierro, astrónoma y divulgadora científica mexicana que ha acercado el universo a niñas, niños y jóvenes. 🌎⭐ Su legado impulsa la participación de más mujeres en la ciencia y fortalece el camino hacia la igualdad de oportunidades. Seguimos trabajando por una ciudad más incluyente y con futuro para todas y todos. ✨ #AquiGobiernaLaEsperanza #Naucalpan #IgualdadSustantiva #MujeresEnLaCiencia","Julieta Fierro, ejemplo de inspiración🔭✨ El Gobierno de Ciudad Naucalpan, a través del Instituto de las Mujeres Naucalpenses y la Igualdad Sustantiva, reconoce la trayectoria de Julieta Fierro, astrónoma y divulgadora científica mexicana que ha acercado el universo a niñas, niños y jóvenes. 🌎⭐ Su legado impulsa la participación de más mujeres en la ciencia y fortalece el camino hacia la igualdad de oportunidades. Seguimos trabajando por una ciudad más incluyente y con futuro para todas y todos. ✨ #AquiGobiernaLaEsperanza #Naucalpan #IgualdadSustantiva #MujeresEnLaCiencia",https://www.facebook.com/CiudadNaucalpan/posts/pfbid02Zo1gd5f2x5bGUvURrmwDHAS6VawXapZyq4955Yphd6VxDBBAxpwmgaubKbJVUpQPl,https://www.facebook.com/CiudadNaucalpan/posts/pfbid02Zo1gd5f2x5bGUvURrmwDHAS6VawXapZyq4955Yphd6VxDBBAxpwmgaubKbJVUpQPl,2026-02-24 23:02:20,2026-02-24,/home/emilio/Documentos/Naucalpan_Semanal_Reportes/Periodico/Enero_Mayo/2026-02-16_al_2026-02-28/Facebook/2026-02-16_al_2026-02-28_Facebook/2026-02-16_al_2026-02-28_Facebook_posts.csv
2026-02-16,2026-02-16_al_2026-02-28_Facebook,gobierno_naucalpan,Gobierno de Naucalpan,facebook,Facebook,post_facebook,ciudadnaucalpan,Ciudad Naucalpan / Gobierno Municipal 2025-2027.,,"En el marco del Día de la Bandera, el Presidente Municipal, Isaac Montoya Márquez, encabezó la ceremonia de izamiento del lábaro patrio en la Explanada Municipal de Ciudad Naucalpan. 🇲🇽 Desde el Gobierno de Ciudad Naucalpan se continúa trabajando para construir la paz desde las comunidades, atender las causas y fortalecer la coordinación entre los tres órdenes de gobierno, priorizando siempre el bienestar de todas y todos. #AquiGobiernaLaEsperanza #Naucalpan #DiaDeLaBandera","En el marco del Día de la Bandera, el Presidente Municipal, Isaac Montoya Márquez, encabezó la ceremonia de izamiento del lábaro patrio en la Explanada Municipal de Ciudad Naucalpan. 🇲🇽 Desde el Gobierno de Ciudad Naucalpan se continúa trabajando para construir la paz desde las comunidades, atender las causas y fortalecer la coordinación entre los tres órdenes de gobierno, priorizando siempre el bienestar de todas y todos. #AquiGobiernaLaEsperanza #Naucalpan #DiaDeLaBandera",https://www.facebook.com/CiudadNaucalpan/posts/pfbid0GYYGDfRqb7BMjNdjxDtNrZpfvvGQEtddNicaC7XDHhYVxbdnSkF5Q1Pv2vx2esfWl,https://www.facebook.com/CiudadNaucalpan/posts/pfbid0GYYGDfRqb7BMjNdjxDtNrZpfvvGQEtddNicaC7XDHhYVxbdnSkF5Q1Pv2vx2esfWl,2026-02-24 19:31:55,2026-02-24,/home/emilio/Documentos/Naucalpan_Semanal_Reportes/Periodico/Enero_Mayo/2026-02-16_al_2026-02-28/Facebook/2026-02-16_al_2026-02-28_Facebook/2026-02-16_al_2026-02-28_Facebook_posts.csv
2026-02-16,2026-02-16_al_2026-02-28_Facebook,gobierno_naucalpan,Gobierno de Naucalpan,facebook,Facebook,post_facebook,ciudadnaucalpan,Ciudad Naucalpan / Gobierno Municipal 2025-2027.,,"Transformación en Ciudad Naucalpan. 🌳🚧 Con trabajos integrales de mejoramiento urbano intervenimos los Circuitos de Científicos, Arquitectos y Actores, en coordinación con las delegaciones Echegaray, Satélite y Lomas Verdes. Realizamos limpieza, deshierbe, clareo y balizamiento para mejorar la imagen urbana y fortalecer la seguridad vial. Seguimos recuperando y dignificando el espacio público para todas y todos. #AquiGobiernaLaEsperanza #Naucalpan #CiudadSatelite #ServiciosPúblicos","Transformación en Ciudad Naucalpan. 🌳🚧 Con trabajos integrales de mejoramiento urbano intervenimos los Circuitos de Científicos, Arquitectos y Actores, en coordinación con las delegaciones Echegaray, Satélite y Lomas Verdes. Realizamos limpieza, deshierbe, clareo y balizamiento para mejorar la imagen urbana y fortalecer la seguridad vial. Seguimos recuperando y dignificando el espacio público para todas y todos. #AquiGobiernaLaEsperanza #Naucalpan #CiudadSatelite #ServiciosPúblicos",https://www.facebook.com/reel/1356879146193798/,https://www.facebook.com/reel/1356879146193798/,2026-02-24 17:10:03,2026-02-24,/home/emilio/Documentos/Naucalpan_Semanal_Reportes/Periodico/Enero_Mayo/2026-02-16_al_2026-02-28/Facebook/2026-02-16_al_2026-02-28_Facebook/2026-02-16_al_2026-02-28_Facebook_posts.csv
2026-02-16,2026-02-16_al_2026-02-28_Facebook,gobierno_naucalpan,Gobierno de Naucalpan,facebook,Facebook,post_facebook,ciudadnaucalpan,Ciudad Naucalpan / Gobierno Municipal 2025-2027.,,"Transformación en Ciudad Satélite. 🌳✨🚛 Con el Operativo Circuitos Satélite realizamos limpieza integral, mantenimiento de áreas verdes y balizamiento en Circuito Cirujanos, Diplomáticos y Cronistas. Trabajamos en equipo para que nuestras calles estén más limpias, seguras y ordenadas. Seguimos recuperando y dignificando el espacio público para todas y todos. #AquiGobiernaLaEsperanza #Naucalpan #CiudadSatelite #ServiciosPublicos","Transformación en Ciudad Satélite. 🌳✨🚛 Con el Operativo Circuitos Satélite realizamos limpieza integral, mantenimiento de áreas verdes y balizamiento en Circuito Cirujanos, Diplomáticos y Cronistas. Trabajamos en equipo para que nuestras calles estén más limpias, seguras y ordenadas. Seguimos recuperando y dignificando el espacio público para todas y todos. #AquiGobiernaLaEsperanza #Naucalpan #CiudadSatelite #ServiciosPublicos",https://www.facebook.com/reel/894349150022817/,https://www.facebook.com/reel/894349150022817/,2026-02-24 14:10:08,2026-02-24,/home/emilio/Documentos/Naucalpan_Semanal_Reportes/Periodico/Enero_Mayo/2026-02-16_al_2026-02-28/Facebook/2026-02-16_al_2026-02-28_Facebook/2026-02-16_al_2026-02-28_Facebook_posts.csv
2026-02-16,2026-02-16_al_2026-02-28_Facebook,gobierno_naucalpan,Gobierno de Naucalpan,facebook,Facebook,post_facebook,ciudadnaucalpan,Ciudad Naucalpan / Gobierno Municipal 2025-2027.,,"Detención derivada de atención inmediata a reporte ciudadano🚨 Durante un recorrido de vigilancia sobre Avenida Transmisiones e Ingenieros Militares, una mujer solicitó apoyo policial. Al dialogar con ella, señaló que un hombre que se dirigía a una taquería le realizó tocamientos indebidos. En atención a su señalamiento, se procedió a verificar la situación. Al avanzar hacia la taquería, se hizo contacto con el hombre; la mujer lo identificó plenamente como la persona que realizó la conducta referida, por lo que se le informó el motivo de su detención. Finalmente, fue trasladado a la Fiscalía Regional de Naucalpan, donde, mediante confronta, dos víctimas más de agresión sexual lo identificaron como su agresor, por lo que quedó a disposición de la autoridad competente, quien determinará su situación jurídica. Con esta acción se saca de las calles a un agresor sexual que se había convertido en objetivo prioritario. Seguimos trabajando por la seguridad de las y los naucalpenses. #AquiGobiernaLaEsperanza #Naucalpan #Seguridad #SSEdoMex #GuardiaMunicipal","Detención derivada de atención inmediata a reporte ciudadano🚨 Durante un recorrido de vigilancia sobre Avenida Transmisiones e Ingenieros Militares, una mujer solicitó apoyo policial. Al dialogar con ella, señaló que un hombre que se dirigía a una taquería le realizó tocamientos indebidos. En atención a su señalamiento, se procedió a verificar la situación. Al avanzar hacia la taquería, se hizo contacto con el hombre; la mujer lo identificó plenamente como la persona que realizó la conducta referida, por lo que se le informó el motivo de su detención. Finalmente, fue trasladado a la Fiscalía Regional de Naucalpan, donde, mediante confronta, dos víctimas más de agresión sexual lo identificaron como su agresor, por lo que quedó a disposición de la autoridad competente, quien determinará su situación jurídica. Con esta acción se saca de las calles a un agresor sexual que se había convertido en objetivo prioritario. Seguimos trabajando por la seguridad de las y los naucalpenses. #AquiGobiernaLaEsperanza #Naucalpan #Seguridad #SSEdoMex #GuardiaMunicipal",https://www.facebook.com/reel/1590922492237343/,https://www.facebook.com/reel/1590922492237343/,2026-02-24 13:16:13,2026-02-24,/home/emilio/Documentos/Naucalpan_Semanal_Reportes/Periodico/Enero_Mayo/2026-02-16_al_2026-02-28/Facebook/2026-02-16_al_2026-02-28_Facebook/2026-02-16_al_2026-02-28_Facebook_posts.csv
2026-02-16,2026-02-16_al_2026-02-28_Facebook,gobierno_naucalpan,Gobierno de Naucalpan,facebook,Facebook,post_facebook,ciudadnaucalpan,Ciudad Naucalpan / Gobierno Municipal 2025-2027.,,En Ciudad Naucalpan se promueve un desarrollo urbano ordenado. #AquiGobiernaLaEsperanza #Naucalpan,En Ciudad Naucalpan se promueve un desarrollo urbano ordenado. #AquiGobiernaLaEsperanza #Naucalpan,https://www.facebook.com/reel/2146533469535942/,https://www.facebook.com/reel/2146533469535942/,2026-02-24 13:08:30,2026-02-24,/home/emilio/Documentos/Naucalpan_Semanal_Reportes/Periodico/Enero_Mayo/2026-02-16_al_2026-02-28/Facebook/2026-02-16_al_2026-02-28_Facebook/2026-02-16_al_2026-02-28_Facebook_posts.csv
2026-02-16,2026-02-16_al_2026-02-28_Facebook,gobierno_naucalpan,Gobierno de Naucalpan,facebook,Facebook,post_facebook,ciudadnaucalpan,Ciudad Naucalpan / Gobierno Municipal 2025-2027.,,"Pago Predial Naucalpan 2026🏠 Paga en Tesorería, receptorías, bancos o en línea. 💻 Pago en línea: 👉 https://f.mtr.cool/fybqjefxcq Cumplir fortalece tu colonia y tu municipio. #AquiGobiernaLaEsperanza #Naucalpan #Predial2026 #TesoreriaMunicipal","Pago Predial Naucalpan 2026🏠 Paga en Tesorería, receptorías, bancos o en línea. 💻 Pago en línea: 👉 https://f.mtr.cool/fybqjefxcq Cumplir fortalece tu colonia y tu municipio. #AquiGobiernaLaEsperanza #Naucalpan #Predial2026 #TesoreriaMunicipal",https://www.facebook.com/CiudadNaucalpan/posts/pfbid02UW8cwarLEKTobc7wUafKAHbwHqeCSYdAL59mHMdsNPPGX9S7BFEHpJTqeqkWpGhVl,https://www.facebook.com/CiudadNaucalpan/posts/pfbid02UW8cwarLEKTobc7wUafKAHbwHqeCSYdAL59mHMdsNPPGX9S7BFEHpJTqeqkWpGhVl,2026-02-24 13:03:51,2026-02-24,/home/emilio/Documentos/Naucalpan_Semanal_Reportes/Periodico/Enero_Mayo/2026-02-16_al_2026-02-28/Facebook/2026-02-16_al_2026-02-28_Facebook/2026-02-16_al_2026-02-28_Facebook_posts.csv
2026-02-16,2026-02-16_al_2026-02-28_Facebook,gobierno_naucalpan,Gobierno de Naucalpan,facebook,Facebook,post_facebook,ciudadnaucalpan,Ciudad Naucalpan / Gobierno Municipal 2025-2027.,,"El Gobierno de Ciudad Naucalpan, a través del IMCUFIDEN, invita a niñas, niños y jóvenes a formar parte del Torneo Infantil 2026.🏈✨ 📣👉Durante febrero, obtén 50% de descuento al inscribir a tu equipo. #AquiGobiernaLaEsperanza #Naucalpan #IMCUFIDEN","El Gobierno de Ciudad Naucalpan, a través del IMCUFIDEN, invita a niñas, niños y jóvenes a formar parte del Torneo Infantil 2026.🏈✨ 📣👉Durante febrero, obtén 50% de descuento al inscribir a tu equipo. #AquiGobiernaLaEsperanza #Naucalpan #IMCUFIDEN",https://www.facebook.com/CiudadNaucalpan/posts/pfbid02Y1hYVMgEiJ3V95or4ef8GMZ9St9hRiW35unzPQbXGfschAUQNzK8SXf9w3ZDrWn1l,https://www.facebook.com/CiudadNaucalpan/posts/pfbid02Y1hYVMgEiJ3V95or4ef8GMZ9St9hRiW35unzPQbXGfschAUQNzK8SXf9w3ZDrWn1l,2026-02-24 13:02:00,2026-02-24,/home/emilio/Documentos/Naucalpan_Semanal_Reportes/Periodico/Enero_Mayo/2026-02-16_al_2026-02-28/Facebook/2026-02-16_al_2026-02-28_Facebook/2026-02-16_al_2026-02-28_Facebook_posts.csv
2026-02-16,2026-02-16_al_2026-02-28_Facebook,gobierno_naucalpan,Gobierno de Naucalpan,facebook,Facebook,post_facebook,ciudadnaucalpan,Ciudad Naucalpan / Gobierno Municipal 2025-2027.,,"Desde el Gobierno de Ciudad Naucalpan te invitamos a aprovechar los descuentos vigentes en el pago del Predial y Agua 2026. 💳🏡 Contribuir a tiempo fortalece los servicios públicos y permite seguir invirtiendo en obras y bienestar para nuestras comunidades. 📍 Consulta en la imagen los descuentos, sedes de pago, horarios y la opción de pago en línea. 💻 Pago en línea: 👉 https://f.mtr.cool/ojcbbsjqeu Seguimos trabajando con responsabilidad, transparencia y cercanía para todas y todos. #AquiGobiernaLaEsperanza #Naucalpan #Predial2026 #TesoreriaMunicipal","Desde el Gobierno de Ciudad Naucalpan te invitamos a aprovechar los descuentos vigentes en el pago del Predial y Agua 2026. 💳🏡 Contribuir a tiempo fortalece los servicios públicos y permite seguir invirtiendo en obras y bienestar para nuestras comunidades. 📍 Consulta en la imagen los descuentos, sedes de pago, horarios y la opción de pago en línea. 💻 Pago en línea: 👉 https://f.mtr.cool/ojcbbsjqeu Seguimos trabajando con responsabilidad, transparencia y cercanía para todas y todos. #AquiGobiernaLaEsperanza #Naucalpan #Predial2026 #TesoreriaMunicipal",https://www.facebook.com/CiudadNaucalpan/posts/pfbid0Tz6n95CUMxC8cVJvVt8Z2fNxXW9mYwKa6HZRdCFEjd8mt6WqTS3mG3natrkQCY25l,https://www.facebook.com/CiudadNaucalpan/posts/pfbid0Tz6n95CUMxC8cVJvVt8Z2fNxXW9mYwKa6HZRdCFEjd8mt6WqTS3mG3natrkQCY25l,2026-02-24 11:04:11,2026-02-24,/home/emilio/Documentos/Naucalpan_Semanal_Reportes/Periodico/Enero_Mayo/2026-02-16_al_2026-02-28/Facebook/2026-02-16_al_2026-02-28_Facebook/2026-02-16_al_2026-02-28_Facebook_posts.csv
2026-02-16,2026-02-16_al_2026-02-28_Facebook,gobierno_naucalpan,Gobierno de Naucalpan,facebook,Facebook,post_facebook,ciudadnaucalpan,Ciudad Naucalpan / Gobierno Municipal 2025-2027.,,"Unidades Móviles EDOMÉX en Ciudad Naucalpan🚐📄 Realiza tus trámites del Registro Civil cerca de tu hogar. 📅 Del 25 de febrero al 11 de marzo. 🕘 9:00 a 15:00 horas. Consulta fechas, sedes y servicios disponibles directamente en las imágenes. #AquiGobiernaLaEsperanza #Naucalpan #UnidadesMoviles #RegistroCivil","Unidades Móviles EDOMÉX en Ciudad Naucalpan🚐📄 Realiza tus trámites del Registro Civil cerca de tu hogar. 📅 Del 25 de febrero al 11 de marzo. 🕘 9:00 a 15:00 horas. Consulta fechas, sedes y servicios disponibles directamente en las imágenes. #AquiGobiernaLaEsperanza #Naucalpan #UnidadesMoviles #RegistroCivil",https://www.facebook.com/CiudadNaucalpan/posts/pfbid034w9YuZwAQ4xPSJGEf6zgV3Y1JE6d73yXtY2jCi3LMkUwqGjRyhdPJt2Y5oSsiiuGl,https://www.facebook.com/CiudadNaucalpan/posts/pfbid034w9YuZwAQ4xPSJGEf6zgV3Y1JE6d73yXtY2jCi3LMkUwqGjRyhdPJt2Y5oSsiiuGl,2026-02-24 11:02:11,2026-02-24,/home/emilio/Documentos/Naucalpan_Semanal_Reportes/Periodico/Enero_Mayo/2026-02-16_al_2026-02-28/Facebook/2026-02-16_al_2026-02-28_Facebook/2026-02-16_al_2026-02-28_Facebook_posts.csv
2026-02-16,2026-02-16_al_2026-02-28_Facebook,gobierno_naucalpan,Gobierno de Naucalpan,facebook,Facebook,post_facebook,ciudadnaucalpan,Ciudad Naucalpan / Gobierno Municipal 2025-2027.,,"Guía Ciudadana para el Pago del Impuesto Predial 2026🧾🏠 En el Gobierno de Ciudad Naucalpan trabajamos para que cada trámite sea más claro, sencillo y accesible para todas y todos. 👉Consulta en las imágenes la guía completa con los requisitos, opciones de pago y descuentos vigentes, y realiza tu contribución de forma fácil y sin contratiempos. Tu predial se transforma en obras, servicios y mejores espacios para nuestra comunidad. #AquiGobiernaLaEsperanza #Naucalpan #Predial2026 #TesoreriaMunicipal","Guía Ciudadana para el Pago del Impuesto Predial 2026🧾🏠 En el Gobierno de Ciudad Naucalpan trabajamos para que cada trámite sea más claro, sencillo y accesible para todas y todos. 👉Consulta en las imágenes la guía completa con los requisitos, opciones de pago y descuentos vigentes, y realiza tu contribución de forma fácil y sin contratiempos. Tu predial se transforma en obras, servicios y mejores espacios para nuestra comunidad. #AquiGobiernaLaEsperanza #Naucalpan #Predial2026 #TesoreriaMunicipal",https://www.facebook.com/CiudadNaucalpan/posts/pfbid0tAgjVwG1QpC119QhRhw2F7bpXGtvMhmxFBVz4ab2xM5LRZdqbEBedHU3uTD563v9l,https://www.facebook.com/CiudadNaucalpan/posts/pfbid0tAgjVwG1QpC119QhRhw2F7bpXGtvMhmxFBVz4ab2xM5LRZdqbEBedHU3uTD563v9l,2026-02-24 09:41:39,2026-02-24,/home/emilio/Documentos/Naucalpan_Semanal_Reportes/Periodico/Enero_Mayo/2026-02-16_al_2026-02-28/Facebook/2026-02-16_al_2026-02-28_Facebook/2026-02-16_al_2026-02-28_Facebook_posts.csv
2026-02-16,2026-02-16_al_2026-02-28_Facebook,gobierno_naucalpan,Gobierno de Naucalpan,facebook,Facebook,post_facebook,ciudadnaucalpan,Ciudad Naucalpan / Gobierno Municipal 2025-2027.,,"¡Duelo de Titanes en Ciudad Naucalpan!⚽ El Gobierno de Ciudad Naucalpan, a través del IMCUFIDEN, invita al cuadrangular rumbo al Mundial Social Naucalpan, donde equipos semi profesionales demostrarán su talento y pasión por el fútbol. 📅 Viernes 27 de febrero de 2026 🕕 18:00 horas 📍 Cancha del Deportivo La Curva Av. Minas Palacio, San Rafael Chamapa, Primera Sección. Seguimos impulsando el deporte como herramienta de unidad, identidad y reconstrucción del tejido social en nuestras comunidades. ¡Te esperamos para vivir una gran jornada deportiva en familia! #AquiGobiernaLaEsperanza #Naucalpan #IMCUFIDEN #HuellasDelMundial #Deporte","¡Duelo de Titanes en Ciudad Naucalpan!⚽ El Gobierno de Ciudad Naucalpan, a través del IMCUFIDEN, invita al cuadrangular rumbo al Mundial Social Naucalpan, donde equipos semi profesionales demostrarán su talento y pasión por el fútbol. 📅 Viernes 27 de febrero de 2026 🕕 18:00 horas 📍 Cancha del Deportivo La Curva Av. Minas Palacio, San Rafael Chamapa, Primera Sección. Seguimos impulsando el deporte como herramienta de unidad, identidad y reconstrucción del tejido social en nuestras comunidades. ¡Te esperamos para vivir una gran jornada deportiva en familia! #AquiGobiernaLaEsperanza #Naucalpan #IMCUFIDEN #HuellasDelMundial #Deporte",https://www.facebook.com/CiudadNaucalpan/posts/pfbid02LjXmVNpDmyB7WAgaW5n3518p3m5fmH9d1YPNuiz2211TFZ9HSPcY2PgN89KF2vvpl,https://www.facebook.com/CiudadNaucalpan/posts/pfbid02LjXmVNpDmyB7WAgaW5n3518p3m5fmH9d1YPNuiz2211TFZ9HSPcY2PgN89KF2vvpl,2026-02-24 09:10:40,2026-02-24,/home/emilio/Documentos/Naucalpan_Semanal_Reportes/Periodico/Enero_Mayo/2026-02-16_al_2026-02-28/Facebook/2026-02-16_al_2026-02-28_Facebook/2026-02-16_al_2026-02-28_Facebook_posts.csv
2026-02-16,2026-02-16_al_2026-02-28_Facebook,gobierno_naucalpan,Gobierno de Naucalpan,facebook,Facebook,post_facebook,ciudadnaucalpan,Ciudad Naucalpan / Gobierno Municipal 2025-2027.,,"Cada 24 de febrero celebramos el Día de la Bandera, símbolo de unidad, identidad y orgullo nacional. 🇲🇽 Nuestros colores representan la historia, la esperanza y el compromiso de quienes han construido México. En Ciudad Naucalpan honramos nuestros símbolos patrios como expresión de identidad y pertenencia nacional. #AquiGobiernaLaEsperanza #Naucalpan #DiaDeLaBandera #Mexico","Cada 24 de febrero celebramos el Día de la Bandera, símbolo de unidad, identidad y orgullo nacional. 🇲🇽 Nuestros colores representan la historia, la esperanza y el compromiso de quienes han construido México. En Ciudad Naucalpan honramos nuestros símbolos patrios como expresión de identidad y pertenencia nacional. #AquiGobiernaLaEsperanza #Naucalpan #DiaDeLaBandera #Mexico",https://www.facebook.com/CiudadNaucalpan/posts/pfbid0V2Vaq9ZqkXFTZX2cVXxuRTbs9mvFwbnjoa8tmLavSZWrhdnKgUyUU6qLEJU6GyHil,https://www.facebook.com/CiudadNaucalpan/posts/pfbid0V2Vaq9ZqkXFTZX2cVXxuRTbs9mvFwbnjoa8tmLavSZWrhdnKgUyUU6qLEJU6GyHil,2026-02-24 09:03:43,2026-02-24,/home/emilio/Documentos/Naucalpan_Semanal_Reportes/Periodico/Enero_Mayo/2026-02-16_al_2026-02-28/Facebook/2026-02-16_al_2026-02-28_Facebook/2026-02-16_al_2026-02-28_Facebook_posts.csv
2026-02-16,2026-02-16_al_2026-02-28_Facebook,gobierno_naucalpan,Gobierno de Naucalpan,facebook,Facebook,post_facebook,ciudadnaucalpan,Ciudad Naucalpan / Gobierno Municipal 2025-2027.,,"¿Sabías que? ⚽🌍 El balón Crack, utilizado en Chile 1962, marcó una etapa importante en la historia de los mundiales de fútbol. #AquiGobiernaLaEsperanza #HuellasDelMundial #Naucalpan","¿Sabías que? ⚽🌍 El balón Crack, utilizado en Chile 1962, marcó una etapa importante en la historia de los mundiales de fútbol. #AquiGobiernaLaEsperanza #HuellasDelMundial #Naucalpan",https://www.facebook.com/CiudadNaucalpan/posts/pfbid0nGkNW9YYr3rcJZW5V9g41jU2t7cM8siPfAzeh1iBtynNu3muFhQueTxcNKrxWvdUl,https://www.facebook.com/CiudadNaucalpan/posts/pfbid0nGkNW9YYr3rcJZW5V9g41jU2t7cM8siPfAzeh1iBtynNu3muFhQueTxcNKrxWvdUl,2026-02-24 08:31:12,2026-02-24,/home/emilio/Documentos/Naucalpan_Semanal_Reportes/Periodico/Enero_Mayo/2026-02-16_al_2026-02-28/Facebook/2026-02-16_al_2026-02-28_Facebook/2026-02-16_al_2026-02-28_Facebook_posts.csv
2026-02-16,2026-02-16_al_2026-02-28_Facebook,gobierno_naucalpan,Gobierno de Naucalpan,facebook,Facebook,post_facebook,guardiamunicipalciudadnaucalpan,Guardia Municipal Ciudad Naucalpan,,"El Gobierno de Naucalpan de Juárez, encabezado por el Presidente Municipal Isaac Montoya Márquez, y la Guardia Municipal, expresan sus más profundas condolencias por el sensible fallecimiento del Policía Mujica Muñoz Eulalio Sergio. Durante 26 años se desempeñó con entrega, compromiso y profesionalismo como armero de la Guardia Municipal, contribuyendo de manera fundamental al fortalecimiento de la seguridad en nuestro municipio. Su vocación de servicio y dedicación dejan una huella en esta institución y en la comunidad naucalpense. Desde el Gobierno de Naucalpan compartimos el dolor de su familia, amistades y compañeros, y reiteramos nuestro acompañamiento en estos momentos difíciles, con el orgullo de haber contado con un servidor público ejemplar. Descanse en paz. 🕊️ #AquíGobiernaLaEsperanza #Naucalpan #GuardiaMunicipal","El Gobierno de Naucalpan de Juárez, encabezado por el Presidente Municipal Isaac Montoya Márquez, y la Guardia Municipal, expresan sus más profundas condolencias por el sensible fallecimiento del Policía Mujica Muñoz Eulalio Sergio. Durante 26 años se desempeñó con entrega, compromiso y profesionalismo como armero de la Guardia Municipal, contribuyendo de manera fundamental al fortalecimiento de la seguridad en nuestro municipio. Su vocación de servicio y dedicación dejan una huella en esta institución y en la comunidad naucalpense. Desde el Gobierno de Naucalpan compartimos el dolor de su familia, amistades y compañeros, y reiteramos nuestro acompañamiento en estos momentos difíciles, con el orgullo de haber contado con un servidor público ejemplar. Descanse en paz. 🕊️ #AquíGobiernaLaEsperanza #Naucalpan #GuardiaMunicipal",https://www.facebook.com/GuardiaMunicipalCiudadNaucalpan/posts/pfbid02HBtVfkebf1tF5ddDLLPzGcLBA5GN5RLbEvbY1fdTsQKovLeC2RRdYcgJtCeH5Rgxl,https://www.facebook.com/GuardiaMunicipalCiudadNaucalpan/posts/pfbid02HBtVfkebf1tF5ddDLLPzGcLBA5GN5RLbEvbY1fdTsQKovLeC2RRdYcgJtCeH5Rgxl,2026-02-24 15:49:22,2026-02-24,/home/emilio/Documentos/Naucalpan_Semanal_Reportes/Periodico/Enero_Mayo/2026-02-16_al_2026-02-28/Facebook/2026-02-16_al_2026-02-28_Facebook/2026-02-16_al_2026-02-28_Facebook_posts.csv
2026-02-16,2026-02-16_al_2026-02-28_Facebook,gobierno_naucalpan,Gobierno de Naucalpan,facebook,Facebook,post_facebook,guardiamunicipalciudadnaucalpan,Guardia Municipal Ciudad Naucalpan,,24 de febrero | Día de la Bandera 🇲🇽 #AquiGobiernaLaEsperanza #GuardiaMunicipal #Naucalpan,24 de febrero | Día de la Bandera 🇲🇽 #AquiGobiernaLaEsperanza #GuardiaMunicipal #Naucalpan,https://www.facebook.com/GuardiaMunicipalCiudadNaucalpan/posts/pfbid0yqQcJjNXxo3ADfGb7sD3cZndSA8cu21pdbNj4ZxEdwXUUFvF6H92TVJm4hnWAsUrl,https://www.facebook.com/GuardiaMunicipalCiudadNaucalpan/posts/pfbid0yqQcJjNXxo3ADfGb7sD3cZndSA8cu21pdbNj4ZxEdwXUUFvF6H92TVJm4hnWAsUrl,2026-02-24 14:33:33,2026-02-24,/home/emilio/Documentos/Naucalpan_Semanal_Reportes/Periodico/Enero_Mayo/2026-02-16_al_2026-02-28/Facebook/2026-02-16_al_2026-02-28_Facebook/2026-02-16_al_2026-02-28_Facebook_posts.csv
2026-02-16,2026-02-16_al_2026-02-28_Facebook,gobierno_naucalpan,Gobierno de Naucalpan,facebook,Facebook,post_facebook,guardiamunicipalciudadnaucalpan,Guardia Municipal Ciudad Naucalpan,,Comunicado informativo. 📌 #AquiGobiernaLaEsperanza #GuardiaMunicipal #Naucalpan,Comunicado informativo. 📌 #AquiGobiernaLaEsperanza #GuardiaMunicipal #Naucalpan,https://www.facebook.com/GuardiaMunicipalCiudadNaucalpan/posts/pfbid0XPYzFVkzrU2Xq4iUdZhPQKDpTkEdUTiNy41LYqfWGU6c4uDCXnZUoxtWDTc4fuDgl,https://www.facebook.com/GuardiaMunicipalCiudadNaucalpan/posts/pfbid0XPYzFVkzrU2Xq4iUdZhPQKDpTkEdUTiNy41LYqfWGU6c4uDCXnZUoxtWDTc4fuDgl,2026-02-24 14:27:28,2026-02-24,/home/emilio/Documentos/Naucalpan_Semanal_Reportes/Periodico/Enero_Mayo/2026-02-16_al_2026-02-28/Facebook/2026-02-16_al_2026-02-28_Facebook/2026-02-16_al_2026-02-28_Facebook_posts.csv
2026-02-16,2026-02-16_al_2026-02-28_Facebook,gobierno_naucalpan,Gobierno de Naucalpan,facebook,Facebook,post_facebook,guardiamunicipalciudadnaucalpan,Guardia Municipal Ciudad Naucalpan,,"Detención derivada de atención inmediata a reporte ciudadano🚨 Durante un recorrido de vigilancia sobre Avenida Transmisiones e Ingenieros Militares, una mujer solicitó apoyo policial. Al dialogar con ella, señaló que un hombre que se dirigía a una taquería le realizó tocamientos indebidos. En atención a su señalamiento, se procedió a verificar la situación. Al avanzar hacia la taquería, se hizo contacto con el hombre; la mujer lo identificó plenamente como la persona que realizó la conducta referida, por lo que se le informó el motivo de su detención. Finalmente, fue trasladado a la Fiscalía Regional de Naucalpan, donde, mediante confronta, dos víctimas más de agresión sexual lo identificaron como su agresor, por lo que quedó a disposición de la autoridad competente, quien determinará su situación jurídica. Con esta acción se saca de las calles a un agresor sexual que se había convertido en objetivo prioritario. Seguimos trabajando por la seguridad de las y los naucalpenses. #AquiGobiernaLaEsperanza #Naucalpan #Seguridad #SSEdoMex #GuardiaMunicipal #Edomex #mexico","Detención derivada de atención inmediata a reporte ciudadano🚨 Durante un recorrido de vigilancia sobre Avenida Transmisiones e Ingenieros Militares, una mujer solicitó apoyo policial. Al dialogar con ella, señaló que un hombre que se dirigía a una taquería le realizó tocamientos indebidos. En atención a su señalamiento, se procedió a verificar la situación. Al avanzar hacia la taquería, se hizo contacto con el hombre; la mujer lo identificó plenamente como la persona que realizó la conducta referida, por lo que se le informó el motivo de su detención. Finalmente, fue trasladado a la Fiscalía Regional de Naucalpan, donde, mediante confronta, dos víctimas más de agresión sexual lo identificaron como su agresor, por lo que quedó a disposición de la autoridad competente, quien determinará su situación jurídica. Con esta acción se saca de las calles a un agresor sexual que se había convertido en objetivo prioritario. Seguimos trabajando por la seguridad de las y los naucalpenses. #AquiGobiernaLaEsperanza #Naucalpan #Seguridad #SSEdoMex #GuardiaMunicipal #Edomex #mexico",https://www.facebook.com/reel/4244944985821472/,https://www.facebook.com/reel/4244944985821472/,2026-02-24 12:11:30,2026-02-24,/home/emilio/Documentos/Naucalpan_Semanal_Reportes/Periodico/Enero_Mayo/2026-02-16_al_2026-02-28/Facebook/2026-02-16_al_2026-02-28_Facebook/2026-02-16_al_2026-02-28_Facebook_posts.csv
2026-02-16,2026-02-16_al_2026-02-28_Facebook,gobierno_naucalpan,Gobierno de Naucalpan,facebook,Facebook,post_facebook,guardiamunicipalciudadnaucalpan,Guardia Municipal Ciudad Naucalpan,,"Detenido por presunto abuso sexual en Ciudad Satélite 🚨 Derivado de una solicitud de apoyo vía telefónica, elementos de la Guardia Municipal acudieron de inmediato al lugar, donde el personal de seguridad informó sobre la presencia de un masculino en los baños públicos para mujeres. Tras el señalamiento de una persona afectada, se procedió conforme a protocolo con la detención del individuo, a fin de salvaguardar la integridad de las personas presentes y evitar mayores incidentes. El asegurado fue puesto a disposición de la Fiscalía Regional de Naucalpan, autoridad competente que determinará su situación jurídica conforme a derecho. Refrendamos nuestro compromiso de actuar con responsabilidad, profesionalismo y estricto apego al debido proceso, garantizando la protección de las y los naucalpenses. #AquiGobiernaLaEsperanza #Naucalpan #GuardiaMunicipal","Detenido por presunto abuso sexual en Ciudad Satélite 🚨 Derivado de una solicitud de apoyo vía telefónica, elementos de la Guardia Municipal acudieron de inmediato al lugar, donde el personal de seguridad informó sobre la presencia de un masculino en los baños públicos para mujeres. Tras el señalamiento de una persona afectada, se procedió conforme a protocolo con la detención del individuo, a fin de salvaguardar la integridad de las personas presentes y evitar mayores incidentes. El asegurado fue puesto a disposición de la Fiscalía Regional de Naucalpan, autoridad competente que determinará su situación jurídica conforme a derecho. Refrendamos nuestro compromiso de actuar con responsabilidad, profesionalismo y estricto apego al debido proceso, garantizando la protección de las y los naucalpenses. #AquiGobiernaLaEsperanza #Naucalpan #GuardiaMunicipal",https://www.facebook.com/GuardiaMunicipalCiudadNaucalpan/posts/pfbid0J9azNLTpZKeascsuN9L2FxSwEgZHKTtwNbsHzeMrVxKKuH1QQnqdDvTHzTwcHX23l,https://www.facebook.com/GuardiaMunicipalCiudadNaucalpan/posts/pfbid0J9azNLTpZKeascsuN9L2FxSwEgZHKTtwNbsHzeMrVxKKuH1QQnqdDvTHzTwcHX23l,2026-02-24 10:04:38,2026-02-24,/home/emilio/Documentos/Naucalpan_Semanal_Reportes/Periodico/Enero_Mayo/2026-02-16_al_2026-02-28/Facebook/2026-02-16_al_2026-02-28_Facebook/2026-02-16_al_2026-02-28_Facebook_posts.csv
2026-02-16,2026-02-16_al_2026-02-28_Facebook,gobierno_naucalpan,Gobierno de Naucalpan,facebook,Facebook,post_facebook,guardiamunicipalciudadnaucalpan,Guardia Municipal Ciudad Naucalpan,,"Servicio de acompañamiento a cajeros👮‍♂️💳 Trabajamos para proteger tu patrimonio. Por ello, ponemos a disposición de la ciudadanía el servicio de acompañamiento preventivo para retiros en cajeros. 👉Este servicio es gratuito y tiene como objetivo brindar mayor seguridad al momento de realizar movimientos de efectivo o concretar una transacción, reduciendo riesgos y fortaleciendo la prevención del delito. 📱Solicítalo con anticipación a través del C4 y realiza tus operaciones con mayor tranquilidad. En la Guardia Municipal actuamos con responsabilidad, proximidad y compromiso con la seguridad de las y los naucalpenses. #GuardiaMunicipal #Naucalpan #Seguridad #Prevención","Servicio de acompañamiento a cajeros👮‍♂️💳 Trabajamos para proteger tu patrimonio. Por ello, ponemos a disposición de la ciudadanía el servicio de acompañamiento preventivo para retiros en cajeros. 👉Este servicio es gratuito y tiene como objetivo brindar mayor seguridad al momento de realizar movimientos de efectivo o concretar una transacción, reduciendo riesgos y fortaleciendo la prevención del delito. 📱Solicítalo con anticipación a través del C4 y realiza tus operaciones con mayor tranquilidad. En la Guardia Municipal actuamos con responsabilidad, proximidad y compromiso con la seguridad de las y los naucalpenses. #GuardiaMunicipal #Naucalpan #Seguridad #Prevención",https://www.facebook.com/reel/1411970390371336/,https://www.facebook.com/reel/1411970390371336/,2026-02-24 09:04:39,2026-02-24,/home/emilio/Documentos/Naucalpan_Semanal_Reportes/Periodico/Enero_Mayo/2026-02-16_al_2026-02-28/Facebook/2026-02-16_al_2026-02-28_Facebook/2026-02-16_al_2026-02-28_Facebook_posts.csv
2026-02-16,2026-02-16_al_2026-02-28_Twitter,gobierno_naucalpan,Gobierno de Naucalpan,twitter,Twitter/X,tweet,@GobNau,@GobNau,,"Unidades Móviles EDOMÉX en Ciudad Naucalpan Del 25 de febrero al 11 de marzo. 9:00 a 15:00 horas. Consulta fechas, sedes y servicios disponibles directamente en las imágenes. #AquiGobiernaLaEsperanza #Naucalpan #UnidadesMoviles #RegistroCivil","Unidades Móviles EDOMÉX en Ciudad Naucalpan Del 25 de febrero al 11 de marzo. 9:00 a 15:00 horas. Consulta fechas, sedes y servicios disponibles directamente en las imágenes. #AquiGobiernaLaEsperanza #Naucalpan #UnidadesMoviles #RegistroCivil",https://x.com/GobNau/status/2026375054540325218,https://x.com/GobNau/status/2026375054540325218,2026-02-24 19:13:55+00:00,2026-02-24,/home/emilio/Documentos/Naucalpan_Semanal_Reportes/Periodico/Enero_Mayo/2026-02-16_al_2026-02-28/Twitter/2026-02-16_al_2026-02-28_Twitter/2026-02-16_al_2026-02-28_Twitter_post_institucionales.csv
2026-02-16,2026-02-16_al_2026-02-28_Twitter,gobierno_naucalpan,Gobierno de Naucalpan,twitter,Twitter/X,tweet,@GobNau,@GobNau,,En Ciudad Naucalpan se promueve un desarrollo urbano ordenado. #AquiGobiernaLaEsperanza #Naucalpan,En Ciudad Naucalpan se promueve un desarrollo urbano ordenado. #AquiGobiernaLaEsperanza #Naucalpan,https://x.com/GobNau/status/2026374062562226601,https://x.com/GobNau/status/2026374062562226601,2026-02-24 19:09:59+00:00,2026-02-24,/home/emilio/Documentos/Naucalpan_Semanal_Reportes/Periodico/Enero_Mayo/2026-02-16_al_2026-02-28/Twitter/2026-02-16_al_2026-02-28_Twitter/2026-02-16_al_2026-02-28_Twitter_post_institucionales.csv
2026-02-16,2026-02-16_al_2026-02-28_Twitter,gobierno_naucalpan,Gobierno de Naucalpan,twitter,Twitter/X,tweet,@GobNau,@GobNau,,"Pago Predial Naucalpan 2026 Paga en Tesorería, receptorías, bancos o en línea. Pago en línea: https://f.mtr.cool/fybqjefxcq Cumplir fortalece tu colonia y tu municipio. #AquiGobiernaLaEsperanza #Naucalpan #Predial2026 #TesoreriaMunicipal","Pago Predial Naucalpan 2026 Paga en Tesorería, receptorías, bancos o en línea. Pago en línea: https://f.mtr.cool/fybqjefxcq Cumplir fortalece tu colonia y tu municipio. #AquiGobiernaLaEsperanza #Naucalpan #Predial2026 #TesoreriaMunicipal",https://x.com/GobNau/status/2026372497898123403,https://x.com/GobNau/status/2026372497898123403,2026-02-24 19:03:46+00:00,2026-02-24,/home/emilio/Documentos/Naucalpan_Semanal_Reportes/Periodico/Enero_Mayo/2026-02-16_al_2026-02-28/Twitter/2026-02-16_al_2026-02-28_Twitter/2026-02-16_al_2026-02-28_Twitter_post_institucionales.csv
2026-02-16,2026-02-16_al_2026-02-28_Twitter,gobierno_naucalpan,Gobierno de Naucalpan,twitter,Twitter/X,tweet,@GobNau,@GobNau,,"El Gobierno de Ciudad Naucalpan, a través del IMCUFIDEN, invita a niñas, niños y jóvenes a formar parte del Torneo Infantil 2026. Durante febrero, obtén 50% de descuento al inscribir a tu equipo. #AquiGobiernaLaEsperanza #Naucalpan #IMCUFIDEN","El Gobierno de Ciudad Naucalpan, a través del IMCUFIDEN, invita a niñas, niños y jóvenes a formar parte del Torneo Infantil 2026. Durante febrero, obtén 50% de descuento al inscribir a tu equipo. #AquiGobiernaLaEsperanza #Naucalpan #IMCUFIDEN",https://x.com/GobNau/status/2026372045588648330,https://x.com/GobNau/status/2026372045588648330,2026-02-24 19:01:58+00:00,2026-02-24,/home/emilio/Documentos/Naucalpan_Semanal_Reportes/Periodico/Enero_Mayo/2026-02-16_al_2026-02-28/Twitter/2026-02-16_al_2026-02-28_Twitter/2026-02-16_al_2026-02-28_Twitter_post_institucionales.csv
2026-02-16,2026-02-16_al_2026-02-28_Twitter,gobierno_naucalpan,Gobierno de Naucalpan,twitter,Twitter/X,tweet,@GobNau,@GobNau,,Detención derivada de atención inmediata a reporte ciudadano #AquiGobiernaLaEsperanza #Naucalpan #Seguridad #SSEdoMex #GuardiaMunicipal,Detención derivada de atención inmediata a reporte ciudadano #AquiGobiernaLaEsperanza #Naucalpan #Seguridad #SSEdoMex #GuardiaMunicipal,https://x.com/GobNau/status/2026357472219349009,https://x.com/GobNau/status/2026357472219349009,2026-02-24 18:04:03+00:00,2026-02-24,/home/emilio/Documentos/Naucalpan_Semanal_Reportes/Periodico/Enero_Mayo/2026-02-16_al_2026-02-28/Twitter/2026-02-16_al_2026-02-28_Twitter/2026-02-16_al_2026-02-28_Twitter_post_institucionales.csv
2026-02-16,2026-02-16_al_2026-02-28_Twitter,gobierno_naucalpan,Gobierno de Naucalpan,twitter,Twitter/X,tweet,@GobNau,@GobNau,,Desde el Gobierno de Ciudad Naucalpan te invitamos a aprovechar los descuentos vigentes en el pago del Predial y Agua 2026. #AquiGobiernaLaEsperanza #Naucalpan #Predial2026 #TesoreriaMunicipal,Desde el Gobierno de Ciudad Naucalpan te invitamos a aprovechar los descuentos vigentes en el pago del Predial y Agua 2026. #AquiGobiernaLaEsperanza #Naucalpan #Predial2026 #TesoreriaMunicipal,https://x.com/GobNau/status/2026342302260531257,https://x.com/GobNau/status/2026342302260531257,2026-02-24 17:03:47+00:00,2026-02-24,/home/emilio/Documentos/Naucalpan_Semanal_Reportes/Periodico/Enero_Mayo/2026-02-16_al_2026-02-28/Twitter/2026-02-16_al_2026-02-28_Twitter/2026-02-16_al_2026-02-28_Twitter_post_institucionales.csv
2026-02-16,2026-02-16_al_2026-02-28_Twitter,gobierno_naucalpan,Gobierno de Naucalpan,twitter,Twitter/X,tweet,@GobNau,@GobNau,,"¡Duelo de Titanes en Ciudad #Naucalpan! El Gobierno de Ciudad Naucalpan, a través del #IMCUFIDEN, invita al cuadrangular rumbo al Mundial Social Naucalpan. ¡Te esperamos para vivir una gran jornada deportiva en familia! #AquiGobiernaLaEsperanza","¡Duelo de Titanes en Ciudad #Naucalpan! El Gobierno de Ciudad Naucalpan, a través del #IMCUFIDEN, invita al cuadrangular rumbo al Mundial Social Naucalpan. ¡Te esperamos para vivir una gran jornada deportiva en familia! #AquiGobiernaLaEsperanza",https://x.com/GobNau/status/2026314142596960618,https://x.com/GobNau/status/2026314142596960618,2026-02-24 15:11:53+00:00,2026-02-24,/home/emilio/Documentos/Naucalpan_Semanal_Reportes/Periodico/Enero_Mayo/2026-02-16_al_2026-02-28/Twitter/2026-02-16_al_2026-02-28_Twitter/2026-02-16_al_2026-02-28_Twitter_post_institucionales.csv
2026-02-16,2026-02-16_al_2026-02-28_Twitter,gobierno_naucalpan,Gobierno de Naucalpan,twitter,Twitter/X,tweet,@GobNau,@GobNau,,"Cada 24 de febrero celebramos el Día de la Bandera, símbolo de unidad, identidad y orgullo nacional. #AquiGobiernaLaEsperanza #Naucalpan #DiaDeLaBandera #Mexico","Cada 24 de febrero celebramos el Día de la Bandera, símbolo de unidad, identidad y orgullo nacional. #AquiGobiernaLaEsperanza #Naucalpan #DiaDeLaBandera #Mexico",https://x.com/GobNau/status/2026312205440893037,https://x.com/GobNau/status/2026312205440893037,2026-02-24 15:04:11+00:00,2026-02-24,/home/emilio/Documentos/Naucalpan_Semanal_Reportes/Periodico/Enero_Mayo/2026-02-16_al_2026-02-28/Twitter/2026-02-16_al_2026-02-28_Twitter/2026-02-16_al_2026-02-28_Twitter_post_institucionales.csv
2026-02-16,2026-02-16_al_2026-02-28_Facebook,gobierno_naucalpan,Gobierno de Naucalpan,facebook,Facebook,post_facebook,ciudadnaucalpan,Ciudad Naucalpan / Gobierno Municipal 2025-2027.,,"Este martes 24 de febrero inauguramos la construcción del Puente Vehicular y Peatonal en Av. Naucalpan, Col. Miramar.🌉 🕖 19:00 hrs. ¡Te esperamos! #AquiGobiernaLaEsperanza #Naucalpan #HuellasDeLaTransformacion","Este martes 24 de febrero inauguramos la construcción del Puente Vehicular y Peatonal en Av. Naucalpan, Col. Miramar.🌉 🕖 19:00 hrs. ¡Te esperamos! #AquiGobiernaLaEsperanza #Naucalpan #HuellasDeLaTransformacion",https://www.facebook.com/CiudadNaucalpan/posts/pfbid025yYR4sChDcVnLqfYvtbMzoHM7jW5ZMNtjhFoMf84RW5m6gRR5G97zJfpaY8f5uXol,https://www.facebook.com/CiudadNaucalpan/posts/pfbid025yYR4sChDcVnLqfYvtbMzoHM7jW5ZMNtjhFoMf84RW5m6gRR5G97zJfpaY8f5uXol,2026-02-23 22:03:52,2026-02-23,/home/emilio/Documentos/Naucalpan_Semanal_Reportes/Periodico/Enero_Mayo/2026-02-16_al_2026-02-28/Facebook/2026-02-16_al_2026-02-28_Facebook/2026-02-16_al_2026-02-28_Facebook_posts.csv
2026-02-16,2026-02-16_al_2026-02-28_Facebook,gobierno_naucalpan,Gobierno de Naucalpan,facebook,Facebook,post_facebook,ciudadnaucalpan,Ciudad Naucalpan / Gobierno Municipal 2025-2027.,,"Con el programa Huellas de la Transformación rehabilitamos integralmente el Parque El Chamizal, un espacio que durante años estuvo en el abandono y que hoy vuelve a ser digno y seguro para las familias naucalpenses. Instalamos 27 luminarias nuevas, realizamos podas y limpieza integral, y rehabilitamos los juegos infantiles para que niñas y niños disfruten con mayor seguridad. 💡🛝 A través del OAPAS atendimos 16 reparaciones por fugas y desazolve, resolviendo problemas que por años afectaron a la comunidad. 💧 #AquiGobiernaLaEsperanza #HuellasDeLaTransformacion #Naucalpan #ElChamizal","Con el programa Huellas de la Transformación rehabilitamos integralmente el Parque El Chamizal, un espacio que durante años estuvo en el abandono y que hoy vuelve a ser digno y seguro para las familias naucalpenses. Instalamos 27 luminarias nuevas, realizamos podas y limpieza integral, y rehabilitamos los juegos infantiles para que niñas y niños disfruten con mayor seguridad. 💡🛝 A través del OAPAS atendimos 16 reparaciones por fugas y desazolve, resolviendo problemas que por años afectaron a la comunidad. 💧 #AquiGobiernaLaEsperanza #HuellasDeLaTransformacion #Naucalpan #ElChamizal",https://www.facebook.com/reel/2574936202907623/,https://www.facebook.com/reel/2574936202907623/,2026-02-23 17:46:54,2026-02-23,/home/emilio/Documentos/Naucalpan_Semanal_Reportes/Periodico/Enero_Mayo/2026-02-16_al_2026-02-28/Facebook/2026-02-16_al_2026-02-28_Facebook/2026-02-16_al_2026-02-28_Facebook_posts.csv
2026-02-16,2026-02-16_al_2026-02-28_Facebook,gobierno_naucalpan,Gobierno de Naucalpan,facebook,Facebook,post_facebook,ciudadnaucalpan,Ciudad Naucalpan / Gobierno Municipal 2025-2027.,,"El Gobierno de Ciudad Naucalpan, encabezado por el Presidente Municipal Isaac Montoya Márquez, realizó la rehabilitación integral del Parque El Chamizal como parte del programa Huellas de la Transformación, devolviendo a la comunidad un espacio que durante años permaneció en el abandono. 🌳✨ Se instalaron 27 luminarias nuevas, se llevaron a cabo podas y limpieza integral, y se rehabilitaron los juegos infantiles. Además, a través del OAPAS se atendieron 16 reparaciones por fugas y trabajos de desazolve, resolviendo problemáticas que afectaban directamente a las y los vecinos. 💡💧 #AquiGobiernaLaEsperanza #HuellasDeLaTransformacion #Naucalpan #ElChamizal","El Gobierno de Ciudad Naucalpan, encabezado por el Presidente Municipal Isaac Montoya Márquez, realizó la rehabilitación integral del Parque El Chamizal como parte del programa Huellas de la Transformación, devolviendo a la comunidad un espacio que durante años permaneció en el abandono. 🌳✨ Se instalaron 27 luminarias nuevas, se llevaron a cabo podas y limpieza integral, y se rehabilitaron los juegos infantiles. Además, a través del OAPAS se atendieron 16 reparaciones por fugas y trabajos de desazolve, resolviendo problemáticas que afectaban directamente a las y los vecinos. 💡💧 #AquiGobiernaLaEsperanza #HuellasDeLaTransformacion #Naucalpan #ElChamizal",https://www.facebook.com/CiudadNaucalpan/posts/pfbid0uSqczK5swGeshvozKR1CFxFiWwURL8K2ahNYfXS14d7fKryTsBmBUwCp7Y4qMPR7l,https://www.facebook.com/CiudadNaucalpan/posts/pfbid0uSqczK5swGeshvozKR1CFxFiWwURL8K2ahNYfXS14d7fKryTsBmBUwCp7Y4qMPR7l,2026-02-23 17:46:39,2026-02-23,/home/emilio/Documentos/Naucalpan_Semanal_Reportes/Periodico/Enero_Mayo/2026-02-16_al_2026-02-28/Facebook/2026-02-16_al_2026-02-28_Facebook/2026-02-16_al_2026-02-28_Facebook_posts.csv
2026-02-16,2026-02-16_al_2026-02-28_Facebook,gobierno_naucalpan,Gobierno de Naucalpan,facebook,Facebook,post_facebook,ciudadnaucalpan,Ciudad Naucalpan / Gobierno Municipal 2025-2027.,,"La Universal fue, durante décadas, una colonia olvidada. Hoy empieza a verse distinta.🛝✨🚧 #AquiGobiernaLaEsperanza #Naucalpan #HuellasDeLaTransformacion #LaUniversal","La Universal fue, durante décadas, una colonia olvidada. Hoy empieza a verse distinta.🛝✨🚧 #AquiGobiernaLaEsperanza #Naucalpan #HuellasDeLaTransformacion #LaUniversal",https://www.facebook.com/reel/2339839606442619/,https://www.facebook.com/reel/2339839606442619/,2026-02-23 16:34:57,2026-02-23,/home/emilio/Documentos/Naucalpan_Semanal_Reportes/Periodico/Enero_Mayo/2026-02-16_al_2026-02-28/Facebook/2026-02-16_al_2026-02-28_Facebook/2026-02-16_al_2026-02-28_Facebook_posts.csv
2026-02-16,2026-02-16_al_2026-02-28_Facebook,gobierno_naucalpan,Gobierno de Naucalpan,facebook,Facebook,post_facebook,ciudadnaucalpan,Ciudad Naucalpan / Gobierno Municipal 2025-2027.,,"La transformación ya se nota en La Universal. ✨ A través del programa Huellas de la Transformación, realizamos trabajos integrales para dignificar esta comunidad que por años enfrentó rezago en servicios públicos y espacios urbanos. Se renovó el parque con una nueva área de juegos infantiles, se sustituyeron 25 luminarias, se aplicaron 78 toneladas de asfalto para bacheo y se llevaron a cabo labores de balizamiento, poda y limpieza integral, retirando más de 2 toneladas de residuos sólidos. El Presidente Municipal, Isaac Montoya Márquez, ha reiterado que gobernar es caminar el territorio y atender de manera directa las necesidades de cada colonia. Seguimos trabajando para mejorar la calidad de vida de las y los naucalpenses. #AquiGobiernaLaEsperanza #HuellasDeLaTransformacion #Naucalpan #LaUniversal","La transformación ya se nota en La Universal. ✨ A través del programa Huellas de la Transformación, realizamos trabajos integrales para dignificar esta comunidad que por años enfrentó rezago en servicios públicos y espacios urbanos. Se renovó el parque con una nueva área de juegos infantiles, se sustituyeron 25 luminarias, se aplicaron 78 toneladas de asfalto para bacheo y se llevaron a cabo labores de balizamiento, poda y limpieza integral, retirando más de 2 toneladas de residuos sólidos. El Presidente Municipal, Isaac Montoya Márquez, ha reiterado que gobernar es caminar el territorio y atender de manera directa las necesidades de cada colonia. Seguimos trabajando para mejorar la calidad de vida de las y los naucalpenses. #AquiGobiernaLaEsperanza #HuellasDeLaTransformacion #Naucalpan #LaUniversal",https://www.facebook.com/CiudadNaucalpan/posts/pfbid0BLga9VLmaAMuPT6emtMEGCjENo3yKGDMApMvvQ65GvnaTRGCA5GxHk6YV9W95aTWl,https://www.facebook.com/CiudadNaucalpan/posts/pfbid0BLga9VLmaAMuPT6emtMEGCjENo3yKGDMApMvvQ65GvnaTRGCA5GxHk6YV9W95aTWl,2026-02-23 16:30:33,2026-02-23,/home/emilio/Documentos/Naucalpan_Semanal_Reportes/Periodico/Enero_Mayo/2026-02-16_al_2026-02-28/Facebook/2026-02-16_al_2026-02-28_Facebook/2026-02-16_al_2026-02-28_Facebook_posts.csv
2026-02-16,2026-02-16_al_2026-02-28_Facebook,gobierno_naucalpan,Gobierno de Naucalpan,facebook,Facebook,post_facebook,ciudadnaucalpan,Ciudad Naucalpan / Gobierno Municipal 2025-2027.,,"Festival del Agua | Evento Gratuito💧 El Gobierno de Ciudad Naucalpan a través del OAPAS Naucalpan te invita este domingo 22 de marzo al Festival del Agua, que se llevará a cabo en la Unidad Cuauhtémoc. Disfruta de: 🏃 Carrera deportiva 3K y caminata recreativa ⚽ Actividades de fútbol 💧 Stands informativos y de cultura del agua 🎶 Música en vivo 🍽️ Zona de comida ¡Y muchas sorpresas más! 👉Inscríbete en: https://f.mtr.cool/weettmurjf Te esperamos para vivir una jornada familiar, deportiva y de concientización sobre el cuidado del agua. #AquiGobiernaLaEsperanza #OAPAS #Naucalpan #Festival","Festival del Agua | Evento Gratuito💧 El Gobierno de Ciudad Naucalpan a través del OAPAS Naucalpan te invita este domingo 22 de marzo al Festival del Agua, que se llevará a cabo en la Unidad Cuauhtémoc. Disfruta de: 🏃 Carrera deportiva 3K y caminata recreativa ⚽ Actividades de fútbol 💧 Stands informativos y de cultura del agua 🎶 Música en vivo 🍽️ Zona de comida ¡Y muchas sorpresas más! 👉Inscríbete en: https://f.mtr.cool/weettmurjf Te esperamos para vivir una jornada familiar, deportiva y de concientización sobre el cuidado del agua. #AquiGobiernaLaEsperanza #OAPAS #Naucalpan #Festival",https://www.facebook.com/reel/1907944149821760/,https://www.facebook.com/reel/1907944149821760/,2026-02-23 16:07:59,2026-02-23,/home/emilio/Documentos/Naucalpan_Semanal_Reportes/Periodico/Enero_Mayo/2026-02-16_al_2026-02-28/Facebook/2026-02-16_al_2026-02-28_Facebook/2026-02-16_al_2026-02-28_Facebook_posts.csv
2026-02-16,2026-02-16_al_2026-02-28_Facebook,gobierno_naucalpan,Gobierno de Naucalpan,facebook,Facebook,post_facebook,ciudadnaucalpan,Ciudad Naucalpan / Gobierno Municipal 2025-2027.,,"Avance de la intervención en el Boulevard Manuel Ávila Camacho (Periférico Norte), donde ya se realizan trabajos de retiro de carpeta asfáltica y preparación de la superficie en distintos frentes de obra.🛣️ La rehabilitación se ejecuta desde los límites con Tlalnepantla hasta la zona del Parque Naucalli, con el objetivo de optimizar tiempos y reducir afectaciones a la circulación. La obra contempla la colocación de concreto hidráulico MR45 con 25 centímetros de espesor, material de alta resistencia que requiere un periodo específico de fraguado para garantizar mayor durabilidad y seguridad vial. #AquiGobiernaLaEsperanza #Naucalpan #Edomex #Obrahistorica #PerifericoNorte","Avance de la intervención en el Boulevard Manuel Ávila Camacho (Periférico Norte), donde ya se realizan trabajos de retiro de carpeta asfáltica y preparación de la superficie en distintos frentes de obra.🛣️ La rehabilitación se ejecuta desde los límites con Tlalnepantla hasta la zona del Parque Naucalli, con el objetivo de optimizar tiempos y reducir afectaciones a la circulación. La obra contempla la colocación de concreto hidráulico MR45 con 25 centímetros de espesor, material de alta resistencia que requiere un periodo específico de fraguado para garantizar mayor durabilidad y seguridad vial. #AquiGobiernaLaEsperanza #Naucalpan #Edomex #Obrahistorica #PerifericoNorte",https://www.facebook.com/reel/3275843605906214/,https://www.facebook.com/reel/3275843605906214/,2026-02-23 14:04:31,2026-02-23,/home/emilio/Documentos/Naucalpan_Semanal_Reportes/Periodico/Enero_Mayo/2026-02-16_al_2026-02-28/Facebook/2026-02-16_al_2026-02-28_Facebook/2026-02-16_al_2026-02-28_Facebook_posts.csv
2026-02-16,2026-02-16_al_2026-02-28_Facebook,gobierno_naucalpan,Gobierno de Naucalpan,facebook,Facebook,post_facebook,ciudadnaucalpan,Ciudad Naucalpan / Gobierno Municipal 2025-2027.,,"Conmemoración del Día de la Bandera 🇲🇽 El Gobierno Municipal de Ciudad Naucalpan invita a las y los naucalpenses a participar en la ceremonia conmemorativa del Día de la Bandera, símbolo de nuestra identidad, historia y unidad nacional. 📅 24 de febrero de 2026 🕘 9:00 horas 📍 Explanada del Palacio Municipal Av. Juárez No. 39, Fracc. El Mirador, Naucalpan de Juárez. ¡No puedes faltar! #AquiGobiernaLaEsperanza #Naucalpan #DiaDeLaBandera","Conmemoración del Día de la Bandera 🇲🇽 El Gobierno Municipal de Ciudad Naucalpan invita a las y los naucalpenses a participar en la ceremonia conmemorativa del Día de la Bandera, símbolo de nuestra identidad, historia y unidad nacional. 📅 24 de febrero de 2026 🕘 9:00 horas 📍 Explanada del Palacio Municipal Av. Juárez No. 39, Fracc. El Mirador, Naucalpan de Juárez. ¡No puedes faltar! #AquiGobiernaLaEsperanza #Naucalpan #DiaDeLaBandera",https://www.facebook.com/CiudadNaucalpan/posts/pfbid02Py9u9ZT2iTua2AQYjztGFtVQvzuTDNXYCpqHBZAejB4rpNKiakqQbXd6sFemecbUl,https://www.facebook.com/CiudadNaucalpan/posts/pfbid02Py9u9ZT2iTua2AQYjztGFtVQvzuTDNXYCpqHBZAejB4rpNKiakqQbXd6sFemecbUl,2026-02-23 13:57:25,2026-02-23,/home/emilio/Documentos/Naucalpan_Semanal_Reportes/Periodico/Enero_Mayo/2026-02-16_al_2026-02-28/Facebook/2026-02-16_al_2026-02-28_Facebook/2026-02-16_al_2026-02-28_Facebook_posts.csv
2026-02-16,2026-02-16_al_2026-02-28_Facebook,gobierno_naucalpan,Gobierno de Naucalpan,facebook,Facebook,post_facebook,ciudadnaucalpan,Ciudad Naucalpan / Gobierno Municipal 2025-2027.,,"Clases de Estimulación Temprana en Ciudad Naucalpan👶✨ El Gobierno Municipal, a través del Instituto de las Mujeres Naucalpenses y la Igualdad Sustantiva (IMNIS), en colaboración con el Centro de Estimulación Temprana Nüna, invita a madres, padres y personas cuidadoras a participar en las clases muestra gratuitas de estimulación temprana. Estas actividades están dirigidas a niñas y niños desde los 6 meses hasta los 3 años 10 meses, con el objetivo de fortalecer su desarrollo físico, cognitivo y emocional en una etapa clave de su crecimiento. 📅 23 de febrero • 6 meses a 1 año | 12:00 a 13:00 hrs. • 1 a 2 años | 13:00 a 14:00 hrs. 📅 24 de febrero • 2 a 3 años | 12:00 a 13:00 hrs. • 3 a 3 años 10 meses | 13:00 a 14:00 hrs. 📍 IMNIS Naucalpan Av. Juárez No. 39, Col. El Mirador 📞 Informes: 55 8789 5483 #AquiGobiernaLaEsperanza #Naucalpan #IMNIS #DIFNaucalpan #DesarrolloInfantil","Clases de Estimulación Temprana en Ciudad Naucalpan👶✨ El Gobierno Municipal, a través del Instituto de las Mujeres Naucalpenses y la Igualdad Sustantiva (IMNIS), en colaboración con el Centro de Estimulación Temprana Nüna, invita a madres, padres y personas cuidadoras a participar en las clases muestra gratuitas de estimulación temprana. Estas actividades están dirigidas a niñas y niños desde los 6 meses hasta los 3 años 10 meses, con el objetivo de fortalecer su desarrollo físico, cognitivo y emocional en una etapa clave de su crecimiento. 📅 23 de febrero • 6 meses a 1 año | 12:00 a 13:00 hrs. • 1 a 2 años | 13:00 a 14:00 hrs. 📅 24 de febrero • 2 a 3 años | 12:00 a 13:00 hrs. • 3 a 3 años 10 meses | 13:00 a 14:00 hrs. 📍 IMNIS Naucalpan Av. Juárez No. 39, Col. El Mirador 📞 Informes: 55 8789 5483 #AquiGobiernaLaEsperanza #Naucalpan #IMNIS #DIFNaucalpan #DesarrolloInfantil",https://www.facebook.com/CiudadNaucalpan/posts/pfbid0jEvMd64W1cRoKZmrUtLyaKsaXCUBGnvc16FcBFi2Erz31ZM7xmwzQiTA3VMWi3X7l,https://www.facebook.com/CiudadNaucalpan/posts/pfbid0jEvMd64W1cRoKZmrUtLyaKsaXCUBGnvc16FcBFi2Erz31ZM7xmwzQiTA3VMWi3X7l,2026-02-23 13:42:29,2026-02-23,/home/emilio/Documentos/Naucalpan_Semanal_Reportes/Periodico/Enero_Mayo/2026-02-16_al_2026-02-28/Facebook/2026-02-16_al_2026-02-28_Facebook/2026-02-16_al_2026-02-28_Facebook_posts.csv
2026-02-16,2026-02-16_al_2026-02-28_Facebook,gobierno_naucalpan,Gobierno de Naucalpan,facebook,Facebook,post_facebook,ciudadnaucalpan,Ciudad Naucalpan / Gobierno Municipal 2025-2027.,,"¿Sabías qué? ⚽🌍 El balón Top Star fue el protagonista del Mundial de 1958 en Suecia. Su diseño estaba compuesto por 24 paneles rectangulares de cuero, con impresión negra y costuras entrelazadas en zigzag, marcando una evolución en la historia del fútbol. #AquiGobiernaLaEsperanza #Naucalpan #HuellasDelMundial","¿Sabías qué? ⚽🌍 El balón Top Star fue el protagonista del Mundial de 1958 en Suecia. Su diseño estaba compuesto por 24 paneles rectangulares de cuero, con impresión negra y costuras entrelazadas en zigzag, marcando una evolución en la historia del fútbol. #AquiGobiernaLaEsperanza #Naucalpan #HuellasDelMundial",https://www.facebook.com/CiudadNaucalpan/posts/pfbid0kZUcyA8WoJj1esLCxGCBsvgayZJLvBEUZNTP2uUtNYLtYxEqrRoC5Mmh9kxQZAKxl,https://www.facebook.com/CiudadNaucalpan/posts/pfbid0kZUcyA8WoJj1esLCxGCBsvgayZJLvBEUZNTP2uUtNYLtYxEqrRoC5Mmh9kxQZAKxl,2026-02-23 13:08:25,2026-02-23,/home/emilio/Documentos/Naucalpan_Semanal_Reportes/Periodico/Enero_Mayo/2026-02-16_al_2026-02-28/Facebook/2026-02-16_al_2026-02-28_Facebook/2026-02-16_al_2026-02-28_Facebook_posts.csv
2026-02-16,2026-02-16_al_2026-02-28_Facebook,gobierno_naucalpan,Gobierno de Naucalpan,facebook,Facebook,post_facebook,ciudadnaucalpan,Ciudad Naucalpan / Gobierno Municipal 2025-2027.,,"Cartelera Cultural y de Actividades de la Casa de la Cultura Chamapa.🎸🎨✨ A lo largo de la semana y los fines de semana, se ofrecen talleres, clases y servicios pensados para fortalecer el bienestar, el aprendizaje y la convivencia comunitaria: actividades culturales, educativas, artísticas, deportivas y de salud, para niñas, niños, jóvenes y personas adultas.🤸‍♀️ 📍 Consulta horarios, días y detalles de cada actividad directamente en la imagen. 📞 Para más información, los datos de contacto también se encuentran en la cartelera. Desde el Gobierno de Naucalpan seguimos impulsando espacios que acercan la cultura, el conocimiento y el bienestar a nuestras comunidades. #AquiGobiernaLaEsperanza #Naucalpan #Cultura #Bienestar","Cartelera Cultural y de Actividades de la Casa de la Cultura Chamapa.🎸🎨✨ A lo largo de la semana y los fines de semana, se ofrecen talleres, clases y servicios pensados para fortalecer el bienestar, el aprendizaje y la convivencia comunitaria: actividades culturales, educativas, artísticas, deportivas y de salud, para niñas, niños, jóvenes y personas adultas.🤸‍♀️ 📍 Consulta horarios, días y detalles de cada actividad directamente en la imagen. 📞 Para más información, los datos de contacto también se encuentran en la cartelera. Desde el Gobierno de Naucalpan seguimos impulsando espacios que acercan la cultura, el conocimiento y el bienestar a nuestras comunidades. #AquiGobiernaLaEsperanza #Naucalpan #Cultura #Bienestar",https://www.facebook.com/CiudadNaucalpan/posts/pfbid029RqK8ZPMr4Pm9ZjfmQH9CjKhLd5kCxkWRUkPE2CqdZpzxhKFmzScEq6kdQZ97X6Ll,https://www.facebook.com/CiudadNaucalpan/posts/pfbid029RqK8ZPMr4Pm9ZjfmQH9CjKhLd5kCxkWRUkPE2CqdZpzxhKFmzScEq6kdQZ97X6Ll,2026-02-23 13:01:57,2026-02-23,/home/emilio/Documentos/Naucalpan_Semanal_Reportes/Periodico/Enero_Mayo/2026-02-16_al_2026-02-28/Facebook/2026-02-16_al_2026-02-28_Facebook/2026-02-16_al_2026-02-28_Facebook_posts.csv
2026-02-16,2026-02-16_al_2026-02-28_Facebook,gobierno_naucalpan,Gobierno de Naucalpan,facebook,Facebook,post_facebook,ciudadnaucalpan,Ciudad Naucalpan / Gobierno Municipal 2025-2027.,,"¡Duelo de Titanes en Ciudad Naucalpan!⚽ El Gobierno de Ciudad Naucalpan, a través del IMCUFIDEN, invita al cuadrangular rumbo al Mundial Social Naucalpan, donde equipos semi profesionales demostrarán su talento y pasión por el fútbol. 📅 Viernes 27 de febrero de 2026 🕕 18:00 horas 📍 Cancha del Deportivo La Curva Av. Minas Palacio, San Rafael Chamapa, Primera Sección. Seguimos impulsando el deporte como herramienta de unidad, identidad y reconstrucción del tejido social en nuestras comunidades. ¡Te esperamos para vivir una gran jornada deportiva en familia! #AquiGobiernaLaEsperanza #Naucalpan #IMCUFIDEN #HuellasDelMundial #Deporte","¡Duelo de Titanes en Ciudad Naucalpan!⚽ El Gobierno de Ciudad Naucalpan, a través del IMCUFIDEN, invita al cuadrangular rumbo al Mundial Social Naucalpan, donde equipos semi profesionales demostrarán su talento y pasión por el fútbol. 📅 Viernes 27 de febrero de 2026 🕕 18:00 horas 📍 Cancha del Deportivo La Curva Av. Minas Palacio, San Rafael Chamapa, Primera Sección. Seguimos impulsando el deporte como herramienta de unidad, identidad y reconstrucción del tejido social en nuestras comunidades. ¡Te esperamos para vivir una gran jornada deportiva en familia! #AquiGobiernaLaEsperanza #Naucalpan #IMCUFIDEN #HuellasDelMundial #Deporte",https://www.facebook.com/CiudadNaucalpan/posts/pfbid0X7cCMuZuK3xxegNvGUkPLxfNv5nZN8HVnPAhkhhJLGe1LBubXeLwX1S1bin86SZcl,https://www.facebook.com/CiudadNaucalpan/posts/pfbid0X7cCMuZuK3xxegNvGUkPLxfNv5nZN8HVnPAhkhhJLGe1LBubXeLwX1S1bin86SZcl,2026-02-23 12:56:30,2026-02-23,/home/emilio/Documentos/Naucalpan_Semanal_Reportes/Periodico/Enero_Mayo/2026-02-16_al_2026-02-28/Facebook/2026-02-16_al_2026-02-28_Facebook/2026-02-16_al_2026-02-28_Facebook_posts.csv
2026-02-16,2026-02-16_al_2026-02-28_Facebook,gobierno_naucalpan,Gobierno de Naucalpan,facebook,Facebook,post_facebook,ciudadnaucalpan,Ciudad Naucalpan / Gobierno Municipal 2025-2027.,,"Desde el Gobierno de Ciudad Naucalpan reconocemos el trabajo que realiza la Secretaría de la Defensa Nacional en favor de la seguridad del país. En nuestro municipio mantenemos una coordinación permanente con las autoridades federales y estatales, en el marco de la estrategia conjunta de seguridad. Gracias a este trabajo coordinado, en Ciudad Naucalpan se han logrado resultados, priorizando en todo momento la protección de las y los naucalpenses. #GuardiaMunicipal #Naucalpan #Seguridad #Mexico #EdoMex #SEDENA","Desde el Gobierno de Ciudad Naucalpan reconocemos el trabajo que realiza la Secretaría de la Defensa Nacional en favor de la seguridad del país. En nuestro municipio mantenemos una coordinación permanente con las autoridades federales y estatales, en el marco de la estrategia conjunta de seguridad. Gracias a este trabajo coordinado, en Ciudad Naucalpan se han logrado resultados, priorizando en todo momento la protección de las y los naucalpenses. #GuardiaMunicipal #Naucalpan #Seguridad #Mexico #EdoMex #SEDENA",https://www.facebook.com/reel/750428498148171/,https://www.facebook.com/reel/750428498148171/,2026-02-23 12:25:11,2026-02-23,/home/emilio/Documentos/Naucalpan_Semanal_Reportes/Periodico/Enero_Mayo/2026-02-16_al_2026-02-28/Facebook/2026-02-16_al_2026-02-28_Facebook/2026-02-16_al_2026-02-28_Facebook_posts.csv
2026-02-16,2026-02-16_al_2026-02-28_Facebook,gobierno_naucalpan,Gobierno de Naucalpan,facebook,Facebook,post_facebook,ciudadnaucalpan,Ciudad Naucalpan / Gobierno Municipal 2025-2027.,,"Policía de Proximidad Vecinal de la Guardia Municipal localiza a menor con alerta de búsqueda🚨 Derivado de los patrullajes permanentes implementados en sectores y cuadrantes del municipio, elementos de la Policía de Proximidad Vecinal lograron la localización de una menor de 14 años de edad, quien contaba con una alerta de búsqueda vigente. Gracias a la oportuna intervención y a las labores de vigilancia preventiva, la adolescente fue ubicada sana y salva. En todo momento fue resguardada por el personal policial y posteriormente reunida con su familia. Asimismo, se realizaron las diligencias correspondientes en coordinación con la Policía de Género, la Célula de Búsqueda de la Guardia Municipal y la Fiscalía Especializada en Personas Desaparecidas, a fin de dar seguimiento al caso y determinar lo conducente dentro de la investigación. La Guardia Municipal refrenda su compromiso de trabajar de manera permanente por la seguridad y el bienestar de las familias. #AquiGobiernaLaEsperanza #Naucalpan #GuardiaMunicipal #seguridad","Policía de Proximidad Vecinal de la Guardia Municipal localiza a menor con alerta de búsqueda🚨 Derivado de los patrullajes permanentes implementados en sectores y cuadrantes del municipio, elementos de la Policía de Proximidad Vecinal lograron la localización de una menor de 14 años de edad, quien contaba con una alerta de búsqueda vigente. Gracias a la oportuna intervención y a las labores de vigilancia preventiva, la adolescente fue ubicada sana y salva. En todo momento fue resguardada por el personal policial y posteriormente reunida con su familia. Asimismo, se realizaron las diligencias correspondientes en coordinación con la Policía de Género, la Célula de Búsqueda de la Guardia Municipal y la Fiscalía Especializada en Personas Desaparecidas, a fin de dar seguimiento al caso y determinar lo conducente dentro de la investigación. La Guardia Municipal refrenda su compromiso de trabajar de manera permanente por la seguridad y el bienestar de las familias. #AquiGobiernaLaEsperanza #Naucalpan #GuardiaMunicipal #seguridad",https://www.facebook.com/CiudadNaucalpan/posts/pfbid0TuqkDAmG9uTXk5WTbJTx5PtnpyqjqobE7vMf9MFeZLahAG3qF6WJvM1TqM5cp4nwl,https://www.facebook.com/CiudadNaucalpan/posts/pfbid0TuqkDAmG9uTXk5WTbJTx5PtnpyqjqobE7vMf9MFeZLahAG3qF6WJvM1TqM5cp4nwl,2026-02-23 11:44:37,2026-02-23,/home/emilio/Documentos/Naucalpan_Semanal_Reportes/Periodico/Enero_Mayo/2026-02-16_al_2026-02-28/Facebook/2026-02-16_al_2026-02-28_Facebook/2026-02-16_al_2026-02-28_Facebook_posts.csv
2026-02-16,2026-02-16_al_2026-02-28_Facebook,gobierno_naucalpan,Gobierno de Naucalpan,facebook,Facebook,post_facebook,ciudadnaucalpan,Ciudad Naucalpan / Gobierno Municipal 2025-2027.,,"El Gobierno de Naucalpan invita al Taller de Globoflexia y Decorado con Globos (Nivel Básico), una actividad formativa dirigida a la comunidad interesada en aprender técnicas básicas de decoración con globos. 🎈 📅 Inicio del taller: 25 de febrero de 2026 ⏰ Horario: 10:00 a 12:00 horas 📆 Fechas: 25 y 27 de febrero; 4, 6, 11, 13, 18 y 20 de marzo 📍 Sede: Auditorio Isidro Fabela Calle Benito Juárez, Av. Benito Juárez 39, El Mirador, Naucalpan de Juárez. 👤 Impartido por: José Antonio Reyes Becerra 📝 Inscripciones: Subdirección de Cultura, Departamento de Fomento a las Bellas Artes. Del día de la publicación al 24 de febrero. Requisitos: copia del INE y comprobante de domicilio. 🎟️ Convocatoria gratuita. ✨ #AquiGobiernaLaEsperanza #Naucalpan #Cultura #Bienestar","El Gobierno de Naucalpan invita al Taller de Globoflexia y Decorado con Globos (Nivel Básico), una actividad formativa dirigida a la comunidad interesada en aprender técnicas básicas de decoración con globos. 🎈 📅 Inicio del taller: 25 de febrero de 2026 ⏰ Horario: 10:00 a 12:00 horas 📆 Fechas: 25 y 27 de febrero; 4, 6, 11, 13, 18 y 20 de marzo 📍 Sede: Auditorio Isidro Fabela Calle Benito Juárez, Av. Benito Juárez 39, El Mirador, Naucalpan de Juárez. 👤 Impartido por: José Antonio Reyes Becerra 📝 Inscripciones: Subdirección de Cultura, Departamento de Fomento a las Bellas Artes. Del día de la publicación al 24 de febrero. Requisitos: copia del INE y comprobante de domicilio. 🎟️ Convocatoria gratuita. ✨ #AquiGobiernaLaEsperanza #Naucalpan #Cultura #Bienestar",https://www.facebook.com/CiudadNaucalpan/posts/pfbid02GbpEEXAv1GV82gQ1nsJVQBfG4RswdMKCBsi4wdnCAfaVeM5owixzd5rmBYeCubL6l,https://www.facebook.com/CiudadNaucalpan/posts/pfbid02GbpEEXAv1GV82gQ1nsJVQBfG4RswdMKCBsi4wdnCAfaVeM5owixzd5rmBYeCubL6l,2026-02-23 11:30:44,2026-02-23,/home/emilio/Documentos/Naucalpan_Semanal_Reportes/Periodico/Enero_Mayo/2026-02-16_al_2026-02-28/Facebook/2026-02-16_al_2026-02-28_Facebook/2026-02-16_al_2026-02-28_Facebook_posts.csv
2026-02-16,2026-02-16_al_2026-02-28_Facebook,gobierno_naucalpan,Gobierno de Naucalpan,facebook,Facebook,post_facebook,ciudadnaucalpan,Ciudad Naucalpan / Gobierno Municipal 2025-2027.,,"A través de la Guardia Municipal de Ciudad Naucalpan seguimos trabajando en estrecha coordinación con autoridades federales y estatales, en el marco de la estrategia conjunta de seguridad. La colaboración entre los tres órdenes de gobierno ha sido fundamental para preservar el orden y la tranquilidad. Continuamos fortaleciendo la presencia operativa y la vigilancia en el territorio, priorizando la seguridad de nuestras vecinas y vecinos. #GuardiaMunicipal #Naucalpan #Seguridad #SSEM #EdoMex #Mex","A través de la Guardia Municipal de Ciudad Naucalpan seguimos trabajando en estrecha coordinación con autoridades federales y estatales, en el marco de la estrategia conjunta de seguridad. La colaboración entre los tres órdenes de gobierno ha sido fundamental para preservar el orden y la tranquilidad. Continuamos fortaleciendo la presencia operativa y la vigilancia en el territorio, priorizando la seguridad de nuestras vecinas y vecinos. #GuardiaMunicipal #Naucalpan #Seguridad #SSEM #EdoMex #Mex",https://www.facebook.com/reel/26081991328129705/,https://www.facebook.com/reel/26081991328129705/,2026-02-23 10:51:11,2026-02-23,/home/emilio/Documentos/Naucalpan_Semanal_Reportes/Periodico/Enero_Mayo/2026-02-16_al_2026-02-28/Facebook/2026-02-16_al_2026-02-28_Facebook/2026-02-16_al_2026-02-28_Facebook_posts.csv
2026-02-16,2026-02-16_al_2026-02-28_Facebook,gobierno_naucalpan,Gobierno de Naucalpan,facebook,Facebook,post_facebook,ciudadnaucalpan,Ciudad Naucalpan / Gobierno Municipal 2025-2027.,,"Junta Municipal de Reclutamiento | #SMN📌🇲🇽 El Gobierno de Ciudad #Naucalpan, en coordinación con SEDENA, informa a los jóvenes Clase 2008 y remisos sobre el trámite del Servicio Militar Nacional. ℹ️ Consulta requisitos y documentos en la imagen. #AquiGobiernaLaEsperanza","Junta Municipal de Reclutamiento | #SMN📌🇲🇽 El Gobierno de Ciudad #Naucalpan, en coordinación con SEDENA, informa a los jóvenes Clase 2008 y remisos sobre el trámite del Servicio Militar Nacional. ℹ️ Consulta requisitos y documentos en la imagen. #AquiGobiernaLaEsperanza",https://www.facebook.com/CiudadNaucalpan/posts/pfbid02qYzWkSfzKFgsKmkEWBnRqc223cqFsoek3RBZEsz6KEpRGscfLfmXdHakgFzdFEFTl,https://www.facebook.com/CiudadNaucalpan/posts/pfbid02qYzWkSfzKFgsKmkEWBnRqc223cqFsoek3RBZEsz6KEpRGscfLfmXdHakgFzdFEFTl,2026-02-23 10:02:27,2026-02-23,/home/emilio/Documentos/Naucalpan_Semanal_Reportes/Periodico/Enero_Mayo/2026-02-16_al_2026-02-28/Facebook/2026-02-16_al_2026-02-28_Facebook/2026-02-16_al_2026-02-28_Facebook_posts.csv
2026-02-16,2026-02-16_al_2026-02-28_Facebook,gobierno_naucalpan,Gobierno de Naucalpan,facebook,Facebook,post_facebook,guardiamunicipalciudadnaucalpan,Guardia Municipal Ciudad Naucalpan,,"Desde la Guardia Municipal de Ciudad Naucalpan seguimos trabajando en estrecha coordinación con autoridades federales y estatales, en el marco de la estrategia conjunta de seguridad. La colaboración entre los tres órdenes de gobierno ha sido fundamental para preservar el orden y la tranquilidad. Continuamos fortaleciendo la presencia operativa y la vigilancia en el territorio, priorizando la seguridad de nuestras vecinas y vecinos. #GuardiaMunicipal #Naucalpan #Seguridad #SSEM #EdoMex #Mex","Desde la Guardia Municipal de Ciudad Naucalpan seguimos trabajando en estrecha coordinación con autoridades federales y estatales, en el marco de la estrategia conjunta de seguridad. La colaboración entre los tres órdenes de gobierno ha sido fundamental para preservar el orden y la tranquilidad. Continuamos fortaleciendo la presencia operativa y la vigilancia en el territorio, priorizando la seguridad de nuestras vecinas y vecinos. #GuardiaMunicipal #Naucalpan #Seguridad #SSEM #EdoMex #Mex",https://www.facebook.com/reel/900674202714724/,https://www.facebook.com/reel/900674202714724/,2026-02-23 11:44:14,2026-02-23,/home/emilio/Documentos/Naucalpan_Semanal_Reportes/Periodico/Enero_Mayo/2026-02-16_al_2026-02-28/Facebook/2026-02-16_al_2026-02-28_Facebook/2026-02-16_al_2026-02-28_Facebook_posts.csv
2026-02-16,2026-02-16_al_2026-02-28_Facebook,gobierno_naucalpan,Gobierno de Naucalpan,facebook,Facebook,post_facebook,guardiamunicipalciudadnaucalpan,Guardia Municipal Ciudad Naucalpan,,"La Policía Ética acompaña y vigila el actuar del personal de Movilidad Segura para garantizar un desempeño legal, transparente y con respeto a la ciudadanía.🚔 En Ciudad Naucalpan, la seguridad se ejerce con ética y responsabilidad. #AquiGobiernaLaEsperanza #GuardiaMunicipal #Naucalpan #PoliciaEtica #MovilidadSegura","La Policía Ética acompaña y vigila el actuar del personal de Movilidad Segura para garantizar un desempeño legal, transparente y con respeto a la ciudadanía.🚔 En Ciudad Naucalpan, la seguridad se ejerce con ética y responsabilidad. #AquiGobiernaLaEsperanza #GuardiaMunicipal #Naucalpan #PoliciaEtica #MovilidadSegura",https://www.facebook.com/reel/2334318053640394/,https://www.facebook.com/reel/2334318053640394/,2026-02-23 09:02:32,2026-02-23,/home/emilio/Documentos/Naucalpan_Semanal_Reportes/Periodico/Enero_Mayo/2026-02-16_al_2026-02-28/Facebook/2026-02-16_al_2026-02-28_Facebook/2026-02-16_al_2026-02-28_Facebook_posts.csv
2026-02-16,2026-02-16_al_2026-02-28_Facebook,gobierno_naucalpan,Gobierno de Naucalpan,facebook,Facebook,post_facebook,ciudadnaucalpan,Ciudad Naucalpan / Gobierno Municipal 2025-2027.,,"Conferencia: “El servicio como ventaja competitiva”📢✨ El Gobierno de Ciudad Naucalpan, a través de la Dirección de Desarrollo y Fomento Económico, te invita a este evento gratuito donde conocerás herramientas clave para fortalecer tu servicio y hacerlo una ventaja competitiva. 📍👉Consulta sede, fecha, horario y datos de registro directamente en la imagen. #AquiGobiernaLaEsperanza #Naucalpan #FomentoEconomico","Conferencia: “El servicio como ventaja competitiva”📢✨ El Gobierno de Ciudad Naucalpan, a través de la Dirección de Desarrollo y Fomento Económico, te invita a este evento gratuito donde conocerás herramientas clave para fortalecer tu servicio y hacerlo una ventaja competitiva. 📍👉Consulta sede, fecha, horario y datos de registro directamente en la imagen. #AquiGobiernaLaEsperanza #Naucalpan #FomentoEconomico",https://www.facebook.com/CiudadNaucalpan/posts/pfbid02AfNCsJjjvpkzkS8VZYkFPj5RvzE3N6qwBZq1pHn2agURjQCAHkoaNpr4M7GeeEGRl,https://www.facebook.com/CiudadNaucalpan/posts/pfbid02AfNCsJjjvpkzkS8VZYkFPj5RvzE3N6qwBZq1pHn2agURjQCAHkoaNpr4M7GeeEGRl,2026-02-22 19:01:36,2026-02-22,/home/emilio/Documentos/Naucalpan_Semanal_Reportes/Periodico/Enero_Mayo/2026-02-16_al_2026-02-28/Facebook/2026-02-16_al_2026-02-28_Facebook/2026-02-16_al_2026-02-28_Facebook_posts.csv
2026-02-16,2026-02-16_al_2026-02-28_Facebook,gobierno_naucalpan,Gobierno de Naucalpan,facebook,Facebook,post_facebook,ciudadnaucalpan,Ciudad Naucalpan / Gobierno Municipal 2025-2027.,,¿Sabías qué? ⚽🌍 El balón Swiss World Champion fue utilizado en Suiza 1954 y fue el primero en el campeonato con un estilo similar al de voleibol y teñido de un color más visible para el ojo humano. #AquiGobiernaLaEsperanza #Naucalpan #HuellasDelMundial,¿Sabías qué? ⚽🌍 El balón Swiss World Champion fue utilizado en Suiza 1954 y fue el primero en el campeonato con un estilo similar al de voleibol y teñido de un color más visible para el ojo humano. #AquiGobiernaLaEsperanza #Naucalpan #HuellasDelMundial,https://www.facebook.com/CiudadNaucalpan/posts/pfbid0Tk1fkvqYbnLT5wAtqVWDgNVuhWUJCpwRatyYMXSrjAGq8wMMmWTgTjeqmgyCjkyol,https://www.facebook.com/CiudadNaucalpan/posts/pfbid0Tk1fkvqYbnLT5wAtqVWDgNVuhWUJCpwRatyYMXSrjAGq8wMMmWTgTjeqmgyCjkyol,2026-02-22 17:18:59,2026-02-22,/home/emilio/Documentos/Naucalpan_Semanal_Reportes/Periodico/Enero_Mayo/2026-02-16_al_2026-02-28/Facebook/2026-02-16_al_2026-02-28_Facebook/2026-02-16_al_2026-02-28_Facebook_posts.csv
2026-02-16,2026-02-16_al_2026-02-28_Facebook,gobierno_naucalpan,Gobierno de Naucalpan,facebook,Facebook,post_facebook,guardiamunicipalciudadnaucalpan,Guardia Municipal Ciudad Naucalpan,,Presencia permanente en todo el municipio🚨 Las instancias de seguridad de los tres órdenes de gobierno se mantienen en recorridos constantes en cada colonia. Seguimos trabajando por la seguridad de las familias naucalpenses. ‼️Exhortamos a la ciudadanía a no difundir información no verificada y a consultar únicamente los canales oficiales. #Naucalpan #Mexico #EdoMex #Seguridad #SSEM,Presencia permanente en todo el municipio🚨 Las instancias de seguridad de los tres órdenes de gobierno se mantienen en recorridos constantes en cada colonia. Seguimos trabajando por la seguridad de las familias naucalpenses. ‼️Exhortamos a la ciudadanía a no difundir información no verificada y a consultar únicamente los canales oficiales. #Naucalpan #Mexico #EdoMex #Seguridad #SSEM,https://www.facebook.com/reel/932443672808759/,https://www.facebook.com/reel/932443672808759/,2026-02-22 23:16:23,2026-02-22,/home/emilio/Documentos/Naucalpan_Semanal_Reportes/Periodico/Enero_Mayo/2026-02-16_al_2026-02-28/Facebook/2026-02-16_al_2026-02-28_Facebook/2026-02-16_al_2026-02-28_Facebook_posts.csv
2026-02-16,2026-02-16_al_2026-02-28_Facebook,gobierno_naucalpan,Gobierno de Naucalpan,facebook,Facebook,post_facebook,guardiamunicipalciudadnaucalpan,Guardia Municipal Ciudad Naucalpan,,Comunicado Oficial🚨 #AquiGobiernaLaEsperanza #GuardiaMunicipal #Naucalpan #Mexico #EdoMex,Comunicado Oficial🚨 #AquiGobiernaLaEsperanza #GuardiaMunicipal #Naucalpan #Mexico #EdoMex,https://www.facebook.com/GuardiaMunicipalCiudadNaucalpan/posts/pfbid02PrVWoCQn61or9TNPapvyiMr4JAwVudBNeVefwjZYmRCXnsM6oMboZLdP3mAGNRuxl,https://www.facebook.com/GuardiaMunicipalCiudadNaucalpan/posts/pfbid02PrVWoCQn61or9TNPapvyiMr4JAwVudBNeVefwjZYmRCXnsM6oMboZLdP3mAGNRuxl,2026-02-22 18:32:32,2026-02-22,/home/emilio/Documentos/Naucalpan_Semanal_Reportes/Periodico/Enero_Mayo/2026-02-16_al_2026-02-28/Facebook/2026-02-16_al_2026-02-28_Facebook/2026-02-16_al_2026-02-28_Facebook_posts.csv
2026-02-16,2026-02-16_al_2026-02-28_Facebook,gobierno_naucalpan,Gobierno de Naucalpan,facebook,Facebook,post_facebook,guardiamunicipalciudadnaucalpan,Guardia Municipal Ciudad Naucalpan,,"Policía de Proximidad Vecinal de la Guardia Municipal localiza a menor con alerta de búsqueda🚨 Derivado de los patrullajes permanentes implementados en sectores y cuadrantes del municipio, elementos de la Policía de Proximidad Vecinal lograron la localización de una menor de 14 años de edad, quien contaba con una alerta de búsqueda vigente. Gracias a la oportuna intervención y a las labores de vigilancia preventiva, la adolescente fue ubicada sana y salva. En todo momento fue resguardada por el personal policial y posteriormente reunida con su familia. Asimismo, se realizaron las diligencias correspondientes en coordinación con la Policía de Género, la Célula de Búsqueda de la Guardia Municipal y la Fiscalía Especializada en Personas Desaparecidas, a fin de dar seguimiento al caso y determinar lo conducente dentro de la investigación. La Guardia Municipal refrenda su compromiso de trabajar de manera permanente por la seguridad y el bienestar de las familias. #AquiGobiernaLaEsperanza #Naucalpan #GuardiaMunicipal #seguridad","Policía de Proximidad Vecinal de la Guardia Municipal localiza a menor con alerta de búsqueda🚨 Derivado de los patrullajes permanentes implementados en sectores y cuadrantes del municipio, elementos de la Policía de Proximidad Vecinal lograron la localización de una menor de 14 años de edad, quien contaba con una alerta de búsqueda vigente. Gracias a la oportuna intervención y a las labores de vigilancia preventiva, la adolescente fue ubicada sana y salva. En todo momento fue resguardada por el personal policial y posteriormente reunida con su familia. Asimismo, se realizaron las diligencias correspondientes en coordinación con la Policía de Género, la Célula de Búsqueda de la Guardia Municipal y la Fiscalía Especializada en Personas Desaparecidas, a fin de dar seguimiento al caso y determinar lo conducente dentro de la investigación. La Guardia Municipal refrenda su compromiso de trabajar de manera permanente por la seguridad y el bienestar de las familias. #AquiGobiernaLaEsperanza #Naucalpan #GuardiaMunicipal #seguridad",https://www.facebook.com/GuardiaMunicipalCiudadNaucalpan/posts/pfbid0TPopWCa91qXR5KSiyDEK9LncAr5FCVa6iMSUe2WGChgr89Y2XxJwzquWhRbPD3kCl,https://www.facebook.com/GuardiaMunicipalCiudadNaucalpan/posts/pfbid0TPopWCa91qXR5KSiyDEK9LncAr5FCVa6iMSUe2WGChgr89Y2XxJwzquWhRbPD3kCl,2026-02-22 16:36:43,2026-02-22,/home/emilio/Documentos/Naucalpan_Semanal_Reportes/Periodico/Enero_Mayo/2026-02-16_al_2026-02-28/Facebook/2026-02-16_al_2026-02-28_Facebook/2026-02-16_al_2026-02-28_Facebook_posts.csv
2026-02-16,2026-02-16_al_2026-02-28_Facebook,gobierno_naucalpan,Gobierno de Naucalpan,facebook,Facebook,post_facebook,ciudadnaucalpan,Ciudad Naucalpan / Gobierno Municipal 2025-2027.,,"Día Internacional de la Lengua Materna🌎🌿 Cada 21 de febrero reconocemos la importancia de preservar nuestras lenguas como parte fundamental de la identidad y diversidad cultural. Hoy, el 43% de las lenguas del mundo están en peligro de extinción. Protegerlas es defender nuestra historia, nuestras raíces y el patrimonio cultural de las futuras generaciones. Desde el Gobierno de Ciudad Naucalpan reafirmamos nuestro compromiso con la diversidad lingüística, el respeto y la inclusión. #AquiGobiernaLaEsperanza #Naucalpan #LenguaMaterna #DiversidadCultural","Día Internacional de la Lengua Materna🌎🌿 Cada 21 de febrero reconocemos la importancia de preservar nuestras lenguas como parte fundamental de la identidad y diversidad cultural. Hoy, el 43% de las lenguas del mundo están en peligro de extinción. Protegerlas es defender nuestra historia, nuestras raíces y el patrimonio cultural de las futuras generaciones. Desde el Gobierno de Ciudad Naucalpan reafirmamos nuestro compromiso con la diversidad lingüística, el respeto y la inclusión. #AquiGobiernaLaEsperanza #Naucalpan #LenguaMaterna #DiversidadCultural",https://www.facebook.com/reel/1605762467413500/,https://www.facebook.com/reel/1605762467413500/,2026-02-21 09:31:39,2026-02-21,/home/emilio/Documentos/Naucalpan_Semanal_Reportes/Periodico/Enero_Mayo/2026-02-16_al_2026-02-28/Facebook/2026-02-16_al_2026-02-28_Facebook/2026-02-16_al_2026-02-28_Facebook_posts.csv
2026-02-16,2026-02-16_al_2026-02-28_Facebook,gobierno_naucalpan,Gobierno de Naucalpan,facebook,Facebook,post_facebook,ciudadnaucalpan,Ciudad Naucalpan / Gobierno Municipal 2025-2027.,,"En el Día Internacional de la Lengua Materna celebramos la riqueza de nuestras lenguas originarias. Cada lengua es una forma de ver el mundo, de guardar la memoria y de fortalecer nuestra identidad. Nuestro municipio trabaja para que estas voces estén presentes en las redes sociales, promoviendo el respeto a la diversidad lingüística. Así construimos una comunidad más incluyente, donde todas las personas puedan expresarse en su propia lengua. ⸻ Otomí Ma hyadi ra za ra hñäki, ga ma thogi ne ga ma jä’i hñäki ra hai, nge ra hñäki ga hoki ra ‘mui, ga hoki ra mfeni ne ga hoki ra nt’ädi da ga jä’i. Ra municipio di hoki ra ‘betsi ko ra hñäki ra hai ma redes sociales, ne pa da maxei ra jamädi ko ra yoho hñäki. Nge nuna ga hoki ra comunidad ma hoki inclusiva, nu’u ga jä’i di pädi da ñätho ko ra hñäki da ga.","En el Día Internacional de la Lengua Materna celebramos la riqueza de nuestras lenguas originarias. Cada lengua es una forma de ver el mundo, de guardar la memoria y de fortalecer nuestra identidad. Nuestro municipio trabaja para que estas voces estén presentes en las redes sociales, promoviendo el respeto a la diversidad lingüística. Así construimos una comunidad más incluyente, donde todas las personas puedan expresarse en su propia lengua. ⸻ Otomí Ma hyadi ra za ra hñäki, ga ma thogi ne ga ma jä’i hñäki ra hai, nge ra hñäki ga hoki ra ‘mui, ga hoki ra mfeni ne ga hoki ra nt’ädi da ga jä’i. Ra municipio di hoki ra ‘betsi ko ra hñäki ra hai ma redes sociales, ne pa da maxei ra jamädi ko ra yoho hñäki. Nge nuna ga hoki ra comunidad ma hoki inclusiva, nu’u ga jä’i di pädi da ñätho ko ra hñäki da ga.",https://www.facebook.com/CiudadNaucalpan/posts/pfbid0AzhPfAauquakoNsRJrvUxuMtUuiPzY8EPnwnV6mymW8n68iDFiqghayPzizEzH9wl,https://www.facebook.com/CiudadNaucalpan/posts/pfbid0AzhPfAauquakoNsRJrvUxuMtUuiPzY8EPnwnV6mymW8n68iDFiqghayPzizEzH9wl,2026-02-21 08:40:23,2026-02-21,/home/emilio/Documentos/Naucalpan_Semanal_Reportes/Periodico/Enero_Mayo/2026-02-16_al_2026-02-28/Facebook/2026-02-16_al_2026-02-28_Facebook/2026-02-16_al_2026-02-28_Facebook_posts.csv
2026-02-16,2026-02-16_al_2026-02-28_Facebook,gobierno_naucalpan,Gobierno de Naucalpan,facebook,Facebook,post_facebook,guardiamunicipalciudadnaucalpan,Guardia Municipal Ciudad Naucalpan,,"La Policía Ética acompaña y vigila el actuar del personal de Movilidad Segura para garantizar un desempeño legal, transparente y con respeto a la ciudadanía.🚔 En Ciudad Naucalpan, la seguridad se ejerce con ética y responsabilidad. #AquiGobiernaLaEsperanza #GuardiaMunicipal #Naucalpan #PoliciaEtica #MovilidadSegura","La Policía Ética acompaña y vigila el actuar del personal de Movilidad Segura para garantizar un desempeño legal, transparente y con respeto a la ciudadanía.🚔 En Ciudad Naucalpan, la seguridad se ejerce con ética y responsabilidad. #AquiGobiernaLaEsperanza #GuardiaMunicipal #Naucalpan #PoliciaEtica #MovilidadSegura",https://www.facebook.com/reel/1476115597415281/,https://www.facebook.com/reel/1476115597415281/,2026-02-21 09:02:26,2026-02-21,/home/emilio/Documentos/Naucalpan_Semanal_Reportes/Periodico/Enero_Mayo/2026-02-16_al_2026-02-28/Facebook/2026-02-16_al_2026-02-28_Facebook/2026-02-16_al_2026-02-28_Facebook_posts.csv
2026-02-16,2026-02-16_al_2026-02-28_Facebook,gobierno_naucalpan,Gobierno de Naucalpan,facebook,Facebook,post_facebook,ciudadnaucalpan,Ciudad Naucalpan / Gobierno Municipal 2025-2027.,,"¿Sabías qué? ⚽🌍 El balón del Mundial de Francia 1938 se llamó “Coupe du Monde Allen Officiel” y estaba compuesto por 13 paneles rectangulares de cuero marrón, con tiento cerrado por un cordón de algodón blanco. 🇫🇷 #AquiGobiernaLaEsperanza #Naucalpan #HuellasDelMundial","¿Sabías qué? ⚽🌍 El balón del Mundial de Francia 1938 se llamó “Coupe du Monde Allen Officiel” y estaba compuesto por 13 paneles rectangulares de cuero marrón, con tiento cerrado por un cordón de algodón blanco. 🇫🇷 #AquiGobiernaLaEsperanza #Naucalpan #HuellasDelMundial",https://www.facebook.com/CiudadNaucalpan/posts/pfbid0fch3ixCLuG2yLnEkXC4xVRxP3JNXdsjH8vsusjwd2wB2Qk4WFjrtgmgUmk7kg7Ptl,https://www.facebook.com/CiudadNaucalpan/posts/pfbid0fch3ixCLuG2yLnEkXC4xVRxP3JNXdsjH8vsusjwd2wB2Qk4WFjrtgmgUmk7kg7Ptl,2026-02-20 16:55:21,2026-02-20,/home/emilio/Documentos/Naucalpan_Semanal_Reportes/Periodico/Enero_Mayo/2026-02-16_al_2026-02-28/Facebook/2026-02-16_al_2026-02-28_Facebook/2026-02-16_al_2026-02-28_Facebook_posts.csv
2026-02-16,2026-02-16_al_2026-02-28_Facebook,gobierno_naucalpan,Gobierno de Naucalpan,facebook,Facebook,post_facebook,ciudadnaucalpan,Ciudad Naucalpan / Gobierno Municipal 2025-2027.,,"El Presidente Municipal, Isaac Montoya Márquez, encabezó la Mesa de Paz itinerante en Santa Cruz del Monte para analizar y reforzar las estrategias de seguridad. De acuerdo con datos de la Fiscalía, se registra una disminución en delitos de alto impacto y en el robo de vehículos, resultado del trabajo coordinado entre los tres órdenes de gobierno. En este marco se llevó a cabo la estrategia Atención a las Causas, impulsada por el Gobierno de México, así como la jornada “Amor por la Paz”, donde el IMNIS desarrolló actividades con perspectiva de género, orientación jurídica, talleres y servicios gratuitos para fortalecer el tejido social y prevenir la violencia. El Presidente Municipal reiteró que la paz se construye en territorio, casa por casa, con presencia institucional y cercanía con la gente. Además, informó que se continúa fortaleciendo el modelo de seguridad con más patrullas, la instalación de más de mil cámaras y la próxima puesta en marcha de un nuevo C4. Desde el Gobierno de Naucalpan se reafirma el compromiso de trabajar por la seguridad, el bienestar y la reconstrucción del tejido social en cada comunidad. #AquiGobiernaLaEsperanza #Naucalpan #MesaDePaz #Seguridad #IMNIS","El Presidente Municipal, Isaac Montoya Márquez, encabezó la Mesa de Paz itinerante en Santa Cruz del Monte para analizar y reforzar las estrategias de seguridad. De acuerdo con datos de la Fiscalía, se registra una disminución en delitos de alto impacto y en el robo de vehículos, resultado del trabajo coordinado entre los tres órdenes de gobierno. En este marco se llevó a cabo la estrategia Atención a las Causas, impulsada por el Gobierno de México, así como la jornada “Amor por la Paz”, donde el IMNIS desarrolló actividades con perspectiva de género, orientación jurídica, talleres y servicios gratuitos para fortalecer el tejido social y prevenir la violencia. El Presidente Municipal reiteró que la paz se construye en territorio, casa por casa, con presencia institucional y cercanía con la gente. Además, informó que se continúa fortaleciendo el modelo de seguridad con más patrullas, la instalación de más de mil cámaras y la próxima puesta en marcha de un nuevo C4. Desde el Gobierno de Naucalpan se reafirma el compromiso de trabajar por la seguridad, el bienestar y la reconstrucción del tejido social en cada comunidad. #AquiGobiernaLaEsperanza #Naucalpan #MesaDePaz #Seguridad #IMNIS",https://www.facebook.com/CiudadNaucalpan/posts/pfbid02xHXZfBc4ALWZ4SywnfK9pGPtjnJnjMUARrYn9nvHkoMjqXE5V6EQdsGkUkhaREZxl,https://www.facebook.com/CiudadNaucalpan/posts/pfbid02xHXZfBc4ALWZ4SywnfK9pGPtjnJnjMUARrYn9nvHkoMjqXE5V6EQdsGkUkhaREZxl,2026-02-20 16:31:43,2026-02-20,/home/emilio/Documentos/Naucalpan_Semanal_Reportes/Periodico/Enero_Mayo/2026-02-16_al_2026-02-28/Facebook/2026-02-16_al_2026-02-28_Facebook/2026-02-16_al_2026-02-28_Facebook_posts.csv
2026-02-16,2026-02-16_al_2026-02-28_Facebook,gobierno_naucalpan,Gobierno de Naucalpan,facebook,Facebook,post_facebook,ciudadnaucalpan,Ciudad Naucalpan / Gobierno Municipal 2025-2027.,,"El Gobierno de Ciudad Naucalpan, encabezado por el Presidente Municipal, Isaac Montoya, realizó una Asamblea del Pueblo para escuchar y atender, de manera directa y sin intermediarios, las necesidades de la comunidad. 🤝 Durante la jornada se abordaron temas de servicios públicos, seguridad e infraestructura hidráulica, reafirmando el compromiso de brindar soluciones en territorio. Desde el Gobierno de Ciudad Naucalpan se continúa trabajando en mejoras para el municipio. #AquiGobiernaLaEsperanza #Naucalpan #AsambleaDelPueblo","El Gobierno de Ciudad Naucalpan, encabezado por el Presidente Municipal, Isaac Montoya, realizó una Asamblea del Pueblo para escuchar y atender, de manera directa y sin intermediarios, las necesidades de la comunidad. 🤝 Durante la jornada se abordaron temas de servicios públicos, seguridad e infraestructura hidráulica, reafirmando el compromiso de brindar soluciones en territorio. Desde el Gobierno de Ciudad Naucalpan se continúa trabajando en mejoras para el municipio. #AquiGobiernaLaEsperanza #Naucalpan #AsambleaDelPueblo",https://www.facebook.com/CiudadNaucalpan/posts/pfbid029FtuJ7hsN4pkcKDaUhMz5NHu95jPUcukq5U7iyN8yokaJXCEfAdBoiKVHbsybUeCl,https://www.facebook.com/CiudadNaucalpan/posts/pfbid029FtuJ7hsN4pkcKDaUhMz5NHu95jPUcukq5U7iyN8yokaJXCEfAdBoiKVHbsybUeCl,2026-02-20 14:13:38,2026-02-20,/home/emilio/Documentos/Naucalpan_Semanal_Reportes/Periodico/Enero_Mayo/2026-02-16_al_2026-02-28/Facebook/2026-02-16_al_2026-02-28_Facebook/2026-02-16_al_2026-02-28_Facebook_posts.csv
2026-02-16,2026-02-16_al_2026-02-28_Facebook,gobierno_naucalpan,Gobierno de Naucalpan,facebook,Facebook,post_facebook,ciudadnaucalpan,Ciudad Naucalpan / Gobierno Municipal 2025-2027.,,"En redes sociales se viralizó el caso de “Lady Naucalpan”, una mujer que aseguró ser nieta del Presidente Municipal de Ciudad Naucalpan, para justificar una actitud prepotente. ❌ La verdad es que es mentira... El Presidente Municipal de Ciudad Naucalpan aclaró de forma categórica que no es abuelo ni tiene relación alguna con esa persona, y rechazó cualquier vínculo con dicha conducta. ✅ Hacemos un llamado a la ciudadanía a informarse únicamente a través de los canales y páginas oficiales, a fin de evitar la difusión de información falsa o imprecisa. #Naucalpan","En redes sociales se viralizó el caso de “Lady Naucalpan”, una mujer que aseguró ser nieta del Presidente Municipal de Ciudad Naucalpan, para justificar una actitud prepotente. ❌ La verdad es que es mentira... El Presidente Municipal de Ciudad Naucalpan aclaró de forma categórica que no es abuelo ni tiene relación alguna con esa persona, y rechazó cualquier vínculo con dicha conducta. ✅ Hacemos un llamado a la ciudadanía a informarse únicamente a través de los canales y páginas oficiales, a fin de evitar la difusión de información falsa o imprecisa. #Naucalpan",https://www.facebook.com/reel/1628734888124194/,https://www.facebook.com/reel/1628734888124194/,2026-02-20 12:04:43,2026-02-20,/home/emilio/Documentos/Naucalpan_Semanal_Reportes/Periodico/Enero_Mayo/2026-02-16_al_2026-02-28/Facebook/2026-02-16_al_2026-02-28_Facebook/2026-02-16_al_2026-02-28_Facebook_posts.csv
2026-02-16,2026-02-16_al_2026-02-28_Facebook,gobierno_naucalpan,Gobierno de Naucalpan,facebook,Facebook,post_facebook,ciudadnaucalpan,Ciudad Naucalpan / Gobierno Municipal 2025-2027.,,"Bazar Masivo de Mujeres Emprendedoras Naucalpenses 💜✨ En el marco del Día Internacional de la Mujer, el Gobierno Municipal de Naucalpan, a través del Instituto de las Mujeres Naucalpenses y la Igualdad Sustantiva, invita a la ciudadanía a apoyar el talento, la creatividad y el esfuerzo de nuestras emprendedoras locales. 🗓️ Sábado 14 de marzo 🕙 10:00 a 17:00 horas 📍 Explanada del Parque Revolución #AquiGobiernaLaEsperanza #Naucalpan #Mujeres #MujeresEmprendedoras","Bazar Masivo de Mujeres Emprendedoras Naucalpenses 💜✨ En el marco del Día Internacional de la Mujer, el Gobierno Municipal de Naucalpan, a través del Instituto de las Mujeres Naucalpenses y la Igualdad Sustantiva, invita a la ciudadanía a apoyar el talento, la creatividad y el esfuerzo de nuestras emprendedoras locales. 🗓️ Sábado 14 de marzo 🕙 10:00 a 17:00 horas 📍 Explanada del Parque Revolución #AquiGobiernaLaEsperanza #Naucalpan #Mujeres #MujeresEmprendedoras",https://www.facebook.com/CiudadNaucalpan/posts/pfbid07kdyLeDCsR4vEKfrcNexpi5WqVb3yRcNZr46X6GxxTM82yK7sDhuhpAn93TLJuoGl,https://www.facebook.com/CiudadNaucalpan/posts/pfbid07kdyLeDCsR4vEKfrcNexpi5WqVb3yRcNZr46X6GxxTM82yK7sDhuhpAn93TLJuoGl,2026-02-20 11:52:26,2026-02-20,/home/emilio/Documentos/Naucalpan_Semanal_Reportes/Periodico/Enero_Mayo/2026-02-16_al_2026-02-28/Facebook/2026-02-16_al_2026-02-28_Facebook/2026-02-16_al_2026-02-28_Facebook_posts.csv
2026-02-16,2026-02-16_al_2026-02-28_Facebook,gobierno_naucalpan,Gobierno de Naucalpan,facebook,Facebook,post_facebook,ciudadnaucalpan,Ciudad Naucalpan / Gobierno Municipal 2025-2027.,,"El Gobierno de Naucalpan invita al Taller de Globoflexia y Decorado con Globos (Nivel Básico), una actividad formativa dirigida a la comunidad interesada en aprender técnicas básicas de decoración con globos. 🎈 📅 Inicio del taller: 25 de febrero de 2026 ⏰ Horario: 10:00 a 12:00 horas 📆 Fechas: 25 y 27 de febrero; 4, 6, 11, 13, 18 y 20 de marzo 📍 Sede: Auditorio Isidro Fabela Calle Benito Juárez, Av. Benito Juárez 39, El Mirador, Naucalpan de Juárez. 👤 Impartido por: José Antonio Reyes Becerra 📝 Inscripciones: Subdirección de Cultura, Departamento de Fomento a las Bellas Artes. Del día de la publicación al 24 de febrero. Requisitos: copia del INE y comprobante de domicilio. 🎟️ Convocatoria gratuita. ✨ #AquiGobiernaLaEsperanza #Naucalpan #Cultura #Bienestar","El Gobierno de Naucalpan invita al Taller de Globoflexia y Decorado con Globos (Nivel Básico), una actividad formativa dirigida a la comunidad interesada en aprender técnicas básicas de decoración con globos. 🎈 📅 Inicio del taller: 25 de febrero de 2026 ⏰ Horario: 10:00 a 12:00 horas 📆 Fechas: 25 y 27 de febrero; 4, 6, 11, 13, 18 y 20 de marzo 📍 Sede: Auditorio Isidro Fabela Calle Benito Juárez, Av. Benito Juárez 39, El Mirador, Naucalpan de Juárez. 👤 Impartido por: José Antonio Reyes Becerra 📝 Inscripciones: Subdirección de Cultura, Departamento de Fomento a las Bellas Artes. Del día de la publicación al 24 de febrero. Requisitos: copia del INE y comprobante de domicilio. 🎟️ Convocatoria gratuita. ✨ #AquiGobiernaLaEsperanza #Naucalpan #Cultura #Bienestar",https://www.facebook.com/CiudadNaucalpan/posts/pfbid02jycxq7GDa5RNQfhNu1DsG11qv2N1kL4pTB9HesznrYkLZjsjvPYHLVVLcTKqvfgkl,https://www.facebook.com/CiudadNaucalpan/posts/pfbid02jycxq7GDa5RNQfhNu1DsG11qv2N1kL4pTB9HesznrYkLZjsjvPYHLVVLcTKqvfgkl,2026-02-20 11:02:15,2026-02-20,/home/emilio/Documentos/Naucalpan_Semanal_Reportes/Periodico/Enero_Mayo/2026-02-16_al_2026-02-28/Facebook/2026-02-16_al_2026-02-28_Facebook/2026-02-16_al_2026-02-28_Facebook_posts.csv
2026-02-16,2026-02-16_al_2026-02-28_Facebook,gobierno_naucalpan,Gobierno de Naucalpan,facebook,Facebook,post_facebook,ciudadnaucalpan,Ciudad Naucalpan / Gobierno Municipal 2025-2027.,,"20 de febrero | Día Mundial de la Justicia Social ⚖️ La justicia social no es un privilegio, es un derecho que busca reducir las desigualdades económicas, educativas, sociales y de género, cerrando la brecha entre los más favorecidos y los más vulnerables. #AquiGobiernaLaEsperanza #Naucalpan #JusticiaSocial","20 de febrero | Día Mundial de la Justicia Social ⚖️ La justicia social no es un privilegio, es un derecho que busca reducir las desigualdades económicas, educativas, sociales y de género, cerrando la brecha entre los más favorecidos y los más vulnerables. #AquiGobiernaLaEsperanza #Naucalpan #JusticiaSocial",https://www.facebook.com/CiudadNaucalpan/posts/pfbid02eJF4HrywcEZ4qiVSZbX47iMYNhG8WCJoLRTfzrTVEEu3dXbj4TmiQ7jWPsRdZP68l,https://www.facebook.com/CiudadNaucalpan/posts/pfbid02eJF4HrywcEZ4qiVSZbX47iMYNhG8WCJoLRTfzrTVEEu3dXbj4TmiQ7jWPsRdZP68l,2026-02-20 10:20:33,2026-02-20,/home/emilio/Documentos/Naucalpan_Semanal_Reportes/Periodico/Enero_Mayo/2026-02-16_al_2026-02-28/Facebook/2026-02-16_al_2026-02-28_Facebook/2026-02-16_al_2026-02-28_Facebook_posts.csv
2026-02-16,2026-02-16_al_2026-02-28_Facebook,gobierno_naucalpan,Gobierno de Naucalpan,facebook,Facebook,post_facebook,ciudadnaucalpan,Ciudad Naucalpan / Gobierno Municipal 2025-2027.,,"20 de febrero | Día Mundial de la Justicia Social⚖️ Desde el Gobierno de Ciudad Naucalpan, a través del Instituto de las Mujeres Naucalpenses y la Igualdad Sustantiva, reafirmamos que no hay justicia social sin igualdad de género. Trabajamos por un municipio donde las mujeres vivan con dignidad, autonomía y libres de violencia. #AquiGobiernaLaEsperanza #Naucalpan #IMNIS","20 de febrero | Día Mundial de la Justicia Social⚖️ Desde el Gobierno de Ciudad Naucalpan, a través del Instituto de las Mujeres Naucalpenses y la Igualdad Sustantiva, reafirmamos que no hay justicia social sin igualdad de género. Trabajamos por un municipio donde las mujeres vivan con dignidad, autonomía y libres de violencia. #AquiGobiernaLaEsperanza #Naucalpan #IMNIS",https://www.facebook.com/CiudadNaucalpan/posts/pfbid0jX5pH5m9Qes4HbRy2HAFZ1b5AvdTB6gd6odnVgbrjRUVeXTeCbwKuCkcptNEw1ohl,https://www.facebook.com/CiudadNaucalpan/posts/pfbid0jX5pH5m9Qes4HbRy2HAFZ1b5AvdTB6gd6odnVgbrjRUVeXTeCbwKuCkcptNEw1ohl,2026-02-20 09:03:34,2026-02-20,/home/emilio/Documentos/Naucalpan_Semanal_Reportes/Periodico/Enero_Mayo/2026-02-16_al_2026-02-28/Facebook/2026-02-16_al_2026-02-28_Facebook/2026-02-16_al_2026-02-28_Facebook_posts.csv
2026-02-16,2026-02-16_al_2026-02-28_Facebook,gobierno_naucalpan,Gobierno de Naucalpan,facebook,Facebook,post_facebook,guardiamunicipalciudadnaucalpan,Guardia Municipal Ciudad Naucalpan,,"Detenido por presunto encubrimiento por receptación en la colonia Emiliano Zapata🚨 Durante trabajos de control preventivo para inhibir el robo de motocicletas, elementos de la Guardia Municipal realizaron la revisión de una unidad que, tras la consulta en las bases de datos oficiales, arrojó reporte vigente de robo. Ante esta situación, se procedió conforme a protocolo, realizando el aseguramiento correspondiente y la puesta a disposición ante la Fiscalía Regional de Naucalpan, autoridad que determinará la situación jurídica conforme a derecho. La Guardia Municipal refrenda su compromiso de actuar con profesionalismo, responsabilidad y estricto apego al debido proceso, fortaleciendo las acciones preventivas para proteger el patrimonio de las y los naucalpenses. #AquiGobiernaLaEsperanza #Naucalpan #GuardiaMunicipal","Detenido por presunto encubrimiento por receptación en la colonia Emiliano Zapata🚨 Durante trabajos de control preventivo para inhibir el robo de motocicletas, elementos de la Guardia Municipal realizaron la revisión de una unidad que, tras la consulta en las bases de datos oficiales, arrojó reporte vigente de robo. Ante esta situación, se procedió conforme a protocolo, realizando el aseguramiento correspondiente y la puesta a disposición ante la Fiscalía Regional de Naucalpan, autoridad que determinará la situación jurídica conforme a derecho. La Guardia Municipal refrenda su compromiso de actuar con profesionalismo, responsabilidad y estricto apego al debido proceso, fortaleciendo las acciones preventivas para proteger el patrimonio de las y los naucalpenses. #AquiGobiernaLaEsperanza #Naucalpan #GuardiaMunicipal",https://www.facebook.com/GuardiaMunicipalCiudadNaucalpan/posts/pfbid0vAEJWMmZdGcKYAj3gA2MGEJ6cnwAkJ9SLvTUDdsngpE4EAe7mdxCm7oFUjTVshagl,https://www.facebook.com/GuardiaMunicipalCiudadNaucalpan/posts/pfbid0vAEJWMmZdGcKYAj3gA2MGEJ6cnwAkJ9SLvTUDdsngpE4EAe7mdxCm7oFUjTVshagl,2026-02-20 17:17:21,2026-02-20,/home/emilio/Documentos/Naucalpan_Semanal_Reportes/Periodico/Enero_Mayo/2026-02-16_al_2026-02-28/Facebook/2026-02-16_al_2026-02-28_Facebook/2026-02-16_al_2026-02-28_Facebook_posts.csv
2026-02-16,2026-02-16_al_2026-02-28_Facebook,gobierno_naucalpan,Gobierno de Naucalpan,facebook,Facebook,post_facebook,ciudadnaucalpan,Ciudad Naucalpan / Gobierno Municipal 2025-2027.,,"Huellas de la Transformación👣✨ El Gobierno de Ciudad Naucalpan te invita: 📅 Viernes 20 de febrero 🕙 10:00 horas 📍 Col. La Universal Calle José Enrique Rodó 42, Naucalpan de Juárez. #AquiGobiernaLaEsperanza #Naucalpan #HuellasDeLaTransformacion","Huellas de la Transformación👣✨ El Gobierno de Ciudad Naucalpan te invita: 📅 Viernes 20 de febrero 🕙 10:00 horas 📍 Col. La Universal Calle José Enrique Rodó 42, Naucalpan de Juárez. #AquiGobiernaLaEsperanza #Naucalpan #HuellasDeLaTransformacion",https://www.facebook.com/CiudadNaucalpan/posts/pfbid0BoSSw9FZ2Re9ffWUSFP56LSuyyUytAs4c8vVTNm14ruzru2voW3TY3vzHbCcoSCkl,https://www.facebook.com/CiudadNaucalpan/posts/pfbid0BoSSw9FZ2Re9ffWUSFP56LSuyyUytAs4c8vVTNm14ruzru2voW3TY3vzHbCcoSCkl,2026-02-19 21:51:32,2026-02-19,/home/emilio/Documentos/Naucalpan_Semanal_Reportes/Periodico/Enero_Mayo/2026-02-16_al_2026-02-28/Facebook/2026-02-16_al_2026-02-28_Facebook/2026-02-16_al_2026-02-28_Facebook_posts.csv
2026-02-16,2026-02-16_al_2026-02-28_Facebook,gobierno_naucalpan,Gobierno de Naucalpan,facebook,Facebook,post_facebook,ciudadnaucalpan,Ciudad Naucalpan / Gobierno Municipal 2025-2027.,,Bazar de mujeres emprendedoras de Ciudad Naucalpan.💜 #AquiGobiernaLaEsperanza #Naucalpan #IMNIS,Bazar de mujeres emprendedoras de Ciudad Naucalpan.💜 #AquiGobiernaLaEsperanza #Naucalpan #IMNIS,https://www.facebook.com/reel/4324241804510994/,https://www.facebook.com/reel/4324241804510994/,2026-02-19 18:54:11,2026-02-19,/home/emilio/Documentos/Naucalpan_Semanal_Reportes/Periodico/Enero_Mayo/2026-02-16_al_2026-02-28/Facebook/2026-02-16_al_2026-02-28_Facebook/2026-02-16_al_2026-02-28_Facebook_posts.csv
2026-02-16,2026-02-16_al_2026-02-28_Facebook,gobierno_naucalpan,Gobierno de Naucalpan,facebook,Facebook,post_facebook,ciudadnaucalpan,Ciudad Naucalpan / Gobierno Municipal 2025-2027.,,"“Mesa de la Paz, Amor por la Paz”✨🕊️ El Gobierno de Ciudad Naucalpan invita a la ciudadanía a participar en la jornada de servicios gratuitos que se llevará a cabo en el marco de la Mesa de la Paz: ✂️ Cortes de cabello ⚖️ Atención jurídica 🧠 Atención psicológica con perspectiva de género 📚 Taller: Sobre mitos del amor romántico 📅 Viernes 20 de febrero de 2026 🕘 9:00 horas 📍 Col. Santa Cruz del Monte Calle Cruz del Cristo 45, Naucalpan de Juárez. #AquiGobiernaLaEsperanza #Naucalpan #MesaDePaz #IMNIS #OASyS #GuardiaMunicipal","“Mesa de la Paz, Amor por la Paz”✨🕊️ El Gobierno de Ciudad Naucalpan invita a la ciudadanía a participar en la jornada de servicios gratuitos que se llevará a cabo en el marco de la Mesa de la Paz: ✂️ Cortes de cabello ⚖️ Atención jurídica 🧠 Atención psicológica con perspectiva de género 📚 Taller: Sobre mitos del amor romántico 📅 Viernes 20 de febrero de 2026 🕘 9:00 horas 📍 Col. Santa Cruz del Monte Calle Cruz del Cristo 45, Naucalpan de Juárez. #AquiGobiernaLaEsperanza #Naucalpan #MesaDePaz #IMNIS #OASyS #GuardiaMunicipal",https://www.facebook.com/CiudadNaucalpan/posts/pfbid02xEoADeTVGxnjoVJk5Lj9qJTsTxEtRUpcZmFSyTdtR7YtgsBbv3rV66fs1SZBcWRol,https://www.facebook.com/CiudadNaucalpan/posts/pfbid02xEoADeTVGxnjoVJk5Lj9qJTsTxEtRUpcZmFSyTdtR7YtgsBbv3rV66fs1SZBcWRol,2026-02-19 14:59:24,2026-02-19,/home/emilio/Documentos/Naucalpan_Semanal_Reportes/Periodico/Enero_Mayo/2026-02-16_al_2026-02-28/Facebook/2026-02-16_al_2026-02-28_Facebook/2026-02-16_al_2026-02-28_Facebook_posts.csv
2026-02-16,2026-02-16_al_2026-02-28_Facebook,gobierno_naucalpan,Gobierno de Naucalpan,facebook,Facebook,post_facebook,ciudadnaucalpan,Ciudad Naucalpan / Gobierno Municipal 2025-2027.,,"El Gobierno Municipal de Ciudad Naucalpan, encabezado por el Presidente Isaac Montoya, inauguró el Mural Colectivo en el CONALEP II, ubicado en Avenida de las Granjas, colonia Mártires de Río Blanco, como parte de una estrategia integral para recuperar y dignificar los entornos escolares.🎨🧑‍🏫📒 Esta obra, realizada con el propósito de acercar el arte a la juventud, se encuentra estratégicamente ubicada a un costado de las aulas en la zona de recreo, impactando diariamente a más de 1,500 estudiantes que forman parte de esta comunidad educativa. El proyecto fue coordinado a través de las Juventudes Naucalpenses. La ejecución artística estuvo a cargo de muralistas locales y contó con la valiosa participación de estudiantes del plantel, quienes colaboraron activamente en la creación de una obra que refleja el espíritu juvenil y el camino de las y los estudiantes hacia su futuro profesional. Durante la inauguración, autoridades municipales y escolares coincidieron en que el arte y la recuperación de espacios son parte fundamental de la transformación que vive Ciudad Naucalpan. #AquiGobiernaLaEsperanza #Naucalpan #Educacion #Cultura #Juventud","El Gobierno Municipal de Ciudad Naucalpan, encabezado por el Presidente Isaac Montoya, inauguró el Mural Colectivo en el CONALEP II, ubicado en Avenida de las Granjas, colonia Mártires de Río Blanco, como parte de una estrategia integral para recuperar y dignificar los entornos escolares.🎨🧑‍🏫📒 Esta obra, realizada con el propósito de acercar el arte a la juventud, se encuentra estratégicamente ubicada a un costado de las aulas en la zona de recreo, impactando diariamente a más de 1,500 estudiantes que forman parte de esta comunidad educativa. El proyecto fue coordinado a través de las Juventudes Naucalpenses. La ejecución artística estuvo a cargo de muralistas locales y contó con la valiosa participación de estudiantes del plantel, quienes colaboraron activamente en la creación de una obra que refleja el espíritu juvenil y el camino de las y los estudiantes hacia su futuro profesional. Durante la inauguración, autoridades municipales y escolares coincidieron en que el arte y la recuperación de espacios son parte fundamental de la transformación que vive Ciudad Naucalpan. #AquiGobiernaLaEsperanza #Naucalpan #Educacion #Cultura #Juventud",https://www.facebook.com/CiudadNaucalpan/posts/pfbid02QJbPHdnuy5UEZT6tVBu4SLFqPVUv1ywEhLtPsxU2gNrTycYcNkQ2kPpJPY2YpJ5Ql,https://www.facebook.com/CiudadNaucalpan/posts/pfbid02QJbPHdnuy5UEZT6tVBu4SLFqPVUv1ywEhLtPsxU2gNrTycYcNkQ2kPpJPY2YpJ5Ql,2026-02-19 14:23:00,2026-02-19,/home/emilio/Documentos/Naucalpan_Semanal_Reportes/Periodico/Enero_Mayo/2026-02-16_al_2026-02-28/Facebook/2026-02-16_al_2026-02-28_Facebook/2026-02-16_al_2026-02-28_Facebook_posts.csv
2026-02-16,2026-02-16_al_2026-02-28_Facebook,gobierno_naucalpan,Gobierno de Naucalpan,facebook,Facebook,post_facebook,ciudadnaucalpan,Ciudad Naucalpan / Gobierno Municipal 2025-2027.,,"19 de febrero | Día del Ejército Mexicano. Hoy conmemoramos al Ejército Mexicano y rendimos homenaje a las mujeres y hombres que, con disciplina y valentía, forman parte del Ejército, la Guardia Nacional y la Fuerza Aérea Mexicana. #AquiGobiernaLaEsperanza #Naucalpan #EjercitoMexicano","19 de febrero | Día del Ejército Mexicano. Hoy conmemoramos al Ejército Mexicano y rendimos homenaje a las mujeres y hombres que, con disciplina y valentía, forman parte del Ejército, la Guardia Nacional y la Fuerza Aérea Mexicana. #AquiGobiernaLaEsperanza #Naucalpan #EjercitoMexicano",https://www.facebook.com/CiudadNaucalpan/posts/pfbid02kzNkn9Jy2sggCmbPwVGE5HvZtV2zz5K9oCytsxZpW4jZEjwvN1ECxudyAtgBGCtbl,https://www.facebook.com/CiudadNaucalpan/posts/pfbid02kzNkn9Jy2sggCmbPwVGE5HvZtV2zz5K9oCytsxZpW4jZEjwvN1ECxudyAtgBGCtbl,2026-02-19 09:48:25,2026-02-19,/home/emilio/Documentos/Naucalpan_Semanal_Reportes/Periodico/Enero_Mayo/2026-02-16_al_2026-02-28/Facebook/2026-02-16_al_2026-02-28_Facebook/2026-02-16_al_2026-02-28_Facebook_posts.csv
2026-02-16,2026-02-16_al_2026-02-28_Facebook,gobierno_naucalpan,Gobierno de Naucalpan,facebook,Facebook,post_facebook,ciudadnaucalpan,Ciudad Naucalpan / Gobierno Municipal 2025-2027.,,"Conferencia: “El servicio como ventaja competitiva”📢✨ El Gobierno de Ciudad Naucalpan, a través de la Dirección de Desarrollo y Fomento Económico, te invita a este evento gratuito donde conocerás herramientas clave para fortalecer tu servicio y hacerlo una ventaja competitiva. 📍👉Consulta sede, fecha, horario y datos de registro directamente en la imagen. #AquiGobiernaLaEsperanza #Naucalpan #FomentoEconomico","Conferencia: “El servicio como ventaja competitiva”📢✨ El Gobierno de Ciudad Naucalpan, a través de la Dirección de Desarrollo y Fomento Económico, te invita a este evento gratuito donde conocerás herramientas clave para fortalecer tu servicio y hacerlo una ventaja competitiva. 📍👉Consulta sede, fecha, horario y datos de registro directamente en la imagen. #AquiGobiernaLaEsperanza #Naucalpan #FomentoEconomico",https://www.facebook.com/CiudadNaucalpan/posts/pfbid02zE1kWhLpYXKWFPyXEMH1jhFZv7NK78eEWJ9bguySVR6LNNu3zWrtDbSAuqygxuDfl,https://www.facebook.com/CiudadNaucalpan/posts/pfbid02zE1kWhLpYXKWFPyXEMH1jhFZv7NK78eEWJ9bguySVR6LNNu3zWrtDbSAuqygxuDfl,2026-02-18 19:01:38,2026-02-18,/home/emilio/Documentos/Naucalpan_Semanal_Reportes/Periodico/Enero_Mayo/2026-02-16_al_2026-02-28/Facebook/2026-02-16_al_2026-02-28_Facebook/2026-02-16_al_2026-02-28_Facebook_posts.csv
2026-02-16,2026-02-16_al_2026-02-28_Facebook,gobierno_naucalpan,Gobierno de Naucalpan,facebook,Facebook,post_facebook,ciudadnaucalpan,Ciudad Naucalpan / Gobierno Municipal 2025-2027.,,"Caravana “Estamos Contigo” llega a La Mancha III💜 El Gobierno de Ciudad Naucalpan, a través del Instituto de las Mujeres Naucalpenses y la Igualdad Sustantiva, invita a la ciudadanía a participar en la Caravana “Estamos Contigo”, un espacio integral de atención y acompañamiento para fortalecer el bienestar de las mujeres y sus familias. 🤝✨ 📍 Colonia Mancha 3, calle C.13 🗓️ Sábado 21 de febrero de 2026 ⏰ De 10:00 a 14:30 horas #AquiGobiernaLaEsperanza #Naucalpan #EstamosContigo","Caravana “Estamos Contigo” llega a La Mancha III💜 El Gobierno de Ciudad Naucalpan, a través del Instituto de las Mujeres Naucalpenses y la Igualdad Sustantiva, invita a la ciudadanía a participar en la Caravana “Estamos Contigo”, un espacio integral de atención y acompañamiento para fortalecer el bienestar de las mujeres y sus familias. 🤝✨ 📍 Colonia Mancha 3, calle C.13 🗓️ Sábado 21 de febrero de 2026 ⏰ De 10:00 a 14:30 horas #AquiGobiernaLaEsperanza #Naucalpan #EstamosContigo",https://www.facebook.com/CiudadNaucalpan/posts/pfbid0245nZMBhCCsjVdhFrnKdhjrfTTnDFWx2kAp8EEtCM3eJ345RojXqqSQR3xqL6rLLzl,https://www.facebook.com/CiudadNaucalpan/posts/pfbid0245nZMBhCCsjVdhFrnKdhjrfTTnDFWx2kAp8EEtCM3eJ345RojXqqSQR3xqL6rLLzl,2026-02-18 18:54:21,2026-02-18,/home/emilio/Documentos/Naucalpan_Semanal_Reportes/Periodico/Enero_Mayo/2026-02-16_al_2026-02-28/Facebook/2026-02-16_al_2026-02-28_Facebook/2026-02-16_al_2026-02-28_Facebook_posts.csv
2026-02-16,2026-02-16_al_2026-02-28_Facebook,gobierno_naucalpan,Gobierno de Naucalpan,facebook,Facebook,post_facebook,ciudadnaucalpan,Ciudad Naucalpan / Gobierno Municipal 2025-2027.,,"Con el fin de asegurar la afiliación al IMSS Bienestar en Ciudad Naucalpan y alcanzar la cobertura universal, el Presidente Municipal, Isaac Montoya y el Coordinador Estatal del IMSS- Bienestar, en el Estado de México, Natán Enríquez Ríos, llevaron a cabo una firma de convenio de colaboración en el Salón Expresidentes del edificio del Ayuntamiento. 🏥 El Presidente Municipal destacó que hablar de salud es hablar de dignidad, de tranquilidad para madres y padres de familia, de certeza para las personas adultas mayores y de oportunidades para juventudes e infancias que históricamente han quedado fuera de los sistemas de seguridad social. Con este convenio se instalarán y fortalecerán módulos de afiliación en Naucalpan, para que quienes no cuentan con seguridad social puedan registrarse y acceder a consultas, medicamentos y estudios sin costo. Asimismo, se consolidará la atención primaria y la prevención como ejes centrales, priorizando la detección oportuna y el acompañamiento comunitario. Desde el Gobierno de Ciudad Naucalpan seguimos trabajando para construir un sistema de salud más humano, cercano y justo. La salud es un derecho, no un privilegio. #AquiGobiernaLaEsperanza #Naucalpan #IMSSBienestar #SaludParaTodos","Con el fin de asegurar la afiliación al IMSS Bienestar en Ciudad Naucalpan y alcanzar la cobertura universal, el Presidente Municipal, Isaac Montoya y el Coordinador Estatal del IMSS- Bienestar, en el Estado de México, Natán Enríquez Ríos, llevaron a cabo una firma de convenio de colaboración en el Salón Expresidentes del edificio del Ayuntamiento. 🏥 El Presidente Municipal destacó que hablar de salud es hablar de dignidad, de tranquilidad para madres y padres de familia, de certeza para las personas adultas mayores y de oportunidades para juventudes e infancias que históricamente han quedado fuera de los sistemas de seguridad social. Con este convenio se instalarán y fortalecerán módulos de afiliación en Naucalpan, para que quienes no cuentan con seguridad social puedan registrarse y acceder a consultas, medicamentos y estudios sin costo. Asimismo, se consolidará la atención primaria y la prevención como ejes centrales, priorizando la detección oportuna y el acompañamiento comunitario. Desde el Gobierno de Ciudad Naucalpan seguimos trabajando para construir un sistema de salud más humano, cercano y justo. La salud es un derecho, no un privilegio. #AquiGobiernaLaEsperanza #Naucalpan #IMSSBienestar #SaludParaTodos",https://www.facebook.com/CiudadNaucalpan/posts/pfbid02NWQYf48pTpF2LtxD1cEXLv5Yi3RNYGZiM5u1GQcaVq3NDEiEXnneXrb7cgWRT7Kbl,https://www.facebook.com/CiudadNaucalpan/posts/pfbid02NWQYf48pTpF2LtxD1cEXLv5Yi3RNYGZiM5u1GQcaVq3NDEiEXnneXrb7cgWRT7Kbl,2026-02-18 15:11:29,2026-02-18,/home/emilio/Documentos/Naucalpan_Semanal_Reportes/Periodico/Enero_Mayo/2026-02-16_al_2026-02-28/Facebook/2026-02-16_al_2026-02-28_Facebook/2026-02-16_al_2026-02-28_Facebook_posts.csv
2026-02-16,2026-02-16_al_2026-02-28_Facebook,gobierno_naucalpan,Gobierno de Naucalpan,facebook,Facebook,post_facebook,ciudadnaucalpan,Ciudad Naucalpan / Gobierno Municipal 2025-2027.,,Hoy reafirmamos que la prevención se construye en equipo.🚨 👉¡Gracias por participar! Tu compromiso fortalece la cultura de prevención. #AquiGobiernaLaEsperanza #EdoMex #Naucalpan #ProteccionCivil #SimulacroSismo2026,Hoy reafirmamos que la prevención se construye en equipo.🚨 👉¡Gracias por participar! Tu compromiso fortalece la cultura de prevención. #AquiGobiernaLaEsperanza #EdoMex #Naucalpan #ProteccionCivil #SimulacroSismo2026,https://www.facebook.com/reel/670581782785236/,https://www.facebook.com/reel/670581782785236/,2026-02-18 14:31:44,2026-02-18,/home/emilio/Documentos/Naucalpan_Semanal_Reportes/Periodico/Enero_Mayo/2026-02-16_al_2026-02-28/Facebook/2026-02-16_al_2026-02-28_Facebook/2026-02-16_al_2026-02-28_Facebook_posts.csv
2026-02-16,2026-02-16_al_2026-02-28_Facebook,gobierno_naucalpan,Gobierno de Naucalpan,facebook,Facebook,post_facebook,ciudadnaucalpan,Ciudad Naucalpan / Gobierno Municipal 2025-2027.,,"Hoy reafirmamos que la prevención se construye en equipo.🚨 El Gobierno de Ciudad Naucalpan participó activamente en el Primer Simulacro por Sismo 2026, fortaleciendo rutas de evacuación, protocolos de actuación y tiempos de respuesta ante una posible emergencia. Estos ejercicios no solo ponen a prueba a las instituciones, también nos preparan como comunidad. La cultura de la prevención es una práctica permanente que salva vidas y nos permite actuar con orden y responsabilidad. Seguimos trabajando para proteger a nuestras familias y construir un Naucalpan más seguro. 👉¡Gracias por participar! Tu compromiso fortalece la cultura de prevención. #AquiGobiernaLaEsperanza #EdoMex #Naucalpan #ProteccionCivil #SimulacroSismo2026","Hoy reafirmamos que la prevención se construye en equipo.🚨 El Gobierno de Ciudad Naucalpan participó activamente en el Primer Simulacro por Sismo 2026, fortaleciendo rutas de evacuación, protocolos de actuación y tiempos de respuesta ante una posible emergencia. Estos ejercicios no solo ponen a prueba a las instituciones, también nos preparan como comunidad. La cultura de la prevención es una práctica permanente que salva vidas y nos permite actuar con orden y responsabilidad. Seguimos trabajando para proteger a nuestras familias y construir un Naucalpan más seguro. 👉¡Gracias por participar! Tu compromiso fortalece la cultura de prevención. #AquiGobiernaLaEsperanza #EdoMex #Naucalpan #ProteccionCivil #SimulacroSismo2026",https://www.facebook.com/CiudadNaucalpan/posts/pfbid0VDk1G2JdNT6XcX83E9NTxU6wGkdRQELq3R3rxjSmfRtD13DBq65mi5WPGLnogaGVl,https://www.facebook.com/CiudadNaucalpan/posts/pfbid0VDk1G2JdNT6XcX83E9NTxU6wGkdRQELq3R3rxjSmfRtD13DBq65mi5WPGLnogaGVl,2026-02-18 13:18:56,2026-02-18,/home/emilio/Documentos/Naucalpan_Semanal_Reportes/Periodico/Enero_Mayo/2026-02-16_al_2026-02-28/Facebook/2026-02-16_al_2026-02-28_Facebook/2026-02-16_al_2026-02-28_Facebook_posts.csv
2026-02-16,2026-02-16_al_2026-02-28_Facebook,gobierno_naucalpan,Gobierno de Naucalpan,facebook,Facebook,post_facebook,ciudadnaucalpan,Ciudad Naucalpan / Gobierno Municipal 2025-2027.,,"Unidades Móviles EDOMÉX en Ciudad Naucalpan🚐📄 Realiza tus trámites del Registro Civil cerca de tu hogar. 📅 Del 25 de febrero al 11 de marzo. 🕘 9:00 a 15:00 horas. Consulta fechas, sedes y servicios disponibles directamente en las imágenes. #AquiGobiernaLaEsperanza #Naucalpan #UnidadesMoviles #RegistroCivil","Unidades Móviles EDOMÉX en Ciudad Naucalpan🚐📄 Realiza tus trámites del Registro Civil cerca de tu hogar. 📅 Del 25 de febrero al 11 de marzo. 🕘 9:00 a 15:00 horas. Consulta fechas, sedes y servicios disponibles directamente en las imágenes. #AquiGobiernaLaEsperanza #Naucalpan #UnidadesMoviles #RegistroCivil",https://www.facebook.com/CiudadNaucalpan/posts/pfbid0yixvA1Uw2nb3BvAtnxGVguV8SRzHfnFtFNK46FGkPLbNNLak8PwwpTxzKmLiwjNUl,https://www.facebook.com/CiudadNaucalpan/posts/pfbid0yixvA1Uw2nb3BvAtnxGVguV8SRzHfnFtFNK46FGkPLbNNLak8PwwpTxzKmLiwjNUl,2026-02-18 13:01:56,2026-02-18,/home/emilio/Documentos/Naucalpan_Semanal_Reportes/Periodico/Enero_Mayo/2026-02-16_al_2026-02-28/Facebook/2026-02-16_al_2026-02-28_Facebook/2026-02-16_al_2026-02-28_Facebook_posts.csv
2026-02-16,2026-02-16_al_2026-02-28_Facebook,gobierno_naucalpan,Gobierno de Naucalpan,facebook,Facebook,post_facebook,ciudadnaucalpan,Ciudad Naucalpan / Gobierno Municipal 2025-2027.,,"El Gobierno de Ciudad Naucalpan informa que este miércoles 18 de febrero, a las 11:00 horas, se llevará a cabo el Primer Simulacro por Sismo 2026 en el Estado de México y la Ciudad de México.🚨 👉Durante el ejercicio se activará la alerta sísmica en teléfonos celulares y altavoces, como parte de las acciones de prevención y fortalecimiento de la cultura de protección civil. ⛑️Invitamos a la ciudadanía, instituciones, comercios y centros de trabajo a participar de manera responsable y seguir las indicaciones de las autoridades. Prepararnos hoy puede salvar vidas mañana. #AquiGobiernaLaEsperanza #EdoMex #Naucalpan #ProteccionCivil #Simulacro2026","El Gobierno de Ciudad Naucalpan informa que este miércoles 18 de febrero, a las 11:00 horas, se llevará a cabo el Primer Simulacro por Sismo 2026 en el Estado de México y la Ciudad de México.🚨 👉Durante el ejercicio se activará la alerta sísmica en teléfonos celulares y altavoces, como parte de las acciones de prevención y fortalecimiento de la cultura de protección civil. ⛑️Invitamos a la ciudadanía, instituciones, comercios y centros de trabajo a participar de manera responsable y seguir las indicaciones de las autoridades. Prepararnos hoy puede salvar vidas mañana. #AquiGobiernaLaEsperanza #EdoMex #Naucalpan #ProteccionCivil #Simulacro2026",https://www.facebook.com/CiudadNaucalpan/posts/pfbid025BEhKhZ9kTuaCWFWd9p22E2cT72eQtTC3DJ64cpu1EsYYJPLmgHz3YrFEgz6c5d1l,https://www.facebook.com/CiudadNaucalpan/posts/pfbid025BEhKhZ9kTuaCWFWd9p22E2cT72eQtTC3DJ64cpu1EsYYJPLmgHz3YrFEgz6c5d1l,2026-02-18 10:54:23,2026-02-18,/home/emilio/Documentos/Naucalpan_Semanal_Reportes/Periodico/Enero_Mayo/2026-02-16_al_2026-02-28/Facebook/2026-02-16_al_2026-02-28_Facebook/2026-02-16_al_2026-02-28_Facebook_posts.csv
2026-02-16,2026-02-16_al_2026-02-28_Facebook,gobierno_naucalpan,Gobierno de Naucalpan,facebook,Facebook,post_facebook,guardiamunicipalciudadnaucalpan,Guardia Municipal Ciudad Naucalpan,,"Detenido por hechos que podrían constituir un delito en agravio de una menor de edad en San Francisco Chimalpa🚨 Derivado de la atención oportuna a una denuncia, fue asegurado un hombre señalado por su probable participación en hechos en agravio de una menor de edad. El detenido fue puesto de inmediato a disposición del Ministerio Público, autoridad que realizará las investigaciones correspondientes y determinará su situación jurídica conforme a derecho. En la Guardia Municipal reiteramos nuestro compromiso de actuar con responsabilidad, profesionalismo y estricto apego al debido proceso, priorizando en todo momento la protección y el interés superior de la niñez. Si eres víctima o tienes conocimiento de algún hecho que vulnere la integridad de niñas, niños o adolescentes, denuncia a través de los canales oficiales. La protección de la niñez es una responsabilidad compartida. #AquiGobiernaLaEsperanza #Naucalpan #GuardiaMunicipal","Detenido por hechos que podrían constituir un delito en agravio de una menor de edad en San Francisco Chimalpa🚨 Derivado de la atención oportuna a una denuncia, fue asegurado un hombre señalado por su probable participación en hechos en agravio de una menor de edad. El detenido fue puesto de inmediato a disposición del Ministerio Público, autoridad que realizará las investigaciones correspondientes y determinará su situación jurídica conforme a derecho. En la Guardia Municipal reiteramos nuestro compromiso de actuar con responsabilidad, profesionalismo y estricto apego al debido proceso, priorizando en todo momento la protección y el interés superior de la niñez. Si eres víctima o tienes conocimiento de algún hecho que vulnere la integridad de niñas, niños o adolescentes, denuncia a través de los canales oficiales. La protección de la niñez es una responsabilidad compartida. #AquiGobiernaLaEsperanza #Naucalpan #GuardiaMunicipal",https://www.facebook.com/GuardiaMunicipalCiudadNaucalpan/posts/pfbid02qynMDDMjDQ5YHuFZd5tTcYRxyfbu7zid2k83D8b96pYGiaYb3vC7W3ujik4d4UXwl,https://www.facebook.com/GuardiaMunicipalCiudadNaucalpan/posts/pfbid02qynMDDMjDQ5YHuFZd5tTcYRxyfbu7zid2k83D8b96pYGiaYb3vC7W3ujik4d4UXwl,2026-02-18 14:48:58,2026-02-18,/home/emilio/Documentos/Naucalpan_Semanal_Reportes/Periodico/Enero_Mayo/2026-02-16_al_2026-02-28/Facebook/2026-02-16_al_2026-02-28_Facebook/2026-02-16_al_2026-02-28_Facebook_posts.csv
2026-02-16,2026-02-16_al_2026-02-28_Facebook,gobierno_naucalpan,Gobierno de Naucalpan,facebook,Facebook,post_facebook,guardiamunicipalciudadnaucalpan,Guardia Municipal Ciudad Naucalpan,,"Mega Operativo Estrategia Oriente🚔 Con el objetivo de combatir de manera frontal los delitos de alto impacto, se puso en marcha el Mega Operativo “Estrategia Oriente”, en el que participan de manera coordinada los tres niveles de gobierno: federal, estatal y municipal. En estas acciones conjuntas intervienen la Secretaría de la Defensa Nacional, la Guardia Nacional, la Secretaría de Seguridad del Estado de México y la Guardia Municipal de Naucalpan, quienes realizan despliegues estratégicos, patrullajes preventivos, filtros de revisión y labores de proximidad social en puntos prioritarios del municipio. Esta estrategia fortalece la presencia operativa en territorio, inhibe conductas delictivas y refrenda el compromiso de trabajar de manera coordinada para proteger a las familias naucalpenses. La seguridad la construimos entre todas y todos. Seguiremos trabajando por tu bienestar, con toda seguridad. #AquiGobiernaLaEsperanza #GuardiaMunicipal #Naucalpan #GuardiaNacional #PolociaEstatal #Seguridad #EstrategiaOriente #SSEM","Mega Operativo Estrategia Oriente🚔 Con el objetivo de combatir de manera frontal los delitos de alto impacto, se puso en marcha el Mega Operativo “Estrategia Oriente”, en el que participan de manera coordinada los tres niveles de gobierno: federal, estatal y municipal. En estas acciones conjuntas intervienen la Secretaría de la Defensa Nacional, la Guardia Nacional, la Secretaría de Seguridad del Estado de México y la Guardia Municipal de Naucalpan, quienes realizan despliegues estratégicos, patrullajes preventivos, filtros de revisión y labores de proximidad social en puntos prioritarios del municipio. Esta estrategia fortalece la presencia operativa en territorio, inhibe conductas delictivas y refrenda el compromiso de trabajar de manera coordinada para proteger a las familias naucalpenses. La seguridad la construimos entre todas y todos. Seguiremos trabajando por tu bienestar, con toda seguridad. #AquiGobiernaLaEsperanza #GuardiaMunicipal #Naucalpan #GuardiaNacional #PolociaEstatal #Seguridad #EstrategiaOriente #SSEM",https://www.facebook.com/reel/779869121828616/,https://www.facebook.com/reel/779869121828616/,2026-02-16 16:44:54,2026-02-16,/home/emilio/Documentos/Naucalpan_Semanal_Reportes/Periodico/Enero_Mayo/2026-02-16_al_2026-02-28/Facebook/2026-02-16_al_2026-02-28_Facebook/2026-02-16_al_2026-02-28_Facebook_posts.csv
2026-02-16,2026-02-16_al_2026-02-28_Facebook,gobierno_naucalpan,Gobierno de Naucalpan,facebook,Facebook,post_facebook,guardiamunicipalciudadnaucalpan,Guardia Municipal Ciudad Naucalpan,,"La Guardia Municipal, a través de la Subdirección de Prevención del Delito, lleva a cabo pláticas escolares dirigidas a niñas, niños y adolescentes, con el objetivo de fomentar valores, fortalecer la cultura de la legalidad y promover la toma de decisiones responsables.🚸 Mediante estas actividades, se brinda información preventiva que contribuye a: • Identificar conductas de riesgo. • Fortalecer la convivencia escolar. • Promover el autocuidado y el respeto. • Construir entornos más seguros desde edades tempranas. La cercanía con la comunidad educativa es clave para prevenir el delito y formar una ciudadanía consciente, participativa y comprometida. #AquiGobiernaLaEsperanza #GuardiaMunicipal #Naucalpan","La Guardia Municipal, a través de la Subdirección de Prevención del Delito, lleva a cabo pláticas escolares dirigidas a niñas, niños y adolescentes, con el objetivo de fomentar valores, fortalecer la cultura de la legalidad y promover la toma de decisiones responsables.🚸 Mediante estas actividades, se brinda información preventiva que contribuye a: • Identificar conductas de riesgo. • Fortalecer la convivencia escolar. • Promover el autocuidado y el respeto. • Construir entornos más seguros desde edades tempranas. La cercanía con la comunidad educativa es clave para prevenir el delito y formar una ciudadanía consciente, participativa y comprometida. #AquiGobiernaLaEsperanza #GuardiaMunicipal #Naucalpan",https://www.facebook.com/reel/912475294519272/,https://www.facebook.com/reel/912475294519272/,2026-02-16 09:39:43,2026-02-16,/home/emilio/Documentos/Naucalpan_Semanal_Reportes/Periodico/Enero_Mayo/2026-02-16_al_2026-02-28/Facebook/2026-02-16_al_2026-02-28_Facebook/2026-02-16_al_2026-02-28_Facebook_posts.csv
2026-02-16,2026-02-16_al_2026-02-28_Facebook,gobierno_naucalpan,Gobierno de Naucalpan,facebook,Facebook,post_facebook,guardiamunicipalciudadnaucalpan,Guardia Municipal Ciudad Naucalpan,,"La Policía Ética acompaña y vigila el actuar del personal de Movilidad Segura para garantizar un desempeño legal, transparente y con respeto a la ciudadanía.🚔 En Ciudad Naucalpan, la seguridad se ejerce con ética y responsabilidad. #AquiGobiernaLaEsperanza #GuardiaMunicipal #Naucalpan #PoliciaEtica #MovilidadSegura","La Policía Ética acompaña y vigila el actuar del personal de Movilidad Segura para garantizar un desempeño legal, transparente y con respeto a la ciudadanía.🚔 En Ciudad Naucalpan, la seguridad se ejerce con ética y responsabilidad. #AquiGobiernaLaEsperanza #GuardiaMunicipal #Naucalpan #PoliciaEtica #MovilidadSegura",https://www.facebook.com/reel/1399553977984759/,https://www.facebook.com/reel/1399553977984759/,2026-02-16 09:02:55,2026-02-16,/home/emilio/Documentos/Naucalpan_Semanal_Reportes/Periodico/Enero_Mayo/2026-02-16_al_2026-02-28/Facebook/2026-02-16_al_2026-02-28_Facebook/2026-02-16_al_2026-02-28_Facebook_posts.csv
2026-02-16,2026-02-16_al_2026-02-28_Facebook,isaac_montoya,Isaac Montoya,facebook,Facebook,post_facebook,isaacmontoya24,Isaac Montoya,,"En colaboración con la Universidad Iberoamericana Ciudad de México, firmamos un convenio para vincular el rigor académico con la transformación de Ciudad Naucalpan. 🎓 A través del Departamento de Arquitectura, Urbanismo e Ingeniería Civil trabajaremos en proyectos de investigación aplicada, diagnósticos urbanos, laboratorios y proyectos piloto,así como en talleres comunitarios, capacitación para servidoras y servidores públicos y programas de innovación urbana. Este acuerdo nos permitirá fortalecer proyectos estratégicos para Ciudad Naucalpan. Se los dije con claridad a las y los estudiantes: Naucalpan necesita su visión crítica, su ética y su creatividad. Este convenio no es solo un documento; es un puente para que su talento se convierta en soluciones reales para nuestra comunidad. Seguimos trabajando para que Ciudad Naucalpan sea punta de lanza en innovación, sostenibilidad y participación juvenil. 🙋🏻‍♀️🙋🏽‍♂️ #AquiGobiernaLaEsperanza #Naucalpan #Educacion","En colaboración con la Universidad Iberoamericana Ciudad de México, firmamos un convenio para vincular el rigor académico con la transformación de Ciudad Naucalpan. 🎓 A través del Departamento de Arquitectura, Urbanismo e Ingeniería Civil trabajaremos en proyectos de investigación aplicada, diagnósticos urbanos, laboratorios y proyectos piloto,así como en talleres comunitarios, capacitación para servidoras y servidores públicos y programas de innovación urbana. Este acuerdo nos permitirá fortalecer proyectos estratégicos para Ciudad Naucalpan. Se los dije con claridad a las y los estudiantes: Naucalpan necesita su visión crítica, su ética y su creatividad. Este convenio no es solo un documento; es un puente para que su talento se convierta en soluciones reales para nuestra comunidad. Seguimos trabajando para que Ciudad Naucalpan sea punta de lanza en innovación, sostenibilidad y participación juvenil. 🙋🏻‍♀️🙋🏽‍♂️ #AquiGobiernaLaEsperanza #Naucalpan #Educacion",https://www.facebook.com/reel/2742725439414373/,https://www.facebook.com/reel/2742725439414373/,2026-02-27 17:44:51,2026-02-27,/home/emilio/Documentos/Naucalpan_Semanal_Reportes/Periodico/Enero_Mayo/2026-02-16_al_2026-02-28/Facebook/2026-02-16_al_2026-02-28_Facebook/2026-02-16_al_2026-02-28_Facebook_posts.csv
2026-02-16,2026-02-16_al_2026-02-28_Facebook,isaac_montoya,Isaac Montoya,facebook,Facebook,post_facebook,isaacmontoya24,Isaac Montoya,,"En colaboración con la Universidad Iberoamericana Ciudad de México, firmamos un convenio para vincular el rigor académico con la transformación de Ciudad Naucalpan. A través del Departamento de Arquitectura, Urbanismo e Ingeniería Civil, trabajaremos en proyectos de investigación aplicada, diagnósticos urbanos, laboratorios y proyectos piloto, así como en talleres comunitarios, capacitación para servidoras y servidores públicos, y programas de innovación urbana. Este acuerdo nos permitirá fortalecer proyectos estratégicos para Ciudad Naucalpan. Se los dije con claridad a las y los estudiantes: Naucalpan necesita su visión crítica, su ética y su creatividad. Este convenio no es solo un documento; es un puente para que su talento se convierta en soluciones reales para nuestra comunidad. Seguimos trabajando para que Ciudad Naucalpan sea punta de lanza en innovación, sostenibilidad y participación juvenil. #AquiGobiernaLaEsperanza #Naucalpan #Educacion","En colaboración con la Universidad Iberoamericana Ciudad de México, firmamos un convenio para vincular el rigor académico con la transformación de Ciudad Naucalpan. A través del Departamento de Arquitectura, Urbanismo e Ingeniería Civil, trabajaremos en proyectos de investigación aplicada, diagnósticos urbanos, laboratorios y proyectos piloto, así como en talleres comunitarios, capacitación para servidoras y servidores públicos, y programas de innovación urbana. Este acuerdo nos permitirá fortalecer proyectos estratégicos para Ciudad Naucalpan. Se los dije con claridad a las y los estudiantes: Naucalpan necesita su visión crítica, su ética y su creatividad. Este convenio no es solo un documento; es un puente para que su talento se convierta en soluciones reales para nuestra comunidad. Seguimos trabajando para que Ciudad Naucalpan sea punta de lanza en innovación, sostenibilidad y participación juvenil. #AquiGobiernaLaEsperanza #Naucalpan #Educacion",https://www.facebook.com/isaacmontoya24/posts/pfbid0egxdPEsE9D9UKyqHHS43sfw3fuKmT9XCWV327ZXz1nKBpZWRDoy8uhcVCXBkoFZhl,https://www.facebook.com/isaacmontoya24/posts/pfbid0egxdPEsE9D9UKyqHHS43sfw3fuKmT9XCWV327ZXz1nKBpZWRDoy8uhcVCXBkoFZhl,2026-02-27 16:29:50,2026-02-27,/home/emilio/Documentos/Naucalpan_Semanal_Reportes/Periodico/Enero_Mayo/2026-02-16_al_2026-02-28/Facebook/2026-02-16_al_2026-02-28_Facebook/2026-02-16_al_2026-02-28_Facebook_posts.csv
2026-02-16,2026-02-16_al_2026-02-28_Facebook,isaac_montoya,Isaac Montoya,facebook,Facebook,post_facebook,isaacmontoya24,Isaac Montoya,,"El Gobierno de México, encabezado por nuestra Presidenta Claudia Sheinbaum, reconoce a las y los jóvenes como protagonistas del presente y del futuro del país.🇲🇽 Con la estrategia “Jóvenes Transformando México” se impulsa una política integral que atiende las causas y abre oportunidades reales para las juventudes, fortaleciendo la educación, el deporte, la cultura, la salud y el acceso al trabajo digno, además de garantizar el derecho de las mujeres a vivir en un país libre de violencias. Se trata de construir bienestar, reconstruir el tejido social y asegurar que cada joven pueda desarrollarse con plenitud, paz y esperanza. #México","El Gobierno de México, encabezado por nuestra Presidenta Claudia Sheinbaum, reconoce a las y los jóvenes como protagonistas del presente y del futuro del país.🇲🇽 Con la estrategia “Jóvenes Transformando México” se impulsa una política integral que atiende las causas y abre oportunidades reales para las juventudes, fortaleciendo la educación, el deporte, la cultura, la salud y el acceso al trabajo digno, además de garantizar el derecho de las mujeres a vivir en un país libre de violencias. Se trata de construir bienestar, reconstruir el tejido social y asegurar que cada joven pueda desarrollarse con plenitud, paz y esperanza. #México",https://www.facebook.com/reel/930711593245088/,https://www.facebook.com/reel/930711593245088/,2026-02-27 15:53:00,2026-02-27,/home/emilio/Documentos/Naucalpan_Semanal_Reportes/Periodico/Enero_Mayo/2026-02-16_al_2026-02-28/Facebook/2026-02-16_al_2026-02-28_Facebook/2026-02-16_al_2026-02-28_Facebook_posts.csv
2026-02-16,2026-02-16_al_2026-02-28_Facebook,isaac_montoya,Isaac Montoya,facebook,Facebook,post_facebook,isaacmontoya24,Isaac Montoya,,"Como parte de la entrega de estímulos y reconocimientos a quienes todos los días trabajan por la seguridad de Ciudad Naucalpan, dimos la bienvenida a 100 nuevos cadetes que se integran a la estrategia de Policía de Proximidad. 👮‍♀️👮‍♂️ Fortalecimos el equipamiento con bodycams para Tránsito Municipal, porque la transparencia y el respeto a los derechos humanos no son opcionales: son una convicción. También rifamos vehículos eléctricos como reconocimiento a nuestra corporación.🤝 Seguimos construyendo una policía más cercana, profesional y firme. #AquiGobiernaLaEsperanza #Naucalpan #Seguridad","Como parte de la entrega de estímulos y reconocimientos a quienes todos los días trabajan por la seguridad de Ciudad Naucalpan, dimos la bienvenida a 100 nuevos cadetes que se integran a la estrategia de Policía de Proximidad. 👮‍♀️👮‍♂️ Fortalecimos el equipamiento con bodycams para Tránsito Municipal, porque la transparencia y el respeto a los derechos humanos no son opcionales: son una convicción. También rifamos vehículos eléctricos como reconocimiento a nuestra corporación.🤝 Seguimos construyendo una policía más cercana, profesional y firme. #AquiGobiernaLaEsperanza #Naucalpan #Seguridad",https://www.facebook.com/reel/1280134780655716/,https://www.facebook.com/reel/1280134780655716/,2026-02-27 15:22:11,2026-02-27,/home/emilio/Documentos/Naucalpan_Semanal_Reportes/Periodico/Enero_Mayo/2026-02-16_al_2026-02-28/Facebook/2026-02-16_al_2026-02-28_Facebook/2026-02-16_al_2026-02-28_Facebook_posts.csv
2026-02-16,2026-02-16_al_2026-02-28_Facebook,isaac_montoya,Isaac Montoya,facebook,Facebook,post_facebook,isaacmontoya24,Isaac Montoya,,"Como parte de la entrega de estímulos y reconocimientos a quienes todos los días trabajan por la seguridad de Ciudad Naucalpan, dimos la bienvenida a 100 nuevos cadetes que se integran a la estrategia de Policía de Proximidad y fortalecimos el equipamiento con bodycams para Tránsito Municipal, porque la transparencia y el respeto a los derechos humanos no son opcionales: son una convicción. Como reconocimiento al trabajo en campo, y porque dignificar a nuestra corporación es fortalecer la seguridad de nuestras familias, también rifamos vehículos eléctricos. La más reciente medición de la ENSU confirma que estamos recuperando la confianza ciudadana. Hoy avanzamos con resultados. Portar el uniforme es una responsabilidad permanente; juntos vamos a seguir construyendo una policía más cercana, profesional y firme. Seguimos trabajando por la paz y la seguridad de las y los ciudadanos. #AquiGobiernaLaEsperanza #Naucalpan #Seguridad","Como parte de la entrega de estímulos y reconocimientos a quienes todos los días trabajan por la seguridad de Ciudad Naucalpan, dimos la bienvenida a 100 nuevos cadetes que se integran a la estrategia de Policía de Proximidad y fortalecimos el equipamiento con bodycams para Tránsito Municipal, porque la transparencia y el respeto a los derechos humanos no son opcionales: son una convicción. Como reconocimiento al trabajo en campo, y porque dignificar a nuestra corporación es fortalecer la seguridad de nuestras familias, también rifamos vehículos eléctricos. La más reciente medición de la ENSU confirma que estamos recuperando la confianza ciudadana. Hoy avanzamos con resultados. Portar el uniforme es una responsabilidad permanente; juntos vamos a seguir construyendo una policía más cercana, profesional y firme. Seguimos trabajando por la paz y la seguridad de las y los ciudadanos. #AquiGobiernaLaEsperanza #Naucalpan #Seguridad",https://www.facebook.com/isaacmontoya24/posts/pfbid0S3PsegfxSg2NUv6zb74Kwo6q2YFV9Zz4mq9TAVPc8L2p1jBjFjzaBRiVoRkqFQnCl,https://www.facebook.com/isaacmontoya24/posts/pfbid0S3PsegfxSg2NUv6zb74Kwo6q2YFV9Zz4mq9TAVPc8L2p1jBjFjzaBRiVoRkqFQnCl,2026-02-27 15:02:39,2026-02-27,/home/emilio/Documentos/Naucalpan_Semanal_Reportes/Periodico/Enero_Mayo/2026-02-16_al_2026-02-28/Facebook/2026-02-16_al_2026-02-28_Facebook/2026-02-16_al_2026-02-28_Facebook_posts.csv
2026-02-16,2026-02-16_al_2026-02-28_Facebook,isaac_montoya,Isaac Montoya,facebook,Facebook,post_facebook,isaacmontoya24,Isaac Montoya,,En San Rafael Chamapa fueron rescatados 4 seres sintientes en condiciones de abandono y maltrato.🐾🚨 Hoy ya reciben atención veterinaria y resguardo conforme a protocolo. Reafirmamos nuestro compromiso con el bienestar animal.❤️ 👉La protección animal es tarea de todas y todos. Denuncia. #AquiGobiernaLaEsperanza #Naucalpan #BienestarAnimal #Rescate,En San Rafael Chamapa fueron rescatados 4 seres sintientes en condiciones de abandono y maltrato.🐾🚨 Hoy ya reciben atención veterinaria y resguardo conforme a protocolo. Reafirmamos nuestro compromiso con el bienestar animal.❤️ 👉La protección animal es tarea de todas y todos. Denuncia. #AquiGobiernaLaEsperanza #Naucalpan #BienestarAnimal #Rescate,https://www.facebook.com/reel/1547253696346622/,https://www.facebook.com/reel/1547253696346622/,2026-02-27 13:46:48,2026-02-27,/home/emilio/Documentos/Naucalpan_Semanal_Reportes/Periodico/Enero_Mayo/2026-02-16_al_2026-02-28/Facebook/2026-02-16_al_2026-02-28_Facebook/2026-02-16_al_2026-02-28_Facebook_posts.csv
2026-02-16,2026-02-16_al_2026-02-28_Twitter,isaac_montoya,Isaac Montoya,twitter,Twitter/X,tweet,@isaacsolar,@isaacsolar,,"En colaboración con la Universidad Iberoamericana CDMX firmamos un convenio para vincular el rigor académico con la transformación de Ciudad Naucalpan. Impulsaremos investigación aplicada, diagnósticos urbanos y proyectos piloto para fortalecer iniciativas estratégicas del municipio. #AquiGobiernaLaEsperanza #Naucalpan #Educacion","En colaboración con la Universidad Iberoamericana CDMX firmamos un convenio para vincular el rigor académico con la transformación de Ciudad Naucalpan. Impulsaremos investigación aplicada, diagnósticos urbanos y proyectos piloto para fortalecer iniciativas estratégicas del municipio. #AquiGobiernaLaEsperanza #Naucalpan #Educacion",https://x.com/isaacsolar/status/2027530116520185936,https://x.com/isaacsolar/status/2027530116520185936,2026-02-27 23:43:44+00:00,2026-02-27,/home/emilio/Documentos/Naucalpan_Semanal_Reportes/Periodico/Enero_Mayo/2026-02-16_al_2026-02-28/Twitter/2026-02-16_al_2026-02-28_Twitter/2026-02-16_al_2026-02-28_Twitter_post_institucionales.csv
2026-02-16,2026-02-16_al_2026-02-28_Twitter,isaac_montoya,Isaac Montoya,twitter,Twitter/X,tweet,@isaacsolar,@isaacsolar,,"Firmamos un convenio con la Universidad Iberoamericana CDMX para vincular el rigor académico con la transformación de Ciudad Naucalpan. Impulsaremos investigación aplicada, innovación urbana y proyectos estratégicos. Naucalpan necesita la visión y creatividad de su juventud. #AquiGobiernaLaEsperanza #Naucalpan #Educacion","Firmamos un convenio con la Universidad Iberoamericana CDMX para vincular el rigor académico con la transformación de Ciudad Naucalpan. Impulsaremos investigación aplicada, innovación urbana y proyectos estratégicos. Naucalpan necesita la visión y creatividad de su juventud. #AquiGobiernaLaEsperanza #Naucalpan #Educacion",https://x.com/isaacsolar/status/2027511758160564680,https://x.com/isaacsolar/status/2027511758160564680,2026-02-27 22:30:47+00:00,2026-02-27,/home/emilio/Documentos/Naucalpan_Semanal_Reportes/Periodico/Enero_Mayo/2026-02-16_al_2026-02-28/Twitter/2026-02-16_al_2026-02-28_Twitter/2026-02-16_al_2026-02-28_Twitter_post_institucionales.csv
2026-02-16,2026-02-16_al_2026-02-28_Twitter,isaac_montoya,Isaac Montoya,twitter,Twitter/X,tweet,@isaacsolar,@isaacsolar,,"Como parte de la entrega de estímulos y reconocimientos a quienes todos los días trabajan por la seguridad de Ciudad Naucalpan, dimos la bienvenida a 100 nuevos cadetes que se integran a la estrategia de Policía de Proximidad. Fortalecimos el equipamiento con bodycams para Tránsito Municipal, porque la transparencia y el respeto a los derechos humanos no son opcionales: son una convicción. También rifamos vehículos eléctricos como reconocimiento a nuestra corporación. Seguimos construyendo una policía más cercana, profesional y firme. #AquiGobiernaLaEsperanza #Naucalpan #Seguridad","Como parte de la entrega de estímulos y reconocimientos a quienes todos los días trabajan por la seguridad de Ciudad Naucalpan, dimos la bienvenida a 100 nuevos cadetes que se integran a la estrategia de Policía de Proximidad. Fortalecimos el equipamiento con bodycams para Tránsito Municipal, porque la transparencia y el respeto a los derechos humanos no son opcionales: son una convicción. También rifamos vehículos eléctricos como reconocimiento a nuestra corporación. Seguimos construyendo una policía más cercana, profesional y firme. #AquiGobiernaLaEsperanza #Naucalpan #Seguridad",https://x.com/isaacsolar/status/2027493951310061646,https://x.com/isaacsolar/status/2027493951310061646,2026-02-27 21:20:01+00:00,2026-02-27,/home/emilio/Documentos/Naucalpan_Semanal_Reportes/Periodico/Enero_Mayo/2026-02-16_al_2026-02-28/Twitter/2026-02-16_al_2026-02-28_Twitter/2026-02-16_al_2026-02-28_Twitter_post_institucionales.csv
2026-02-16,2026-02-16_al_2026-02-28_Twitter,isaac_montoya,Isaac Montoya,twitter,Twitter/X,tweet,@isaacsolar,@isaacsolar,,"Como parte de la entrega de estímulos y reconocimientos a quienes todos los días trabajan por la seguridad de Ciudad Naucalpan, dimos la bienvenida a 100 nuevos cadetes que se integran a la estrategia de Policía de Proximidad y fortalecimos el equipamiento con bodycams para Tránsito Municipal, porque la transparencia y el respeto a los derechos humanos no son opcionales: son una convicción. Como reconocimiento al trabajo en campo, y porque dignificar a nuestra corporación es fortalecer la seguridad de nuestras familias, también rifamos vehículos eléctricos. La más reciente medición de la ENSU confirma que estamos recuperando la confianza ciudadana. Hoy avanzamos con resultados. Portar el uniforme es una responsabilidad permanente; juntos vamos a seguir construyendo una policía más cercana, profesional y firme. Seguimos trabajando por la paz y la seguridad de las y los ciudadanos. #AquiGobiernaLaEsperanza #Naucalpan #Seguridad","Como parte de la entrega de estímulos y reconocimientos a quienes todos los días trabajan por la seguridad de Ciudad Naucalpan, dimos la bienvenida a 100 nuevos cadetes que se integran a la estrategia de Policía de Proximidad y fortalecimos el equipamiento con bodycams para Tránsito Municipal, porque la transparencia y el respeto a los derechos humanos no son opcionales: son una convicción. Como reconocimiento al trabajo en campo, y porque dignificar a nuestra corporación es fortalecer la seguridad de nuestras familias, también rifamos vehículos eléctricos. La más reciente medición de la ENSU confirma que estamos recuperando la confianza ciudadana. Hoy avanzamos con resultados. Portar el uniforme es una responsabilidad permanente; juntos vamos a seguir construyendo una policía más cercana, profesional y firme. Seguimos trabajando por la paz y la seguridad de las y los ciudadanos. #AquiGobiernaLaEsperanza #Naucalpan #Seguridad",https://x.com/isaacsolar/status/2027489567473823772,https://x.com/isaacsolar/status/2027489567473823772,2026-02-27 21:02:36+00:00,2026-02-27,/home/emilio/Documentos/Naucalpan_Semanal_Reportes/Periodico/Enero_Mayo/2026-02-16_al_2026-02-28/Twitter/2026-02-16_al_2026-02-28_Twitter/2026-02-16_al_2026-02-28_Twitter_post_institucionales.csv
2026-02-16,2026-02-16_al_2026-02-28_Twitter,isaac_montoya,Isaac Montoya,twitter,Twitter/X,tweet,@isaacsolar,@isaacsolar,,"En un acto encaminado a fortalecer el patrimonio y la paz social de la demarcación, realizamos la entrega de 250 testamentos a vecinas y vecinos de Ciudad Naucalpan. Muchas personas posponen este trámite por miedo o porque lo perciben como algo lejano y complicado. Yo estoy","En un acto encaminado a fortalecer el patrimonio y la paz social de la demarcación, realizamos la entrega de 250 testamentos a vecinas y vecinos de Ciudad Naucalpan. Muchas personas posponen este trámite por miedo o porque lo perciben como algo lejano y complicado. Yo estoy",https://x.com/isaacsolar/status/2027220044376101009,https://x.com/isaacsolar/status/2027220044376101009,2026-02-27 03:11:37+00:00,2026-02-27,/home/emilio/Documentos/Naucalpan_Semanal_Reportes/Periodico/Enero_Mayo/2026-02-16_al_2026-02-28/Twitter/2026-02-16_al_2026-02-28_Twitter/2026-02-16_al_2026-02-28_Twitter_post_institucionales.csv
2026-02-16,2026-02-16_al_2026-02-28_Facebook,isaac_montoya,Isaac Montoya,facebook,Facebook,post_facebook,isaacmontoya24,Isaac Montoya,,"Nada es más valioso que poder responder en el momento en que más se necesita. Estos apoyos no son solo una entrega; son dignidad y esperanza para las familias de Ciudad Naucalpan. Seguiremos trabajando con compromiso, atendiendo cada necesidad con responsabilidad y cercanía. 🤝✨ Cumplirle a las y los naucalpenses no es una promesa, es una convicción. #Naucalpan #Bienestar","Nada es más valioso que poder responder en el momento en que más se necesita. Estos apoyos no son solo una entrega; son dignidad y esperanza para las familias de Ciudad Naucalpan. Seguiremos trabajando con compromiso, atendiendo cada necesidad con responsabilidad y cercanía. 🤝✨ Cumplirle a las y los naucalpenses no es una promesa, es una convicción. #Naucalpan #Bienestar",https://www.facebook.com/reel/924325690564210/,https://www.facebook.com/reel/924325690564210/,2026-02-26 22:32:46,2026-02-26,/home/emilio/Documentos/Naucalpan_Semanal_Reportes/Periodico/Enero_Mayo/2026-02-16_al_2026-02-28/Facebook/2026-02-16_al_2026-02-28_Facebook/2026-02-16_al_2026-02-28_Facebook_posts.csv
2026-02-16,2026-02-16_al_2026-02-28_Facebook,isaac_montoya,Isaac Montoya,facebook,Facebook,post_facebook,isaacmontoya24,Isaac Montoya,,"En un acto encaminado a fortalecer el patrimonio y la paz social de la demarcación, realizamos la entrega de 250 testamentos a vecinas y vecinos de Ciudad Naucalpan. Muchas personas posponen este trámite por miedo o porque lo perciben como algo lejano y complicado. Yo estoy convencido de que hacer un testamento no es pensar en el final; es un acto de amor y responsabilidad con quienes más queremos. Es garantizar que el esfuerzo de toda una vida permanezca en la certidumbre y no se traduzca en conflictos legales. Con esta entrega damos un paso firme en la democratización del acceso a la justicia, eliminando barreras y acercando los instrumentos jurídicos a la gente. Queremos que todas las familias, sin importar su condición, tengan tranquilidad sobre su patrimonio. Seguimos caminando desde el territorio, llevando legalidad, servicios y derechos a donde antes no llegaban. Aquí hay un solo pueblo que merece el mismo trato digno y las mismas oportunidades. #AquiGobiernaLaEsperanza #Naucalpan #DesarrolloUrbano","En un acto encaminado a fortalecer el patrimonio y la paz social de la demarcación, realizamos la entrega de 250 testamentos a vecinas y vecinos de Ciudad Naucalpan. Muchas personas posponen este trámite por miedo o porque lo perciben como algo lejano y complicado. Yo estoy convencido de que hacer un testamento no es pensar en el final; es un acto de amor y responsabilidad con quienes más queremos. Es garantizar que el esfuerzo de toda una vida permanezca en la certidumbre y no se traduzca en conflictos legales. Con esta entrega damos un paso firme en la democratización del acceso a la justicia, eliminando barreras y acercando los instrumentos jurídicos a la gente. Queremos que todas las familias, sin importar su condición, tengan tranquilidad sobre su patrimonio. Seguimos caminando desde el territorio, llevando legalidad, servicios y derechos a donde antes no llegaban. Aquí hay un solo pueblo que merece el mismo trato digno y las mismas oportunidades. #AquiGobiernaLaEsperanza #Naucalpan #DesarrolloUrbano",https://www.facebook.com/isaacmontoya24/posts/pfbid05XLGfSxwqoQoLprZEwPPBubK1o5oNHxHnERvKYaNcUikGqj7FtNWXkvvb43b65iul,https://www.facebook.com/isaacmontoya24/posts/pfbid05XLGfSxwqoQoLprZEwPPBubK1o5oNHxHnERvKYaNcUikGqj7FtNWXkvvb43b65iul,2026-02-26 21:10:35,2026-02-26,/home/emilio/Documentos/Naucalpan_Semanal_Reportes/Periodico/Enero_Mayo/2026-02-16_al_2026-02-28/Facebook/2026-02-16_al_2026-02-28_Facebook/2026-02-16_al_2026-02-28_Facebook_posts.csv
2026-02-16,2026-02-16_al_2026-02-28_Facebook,isaac_montoya,Isaac Montoya,facebook,Facebook,post_facebook,isaacmontoya24,Isaac Montoya,,"Rueda de prensa 🎤 ▪️Por primera vez en la historia de Naucalpan se proyectan para este ejercicio 2026 casi 7 mil mdp. Esto se traducirá en más obra pública y mejores servicios para las y los naucalpenses. ▪️ Seguimos sumando esfuerzos con el Gobierno del Estado, la Federación y CONAGUA en obras estratégicas como el rescate del Periférico Norte, el Mexicable, la Universidad Nacional Rosario Castellanos y las intervenciones en Río Hondo y las presas del municipio. ▪️ Además, continúa a la baja la incidencia delictiva. El homicidio doloso registra una reducción del 31.25%, de acuerdo con cifras oficiales. #AquiGobiernaLaEsperanza #Naucalpan #RuedaDePrensa","Rueda de prensa 🎤 ▪️Por primera vez en la historia de Naucalpan se proyectan para este ejercicio 2026 casi 7 mil mdp. Esto se traducirá en más obra pública y mejores servicios para las y los naucalpenses. ▪️ Seguimos sumando esfuerzos con el Gobierno del Estado, la Federación y CONAGUA en obras estratégicas como el rescate del Periférico Norte, el Mexicable, la Universidad Nacional Rosario Castellanos y las intervenciones en Río Hondo y las presas del municipio. ▪️ Además, continúa a la baja la incidencia delictiva. El homicidio doloso registra una reducción del 31.25%, de acuerdo con cifras oficiales. #AquiGobiernaLaEsperanza #Naucalpan #RuedaDePrensa",https://www.facebook.com/isaacmontoya24/posts/pfbid021eFTEXZH3BXV2LeV4RwYwPGLYShAsDemxUEa6So9wkdHBUQEf83B1kMHcsFJ8YfFl,https://www.facebook.com/isaacmontoya24/posts/pfbid021eFTEXZH3BXV2LeV4RwYwPGLYShAsDemxUEa6So9wkdHBUQEf83B1kMHcsFJ8YfFl,2026-02-26 17:28:27,2026-02-26,/home/emilio/Documentos/Naucalpan_Semanal_Reportes/Periodico/Enero_Mayo/2026-02-16_al_2026-02-28/Facebook/2026-02-16_al_2026-02-28_Facebook/2026-02-16_al_2026-02-28_Facebook_posts.csv
2026-02-16,2026-02-16_al_2026-02-28_Facebook,isaac_montoya,Isaac Montoya,facebook,Facebook,post_facebook,isaacmontoya24,Isaac Montoya,,"Huellas de la Transformación en Miramar✨ Renovamos un espacio que durante décadas estuvo en el abandono y que representaba un riesgo diario para nuestras vecinas y vecinos. Con Huellas de la Transformación balizamos el puente, instalamos luminarias nuevas, colocamos malla de protección, construimos banquetas, pintamos guarniciones, aplicamos mezcla asfáltica y realizamos limpieza general. Gobernar desde el territorio es cumplirle al pueblo. Seguimos dejando huella en cada rincón de Ciudad Naucalpan. 🤝✨ #AquiGobiernaLaEsperanza #Naucalpan #HuellasDeLaTransformacion","Huellas de la Transformación en Miramar✨ Renovamos un espacio que durante décadas estuvo en el abandono y que representaba un riesgo diario para nuestras vecinas y vecinos. Con Huellas de la Transformación balizamos el puente, instalamos luminarias nuevas, colocamos malla de protección, construimos banquetas, pintamos guarniciones, aplicamos mezcla asfáltica y realizamos limpieza general. Gobernar desde el territorio es cumplirle al pueblo. Seguimos dejando huella en cada rincón de Ciudad Naucalpan. 🤝✨ #AquiGobiernaLaEsperanza #Naucalpan #HuellasDeLaTransformacion",https://www.facebook.com/reel/1660755774915575/,https://www.facebook.com/reel/1660755774915575/,2026-02-26 11:57:24,2026-02-26,/home/emilio/Documentos/Naucalpan_Semanal_Reportes/Periodico/Enero_Mayo/2026-02-16_al_2026-02-28/Facebook/2026-02-16_al_2026-02-28_Facebook/2026-02-16_al_2026-02-28_Facebook_posts.csv
2026-02-16,2026-02-16_al_2026-02-28_Facebook,isaac_montoya,Isaac Montoya,facebook,Facebook,post_facebook,isaacmontoya24,Isaac Montoya,,"En la colonia Miramar renovamos un espacio que durante décadas estuvo en el abandono y que representaba un riesgo diario para nuestras vecinas y vecinos. A través del programa Huellas de la Transformación, balizamos el puente, instalamos luminarias nuevas, colocamos malla de protección, construimos banquetas, pintamos guarniciones, aplicamos mezcla asfáltica y realizamos limpieza general.✨ Seguimos trabajando junto al pueblo, dejando huella en cada rincón de Ciudad Naucalpan. #AquiGobiernaLaEsperanza #Naucalpan #HuellasDeLaTransformacion","En la colonia Miramar renovamos un espacio que durante décadas estuvo en el abandono y que representaba un riesgo diario para nuestras vecinas y vecinos. A través del programa Huellas de la Transformación, balizamos el puente, instalamos luminarias nuevas, colocamos malla de protección, construimos banquetas, pintamos guarniciones, aplicamos mezcla asfáltica y realizamos limpieza general.✨ Seguimos trabajando junto al pueblo, dejando huella en cada rincón de Ciudad Naucalpan. #AquiGobiernaLaEsperanza #Naucalpan #HuellasDeLaTransformacion",https://www.facebook.com/isaacmontoya24/posts/pfbid02ZkwLMEKKJuS6j8oxnoNahKXpGkDrui7C5h8mwyBahZvucFHrNb73q9RKD3ShxLBzl,https://www.facebook.com/isaacmontoya24/posts/pfbid02ZkwLMEKKJuS6j8oxnoNahKXpGkDrui7C5h8mwyBahZvucFHrNb73q9RKD3ShxLBzl,2026-02-26 11:51:56,2026-02-26,/home/emilio/Documentos/Naucalpan_Semanal_Reportes/Periodico/Enero_Mayo/2026-02-16_al_2026-02-28/Facebook/2026-02-16_al_2026-02-28_Facebook/2026-02-16_al_2026-02-28_Facebook_posts.csv
2026-02-16,2026-02-16_al_2026-02-28_Twitter,isaac_montoya,Isaac Montoya,twitter,Twitter/X,tweet,@isaacsolar,@isaacsolar,,"En el Parque Naucalli entregamos la renovación de más de 298 vehículos de Servicios Públicos, con nueva cromática y equipados con más de 750 neumáticos nuevos, para fortalecer las labores de recolección, podas, bacheo, cambio de luminarias y mantenimiento en nuestras","En el Parque Naucalli entregamos la renovación de más de 298 vehículos de Servicios Públicos, con nueva cromática y equipados con más de 750 neumáticos nuevos, para fortalecer las labores de recolección, podas, bacheo, cambio de luminarias y mantenimiento en nuestras",https://x.com/isaacsolar/status/2026831874207764487,https://x.com/isaacsolar/status/2026831874207764487,2026-02-26 01:29:10+00:00,2026-02-26,/home/emilio/Documentos/Naucalpan_Semanal_Reportes/Periodico/Enero_Mayo/2026-02-16_al_2026-02-28/Twitter/2026-02-16_al_2026-02-28_Twitter/2026-02-16_al_2026-02-28_Twitter_post_institucionales.csv
2026-02-16,2026-02-16_al_2026-02-28_Twitter,isaac_montoya,Isaac Montoya,twitter,Twitter/X,tweet,@isaacsolar,@isaacsolar,,"Huellas de la Transformación en Miramar Renovamos un espacio que durante décadas estuvo en el abandono y que representaba un riesgo diario para nuestras vecinas y vecinos. Con Huellas de la Transformación balizamos el puente, instalamos luminarias nuevas, colocamos malla de","Huellas de la Transformación en Miramar Renovamos un espacio que durante décadas estuvo en el abandono y que representaba un riesgo diario para nuestras vecinas y vecinos. Con Huellas de la Transformación balizamos el puente, instalamos luminarias nuevas, colocamos malla de",https://x.com/isaacsolar/status/2027080298840592654,https://x.com/isaacsolar/status/2027080298840592654,2026-02-26 17:56:19+00:00,2026-02-26,/home/emilio/Documentos/Naucalpan_Semanal_Reportes/Periodico/Enero_Mayo/2026-02-16_al_2026-02-28/Twitter/2026-02-16_al_2026-02-28_Twitter/2026-02-16_al_2026-02-28_Twitter_post_institucionales.csv
2026-02-16,2026-02-16_al_2026-02-28_Twitter,isaac_montoya,Isaac Montoya,twitter,Twitter/X,tweet,@isaacsolar,@isaacsolar,,"En la colonia Miramar renovamos un espacio que durante décadas estuvo en el abandono y que representaba un riesgo diario para nuestras vecinas y vecinos. A través del programa Huellas de la Transformación, balizamos el puente, instalamos luminarias nuevas, colocamos malla de protección, construimos banquetas, pintamos guarniciones, aplicamos mezcla asfáltica y realizamos limpieza general. Seguimos trabajando junto al pueblo, dejando huella en cada rincón de Ciudad Naucalpan. #AquiGobiernaLaEsperanza #Naucalpan #HuellasDeLaTransformacion","En la colonia Miramar renovamos un espacio que durante décadas estuvo en el abandono y que representaba un riesgo diario para nuestras vecinas y vecinos. A través del programa Huellas de la Transformación, balizamos el puente, instalamos luminarias nuevas, colocamos malla de protección, construimos banquetas, pintamos guarniciones, aplicamos mezcla asfáltica y realizamos limpieza general. Seguimos trabajando junto al pueblo, dejando huella en cada rincón de Ciudad Naucalpan. #AquiGobiernaLaEsperanza #Naucalpan #HuellasDeLaTransformacion",https://x.com/isaacsolar/status/2027079443701801441,https://x.com/isaacsolar/status/2027079443701801441,2026-02-26 17:52:55+00:00,2026-02-26,/home/emilio/Documentos/Naucalpan_Semanal_Reportes/Periodico/Enero_Mayo/2026-02-16_al_2026-02-28/Twitter/2026-02-16_al_2026-02-28_Twitter/2026-02-16_al_2026-02-28_Twitter_post_institucionales.csv
2026-02-16,2026-02-16_al_2026-02-28_Facebook,isaac_montoya,Isaac Montoya,facebook,Facebook,post_facebook,isaacmontoya24,Isaac Montoya,,"En el Parque Naucalli entregamos la renovación de más de 298 vehículos de Servicios Públicos, con nueva cromática y equipados con más de 750 neumáticos nuevos, para fortalecer las labores de recolección, podas, bacheo, cambio de luminarias y mantenimiento en nuestras colonias.🚛✨ #AquiGobiernaLaEsperanza #Naucalpan #ServiciosPublicos","En el Parque Naucalli entregamos la renovación de más de 298 vehículos de Servicios Públicos, con nueva cromática y equipados con más de 750 neumáticos nuevos, para fortalecer las labores de recolección, podas, bacheo, cambio de luminarias y mantenimiento en nuestras colonias.🚛✨ #AquiGobiernaLaEsperanza #Naucalpan #ServiciosPublicos",https://www.facebook.com/reel/971874911840578/,https://www.facebook.com/reel/971874911840578/,2026-02-25 19:31:45,2026-02-25,/home/emilio/Documentos/Naucalpan_Semanal_Reportes/Periodico/Enero_Mayo/2026-02-16_al_2026-02-28/Facebook/2026-02-16_al_2026-02-28_Facebook/2026-02-16_al_2026-02-28_Facebook_posts.csv
2026-02-16,2026-02-16_al_2026-02-28_Facebook,isaac_montoya,Isaac Montoya,facebook,Facebook,post_facebook,isaacmontoya24,Isaac Montoya,,"Felicito al titular de la Secretaría de Seguridad y Protección Ciudadana, Omar García Harfuch, en su cumpleaños. 🎉 Que tu camino esté lleno de fortaleza y salud para que juntas y juntos sigamos la ruta de la transformación por la dignificación y el bienestar del pueblo de México. 🇲🇽 Mis mejores deseos. #Naucalpan","Felicito al titular de la Secretaría de Seguridad y Protección Ciudadana, Omar García Harfuch, en su cumpleaños. 🎉 Que tu camino esté lleno de fortaleza y salud para que juntas y juntos sigamos la ruta de la transformación por la dignificación y el bienestar del pueblo de México. 🇲🇽 Mis mejores deseos. #Naucalpan",https://www.facebook.com/isaacmontoya24/posts/pfbid02oFknHxFqrwjN5qPmX7hUDBoTWNv1r1a2ZYqFPArDLHSHDrucmZa8oZAe9rNemduAl,https://www.facebook.com/isaacmontoya24/posts/pfbid02oFknHxFqrwjN5qPmX7hUDBoTWNv1r1a2ZYqFPArDLHSHDrucmZa8oZAe9rNemduAl,2026-02-25 18:55:40,2026-02-25,/home/emilio/Documentos/Naucalpan_Semanal_Reportes/Periodico/Enero_Mayo/2026-02-16_al_2026-02-28/Facebook/2026-02-16_al_2026-02-28_Facebook/2026-02-16_al_2026-02-28_Facebook_posts.csv
2026-02-16,2026-02-16_al_2026-02-28_Facebook,isaac_montoya,Isaac Montoya,facebook,Facebook,post_facebook,isaacmontoya24,Isaac Montoya,,"En el Parque Naucalli entregamos la renovación de más de 298 vehículos de Servicios Públicos, con nueva cromática y equipados con más de 750 neumáticos nuevos, para fortalecer las labores de recolección, podas, bacheo, cambio de luminarias y mantenimiento en nuestras colonias. 🚛 Estoy convencido de que dignificar a nuestras trabajadoras y trabajadores es también mejorar el servicio que reciben las y los naucalpenses. Cuando hay buenas herramientas, hay mejores resultados en la calle. Agradezco la unidad y el compromiso del SUTEYM y de todo el equipo de Servicios Públicos. Compartimos principios y compartimos fines: llevar bienestar a cada comunidad. Seguimos administrando con responsabilidad, priorizando la obra pública, la seguridad y la atención directa a lo que la gente nos pide. Naucalpan está recuperando su brillo, y lo estamos haciendo en equipo. #AquiGobiernaLaEsperanza #Naucalpan #ServiciosPublicos","En el Parque Naucalli entregamos la renovación de más de 298 vehículos de Servicios Públicos, con nueva cromática y equipados con más de 750 neumáticos nuevos, para fortalecer las labores de recolección, podas, bacheo, cambio de luminarias y mantenimiento en nuestras colonias. 🚛 Estoy convencido de que dignificar a nuestras trabajadoras y trabajadores es también mejorar el servicio que reciben las y los naucalpenses. Cuando hay buenas herramientas, hay mejores resultados en la calle. Agradezco la unidad y el compromiso del SUTEYM y de todo el equipo de Servicios Públicos. Compartimos principios y compartimos fines: llevar bienestar a cada comunidad. Seguimos administrando con responsabilidad, priorizando la obra pública, la seguridad y la atención directa a lo que la gente nos pide. Naucalpan está recuperando su brillo, y lo estamos haciendo en equipo. #AquiGobiernaLaEsperanza #Naucalpan #ServiciosPublicos",https://www.facebook.com/isaacmontoya24/posts/pfbid028nbMbT2DGiSxNDJUchZpLoi5dX2qUpSiAo8qHr17NnWkKGK3Rz7hWCufbzFrpJhtl,https://www.facebook.com/isaacmontoya24/posts/pfbid028nbMbT2DGiSxNDJUchZpLoi5dX2qUpSiAo8qHr17NnWkKGK3Rz7hWCufbzFrpJhtl,2026-02-25 18:54:06,2026-02-25,/home/emilio/Documentos/Naucalpan_Semanal_Reportes/Periodico/Enero_Mayo/2026-02-16_al_2026-02-28/Facebook/2026-02-16_al_2026-02-28_Facebook/2026-02-16_al_2026-02-28_Facebook_posts.csv
2026-02-16,2026-02-16_al_2026-02-28_Facebook,isaac_montoya,Isaac Montoya,facebook,Facebook,post_facebook,isaacmontoya24,Isaac Montoya,,"Quiero agradecer el apoyo de Tomás Alberto Palomares Parra y de Erick Palomares Parra, así como de toda la base trabajadora del SUTEYM; hoy hay unidad en principios y en objetivos, y gracias a ese trabajo en equipo, Ciudad Naucalpan está recuperando su brillo. Cuando nos coordinamos, los resultados se reflejan en una mayor satisfacción de las y los naucalpenses. #AquiGobiernaLaEsperanza #Naucalpan #ServiciosPublicos #HuellasDeLaTransformacion","Quiero agradecer el apoyo de Tomás Alberto Palomares Parra y de Erick Palomares Parra, así como de toda la base trabajadora del SUTEYM; hoy hay unidad en principios y en objetivos, y gracias a ese trabajo en equipo, Ciudad Naucalpan está recuperando su brillo. Cuando nos coordinamos, los resultados se reflejan en una mayor satisfacción de las y los naucalpenses. #AquiGobiernaLaEsperanza #Naucalpan #ServiciosPublicos #HuellasDeLaTransformacion",https://www.facebook.com/reel/1275943304427821/,https://www.facebook.com/reel/1275943304427821/,2026-02-25 16:11:42,2026-02-25,/home/emilio/Documentos/Naucalpan_Semanal_Reportes/Periodico/Enero_Mayo/2026-02-16_al_2026-02-28/Facebook/2026-02-16_al_2026-02-28_Facebook/2026-02-16_al_2026-02-28_Facebook_posts.csv
2026-02-16,2026-02-16_al_2026-02-28_Facebook,isaac_montoya,Isaac Montoya,facebook,Facebook,post_facebook,isaacmontoya24,Isaac Montoya,,24 de febrero | Día de la Bandera 🇲🇽 Honremos con orgullo nuestros símbolos y el significado que nos une como nación. #Naucalpan #DiaDeLaBandera,24 de febrero | Día de la Bandera 🇲🇽 Honremos con orgullo nuestros símbolos y el significado que nos une como nación. #Naucalpan #DiaDeLaBandera,https://www.facebook.com/reel/1565570634516672/,https://www.facebook.com/reel/1565570634516672/,2026-02-24 17:23:49,2026-02-24,/home/emilio/Documentos/Naucalpan_Semanal_Reportes/Periodico/Enero_Mayo/2026-02-16_al_2026-02-28/Facebook/2026-02-16_al_2026-02-28_Facebook/2026-02-16_al_2026-02-28_Facebook_posts.csv
2026-02-16,2026-02-16_al_2026-02-28_Facebook,isaac_montoya,Isaac Montoya,facebook,Facebook,post_facebook,isaacmontoya24,Isaac Montoya,,"Ver ondear nuestra Bandera, con la participación de niñas, niños y jóvenes, nos recuerda que la unidad nacional no es un discurso: es una responsabilidad compartida. Es un compromiso con las nuevas generaciones que anhelan un México en paz, con prosperidad y con comunidad. 🇲🇽 En este día que celebramos a nuestro lábaro patrio, reiteré mi llamado a la unidad y al respaldo a nuestras instituciones. Reconozco la labor heroica de las Fuerzas de seguridad federal, estatal y municipal, quienes todos los días trabajan por la tranquilidad de nuestras familias. Desde Ciudad Naucalpan seguimos haciendo lo que nos corresponde: construir la paz desde las comunidades, atender las causas y fortalecer la coordinación con los tres órdenes de gobierno. Porque hoy más que nunca, debemos estar informados, unidos y organizados. #AquiGobiernaLaEsperanza #Naucalpan #DiaDeLaBandera","Ver ondear nuestra Bandera, con la participación de niñas, niños y jóvenes, nos recuerda que la unidad nacional no es un discurso: es una responsabilidad compartida. Es un compromiso con las nuevas generaciones que anhelan un México en paz, con prosperidad y con comunidad. 🇲🇽 En este día que celebramos a nuestro lábaro patrio, reiteré mi llamado a la unidad y al respaldo a nuestras instituciones. Reconozco la labor heroica de las Fuerzas de seguridad federal, estatal y municipal, quienes todos los días trabajan por la tranquilidad de nuestras familias. Desde Ciudad Naucalpan seguimos haciendo lo que nos corresponde: construir la paz desde las comunidades, atender las causas y fortalecer la coordinación con los tres órdenes de gobierno. Porque hoy más que nunca, debemos estar informados, unidos y organizados. #AquiGobiernaLaEsperanza #Naucalpan #DiaDeLaBandera",https://www.facebook.com/reel/939167005216617/,https://www.facebook.com/reel/939167005216617/,2026-02-24 17:11:01,2026-02-24,/home/emilio/Documentos/Naucalpan_Semanal_Reportes/Periodico/Enero_Mayo/2026-02-16_al_2026-02-28/Facebook/2026-02-16_al_2026-02-28_Facebook/2026-02-16_al_2026-02-28_Facebook_posts.csv
2026-02-16,2026-02-16_al_2026-02-28_Facebook,isaac_montoya,Isaac Montoya,facebook,Facebook,post_facebook,isaacmontoya24,Isaac Montoya,,"Ver ondear nuestra Bandera, con la participación de niñas, niños y jóvenes, nos recuerda que la unidad nacional no es un discurso: es una responsabilidad compartida. Es un compromiso con las nuevas generaciones que anhelan un México en paz, con prosperidad y con comunidad. 🇲🇽 En este día que celebramos a nuestro lábaro patrio, reiteré mi llamado a la unidad y al respaldo a nuestras instituciones. Reconozco la labor heroica de las Fuerzas de seguridad federal, estatal y municipal, quienes todos los días trabajan por la tranquilidad de nuestras familias. Desde Ciudad Naucalpan seguimos haciendo lo que nos corresponde: construir la paz desde las comunidades, atender las causas y fortalecer la coordinación con los tres órdenes de gobierno. Porque hoy más que nunca, debemos estar informados, unidos y organizados. #AquiGobiernaLaEsperanza #Naucalpan #DiaDeLaBandera","Ver ondear nuestra Bandera, con la participación de niñas, niños y jóvenes, nos recuerda que la unidad nacional no es un discurso: es una responsabilidad compartida. Es un compromiso con las nuevas generaciones que anhelan un México en paz, con prosperidad y con comunidad. 🇲🇽 En este día que celebramos a nuestro lábaro patrio, reiteré mi llamado a la unidad y al respaldo a nuestras instituciones. Reconozco la labor heroica de las Fuerzas de seguridad federal, estatal y municipal, quienes todos los días trabajan por la tranquilidad de nuestras familias. Desde Ciudad Naucalpan seguimos haciendo lo que nos corresponde: construir la paz desde las comunidades, atender las causas y fortalecer la coordinación con los tres órdenes de gobierno. Porque hoy más que nunca, debemos estar informados, unidos y organizados. #AquiGobiernaLaEsperanza #Naucalpan #DiaDeLaBandera",https://www.facebook.com/isaacmontoya24/posts/pfbid0cnf6kYarVMekBo69Mk9Q2Hh7MB3AXnNAXBBFTGH4coqgtNm5J4wxAREALxF8Sengl,https://www.facebook.com/isaacmontoya24/posts/pfbid0cnf6kYarVMekBo69Mk9Q2Hh7MB3AXnNAXBBFTGH4coqgtNm5J4wxAREALxF8Sengl,2026-02-24 17:05:45,2026-02-24,/home/emilio/Documentos/Naucalpan_Semanal_Reportes/Periodico/Enero_Mayo/2026-02-16_al_2026-02-28/Facebook/2026-02-16_al_2026-02-28_Facebook/2026-02-16_al_2026-02-28_Facebook_posts.csv
2026-02-16,2026-02-16_al_2026-02-28_Facebook,isaac_montoya,Isaac Montoya,facebook,Facebook,post_facebook,isaacmontoya24,Isaac Montoya,,"Agradezco el recibimiento de la Oficial Mayor del Estado de México, Mónica Chávez Durán, para fortalecer la coordinación en temas prioritarios para Ciudad Naucalpan, en congruencia con la visión de nuestra Gobernadora, Delfina Gómez Álvarez. Seguimos sumando esfuerzos con el Gobierno del Estado para impulsar una gestión eficiente, transparente y al servicio de las y los naucalpenses. #Naucalpan #ElPoderDeServir","Agradezco el recibimiento de la Oficial Mayor del Estado de México, Mónica Chávez Durán, para fortalecer la coordinación en temas prioritarios para Ciudad Naucalpan, en congruencia con la visión de nuestra Gobernadora, Delfina Gómez Álvarez. Seguimos sumando esfuerzos con el Gobierno del Estado para impulsar una gestión eficiente, transparente y al servicio de las y los naucalpenses. #Naucalpan #ElPoderDeServir",https://www.facebook.com/isaacmontoya24/posts/pfbid02T1dwm56pxp1dMp6wE7uHwoXPcQGRRzb8nWFBKfgrBRcPbFJzzWUU9FNc7TNQr82Tl,https://www.facebook.com/isaacmontoya24/posts/pfbid02T1dwm56pxp1dMp6wE7uHwoXPcQGRRzb8nWFBKfgrBRcPbFJzzWUU9FNc7TNQr82Tl,2026-02-24 14:52:24,2026-02-24,/home/emilio/Documentos/Naucalpan_Semanal_Reportes/Periodico/Enero_Mayo/2026-02-16_al_2026-02-28/Facebook/2026-02-16_al_2026-02-28_Facebook/2026-02-16_al_2026-02-28_Facebook_posts.csv
2026-02-16,2026-02-16_al_2026-02-28_Facebook,isaac_montoya,Isaac Montoya,facebook,Facebook,post_facebook,isaacmontoya24,Isaac Montoya,,"Hoy felicito a Antonio Fonseca, Tercer Regidor de Ciudad Naucalpan, en su cumpleaños. 🎉 Que tu camino esté lleno de fortaleza y salud, para que juntas y juntos sigamos la ruta de la transformación por la dignificación y el bienestar del pueblo de México. 🤝 Recibe mis mejores deseos. #Naucalpan","Hoy felicito a Antonio Fonseca, Tercer Regidor de Ciudad Naucalpan, en su cumpleaños. 🎉 Que tu camino esté lleno de fortaleza y salud, para que juntas y juntos sigamos la ruta de la transformación por la dignificación y el bienestar del pueblo de México. 🤝 Recibe mis mejores deseos. #Naucalpan",https://www.facebook.com/isaacmontoya24/posts/pfbid0vScQVXLf3WEQsjqqeaY5onSvvVDg2VesxiTtWgwQZp3SMDoQ6i78ZS1rmobPaiFnl,https://www.facebook.com/isaacmontoya24/posts/pfbid0vScQVXLf3WEQsjqqeaY5onSvvVDg2VesxiTtWgwQZp3SMDoQ6i78ZS1rmobPaiFnl,2026-02-24 13:52:00,2026-02-24,/home/emilio/Documentos/Naucalpan_Semanal_Reportes/Periodico/Enero_Mayo/2026-02-16_al_2026-02-28/Facebook/2026-02-16_al_2026-02-28_Facebook/2026-02-16_al_2026-02-28_Facebook_posts.csv
2026-02-16,2026-02-16_al_2026-02-28_Facebook,isaac_montoya,Isaac Montoya,facebook,Facebook,post_facebook,isaacmontoya24,Isaac Montoya,,En Ciudad Naucalpan se promueve un desarrollo urbano ordenado. #AquiGobiernaLaEsperanza #Naucalpan,En Ciudad Naucalpan se promueve un desarrollo urbano ordenado. #AquiGobiernaLaEsperanza #Naucalpan,https://www.facebook.com/reel/1305051191462993/,https://www.facebook.com/reel/1305051191462993/,2026-02-24 13:24:59,2026-02-24,/home/emilio/Documentos/Naucalpan_Semanal_Reportes/Periodico/Enero_Mayo/2026-02-16_al_2026-02-28/Facebook/2026-02-16_al_2026-02-28_Facebook/2026-02-16_al_2026-02-28_Facebook_posts.csv
2026-02-16,2026-02-16_al_2026-02-28_Facebook,isaac_montoya,Isaac Montoya,facebook,Facebook,post_facebook,isaacmontoya24,Isaac Montoya,,"Detención derivada de atención inmediata a reporte ciudadano🚨 Durante un recorrido de vigilancia sobre Avenida Transmisiones e Ingenieros Militares, una mujer solicitó apoyo policial. Al dialogar con ella, señaló que un hombre que se dirigía a una taquería le realizó tocamientos indebidos. En atención a su señalamiento, se procedió a verificar la situación. Al avanzar hacia la taquería, se hizo contacto con el hombre; la mujer lo identificó plenamente como la persona que realizó la conducta referida, por lo que se le informó el motivo de su detención. Finalmente, fue trasladado a la Fiscalía Regional de Naucalpan, donde, mediante confronta, dos víctimas más de agresión sexual lo identificaron como su agresor, por lo que quedó a disposición de la autoridad competente, quien determinará su situación jurídica. Con esta acción se saca de las calles a un agresor sexual que se había convertido en objetivo prioritario. Seguimos trabajando por la seguridad de las y los naucalpenses. #AquiGobiernaLaEsperanza #Naucalpan #Seguridad #SSEdoMex #GuardiaMunicipal","Detención derivada de atención inmediata a reporte ciudadano🚨 Durante un recorrido de vigilancia sobre Avenida Transmisiones e Ingenieros Militares, una mujer solicitó apoyo policial. Al dialogar con ella, señaló que un hombre que se dirigía a una taquería le realizó tocamientos indebidos. En atención a su señalamiento, se procedió a verificar la situación. Al avanzar hacia la taquería, se hizo contacto con el hombre; la mujer lo identificó plenamente como la persona que realizó la conducta referida, por lo que se le informó el motivo de su detención. Finalmente, fue trasladado a la Fiscalía Regional de Naucalpan, donde, mediante confronta, dos víctimas más de agresión sexual lo identificaron como su agresor, por lo que quedó a disposición de la autoridad competente, quien determinará su situación jurídica. Con esta acción se saca de las calles a un agresor sexual que se había convertido en objetivo prioritario. Seguimos trabajando por la seguridad de las y los naucalpenses. #AquiGobiernaLaEsperanza #Naucalpan #Seguridad #SSEdoMex #GuardiaMunicipal",https://www.facebook.com/reel/1982965912657582/,https://www.facebook.com/reel/1982965912657582/,2026-02-24 11:48:24,2026-02-24,/home/emilio/Documentos/Naucalpan_Semanal_Reportes/Periodico/Enero_Mayo/2026-02-16_al_2026-02-28/Facebook/2026-02-16_al_2026-02-28_Facebook/2026-02-16_al_2026-02-28_Facebook_posts.csv
2026-02-16,2026-02-16_al_2026-02-28_Facebook,isaac_montoya,Isaac Montoya,facebook,Facebook,post_facebook,isaacmontoya24,Isaac Montoya,,"24 de febrero | Día de la Bandera 🇲🇽 Hoy celebramos nuestro lábaro patrio como símbolo de unidad, soberanía e identidad nacional. Nuestra bandera, reconocida como una de las más hermosas del mundo, representa la esperanza y la unidad del pueblo mexicano. Honremos con orgullo nuestros símbolos y el significado que nos une como nación. #Naucalpan #DiaDeLaBandera","24 de febrero | Día de la Bandera 🇲🇽 Hoy celebramos nuestro lábaro patrio como símbolo de unidad, soberanía e identidad nacional. Nuestra bandera, reconocida como una de las más hermosas del mundo, representa la esperanza y la unidad del pueblo mexicano. Honremos con orgullo nuestros símbolos y el significado que nos une como nación. #Naucalpan #DiaDeLaBandera",https://www.facebook.com/isaacmontoya24/posts/pfbid0Lq6sUwCtZBSmwByLct8ZgjZv3ApTL1gbYDZ5iYa5u473Nv3MHMzgospXWxx7AGSbl,https://www.facebook.com/isaacmontoya24/posts/pfbid0Lq6sUwCtZBSmwByLct8ZgjZv3ApTL1gbYDZ5iYa5u473Nv3MHMzgospXWxx7AGSbl,2026-02-24 10:06:37,2026-02-24,/home/emilio/Documentos/Naucalpan_Semanal_Reportes/Periodico/Enero_Mayo/2026-02-16_al_2026-02-28/Facebook/2026-02-16_al_2026-02-28_Facebook/2026-02-16_al_2026-02-28_Facebook_posts.csv
2026-02-16,2026-02-16_al_2026-02-28_Twitter,isaac_montoya,Isaac Montoya,twitter,Twitter/X,tweet,@isaacsolar,@isaacsolar,,24 de febrero | Día de la Bandera Honremos con orgullo nuestros símbolos y el significado que nos une como nación. #Naucalpan #DiaDeLaBandera,24 de febrero | Día de la Bandera Honremos con orgullo nuestros símbolos y el significado que nos une como nación. #Naucalpan #DiaDeLaBandera,https://x.com/isaacsolar/status/2026437449656696922,https://x.com/isaacsolar/status/2026437449656696922,2026-02-24 23:21:52+00:00,2026-02-24,/home/emilio/Documentos/Naucalpan_Semanal_Reportes/Periodico/Enero_Mayo/2026-02-16_al_2026-02-28/Twitter/2026-02-16_al_2026-02-28_Twitter/2026-02-16_al_2026-02-28_Twitter_post_institucionales.csv
2026-02-16,2026-02-16_al_2026-02-28_Twitter,isaac_montoya,Isaac Montoya,twitter,Twitter/X,tweet,@isaacsolar,@isaacsolar,,"Ver ondear nuestra Bandera, con la participación de niñas, niños y jóvenes, nos recuerda que la unidad nacional no es un discurso: es una responsabilidad compartida. Es un compromiso con las nuevas generaciones que anhelan un México en paz, con prosperidad y con comunidad. En este día que celebramos a nuestro lábaro patrio, reiteré mi llamado a la unidad y al respaldo a nuestras instituciones. Reconozco la labor heroica de las Fuerzas de seguridad federal, estatal y municipal, quienes todos los días trabajan por la tranquilidad de nuestras familias. Desde Ciudad Naucalpan seguimos haciendo lo que nos corresponde: construir la paz desde las comunidades, atender las causas y fortalecer la coordinación con los tres órdenes de gobierno. Porque hoy más que nunca, debemos estar informados, unidos y organizados. #AquiGobiernaLaEsperanza #Naucalpan #DiaDeLaBandera","Ver ondear nuestra Bandera, con la participación de niñas, niños y jóvenes, nos recuerda que la unidad nacional no es un discurso: es una responsabilidad compartida. Es un compromiso con las nuevas generaciones que anhelan un México en paz, con prosperidad y con comunidad. En este día que celebramos a nuestro lábaro patrio, reiteré mi llamado a la unidad y al respaldo a nuestras instituciones. Reconozco la labor heroica de las Fuerzas de seguridad federal, estatal y municipal, quienes todos los días trabajan por la tranquilidad de nuestras familias. Desde Ciudad Naucalpan seguimos haciendo lo que nos corresponde: construir la paz desde las comunidades, atender las causas y fortalecer la coordinación con los tres órdenes de gobierno. Porque hoy más que nunca, debemos estar informados, unidos y organizados. #AquiGobiernaLaEsperanza #Naucalpan #DiaDeLaBandera",https://x.com/isaacsolar/status/2026434443032866844,https://x.com/isaacsolar/status/2026434443032866844,2026-02-24 23:09:55+00:00,2026-02-24,/home/emilio/Documentos/Naucalpan_Semanal_Reportes/Periodico/Enero_Mayo/2026-02-16_al_2026-02-28/Twitter/2026-02-16_al_2026-02-28_Twitter/2026-02-16_al_2026-02-28_Twitter_post_institucionales.csv
2026-02-16,2026-02-16_al_2026-02-28_Twitter,isaac_montoya,Isaac Montoya,twitter,Twitter/X,tweet,@isaacsolar,@isaacsolar,,"Ver ondear nuestra Bandera, con la participación de niñas, niños y jóvenes, nos recuerda que la unidad nacional no es un discurso: es una responsabilidad compartida. Es un compromiso con las nuevas generaciones que anhelan un México en paz, con prosperidad y con comunidad. En este día que celebramos a nuestro lábaro patrio, reiteré mi llamado a la unidad y al respaldo a nuestras instituciones. Reconozco la labor heroica de las Fuerzas de seguridad federal, estatal y municipal, quienes todos los días trabajan por la tranquilidad de nuestras familias. Desde Ciudad Naucalpan seguimos haciendo lo que nos corresponde: construir la paz desde las comunidades, atender las causas y fortalecer la coordinación con los tres órdenes de gobierno. Porque hoy más que nunca, debemos estar informados, unidos y organizados. #AquiGobiernaLaEsperanza #Naucalpan #DiaDeLaBandera","Ver ondear nuestra Bandera, con la participación de niñas, niños y jóvenes, nos recuerda que la unidad nacional no es un discurso: es una responsabilidad compartida. Es un compromiso con las nuevas generaciones que anhelan un México en paz, con prosperidad y con comunidad. En este día que celebramos a nuestro lábaro patrio, reiteré mi llamado a la unidad y al respaldo a nuestras instituciones. Reconozco la labor heroica de las Fuerzas de seguridad federal, estatal y municipal, quienes todos los días trabajan por la tranquilidad de nuestras familias. Desde Ciudad Naucalpan seguimos haciendo lo que nos corresponde: construir la paz desde las comunidades, atender las causas y fortalecer la coordinación con los tres órdenes de gobierno. Porque hoy más que nunca, debemos estar informados, unidos y organizados. #AquiGobiernaLaEsperanza #Naucalpan #DiaDeLaBandera",https://x.com/isaacsolar/status/2026433606709604530,https://x.com/isaacsolar/status/2026433606709604530,2026-02-24 23:06:35+00:00,2026-02-24,/home/emilio/Documentos/Naucalpan_Semanal_Reportes/Periodico/Enero_Mayo/2026-02-16_al_2026-02-28/Twitter/2026-02-16_al_2026-02-28_Twitter/2026-02-16_al_2026-02-28_Twitter_post_institucionales.csv
2026-02-16,2026-02-16_al_2026-02-28_Twitter,isaac_montoya,Isaac Montoya,twitter,Twitter/X,tweet,@isaacsolar,@isaacsolar,,"Hoy felicito a Antonio Fonseca, Tercer Regidor de Ciudad Naucalpan, en su cumpleaños. Que tu camino esté lleno de fortaleza y salud, para que juntas y juntos sigamos la ruta de la transformación por la dignificación y el bienestar del pueblo de México. Recibe mis mejores","Hoy felicito a Antonio Fonseca, Tercer Regidor de Ciudad Naucalpan, en su cumpleaños. Que tu camino esté lleno de fortaleza y salud, para que juntas y juntos sigamos la ruta de la transformación por la dignificación y el bienestar del pueblo de México. Recibe mis mejores",https://x.com/isaacsolar/status/2026384634099962181,https://x.com/isaacsolar/status/2026384634099962181,2026-02-24 19:51:59+00:00,2026-02-24,/home/emilio/Documentos/Naucalpan_Semanal_Reportes/Periodico/Enero_Mayo/2026-02-16_al_2026-02-28/Twitter/2026-02-16_al_2026-02-28_Twitter/2026-02-16_al_2026-02-28_Twitter_post_institucionales.csv
2026-02-16,2026-02-16_al_2026-02-28_Facebook,isaac_montoya,Isaac Montoya,facebook,Facebook,post_facebook,isaacmontoya24,Isaac Montoya,,"A través del programa Huellas de la Transformación rehabilitamos integralmente el Parque El Chamizal, un espacio que durante años estuvo en el abandono y que hoy vuelve a ser digno y seguro para las familias naucalpenses.🌳 Instalamos 27 luminarias nuevas, realizamos podas y limpieza integral, y rehabilitamos los juegos infantiles para que niñas y niños disfruten con mayor seguridad. 💡🛝 A través del OAPAS atendimos 16 reparaciones por fugas y desazolve, resolviendo problemas que por años afectaron a la comunidad. 💧 #AquiGobiernaLaEsperanza #HuellasDeLaTransformacion #Naucalpan #ElChamizal","A través del programa Huellas de la Transformación rehabilitamos integralmente el Parque El Chamizal, un espacio que durante años estuvo en el abandono y que hoy vuelve a ser digno y seguro para las familias naucalpenses.🌳 Instalamos 27 luminarias nuevas, realizamos podas y limpieza integral, y rehabilitamos los juegos infantiles para que niñas y niños disfruten con mayor seguridad. 💡🛝 A través del OAPAS atendimos 16 reparaciones por fugas y desazolve, resolviendo problemas que por años afectaron a la comunidad. 💧 #AquiGobiernaLaEsperanza #HuellasDeLaTransformacion #Naucalpan #ElChamizal",https://www.facebook.com/reel/1400300888560520/,https://www.facebook.com/reel/1400300888560520/,2026-02-23 17:29:00,2026-02-23,/home/emilio/Documentos/Naucalpan_Semanal_Reportes/Periodico/Enero_Mayo/2026-02-16_al_2026-02-28/Facebook/2026-02-16_al_2026-02-28_Facebook/2026-02-16_al_2026-02-28_Facebook_posts.csv
2026-02-16,2026-02-16_al_2026-02-28_Facebook,isaac_montoya,Isaac Montoya,facebook,Facebook,post_facebook,isaacmontoya24,Isaac Montoya,,"A través del programa Huellas de la Transformación rehabilitamos integralmente el Parque El Chamizal, un espacio que durante años estuvo en el abandono y que hoy vuelve a ser digno y seguro para las familias naucalpenses.🌳 Instalamos 27 luminarias nuevas, realizamos podas y limpieza integral, y rehabilitamos los juegos infantiles para que niñas y niños disfruten con mayor seguridad. 💡🛝 A través del OAPAS atendimos 16 reparaciones por fugas y desazolve, resolviendo problemas que por años afectaron a la comunidad. 💧 #AquiGobiernaLaEsperanza #HuellasDeLaTransformacion #Naucalpan #ElChamizal","A través del programa Huellas de la Transformación rehabilitamos integralmente el Parque El Chamizal, un espacio que durante años estuvo en el abandono y que hoy vuelve a ser digno y seguro para las familias naucalpenses.🌳 Instalamos 27 luminarias nuevas, realizamos podas y limpieza integral, y rehabilitamos los juegos infantiles para que niñas y niños disfruten con mayor seguridad. 💡🛝 A través del OAPAS atendimos 16 reparaciones por fugas y desazolve, resolviendo problemas que por años afectaron a la comunidad. 💧 #AquiGobiernaLaEsperanza #HuellasDeLaTransformacion #Naucalpan #ElChamizal",https://www.facebook.com/reel/1540461183698579/,https://www.facebook.com/reel/1540461183698579/,2026-02-23 17:26:52,2026-02-23,/home/emilio/Documentos/Naucalpan_Semanal_Reportes/Periodico/Enero_Mayo/2026-02-16_al_2026-02-28/Facebook/2026-02-16_al_2026-02-28_Facebook/2026-02-16_al_2026-02-28_Facebook_posts.csv
2026-02-16,2026-02-16_al_2026-02-28_Facebook,isaac_montoya,Isaac Montoya,facebook,Facebook,post_facebook,isaacmontoya24,Isaac Montoya,,"Con el programa Huellas de la Transformación pusimos en marcha la rehabilitación integral del Parque El Chamizal, un espacio que durante años estuvo en el abandono y que hoy vuelve a ser digno y seguro. ✨ Instalamos 27 luminarias nuevas, realizamos clareos y podas, trabajos de limpieza integral y rehabilitamos los juegos infantiles. Además, aplicamos 104 toneladas de mezcla asfáltica en El Molinito, San Antonio Zomeyucan, Huizachal y Estado de México. También pintamos barras de contención, línea central y topes en la Avenida Río Hondo. A través del OAPAS, se realizaron 16 reparaciones por fugas de agua, desazolve y retiro de cascajo, atendiendo problemas que por años afectaron directamente a las y los vecinos. No venimos a administrar el rezago. Venimos a transformar. Seguimos trabajando en territorio, escuchando y cumpliendo. #AquiGobiernaLaEsperanza #HuellasDeLaTransformacion #Naucalpan #ElChamizal","Con el programa Huellas de la Transformación pusimos en marcha la rehabilitación integral del Parque El Chamizal, un espacio que durante años estuvo en el abandono y que hoy vuelve a ser digno y seguro. ✨ Instalamos 27 luminarias nuevas, realizamos clareos y podas, trabajos de limpieza integral y rehabilitamos los juegos infantiles. Además, aplicamos 104 toneladas de mezcla asfáltica en El Molinito, San Antonio Zomeyucan, Huizachal y Estado de México. También pintamos barras de contención, línea central y topes en la Avenida Río Hondo. A través del OAPAS, se realizaron 16 reparaciones por fugas de agua, desazolve y retiro de cascajo, atendiendo problemas que por años afectaron directamente a las y los vecinos. No venimos a administrar el rezago. Venimos a transformar. Seguimos trabajando en territorio, escuchando y cumpliendo. #AquiGobiernaLaEsperanza #HuellasDeLaTransformacion #Naucalpan #ElChamizal",https://www.facebook.com/isaacmontoya24/posts/pfbid02tYdqyT4YaecGzGSyn9FAfLEu1zs1wtPAVwktcXFGXUAjkuv58ptHFVmgTGe9Xrmnl,https://www.facebook.com/isaacmontoya24/posts/pfbid02tYdqyT4YaecGzGSyn9FAfLEu1zs1wtPAVwktcXFGXUAjkuv58ptHFVmgTGe9Xrmnl,2026-02-23 17:20:44,2026-02-23,/home/emilio/Documentos/Naucalpan_Semanal_Reportes/Periodico/Enero_Mayo/2026-02-16_al_2026-02-28/Facebook/2026-02-16_al_2026-02-28_Facebook/2026-02-16_al_2026-02-28_Facebook_posts.csv
2026-02-16,2026-02-16_al_2026-02-28_Facebook,isaac_montoya,Isaac Montoya,facebook,Facebook,post_facebook,isaacmontoya24,Isaac Montoya,,"La Universal fue, durante décadas, una colonia olvidada. Hoy empieza a verse distinta. A través del programa Huellas de la Transformación regresamos para cumplir lo que durante años escuché al recorrer sus calles: servicios dignos, espacios públicos seguros y atención directa a sus necesidades.🛝✨🚧 La Universal es ejemplo de que cuando primero van quienes más lo necesitan, la transformación se nota. #AquiGobiernaLaEsperanza #HuellasDeLaTransformacion #Naucalpan #LaUniversal","La Universal fue, durante décadas, una colonia olvidada. Hoy empieza a verse distinta. A través del programa Huellas de la Transformación regresamos para cumplir lo que durante años escuché al recorrer sus calles: servicios dignos, espacios públicos seguros y atención directa a sus necesidades.🛝✨🚧 La Universal es ejemplo de que cuando primero van quienes más lo necesitan, la transformación se nota. #AquiGobiernaLaEsperanza #HuellasDeLaTransformacion #Naucalpan #LaUniversal",https://www.facebook.com/reel/1407520877775825/,https://www.facebook.com/reel/1407520877775825/,2026-02-23 16:04:49,2026-02-23,/home/emilio/Documentos/Naucalpan_Semanal_Reportes/Periodico/Enero_Mayo/2026-02-16_al_2026-02-28/Facebook/2026-02-16_al_2026-02-28_Facebook/2026-02-16_al_2026-02-28_Facebook_posts.csv
2026-02-16,2026-02-16_al_2026-02-28_Facebook,isaac_montoya,Isaac Montoya,facebook,Facebook,post_facebook,isaacmontoya24,Isaac Montoya,,"La Universal ya no es la misma: la transformación comenzó. Renovamos el parque y la zona de juegos infantiles, sustituimos 25 luminarias, aplicamos 78 toneladas de asfalto para bacheo, pintamos cruces peatonales y realizamos limpieza integral retirando más de 2 toneladas de residuos. 🛝💡🛣️ Así gobernamos: caminando el territorio y resolviendo lo que durante décadas nadie atendió. #AquiGobiernaLaEsperanza #HuellasDeLaTransformacion #Naucalpan","La Universal ya no es la misma: la transformación comenzó. Renovamos el parque y la zona de juegos infantiles, sustituimos 25 luminarias, aplicamos 78 toneladas de asfalto para bacheo, pintamos cruces peatonales y realizamos limpieza integral retirando más de 2 toneladas de residuos. 🛝💡🛣️ Así gobernamos: caminando el territorio y resolviendo lo que durante décadas nadie atendió. #AquiGobiernaLaEsperanza #HuellasDeLaTransformacion #Naucalpan",https://www.facebook.com/reel/2035558027003427/,https://www.facebook.com/reel/2035558027003427/,2026-02-23 15:56:24,2026-02-23,/home/emilio/Documentos/Naucalpan_Semanal_Reportes/Periodico/Enero_Mayo/2026-02-16_al_2026-02-28/Facebook/2026-02-16_al_2026-02-28_Facebook/2026-02-16_al_2026-02-28_Facebook_posts.csv
2026-02-16,2026-02-16_al_2026-02-28_Facebook,isaac_montoya,Isaac Montoya,facebook,Facebook,post_facebook,isaacmontoya24,Isaac Montoya,,"La Universal fue, durante décadas, una colonia olvidada. Hoy empieza a verse distinta. A través del programa Huellas de la Transformación regresamos para cumplir lo que durante años escuché al recorrer sus calles: servicios dignos, espacios públicos seguros y atención directa a sus necesidades. En esta intervención realizamos trabajos concretos: ⚪Renovación del parque y nueva área de juegos infantiles Sustitución de 25 luminarias. ⚪Aplicación de 78 toneladas de asfalto para bacheo. ⚪Pintura de guarniciones, cruces peatonales y balizamiento Poda y clareo de árboles. ⚪Chaponeo, limpieza y recolección de más de 2 toneladas de residuos. No se trata de discurso, se trata de resultados visibles. Gobernar distinto es poner toda la capacidad del gobierno al servicio de la gente. Hoy trabajamos en todos los frentes: servicios públicos, obra, seguridad, salud. Y lo hacemos gracias a la confianza de las y los naucalpenses que cumplen y permiten que el recurso regrese a sus colonias. No venimos a administrar el abandono. Venimos a reconstruir, a devolver prosperidad y a hacer visibles a las comunidades que por años fueron ignoradas. La Universal es ejemplo de que cuando primero van quienes más lo necesitan, la transformación se nota. #AquiGobiernaLaEsperanza #HuellasDeLaTransformacion #Naucalpan","La Universal fue, durante décadas, una colonia olvidada. Hoy empieza a verse distinta. A través del programa Huellas de la Transformación regresamos para cumplir lo que durante años escuché al recorrer sus calles: servicios dignos, espacios públicos seguros y atención directa a sus necesidades. En esta intervención realizamos trabajos concretos: ⚪Renovación del parque y nueva área de juegos infantiles Sustitución de 25 luminarias. ⚪Aplicación de 78 toneladas de asfalto para bacheo. ⚪Pintura de guarniciones, cruces peatonales y balizamiento Poda y clareo de árboles. ⚪Chaponeo, limpieza y recolección de más de 2 toneladas de residuos. No se trata de discurso, se trata de resultados visibles. Gobernar distinto es poner toda la capacidad del gobierno al servicio de la gente. Hoy trabajamos en todos los frentes: servicios públicos, obra, seguridad, salud. Y lo hacemos gracias a la confianza de las y los naucalpenses que cumplen y permiten que el recurso regrese a sus colonias. No venimos a administrar el abandono. Venimos a reconstruir, a devolver prosperidad y a hacer visibles a las comunidades que por años fueron ignoradas. La Universal es ejemplo de que cuando primero van quienes más lo necesitan, la transformación se nota. #AquiGobiernaLaEsperanza #HuellasDeLaTransformacion #Naucalpan",https://www.facebook.com/isaacmontoya24/posts/pfbid02zwqk8KQW7QCmwpRoSFeBkZqwVCHwzyzudZoASExyV9s5vkBLg77ppFbqw14u63Jtl,https://www.facebook.com/isaacmontoya24/posts/pfbid02zwqk8KQW7QCmwpRoSFeBkZqwVCHwzyzudZoASExyV9s5vkBLg77ppFbqw14u63Jtl,2026-02-23 15:32:46,2026-02-23,/home/emilio/Documentos/Naucalpan_Semanal_Reportes/Periodico/Enero_Mayo/2026-02-16_al_2026-02-28/Facebook/2026-02-16_al_2026-02-28_Facebook/2026-02-16_al_2026-02-28_Facebook_posts.csv
2026-02-16,2026-02-16_al_2026-02-28_Facebook,isaac_montoya,Isaac Montoya,facebook,Facebook,post_facebook,isaacmontoya24,Isaac Montoya,,"La charrería es una de las expresiones más profundas de nuestra identidad y tradición mexicana.🇲🇽🐴 Felicito al Lic. Arturo Vázquez, quien tomó protesta como Presidente de la Asociación de Charros General Manuel Ávila Camacho, así como a los integrantes del nuevo consejo directivo. Asumir esta responsabilidad implica liderazgo, compromiso y visión para fortalecer una asociación que forma parte del arraigo cultural de Ciudad Naucalpan. Estoy seguro que esta nueva etapa contribuirá al fortalecimiento de la comunidad charra y a la preservación de nuestras tradiciones. La reconstrucción del tejido social también se impulsa desde el deporte, la cultura y las organizaciones que mantienen vivas nuestras raíces. Les deseo el mayor de los éxitos. #AquiGobiernaLaEsperanza #Naucalpan #Charreria","La charrería es una de las expresiones más profundas de nuestra identidad y tradición mexicana.🇲🇽🐴 Felicito al Lic. Arturo Vázquez, quien tomó protesta como Presidente de la Asociación de Charros General Manuel Ávila Camacho, así como a los integrantes del nuevo consejo directivo. Asumir esta responsabilidad implica liderazgo, compromiso y visión para fortalecer una asociación que forma parte del arraigo cultural de Ciudad Naucalpan. Estoy seguro que esta nueva etapa contribuirá al fortalecimiento de la comunidad charra y a la preservación de nuestras tradiciones. La reconstrucción del tejido social también se impulsa desde el deporte, la cultura y las organizaciones que mantienen vivas nuestras raíces. Les deseo el mayor de los éxitos. #AquiGobiernaLaEsperanza #Naucalpan #Charreria",https://www.facebook.com/isaacmontoya24/posts/pfbid0HrLBtKDRspWMG4FY2Q5o25i2x1y9MkjyWYRnGxqPddb1Q7A5kEmMLuHTZrFGSeRJl,https://www.facebook.com/isaacmontoya24/posts/pfbid0HrLBtKDRspWMG4FY2Q5o25i2x1y9MkjyWYRnGxqPddb1Q7A5kEmMLuHTZrFGSeRJl,2026-02-23 15:05:52,2026-02-23,/home/emilio/Documentos/Naucalpan_Semanal_Reportes/Periodico/Enero_Mayo/2026-02-16_al_2026-02-28/Facebook/2026-02-16_al_2026-02-28_Facebook/2026-02-16_al_2026-02-28_Facebook_posts.csv
2026-02-16,2026-02-16_al_2026-02-28_Facebook,isaac_montoya,Isaac Montoya,facebook,Facebook,post_facebook,isaacmontoya24,Isaac Montoya,,"Avance de la intervención en el Boulevard Manuel Ávila Camacho (Periférico Norte), donde ya se realizan trabajos de retiro de carpeta asfáltica y preparación de la superficie en distintos frentes de obra.🛣️ La obra contempla la colocación de concreto hidráulico MR45 con 25 centímetros de espesor, material de alta resistencia que requiere un periodo específico de fraguado para garantizar mayor durabilidad y seguridad vial. #AquiGobiernaLaEsperanza #Naucalpan #Edomex #Obrahistorica #PerifericoNorte","Avance de la intervención en el Boulevard Manuel Ávila Camacho (Periférico Norte), donde ya se realizan trabajos de retiro de carpeta asfáltica y preparación de la superficie en distintos frentes de obra.🛣️ La obra contempla la colocación de concreto hidráulico MR45 con 25 centímetros de espesor, material de alta resistencia que requiere un periodo específico de fraguado para garantizar mayor durabilidad y seguridad vial. #AquiGobiernaLaEsperanza #Naucalpan #Edomex #Obrahistorica #PerifericoNorte",https://www.facebook.com/reel/25754779984203285/,https://www.facebook.com/reel/25754779984203285/,2026-02-23 14:11:32,2026-02-23,/home/emilio/Documentos/Naucalpan_Semanal_Reportes/Periodico/Enero_Mayo/2026-02-16_al_2026-02-28/Facebook/2026-02-16_al_2026-02-28_Facebook/2026-02-16_al_2026-02-28_Facebook_posts.csv
2026-02-16,2026-02-16_al_2026-02-28_Twitter,isaac_montoya,Isaac Montoya,twitter,Twitter/X,tweet,@isaacsolar,@isaacsolar,,"La Universal fue, durante décadas, una colonia olvidada. Hoy empieza a verse distinta. A través del programa Huellas de la Transformación regresamos para cumplir lo que durante años escuché al recorrer sus calles: servicios dignos, espacios públicos seguros y atención directa a","La Universal fue, durante décadas, una colonia olvidada. Hoy empieza a verse distinta. A través del programa Huellas de la Transformación regresamos para cumplir lo que durante años escuché al recorrer sus calles: servicios dignos, espacios públicos seguros y atención directa a",https://x.com/isaacsolar/status/2026055385774227864,https://x.com/isaacsolar/status/2026055385774227864,2026-02-23 22:03:40+00:00,2026-02-23,/home/emilio/Documentos/Naucalpan_Semanal_Reportes/Periodico/Enero_Mayo/2026-02-16_al_2026-02-28/Twitter/2026-02-16_al_2026-02-28_Twitter/2026-02-16_al_2026-02-28_Twitter_post_institucionales.csv
2026-02-16,2026-02-16_al_2026-02-28_Twitter,isaac_montoya,Isaac Montoya,twitter,Twitter/X,tweet,@isaacsolar,@isaacsolar,,"Con el programa Huellas de la Transformación rehabilitamos integralmente el Parque El Chamizal, un espacio que durante años estuvo en el abandono y que hoy vuelve a ser digno y seguro para las familias. Seguimos trabajando en territorio, escuchando y cumpliendo. #AquiGobiernaLaEsperanza #HuellasDeLaTransformacion #Naucalpan #ElChamizal","Con el programa Huellas de la Transformación rehabilitamos integralmente el Parque El Chamizal, un espacio que durante años estuvo en el abandono y que hoy vuelve a ser digno y seguro para las familias. Seguimos trabajando en territorio, escuchando y cumpliendo. #AquiGobiernaLaEsperanza #HuellasDeLaTransformacion #Naucalpan #ElChamizal",https://x.com/isaacsolar/status/2026076625029255494,https://x.com/isaacsolar/status/2026076625029255494,2026-02-23 23:28:04+00:00,2026-02-23,/home/emilio/Documentos/Naucalpan_Semanal_Reportes/Periodico/Enero_Mayo/2026-02-16_al_2026-02-28/Twitter/2026-02-16_al_2026-02-28_Twitter/2026-02-16_al_2026-02-28_Twitter_post_institucionales.csv
2026-02-16,2026-02-16_al_2026-02-28_Twitter,isaac_montoya,Isaac Montoya,twitter,Twitter/X,tweet,@isaacsolar,@isaacsolar,,"Con el programa Huellas de la Transformación pusimos en marcha la rehabilitación integral del Parque El Chamizal, un espacio que durante años estuvo en el abandono y que hoy vuelve a ser digno y seguro. Instalamos 27 luminarias nuevas, realizamos clareos y podas, trabajos de limpieza integral y rehabilitamos los juegos infantiles. Además, aplicamos 104 toneladas de mezcla asfáltica en El Molinito, San Antonio Zomeyucan, Huizachal y Estado de México. También pintamos barras de contención, línea central y topes en la Avenida Río Hondo. A través de OAPAS, se realizaron 16 reparaciones por fugas de agua, desazolve y retiro de cascajo, atendiendo problemas que por años afectaron directamente a las y los vecinos. No venimos a administrar el rezago. Venimos a transformar. Seguimos trabajando en territorio, escuchando y cumpliendo. #AquiGobiernaLaEsperanza #HuellasDeLaTransformacion #Naucalpan #ElChamizal","Con el programa Huellas de la Transformación pusimos en marcha la rehabilitación integral del Parque El Chamizal, un espacio que durante años estuvo en el abandono y que hoy vuelve a ser digno y seguro. Instalamos 27 luminarias nuevas, realizamos clareos y podas, trabajos de limpieza integral y rehabilitamos los juegos infantiles. Además, aplicamos 104 toneladas de mezcla asfáltica en El Molinito, San Antonio Zomeyucan, Huizachal y Estado de México. También pintamos barras de contención, línea central y topes en la Avenida Río Hondo. A través de OAPAS, se realizaron 16 reparaciones por fugas de agua, desazolve y retiro de cascajo, atendiendo problemas que por años afectaron directamente a las y los vecinos. No venimos a administrar el rezago. Venimos a transformar. Seguimos trabajando en territorio, escuchando y cumpliendo. #AquiGobiernaLaEsperanza #HuellasDeLaTransformacion #Naucalpan #ElChamizal",https://x.com/isaacsolar/status/2026074989036712185,https://x.com/isaacsolar/status/2026074989036712185,2026-02-23 23:21:34+00:00,2026-02-23,/home/emilio/Documentos/Naucalpan_Semanal_Reportes/Periodico/Enero_Mayo/2026-02-16_al_2026-02-28/Twitter/2026-02-16_al_2026-02-28_Twitter/2026-02-16_al_2026-02-28_Twitter_post_institucionales.csv
2026-02-16,2026-02-16_al_2026-02-28_Twitter,isaac_montoya,Isaac Montoya,twitter,Twitter/X,tweet,@isaacsolar,@isaacsolar,,"La Universal fue, durante décadas, una colonia olvidada. Hoy empieza a verse distinta. A través del programa Huellas de la Transformación regresamos para cumplir lo que durante años escuché al recorrer sus calles: servicios dignos, espacios públicos seguros y atención directa a sus necesidades. En esta intervención realizamos trabajos concretos: Renovación del parque y nueva área de juegos infantiles Sustitución de 25 luminarias. Aplicación de 78 toneladas de asfalto para bacheo. Pintura de guarniciones, cruces peatonales y balizamiento Poda y clareo de árboles. Chaponeo, limpieza y recolección de más de 2 toneladas de residuos. No se trata de discurso, se trata de resultados visibles. Gobernar distinto es poner toda la capacidad del gobierno al servicio de la gente. Hoy trabajamos en todos los frentes: servicios públicos, obra, seguridad, salud. Y lo hacemos gracias a la confianza de las y los naucalpenses que cumplen y permiten que el recurso regrese a sus colonias. No venimos a administrar el abandono. Venimos a reconstruir, a devolver prosperidad y a hacer visibles a las comunidades que por años fueron ignoradas. La Universal es ejemplo de que cuando primero van quienes más lo necesitan, la transformación se nota. #AquiGobiernaLaEsperanza #HuellasDeLaTransformacion #Naucalpan","La Universal fue, durante décadas, una colonia olvidada. Hoy empieza a verse distinta. A través del programa Huellas de la Transformación regresamos para cumplir lo que durante años escuché al recorrer sus calles: servicios dignos, espacios públicos seguros y atención directa a sus necesidades. En esta intervención realizamos trabajos concretos: Renovación del parque y nueva área de juegos infantiles Sustitución de 25 luminarias. Aplicación de 78 toneladas de asfalto para bacheo. Pintura de guarniciones, cruces peatonales y balizamiento Poda y clareo de árboles. Chaponeo, limpieza y recolección de más de 2 toneladas de residuos. No se trata de discurso, se trata de resultados visibles. Gobernar distinto es poner toda la capacidad del gobierno al servicio de la gente. Hoy trabajamos en todos los frentes: servicios públicos, obra, seguridad, salud. Y lo hacemos gracias a la confianza de las y los naucalpenses que cumplen y permiten que el recurso regrese a sus colonias. No venimos a administrar el abandono. Venimos a reconstruir, a devolver prosperidad y a hacer visibles a las comunidades que por años fueron ignoradas. La Universal es ejemplo de que cuando primero van quienes más lo necesitan, la transformación se nota. #AquiGobiernaLaEsperanza #HuellasDeLaTransformacion #Naucalpan",https://x.com/isaacsolar/status/2026047604669223352,https://x.com/isaacsolar/status/2026047604669223352,2026-02-23 21:32:45+00:00,2026-02-23,/home/emilio/Documentos/Naucalpan_Semanal_Reportes/Periodico/Enero_Mayo/2026-02-16_al_2026-02-28/Twitter/2026-02-16_al_2026-02-28_Twitter/2026-02-16_al_2026-02-28_Twitter_post_institucionales.csv
2026-02-16,2026-02-16_al_2026-02-28_Facebook,isaac_montoya,Isaac Montoya,facebook,Facebook,post_facebook,isaacmontoya24,Isaac Montoya,,"Hoy felicito con aprecio a Enrique Jacob Noyola, en su cumpleaños. 🎉 Que su camino esté lleno de fortaleza y salud, para que juntas y juntos sigamos la ruta de la transformación por la dignificación y el bienestar del pueblo de México. 🤝 Recibe mis mejores deseos. #Naucalpan","Hoy felicito con aprecio a Enrique Jacob Noyola, en su cumpleaños. 🎉 Que su camino esté lleno de fortaleza y salud, para que juntas y juntos sigamos la ruta de la transformación por la dignificación y el bienestar del pueblo de México. 🤝 Recibe mis mejores deseos. #Naucalpan",https://www.facebook.com/isaacmontoya24/posts/pfbid02RGcpfbyJDpEaJeLrnnpnFGEz8J6DF1ycugBGkgbmEfYGfp2sQ1yNvLCBbX9jHr3Ml,https://www.facebook.com/isaacmontoya24/posts/pfbid02RGcpfbyJDpEaJeLrnnpnFGEz8J6DF1ycugBGkgbmEfYGfp2sQ1yNvLCBbX9jHr3Ml,2026-02-21 17:06:56,2026-02-21,/home/emilio/Documentos/Naucalpan_Semanal_Reportes/Periodico/Enero_Mayo/2026-02-16_al_2026-02-28/Facebook/2026-02-16_al_2026-02-28_Facebook/2026-02-16_al_2026-02-28_Facebook_posts.csv
2026-02-16,2026-02-16_al_2026-02-28_Facebook,isaac_montoya,Isaac Montoya,facebook,Facebook,post_facebook,isaacmontoya24,Isaac Montoya,,"Gatho ra hñäki ja ra ximhai, nge ra thogi pa ga hoki ra mui. (Cada lengua es una forma de nombrar el mundo.) Ja ra hñäki gi ‘bui ra mfeni ne ra historiä ya jä’i. (En ella viven la memoria, los afectos y la historia de los pueblos.) Nuya gi ‘yot’i ne ga mpefi ya hñäki nda, (Hoy reconocemos y celebramos las lenguas maternas) ja ra derecho, ja ra nt’ädi, ne ja ra te gi ‘bui. (como un derecho, como identidad, como patrimonio vivo.) Ñä, pädí ne ntsaya ra hñäki hñähñu, nge pa gi te ra ñätho. (Hablar, aprender y preservar una lengua originaria es mantener viva la raíz.) Habu Naucalpan di mpefihu pa gatho ya ndáhi da nthebe. (En Naucalpan impulsamos una comunicación donde todas las voces tengan lugar.) Ngetho n’abu ra hñäki gi te, gi te gatho ya jä’i. (Porque cuando una lengua florece, también florece la comunidad.) #AquiGobiernaLaEsperanza #Naucalpan #LenguaMaterna #Otomi","Gatho ra hñäki ja ra ximhai, nge ra thogi pa ga hoki ra mui. (Cada lengua es una forma de nombrar el mundo.) Ja ra hñäki gi ‘bui ra mfeni ne ra historiä ya jä’i. (En ella viven la memoria, los afectos y la historia de los pueblos.) Nuya gi ‘yot’i ne ga mpefi ya hñäki nda, (Hoy reconocemos y celebramos las lenguas maternas) ja ra derecho, ja ra nt’ädi, ne ja ra te gi ‘bui. (como un derecho, como identidad, como patrimonio vivo.) Ñä, pädí ne ntsaya ra hñäki hñähñu, nge pa gi te ra ñätho. (Hablar, aprender y preservar una lengua originaria es mantener viva la raíz.) Habu Naucalpan di mpefihu pa gatho ya ndáhi da nthebe. (En Naucalpan impulsamos una comunicación donde todas las voces tengan lugar.) Ngetho n’abu ra hñäki gi te, gi te gatho ya jä’i. (Porque cuando una lengua florece, también florece la comunidad.) #AquiGobiernaLaEsperanza #Naucalpan #LenguaMaterna #Otomi",https://www.facebook.com/isaacmontoya24/posts/pfbid0A79gQjzPVbY89z9ATQNgQ8ZgCAYd1H1KRU5qs6daugzWzi5AXUR5NhYyrzeWgGA6l,https://www.facebook.com/isaacmontoya24/posts/pfbid0A79gQjzPVbY89z9ATQNgQ8ZgCAYd1H1KRU5qs6daugzWzi5AXUR5NhYyrzeWgGA6l,2026-02-21 08:31:05,2026-02-21,/home/emilio/Documentos/Naucalpan_Semanal_Reportes/Periodico/Enero_Mayo/2026-02-16_al_2026-02-28/Facebook/2026-02-16_al_2026-02-28_Facebook/2026-02-16_al_2026-02-28_Facebook_posts.csv
2026-02-16,2026-02-16_al_2026-02-28_Twitter,isaac_montoya,Isaac Montoya,twitter,Twitter/X,tweet,@isaacsolar,@isaacsolar,,"Gatho ra hñäki ja ra ximhai, nge ra thogi pa ga hoki ra mui. (Cada lengua es una forma de nombrar el mundo.) Ja ra hñäki gi ‘bui ra mfeni ne ra historiä ya jä’i. (En ella viven la memoria, los afectos y la historia de los pueblos.) Nuya gi ‘yot’i ne ga mpefi ya hñäki nda, (Hoy","Gatho ra hñäki ja ra ximhai, nge ra thogi pa ga hoki ra mui. (Cada lengua es una forma de nombrar el mundo.) Ja ra hñäki gi ‘bui ra mfeni ne ra historiä ya jä’i. (En ella viven la memoria, los afectos y la historia de los pueblos.) Nuya gi ‘yot’i ne ga mpefi ya hñäki nda, (Hoy",https://x.com/isaacsolar/status/2025216710987366714,https://x.com/isaacsolar/status/2025216710987366714,2026-02-21 14:31:05+00:00,2026-02-21,/home/emilio/Documentos/Naucalpan_Semanal_Reportes/Periodico/Enero_Mayo/2026-02-16_al_2026-02-28/Twitter/2026-02-16_al_2026-02-28_Twitter/2026-02-16_al_2026-02-28_Twitter_post_institucionales.csv
2026-02-16,2026-02-16_al_2026-02-28_Facebook,isaac_montoya,Isaac Montoya,facebook,Facebook,post_facebook,isaacmontoya24,Isaac Montoya,,"Llevamos a cabo la Mesa de Paz itinerante en Santa Cruz del Monte, para analizar y reforzar las estrategias de seguridad que de acuerdo con registros de la fiscalía, ha mostrado un descenso en los delitos de alto impacto y también en el robo de vehículos.🕊️ También, realizamos la actividad Atención a las Causas, porque estoy convencido de que la paz no se logra solo con presencia policial, sino reconstruyendo el tejido social. A través de “Amor por la Paz” impulsamos actividades culturales, orientación jurídica y acciones para prevenir la violencia de género. #AquiGobiernaLaEsperanza #Naucalpan #MesaDePaz #Seguridad #IMNIS #EdoMex #Mexico","Llevamos a cabo la Mesa de Paz itinerante en Santa Cruz del Monte, para analizar y reforzar las estrategias de seguridad que de acuerdo con registros de la fiscalía, ha mostrado un descenso en los delitos de alto impacto y también en el robo de vehículos.🕊️ También, realizamos la actividad Atención a las Causas, porque estoy convencido de que la paz no se logra solo con presencia policial, sino reconstruyendo el tejido social. A través de “Amor por la Paz” impulsamos actividades culturales, orientación jurídica y acciones para prevenir la violencia de género. #AquiGobiernaLaEsperanza #Naucalpan #MesaDePaz #Seguridad #IMNIS #EdoMex #Mexico",https://www.facebook.com/reel/896100829689446/,https://www.facebook.com/reel/896100829689446/,2026-02-20 16:06:45,2026-02-20,/home/emilio/Documentos/Naucalpan_Semanal_Reportes/Periodico/Enero_Mayo/2026-02-16_al_2026-02-28/Facebook/2026-02-16_al_2026-02-28_Facebook/2026-02-16_al_2026-02-28_Facebook_posts.csv
2026-02-16,2026-02-16_al_2026-02-28_Facebook,isaac_montoya,Isaac Montoya,facebook,Facebook,post_facebook,isaacmontoya24,Isaac Montoya,,"Llevamos a cabo la Mesa de Paz itinerante en Santa Cruz del Monte, para analizar y reforzar las estrategias de seguridad que de acuerdo con registros de la fiscalía, ha mostrado un descenso en los delitos de alto impacto y también en el robo de vehículos.🕊️ En este marco, se llevó a cabo la actividad Atención a las Causas, estrategia impulsada por el gobierno de la Presidenta de México, Claudia Sheinbaum, que busca reconstruir el tejido social con actividades culturales, deportivas y de diversa índole para garantizar derechos humanos y generar bienestar comunitario. También, realizamos la actividad Atención a las Causas, porque estoy convencido de que la paz no se logra solo con presencia policial, sino reconstruyendo el tejido social. A través de “Amor por la Paz” impulsamos actividades culturales, orientación jurídica y acciones para prevenir la violencia de género. Seguimos fortaleciendo la estrategia con más patrullas, cámaras y próximamente un nuevo C4. #AquiGobiernaLaEsperanza #Naucalpan #MesaDePaz #Seguridad #IMNIS #EdoMex #Mexico","Llevamos a cabo la Mesa de Paz itinerante en Santa Cruz del Monte, para analizar y reforzar las estrategias de seguridad que de acuerdo con registros de la fiscalía, ha mostrado un descenso en los delitos de alto impacto y también en el robo de vehículos.🕊️ En este marco, se llevó a cabo la actividad Atención a las Causas, estrategia impulsada por el gobierno de la Presidenta de México, Claudia Sheinbaum, que busca reconstruir el tejido social con actividades culturales, deportivas y de diversa índole para garantizar derechos humanos y generar bienestar comunitario. También, realizamos la actividad Atención a las Causas, porque estoy convencido de que la paz no se logra solo con presencia policial, sino reconstruyendo el tejido social. A través de “Amor por la Paz” impulsamos actividades culturales, orientación jurídica y acciones para prevenir la violencia de género. Seguimos fortaleciendo la estrategia con más patrullas, cámaras y próximamente un nuevo C4. #AquiGobiernaLaEsperanza #Naucalpan #MesaDePaz #Seguridad #IMNIS #EdoMex #Mexico",https://www.facebook.com/isaacmontoya24/posts/pfbid0CzTdRzc1v3ask2V9qqaVFEsp7Cbg8KafGG1qDd8G1F4GXY88dUtzMn7ivvxmLjWMl,https://www.facebook.com/isaacmontoya24/posts/pfbid0CzTdRzc1v3ask2V9qqaVFEsp7Cbg8KafGG1qDd8G1F4GXY88dUtzMn7ivvxmLjWMl,2026-02-20 15:50:02,2026-02-20,/home/emilio/Documentos/Naucalpan_Semanal_Reportes/Periodico/Enero_Mayo/2026-02-16_al_2026-02-28/Facebook/2026-02-16_al_2026-02-28_Facebook/2026-02-16_al_2026-02-28_Facebook_posts.csv
2026-02-16,2026-02-16_al_2026-02-28_Facebook,isaac_montoya,Isaac Montoya,facebook,Facebook,post_facebook,isaacmontoya24,Isaac Montoya,,"Me reuní con el Secretario del Agua del Estado de México, José Arnulfo Silva Adaya, para seguir avanzando en proyectos estratégicos en materia hídrica para Ciudad Naucalpan. Estamos fortaleciendo la coordinación institucional para consolidar iniciativas que beneficien a miles de familias naucalpenses. Seguimos trabajando con responsabilidad y visión de futuro para garantizar agua y bienestar en nuestro municipio. #AquiGobiernaLaEsperanza #Naucalpan #EdoMex","Me reuní con el Secretario del Agua del Estado de México, José Arnulfo Silva Adaya, para seguir avanzando en proyectos estratégicos en materia hídrica para Ciudad Naucalpan. Estamos fortaleciendo la coordinación institucional para consolidar iniciativas que beneficien a miles de familias naucalpenses. Seguimos trabajando con responsabilidad y visión de futuro para garantizar agua y bienestar en nuestro municipio. #AquiGobiernaLaEsperanza #Naucalpan #EdoMex",https://www.facebook.com/isaacmontoya24/posts/pfbid0ezS6dfdAgU27w2WzC9g9781yv3HZHGsGgPUsjdqmnJwoLUsDFQZi9fDUYGAoQmPfl,https://www.facebook.com/isaacmontoya24/posts/pfbid0ezS6dfdAgU27w2WzC9g9781yv3HZHGsGgPUsjdqmnJwoLUsDFQZi9fDUYGAoQmPfl,2026-02-20 14:19:55,2026-02-20,/home/emilio/Documentos/Naucalpan_Semanal_Reportes/Periodico/Enero_Mayo/2026-02-16_al_2026-02-28/Facebook/2026-02-16_al_2026-02-28_Facebook/2026-02-16_al_2026-02-28_Facebook_posts.csv
2026-02-16,2026-02-16_al_2026-02-28_Facebook,isaac_montoya,Isaac Montoya,facebook,Facebook,post_facebook,isaacmontoya24,Isaac Montoya,,"Realizamos una Asamblea del Pueblo en Plan de Ayala 2ª Sección. ✒️🤝 Estas asambleas nos acercan, sin intermediarios, para atender y solucionar las problemáticas locales de nuestras comunidades, como servicios públicos, seguridad e infraestructura hidráulica, entre otras. Nuestro compromiso es recorrer cada comunidad de Ciudad Naucalpan. Venimos a trabajar con responsabilidad. #AquiGobiernaLaEsperanza #Naucalpan #AsambleaDelPueblo","Realizamos una Asamblea del Pueblo en Plan de Ayala 2ª Sección. ✒️🤝 Estas asambleas nos acercan, sin intermediarios, para atender y solucionar las problemáticas locales de nuestras comunidades, como servicios públicos, seguridad e infraestructura hidráulica, entre otras. Nuestro compromiso es recorrer cada comunidad de Ciudad Naucalpan. Venimos a trabajar con responsabilidad. #AquiGobiernaLaEsperanza #Naucalpan #AsambleaDelPueblo",https://www.facebook.com/reel/1684130765906462/,https://www.facebook.com/reel/1684130765906462/,2026-02-20 14:03:05,2026-02-20,/home/emilio/Documentos/Naucalpan_Semanal_Reportes/Periodico/Enero_Mayo/2026-02-16_al_2026-02-28/Facebook/2026-02-16_al_2026-02-28_Facebook/2026-02-16_al_2026-02-28_Facebook_posts.csv
2026-02-16,2026-02-16_al_2026-02-28_Facebook,isaac_montoya,Isaac Montoya,facebook,Facebook,post_facebook,isaacmontoya24,Isaac Montoya,,"Realizamos una Asamblea del Pueblo en Plan de Ayala 2ª Sección. ✒️🤝 Estas asambleas nos acercan, sin intermediarios, para atender y solucionar las problemáticas locales de nuestras comunidades, como servicios públicos, seguridad e infraestructura hidráulica, entre otras. Plan de Ayala será una de las colonias beneficiadas con el Mexicable Línea 3, un proyecto que transformará la movilidad y mejorará la calidad de vida de miles de familias. Además, seguimos impulsando mejoras en calles, luminarias y recuperación de espacios. Nuestro compromiso es recorrer cada comunidad de Ciudad Naucalpan. Venimos a trabajar con responsabilidad. #AquiGobiernaLaEsperanza #Naucalpan #AsambleaDelPueblo","Realizamos una Asamblea del Pueblo en Plan de Ayala 2ª Sección. ✒️🤝 Estas asambleas nos acercan, sin intermediarios, para atender y solucionar las problemáticas locales de nuestras comunidades, como servicios públicos, seguridad e infraestructura hidráulica, entre otras. Plan de Ayala será una de las colonias beneficiadas con el Mexicable Línea 3, un proyecto que transformará la movilidad y mejorará la calidad de vida de miles de familias. Además, seguimos impulsando mejoras en calles, luminarias y recuperación de espacios. Nuestro compromiso es recorrer cada comunidad de Ciudad Naucalpan. Venimos a trabajar con responsabilidad. #AquiGobiernaLaEsperanza #Naucalpan #AsambleaDelPueblo",https://www.facebook.com/isaacmontoya24/posts/pfbid026yyCsHz7tpewyQpzD8gnrnVwE9rX8kx5imDfAaoX3ooZY1brbr4XXyUfg5jFv2Wxl,https://www.facebook.com/isaacmontoya24/posts/pfbid026yyCsHz7tpewyQpzD8gnrnVwE9rX8kx5imDfAaoX3ooZY1brbr4XXyUfg5jFv2Wxl,2026-02-20 13:47:37,2026-02-20,/home/emilio/Documentos/Naucalpan_Semanal_Reportes/Periodico/Enero_Mayo/2026-02-16_al_2026-02-28/Facebook/2026-02-16_al_2026-02-28_Facebook/2026-02-16_al_2026-02-28_Facebook_posts.csv
2026-02-16,2026-02-16_al_2026-02-28_Facebook,isaac_montoya,Isaac Montoya,facebook,Facebook,post_facebook,isaacmontoya24,Isaac Montoya,,"Agradezco el espacio a MVS Noticias por esta entrevista, donde conversamos sobre el avance de la intervención en el Periférico Norte.🚧🛣️ 🎥✨👉 Te invito a escuchar la entrevista completa. #Naucalpan #Periferico","Agradezco el espacio a MVS Noticias por esta entrevista, donde conversamos sobre el avance de la intervención en el Periférico Norte.🚧🛣️ 🎥✨👉 Te invito a escuchar la entrevista completa. #Naucalpan #Periferico",https://www.facebook.com/reel/908529598542227/,https://www.facebook.com/reel/908529598542227/,2026-02-20 12:32:00,2026-02-20,/home/emilio/Documentos/Naucalpan_Semanal_Reportes/Periodico/Enero_Mayo/2026-02-16_al_2026-02-28/Facebook/2026-02-16_al_2026-02-28_Facebook/2026-02-16_al_2026-02-28_Facebook_posts.csv
2026-02-16,2026-02-16_al_2026-02-28_Facebook,isaac_montoya,Isaac Montoya,facebook,Facebook,post_facebook,isaacmontoya24,Isaac Montoya,,"Este 20 de febrero no solo hablamos de amor, hablamos de responsabilidad. Amar a un ser sintiente es reconocer su dignidad, educar con respeto, cuidar su salud y acompañarlo toda su vida. El amor verdadero no abandona ni reemplaza; implica compromiso, empatía y conciencia. 🐾🐰🐹🐱🐶 #Naucalpan #BienestarAnimal #SeresSintientes","Este 20 de febrero no solo hablamos de amor, hablamos de responsabilidad. Amar a un ser sintiente es reconocer su dignidad, educar con respeto, cuidar su salud y acompañarlo toda su vida. El amor verdadero no abandona ni reemplaza; implica compromiso, empatía y conciencia. 🐾🐰🐹🐱🐶 #Naucalpan #BienestarAnimal #SeresSintientes",https://www.facebook.com/isaacmontoya24/posts/pfbid0wg9KfWL8xqUHQgasESrnrcu2vBGL6dBLk7JHuDCHdRN6ms8ZGoUjPPJ5yEg4cG7Sl,https://www.facebook.com/isaacmontoya24/posts/pfbid0wg9KfWL8xqUHQgasESrnrcu2vBGL6dBLk7JHuDCHdRN6ms8ZGoUjPPJ5yEg4cG7Sl,2026-02-20 12:16:20,2026-02-20,/home/emilio/Documentos/Naucalpan_Semanal_Reportes/Periodico/Enero_Mayo/2026-02-16_al_2026-02-28/Facebook/2026-02-16_al_2026-02-28_Facebook/2026-02-16_al_2026-02-28_Facebook_posts.csv
2026-02-16,2026-02-16_al_2026-02-28_Facebook,isaac_montoya,Isaac Montoya,facebook,Facebook,post_facebook,isaacmontoya24,Isaac Montoya,,20 de febrero | Día Mundial de la Justicia Social ⚖️ Recordamos que la justicia social tiene como bandera la igualdad y como meta la felicidad de todas y todos. La igualdad es el alma de la justicia. #AquiGobiernaLaEsperanza #JusticiaSocial #Igualdad,20 de febrero | Día Mundial de la Justicia Social ⚖️ Recordamos que la justicia social tiene como bandera la igualdad y como meta la felicidad de todas y todos. La igualdad es el alma de la justicia. #AquiGobiernaLaEsperanza #JusticiaSocial #Igualdad,https://www.facebook.com/isaacmontoya24/posts/pfbid029YH49kZATf1k8Ne4RyH4fdbiK4jR4z5rKopcTYtZqekzCgRad9V6Zeqpz1a6oqsnl,https://www.facebook.com/isaacmontoya24/posts/pfbid029YH49kZATf1k8Ne4RyH4fdbiK4jR4z5rKopcTYtZqekzCgRad9V6Zeqpz1a6oqsnl,2026-02-20 10:13:59,2026-02-20,/home/emilio/Documentos/Naucalpan_Semanal_Reportes/Periodico/Enero_Mayo/2026-02-16_al_2026-02-28/Facebook/2026-02-16_al_2026-02-28_Facebook/2026-02-16_al_2026-02-28_Facebook_posts.csv
2026-02-16,2026-02-16_al_2026-02-28_Twitter,isaac_montoya,Isaac Montoya,twitter,Twitter/X,tweet,@isaacsolar,@isaacsolar,,"Realizamos la Mesa de Paz en Santa Cruz del Monte. De acuerdo con la Fiscalía, hay descenso en delitos de alto impacto y robo de vehículos. Seguimos reforzando la estrategia con más patrullas, cámaras y próximamente un nuevo C4. La paz también se construye con Atención a las","Realizamos la Mesa de Paz en Santa Cruz del Monte. De acuerdo con la Fiscalía, hay descenso en delitos de alto impacto y robo de vehículos. Seguimos reforzando la estrategia con más patrullas, cámaras y próximamente un nuevo C4. La paz también se construye con Atención a las",https://x.com/isaacsolar/status/2024964705681391617,https://x.com/isaacsolar/status/2024964705681391617,2026-02-20 21:49:42+00:00,2026-02-20,/home/emilio/Documentos/Naucalpan_Semanal_Reportes/Periodico/Enero_Mayo/2026-02-16_al_2026-02-28/Twitter/2026-02-16_al_2026-02-28_Twitter/2026-02-16_al_2026-02-28_Twitter_post_institucionales.csv
2026-02-16,2026-02-16_al_2026-02-28_Twitter,isaac_montoya,Isaac Montoya,twitter,Twitter/X,tweet,@isaacsolar,@isaacsolar,,"Me reuní con el Secretario del Agua del Estado de México, José Arnulfo Silva Adaya, para seguir avanzando en proyectos estratégicos en materia hídrica para Ciudad Naucalpan. Estamos fortaleciendo la coordinación institucional para consolidar iniciativas que beneficien a miles de familias naucalpenses. Seguimos trabajando con responsabilidad y visión de futuro para garantizar agua y bienestar en nuestro municipio. #AquiGobiernaLaEsperanza #Naucalpan #EdoMex","Me reuní con el Secretario del Agua del Estado de México, José Arnulfo Silva Adaya, para seguir avanzando en proyectos estratégicos en materia hídrica para Ciudad Naucalpan. Estamos fortaleciendo la coordinación institucional para consolidar iniciativas que beneficien a miles de familias naucalpenses. Seguimos trabajando con responsabilidad y visión de futuro para garantizar agua y bienestar en nuestro municipio. #AquiGobiernaLaEsperanza #Naucalpan #EdoMex",https://x.com/isaacsolar/status/2024942109980029008,https://x.com/isaacsolar/status/2024942109980029008,2026-02-20 20:19:55+00:00,2026-02-20,/home/emilio/Documentos/Naucalpan_Semanal_Reportes/Periodico/Enero_Mayo/2026-02-16_al_2026-02-28/Twitter/2026-02-16_al_2026-02-28_Twitter/2026-02-16_al_2026-02-28_Twitter_post_institucionales.csv
2026-02-16,2026-02-16_al_2026-02-28_Twitter,isaac_montoya,Isaac Montoya,twitter,Twitter/X,tweet,@isaacsolar,@isaacsolar,,"Llevamos a cabo la Mesa de Paz itinerante en Santa Cruz del Monte, para analizar y reforzar las estrategias de seguridad que de acuerdo con registros de la fiscalía, ha mostrado un descenso en los delitos de alto impacto y también en el robo de vehículos. También, realizamos","Llevamos a cabo la Mesa de Paz itinerante en Santa Cruz del Monte, para analizar y reforzar las estrategias de seguridad que de acuerdo con registros de la fiscalía, ha mostrado un descenso en los delitos de alto impacto y también en el robo de vehículos. También, realizamos",https://x.com/isaacsolar/status/2024968759081848899,https://x.com/isaacsolar/status/2024968759081848899,2026-02-20 22:05:48+00:00,2026-02-20,/home/emilio/Documentos/Naucalpan_Semanal_Reportes/Periodico/Enero_Mayo/2026-02-16_al_2026-02-28/Twitter/2026-02-16_al_2026-02-28_Twitter/2026-02-16_al_2026-02-28_Twitter_post_institucionales.csv
2026-02-16,2026-02-16_al_2026-02-28_Twitter,isaac_montoya,Isaac Montoya,twitter,Twitter/X,tweet,@isaacsolar,@isaacsolar,,"Realizamos una Asamblea del Pueblo en Plan de Ayala 2ª Sección. Estas asambleas nos acercan, sin intermediarios, para atender y solucionar las problemáticas locales de nuestras comunidades, como servicios públicos, seguridad e infraestructura hidráulica, entre otras. Plan de Ayala será una de las colonias beneficiadas con el Mexicable Línea 3, un proyecto que transformará la movilidad y mejorará la calidad de vida de miles de familias. Además, seguimos impulsando mejoras en calles, luminarias y recuperación de espacios. Nuestro compromiso es recorrer cada comunidad de Ciudad Naucalpan. Venimos a trabajar con responsabilidad. #AquiGobiernaLaEsperanza #Naucalpan #AsambleaDelPueblo","Realizamos una Asamblea del Pueblo en Plan de Ayala 2ª Sección. Estas asambleas nos acercan, sin intermediarios, para atender y solucionar las problemáticas locales de nuestras comunidades, como servicios públicos, seguridad e infraestructura hidráulica, entre otras. Plan de Ayala será una de las colonias beneficiadas con el Mexicable Línea 3, un proyecto que transformará la movilidad y mejorará la calidad de vida de miles de familias. Además, seguimos impulsando mejoras en calles, luminarias y recuperación de espacios. Nuestro compromiso es recorrer cada comunidad de Ciudad Naucalpan. Venimos a trabajar con responsabilidad. #AquiGobiernaLaEsperanza #Naucalpan #AsambleaDelPueblo",https://x.com/isaacsolar/status/2024933948309000579,https://x.com/isaacsolar/status/2024933948309000579,2026-02-20 19:47:29+00:00,2026-02-20,/home/emilio/Documentos/Naucalpan_Semanal_Reportes/Periodico/Enero_Mayo/2026-02-16_al_2026-02-28/Twitter/2026-02-16_al_2026-02-28_Twitter/2026-02-16_al_2026-02-28_Twitter_post_institucionales.csv
2026-02-16,2026-02-16_al_2026-02-28_Twitter,isaac_montoya,Isaac Montoya,twitter,Twitter/X,tweet,@isaacsolar,@isaacsolar,,20 de febrero | Día Mundial de la Justicia Social Recordamos que la justicia social tiene como bandera la igualdad y como meta la felicidad de todas y todos. La igualdad es el alma de la justicia. #AquiGobiernaLaEsperanza #JusticiaSocial #Igualdad,20 de febrero | Día Mundial de la Justicia Social Recordamos que la justicia social tiene como bandera la igualdad y como meta la felicidad de todas y todos. La igualdad es el alma de la justicia. #AquiGobiernaLaEsperanza #JusticiaSocial #Igualdad,https://x.com/isaacsolar/status/2024880216984744402,https://x.com/isaacsolar/status/2024880216984744402,2026-02-20 16:13:58+00:00,2026-02-20,/home/emilio/Documentos/Naucalpan_Semanal_Reportes/Periodico/Enero_Mayo/2026-02-16_al_2026-02-28/Twitter/2026-02-16_al_2026-02-28_Twitter/2026-02-16_al_2026-02-28_Twitter_post_institucionales.csv
2026-02-16,2026-02-16_al_2026-02-28_Facebook,isaac_montoya,Isaac Montoya,facebook,Facebook,post_facebook,isaacmontoya24,Isaac Montoya,,"Dimos un paso firme para fortalecer el derecho a la salud en Ciudad Naucalpan: la entrega de la Unidad Médica “La Raquelito”, en la colonia La Raquelito, un espacio que encontramos en abandono y que hoy se transforma en una clínica digna, equipada y al servicio de quienes más lo necesitan. 🏥✨ El trabajo se realizó a través del DIF Municipal, con el objetivo de garantizar atención médica gratuita y permanente en medicina general, odontología, optometría y laboratorio clínico. No se trata solo de una remodelación; se trata de hacer valer un derecho humano fundamental. #AquiGobiernaLaEsperanza #Naucalpan #LaRaquelito #Salud #DIFNaucalpan","Dimos un paso firme para fortalecer el derecho a la salud en Ciudad Naucalpan: la entrega de la Unidad Médica “La Raquelito”, en la colonia La Raquelito, un espacio que encontramos en abandono y que hoy se transforma en una clínica digna, equipada y al servicio de quienes más lo necesitan. 🏥✨ El trabajo se realizó a través del DIF Municipal, con el objetivo de garantizar atención médica gratuita y permanente en medicina general, odontología, optometría y laboratorio clínico. No se trata solo de una remodelación; se trata de hacer valer un derecho humano fundamental. #AquiGobiernaLaEsperanza #Naucalpan #LaRaquelito #Salud #DIFNaucalpan",https://www.facebook.com/reel/2004702643446434/,https://www.facebook.com/reel/2004702643446434/,2026-02-19 14:10:12,2026-02-19,/home/emilio/Documentos/Naucalpan_Semanal_Reportes/Periodico/Enero_Mayo/2026-02-16_al_2026-02-28/Facebook/2026-02-16_al_2026-02-28_Facebook/2026-02-16_al_2026-02-28_Facebook_posts.csv
2026-02-16,2026-02-16_al_2026-02-28_Facebook,isaac_montoya,Isaac Montoya,facebook,Facebook,post_facebook,isaacmontoya24,Isaac Montoya,,19 de febrero | Día del Ejército Mexicano. 🪖 Hoy reconocemos la lealtad y disciplina de quienes defienden a nuestra nación con honor y entrega. #AquiGobiernaLaEsperanza #Naucalpan #DiaDelEjercitoMexicano #HonorYDisciplina,19 de febrero | Día del Ejército Mexicano. 🪖 Hoy reconocemos la lealtad y disciplina de quienes defienden a nuestra nación con honor y entrega. #AquiGobiernaLaEsperanza #Naucalpan #DiaDelEjercitoMexicano #HonorYDisciplina,https://www.facebook.com/isaacmontoya24/posts/pfbid036edzeCVr9EFUBVoe2VfYEbkkw53f7B2Wq9yCC2W6mvEvHzjRoqRAc8kaSfm9N4KKl,https://www.facebook.com/isaacmontoya24/posts/pfbid036edzeCVr9EFUBVoe2VfYEbkkw53f7B2Wq9yCC2W6mvEvHzjRoqRAc8kaSfm9N4KKl,2026-02-19 09:43:25,2026-02-19,/home/emilio/Documentos/Naucalpan_Semanal_Reportes/Periodico/Enero_Mayo/2026-02-16_al_2026-02-28/Facebook/2026-02-16_al_2026-02-28_Facebook/2026-02-16_al_2026-02-28_Facebook_posts.csv
2026-02-16,2026-02-16_al_2026-02-28_Facebook,isaac_montoya,Isaac Montoya,facebook,Facebook,post_facebook,isaacmontoya24,Isaac Montoya,,"El Gobierno de Ciudad Naucalpan llevó el programa Impulsando tu Salud a la Presa Totolinga, en la colonia Los Cuartos 2ª Sección.🏥 A través del Sistema Municipal DIF, se acercaron servicios médicos gratuitos directamente a la comunidad, reafirmando que la salud es un derecho y no un privilegio. Con una estrategia territorial, esta administración elimina barreras de acceso y fortalece la prevención como eje del bienestar. #AquiGobiernaLaEsperanza #Naucalpan #ImpulsandoTuSalud #Salud","El Gobierno de Ciudad Naucalpan llevó el programa Impulsando tu Salud a la Presa Totolinga, en la colonia Los Cuartos 2ª Sección.🏥 A través del Sistema Municipal DIF, se acercaron servicios médicos gratuitos directamente a la comunidad, reafirmando que la salud es un derecho y no un privilegio. Con una estrategia territorial, esta administración elimina barreras de acceso y fortalece la prevención como eje del bienestar. #AquiGobiernaLaEsperanza #Naucalpan #ImpulsandoTuSalud #Salud",https://www.facebook.com/reel/1709134880054787/,https://www.facebook.com/reel/1709134880054787/,2026-02-19 09:04:17,2026-02-19,/home/emilio/Documentos/Naucalpan_Semanal_Reportes/Periodico/Enero_Mayo/2026-02-16_al_2026-02-28/Facebook/2026-02-16_al_2026-02-28_Facebook/2026-02-16_al_2026-02-28_Facebook_posts.csv
2026-02-16,2026-02-16_al_2026-02-28_Twitter,isaac_montoya,Isaac Montoya,twitter,Twitter/X,tweet,@isaacsolar,@isaacsolar,,19 de febrero | Día del Ejército Mexicano. Hoy reconocemos la lealtad y disciplina de quienes defienden a nuestra nación con honor y entrega. #AquiGobiernaLaEsperanza #Naucalpan #DiaDelEjercitoMexicano #HonorYDisciplina,19 de febrero | Día del Ejército Mexicano. Hoy reconocemos la lealtad y disciplina de quienes defienden a nuestra nación con honor y entrega. #AquiGobiernaLaEsperanza #Naucalpan #DiaDelEjercitoMexicano #HonorYDisciplina,https://x.com/isaacsolar/status/2024510144256647475,https://x.com/isaacsolar/status/2024510144256647475,2026-02-19 15:43:26+00:00,2026-02-19,/home/emilio/Documentos/Naucalpan_Semanal_Reportes/Periodico/Enero_Mayo/2026-02-16_al_2026-02-28/Twitter/2026-02-16_al_2026-02-28_Twitter/2026-02-16_al_2026-02-28_Twitter_post_institucionales.csv
2026-02-16,2026-02-16_al_2026-02-28_Facebook,isaac_montoya,Isaac Montoya,facebook,Facebook,post_facebook,isaacmontoya24,Isaac Montoya,,"Recibí con muchísimo gusto a Gabs y Jessica Sicilia, talentosas artistas naucalpenses, quienes durante más de 20 años han construido una trayectoria impresionante en las artes plásticas. Me llena de orgullo saber que ahora llevarán el talento, la identidad y la fuerza cultural de Ciudad Naucalpan y del Estado de México hasta el Museo del Louvre en París. Que dos mujeres artistas de nuestro municipio hayan sido seleccionadas en una convocatoria internacional es una muestra clara de que el talento naucalpense no tiene fronteras. 🌍🇲🇽 Agradezco profundamente el obsequio que me hicieron: una pieza con un león como símbolo de liderazgo, fuerza y convicción. La recibo con cariño, como un recordatorio del talento extraordinario que existe en nuestra tierra. Gracias por representar a Ciudad Naucalpan ante el mundo. ¡Mucho éxito en Francia! #Naucalpan #OrgulloNaucalpense #ArteQueTransforma #Arte","Recibí con muchísimo gusto a Gabs y Jessica Sicilia, talentosas artistas naucalpenses, quienes durante más de 20 años han construido una trayectoria impresionante en las artes plásticas. Me llena de orgullo saber que ahora llevarán el talento, la identidad y la fuerza cultural de Ciudad Naucalpan y del Estado de México hasta el Museo del Louvre en París. Que dos mujeres artistas de nuestro municipio hayan sido seleccionadas en una convocatoria internacional es una muestra clara de que el talento naucalpense no tiene fronteras. 🌍🇲🇽 Agradezco profundamente el obsequio que me hicieron: una pieza con un león como símbolo de liderazgo, fuerza y convicción. La recibo con cariño, como un recordatorio del talento extraordinario que existe en nuestra tierra. Gracias por representar a Ciudad Naucalpan ante el mundo. ¡Mucho éxito en Francia! #Naucalpan #OrgulloNaucalpense #ArteQueTransforma #Arte",https://www.facebook.com/reel/1232220502425445/,https://www.facebook.com/reel/1232220502425445/,2026-02-18 15:22:36,2026-02-18,/home/emilio/Documentos/Naucalpan_Semanal_Reportes/Periodico/Enero_Mayo/2026-02-16_al_2026-02-28/Facebook/2026-02-16_al_2026-02-28_Facebook/2026-02-16_al_2026-02-28_Facebook_posts.csv
2026-02-16,2026-02-16_al_2026-02-28_Facebook,isaac_montoya,Isaac Montoya,facebook,Facebook,post_facebook,isaacmontoya24,Isaac Montoya,,"Firmamos un convenio con el IMSS Bienestar para avanzar hacia la cobertura universal de salud en Ciudad Naucalpan. Junto al Coordinador Estatal del IMSS Bienestar en el Estado de México, el Doctor Natán Enríquez Ríos, refrendamos nuestro compromiso de que la salud sea un derecho garantizado para todas y todos. Estoy convencido de que hablar de salud es hablar de dignidad. Es dar tranquilidad a madres y padres de familia, certeza a nuestros adultos mayores, oportunidades a las juventudes e infancias, y respaldo a quienes históricamente quedaron fuera de los sistemas de seguridad social. Con este convenio, instalaremos y fortaleceremos módulos de afiliación en el municipio para que quienes no cuentan con seguridad social puedan registrarse y acceder a consultas, medicamentos y estudios sin costo. También consolidamos la atención primaria y la prevención como eje central, porque atender la salud no empieza en el hospital, empieza en la detección oportuna y el acompañamiento comunitario. Ciudad Naucalpan se suma con convicción a la construcción de un sistema de salud más humano, cercano y justo. La salud es un derecho, no un privilegio. Ese es el espíritu que nos mueve. #AquiGobiernaLaEsperanza #Naucalpan #IMSSBienestar #salud","Firmamos un convenio con el IMSS Bienestar para avanzar hacia la cobertura universal de salud en Ciudad Naucalpan. Junto al Coordinador Estatal del IMSS Bienestar en el Estado de México, el Doctor Natán Enríquez Ríos, refrendamos nuestro compromiso de que la salud sea un derecho garantizado para todas y todos. Estoy convencido de que hablar de salud es hablar de dignidad. Es dar tranquilidad a madres y padres de familia, certeza a nuestros adultos mayores, oportunidades a las juventudes e infancias, y respaldo a quienes históricamente quedaron fuera de los sistemas de seguridad social. Con este convenio, instalaremos y fortaleceremos módulos de afiliación en el municipio para que quienes no cuentan con seguridad social puedan registrarse y acceder a consultas, medicamentos y estudios sin costo. También consolidamos la atención primaria y la prevención como eje central, porque atender la salud no empieza en el hospital, empieza en la detección oportuna y el acompañamiento comunitario. Ciudad Naucalpan se suma con convicción a la construcción de un sistema de salud más humano, cercano y justo. La salud es un derecho, no un privilegio. Ese es el espíritu que nos mueve. #AquiGobiernaLaEsperanza #Naucalpan #IMSSBienestar #salud",https://www.facebook.com/isaacmontoya24/posts/pfbid0d6nYrxELm43DVMutFHYuCPhWfVb4kYu3koYv6L6RGKZYRuaay5fE4cjTKCgFrY8Sl,https://www.facebook.com/isaacmontoya24/posts/pfbid0d6nYrxELm43DVMutFHYuCPhWfVb4kYu3koYv6L6RGKZYRuaay5fE4cjTKCgFrY8Sl,2026-02-18 14:10:39,2026-02-18,/home/emilio/Documentos/Naucalpan_Semanal_Reportes/Periodico/Enero_Mayo/2026-02-16_al_2026-02-28/Facebook/2026-02-16_al_2026-02-28_Facebook/2026-02-16_al_2026-02-28_Facebook_posts.csv
2026-02-16,2026-02-16_al_2026-02-28_Facebook,isaac_montoya,Isaac Montoya,facebook,Facebook,post_facebook,isaacmontoya24,Isaac Montoya,,"Hoy felicito con aprecio a Francisco Vázquez, Diputado Coordinador Parlamentario de Morena en la LXII Legislatura Mexiquense. 🎉 Que este nuevo año esté lleno de fortaleza y salud, para que sigamos avanzando, juntas y juntos, en la ruta de la transformación, por la dignificación y el bienestar del pueblo de México.🤝 Recibe mis mejores deseos. #Naucalpan","Hoy felicito con aprecio a Francisco Vázquez, Diputado Coordinador Parlamentario de Morena en la LXII Legislatura Mexiquense. 🎉 Que este nuevo año esté lleno de fortaleza y salud, para que sigamos avanzando, juntas y juntos, en la ruta de la transformación, por la dignificación y el bienestar del pueblo de México.🤝 Recibe mis mejores deseos. #Naucalpan",https://www.facebook.com/isaacmontoya24/posts/pfbid023pc791nXARPfw9es41Co4vZ1yb2Pp1QhfQV7EhbJ9B7RM5oadBUanjANSPM54xxKl,https://www.facebook.com/isaacmontoya24/posts/pfbid023pc791nXARPfw9es41Co4vZ1yb2Pp1QhfQV7EhbJ9B7RM5oadBUanjANSPM54xxKl,2026-02-18 12:04:23,2026-02-18,/home/emilio/Documentos/Naucalpan_Semanal_Reportes/Periodico/Enero_Mayo/2026-02-16_al_2026-02-28/Facebook/2026-02-16_al_2026-02-28_Facebook/2026-02-16_al_2026-02-28_Facebook_posts.csv
2026-02-16,2026-02-16_al_2026-02-28_Facebook,isaac_montoya,Isaac Montoya,facebook,Facebook,post_facebook,isaacmontoya24,Isaac Montoya,,"Operativo Huellas de la Transformación en Paseos del Bosque 🌳 En el fraccionamiento Paseos del Bosque se llevó a cabo el Operativo Huellas de la Transformación, con iniciativas enfocadas en fortalecer la seguridad y mejorar la imagen urbana. Las labores realizadas fueron: Bacheo en vialidades con 5 toneladas de asfalto 🛣️ Mantenimiento de 30 luminarias 💡 Poda y clareo de 10 árboles 🌳 Balizamiento con 200 litros de pintura 🎨 Seguimos trabajando por el bienestar de las y los naucalpenses. #AquiGobiernaLaEsperanza #Naucalpan #PaseosDelBosque #ServiciosPublicos #OASyS6","Operativo Huellas de la Transformación en Paseos del Bosque 🌳 En el fraccionamiento Paseos del Bosque se llevó a cabo el Operativo Huellas de la Transformación, con iniciativas enfocadas en fortalecer la seguridad y mejorar la imagen urbana. Las labores realizadas fueron: Bacheo en vialidades con 5 toneladas de asfalto 🛣️ Mantenimiento de 30 luminarias 💡 Poda y clareo de 10 árboles 🌳 Balizamiento con 200 litros de pintura 🎨 Seguimos trabajando por el bienestar de las y los naucalpenses. #AquiGobiernaLaEsperanza #Naucalpan #PaseosDelBosque #ServiciosPublicos #OASyS6",https://www.facebook.com/reel/884644354204011/,https://www.facebook.com/reel/884644354204011/,2026-02-16 18:26:04,2026-02-16,/home/emilio/Documentos/Naucalpan_Semanal_Reportes/Periodico/Enero_Mayo/2026-02-16_al_2026-02-28/Facebook/2026-02-16_al_2026-02-28_Facebook/2026-02-16_al_2026-02-28_Facebook_posts.csv
2026-02-16,2026-02-16_al_2026-02-28_Facebook,isaac_montoya,Isaac Montoya,facebook,Facebook,post_facebook,isaacmontoya24,Isaac Montoya,,Primer cumpleaños sin poderte abrazar.,Primer cumpleaños sin poderte abrazar.,https://www.facebook.com/isaacmontoya24/posts/pfbid02nAXHecGLLVtHeQWAjbmk6UkibC1DXdqfsQ14FZd2VpBVV8bDo5PKBKTZgPfaMWhBl,https://www.facebook.com/isaacmontoya24/posts/pfbid02nAXHecGLLVtHeQWAjbmk6UkibC1DXdqfsQ14FZd2VpBVV8bDo5PKBKTZgPfaMWhBl,2026-02-16 11:10:28,2026-02-16,/home/emilio/Documentos/Naucalpan_Semanal_Reportes/Periodico/Enero_Mayo/2026-02-16_al_2026-02-28/Facebook/2026-02-16_al_2026-02-28_Facebook/2026-02-16_al_2026-02-28_Facebook_posts.csv
2026-02-16,2026-02-16_al_2026-02-28_Facebook,isaac_montoya,Isaac Montoya,facebook,Facebook,post_facebook,isaacmontoya24,Isaac Montoya,,"Huellas de la Transformación en Paseos del Bosque ✨ 15 luminarias nuevas y 32 sustituidas.💡 78 toneladas de asfalto aplicadas.🛣️ Más de 21 toneladas de residuos retirados.🧹 Podas, limpieza y mejoramiento integral del entorno.🌳 #AquiGobiernaLaEsperanza #Naucalpan #HuellasDeLaTransformacion #PaseosDelBosque","Huellas de la Transformación en Paseos del Bosque ✨ 15 luminarias nuevas y 32 sustituidas.💡 78 toneladas de asfalto aplicadas.🛣️ Más de 21 toneladas de residuos retirados.🧹 Podas, limpieza y mejoramiento integral del entorno.🌳 #AquiGobiernaLaEsperanza #Naucalpan #HuellasDeLaTransformacion #PaseosDelBosque",https://www.facebook.com/reel/1988078671773596/,https://www.facebook.com/reel/1988078671773596/,2026-02-16 10:06:54,2026-02-16,/home/emilio/Documentos/Naucalpan_Semanal_Reportes/Periodico/Enero_Mayo/2026-02-16_al_2026-02-28/Facebook/2026-02-16_al_2026-02-28_Facebook/2026-02-16_al_2026-02-28_Facebook_posts.csv
2026-02-16,2026-02-16_al_2026-02-28_Facebook,isaac_montoya,Isaac Montoya,facebook,Facebook,post_facebook,isaacmontoya24,Isaac Montoya,,"Regresamos a Paseos del Bosque para entregar una nueva Huella de la Transformación, reafirmando nuestro compromiso de dignificar los espacios públicos y devolverle el brillo a nuestras comunidades.✨ En esta zona realizamos mejoras integrales: ⚪Instalamos 15 luminarias nuevas y sustituimos 32 más. ⚪Aplicamos 78 toneladas de asfalto. ⚪Pintamos guarniciones y postes, realizamos balizamiento y fortalecimos la imagen urbana. ⚪Llevamos a cabo podas, clareos y mantenimiento general. ⚪Retiramos más de 21 toneladas de residuos y reforzamos las labores de limpieza. Agradezco a las y los vecinos organizados que mantienen un diálogo permanente con nuestro gobierno. Cuando ciudadanía y gobierno caminamos juntos, los resultados se notan y se viven. Seguimos dejando huellas que se conviertan en prosperidad duradera para Ciudad Naucalpan. #AquiGobiernaLaEsperanza #Naucalpan #HuellasDeLaTransformacion #PaseosDelBosque","Regresamos a Paseos del Bosque para entregar una nueva Huella de la Transformación, reafirmando nuestro compromiso de dignificar los espacios públicos y devolverle el brillo a nuestras comunidades.✨ En esta zona realizamos mejoras integrales: ⚪Instalamos 15 luminarias nuevas y sustituimos 32 más. ⚪Aplicamos 78 toneladas de asfalto. ⚪Pintamos guarniciones y postes, realizamos balizamiento y fortalecimos la imagen urbana. ⚪Llevamos a cabo podas, clareos y mantenimiento general. ⚪Retiramos más de 21 toneladas de residuos y reforzamos las labores de limpieza. Agradezco a las y los vecinos organizados que mantienen un diálogo permanente con nuestro gobierno. Cuando ciudadanía y gobierno caminamos juntos, los resultados se notan y se viven. Seguimos dejando huellas que se conviertan en prosperidad duradera para Ciudad Naucalpan. #AquiGobiernaLaEsperanza #Naucalpan #HuellasDeLaTransformacion #PaseosDelBosque",https://www.facebook.com/isaacmontoya24/posts/pfbid0yebYquHwtzZtd1jAhvuQGUzq3zznmAvhJNc3QRSPa7DxwfPdcW1YQXfJMFHzHW48l,https://www.facebook.com/isaacmontoya24/posts/pfbid0yebYquHwtzZtd1jAhvuQGUzq3zznmAvhJNc3QRSPa7DxwfPdcW1YQXfJMFHzHW48l,2026-02-16 10:04:25,2026-02-16,/home/emilio/Documentos/Naucalpan_Semanal_Reportes/Periodico/Enero_Mayo/2026-02-16_al_2026-02-28/Facebook/2026-02-16_al_2026-02-28_Facebook/2026-02-16_al_2026-02-28_Facebook_posts.csv
