fecha_semana,nombre_semana,caso,caso_label,red_social,red_social_label,tipo_publicacion,cuenta_origen,autor,titulo,texto_publicacion,texto_para_analisis,url_publicacion,id_publicacion,fecha_publicacion,fecha_publicacion_date,archivo_origen
2026-01-01,2026-01-01_al_2026-01-15_Facebook,gobierno_naucalpan,Gobierno de Naucalpan,facebook,Facebook,post_facebook,ciudadnaucalpan,Ciudad Naucalpan / Gobierno Municipal 2025-2027.,,"¿Sabías qué? ⚽🌍 Brasil es la selección más ganadora en la historia de los Mundiales, con 5 Copas del Mundo (1958, 1962, 1970, 1994 y 2002). Faltan 148 días para que inicie el Mundial 2026. #AquiGobiernaLaEsperanza #HuellasDelMundial #Naucalpan","¿Sabías qué? ⚽🌍 Brasil es la selección más ganadora en la historia de los Mundiales, con 5 Copas del Mundo (1958, 1962, 1970, 1994 y 2002). Faltan 148 días para que inicie el Mundial 2026. #AquiGobiernaLaEsperanza #HuellasDelMundial #Naucalpan",https://www.facebook.com/CiudadNaucalpan/posts/pfbid02Qxi1tNCFy5Bc2puPacXCfFueevopjd19wuefrm5x9qJoY2KiqFvQfigNo9gte6VRl,https://www.facebook.com/CiudadNaucalpan/posts/pfbid02Qxi1tNCFy5Bc2puPacXCfFueevopjd19wuefrm5x9qJoY2KiqFvQfigNo9gte6VRl,2026-01-14 15:45:26,2026-01-14,/home/emilio/Documentos/Naucalpan_Semanal_Reportes/Periodico/Enero_Mayo/2026-01-01_al_2026-01-15/Facebook/2026-01-01_al_2026-01-15_Facebook/2026-01-01_al_2026-01-15_Facebook_posts.csv
2026-01-01,2026-01-01_al_2026-01-15_Facebook,gobierno_naucalpan,Gobierno de Naucalpan,facebook,Facebook,post_facebook,ciudadnaucalpan,Ciudad Naucalpan / Gobierno Municipal 2025-2027.,,❄️⛸️ Ven con tu familia y amigas y amigos a disfrutar de nuestras pistas de hielo ❄️⛸️ Invitamos a todas y todos los naucalpenses a vivir esta experiencia llena de diversión y convivencia. ✨ 📍 Palacio Municipal 🗓️ De lunes a domingo 🕚 11:00 a 21:00 hrs. 📍 Parque La Hormiga 🗓️ De lunes a domingo 🕛 12:00 a 21:00 hrs. ¡No te lo puedes perder! 🎉❄️ #AquiGobiernaLaEsperanza #Naucalpan #PistaDeHielo,❄️⛸️ Ven con tu familia y amigas y amigos a disfrutar de nuestras pistas de hielo ❄️⛸️ Invitamos a todas y todos los naucalpenses a vivir esta experiencia llena de diversión y convivencia. ✨ 📍 Palacio Municipal 🗓️ De lunes a domingo 🕚 11:00 a 21:00 hrs. 📍 Parque La Hormiga 🗓️ De lunes a domingo 🕛 12:00 a 21:00 hrs. ¡No te lo puedes perder! 🎉❄️ #AquiGobiernaLaEsperanza #Naucalpan #PistaDeHielo,https://www.facebook.com/reel/1583335029473465/,https://www.facebook.com/reel/1583335029473465/,2026-01-14 13:16:11,2026-01-14,/home/emilio/Documentos/Naucalpan_Semanal_Reportes/Periodico/Enero_Mayo/2026-01-01_al_2026-01-15/Facebook/2026-01-01_al_2026-01-15_Facebook/2026-01-01_al_2026-01-15_Facebook_posts.csv
2026-01-01,2026-01-01_al_2026-01-15_Facebook,gobierno_naucalpan,Gobierno de Naucalpan,facebook,Facebook,post_facebook,ciudadnaucalpan,Ciudad Naucalpan / Gobierno Municipal 2025-2027.,,"Guía Ciudadana para el Pago del Impuesto Predial 2026🧾🏠 Tu predial se transforma en obras, servicios y mejores espacios para nuestra comunidad. #AquiGobiernaLaEsperanza #Naucalpan #Predial2026 #TesoreriaMunicipal","Guía Ciudadana para el Pago del Impuesto Predial 2026🧾🏠 Tu predial se transforma en obras, servicios y mejores espacios para nuestra comunidad. #AquiGobiernaLaEsperanza #Naucalpan #Predial2026 #TesoreriaMunicipal",https://www.facebook.com/reel/1607348726953752/,https://www.facebook.com/reel/1607348726953752/,2026-01-14 11:07:18,2026-01-14,/home/emilio/Documentos/Naucalpan_Semanal_Reportes/Periodico/Enero_Mayo/2026-01-01_al_2026-01-15/Facebook/2026-01-01_al_2026-01-15_Facebook/2026-01-01_al_2026-01-15_Facebook_posts.csv
2026-01-01,2026-01-01_al_2026-01-15_Facebook,gobierno_naucalpan,Gobierno de Naucalpan,facebook,Facebook,post_facebook,ciudadnaucalpan,Ciudad Naucalpan / Gobierno Municipal 2025-2027.,,"Gran Feria del Empleo Naucalpan 2026💼 Impulsando el empleo y las oportunidades para todas y todos. El Gobierno de Ciudad Naucalpan, a través de la Dirección de Desarrollo y Fomento Económico, invita a vecinas y vecinos a participar en la Gran Feria del Empleo Naucalpan 2026, un espacio pensado para acercar oportunidades laborales formales, dignas y con derechos. Esta jornada tiene como objetivo vincular a buscadoras y buscadores de empleo con empresas y sectores productivos que hoy apuestan por el talento local, fortaleciendo la economía familiar y el desarrollo del municipio. 📅 Miércoles 18 de marzo 🕘 9:00 a 17:00 horas 📍 Explanada del Parque Revolución Av. 16 de Septiembre s/n, Naucalpan Centro 📞 Informes: 55 8789 5500 Exts. 1151, 1174 y 1144. #AquiGobiernaLaEsperanza #Naucalpan #GranFeriaDelEmpleo","Gran Feria del Empleo Naucalpan 2026💼 Impulsando el empleo y las oportunidades para todas y todos. El Gobierno de Ciudad Naucalpan, a través de la Dirección de Desarrollo y Fomento Económico, invita a vecinas y vecinos a participar en la Gran Feria del Empleo Naucalpan 2026, un espacio pensado para acercar oportunidades laborales formales, dignas y con derechos. Esta jornada tiene como objetivo vincular a buscadoras y buscadores de empleo con empresas y sectores productivos que hoy apuestan por el talento local, fortaleciendo la economía familiar y el desarrollo del municipio. 📅 Miércoles 18 de marzo 🕘 9:00 a 17:00 horas 📍 Explanada del Parque Revolución Av. 16 de Septiembre s/n, Naucalpan Centro 📞 Informes: 55 8789 5500 Exts. 1151, 1174 y 1144. #AquiGobiernaLaEsperanza #Naucalpan #GranFeriaDelEmpleo",https://www.facebook.com/CiudadNaucalpan/posts/pfbid0xbYjrcPvwHGzd1L1KUJPk9WzxMhmtU769kYe8V5q9mjomRtqECLZj8CNHifBJankl,https://www.facebook.com/CiudadNaucalpan/posts/pfbid0xbYjrcPvwHGzd1L1KUJPk9WzxMhmtU769kYe8V5q9mjomRtqECLZj8CNHifBJankl,2026-01-14 10:02:51,2026-01-14,/home/emilio/Documentos/Naucalpan_Semanal_Reportes/Periodico/Enero_Mayo/2026-01-01_al_2026-01-15/Facebook/2026-01-01_al_2026-01-15_Facebook/2026-01-01_al_2026-01-15_Facebook_posts.csv
2026-01-01,2026-01-01_al_2026-01-15_Facebook,gobierno_naucalpan,Gobierno de Naucalpan,facebook,Facebook,post_facebook,ciudadnaucalpan,Ciudad Naucalpan / Gobierno Municipal 2025-2027.,,"Desde el Gobierno de Ciudad Naucalpan te invitamos a aprovechar los descuentos vigentes en el pago del Predial y Agua 2026. 💳🏡 Contribuir a tiempo fortalece los servicios públicos y permite seguir invirtiendo en obras y bienestar para nuestras comunidades. 📍 Consulta en la imagen los descuentos, sedes de pago, horarios y la opción de pago en línea. Seguimos trabajando con responsabilidad, transparencia y cercanía para todas y todos. #AquiGobiernaLaEsperanza #Naucalpan #Predial2026 #TesoreriaMunicipal","Desde el Gobierno de Ciudad Naucalpan te invitamos a aprovechar los descuentos vigentes en el pago del Predial y Agua 2026. 💳🏡 Contribuir a tiempo fortalece los servicios públicos y permite seguir invirtiendo en obras y bienestar para nuestras comunidades. 📍 Consulta en la imagen los descuentos, sedes de pago, horarios y la opción de pago en línea. Seguimos trabajando con responsabilidad, transparencia y cercanía para todas y todos. #AquiGobiernaLaEsperanza #Naucalpan #Predial2026 #TesoreriaMunicipal",https://www.facebook.com/CiudadNaucalpan/posts/pfbid02Nu85iSm3QSGiaPt7BTEEUgwRTbMjVE8KTCWq4f85tJed5s7okwx6gdEWzriomKa6l,https://www.facebook.com/CiudadNaucalpan/posts/pfbid02Nu85iSm3QSGiaPt7BTEEUgwRTbMjVE8KTCWq4f85tJed5s7okwx6gdEWzriomKa6l,2026-01-14 09:02:53,2026-01-14,/home/emilio/Documentos/Naucalpan_Semanal_Reportes/Periodico/Enero_Mayo/2026-01-01_al_2026-01-15/Facebook/2026-01-01_al_2026-01-15_Facebook/2026-01-01_al_2026-01-15_Facebook_posts.csv
2026-01-01,2026-01-01_al_2026-01-15_Facebook,gobierno_naucalpan,Gobierno de Naucalpan,facebook,Facebook,post_facebook,guardiamunicipalciudadnaucalpan,Guardia Municipal Ciudad Naucalpan,,"Conoce el proceso de infracciones en Ciudad Naucalpan🚦📹 En Ciudad Naucalpan trabajamos por una movilidad más segura, ordenada y con reglas claras para todas y todos. Te invitamos a ver el video donde explicamos, paso a paso, cómo funciona el proceso de infracciones y cuáles son tus derechos y responsabilidades. Informarte es la mejor forma de cuidarte y contribuir a una mejor convivencia vial. 👮‍♀️🚘 #AquiGobiernaLaEsperanza #GuardiaMunicipal #Naucalpan #MovilidadSegura #CulturaVial","Conoce el proceso de infracciones en Ciudad Naucalpan🚦📹 En Ciudad Naucalpan trabajamos por una movilidad más segura, ordenada y con reglas claras para todas y todos. Te invitamos a ver el video donde explicamos, paso a paso, cómo funciona el proceso de infracciones y cuáles son tus derechos y responsabilidades. Informarte es la mejor forma de cuidarte y contribuir a una mejor convivencia vial. 👮‍♀️🚘 #AquiGobiernaLaEsperanza #GuardiaMunicipal #Naucalpan #MovilidadSegura #CulturaVial",https://www.facebook.com/reel/2737095210001070/,https://www.facebook.com/reel/2737095210001070/,2026-01-14 13:20:33,2026-01-14,/home/emilio/Documentos/Naucalpan_Semanal_Reportes/Periodico/Enero_Mayo/2026-01-01_al_2026-01-15/Facebook/2026-01-01_al_2026-01-15_Facebook/2026-01-01_al_2026-01-15_Facebook_posts.csv
2026-01-01,2026-01-01_al_2026-01-15_Twitter,gobierno_naucalpan,Gobierno de Naucalpan,twitter,Twitter/X,tweet,@GobNau,@GobNau,,"¿Sabías qué? Brasil es la selección más ganadora en la historia de los Mundiales, con 5 Copas del Mundo (1958, 1962, 1970, 1994 y 2002). Faltan 148 días para que inicie el Mundial 2026. #AquiGobiernaLaEsperanza #HuellasDelMundial #Naucalpan","¿Sabías qué? Brasil es la selección más ganadora en la historia de los Mundiales, con 5 Copas del Mundo (1958, 1962, 1970, 1994 y 2002). Faltan 148 días para que inicie el Mundial 2026. #AquiGobiernaLaEsperanza #HuellasDelMundial #Naucalpan",https://x.com/GobNau/status/2011555409979380113,https://x.com/GobNau/status/2011555409979380113,2026-01-14 21:45:57+00:00,2026-01-14,/home/emilio/Documentos/Naucalpan_Semanal_Reportes/Periodico/Enero_Mayo/2026-01-01_al_2026-01-15/Twitter/2026-01-01_al_2026-01-15_Twitter/2026-01-01_al_2026-01-15_Twitter_post_institucionales.csv
2026-01-01,2026-01-01_al_2026-01-15_Twitter,gobierno_naucalpan,Gobierno de Naucalpan,twitter,Twitter/X,tweet,@GobNau,@GobNau,,Ven con tu familia y amigas y amigos a disfrutar de nuestras pistas de hielo ¡No te lo puedes perder! #AquiGobiernaLaEsperanza #Naucalpan #PistaDeHielo,Ven con tu familia y amigas y amigos a disfrutar de nuestras pistas de hielo ¡No te lo puedes perder! #AquiGobiernaLaEsperanza #Naucalpan #PistaDeHielo,https://x.com/GobNau/status/2011517754659004416,https://x.com/GobNau/status/2011517754659004416,2026-01-14 19:16:19+00:00,2026-01-14,/home/emilio/Documentos/Naucalpan_Semanal_Reportes/Periodico/Enero_Mayo/2026-01-01_al_2026-01-15/Twitter/2026-01-01_al_2026-01-15_Twitter/2026-01-01_al_2026-01-15_Twitter_post_institucionales.csv
2026-01-01,2026-01-01_al_2026-01-15_Twitter,gobierno_naucalpan,Gobierno de Naucalpan,twitter,Twitter/X,tweet,@GobNau,@GobNau,,"Guía Ciudadana para el Pago del Impuesto Predial 2026 Tu predial se transforma en obras, servicios y mejores espacios para nuestra comunidad. #AquiGobiernaLaEsperanza #Naucalpan #Predial2026 #TesoreriaMunicipal","Guía Ciudadana para el Pago del Impuesto Predial 2026 Tu predial se transforma en obras, servicios y mejores espacios para nuestra comunidad. #AquiGobiernaLaEsperanza #Naucalpan #Predial2026 #TesoreriaMunicipal",https://x.com/GobNau/status/2011485679864135869,https://x.com/GobNau/status/2011485679864135869,2026-01-14 17:08:52+00:00,2026-01-14,/home/emilio/Documentos/Naucalpan_Semanal_Reportes/Periodico/Enero_Mayo/2026-01-01_al_2026-01-15/Twitter/2026-01-01_al_2026-01-15_Twitter/2026-01-01_al_2026-01-15_Twitter_post_institucionales.csv
2026-01-01,2026-01-01_al_2026-01-15_Twitter,gobierno_naucalpan,Gobierno de Naucalpan,twitter,Twitter/X,tweet,@GobNau,@GobNau,,"Gran Feria del Empleo Naucalpan 2026 Impulsando el empleo y las oportunidades para todas y todos. Informes: 55 8789 5500 Exts. 1151, 1174 y 1144. #AquiGobiernaLaEsperanza #Naucalpan #GranFeriaDelEmpleo","Gran Feria del Empleo Naucalpan 2026 Impulsando el empleo y las oportunidades para todas y todos. Informes: 55 8789 5500 Exts. 1151, 1174 y 1144. #AquiGobiernaLaEsperanza #Naucalpan #GranFeriaDelEmpleo",https://x.com/GobNau/status/2011469072689455531,https://x.com/GobNau/status/2011469072689455531,2026-01-14 16:02:52+00:00,2026-01-14,/home/emilio/Documentos/Naucalpan_Semanal_Reportes/Periodico/Enero_Mayo/2026-01-01_al_2026-01-15/Twitter/2026-01-01_al_2026-01-15_Twitter/2026-01-01_al_2026-01-15_Twitter_post_institucionales.csv
2026-01-01,2026-01-01_al_2026-01-15_Twitter,gobierno_naucalpan,Gobierno de Naucalpan,twitter,Twitter/X,tweet,@GobNau,@GobNau,,Desde el Gobierno de Ciudad Naucalpan te invitamos a aprovechar los descuentos vigentes en el pago del Predial y Agua 2026. #AquiGobiernaLaEsperanza #Naucalpan #Predial2026 #TesoreriaMunicipal,Desde el Gobierno de Ciudad Naucalpan te invitamos a aprovechar los descuentos vigentes en el pago del Predial y Agua 2026. #AquiGobiernaLaEsperanza #Naucalpan #Predial2026 #TesoreriaMunicipal,https://x.com/GobNau/status/2011454185263206601,https://x.com/GobNau/status/2011454185263206601,2026-01-14 15:03:43+00:00,2026-01-14,/home/emilio/Documentos/Naucalpan_Semanal_Reportes/Periodico/Enero_Mayo/2026-01-01_al_2026-01-15/Twitter/2026-01-01_al_2026-01-15_Twitter/2026-01-01_al_2026-01-15_Twitter_post_institucionales.csv
2026-01-01,2026-01-01_al_2026-01-15_Facebook,gobierno_naucalpan,Gobierno de Naucalpan,facebook,Facebook,post_facebook,ciudadnaucalpan,Ciudad Naucalpan / Gobierno Municipal 2025-2027.,,"Campaña Licencia Ambiental Municipal 2026 ¡Empresarias y empresarios! 🌱 Ya está abierta la temporada de apertura o revalidación. Acude a la Dirección de Medio Ambiente, del 7 de enero al 31 de marzo, de lunes a viernes de 9:00 a 15:00 hrs. 📍 Av. Morelos no. 61, Fracc. Bosque de los Remedios, Naucalpan. ✅ Trámite gratuito. #AquíGobiernaLaEsperanza #Naucalpan #MedioAmbiente","Campaña Licencia Ambiental Municipal 2026 ¡Empresarias y empresarios! 🌱 Ya está abierta la temporada de apertura o revalidación. Acude a la Dirección de Medio Ambiente, del 7 de enero al 31 de marzo, de lunes a viernes de 9:00 a 15:00 hrs. 📍 Av. Morelos no. 61, Fracc. Bosque de los Remedios, Naucalpan. ✅ Trámite gratuito. #AquíGobiernaLaEsperanza #Naucalpan #MedioAmbiente",https://www.facebook.com/CiudadNaucalpan/posts/pfbid02BKUqU395voWW9Gi1mKMJmrVatyp9qJyPQDTg4FcZ839eB7CLXUwrpRzHSuThBRFBl,https://www.facebook.com/CiudadNaucalpan/posts/pfbid02BKUqU395voWW9Gi1mKMJmrVatyp9qJyPQDTg4FcZ839eB7CLXUwrpRzHSuThBRFBl,2026-01-13 17:44:18,2026-01-13,/home/emilio/Documentos/Naucalpan_Semanal_Reportes/Periodico/Enero_Mayo/2026-01-01_al_2026-01-15/Facebook/2026-01-01_al_2026-01-15_Facebook/2026-01-01_al_2026-01-15_Facebook_posts.csv
2026-01-01,2026-01-01_al_2026-01-15_Facebook,gobierno_naucalpan,Gobierno de Naucalpan,facebook,Facebook,post_facebook,ciudadnaucalpan,Ciudad Naucalpan / Gobierno Municipal 2025-2027.,,"El Gobierno de Ciudad Naucalpan, las obras que transforman ya están en marcha. 🚧✨ Damos inicio a la rehabilitación de la calle Gabriel Ramos Millán, una acción que mejora la movilidad, la seguridad y la calidad de vida en el centro de nuestro municipio. 📅 Miércoles 14 de enero de 2026 ⏰ 15:30 horas 📍 Calle Gabriel Ramos Millán esq. Calle Zaragoza, Naucalpan Centro #AquíGobiernaLaEsperanza #Naucalpan #InicioDeObra #ObrasQueTransforman","El Gobierno de Ciudad Naucalpan, las obras que transforman ya están en marcha. 🚧✨ Damos inicio a la rehabilitación de la calle Gabriel Ramos Millán, una acción que mejora la movilidad, la seguridad y la calidad de vida en el centro de nuestro municipio. 📅 Miércoles 14 de enero de 2026 ⏰ 15:30 horas 📍 Calle Gabriel Ramos Millán esq. Calle Zaragoza, Naucalpan Centro #AquíGobiernaLaEsperanza #Naucalpan #InicioDeObra #ObrasQueTransforman",https://www.facebook.com/CiudadNaucalpan/posts/pfbid029N7x7fj2HRwoDRmYQewhkvBEXnp6tfssvKZcBYoobcYaocb6mS67mNUSqPcYmzmKl,https://www.facebook.com/CiudadNaucalpan/posts/pfbid029N7x7fj2HRwoDRmYQewhkvBEXnp6tfssvKZcBYoobcYaocb6mS67mNUSqPcYmzmKl,2026-01-13 17:25:03,2026-01-13,/home/emilio/Documentos/Naucalpan_Semanal_Reportes/Periodico/Enero_Mayo/2026-01-01_al_2026-01-15/Facebook/2026-01-01_al_2026-01-15_Facebook/2026-01-01_al_2026-01-15_Facebook_posts.csv
2026-01-01,2026-01-01_al_2026-01-15_Facebook,gobierno_naucalpan,Gobierno de Naucalpan,facebook,Facebook,post_facebook,ciudadnaucalpan,Ciudad Naucalpan / Gobierno Municipal 2025-2027.,,"En el Día Mundial de la Lucha contra la Depresión, el Gobierno de Ciudad Naucalpan refrenda su compromiso con la salud mental como un derecho y una prioridad. La depresión no siempre es visible, pero hablar de ella es el primer paso para sanar. Buscar ayuda, acompañamiento y atención profesional es un acto de valentía. En Ciudad Naucalpan seguimos trabajando para construir una comunidad donde nadie tenga que enfrentar esta situación en soledad. #AquiGobiernaLaEsperanza #Naucalpan #SaludMental #Bienestar #CuidarnosEsPrioridad","En el Día Mundial de la Lucha contra la Depresión, el Gobierno de Ciudad Naucalpan refrenda su compromiso con la salud mental como un derecho y una prioridad. La depresión no siempre es visible, pero hablar de ella es el primer paso para sanar. Buscar ayuda, acompañamiento y atención profesional es un acto de valentía. En Ciudad Naucalpan seguimos trabajando para construir una comunidad donde nadie tenga que enfrentar esta situación en soledad. #AquiGobiernaLaEsperanza #Naucalpan #SaludMental #Bienestar #CuidarnosEsPrioridad",https://www.facebook.com/CiudadNaucalpan/posts/pfbid02fLkAvuTz65ZPszCdBPF2s2F5XM9RK74nXv3W4SUoVeAgb9XLGHnJdDY4yQaoL23El,https://www.facebook.com/CiudadNaucalpan/posts/pfbid02fLkAvuTz65ZPszCdBPF2s2F5XM9RK74nXv3W4SUoVeAgb9XLGHnJdDY4yQaoL23El,2026-01-13 16:13:22,2026-01-13,/home/emilio/Documentos/Naucalpan_Semanal_Reportes/Periodico/Enero_Mayo/2026-01-01_al_2026-01-15/Facebook/2026-01-01_al_2026-01-15_Facebook/2026-01-01_al_2026-01-15_Facebook_posts.csv
2026-01-01,2026-01-01_al_2026-01-15_Facebook,gobierno_naucalpan,Gobierno de Naucalpan,facebook,Facebook,post_facebook,ciudadnaucalpan,Ciudad Naucalpan / Gobierno Municipal 2025-2027.,,"Rehabilitación estructural de la Escuela Secundaria General Emiliano Zapata 🏫 Durante años, este plantel sufrió afectaciones graves provocadas por las lluvias, al grado de contar con un pronóstico de demolición. Gracias al trabajo coordinado entre el Gobierno de Ciudad Naucalpan, encabezado por el Presidente Municipal, Isaac Montoya, y el Gobierno del Estado de México, encabezado por la Gobernadora Delfina Gómez, la escuela fue rescatada mediante una intervención estructural profunda, realizada desde la base, con ingeniería especializada y materiales de calidad. Hoy, esta rehabilitación garantiza la seguridad de las y los estudiantes y permite que la comunidad escolar continúe su labor educativa en condiciones dignas. #AquiGobiernaLaEsperanza #IsaacMontoya #Naucalpan #EdoMex #Educación","Rehabilitación estructural de la Escuela Secundaria General Emiliano Zapata 🏫 Durante años, este plantel sufrió afectaciones graves provocadas por las lluvias, al grado de contar con un pronóstico de demolición. Gracias al trabajo coordinado entre el Gobierno de Ciudad Naucalpan, encabezado por el Presidente Municipal, Isaac Montoya, y el Gobierno del Estado de México, encabezado por la Gobernadora Delfina Gómez, la escuela fue rescatada mediante una intervención estructural profunda, realizada desde la base, con ingeniería especializada y materiales de calidad. Hoy, esta rehabilitación garantiza la seguridad de las y los estudiantes y permite que la comunidad escolar continúe su labor educativa en condiciones dignas. #AquiGobiernaLaEsperanza #IsaacMontoya #Naucalpan #EdoMex #Educación",https://www.facebook.com/reel/2030744657709516/,https://www.facebook.com/reel/2030744657709516/,2026-01-13 15:02:40,2026-01-13,/home/emilio/Documentos/Naucalpan_Semanal_Reportes/Periodico/Enero_Mayo/2026-01-01_al_2026-01-15/Facebook/2026-01-01_al_2026-01-15_Facebook/2026-01-01_al_2026-01-15_Facebook_posts.csv
2026-01-01,2026-01-01_al_2026-01-15_Facebook,gobierno_naucalpan,Gobierno de Naucalpan,facebook,Facebook,post_facebook,ciudadnaucalpan,Ciudad Naucalpan / Gobierno Municipal 2025-2027.,,"Mega Limpieza en el Parque “La Hoja”🌿 El Gobierno de Ciudad Naucalpan, a través de la Dirección de Medio Ambiente, invita a la comunidad a participar en la Mega Limpieza del Parque Sección “La Hoja”, una jornada para cuidar y preservar nuestras Áreas Naturales Protegidas. 📅 Jueves 15 de enero 🕘 9:00 horas 📍 Parque Sección “La Hoja” Calzada de los Remedios 42, Parque Ecológico “Bosque de los Remedios”, Naucalpan de Juárez. Sumemos esfuerzos y trabajemos juntas y juntos por un entorno más limpio y saludable. ¡Ven y participa! #AquiGobiernaLaEsperanza #Naucalpan #MedioAmbiente #BosqueDeLosRemedios","Mega Limpieza en el Parque “La Hoja”🌿 El Gobierno de Ciudad Naucalpan, a través de la Dirección de Medio Ambiente, invita a la comunidad a participar en la Mega Limpieza del Parque Sección “La Hoja”, una jornada para cuidar y preservar nuestras Áreas Naturales Protegidas. 📅 Jueves 15 de enero 🕘 9:00 horas 📍 Parque Sección “La Hoja” Calzada de los Remedios 42, Parque Ecológico “Bosque de los Remedios”, Naucalpan de Juárez. Sumemos esfuerzos y trabajemos juntas y juntos por un entorno más limpio y saludable. ¡Ven y participa! #AquiGobiernaLaEsperanza #Naucalpan #MedioAmbiente #BosqueDeLosRemedios",https://www.facebook.com/CiudadNaucalpan/posts/pfbid02rSRsBRsdttQ7CdZbRTXBouMBsx1EsUJSs1MYposEDyM8Pmow11vC4N339LH6LS5El,https://www.facebook.com/CiudadNaucalpan/posts/pfbid02rSRsBRsdttQ7CdZbRTXBouMBsx1EsUJSs1MYposEDyM8Pmow11vC4N339LH6LS5El,2026-01-13 14:17:39,2026-01-13,/home/emilio/Documentos/Naucalpan_Semanal_Reportes/Periodico/Enero_Mayo/2026-01-01_al_2026-01-15/Facebook/2026-01-01_al_2026-01-15_Facebook/2026-01-01_al_2026-01-15_Facebook_posts.csv
2026-01-01,2026-01-01_al_2026-01-15_Facebook,gobierno_naucalpan,Gobierno de Naucalpan,facebook,Facebook,post_facebook,ciudadnaucalpan,Ciudad Naucalpan / Gobierno Municipal 2025-2027.,,"Recorrido de verificación ambiental en Las Julianas🌱 El Gobierno de Ciudad Naucalpan, a través de la Dirección de Medio Ambiente, realizará un recorrido de verificación ambiental en la zona de Las Julianas. 📍 Punto de partida: Iglesia de Los Remedios 📅 Miércoles 14 de enero de 2026 🕚 11:00 horas 👉Este ejercicio tiene como finalidad identificar, junto con la población, variables ambientales relevantes y fortalecer el trabajo conjunto para el cuidado del entorno. Seguimos trabajando desde el territorio, con la comunidad y por el bienestar ambiental de Ciudad Naucalpan. #AquiGobiernaLaEsperanza #Naucalpan #MedioAmbiente #ParticipacionCiudadana","Recorrido de verificación ambiental en Las Julianas🌱 El Gobierno de Ciudad Naucalpan, a través de la Dirección de Medio Ambiente, realizará un recorrido de verificación ambiental en la zona de Las Julianas. 📍 Punto de partida: Iglesia de Los Remedios 📅 Miércoles 14 de enero de 2026 🕚 11:00 horas 👉Este ejercicio tiene como finalidad identificar, junto con la población, variables ambientales relevantes y fortalecer el trabajo conjunto para el cuidado del entorno. Seguimos trabajando desde el territorio, con la comunidad y por el bienestar ambiental de Ciudad Naucalpan. #AquiGobiernaLaEsperanza #Naucalpan #MedioAmbiente #ParticipacionCiudadana",https://www.facebook.com/CiudadNaucalpan/posts/pfbid02Vs6Ei7XPSfz4JEq8tvusEQoW9BUvq8FQVZGzK4t7jrQroNQZZc9T3YSbe2smah35l,https://www.facebook.com/CiudadNaucalpan/posts/pfbid02Vs6Ei7XPSfz4JEq8tvusEQoW9BUvq8FQVZGzK4t7jrQroNQZZc9T3YSbe2smah35l,2026-01-13 14:07:25,2026-01-13,/home/emilio/Documentos/Naucalpan_Semanal_Reportes/Periodico/Enero_Mayo/2026-01-01_al_2026-01-15/Facebook/2026-01-01_al_2026-01-15_Facebook/2026-01-01_al_2026-01-15_Facebook_posts.csv
2026-01-01,2026-01-01_al_2026-01-15_Facebook,gobierno_naucalpan,Gobierno de Naucalpan,facebook,Facebook,post_facebook,ciudadnaucalpan,Ciudad Naucalpan / Gobierno Municipal 2025-2027.,,"El Gobierno de Ciudad Naucalpan a través del Instituto de las Mujeres Naucalpenses y la Igualdad Sustantiva, impulsa una vida libre de estereotipos y de violencias, donde todas podamos vivir con dignidad, respeto y derechos. 💜 👉Si necesitas apoyo, no estás sola: 📞 Atención y Prevención de la Violencia de Género: 55 8789 5482 📞 Desarrollo Integral de las Mujeres: 55 8789 5483 #AquiGobiernaLaEsperanza #Naucalpan #mujeres #IMNIS","El Gobierno de Ciudad Naucalpan a través del Instituto de las Mujeres Naucalpenses y la Igualdad Sustantiva, impulsa una vida libre de estereotipos y de violencias, donde todas podamos vivir con dignidad, respeto y derechos. 💜 👉Si necesitas apoyo, no estás sola: 📞 Atención y Prevención de la Violencia de Género: 55 8789 5482 📞 Desarrollo Integral de las Mujeres: 55 8789 5483 #AquiGobiernaLaEsperanza #Naucalpan #mujeres #IMNIS",https://www.facebook.com/CiudadNaucalpan/posts/pfbid0fcoP79x7q2b7fwTYscdhGT27N6ffWdM2sFzsPGgpbpPKdLk1etTJQojp8XMxNModl,https://www.facebook.com/CiudadNaucalpan/posts/pfbid0fcoP79x7q2b7fwTYscdhGT27N6ffWdM2sFzsPGgpbpPKdLk1etTJQojp8XMxNModl,2026-01-13 12:00:00,2026-01-13,/home/emilio/Documentos/Naucalpan_Semanal_Reportes/Periodico/Enero_Mayo/2026-01-01_al_2026-01-15/Facebook/2026-01-01_al_2026-01-15_Facebook/2026-01-01_al_2026-01-15_Facebook_posts.csv
2026-01-01,2026-01-01_al_2026-01-15_Facebook,gobierno_naucalpan,Gobierno de Naucalpan,facebook,Facebook,post_facebook,ciudadnaucalpan,Ciudad Naucalpan / Gobierno Municipal 2025-2027.,,"¿Sabías qué? ⚽🌍 El primer campeón de un Mundial fue Uruguay, al ganar la edición inaugural de 1930 en Montevideo. Faltan 149 días para que inicie el Mundial 2026. #AquiGobiernaLaEsperanza #HuellasDelMundial #Naucalpan","¿Sabías qué? ⚽🌍 El primer campeón de un Mundial fue Uruguay, al ganar la edición inaugural de 1930 en Montevideo. Faltan 149 días para que inicie el Mundial 2026. #AquiGobiernaLaEsperanza #HuellasDelMundial #Naucalpan",https://www.facebook.com/CiudadNaucalpan/posts/pfbid03ii6W4Hkd1UAhoWkr86AtLL951bYQnopxNiz7p9SBHycMnDhRNFzgEggq5FCK6Xcl,https://www.facebook.com/CiudadNaucalpan/posts/pfbid03ii6W4Hkd1UAhoWkr86AtLL951bYQnopxNiz7p9SBHycMnDhRNFzgEggq5FCK6Xcl,2026-01-13 09:29:35,2026-01-13,/home/emilio/Documentos/Naucalpan_Semanal_Reportes/Periodico/Enero_Mayo/2026-01-01_al_2026-01-15/Facebook/2026-01-01_al_2026-01-15_Facebook/2026-01-01_al_2026-01-15_Facebook_posts.csv
2026-01-01,2026-01-01_al_2026-01-15_Facebook,gobierno_naucalpan,Gobierno de Naucalpan,facebook,Facebook,post_facebook,ciudadnaucalpan,Ciudad Naucalpan / Gobierno Municipal 2025-2027.,,"Desde el Gobierno de Ciudad Naucalpan te invitamos a aprovechar los descuentos vigentes en el pago del Predial y Agua 2026. 💳🏡 Contribuir a tiempo fortalece los servicios públicos y permite seguir invirtiendo en obras y bienestar para nuestras comunidades. 📍 Consulta en la imagen los descuentos, sedes de pago, horarios y la opción de pago en línea. Seguimos trabajando con responsabilidad, transparencia y cercanía para todas y todos. #AquiGobiernaLaEsperanza #Naucalpan #Predial2026 #TesoreriaMunicipal","Desde el Gobierno de Ciudad Naucalpan te invitamos a aprovechar los descuentos vigentes en el pago del Predial y Agua 2026. 💳🏡 Contribuir a tiempo fortalece los servicios públicos y permite seguir invirtiendo en obras y bienestar para nuestras comunidades. 📍 Consulta en la imagen los descuentos, sedes de pago, horarios y la opción de pago en línea. Seguimos trabajando con responsabilidad, transparencia y cercanía para todas y todos. #AquiGobiernaLaEsperanza #Naucalpan #Predial2026 #TesoreriaMunicipal",https://www.facebook.com/CiudadNaucalpan/posts/pfbid02QJp443JTpdVRmtdqDAwf9HKDTYy27dg4VJhJAsvHQmbApvMmpVpFBoFnjrDctmb7l,https://www.facebook.com/CiudadNaucalpan/posts/pfbid02QJp443JTpdVRmtdqDAwf9HKDTYy27dg4VJhJAsvHQmbApvMmpVpFBoFnjrDctmb7l,2026-01-13 09:02:08,2026-01-13,/home/emilio/Documentos/Naucalpan_Semanal_Reportes/Periodico/Enero_Mayo/2026-01-01_al_2026-01-15/Facebook/2026-01-01_al_2026-01-15_Facebook/2026-01-01_al_2026-01-15_Facebook_posts.csv
2026-01-01,2026-01-01_al_2026-01-15_Facebook,gobierno_naucalpan,Gobierno de Naucalpan,facebook,Facebook,post_facebook,ciudadnaucalpan,Ciudad Naucalpan / Gobierno Municipal 2025-2027.,,"En la Secundaria General Emiliano Zapata, en coordinación con el Gobierno del Estado de México, encabezado por nuestra Gobernadora, Delfina Gómez Álvarez, fortalecimos la seguridad de la comunidad escolar con obras de protección del cauce, reforzamiento de la cimentación y la construcción de muros de gavión. Hoy, el entorno es más seguro y digno para nuestras niñas, niños y jóvenes. #AquiGobiernaLaEsperanza #Naucalpan #Edomex #Educacion","En la Secundaria General Emiliano Zapata, en coordinación con el Gobierno del Estado de México, encabezado por nuestra Gobernadora, Delfina Gómez Álvarez, fortalecimos la seguridad de la comunidad escolar con obras de protección del cauce, reforzamiento de la cimentación y la construcción de muros de gavión. Hoy, el entorno es más seguro y digno para nuestras niñas, niños y jóvenes. #AquiGobiernaLaEsperanza #Naucalpan #Edomex #Educacion",https://www.facebook.com/CiudadNaucalpan/posts/pfbid0dyEwiavDfc53mipd7SNaoai2JQqBgXDRbqToaaAVSTVp6iLPx5ecqGN8axDKDg6Hl,https://www.facebook.com/CiudadNaucalpan/posts/pfbid0dyEwiavDfc53mipd7SNaoai2JQqBgXDRbqToaaAVSTVp6iLPx5ecqGN8axDKDg6Hl,2026-01-13 08:46:09,2026-01-13,/home/emilio/Documentos/Naucalpan_Semanal_Reportes/Periodico/Enero_Mayo/2026-01-01_al_2026-01-15/Facebook/2026-01-01_al_2026-01-15_Facebook/2026-01-01_al_2026-01-15_Facebook_posts.csv
2026-01-01,2026-01-01_al_2026-01-15_Facebook,gobierno_naucalpan,Gobierno de Naucalpan,facebook,Facebook,post_facebook,ciudadnaucalpan,Ciudad Naucalpan / Gobierno Municipal 2025-2027.,,"Ante las bajas temperaturas en Ciudad Naucalpan, protege tu salud y la de tu familia. Abrígate bien y cuida especialmente a niñas, niños y personas adultas mayores. ❄️ La prevención es tarea de todas y todos. #AquiGobiernaLaEsperanza #Naucalpan #prevencion","Ante las bajas temperaturas en Ciudad Naucalpan, protege tu salud y la de tu familia. Abrígate bien y cuida especialmente a niñas, niños y personas adultas mayores. ❄️ La prevención es tarea de todas y todos. #AquiGobiernaLaEsperanza #Naucalpan #prevencion",https://www.facebook.com/CiudadNaucalpan/posts/pfbid02ExoVCCYzKnGab3zbXAG8myZd68P2p3b9MjDoturNwKaDpvoaSYMpm2SdHapkUvVVl,https://www.facebook.com/CiudadNaucalpan/posts/pfbid02ExoVCCYzKnGab3zbXAG8myZd68P2p3b9MjDoturNwKaDpvoaSYMpm2SdHapkUvVVl,2026-01-13 08:37:13,2026-01-13,/home/emilio/Documentos/Naucalpan_Semanal_Reportes/Periodico/Enero_Mayo/2026-01-01_al_2026-01-15/Facebook/2026-01-01_al_2026-01-15_Facebook/2026-01-01_al_2026-01-15_Facebook_posts.csv
2026-01-01,2026-01-01_al_2026-01-15_Facebook,gobierno_naucalpan,Gobierno de Naucalpan,facebook,Facebook,post_facebook,guardiamunicipalciudadnaucalpan,Guardia Municipal Ciudad Naucalpan,,"El Gobierno de Ciudad Naucalpan, a través de la Guardia Municipal puso en marcha el Operativo “Caminito de la Escuela”, con presencia en cerca de 300 escuelas de Naucalpan, para brindar seguridad, apoyo vial y acompañamiento durante el regreso a clases.🚸 #AquiGobiernaLaEsperanza #Naucalpan #GuardiaMunicipal #CaminitoDeLaEscuela","El Gobierno de Ciudad Naucalpan, a través de la Guardia Municipal puso en marcha el Operativo “Caminito de la Escuela”, con presencia en cerca de 300 escuelas de Naucalpan, para brindar seguridad, apoyo vial y acompañamiento durante el regreso a clases.🚸 #AquiGobiernaLaEsperanza #Naucalpan #GuardiaMunicipal #CaminitoDeLaEscuela",https://www.facebook.com/reel/2940435366145664/,https://www.facebook.com/reel/2940435366145664/,2026-01-13 14:24:31,2026-01-13,/home/emilio/Documentos/Naucalpan_Semanal_Reportes/Periodico/Enero_Mayo/2026-01-01_al_2026-01-15/Facebook/2026-01-01_al_2026-01-15_Facebook/2026-01-01_al_2026-01-15_Facebook_posts.csv
2026-01-01,2026-01-01_al_2026-01-15_Twitter,gobierno_naucalpan,Gobierno de Naucalpan,twitter,Twitter/X,tweet,@GobNau,@GobNau,,"La Escuela Secundaria Gral. Emiliano Zapata fue rescatada tras años de daños por lluvias y un pronóstico de demolición. Gracias al trabajo conjunto entre Ciudad #Naucalpan y el Gobierno del #EdoMéx, hoy cuenta con una rehabilitación. #AquiGobiernaLaEsperanza","La Escuela Secundaria Gral. Emiliano Zapata fue rescatada tras años de daños por lluvias y un pronóstico de demolición. Gracias al trabajo conjunto entre Ciudad #Naucalpan y el Gobierno del #EdoMéx, hoy cuenta con una rehabilitación. #AquiGobiernaLaEsperanza",https://x.com/GobNau/status/2011182161945035002,https://x.com/GobNau/status/2011182161945035002,2026-01-13 21:02:48+00:00,2026-01-13,/home/emilio/Documentos/Naucalpan_Semanal_Reportes/Periodico/Enero_Mayo/2026-01-01_al_2026-01-15/Twitter/2026-01-01_al_2026-01-15_Twitter/2026-01-01_al_2026-01-15_Twitter_post_institucionales.csv
2026-01-01,2026-01-01_al_2026-01-15_Twitter,gobierno_naucalpan,Gobierno de Naucalpan,twitter,Twitter/X,tweet,@GobNau,@GobNau,,"El Gobierno de Ciudad Naucalpan, a través de la Dirección de Medio Ambiente, invita a la comunidad a participar en la Mega Limpieza del Parque Sección “La Hoja”. #AquiGobiernaLaEsperanza #Naucalpan #MedioAmbiente #BosqueDeLosRemedios","El Gobierno de Ciudad Naucalpan, a través de la Dirección de Medio Ambiente, invita a la comunidad a participar en la Mega Limpieza del Parque Sección “La Hoja”. #AquiGobiernaLaEsperanza #Naucalpan #MedioAmbiente #BosqueDeLosRemedios",https://x.com/GobNau/status/2011170523460366424,https://x.com/GobNau/status/2011170523460366424,2026-01-13 20:16:33+00:00,2026-01-13,/home/emilio/Documentos/Naucalpan_Semanal_Reportes/Periodico/Enero_Mayo/2026-01-01_al_2026-01-15/Twitter/2026-01-01_al_2026-01-15_Twitter/2026-01-01_al_2026-01-15_Twitter_post_institucionales.csv
2026-01-01,2026-01-01_al_2026-01-15_Twitter,gobierno_naucalpan,Gobierno de Naucalpan,twitter,Twitter/X,tweet,@GobNau,@GobNau,,"Recorrido de verificación ambiental en Las Julianas El Gobierno de Ciudad Naucalpan, a través de la Dirección de Medio Ambiente, realizará un recorrido de verificación ambiental en la zona de Las Julianas. #AquiGobiernaLaEsperanza #Naucalpan","Recorrido de verificación ambiental en Las Julianas El Gobierno de Ciudad Naucalpan, a través de la Dirección de Medio Ambiente, realizará un recorrido de verificación ambiental en la zona de Las Julianas. #AquiGobiernaLaEsperanza #Naucalpan",https://x.com/GobNau/status/2011168375372677512,https://x.com/GobNau/status/2011168375372677512,2026-01-13 20:08:01+00:00,2026-01-13,/home/emilio/Documentos/Naucalpan_Semanal_Reportes/Periodico/Enero_Mayo/2026-01-01_al_2026-01-15/Twitter/2026-01-01_al_2026-01-15_Twitter/2026-01-01_al_2026-01-15_Twitter_post_institucionales.csv
2026-01-01,2026-01-01_al_2026-01-15_Twitter,gobierno_naucalpan,Gobierno de Naucalpan,twitter,Twitter/X,tweet,@GobNau,@GobNau,,"En la Secundaria General Emiliano Zapata, en coordinación con el Gobierno del Estado de México, fortalecimos la seguridad de la comunidad escolar con obras de protección del cauce, reforzamiento de la cimentación y la construcción de muros de gavión. #AquiGobiernaLaEsperanza","En la Secundaria General Emiliano Zapata, en coordinación con el Gobierno del Estado de México, fortalecimos la seguridad de la comunidad escolar con obras de protección del cauce, reforzamiento de la cimentación y la construcción de muros de gavión. #AquiGobiernaLaEsperanza",https://x.com/GobNau/status/2011163385111711917,https://x.com/GobNau/status/2011163385111711917,2026-01-13 19:48:11+00:00,2026-01-13,/home/emilio/Documentos/Naucalpan_Semanal_Reportes/Periodico/Enero_Mayo/2026-01-01_al_2026-01-15/Twitter/2026-01-01_al_2026-01-15_Twitter/2026-01-01_al_2026-01-15_Twitter_post_institucionales.csv
2026-01-01,2026-01-01_al_2026-01-15_Twitter,gobierno_naucalpan,Gobierno de Naucalpan,twitter,Twitter/X,tweet,@GobNau,@GobNau,,"Desde el IMNIS, el Gobierno de Ciudad Naucalpan impulsa una vida libre de violencias, con dignidad y derechos para todas. 55 8789 5482 | 55 8789 5483 #AquiGobiernaLaEsperanza #Naucalpan #IMNIS #MujeresEnRevolución","Desde el IMNIS, el Gobierno de Ciudad Naucalpan impulsa una vida libre de violencias, con dignidad y derechos para todas. 55 8789 5482 | 55 8789 5483 #AquiGobiernaLaEsperanza #Naucalpan #IMNIS #MujeresEnRevolución",https://x.com/GobNau/status/2011138465493377081,https://x.com/GobNau/status/2011138465493377081,2026-01-13 18:09:09+00:00,2026-01-13,/home/emilio/Documentos/Naucalpan_Semanal_Reportes/Periodico/Enero_Mayo/2026-01-01_al_2026-01-15/Twitter/2026-01-01_al_2026-01-15_Twitter/2026-01-01_al_2026-01-15_Twitter_post_institucionales.csv
2026-01-01,2026-01-01_al_2026-01-15_Twitter,gobierno_naucalpan,Gobierno de Naucalpan,twitter,Twitter/X,tweet,@GobNau,@GobNau,,Desde el Gobierno de Ciudad Naucalpan te invitamos a aprovechar los descuentos vigentes en el pago del Predial y Agua 2026. #AquiGobiernaLaEsperanza #Naucalpan #Predial2026 #TesoreriaMunicipal,Desde el Gobierno de Ciudad Naucalpan te invitamos a aprovechar los descuentos vigentes en el pago del Predial y Agua 2026. #AquiGobiernaLaEsperanza #Naucalpan #Predial2026 #TesoreriaMunicipal,https://x.com/GobNau/status/2011091862312927530,https://x.com/GobNau/status/2011091862312927530,2026-01-13 15:03:58+00:00,2026-01-13,/home/emilio/Documentos/Naucalpan_Semanal_Reportes/Periodico/Enero_Mayo/2026-01-01_al_2026-01-15/Twitter/2026-01-01_al_2026-01-15_Twitter/2026-01-01_al_2026-01-15_Twitter_post_institucionales.csv
2026-01-01,2026-01-01_al_2026-01-15_Twitter,gobierno_naucalpan,Gobierno de Naucalpan,twitter,Twitter/X,tweet,@GobNau,@GobNau,,"El Gobierno de Ciudad #Naucalpan, encabezado por el Alcalde Isaac Montoya, entregó la rehabilitación estructural de la Secundaria Emiliano Zapata en Minas San Martín, en coordinación con el Gobierno del Edoméx; hoy es un espacio seguro y digno. #AquiGobiernaLaEsperanza","El Gobierno de Ciudad #Naucalpan, encabezado por el Alcalde Isaac Montoya, entregó la rehabilitación estructural de la Secundaria Emiliano Zapata en Minas San Martín, en coordinación con el Gobierno del Edoméx; hoy es un espacio seguro y digno. #AquiGobiernaLaEsperanza",https://x.com/GobNau/status/2010864862562292113,https://x.com/GobNau/status/2010864862562292113,2026-01-13 00:01:57+00:00,2026-01-13,/home/emilio/Documentos/Naucalpan_Semanal_Reportes/Periodico/Enero_Mayo/2026-01-01_al_2026-01-15/Twitter/2026-01-01_al_2026-01-15_Twitter/2026-01-01_al_2026-01-15_Twitter_post_institucionales.csv
2026-01-01,2026-01-01_al_2026-01-15_Facebook,gobierno_naucalpan,Gobierno de Naucalpan,facebook,Facebook,post_facebook,ciudadnaucalpan,Ciudad Naucalpan / Gobierno Municipal 2025-2027.,,"El Gobierno de Ciudad Naucalpan, encabezado por el Presidente Municipal Isaac Montoya, entregó la rehabilitación estructural de la Escuela Secundaria General Emiliano Zapata, en Minas San Martín. La escuela presentaba afectaciones graves desde años atrás, provocadas por las lluvias, situación que derivó en un pronóstico de demolición. En coordinación con el Gobierno del Estado de México, encabezado por la Gobernadora Delfina Gómez Álvarez, se realizó una intervención estructural profunda que hoy garantiza seguridad y continuidad educativa para la comunidad escolar. #AquiGobiernaLaEsperanza #CiudadNaucalpan #EdoMex #Educacion","El Gobierno de Ciudad Naucalpan, encabezado por el Presidente Municipal Isaac Montoya, entregó la rehabilitación estructural de la Escuela Secundaria General Emiliano Zapata, en Minas San Martín. La escuela presentaba afectaciones graves desde años atrás, provocadas por las lluvias, situación que derivó en un pronóstico de demolición. En coordinación con el Gobierno del Estado de México, encabezado por la Gobernadora Delfina Gómez Álvarez, se realizó una intervención estructural profunda que hoy garantiza seguridad y continuidad educativa para la comunidad escolar. #AquiGobiernaLaEsperanza #CiudadNaucalpan #EdoMex #Educacion",https://www.facebook.com/CiudadNaucalpan/posts/pfbid028pLgHTTWHZLvVLLSD6SRCzSseK3Fjgcin4iedLJJqRRUdvm3oaAh9MU9dvrpeMZTl,https://www.facebook.com/CiudadNaucalpan/posts/pfbid028pLgHTTWHZLvVLLSD6SRCzSseK3Fjgcin4iedLJJqRRUdvm3oaAh9MU9dvrpeMZTl,2026-01-12 18:02:11,2026-01-12,/home/emilio/Documentos/Naucalpan_Semanal_Reportes/Periodico/Enero_Mayo/2026-01-01_al_2026-01-15/Facebook/2026-01-01_al_2026-01-15_Facebook/2026-01-01_al_2026-01-15_Facebook_posts.csv
2026-01-01,2026-01-01_al_2026-01-15_Facebook,gobierno_naucalpan,Gobierno de Naucalpan,facebook,Facebook,post_facebook,ciudadnaucalpan,Ciudad Naucalpan / Gobierno Municipal 2025-2027.,,"Con el impulso y liderazgo de la Gobernadora Delfina Gómez Álvarez, la Línea 3 del Mexicable avanza con 53% de progreso en Ciudad Naucalpan.🚋 Esta obra acerca oportunidades, reduce traslados y brinda una movilidad más segura y digna a miles de familias de las zonas altas, que durante años esperaron una solución. Desde Ciudad Naucalpan seguimos trabajando de manera coordinada para que el transporte público sea un derecho y para que la transformación llegue a cada rincón. #AquiGobiernaLaEsperanza #Naucalpan #EdoMex #Mexicable #Linea3","Con el impulso y liderazgo de la Gobernadora Delfina Gómez Álvarez, la Línea 3 del Mexicable avanza con 53% de progreso en Ciudad Naucalpan.🚋 Esta obra acerca oportunidades, reduce traslados y brinda una movilidad más segura y digna a miles de familias de las zonas altas, que durante años esperaron una solución. Desde Ciudad Naucalpan seguimos trabajando de manera coordinada para que el transporte público sea un derecho y para que la transformación llegue a cada rincón. #AquiGobiernaLaEsperanza #Naucalpan #EdoMex #Mexicable #Linea3",https://www.facebook.com/CiudadNaucalpan/posts/pfbid02A1aaRBbiiQrVGv8C5UV1HAA64cxXDHwFDVgg4gKpC4C27Zw2Bb8sLE8otj1BieqJl,https://www.facebook.com/CiudadNaucalpan/posts/pfbid02A1aaRBbiiQrVGv8C5UV1HAA64cxXDHwFDVgg4gKpC4C27Zw2Bb8sLE8otj1BieqJl,2026-01-12 16:31:07,2026-01-12,/home/emilio/Documentos/Naucalpan_Semanal_Reportes/Periodico/Enero_Mayo/2026-01-01_al_2026-01-15/Facebook/2026-01-01_al_2026-01-15_Facebook/2026-01-01_al_2026-01-15_Facebook_posts.csv
2026-01-01,2026-01-01_al_2026-01-15_Facebook,gobierno_naucalpan,Gobierno de Naucalpan,facebook,Facebook,post_facebook,ciudadnaucalpan,Ciudad Naucalpan / Gobierno Municipal 2025-2027.,,"El Gobierno de Ciudad Naucalpan, a través de la Guardia Municipal puso en marcha el Operativo “Caminito de la Escuela”, con presencia en cerca de 300 escuelas de Naucalpan, para brindar seguridad, apoyo vial y acompañamiento durante el regreso a clases.🚸 #AquiGobiernaLaEsperanza #Naucalpan #GuardiaMunicipal #CaminitoDeLaEscuela","El Gobierno de Ciudad Naucalpan, a través de la Guardia Municipal puso en marcha el Operativo “Caminito de la Escuela”, con presencia en cerca de 300 escuelas de Naucalpan, para brindar seguridad, apoyo vial y acompañamiento durante el regreso a clases.🚸 #AquiGobiernaLaEsperanza #Naucalpan #GuardiaMunicipal #CaminitoDeLaEscuela",https://www.facebook.com/CiudadNaucalpan/posts/pfbid02KBYQ4NuvoSiDod1yX6iSxKRY5nJFBTKPMmS6VbkjoA3F67XUpkwiY9JNKbrcbScil,https://www.facebook.com/CiudadNaucalpan/posts/pfbid02KBYQ4NuvoSiDod1yX6iSxKRY5nJFBTKPMmS6VbkjoA3F67XUpkwiY9JNKbrcbScil,2026-01-12 11:24:05,2026-01-12,/home/emilio/Documentos/Naucalpan_Semanal_Reportes/Periodico/Enero_Mayo/2026-01-01_al_2026-01-15/Facebook/2026-01-01_al_2026-01-15_Facebook/2026-01-01_al_2026-01-15_Facebook_posts.csv
2026-01-01,2026-01-01_al_2026-01-15_Facebook,gobierno_naucalpan,Gobierno de Naucalpan,facebook,Facebook,post_facebook,ciudadnaucalpan,Ciudad Naucalpan / Gobierno Municipal 2025-2027.,,"Gran Feria del Empleo Naucalpan 2026💼 Impulsando el empleo y las oportunidades para todas y todos. El Gobierno de Ciudad Naucalpan, a través de la Dirección de Desarrollo y Fomento Económico, invita a vecinas y vecinos a participar en la Gran Feria del Empleo Naucalpan 2026, un espacio pensado para acercar oportunidades laborales formales, dignas y con derechos. Esta jornada tiene como objetivo vincular a buscadoras y buscadores de empleo con empresas y sectores productivos que hoy apuestan por el talento local, fortaleciendo la economía familiar y el desarrollo del municipio. 📅 Miércoles 18 de marzo 🕘 9:00 a 17:00 horas 📍 Explanada del Parque Revolución Av. 16 de Septiembre s/n, Naucalpan Centro 📞 Informes: 55 8789 5500 Exts. 1151, 1174 y 1144. #AquiGobiernaLaEsperanza #Naucalpan #GranFeriaDelEmpleo","Gran Feria del Empleo Naucalpan 2026💼 Impulsando el empleo y las oportunidades para todas y todos. El Gobierno de Ciudad Naucalpan, a través de la Dirección de Desarrollo y Fomento Económico, invita a vecinas y vecinos a participar en la Gran Feria del Empleo Naucalpan 2026, un espacio pensado para acercar oportunidades laborales formales, dignas y con derechos. Esta jornada tiene como objetivo vincular a buscadoras y buscadores de empleo con empresas y sectores productivos que hoy apuestan por el talento local, fortaleciendo la economía familiar y el desarrollo del municipio. 📅 Miércoles 18 de marzo 🕘 9:00 a 17:00 horas 📍 Explanada del Parque Revolución Av. 16 de Septiembre s/n, Naucalpan Centro 📞 Informes: 55 8789 5500 Exts. 1151, 1174 y 1144. #AquiGobiernaLaEsperanza #Naucalpan #GranFeriaDelEmpleo",https://www.facebook.com/CiudadNaucalpan/posts/pfbid0Lwyvbhkh3aV9jodviDyMfyAeKpQ53BjsHyamVHQvA6Rp3tqQWxYGWJiRrJmnYjCQl,https://www.facebook.com/CiudadNaucalpan/posts/pfbid0Lwyvbhkh3aV9jodviDyMfyAeKpQ53BjsHyamVHQvA6Rp3tqQWxYGWJiRrJmnYjCQl,2026-01-12 10:45:33,2026-01-12,/home/emilio/Documentos/Naucalpan_Semanal_Reportes/Periodico/Enero_Mayo/2026-01-01_al_2026-01-15/Facebook/2026-01-01_al_2026-01-15_Facebook/2026-01-01_al_2026-01-15_Facebook_posts.csv
2026-01-01,2026-01-01_al_2026-01-15_Facebook,gobierno_naucalpan,Gobierno de Naucalpan,facebook,Facebook,post_facebook,ciudadnaucalpan,Ciudad Naucalpan / Gobierno Municipal 2025-2027.,,"Guía Ciudadana para el Pago del Impuesto Predial 2026🧾🏠 Tu predial se transforma en obras, servicios y mejores espacios para nuestra comunidad. #AquiGobiernaLaEsperanza #Naucalpan #Predial2026 #TesoreriaMunicipal","Guía Ciudadana para el Pago del Impuesto Predial 2026🧾🏠 Tu predial se transforma en obras, servicios y mejores espacios para nuestra comunidad. #AquiGobiernaLaEsperanza #Naucalpan #Predial2026 #TesoreriaMunicipal",https://www.facebook.com/reel/750838897545840/,https://www.facebook.com/reel/750838897545840/,2026-01-12 10:27:18,2026-01-12,/home/emilio/Documentos/Naucalpan_Semanal_Reportes/Periodico/Enero_Mayo/2026-01-01_al_2026-01-15/Facebook/2026-01-01_al_2026-01-15_Facebook/2026-01-01_al_2026-01-15_Facebook_posts.csv
2026-01-01,2026-01-01_al_2026-01-15_Facebook,gobierno_naucalpan,Gobierno de Naucalpan,facebook,Facebook,post_facebook,ciudadnaucalpan,Ciudad Naucalpan / Gobierno Municipal 2025-2027.,,"Guía Ciudadana para el Pago del Impuesto Predial 2026🧾🏠 En el Gobierno de Ciudad Naucalpan trabajamos para que cada trámite sea más claro, sencillo y accesible para todas y todos. 👉Consulta en las imágenes la guía completa con los requisitos, opciones de pago y descuentos vigentes, y realiza tu contribución de forma fácil y sin contratiempos. Tu predial se transforma en obras, servicios y mejores espacios para nuestra comunidad. #AquiGobiernaLaEsperanza #Naucalpan #Predial2026 #TesoreriaMunicipal","Guía Ciudadana para el Pago del Impuesto Predial 2026🧾🏠 En el Gobierno de Ciudad Naucalpan trabajamos para que cada trámite sea más claro, sencillo y accesible para todas y todos. 👉Consulta en las imágenes la guía completa con los requisitos, opciones de pago y descuentos vigentes, y realiza tu contribución de forma fácil y sin contratiempos. Tu predial se transforma en obras, servicios y mejores espacios para nuestra comunidad. #AquiGobiernaLaEsperanza #Naucalpan #Predial2026 #TesoreriaMunicipal",https://www.facebook.com/CiudadNaucalpan/posts/pfbid0k4Rj9FNTrLrxd6UK4jtupfaeFTxacrcDjRQS4X3Y5ZxMefmDosGXHGRhcBEYSAU6l,https://www.facebook.com/CiudadNaucalpan/posts/pfbid0k4Rj9FNTrLrxd6UK4jtupfaeFTxacrcDjRQS4X3Y5ZxMefmDosGXHGRhcBEYSAU6l,2026-01-12 10:00:24,2026-01-12,/home/emilio/Documentos/Naucalpan_Semanal_Reportes/Periodico/Enero_Mayo/2026-01-01_al_2026-01-15/Facebook/2026-01-01_al_2026-01-15_Facebook/2026-01-01_al_2026-01-15_Facebook_posts.csv
2026-01-01,2026-01-01_al_2026-01-15_Facebook,gobierno_naucalpan,Gobierno de Naucalpan,facebook,Facebook,post_facebook,ciudadnaucalpan,Ciudad Naucalpan / Gobierno Municipal 2025-2027.,,"Desde el Gobierno de Ciudad Naucalpan te invitamos a aprovechar los descuentos vigentes en el pago del Predial y Agua 2026. 💳🏡 Contribuir a tiempo fortalece los servicios públicos y permite seguir invirtiendo en obras y bienestar para nuestras comunidades. 📍 Consulta en la imagen los descuentos, sedes de pago, horarios y la opción de pago en línea. Seguimos trabajando con responsabilidad, transparencia y cercanía para todas y todos. #AquiGobiernaLaEsperanza #Naucalpan #Predial2026 #TesoreriaMunicipal","Desde el Gobierno de Ciudad Naucalpan te invitamos a aprovechar los descuentos vigentes en el pago del Predial y Agua 2026. 💳🏡 Contribuir a tiempo fortalece los servicios públicos y permite seguir invirtiendo en obras y bienestar para nuestras comunidades. 📍 Consulta en la imagen los descuentos, sedes de pago, horarios y la opción de pago en línea. Seguimos trabajando con responsabilidad, transparencia y cercanía para todas y todos. #AquiGobiernaLaEsperanza #Naucalpan #Predial2026 #TesoreriaMunicipal",https://www.facebook.com/CiudadNaucalpan/posts/pfbid036424HxFHrBFrHYoMTGwtwxXZqHD4iLg13GiKzrcmqdZUjhauQCwsMkwBM7Kg6mUal,https://www.facebook.com/CiudadNaucalpan/posts/pfbid036424HxFHrBFrHYoMTGwtwxXZqHD4iLg13GiKzrcmqdZUjhauQCwsMkwBM7Kg6mUal,2026-01-12 09:02:47,2026-01-12,/home/emilio/Documentos/Naucalpan_Semanal_Reportes/Periodico/Enero_Mayo/2026-01-01_al_2026-01-15/Facebook/2026-01-01_al_2026-01-15_Facebook/2026-01-01_al_2026-01-15_Facebook_posts.csv
2026-01-01,2026-01-01_al_2026-01-15_Facebook,gobierno_naucalpan,Gobierno de Naucalpan,facebook,Facebook,post_facebook,guardiamunicipalciudadnaucalpan,Guardia Municipal Ciudad Naucalpan,,"Desde las primeras horas del día, la Guardia Municipal implementa el Operativo “Caminito de la Escuela”, brindando cobertura en aproximadamente 300 escuelas del municipio, con el objetivo de garantizar una movilidad segura y entornos escolares libres de violencia. A partir de las 05:00 horas, personal de la Guardia Municipal dio el banderazo de salida a este operativo en las inmediaciones del CONALEP 1, acompañando el regreso a clases de la niñez naucalpense y reforzando la presencia preventiva en zonas escolares. El operativo contempla labores de vigilancia, apoyo vial y acompañamiento, para prevenir riesgos, fortalecer la seguridad y contribuir a la erradicación de las violencias en los entornos escolares. La Guardia Municipal trabaja todos los días para cuidar lo más valioso: nuestras niñas y niños. #AquiGobiernaLaEsperanza #Naucalpan #caminitoalaescuela","Desde las primeras horas del día, la Guardia Municipal implementa el Operativo “Caminito de la Escuela”, brindando cobertura en aproximadamente 300 escuelas del municipio, con el objetivo de garantizar una movilidad segura y entornos escolares libres de violencia. A partir de las 05:00 horas, personal de la Guardia Municipal dio el banderazo de salida a este operativo en las inmediaciones del CONALEP 1, acompañando el regreso a clases de la niñez naucalpense y reforzando la presencia preventiva en zonas escolares. El operativo contempla labores de vigilancia, apoyo vial y acompañamiento, para prevenir riesgos, fortalecer la seguridad y contribuir a la erradicación de las violencias en los entornos escolares. La Guardia Municipal trabaja todos los días para cuidar lo más valioso: nuestras niñas y niños. #AquiGobiernaLaEsperanza #Naucalpan #caminitoalaescuela",https://www.facebook.com/GuardiaMunicipalCiudadNaucalpan/posts/pfbid0B9DUxD6S6afFS91ywUMF148vwSH2P9H4gGgWCVHbucMgyM7cUdTHP2eagXHUggL7l,https://www.facebook.com/GuardiaMunicipalCiudadNaucalpan/posts/pfbid0B9DUxD6S6afFS91ywUMF148vwSH2P9H4gGgWCVHbucMgyM7cUdTHP2eagXHUggL7l,2026-01-12 11:03:28,2026-01-12,/home/emilio/Documentos/Naucalpan_Semanal_Reportes/Periodico/Enero_Mayo/2026-01-01_al_2026-01-15/Facebook/2026-01-01_al_2026-01-15_Facebook/2026-01-01_al_2026-01-15_Facebook_posts.csv
2026-01-01,2026-01-01_al_2026-01-15_Twitter,gobierno_naucalpan,Gobierno de Naucalpan,twitter,Twitter/X,tweet,@GobNau,@GobNau,,"El Gobierno de Ciudad Naucalpan, a través de la #GuardiaMunicipal puso en marcha el Operativo “Caminito de la Escuela”, con presencia en cerca de 300 escuelas de Naucalpan, para brindar seguridad. #AquiGobiernaLaEsperanza #Naucalpan","El Gobierno de Ciudad Naucalpan, a través de la #GuardiaMunicipal puso en marcha el Operativo “Caminito de la Escuela”, con presencia en cerca de 300 escuelas de Naucalpan, para brindar seguridad. #AquiGobiernaLaEsperanza #Naucalpan",https://x.com/GobNau/status/2010765001938583645,https://x.com/GobNau/status/2010765001938583645,2026-01-12 17:25:09+00:00,2026-01-12,/home/emilio/Documentos/Naucalpan_Semanal_Reportes/Periodico/Enero_Mayo/2026-01-01_al_2026-01-15/Twitter/2026-01-01_al_2026-01-15_Twitter/2026-01-01_al_2026-01-15_Twitter_post_institucionales.csv
2026-01-01,2026-01-01_al_2026-01-15_Twitter,gobierno_naucalpan,Gobierno de Naucalpan,twitter,Twitter/X,tweet,@GobNau,@GobNau,,"Gran Feria del Empleo Naucalpan 2026 Impulsando el empleo y las oportunidades para todas y todos. Informes: 55 8789 5500 Exts. 1151, 1174 y 1144. #AquiGobiernaLaEsperanza #Naucalpan #GranFeriaDelEmpleo","Gran Feria del Empleo Naucalpan 2026 Impulsando el empleo y las oportunidades para todas y todos. Informes: 55 8789 5500 Exts. 1151, 1174 y 1144. #AquiGobiernaLaEsperanza #Naucalpan #GranFeriaDelEmpleo",https://x.com/GobNau/status/2010755038746947699,https://x.com/GobNau/status/2010755038746947699,2026-01-12 16:45:33+00:00,2026-01-12,/home/emilio/Documentos/Naucalpan_Semanal_Reportes/Periodico/Enero_Mayo/2026-01-01_al_2026-01-15/Twitter/2026-01-01_al_2026-01-15_Twitter/2026-01-01_al_2026-01-15_Twitter_post_institucionales.csv
2026-01-01,2026-01-01_al_2026-01-15_Twitter,gobierno_naucalpan,Gobierno de Naucalpan,twitter,Twitter/X,tweet,@GobNau,@GobNau,,"Guía Ciudadana para el Pago del Impuesto Predial 2026 Tu predial se transforma en obras, servicios y mejores espacios para nuestra comunidad. #AquiGobiernaLaEsperanza #Naucalpan #Predial2026 #TesoreriaMunicipal","Guía Ciudadana para el Pago del Impuesto Predial 2026 Tu predial se transforma en obras, servicios y mejores espacios para nuestra comunidad. #AquiGobiernaLaEsperanza #Naucalpan #Predial2026 #TesoreriaMunicipal",https://x.com/GobNau/status/2010750238424735843,https://x.com/GobNau/status/2010750238424735843,2026-01-12 16:26:29+00:00,2026-01-12,/home/emilio/Documentos/Naucalpan_Semanal_Reportes/Periodico/Enero_Mayo/2026-01-01_al_2026-01-15/Twitter/2026-01-01_al_2026-01-15_Twitter/2026-01-01_al_2026-01-15_Twitter_post_institucionales.csv
2026-01-01,2026-01-01_al_2026-01-15_Facebook,gobierno_naucalpan,Gobierno de Naucalpan,facebook,Facebook,post_facebook,ciudadnaucalpan,Ciudad Naucalpan / Gobierno Municipal 2025-2027.,,"En Ciudad Naucalpan, las celebraciones del Día de Reyes siguen vivas, y seguiremos trabajando para que la esperanza llegue a cada comunidad. Hoy, en la colonia Plan de Ayala 1, celebramos algo más que el Día de Reyes: celebramos el derecho de nuestras niñas y niños a ser felices. Y en Naucalpan las celebraciones del Día de Reyes continúan, llegando a más colonias y comunidades. Desde temprano, las calles de Tierra y Libertad se llenaron de música, color y sonrisas, porque cuando la comunidad se organiza y el gobierno acompaña, la esperanza se vuelve realidad. A través del DIF Municipal trabajamos para que ningún niño ni niña se quedara sin un regalo, sin una sonrisa y sin sentirse olvidado. Ver a las familias reunidas, a las y los pequeños disfrutar del show, de la rosca, de los juegos inflables y de la rifa de bicicletas y triciclos, nos recuerda por qué estamos aquí: para reconstruir el tejido social desde los barrios, con cercanía y con corazón. Porque gobernar con sentido social es estar presentes, honrar nuestras tradiciones y defender el derecho de la niñez a la recreación, a la alegría y a un futuro digno. #AquiGobiernaLaEsperanza #Naucalpan #DIFNaucalpan","En Ciudad Naucalpan, las celebraciones del Día de Reyes siguen vivas, y seguiremos trabajando para que la esperanza llegue a cada comunidad. Hoy, en la colonia Plan de Ayala 1, celebramos algo más que el Día de Reyes: celebramos el derecho de nuestras niñas y niños a ser felices. Y en Naucalpan las celebraciones del Día de Reyes continúan, llegando a más colonias y comunidades. Desde temprano, las calles de Tierra y Libertad se llenaron de música, color y sonrisas, porque cuando la comunidad se organiza y el gobierno acompaña, la esperanza se vuelve realidad. A través del DIF Municipal trabajamos para que ningún niño ni niña se quedara sin un regalo, sin una sonrisa y sin sentirse olvidado. Ver a las familias reunidas, a las y los pequeños disfrutar del show, de la rosca, de los juegos inflables y de la rifa de bicicletas y triciclos, nos recuerda por qué estamos aquí: para reconstruir el tejido social desde los barrios, con cercanía y con corazón. Porque gobernar con sentido social es estar presentes, honrar nuestras tradiciones y defender el derecho de la niñez a la recreación, a la alegría y a un futuro digno. #AquiGobiernaLaEsperanza #Naucalpan #DIFNaucalpan",https://www.facebook.com/CiudadNaucalpan/posts/pfbid02Pa7PNoCaqCF4Goe5E466UCGrWMjPDFEiF9sVzDmDQmX5U9eXLCtyuuDimByvhK5Zl,https://www.facebook.com/CiudadNaucalpan/posts/pfbid02Pa7PNoCaqCF4Goe5E466UCGrWMjPDFEiF9sVzDmDQmX5U9eXLCtyuuDimByvhK5Zl,2026-01-11 17:57:44,2026-01-11,/home/emilio/Documentos/Naucalpan_Semanal_Reportes/Periodico/Enero_Mayo/2026-01-01_al_2026-01-15/Facebook/2026-01-01_al_2026-01-15_Facebook/2026-01-01_al_2026-01-15_Facebook_posts.csv
2026-01-01,2026-01-01_al_2026-01-15_Facebook,gobierno_naucalpan,Gobierno de Naucalpan,facebook,Facebook,post_facebook,ciudadnaucalpan,Ciudad Naucalpan / Gobierno Municipal 2025-2027.,,"Que la ilusión y la esperanza sigan llegando a cada colonia. ✨ Este domingo 11 de enero, acompáñanos en Plan de Ayala I para compartir un momento de alegría con nuestras niñas y niños. #AquiGobiernaLaEsperanza #Naucalpan #DIFNaucalpan","Que la ilusión y la esperanza sigan llegando a cada colonia. ✨ Este domingo 11 de enero, acompáñanos en Plan de Ayala I para compartir un momento de alegría con nuestras niñas y niños. #AquiGobiernaLaEsperanza #Naucalpan #DIFNaucalpan",https://www.facebook.com/CiudadNaucalpan/posts/pfbid0E1sT7UpWngs4eJs3kC1ryjZf22wfmu73CyCitGAvRbmFhBBC5o6Un8S1jLduRwMfl,https://www.facebook.com/CiudadNaucalpan/posts/pfbid0E1sT7UpWngs4eJs3kC1ryjZf22wfmu73CyCitGAvRbmFhBBC5o6Un8S1jLduRwMfl,2026-01-11 11:41:45,2026-01-11,/home/emilio/Documentos/Naucalpan_Semanal_Reportes/Periodico/Enero_Mayo/2026-01-01_al_2026-01-15/Facebook/2026-01-01_al_2026-01-15_Facebook/2026-01-01_al_2026-01-15_Facebook_posts.csv
2026-01-01,2026-01-01_al_2026-01-15_Facebook,gobierno_naucalpan,Gobierno de Naucalpan,facebook,Facebook,post_facebook,ciudadnaucalpan,Ciudad Naucalpan / Gobierno Municipal 2025-2027.,,"Aviso importante | Frente Frío No. 27🚨 Ante las bajas temperaturas (1 a 4 °C) y los vientos fuertes que se prevén en Ciudad Naucalpan, llamamos a la población a abrigarse bien, asegurar objetos y evitar zonas de riesgo. Cuidarnos es una responsabilidad compartida. #AquiGobiernaLaEsperanza #Naucalpan #FrenteFrio","Aviso importante | Frente Frío No. 27🚨 Ante las bajas temperaturas (1 a 4 °C) y los vientos fuertes que se prevén en Ciudad Naucalpan, llamamos a la población a abrigarse bien, asegurar objetos y evitar zonas de riesgo. Cuidarnos es una responsabilidad compartida. #AquiGobiernaLaEsperanza #Naucalpan #FrenteFrio",https://www.facebook.com/CiudadNaucalpan/posts/pfbid02VWT5MosyypDE43NWrEJgjYtKfwJ7xhUjJ54brbJNeYFb1f2RigsrReUV7awhG2KRl,https://www.facebook.com/CiudadNaucalpan/posts/pfbid02VWT5MosyypDE43NWrEJgjYtKfwJ7xhUjJ54brbJNeYFb1f2RigsrReUV7awhG2KRl,2026-01-11 09:03:19,2026-01-11,/home/emilio/Documentos/Naucalpan_Semanal_Reportes/Periodico/Enero_Mayo/2026-01-01_al_2026-01-15/Facebook/2026-01-01_al_2026-01-15_Facebook/2026-01-01_al_2026-01-15_Facebook_posts.csv
2026-01-01,2026-01-01_al_2026-01-15_Facebook,gobierno_naucalpan,Gobierno de Naucalpan,facebook,Facebook,post_facebook,ciudadnaucalpan,Ciudad Naucalpan / Gobierno Municipal 2025-2027.,,"La calidad del aire en la Zona Metropolitana del Valle de México se reporta MALA / ALTA por la presencia de partículas PM2.5, PM10 y ozono. En el Gobierno de Ciudad Naucalpan te recomendamos evitar actividades al aire libre, especialmente si eres parte de la población sensible. #AquiGobiernaLaEsperanza #Naucalpan #CalidadDelAire #MedioAmbiente #Edomex","La calidad del aire en la Zona Metropolitana del Valle de México se reporta MALA / ALTA por la presencia de partículas PM2.5, PM10 y ozono. En el Gobierno de Ciudad Naucalpan te recomendamos evitar actividades al aire libre, especialmente si eres parte de la población sensible. #AquiGobiernaLaEsperanza #Naucalpan #CalidadDelAire #MedioAmbiente #Edomex",https://www.facebook.com/CiudadNaucalpan/posts/pfbid02PGrZTYK6JsiTW69FQbGYU8VVvvXGbMufHRw7f94yQpCWAYTC59W6gFgPGahMrs7Wl,https://www.facebook.com/CiudadNaucalpan/posts/pfbid02PGrZTYK6JsiTW69FQbGYU8VVvvXGbMufHRw7f94yQpCWAYTC59W6gFgPGahMrs7Wl,2026-01-11 04:20:37,2026-01-11,/home/emilio/Documentos/Naucalpan_Semanal_Reportes/Periodico/Enero_Mayo/2026-01-01_al_2026-01-15/Facebook/2026-01-01_al_2026-01-15_Facebook/2026-01-01_al_2026-01-15_Facebook_posts.csv
2026-01-01,2026-01-01_al_2026-01-15_Twitter,gobierno_naucalpan,Gobierno de Naucalpan,twitter,Twitter/X,tweet,@GobNau,@GobNau,,"En Ciudad Naucalpan, las celebraciones del Día de Reyes siguen vivas, y seguiremos trabajando para que la esperanza llegue a cada comunidad. Hoy, en la colonia Plan de Ayala 1, celebramos el derecho de nuestras niñas y niños a ser felices. #AquiGobiernaLaEsperanza","En Ciudad Naucalpan, las celebraciones del Día de Reyes siguen vivas, y seguiremos trabajando para que la esperanza llegue a cada comunidad. Hoy, en la colonia Plan de Ayala 1, celebramos el derecho de nuestras niñas y niños a ser felices. #AquiGobiernaLaEsperanza",https://x.com/GobNau/status/2010501664382324907,https://x.com/GobNau/status/2010501664382324907,2026-01-11 23:58:44+00:00,2026-01-11,/home/emilio/Documentos/Naucalpan_Semanal_Reportes/Periodico/Enero_Mayo/2026-01-01_al_2026-01-15/Twitter/2026-01-01_al_2026-01-15_Twitter/2026-01-01_al_2026-01-15_Twitter_post_institucionales.csv
2026-01-01,2026-01-01_al_2026-01-15_Facebook,gobierno_naucalpan,Gobierno de Naucalpan,facebook,Facebook,post_facebook,ciudadnaucalpan,Ciudad Naucalpan / Gobierno Municipal 2025-2027.,,"El Gobierno de Ciudad Naucalpan, encabezado por el Alcalde Isaac Montoya Márquez, continúa celebrando el Día de Reyes en la cerrada de las Rosas, frente a la escuela primaria Gabriela Mistral, en San Lorenzo Totolinga 1ª Sección, a través del DIF Naucalpan. Familias de la comunidad disfrutaron de una jornada llena de alegría, con espectáculo de payasos y dinámicas interactivas que integraron a vecinas y vecinos de todas las edades. Durante el evento, cada niña y niño recibió un regalo, y se realizaron sorteos de bicicletas y triciclos, entregados personalmente por el Presidente Municipal. Acompañado por la Presidenta Honoraria del Sistema Municipal DIF, así como por autoridades comunitarias, el Alcalde destacó que estas jornadas buscan preservar las tradiciones y fortalecer la convivencia familiar. El encuentro también fue marco para anunciar importantes inversiones en infraestructura local. El presidente municipal señaló que San Lorenzo Totolinga y el Corredor de las Huertas son zonas prioritarias, debido al rezago histórico que presentan, y afirmó que 2026 será el año de la obra pública en San Lorenzo. #AquiGobiernaLaEsperanza #Naucalpan #DíaDeReyes #DIFNaucalpan","El Gobierno de Ciudad Naucalpan, encabezado por el Alcalde Isaac Montoya Márquez, continúa celebrando el Día de Reyes en la cerrada de las Rosas, frente a la escuela primaria Gabriela Mistral, en San Lorenzo Totolinga 1ª Sección, a través del DIF Naucalpan. Familias de la comunidad disfrutaron de una jornada llena de alegría, con espectáculo de payasos y dinámicas interactivas que integraron a vecinas y vecinos de todas las edades. Durante el evento, cada niña y niño recibió un regalo, y se realizaron sorteos de bicicletas y triciclos, entregados personalmente por el Presidente Municipal. Acompañado por la Presidenta Honoraria del Sistema Municipal DIF, así como por autoridades comunitarias, el Alcalde destacó que estas jornadas buscan preservar las tradiciones y fortalecer la convivencia familiar. El encuentro también fue marco para anunciar importantes inversiones en infraestructura local. El presidente municipal señaló que San Lorenzo Totolinga y el Corredor de las Huertas son zonas prioritarias, debido al rezago histórico que presentan, y afirmó que 2026 será el año de la obra pública en San Lorenzo. #AquiGobiernaLaEsperanza #Naucalpan #DíaDeReyes #DIFNaucalpan",https://www.facebook.com/CiudadNaucalpan/posts/pfbid0ZuTTgG5u9w7D2Mw3vpyQYFpDnrctQ6Cgd9oMyVVcgHnpo7KCmbUvmmo3sn4xWe26l,https://www.facebook.com/CiudadNaucalpan/posts/pfbid0ZuTTgG5u9w7D2Mw3vpyQYFpDnrctQ6Cgd9oMyVVcgHnpo7KCmbUvmmo3sn4xWe26l,2026-01-10 18:01:51,2026-01-10,/home/emilio/Documentos/Naucalpan_Semanal_Reportes/Periodico/Enero_Mayo/2026-01-01_al_2026-01-15/Facebook/2026-01-01_al_2026-01-15_Facebook/2026-01-01_al_2026-01-15_Facebook_posts.csv
2026-01-01,2026-01-01_al_2026-01-15_Facebook,gobierno_naucalpan,Gobierno de Naucalpan,facebook,Facebook,post_facebook,ciudadnaucalpan,Ciudad Naucalpan / Gobierno Municipal 2025-2027.,,"El Gobierno Municipal de Ciudad Naucalpan, encabezado por el Presidente Municipal Isaac Montoya, continúa celebrando Día de Reyes, en esta ocasión fue en la colonia Las Huertas 3ª Sección, a través del DIF Naucalpan, reuniendo a cientos de niñas, niños y familias de la comunidad. En la calle Sandía, esquina con Pitaya y Mamey, vecinas y vecinos disfrutaron de una jornada llena de alegría, juegos y convivencia, con un espectáculo de payasos y dinámicas interactivas que fortalecieron el tejido social. Cada niña y niño recibió un regalo, y se realizaron sorteos de bicicletas y triciclos, entregados personalmente por el Presidente Municipal. Durante el encuentro, el Alcalde dio la bienvenida a las familias y compartió las metas estratégicas para 2026, destacando el compromiso de su administración con la seguridad tecnológica y la rehabilitación de vialidades históricamente olvidadas. Entre los principales anuncios, resaltó la instalación de 1,000 cámaras de videovigilancia de alta tecnología, con sistemas de lectura de placas, que serán desplegadas en puntos estratégicos del municipio, priorizando el corredor más poblado de Naucalpan. Asimismo, se informó que el programa de obra pública La Comuna duplicará su alcance este año, para intervenir más calles y espacios recreativos, dando prioridad a avenidas secundarias fundamentales para la movilidad de las colonias. #AquiGobiernaLaEsperanza #Naucalpan #DiaDeReyes #DIFNaucalpan","El Gobierno Municipal de Ciudad Naucalpan, encabezado por el Presidente Municipal Isaac Montoya, continúa celebrando Día de Reyes, en esta ocasión fue en la colonia Las Huertas 3ª Sección, a través del DIF Naucalpan, reuniendo a cientos de niñas, niños y familias de la comunidad. En la calle Sandía, esquina con Pitaya y Mamey, vecinas y vecinos disfrutaron de una jornada llena de alegría, juegos y convivencia, con un espectáculo de payasos y dinámicas interactivas que fortalecieron el tejido social. Cada niña y niño recibió un regalo, y se realizaron sorteos de bicicletas y triciclos, entregados personalmente por el Presidente Municipal. Durante el encuentro, el Alcalde dio la bienvenida a las familias y compartió las metas estratégicas para 2026, destacando el compromiso de su administración con la seguridad tecnológica y la rehabilitación de vialidades históricamente olvidadas. Entre los principales anuncios, resaltó la instalación de 1,000 cámaras de videovigilancia de alta tecnología, con sistemas de lectura de placas, que serán desplegadas en puntos estratégicos del municipio, priorizando el corredor más poblado de Naucalpan. Asimismo, se informó que el programa de obra pública La Comuna duplicará su alcance este año, para intervenir más calles y espacios recreativos, dando prioridad a avenidas secundarias fundamentales para la movilidad de las colonias. #AquiGobiernaLaEsperanza #Naucalpan #DiaDeReyes #DIFNaucalpan",https://www.facebook.com/CiudadNaucalpan/posts/pfbid0aik8znFDJPmE7Mw5JuJUvBkaHyS7C1nPFJAaPpqsWZ3ZQA2JyX333a4YEovcCQCXl,https://www.facebook.com/CiudadNaucalpan/posts/pfbid0aik8znFDJPmE7Mw5JuJUvBkaHyS7C1nPFJAaPpqsWZ3ZQA2JyX333a4YEovcCQCXl,2026-01-10 17:52:28,2026-01-10,/home/emilio/Documentos/Naucalpan_Semanal_Reportes/Periodico/Enero_Mayo/2026-01-01_al_2026-01-15/Facebook/2026-01-01_al_2026-01-15_Facebook/2026-01-01_al_2026-01-15_Facebook_posts.csv
2026-01-01,2026-01-01_al_2026-01-15_Facebook,gobierno_naucalpan,Gobierno de Naucalpan,facebook,Facebook,post_facebook,ciudadnaucalpan,Ciudad Naucalpan / Gobierno Municipal 2025-2027.,,"El Gobierno de Ciudad Naucalpan, a través de la Dirección de Medio Ambiente, pone en marcha la recolección de arbolitos de Navidad en los centros de acopio oficiales.🎄 La ciudadanía podrá acudir de lunes a viernes, de 9:00 a 15:00 horas, para entregar su arbolito y contribuir a su reciclaje y aprovechamiento ambiental. ➡️Te invitamos a consultar la imagen para conocer los puntos de acopio y las indicaciones para una entrega adecuada. Reciclar tu arbolito es cuidar el medio ambiente. 🌱 #AquiGobiernaLaEsperanza #Naucalpan #MedioAmbiente","El Gobierno de Ciudad Naucalpan, a través de la Dirección de Medio Ambiente, pone en marcha la recolección de arbolitos de Navidad en los centros de acopio oficiales.🎄 La ciudadanía podrá acudir de lunes a viernes, de 9:00 a 15:00 horas, para entregar su arbolito y contribuir a su reciclaje y aprovechamiento ambiental. ➡️Te invitamos a consultar la imagen para conocer los puntos de acopio y las indicaciones para una entrega adecuada. Reciclar tu arbolito es cuidar el medio ambiente. 🌱 #AquiGobiernaLaEsperanza #Naucalpan #MedioAmbiente",https://www.facebook.com/CiudadNaucalpan/posts/pfbid038BXzowDHzeT2VQXtaCHizYkVsY6NzGQso3xV4K7fyxiYSHAqL3StucRpML7NHmnBl,https://www.facebook.com/CiudadNaucalpan/posts/pfbid038BXzowDHzeT2VQXtaCHizYkVsY6NzGQso3xV4K7fyxiYSHAqL3StucRpML7NHmnBl,2026-01-10 10:01:36,2026-01-10,/home/emilio/Documentos/Naucalpan_Semanal_Reportes/Periodico/Enero_Mayo/2026-01-01_al_2026-01-15/Facebook/2026-01-01_al_2026-01-15_Facebook/2026-01-01_al_2026-01-15_Facebook_posts.csv
2026-01-01,2026-01-01_al_2026-01-15_Twitter,gobierno_naucalpan,Gobierno de Naucalpan,twitter,Twitter/X,tweet,@GobNau,@GobNau,,"El Gobierno Municipal de Ciudad Naucalpan, encabezado por el Alcalde Isaac Montoya, continúa celebrando Día de Reyes, a través del DIF Naucalpan, reuniendo a cientos de niñas, niños y familias de la comunidad. #AquiGobiernaLaEsperanza #Naucalpan #DiaDeReyes #DIFNaucalpan","El Gobierno Municipal de Ciudad Naucalpan, encabezado por el Alcalde Isaac Montoya, continúa celebrando Día de Reyes, a través del DIF Naucalpan, reuniendo a cientos de niñas, niños y familias de la comunidad. #AquiGobiernaLaEsperanza #Naucalpan #DiaDeReyes #DIFNaucalpan",https://x.com/GobNau/status/2010137997983862926,https://x.com/GobNau/status/2010137997983862926,2026-01-10 23:53:39+00:00,2026-01-10,/home/emilio/Documentos/Naucalpan_Semanal_Reportes/Periodico/Enero_Mayo/2026-01-01_al_2026-01-15/Twitter/2026-01-01_al_2026-01-15_Twitter/2026-01-01_al_2026-01-15_Twitter_post_institucionales.csv
2026-01-01,2026-01-01_al_2026-01-15_Twitter,gobierno_naucalpan,Gobierno de Naucalpan,twitter,Twitter/X,tweet,@GobNau,@GobNau,,"En la Plaza Central del Parque Naucalli, el Gobierno de Ciudad Naucalpan, encabezado por el Alcalde Isaac Montoya, celebró el Día de Reyes con hijas e hijos de la Guardia Municipal, en una jornada de juegos, juguetes, convivencia y comunidad. #AquiGobiernaLaEsperanza #Naucalpan","En la Plaza Central del Parque Naucalli, el Gobierno de Ciudad Naucalpan, encabezado por el Alcalde Isaac Montoya, celebró el Día de Reyes con hijas e hijos de la Guardia Municipal, en una jornada de juegos, juguetes, convivencia y comunidad. #AquiGobiernaLaEsperanza #Naucalpan",https://x.com/GobNau/status/2009840224696680450,https://x.com/GobNau/status/2009840224696680450,2026-01-10 04:10:25+00:00,2026-01-10,/home/emilio/Documentos/Naucalpan_Semanal_Reportes/Periodico/Enero_Mayo/2026-01-01_al_2026-01-15/Twitter/2026-01-01_al_2026-01-15_Twitter/2026-01-01_al_2026-01-15_Twitter_post_institucionales.csv
2026-01-01,2026-01-01_al_2026-01-15_Facebook,gobierno_naucalpan,Gobierno de Naucalpan,facebook,Facebook,post_facebook,ciudadnaucalpan,Ciudad Naucalpan / Gobierno Municipal 2025-2027.,,"En la Plaza Central del Parque Naucalli, el Gobierno de Ciudad Naucalpan, encabezado por el Presidente Municipal Isaac Montoya, festejó a cientos de niñas y niños en una jornada llena de alegría, juegos y convivencia. Este encuentro estuvo dedicado a hijas e hijos de elementos de la Guardia Municipal, como un reconocimiento a madres y padres que todos los días cuidan la seguridad de las familias naucalpenses. Con el acompañamiento del DIF Municipal, las y los pequeños disfrutaron de bailes, actividades recreativas, juguetes y la emoción de la rifa de bicicletas. Durante el festejo, también se celebró el talento del grupo Reversible, niñas y niños que, a través de la música, recuerdan que la inclusión y el arte fortalecen a la comunidad. #AquiGobiernaLaEsperanza #Naucalpan #DíaDeReyes #GobiernoCercano #Comunidad #DIFNaucalpan #GuardiaMunicipal","En la Plaza Central del Parque Naucalli, el Gobierno de Ciudad Naucalpan, encabezado por el Presidente Municipal Isaac Montoya, festejó a cientos de niñas y niños en una jornada llena de alegría, juegos y convivencia. Este encuentro estuvo dedicado a hijas e hijos de elementos de la Guardia Municipal, como un reconocimiento a madres y padres que todos los días cuidan la seguridad de las familias naucalpenses. Con el acompañamiento del DIF Municipal, las y los pequeños disfrutaron de bailes, actividades recreativas, juguetes y la emoción de la rifa de bicicletas. Durante el festejo, también se celebró el talento del grupo Reversible, niñas y niños que, a través de la música, recuerdan que la inclusión y el arte fortalecen a la comunidad. #AquiGobiernaLaEsperanza #Naucalpan #DíaDeReyes #GobiernoCercano #Comunidad #DIFNaucalpan #GuardiaMunicipal",https://www.facebook.com/CiudadNaucalpan/posts/pfbid02vN2LP2P4TcmT779vPLzYfATinVFKMSWaTVqYMot9aWTH7jWQyUTtTXRDzHZFHtJbl,https://www.facebook.com/CiudadNaucalpan/posts/pfbid02vN2LP2P4TcmT779vPLzYfATinVFKMSWaTVqYMot9aWTH7jWQyUTtTXRDzHZFHtJbl,2026-01-09 22:10:38,2026-01-09,/home/emilio/Documentos/Naucalpan_Semanal_Reportes/Periodico/Enero_Mayo/2026-01-01_al_2026-01-15/Facebook/2026-01-01_al_2026-01-15_Facebook/2026-01-01_al_2026-01-15_Facebook_posts.csv
2026-01-01,2026-01-01_al_2026-01-15_Facebook,gobierno_naucalpan,Gobierno de Naucalpan,facebook,Facebook,post_facebook,ciudadnaucalpan,Ciudad Naucalpan / Gobierno Municipal 2025-2027.,,"El Gobierno de Ciudad Naucalpan encabezado por el Alcalde Isaac Montoya, realizó la entrega de juguetes a niñas y niños de nuestros elementos de la Guardia Municipal, reafirmando el compromiso de construir bienestar, alegría y entornos de cuidado para la niñez. Cada juguete entregado representa un mensaje claro: en Ciudad Naucalpan, las infancias importan y son una prioridad en la construcción de un futuro más justo. Desde el Gobierno de Ciudad Naucalpan seguimos trabajando con cercanía y compromiso permanente para que ninguna niña ni ningún niño se quede fuera. #AquiGobiernaLaEsperanza #Naucalpan #DIFNaucalpan #GuardiaMunicipal","El Gobierno de Ciudad Naucalpan encabezado por el Alcalde Isaac Montoya, realizó la entrega de juguetes a niñas y niños de nuestros elementos de la Guardia Municipal, reafirmando el compromiso de construir bienestar, alegría y entornos de cuidado para la niñez. Cada juguete entregado representa un mensaje claro: en Ciudad Naucalpan, las infancias importan y son una prioridad en la construcción de un futuro más justo. Desde el Gobierno de Ciudad Naucalpan seguimos trabajando con cercanía y compromiso permanente para que ninguna niña ni ningún niño se quede fuera. #AquiGobiernaLaEsperanza #Naucalpan #DIFNaucalpan #GuardiaMunicipal",https://www.facebook.com/CiudadNaucalpan/posts/pfbid0pzLbtbdLV8jYc7W61qiz4F2z8acpdy6UQx6nNg1gmzuNJZqakWzjVtLo6ewMDx1Yl,https://www.facebook.com/CiudadNaucalpan/posts/pfbid0pzLbtbdLV8jYc7W61qiz4F2z8acpdy6UQx6nNg1gmzuNJZqakWzjVtLo6ewMDx1Yl,2026-01-09 20:13:35,2026-01-09,/home/emilio/Documentos/Naucalpan_Semanal_Reportes/Periodico/Enero_Mayo/2026-01-01_al_2026-01-15/Facebook/2026-01-01_al_2026-01-15_Facebook/2026-01-01_al_2026-01-15_Facebook_posts.csv
2026-01-01,2026-01-01_al_2026-01-15_Facebook,gobierno_naucalpan,Gobierno de Naucalpan,facebook,Facebook,post_facebook,ciudadnaucalpan,Ciudad Naucalpan / Gobierno Municipal 2025-2027.,,"Guía Ciudadana para el Pago del Impuesto Predial 2026🧾🏠 En el Gobierno de Ciudad Naucalpan trabajamos para que cada trámite sea más claro, sencillo y accesible para todas y todos. 👉Consulta en las imágenes la guía completa con los requisitos, opciones de pago y descuentos vigentes, y realiza tu contribución de forma fácil y sin contratiempos. Tu predial se transforma en obras, servicios y mejores espacios para nuestra comunidad. #AquiGobiernaLaEsperanza #Naucalpan #Predial2026 #TesoreriaMunicipal","Guía Ciudadana para el Pago del Impuesto Predial 2026🧾🏠 En el Gobierno de Ciudad Naucalpan trabajamos para que cada trámite sea más claro, sencillo y accesible para todas y todos. 👉Consulta en las imágenes la guía completa con los requisitos, opciones de pago y descuentos vigentes, y realiza tu contribución de forma fácil y sin contratiempos. Tu predial se transforma en obras, servicios y mejores espacios para nuestra comunidad. #AquiGobiernaLaEsperanza #Naucalpan #Predial2026 #TesoreriaMunicipal",https://www.facebook.com/CiudadNaucalpan/posts/pfbid0NF1WawFrqPYAouvdGUTR6CeUfgkeD6mProqLftRFoDZTPeSuoAW3raxRVYR9VGGgl,https://www.facebook.com/CiudadNaucalpan/posts/pfbid0NF1WawFrqPYAouvdGUTR6CeUfgkeD6mProqLftRFoDZTPeSuoAW3raxRVYR9VGGgl,2026-01-09 14:11:08,2026-01-09,/home/emilio/Documentos/Naucalpan_Semanal_Reportes/Periodico/Enero_Mayo/2026-01-01_al_2026-01-15/Facebook/2026-01-01_al_2026-01-15_Facebook/2026-01-01_al_2026-01-15_Facebook_posts.csv
2026-01-01,2026-01-01_al_2026-01-15_Facebook,gobierno_naucalpan,Gobierno de Naucalpan,facebook,Facebook,post_facebook,ciudadnaucalpan,Ciudad Naucalpan / Gobierno Municipal 2025-2027.,,"Día de Reyes en Ciudad Naucalpan ✨👑 La magia del Día de Reyes se vivió en grande. Más de 6 mil niñas y niños celebraron esta tradición tan especial en el Parque Revolución, Izcalli Chamapa, Santiago Tepatlaxco y San Mateo Nopala. Estos festejos fueron organizados por el Ayuntamiento de Naucalpan, a través del Sistema DIF Municipal, con el objetivo de fortalecer el tejido social y preservar nuestras tradiciones mexicanas, llevando alegría, ilusión y esperanza a las familias naucalpenses. Aquí gobierna la esperanza. #AquiGobiernaLaEsperanza #Naucalpan #DIFNaucalpan #DiaDeReyes","Día de Reyes en Ciudad Naucalpan ✨👑 La magia del Día de Reyes se vivió en grande. Más de 6 mil niñas y niños celebraron esta tradición tan especial en el Parque Revolución, Izcalli Chamapa, Santiago Tepatlaxco y San Mateo Nopala. Estos festejos fueron organizados por el Ayuntamiento de Naucalpan, a través del Sistema DIF Municipal, con el objetivo de fortalecer el tejido social y preservar nuestras tradiciones mexicanas, llevando alegría, ilusión y esperanza a las familias naucalpenses. Aquí gobierna la esperanza. #AquiGobiernaLaEsperanza #Naucalpan #DIFNaucalpan #DiaDeReyes",https://www.facebook.com/reel/1207827024203439/,https://www.facebook.com/reel/1207827024203439/,2026-01-09 13:22:33,2026-01-09,/home/emilio/Documentos/Naucalpan_Semanal_Reportes/Periodico/Enero_Mayo/2026-01-01_al_2026-01-15/Facebook/2026-01-01_al_2026-01-15_Facebook/2026-01-01_al_2026-01-15_Facebook_posts.csv
2026-01-01,2026-01-01_al_2026-01-15_Facebook,gobierno_naucalpan,Gobierno de Naucalpan,facebook,Facebook,post_facebook,ciudadnaucalpan,Ciudad Naucalpan / Gobierno Municipal 2025-2027.,,"Desde el Gobierno de Ciudad Naucalpan te invitamos a aprovechar los descuentos vigentes en el pago del Predial y Agua 2026. 💳🏡 Contribuir a tiempo fortalece los servicios públicos y permite seguir invirtiendo en obras y bienestar para nuestras comunidades. 📍 Consulta en la imagen los descuentos, sedes de pago, horarios y la opción de pago en línea. Seguimos trabajando con responsabilidad, transparencia y cercanía para todas y todos. #AquiGobiernaLaEsperanza #Naucalpan #Predial2026 #TesoreriaMunicipal","Desde el Gobierno de Ciudad Naucalpan te invitamos a aprovechar los descuentos vigentes en el pago del Predial y Agua 2026. 💳🏡 Contribuir a tiempo fortalece los servicios públicos y permite seguir invirtiendo en obras y bienestar para nuestras comunidades. 📍 Consulta en la imagen los descuentos, sedes de pago, horarios y la opción de pago en línea. Seguimos trabajando con responsabilidad, transparencia y cercanía para todas y todos. #AquiGobiernaLaEsperanza #Naucalpan #Predial2026 #TesoreriaMunicipal",https://www.facebook.com/CiudadNaucalpan/posts/pfbid0VDrKCzRJTeCrteKNtr3iF8EkGD4nWa71x7bsemtoULy3MrMw8KzbA1MXv795Mnxtl,https://www.facebook.com/CiudadNaucalpan/posts/pfbid0VDrKCzRJTeCrteKNtr3iF8EkGD4nWa71x7bsemtoULy3MrMw8KzbA1MXv795Mnxtl,2026-01-09 12:51:29,2026-01-09,/home/emilio/Documentos/Naucalpan_Semanal_Reportes/Periodico/Enero_Mayo/2026-01-01_al_2026-01-15/Facebook/2026-01-01_al_2026-01-15_Facebook/2026-01-01_al_2026-01-15_Facebook_posts.csv
2026-01-01,2026-01-01_al_2026-01-15_Facebook,gobierno_naucalpan,Gobierno de Naucalpan,facebook,Facebook,post_facebook,ciudadnaucalpan,Ciudad Naucalpan / Gobierno Municipal 2025-2027.,,"Convocatoria abierta para personas voluntarias en educación📣 El Gobierno de Ciudad Naucalpan informa que el Instituto Nacional para la Educación de los Adultos (INEA), en coordinación con el IEEA Estado de México, convoca a personas interesadas en participar como Personas Voluntarias con Subsidio (PVS) para apoyar acciones de alfabetización, primaria y secundaria dirigidas a personas de 15 años o más en situación de rezago educativo. Esta convocatoria representa una oportunidad para contribuir al derecho a la educación, fortalecer el aprendizaje en las comunidades y acompañar a quienes buscan concluir sus estudios básicos. El proceso contempla distintas etapas, entre ellas🗂️ : Atención al rezago educativo por territorio Registro y entrega de documentación Formación inicial Incorporación al padrón de personas voluntarias Inicio de actividades Las fechas, requisitos, sedes y lineamientos específicos pueden consultarse directamente en la convocatoria y en el sitio oficial: 👉 https://f.mtr.cool/gtyalcqbnl #AquiGobiernaLaEsperanza #Naucalpan #EducacionParaTodasYTodos","Convocatoria abierta para personas voluntarias en educación📣 El Gobierno de Ciudad Naucalpan informa que el Instituto Nacional para la Educación de los Adultos (INEA), en coordinación con el IEEA Estado de México, convoca a personas interesadas en participar como Personas Voluntarias con Subsidio (PVS) para apoyar acciones de alfabetización, primaria y secundaria dirigidas a personas de 15 años o más en situación de rezago educativo. Esta convocatoria representa una oportunidad para contribuir al derecho a la educación, fortalecer el aprendizaje en las comunidades y acompañar a quienes buscan concluir sus estudios básicos. El proceso contempla distintas etapas, entre ellas🗂️ : Atención al rezago educativo por territorio Registro y entrega de documentación Formación inicial Incorporación al padrón de personas voluntarias Inicio de actividades Las fechas, requisitos, sedes y lineamientos específicos pueden consultarse directamente en la convocatoria y en el sitio oficial: 👉 https://f.mtr.cool/gtyalcqbnl #AquiGobiernaLaEsperanza #Naucalpan #EducacionParaTodasYTodos",https://www.facebook.com/CiudadNaucalpan/posts/pfbid02SBoa6JXYLUopoUdBun8RkEhLkXr2gQDBbDV6Uq1gKSK5fRuSUeQcMT9XzuPec4dCl,https://www.facebook.com/CiudadNaucalpan/posts/pfbid02SBoa6JXYLUopoUdBun8RkEhLkXr2gQDBbDV6Uq1gKSK5fRuSUeQcMT9XzuPec4dCl,2026-01-09 10:02:58,2026-01-09,/home/emilio/Documentos/Naucalpan_Semanal_Reportes/Periodico/Enero_Mayo/2026-01-01_al_2026-01-15/Facebook/2026-01-01_al_2026-01-15_Facebook/2026-01-01_al_2026-01-15_Facebook_posts.csv
2026-01-01,2026-01-01_al_2026-01-15_Facebook,gobierno_naucalpan,Gobierno de Naucalpan,facebook,Facebook,post_facebook,ciudadnaucalpan,Ciudad Naucalpan / Gobierno Municipal 2025-2027.,,"Avance del 53% en la Línea 3 del Mexicable🚋 El Gobierno de Ciudad Naucalpan informa que la Línea 3 del Mexicable registra un avance del 53%, una obra estratégica que impulsa la justicia social en movimiento, al reducir tiempos de traslado, mejorar la seguridad y dignificar la movilidad de miles de familias de las zonas altas del municipio. Esta acción es resultado del trabajo coordinado entre el Gobierno Municipal, encabezado por el Presidente Municipal Isaac Montoya, y el Gobierno del Estado de México, bajo el liderazgo de la Gobernadora Delfina Gómez Álvarez, para garantizar que el transporte público sea un derecho y no un privilegio. La Línea 3 del Mexicable conectará comunidades históricamente olvidadas, acercando oportunidades, servicios y bienestar, y reafirma el compromiso de que las grandes obras lleguen primero a quienes más lo necesitan. Seguimos trabajando para transformar la movilidad y mejorar la calidad de vida en Ciudad Naucalpan. #AquiGobiernaLaEsperanza #Naucalpan #EdoMex #Mexicable #Linea3","Avance del 53% en la Línea 3 del Mexicable🚋 El Gobierno de Ciudad Naucalpan informa que la Línea 3 del Mexicable registra un avance del 53%, una obra estratégica que impulsa la justicia social en movimiento, al reducir tiempos de traslado, mejorar la seguridad y dignificar la movilidad de miles de familias de las zonas altas del municipio. Esta acción es resultado del trabajo coordinado entre el Gobierno Municipal, encabezado por el Presidente Municipal Isaac Montoya, y el Gobierno del Estado de México, bajo el liderazgo de la Gobernadora Delfina Gómez Álvarez, para garantizar que el transporte público sea un derecho y no un privilegio. La Línea 3 del Mexicable conectará comunidades históricamente olvidadas, acercando oportunidades, servicios y bienestar, y reafirma el compromiso de que las grandes obras lleguen primero a quienes más lo necesitan. Seguimos trabajando para transformar la movilidad y mejorar la calidad de vida en Ciudad Naucalpan. #AquiGobiernaLaEsperanza #Naucalpan #EdoMex #Mexicable #Linea3",https://www.facebook.com/reel/2383534572076347/,https://www.facebook.com/reel/2383534572076347/,2026-01-09 09:31:15,2026-01-09,/home/emilio/Documentos/Naucalpan_Semanal_Reportes/Periodico/Enero_Mayo/2026-01-01_al_2026-01-15/Facebook/2026-01-01_al_2026-01-15_Facebook/2026-01-01_al_2026-01-15_Facebook_posts.csv
2026-01-01,2026-01-01_al_2026-01-15_Facebook,gobierno_naucalpan,Gobierno de Naucalpan,facebook,Facebook,post_facebook,ciudadnaucalpan,Ciudad Naucalpan / Gobierno Municipal 2025-2027.,,Atención Ciudad Naucalpan. #AquiGobiernaLaEsperanza #Naucalpan #EdoMex,Atención Ciudad Naucalpan. #AquiGobiernaLaEsperanza #Naucalpan #EdoMex,https://www.facebook.com/CiudadNaucalpan/posts/pfbid0dZS6GQPMHFzormwtmfcuxjvAbKvudPttUqCs3UZRfYbmAGX4z6BqFu8ogqHsHSxtl,https://www.facebook.com/CiudadNaucalpan/posts/pfbid0dZS6GQPMHFzormwtmfcuxjvAbKvudPttUqCs3UZRfYbmAGX4z6BqFu8ogqHsHSxtl,2026-01-08 18:54:10,2026-01-08,/home/emilio/Documentos/Naucalpan_Semanal_Reportes/Periodico/Enero_Mayo/2026-01-01_al_2026-01-15/Facebook/2026-01-01_al_2026-01-15_Facebook/2026-01-01_al_2026-01-15_Facebook_posts.csv
2026-01-01,2026-01-01_al_2026-01-15_Facebook,gobierno_naucalpan,Gobierno de Naucalpan,facebook,Facebook,post_facebook,ciudadnaucalpan,Ciudad Naucalpan / Gobierno Municipal 2025-2027.,,"Convocatoria abierta para personas voluntarias en educación📣 El Gobierno de Ciudad Naucalpan informa que el Instituto Nacional para la Educación de los Adultos (INEA), en coordinación con el IEEA Estado de México, convoca a personas interesadas en participar como Personas Voluntarias con Subsidio (PVS) para apoyar acciones de alfabetización, primaria y secundaria dirigidas a personas de 15 años o más en situación de rezago educativo. Esta convocatoria representa una oportunidad para contribuir al derecho a la educación, fortalecer el aprendizaje en las comunidades y acompañar a quienes buscan concluir sus estudios básicos. El proceso contempla distintas etapas, entre ellas🗂️ : Atención al rezago educativo por territorio Registro y entrega de documentación Formación inicial Incorporación al padrón de personas voluntarias Inicio de actividades Las fechas, requisitos, sedes y lineamientos específicos pueden consultarse directamente en la convocatoria y en el sitio oficial: 👉 https://f.mtr.cool/gtyalcqbnl #AquiGobiernaLaEsperanza #Naucalpan #EducacionParaTodasYTodos","Convocatoria abierta para personas voluntarias en educación📣 El Gobierno de Ciudad Naucalpan informa que el Instituto Nacional para la Educación de los Adultos (INEA), en coordinación con el IEEA Estado de México, convoca a personas interesadas en participar como Personas Voluntarias con Subsidio (PVS) para apoyar acciones de alfabetización, primaria y secundaria dirigidas a personas de 15 años o más en situación de rezago educativo. Esta convocatoria representa una oportunidad para contribuir al derecho a la educación, fortalecer el aprendizaje en las comunidades y acompañar a quienes buscan concluir sus estudios básicos. El proceso contempla distintas etapas, entre ellas🗂️ : Atención al rezago educativo por territorio Registro y entrega de documentación Formación inicial Incorporación al padrón de personas voluntarias Inicio de actividades Las fechas, requisitos, sedes y lineamientos específicos pueden consultarse directamente en la convocatoria y en el sitio oficial: 👉 https://f.mtr.cool/gtyalcqbnl #AquiGobiernaLaEsperanza #Naucalpan #EducacionParaTodasYTodos",https://www.facebook.com/CiudadNaucalpan/posts/pfbid0aAxtboco9Jy9cHwvce9McTMCYPtFGwHHZgQTQZmZKUM6zFs64wykvAf2ivCPbn3wl,https://www.facebook.com/CiudadNaucalpan/posts/pfbid0aAxtboco9Jy9cHwvce9McTMCYPtFGwHHZgQTQZmZKUM6zFs64wykvAf2ivCPbn3wl,2026-01-08 15:38:37,2026-01-08,/home/emilio/Documentos/Naucalpan_Semanal_Reportes/Periodico/Enero_Mayo/2026-01-01_al_2026-01-15/Facebook/2026-01-01_al_2026-01-15_Facebook/2026-01-01_al_2026-01-15_Facebook_posts.csv
2026-01-01,2026-01-01_al_2026-01-15_Facebook,gobierno_naucalpan,Gobierno de Naucalpan,facebook,Facebook,post_facebook,ciudadnaucalpan,Ciudad Naucalpan / Gobierno Municipal 2025-2027.,,"El Gobierno de Ciudad Naucalpan arrancó el 2026 reforzando los servicios públicos con un operativo integral de limpieza en vialidades principales, donde se intervinieron más de 5 kilómetros y se recolectaron más de 2 toneladas de residuos. Tan solo en la última quincena de 2025, se logró la recolección de 9 mil 674 toneladas de desechos en comunidades del municipio, reflejo del trabajo permanente para mejorar la imagen urbana y la movilidad. Con barrido manual y automático en zonas de alto tránsito como Lomas Verdes, Ciudad Satélite y el Boulevard Manuel Ávila Camacho, Ciudad Naucalpan reafirma su compromiso de brindar servicios públicos eficientes, espacios limpios y vialidades seguras para todas y todos. #AquiGobiernaLaEsperanza #Naucalpan #ServiciosPublicos","El Gobierno de Ciudad Naucalpan arrancó el 2026 reforzando los servicios públicos con un operativo integral de limpieza en vialidades principales, donde se intervinieron más de 5 kilómetros y se recolectaron más de 2 toneladas de residuos. Tan solo en la última quincena de 2025, se logró la recolección de 9 mil 674 toneladas de desechos en comunidades del municipio, reflejo del trabajo permanente para mejorar la imagen urbana y la movilidad. Con barrido manual y automático en zonas de alto tránsito como Lomas Verdes, Ciudad Satélite y el Boulevard Manuel Ávila Camacho, Ciudad Naucalpan reafirma su compromiso de brindar servicios públicos eficientes, espacios limpios y vialidades seguras para todas y todos. #AquiGobiernaLaEsperanza #Naucalpan #ServiciosPublicos",https://www.facebook.com/reel/895492803066655/,https://www.facebook.com/reel/895492803066655/,2026-01-08 11:37:25,2026-01-08,/home/emilio/Documentos/Naucalpan_Semanal_Reportes/Periodico/Enero_Mayo/2026-01-01_al_2026-01-15/Facebook/2026-01-01_al_2026-01-15_Facebook/2026-01-01_al_2026-01-15_Facebook_posts.csv
2026-01-01,2026-01-01_al_2026-01-15_Facebook,gobierno_naucalpan,Gobierno de Naucalpan,facebook,Facebook,post_facebook,ciudadnaucalpan,Ciudad Naucalpan / Gobierno Municipal 2025-2027.,,"Desde el Gobierno de Ciudad Naucalpan te invitamos a aprovechar los descuentos vigentes en el pago del Predial y Agua 2026. 💳🏡 Contribuir a tiempo fortalece los servicios públicos y permite seguir invirtiendo en obras y bienestar para nuestras comunidades. 📍 Consulta en la imagen los descuentos, sedes de pago, horarios y la opción de pago en línea. Seguimos trabajando con responsabilidad, transparencia y cercanía para todas y todos. #AquiGobiernaLaEsperanza #Naucalpan #Predial2026 #TesoreriaMunicipal","Desde el Gobierno de Ciudad Naucalpan te invitamos a aprovechar los descuentos vigentes en el pago del Predial y Agua 2026. 💳🏡 Contribuir a tiempo fortalece los servicios públicos y permite seguir invirtiendo en obras y bienestar para nuestras comunidades. 📍 Consulta en la imagen los descuentos, sedes de pago, horarios y la opción de pago en línea. Seguimos trabajando con responsabilidad, transparencia y cercanía para todas y todos. #AquiGobiernaLaEsperanza #Naucalpan #Predial2026 #TesoreriaMunicipal",https://www.facebook.com/CiudadNaucalpan/posts/pfbid02fF4o2NDhp2sX4uzpB9t8zWRySgsXzSU2bLQ5rme9PfnLSHkpTxTJvKjqrc9PsBijl,https://www.facebook.com/CiudadNaucalpan/posts/pfbid02fF4o2NDhp2sX4uzpB9t8zWRySgsXzSU2bLQ5rme9PfnLSHkpTxTJvKjqrc9PsBijl,2026-01-08 09:03:06,2026-01-08,/home/emilio/Documentos/Naucalpan_Semanal_Reportes/Periodico/Enero_Mayo/2026-01-01_al_2026-01-15/Facebook/2026-01-01_al_2026-01-15_Facebook/2026-01-01_al_2026-01-15_Facebook_posts.csv
2026-01-01,2026-01-01_al_2026-01-15_Facebook,gobierno_naucalpan,Gobierno de Naucalpan,facebook,Facebook,post_facebook,ciudadnaucalpan,Ciudad Naucalpan / Gobierno Municipal 2025-2027.,,"Ven a divertirte en la Pista de Hielo del Palacio Municipal ❄️⛸️ Un espacio para compartir, reír y crear momentos inolvidables en familia. ✨ Totalmente gratis. 👉Te esperamos de lunes a domingo, de 11:00 a.m. a 9:00 p.m. ¡No te lo puedes perder! #AquiGobiernaLaEsperanza #Naucalpan #navidad2025 #PistaDehielo","Ven a divertirte en la Pista de Hielo del Palacio Municipal ❄️⛸️ Un espacio para compartir, reír y crear momentos inolvidables en familia. ✨ Totalmente gratis. 👉Te esperamos de lunes a domingo, de 11:00 a.m. a 9:00 p.m. ¡No te lo puedes perder! #AquiGobiernaLaEsperanza #Naucalpan #navidad2025 #PistaDehielo",https://www.facebook.com/CiudadNaucalpan/posts/pfbid06ai5oM8HastMJdieo7nQJxv1jcXz6gXHHE5s3oSpinASkSq2PbpyzfvprNhAVpzdl,https://www.facebook.com/CiudadNaucalpan/posts/pfbid06ai5oM8HastMJdieo7nQJxv1jcXz6gXHHE5s3oSpinASkSq2PbpyzfvprNhAVpzdl,2026-01-08 09:01:51,2026-01-08,/home/emilio/Documentos/Naucalpan_Semanal_Reportes/Periodico/Enero_Mayo/2026-01-01_al_2026-01-15/Facebook/2026-01-01_al_2026-01-15_Facebook/2026-01-01_al_2026-01-15_Facebook_posts.csv
2026-01-01,2026-01-01_al_2026-01-15_Facebook,gobierno_naucalpan,Gobierno de Naucalpan,facebook,Facebook,post_facebook,ciudadnaucalpan,Ciudad Naucalpan / Gobierno Municipal 2025-2027.,,"La pista de hielo en el Parque La Hormiga te espera⛸️✨ El Gobierno de Ciudad Naucalpan invita a todas las familias a disfrutar de la pista de hielo en el Parque La Hormiga, un espacio para convivir, compartir y vivir la temporada decembrina en comunidad. 🗓 Del 20 de diciembre al 20 de enero 📍 Parque La Hormiga Valle Dorado. Desde las 12:30 hrs. Recuperemos el espacio público con alegría, encuentro y convivencia familiar. Porque cuando la ciudad se disfruta juntas y juntos, la esperanza también se fortalece. ✨ #AquiGobiernaLaEsperanza #Naucalpan #Navidad","La pista de hielo en el Parque La Hormiga te espera⛸️✨ El Gobierno de Ciudad Naucalpan invita a todas las familias a disfrutar de la pista de hielo en el Parque La Hormiga, un espacio para convivir, compartir y vivir la temporada decembrina en comunidad. 🗓 Del 20 de diciembre al 20 de enero 📍 Parque La Hormiga Valle Dorado. Desde las 12:30 hrs. Recuperemos el espacio público con alegría, encuentro y convivencia familiar. Porque cuando la ciudad se disfruta juntas y juntos, la esperanza también se fortalece. ✨ #AquiGobiernaLaEsperanza #Naucalpan #Navidad",https://www.facebook.com/CiudadNaucalpan/posts/pfbid0EXuMPDNY69jirLUiC6rpbSJRP4r2fjbPsqJG7zVmJoYtmH51cRWXuBWDMUA1dFDml,https://www.facebook.com/CiudadNaucalpan/posts/pfbid0EXuMPDNY69jirLUiC6rpbSJRP4r2fjbPsqJG7zVmJoYtmH51cRWXuBWDMUA1dFDml,2026-01-08 08:30:32,2026-01-08,/home/emilio/Documentos/Naucalpan_Semanal_Reportes/Periodico/Enero_Mayo/2026-01-01_al_2026-01-15/Facebook/2026-01-01_al_2026-01-15_Facebook/2026-01-01_al_2026-01-15_Facebook_posts.csv
2026-01-01,2026-01-01_al_2026-01-15_Facebook,gobierno_naucalpan,Gobierno de Naucalpan,facebook,Facebook,post_facebook,ciudadnaucalpan,Ciudad Naucalpan / Gobierno Municipal 2025-2027.,,"El Gobierno de Ciudad Naucalpan, encabezado por el Alcalde Isaac Montoya, celebró el Día de Reyes en la cancha de fútbol de Santiago Tepatlaxco, a través del DIF Municipal, reuniendo a niñas, niños y familias de la zona alta del municipio en una jornada de convivencia y tradición.👑👑👑 Durante el festejo, las y los asistentes disfrutaron de juegos mecánicos, un show de payasos y actividades recreativas. Cada niña y cada niño recibió un regalo, además de participar en sorteos de bicicletas y triciclos, reforzando el derecho al juego y a una infancia digna. Con acciones que fortalecen la unidad comunitaria y el tejido social, el Gobierno de Ciudad Naucalpan refrenda su compromiso de preservar las tradiciones y trabajar por el bienestar de la niñez naucalpense. #AquiGobiernaLaEsperanza #Naucalpan #DiaDeReyes #DIFNaucalpan #InfanciaConDerechos","El Gobierno de Ciudad Naucalpan, encabezado por el Alcalde Isaac Montoya, celebró el Día de Reyes en la cancha de fútbol de Santiago Tepatlaxco, a través del DIF Municipal, reuniendo a niñas, niños y familias de la zona alta del municipio en una jornada de convivencia y tradición.👑👑👑 Durante el festejo, las y los asistentes disfrutaron de juegos mecánicos, un show de payasos y actividades recreativas. Cada niña y cada niño recibió un regalo, además de participar en sorteos de bicicletas y triciclos, reforzando el derecho al juego y a una infancia digna. Con acciones que fortalecen la unidad comunitaria y el tejido social, el Gobierno de Ciudad Naucalpan refrenda su compromiso de preservar las tradiciones y trabajar por el bienestar de la niñez naucalpense. #AquiGobiernaLaEsperanza #Naucalpan #DiaDeReyes #DIFNaucalpan #InfanciaConDerechos",https://www.facebook.com/CiudadNaucalpan/posts/pfbid0dnKYsZ5rfgNNvQW1FDoHqbuwgbUG86bsJGqJq9DA1QGU2nAannbyBJPqN2FDoNc4l,https://www.facebook.com/CiudadNaucalpan/posts/pfbid0dnKYsZ5rfgNNvQW1FDoHqbuwgbUG86bsJGqJq9DA1QGU2nAannbyBJPqN2FDoNc4l,2026-01-08 00:13:32,2026-01-08,/home/emilio/Documentos/Naucalpan_Semanal_Reportes/Periodico/Enero_Mayo/2026-01-01_al_2026-01-15/Facebook/2026-01-01_al_2026-01-15_Facebook/2026-01-01_al_2026-01-15_Facebook_posts.csv
2026-01-01,2026-01-01_al_2026-01-15_Facebook,gobierno_naucalpan,Gobierno de Naucalpan,facebook,Facebook,post_facebook,guardiamunicipalciudadnaucalpan,Guardia Municipal Ciudad Naucalpan,,Comunicado oficial. #AquiGobiernaLaEsperanza #Naucalpan #GuardiaMunicipal,Comunicado oficial. #AquiGobiernaLaEsperanza #Naucalpan #GuardiaMunicipal,https://www.facebook.com/GuardiaMunicipalCiudadNaucalpan/posts/pfbid02Ee8LjYVXaEDY2kQayKiS59PkfxWQpVoq12aCoUTzBmpDjmTydt8adDyvSNvnrThGl,https://www.facebook.com/GuardiaMunicipalCiudadNaucalpan/posts/pfbid02Ee8LjYVXaEDY2kQayKiS59PkfxWQpVoq12aCoUTzBmpDjmTydt8adDyvSNvnrThGl,2026-01-08 23:30:57,2026-01-08,/home/emilio/Documentos/Naucalpan_Semanal_Reportes/Periodico/Enero_Mayo/2026-01-01_al_2026-01-15/Facebook/2026-01-01_al_2026-01-15_Facebook/2026-01-01_al_2026-01-15_Facebook_posts.csv
2026-01-01,2026-01-01_al_2026-01-15_Facebook,gobierno_naucalpan,Gobierno de Naucalpan,facebook,Facebook,post_facebook,guardiamunicipalciudadnaucalpan,Guardia Municipal Ciudad Naucalpan,,Comunicado oficial. #AquiGobiernaLaEsperanza #GuardiaMunicipal #Naucalpan,Comunicado oficial. #AquiGobiernaLaEsperanza #GuardiaMunicipal #Naucalpan,https://www.facebook.com/GuardiaMunicipalCiudadNaucalpan/posts/pfbid029LNaZC1Xb91fCjSf7ukdnaEd8aa4Adk1NAQS9KmWkMQtrmQhVdgqF3hj2AN9MKQfl,https://www.facebook.com/GuardiaMunicipalCiudadNaucalpan/posts/pfbid029LNaZC1Xb91fCjSf7ukdnaEd8aa4Adk1NAQS9KmWkMQtrmQhVdgqF3hj2AN9MKQfl,2026-01-08 16:37:21,2026-01-08,/home/emilio/Documentos/Naucalpan_Semanal_Reportes/Periodico/Enero_Mayo/2026-01-01_al_2026-01-15/Facebook/2026-01-01_al_2026-01-15_Facebook/2026-01-01_al_2026-01-15_Facebook_posts.csv
2026-01-01,2026-01-01_al_2026-01-15_Twitter,gobierno_naucalpan,Gobierno de Naucalpan,twitter,Twitter/X,tweet,@GobNau,@GobNau,,Desde el Gobierno de Ciudad Naucalpan te invitamos a aprovechar los descuentos vigentes en el pago del Predial y Agua 2026. #AquiGobiernaLaEsperanza #Naucalpan #Predial2026 #TesoreriaMunicipal,Desde el Gobierno de Ciudad Naucalpan te invitamos a aprovechar los descuentos vigentes en el pago del Predial y Agua 2026. #AquiGobiernaLaEsperanza #Naucalpan #Predial2026 #TesoreriaMunicipal,https://x.com/GobNau/status/2009279928542306679,https://x.com/GobNau/status/2009279928542306679,2026-01-08 15:04:00+00:00,2026-01-08,/home/emilio/Documentos/Naucalpan_Semanal_Reportes/Periodico/Enero_Mayo/2026-01-01_al_2026-01-15/Twitter/2026-01-01_al_2026-01-15_Twitter/2026-01-01_al_2026-01-15_Twitter_post_institucionales.csv
2026-01-01,2026-01-01_al_2026-01-15_Twitter,gobierno_naucalpan,Gobierno de Naucalpan,twitter,Twitter/X,tweet,@GobNau,@GobNau,,Ven a divertirte en la Pista de Hielo del Palacio Municipal ¡No te lo puedes perder! #AquiGobiernaLaEsperanza #Naucalpan #PistaDehielo,Ven a divertirte en la Pista de Hielo del Palacio Municipal ¡No te lo puedes perder! #AquiGobiernaLaEsperanza #Naucalpan #PistaDehielo,https://x.com/GobNau/status/2009279492095644116,https://x.com/GobNau/status/2009279492095644116,2026-01-08 15:02:16+00:00,2026-01-08,/home/emilio/Documentos/Naucalpan_Semanal_Reportes/Periodico/Enero_Mayo/2026-01-01_al_2026-01-15/Twitter/2026-01-01_al_2026-01-15_Twitter/2026-01-01_al_2026-01-15_Twitter_post_institucionales.csv
2026-01-01,2026-01-01_al_2026-01-15_Twitter,gobierno_naucalpan,Gobierno de Naucalpan,twitter,Twitter/X,tweet,@GobNau,@GobNau,,"La pista de hielo en el Parque La Hormiga te espera El Gobierno de #Naucalpan invita a todas las familias a disfrutar de la pista de hielo en el Parque La Hormiga, un espacio para convivir, compartir y vivir la temporada decembrina en comunidad. #AquiGobiernaLaEsperanza","La pista de hielo en el Parque La Hormiga te espera El Gobierno de #Naucalpan invita a todas las familias a disfrutar de la pista de hielo en el Parque La Hormiga, un espacio para convivir, compartir y vivir la temporada decembrina en comunidad. #AquiGobiernaLaEsperanza",https://x.com/GobNau/status/2009271644112453861,https://x.com/GobNau/status/2009271644112453861,2026-01-08 14:31:05+00:00,2026-01-08,/home/emilio/Documentos/Naucalpan_Semanal_Reportes/Periodico/Enero_Mayo/2026-01-01_al_2026-01-15/Twitter/2026-01-01_al_2026-01-15_Twitter/2026-01-01_al_2026-01-15_Twitter_post_institucionales.csv
2026-01-01,2026-01-01_al_2026-01-15_Twitter,gobierno_naucalpan,Gobierno de Naucalpan,twitter,Twitter/X,tweet,@GobNau,@GobNau,,"El Gobierno de Ciudad Naucalpan, encabezado por el Alcalde Isaac Montoya, celebró el Día de Reyes en la cancha de fútbol de Santiago Tepatlaxco, a través del DIF Municipal. #AquiGobiernaLaEsperanza #Naucalpan","El Gobierno de Ciudad Naucalpan, encabezado por el Alcalde Isaac Montoya, celebró el Día de Reyes en la cancha de fútbol de Santiago Tepatlaxco, a través del DIF Municipal. #AquiGobiernaLaEsperanza #Naucalpan",https://x.com/GobNau/status/2009146431601315887,https://x.com/GobNau/status/2009146431601315887,2026-01-08 06:13:32+00:00,2026-01-08,/home/emilio/Documentos/Naucalpan_Semanal_Reportes/Periodico/Enero_Mayo/2026-01-01_al_2026-01-15/Twitter/2026-01-01_al_2026-01-15_Twitter/2026-01-01_al_2026-01-15_Twitter_post_institucionales.csv
2026-01-01,2026-01-01_al_2026-01-15_Twitter,gobierno_naucalpan,Gobierno de Naucalpan,twitter,Twitter/X,tweet,@GobNau,@GobNau,,"El Frontón de Izcalli Chamapa se llenó de alegría durante el festejo del Día de Reyes, organizado por el Gobierno de Ciudad Naucalpan, encabezado por el Alcalde Isaac Montoya, a través del DIF Naucalpan. #AquiGobiernaLaEsperanza #Naucalpan #DIFNaucalpan #DiaDeReyes","El Frontón de Izcalli Chamapa se llenó de alegría durante el festejo del Día de Reyes, organizado por el Gobierno de Ciudad Naucalpan, encabezado por el Alcalde Isaac Montoya, a través del DIF Naucalpan. #AquiGobiernaLaEsperanza #Naucalpan #DIFNaucalpan #DiaDeReyes",https://x.com/GobNau/status/2009140704425992565,https://x.com/GobNau/status/2009140704425992565,2026-01-08 05:50:46+00:00,2026-01-08,/home/emilio/Documentos/Naucalpan_Semanal_Reportes/Periodico/Enero_Mayo/2026-01-01_al_2026-01-15/Twitter/2026-01-01_al_2026-01-15_Twitter/2026-01-01_al_2026-01-15_Twitter_post_institucionales.csv
2026-01-01,2026-01-01_al_2026-01-15_Twitter,gobierno_naucalpan,Gobierno de Naucalpan,twitter,Twitter/X,tweet,@GobNau,@GobNau,,"En un ambiente de alegría, color y tradición, el Gobierno de Ciudad Naucalpan, a través del DIF Naucalpan, llevó a cabo el festejo del Día de Reyes en el Parque Revolución. #AquiGobiernaLaEsperanza #Naucalpan","En un ambiente de alegría, color y tradición, el Gobierno de Ciudad Naucalpan, a través del DIF Naucalpan, llevó a cabo el festejo del Día de Reyes en el Parque Revolución. #AquiGobiernaLaEsperanza #Naucalpan",https://x.com/GobNau/status/2009133858105499734,https://x.com/GobNau/status/2009133858105499734,2026-01-08 05:23:34+00:00,2026-01-08,/home/emilio/Documentos/Naucalpan_Semanal_Reportes/Periodico/Enero_Mayo/2026-01-01_al_2026-01-15/Twitter/2026-01-01_al_2026-01-15_Twitter/2026-01-01_al_2026-01-15_Twitter_post_institucionales.csv
2026-01-01,2026-01-01_al_2026-01-15_Twitter,gobierno_naucalpan,Gobierno de Naucalpan,twitter,Twitter/X,tweet,@GobNau,@GobNau,,"El Gobierno de Ciudad Naucalpan, encabezado por el Alcalde Isaac Montoya, celebró el Día de Reyes en San Mateo Nopala, donde más de 1,500 niñas y niños recibieron juguetes y rosca a través del DIF Naucalpan. #AquiGobiernaLaEsperanza #Naucalpan","El Gobierno de Ciudad Naucalpan, encabezado por el Alcalde Isaac Montoya, celebró el Día de Reyes en San Mateo Nopala, donde más de 1,500 niñas y niños recibieron juguetes y rosca a través del DIF Naucalpan. #AquiGobiernaLaEsperanza #Naucalpan",https://x.com/GobNau/status/2009131597421797420,https://x.com/GobNau/status/2009131597421797420,2026-01-08 05:14:35+00:00,2026-01-08,/home/emilio/Documentos/Naucalpan_Semanal_Reportes/Periodico/Enero_Mayo/2026-01-01_al_2026-01-15/Twitter/2026-01-01_al_2026-01-15_Twitter/2026-01-01_al_2026-01-15_Twitter_post_institucionales.csv
2026-01-01,2026-01-01_al_2026-01-15_Facebook,gobierno_naucalpan,Gobierno de Naucalpan,facebook,Facebook,post_facebook,ciudadnaucalpan,Ciudad Naucalpan / Gobierno Municipal 2025-2027.,,"El Frontón de Izcalli Chamapa se llenó de alegría durante el festejo del Día de Reyes, organizado por el Gobierno de Ciudad Naucalpan, encabezado por el presidente municipal Isaac Montoya, a través del DIF Municipal. Niñas y niños recibieron juguetes, disfrutaron de un show de payasos, la rifa de bicicletas y compartieron rosca de Reyes con leche, en una jornada de convivencia y tradición. #AquiGobiernaLaEsperanza #Naucalpan #DIFNaucalpan #DiaDeReyes","El Frontón de Izcalli Chamapa se llenó de alegría durante el festejo del Día de Reyes, organizado por el Gobierno de Ciudad Naucalpan, encabezado por el presidente municipal Isaac Montoya, a través del DIF Municipal. Niñas y niños recibieron juguetes, disfrutaron de un show de payasos, la rifa de bicicletas y compartieron rosca de Reyes con leche, en una jornada de convivencia y tradición. #AquiGobiernaLaEsperanza #Naucalpan #DIFNaucalpan #DiaDeReyes",https://www.facebook.com/CiudadNaucalpan/posts/pfbid0XM9cPoWrb8TLpFjqbc2r55jnoJxSbyD6kNm2CZMuC9fKjgquaD4UNskna3hP2a5Ll,https://www.facebook.com/CiudadNaucalpan/posts/pfbid0XM9cPoWrb8TLpFjqbc2r55jnoJxSbyD6kNm2CZMuC9fKjgquaD4UNskna3hP2a5Ll,2026-01-07 23:50:41,2026-01-07,/home/emilio/Documentos/Naucalpan_Semanal_Reportes/Periodico/Enero_Mayo/2026-01-01_al_2026-01-15/Facebook/2026-01-01_al_2026-01-15_Facebook/2026-01-01_al_2026-01-15_Facebook_posts.csv
2026-01-01,2026-01-01_al_2026-01-15_Facebook,gobierno_naucalpan,Gobierno de Naucalpan,facebook,Facebook,post_facebook,ciudadnaucalpan,Ciudad Naucalpan / Gobierno Municipal 2025-2027.,,"En un ambiente de alegría, color y tradición, el Gobierno de Ciudad Naucalpan, a través del DIF Naucalpan, llevó a cabo el festejo del Día de Reyes en el Parque Revolución, donde se reunieron más de mil personas de distintas comunidades del municipio. La celebración tuvo como objetivo fortalecer el tejido social y preservar las tradiciones, convirtiendo el parque en un espacio de convivencia y fantasía para niñas y niños, quienes disfrutaron de un show de payasos, actividades recreativas, rosca de Reyes, pintura de caritas y la entrega de juguetes. Personal del Ayuntamiento y del DIF Municipal coordinó la distribución de obsequios, asegurando que cada niña y niño se llevara un presente, además de participar en la rifa de bicicletas y regalos especiales, uno de los momentos más esperados de la jornada. Durante el evento, la Presidenta honoraria del DIF Municipal, destacó que la encomienda del gobierno encabezado por el Presidente Municipal Isaac Montoya es no soltar la mano de nadie, para que nadie se quede atrás, y trabajar por el presente y el futuro de la infancia naucalpense, donde la alegría y la ilusión no sean un privilegio. #AquiGobiernaLaEsperanza #Naucalpan #DIFNaucalpan #DiaDeReyes #InfanciaDigna","En un ambiente de alegría, color y tradición, el Gobierno de Ciudad Naucalpan, a través del DIF Naucalpan, llevó a cabo el festejo del Día de Reyes en el Parque Revolución, donde se reunieron más de mil personas de distintas comunidades del municipio. La celebración tuvo como objetivo fortalecer el tejido social y preservar las tradiciones, convirtiendo el parque en un espacio de convivencia y fantasía para niñas y niños, quienes disfrutaron de un show de payasos, actividades recreativas, rosca de Reyes, pintura de caritas y la entrega de juguetes. Personal del Ayuntamiento y del DIF Municipal coordinó la distribución de obsequios, asegurando que cada niña y niño se llevara un presente, además de participar en la rifa de bicicletas y regalos especiales, uno de los momentos más esperados de la jornada. Durante el evento, la Presidenta honoraria del DIF Municipal, destacó que la encomienda del gobierno encabezado por el Presidente Municipal Isaac Montoya es no soltar la mano de nadie, para que nadie se quede atrás, y trabajar por el presente y el futuro de la infancia naucalpense, donde la alegría y la ilusión no sean un privilegio. #AquiGobiernaLaEsperanza #Naucalpan #DIFNaucalpan #DiaDeReyes #InfanciaDigna",https://www.facebook.com/CiudadNaucalpan/posts/pfbid05g4yrRhpGjo7QubtA1YbsmgnAn7BxYhCbfZjGbRs7zsNQ5inMGaPL373XPaKF9Cpl,https://www.facebook.com/CiudadNaucalpan/posts/pfbid05g4yrRhpGjo7QubtA1YbsmgnAn7BxYhCbfZjGbRs7zsNQ5inMGaPL373XPaKF9Cpl,2026-01-07 23:23:31,2026-01-07,/home/emilio/Documentos/Naucalpan_Semanal_Reportes/Periodico/Enero_Mayo/2026-01-01_al_2026-01-15/Facebook/2026-01-01_al_2026-01-15_Facebook/2026-01-01_al_2026-01-15_Facebook_posts.csv
2026-01-01,2026-01-01_al_2026-01-15_Facebook,gobierno_naucalpan,Gobierno de Naucalpan,facebook,Facebook,post_facebook,ciudadnaucalpan,Ciudad Naucalpan / Gobierno Municipal 2025-2027.,,"El Gobierno de Ciudad Naucalpan, encabezado por el Presidente Municipal Isaac Montoya, celebró el Día de Reyes en la Plaza Cívica de San Mateo Nopala, donde más de 1,500 niñas y niños naucalpenses vivieron una tarde llena de alegría y convivencia. A través del DIF Naucalpan, cada niña y cada niño recibió un juguete, reafirmando el compromiso de la administración municipal con el bienestar y la felicidad de la infancia. Actividades recreativas como un show de payasos y la rifa de bicicletas, que llenaron de entusiasmo a las familias asistentes. Con iniciativas que fortalecen la convivencia y el tejido social, el Gobierno de Ciudad Naucalpan continúa trabajando para construir una ciudad más cercana y con esperanza. #AquiGobiernaLaEsperanza #Naucalpan #DIFNaucalpan #DiaDeReyes","El Gobierno de Ciudad Naucalpan, encabezado por el Presidente Municipal Isaac Montoya, celebró el Día de Reyes en la Plaza Cívica de San Mateo Nopala, donde más de 1,500 niñas y niños naucalpenses vivieron una tarde llena de alegría y convivencia. A través del DIF Naucalpan, cada niña y cada niño recibió un juguete, reafirmando el compromiso de la administración municipal con el bienestar y la felicidad de la infancia. Actividades recreativas como un show de payasos y la rifa de bicicletas, que llenaron de entusiasmo a las familias asistentes. Con iniciativas que fortalecen la convivencia y el tejido social, el Gobierno de Ciudad Naucalpan continúa trabajando para construir una ciudad más cercana y con esperanza. #AquiGobiernaLaEsperanza #Naucalpan #DIFNaucalpan #DiaDeReyes",https://www.facebook.com/CiudadNaucalpan/posts/pfbid02SA4CXpp3eJictfMq5vr7effSmcA9oaCuMwNf9SUNm5qpvHKLBKwEhdQzykArEGUVl,https://www.facebook.com/CiudadNaucalpan/posts/pfbid02SA4CXpp3eJictfMq5vr7effSmcA9oaCuMwNf9SUNm5qpvHKLBKwEhdQzykArEGUVl,2026-01-07 23:13:31,2026-01-07,/home/emilio/Documentos/Naucalpan_Semanal_Reportes/Periodico/Enero_Mayo/2026-01-01_al_2026-01-15/Facebook/2026-01-01_al_2026-01-15_Facebook/2026-01-01_al_2026-01-15_Facebook_posts.csv
2026-01-01,2026-01-01_al_2026-01-15_Facebook,gobierno_naucalpan,Gobierno de Naucalpan,facebook,Facebook,post_facebook,ciudadnaucalpan,Ciudad Naucalpan / Gobierno Municipal 2025-2027.,,"Inicio de la rehabilitación integral del Periférico Norte. Inicio de la rehabilitación integral del Periférico Norte. Esta obra estratégica salda una deuda histórica en materia de movilidad: 108 kilómetros de vialidad, desde el Toreo hasta Tepotzotlán, que serán rehabilitados para dignificar una de las arterias más importantes del Estado de México, por donde transitan millones de personas todos los días. Después de más de 20 años de abandono, esta intervención histórica, con una inversión cercana a los 1,200 millones de pesos, devolverá seguridad, orden y funcionalidad a una vialidad clave para quienes usan el transporte público, para quienes se trasladan a su trabajo o a la escuela y para el transporte de carga que mueve nuestra economía. #AquiGobiernaLaEsperanza #Naucalpan #EdoMex #ObraHistorica","Inicio de la rehabilitación integral del Periférico Norte. Inicio de la rehabilitación integral del Periférico Norte. Esta obra estratégica salda una deuda histórica en materia de movilidad: 108 kilómetros de vialidad, desde el Toreo hasta Tepotzotlán, que serán rehabilitados para dignificar una de las arterias más importantes del Estado de México, por donde transitan millones de personas todos los días. Después de más de 20 años de abandono, esta intervención histórica, con una inversión cercana a los 1,200 millones de pesos, devolverá seguridad, orden y funcionalidad a una vialidad clave para quienes usan el transporte público, para quienes se trasladan a su trabajo o a la escuela y para el transporte de carga que mueve nuestra economía. #AquiGobiernaLaEsperanza #Naucalpan #EdoMex #ObraHistorica",https://www.facebook.com/CiudadNaucalpan/posts/pfbid02fnxNoYbttqdPtJBwh6LaXn8fhWsZNVSqoSocQ1P2JymWFQ9ndpDLCPjkiQv4LpL9l,https://www.facebook.com/CiudadNaucalpan/posts/pfbid02fnxNoYbttqdPtJBwh6LaXn8fhWsZNVSqoSocQ1P2JymWFQ9ndpDLCPjkiQv4LpL9l,2026-01-07 19:13:25,2026-01-07,/home/emilio/Documentos/Naucalpan_Semanal_Reportes/Periodico/Enero_Mayo/2026-01-01_al_2026-01-15/Facebook/2026-01-01_al_2026-01-15_Facebook/2026-01-01_al_2026-01-15_Facebook_posts.csv
2026-01-01,2026-01-01_al_2026-01-15_Facebook,gobierno_naucalpan,Gobierno de Naucalpan,facebook,Facebook,post_facebook,ciudadnaucalpan,Ciudad Naucalpan / Gobierno Municipal 2025-2027.,,Así se vivió el Día de Reyes en Ciudad Naucalpan. #AquiGobiernaLaEsperanza #Naucalpan,Así se vivió el Día de Reyes en Ciudad Naucalpan. #AquiGobiernaLaEsperanza #Naucalpan,https://www.facebook.com/reel/4212550502342325/,https://www.facebook.com/reel/4212550502342325/,2026-01-07 16:37:15,2026-01-07,/home/emilio/Documentos/Naucalpan_Semanal_Reportes/Periodico/Enero_Mayo/2026-01-01_al_2026-01-15/Facebook/2026-01-01_al_2026-01-15_Facebook/2026-01-01_al_2026-01-15_Facebook_posts.csv
2026-01-01,2026-01-01_al_2026-01-15_Facebook,gobierno_naucalpan,Gobierno de Naucalpan,facebook,Facebook,post_facebook,ciudadnaucalpan,Ciudad Naucalpan / Gobierno Municipal 2025-2027.,,"En las Torres de Satélite, el Presidente Municipal Isaac Montoya Márquez junto a la Gobernadora Delfina Gómez Álvarez y a alcaldes de la región dieron inicio a la rehabilitación integral del Periférico Norte, una de las vialidades más importantes del país. Esta obra responde a una deuda histórica con la ciudadanía: 108 kilómetros de intervención, desde el Toreo hasta Tepotzotlán, que permitirán recuperar una vía fundamental por la que diariamente transitan millones de personas en transporte público, particular y de carga. Tras más de dos décadas sin una atención de fondo, el proyecto contará con una inversión cercana a los 1,200 millones de pesos, destinada a devolver seguridad, funcionalidad y mejores condiciones de tránsito a un corredor estratégico para la vida económica y social del Valle de México. El Presidente Municipal Isaac Montoya destacó la sensibilidad y el compromiso de la Gobernadora Delfina Gómez para modernizar la infraestructura urbana, así como el respaldo del Gobierno de México encabezado por la Presidenta Claudia Sheinbaum Pardo, subrayando que cuando hay coordinación entre los distintos niveles de gobierno, los recursos públicos se traducen en obras que benefician directamente al pueblo. La rehabilitación del Periférico Norte fortalecerá a las zonas industriales, colonias y fraccionamientos conectados a esta vialidad, impulsará la economía regional y generará empleos, priorizando la participación de empresas mexiquenses. Desde el Gobierno de Ciudad Naucalpan se refrenda el compromiso de seguir trabajando con responsabilidad, honestidad y visión social, porque las grandes transformaciones se construyen con hechos. #AquiGobiernaLaEsperanza #Naucalpan #EstadoDeMexico #Infraestructura #Movilidad #ObraHistorica","En las Torres de Satélite, el Presidente Municipal Isaac Montoya Márquez junto a la Gobernadora Delfina Gómez Álvarez y a alcaldes de la región dieron inicio a la rehabilitación integral del Periférico Norte, una de las vialidades más importantes del país. Esta obra responde a una deuda histórica con la ciudadanía: 108 kilómetros de intervención, desde el Toreo hasta Tepotzotlán, que permitirán recuperar una vía fundamental por la que diariamente transitan millones de personas en transporte público, particular y de carga. Tras más de dos décadas sin una atención de fondo, el proyecto contará con una inversión cercana a los 1,200 millones de pesos, destinada a devolver seguridad, funcionalidad y mejores condiciones de tránsito a un corredor estratégico para la vida económica y social del Valle de México. El Presidente Municipal Isaac Montoya destacó la sensibilidad y el compromiso de la Gobernadora Delfina Gómez para modernizar la infraestructura urbana, así como el respaldo del Gobierno de México encabezado por la Presidenta Claudia Sheinbaum Pardo, subrayando que cuando hay coordinación entre los distintos niveles de gobierno, los recursos públicos se traducen en obras que benefician directamente al pueblo. La rehabilitación del Periférico Norte fortalecerá a las zonas industriales, colonias y fraccionamientos conectados a esta vialidad, impulsará la economía regional y generará empleos, priorizando la participación de empresas mexiquenses. Desde el Gobierno de Ciudad Naucalpan se refrenda el compromiso de seguir trabajando con responsabilidad, honestidad y visión social, porque las grandes transformaciones se construyen con hechos. #AquiGobiernaLaEsperanza #Naucalpan #EstadoDeMexico #Infraestructura #Movilidad #ObraHistorica",https://www.facebook.com/CiudadNaucalpan/posts/pfbid02GTjVuXKbJrfC1giT4i94iYna8YVN5eraex2zfDf67zeyL14uDD1pLhvemdCmb7QVl,https://www.facebook.com/CiudadNaucalpan/posts/pfbid02GTjVuXKbJrfC1giT4i94iYna8YVN5eraex2zfDf67zeyL14uDD1pLhvemdCmb7QVl,2026-01-07 16:22:35,2026-01-07,/home/emilio/Documentos/Naucalpan_Semanal_Reportes/Periodico/Enero_Mayo/2026-01-01_al_2026-01-15/Facebook/2026-01-01_al_2026-01-15_Facebook/2026-01-01_al_2026-01-15_Facebook_posts.csv
2026-01-01,2026-01-01_al_2026-01-15_Facebook,gobierno_naucalpan,Gobierno de Naucalpan,facebook,Facebook,post_facebook,guardiamunicipalciudadnaucalpan,Guardia Municipal Ciudad Naucalpan,,"Hoy Naucalpan fue sede de un ejercicio fundamental para la construcción de la paz. Nuestra Gobernadora Delfina Gómez Álvarez encabezó la Mesa de Paz, con la participación del Presidente Municipal Isaac Montoya Márquez, en un espacio donde la coordinación, el diálogo y el trabajo en equipo se convierten en acciones concretas para proteger a nuestra gente. Cuando hay liderazgo, voluntad y coordinación, la paz deja de ser un discurso y se transforma en una tarea diaria, cercana al territorio y a las familias. #AquiGobiernaLaEsperanza #Naucalpan #MesaDePaz #Seguridad #GuardiaMunicipal","Hoy Naucalpan fue sede de un ejercicio fundamental para la construcción de la paz. Nuestra Gobernadora Delfina Gómez Álvarez encabezó la Mesa de Paz, con la participación del Presidente Municipal Isaac Montoya Márquez, en un espacio donde la coordinación, el diálogo y el trabajo en equipo se convierten en acciones concretas para proteger a nuestra gente. Cuando hay liderazgo, voluntad y coordinación, la paz deja de ser un discurso y se transforma en una tarea diaria, cercana al territorio y a las familias. #AquiGobiernaLaEsperanza #Naucalpan #MesaDePaz #Seguridad #GuardiaMunicipal",https://www.facebook.com/GuardiaMunicipalCiudadNaucalpan/posts/pfbid0vp8GLgfMmgTqatXdpurYxYXpzTRkYsYBUZ15B2QJf3VGuCY39Vy5xxez5NK5MvK9l,https://www.facebook.com/GuardiaMunicipalCiudadNaucalpan/posts/pfbid0vp8GLgfMmgTqatXdpurYxYXpzTRkYsYBUZ15B2QJf3VGuCY39Vy5xxez5NK5MvK9l,2026-01-07 18:44:33,2026-01-07,/home/emilio/Documentos/Naucalpan_Semanal_Reportes/Periodico/Enero_Mayo/2026-01-01_al_2026-01-15/Facebook/2026-01-01_al_2026-01-15_Facebook/2026-01-01_al_2026-01-15_Facebook_posts.csv
2026-01-01,2026-01-01_al_2026-01-15_Facebook,gobierno_naucalpan,Gobierno de Naucalpan,facebook,Facebook,post_facebook,guardiamunicipalciudadnaucalpan,Guardia Municipal Ciudad Naucalpan,,"El Gobierno de Ciudad Naucalpan fortalece las acciones de vigilancia y prevención mediante el uso de tecnología aérea, que permite monitorear distintos puntos del municipio y reforzar las estrategias de seguridad. Estas herramientas contribuyen a una atención más oportuna, mejor coordinación y mayor capacidad de respuesta, con el objetivo de cuidar a las familias naucalpenses y mantener entornos más seguros para todas y todos. Seguimos trabajando con innovación, responsabilidad y compromiso para construir una ciudad más segura. #AquiGobiernaLaEsperanza #Naucalpan #Seguridad #TecnologíaParaLaSeguridad","El Gobierno de Ciudad Naucalpan fortalece las acciones de vigilancia y prevención mediante el uso de tecnología aérea, que permite monitorear distintos puntos del municipio y reforzar las estrategias de seguridad. Estas herramientas contribuyen a una atención más oportuna, mejor coordinación y mayor capacidad de respuesta, con el objetivo de cuidar a las familias naucalpenses y mantener entornos más seguros para todas y todos. Seguimos trabajando con innovación, responsabilidad y compromiso para construir una ciudad más segura. #AquiGobiernaLaEsperanza #Naucalpan #Seguridad #TecnologíaParaLaSeguridad",https://www.facebook.com/reel/781796338263264/,https://www.facebook.com/reel/781796338263264/,2026-01-07 18:35:44,2026-01-07,/home/emilio/Documentos/Naucalpan_Semanal_Reportes/Periodico/Enero_Mayo/2026-01-01_al_2026-01-15/Facebook/2026-01-01_al_2026-01-15_Facebook/2026-01-01_al_2026-01-15_Facebook_posts.csv
2026-01-01,2026-01-01_al_2026-01-15_Twitter,gobierno_naucalpan,Gobierno de Naucalpan,twitter,Twitter/X,tweet,@GobNau,@GobNau,,Así se vivió el Día de Reyes en Ciudad Naucalpan. #AquiGobiernaLaEsperanza #Naucalpan,Así se vivió el Día de Reyes en Ciudad Naucalpan. #AquiGobiernaLaEsperanza #Naucalpan,https://x.com/GobNau/status/2009031510800699770,https://x.com/GobNau/status/2009031510800699770,2026-01-07 22:36:52+00:00,2026-01-07,/home/emilio/Documentos/Naucalpan_Semanal_Reportes/Periodico/Enero_Mayo/2026-01-01_al_2026-01-15/Twitter/2026-01-01_al_2026-01-15_Twitter/2026-01-01_al_2026-01-15_Twitter_post_institucionales.csv
2026-01-01,2026-01-01_al_2026-01-15_Twitter,gobierno_naucalpan,Gobierno de Naucalpan,twitter,Twitter/X,tweet,@GobNau,@GobNau,,"En las Torres de Satélite, el Alcalde Isaac Montoya junto a la Gobernadora Delfina Gómez Álvarez dieron inicio de la rehabilitación del Periférico Norte: 108 km desde el Toreo hasta Tepotzotlán. #Naucalpan #ObraHistorica","En las Torres de Satélite, el Alcalde Isaac Montoya junto a la Gobernadora Delfina Gómez Álvarez dieron inicio de la rehabilitación del Periférico Norte: 108 km desde el Toreo hasta Tepotzotlán. #Naucalpan #ObraHistorica",https://x.com/GobNau/status/2009028210202124289,https://x.com/GobNau/status/2009028210202124289,2026-01-07 22:23:45+00:00,2026-01-07,/home/emilio/Documentos/Naucalpan_Semanal_Reportes/Periodico/Enero_Mayo/2026-01-01_al_2026-01-15/Twitter/2026-01-01_al_2026-01-15_Twitter/2026-01-01_al_2026-01-15_Twitter_post_institucionales.csv
2026-01-01,2026-01-01_al_2026-01-15_Twitter,gobierno_naucalpan,Gobierno de Naucalpan,twitter,Twitter/X,tweet,@GobNau,@GobNau,,El Gobierno de Ciudad Naucalpan y el DIF Municipal te invitan a celebrar el Día de Reyes con actividades para niñas y niños. Miércoles 7 de enero Parque Revolución 10:00 h Izcalli Chamapa 12:00 h Tepatlaxco 13:00 h San Mateo 15:00 h #AquiGobiernaLaEsperanza,El Gobierno de Ciudad Naucalpan y el DIF Municipal te invitan a celebrar el Día de Reyes con actividades para niñas y niños. Miércoles 7 de enero Parque Revolución 10:00 h Izcalli Chamapa 12:00 h Tepatlaxco 13:00 h San Mateo 15:00 h #AquiGobiernaLaEsperanza,https://x.com/GobNau/status/2008693557817692470,https://x.com/GobNau/status/2008693557817692470,2026-01-07 00:13:58+00:00,2026-01-07,/home/emilio/Documentos/Naucalpan_Semanal_Reportes/Periodico/Enero_Mayo/2026-01-01_al_2026-01-15/Twitter/2026-01-01_al_2026-01-15_Twitter/2026-01-01_al_2026-01-15_Twitter_post_institucionales.csv
2026-01-01,2026-01-01_al_2026-01-15_Facebook,gobierno_naucalpan,Gobierno de Naucalpan,facebook,Facebook,post_facebook,ciudadnaucalpan,Ciudad Naucalpan / Gobierno Municipal 2025-2027.,,"El Gobierno de Ciudad Naucalpan, a través del DIF Municipal Naucalpan, invita a todas las familias a celebrar el Día de Reyes con actividades llenas de alegría, unión y esperanza. 📅 Miércoles 7 de enero 📍 Parque Revolución – 10:00 hrs. 📍 Izcalli Chamapa (Cancha de Frontón) – 12:00 hrs. 📍 Tepatlaxco (Cancha de Fútbol) – 13:00 hrs. 📍 Plaza Cívica San Mateo – 15:00 hrs. Que los Reyes Magos traigan esperanza y un abrazo transformador para niñas, niños y sus familias. #AquiGobiernaLaEsperanza #Naucalpan #DIFNaucalpan #DíaDeReyes","El Gobierno de Ciudad Naucalpan, a través del DIF Municipal Naucalpan, invita a todas las familias a celebrar el Día de Reyes con actividades llenas de alegría, unión y esperanza. 📅 Miércoles 7 de enero 📍 Parque Revolución – 10:00 hrs. 📍 Izcalli Chamapa (Cancha de Frontón) – 12:00 hrs. 📍 Tepatlaxco (Cancha de Fútbol) – 13:00 hrs. 📍 Plaza Cívica San Mateo – 15:00 hrs. Que los Reyes Magos traigan esperanza y un abrazo transformador para niñas, niños y sus familias. #AquiGobiernaLaEsperanza #Naucalpan #DIFNaucalpan #DíaDeReyes",https://www.facebook.com/CiudadNaucalpan/posts/pfbid0DTDWDeWoN2xLkpVvZ5pnU4FxnkPnXhqoaR4EmSSA3NjLcWVmvgXTKmCFEnbds3VMl,https://www.facebook.com/CiudadNaucalpan/posts/pfbid0DTDWDeWoN2xLkpVvZ5pnU4FxnkPnXhqoaR4EmSSA3NjLcWVmvgXTKmCFEnbds3VMl,2026-01-06 18:11:28,2026-01-06,/home/emilio/Documentos/Naucalpan_Semanal_Reportes/Periodico/Enero_Mayo/2026-01-01_al_2026-01-15/Facebook/2026-01-01_al_2026-01-15_Facebook/2026-01-01_al_2026-01-15_Facebook_posts.csv
2026-01-01,2026-01-01_al_2026-01-15_Facebook,gobierno_naucalpan,Gobierno de Naucalpan,facebook,Facebook,post_facebook,ciudadnaucalpan,Ciudad Naucalpan / Gobierno Municipal 2025-2027.,,¡La magia del hielo te espera! ❄️⛸️ Visita la pista de hielo del Palacio Municipal y la del Parque La Hormiga y disfruta de una experiencia única para todas y todos. #AquiGobiernaLaEsperanza #Naucalpan #pistadehielo,¡La magia del hielo te espera! ❄️⛸️ Visita la pista de hielo del Palacio Municipal y la del Parque La Hormiga y disfruta de una experiencia única para todas y todos. #AquiGobiernaLaEsperanza #Naucalpan #pistadehielo,https://www.facebook.com/reel/1240382231301628/,https://www.facebook.com/reel/1240382231301628/,2026-01-06 17:15:28,2026-01-06,/home/emilio/Documentos/Naucalpan_Semanal_Reportes/Periodico/Enero_Mayo/2026-01-01_al_2026-01-15/Facebook/2026-01-01_al_2026-01-15_Facebook/2026-01-01_al_2026-01-15_Facebook_posts.csv
2026-01-01,2026-01-01_al_2026-01-15_Facebook,gobierno_naucalpan,Gobierno de Naucalpan,facebook,Facebook,post_facebook,ciudadnaucalpan,Ciudad Naucalpan / Gobierno Municipal 2025-2027.,,"📌Desde el Gobierno Municipal de Ciudad Naucalpan te invitamos a aprovechar los descuentos vigentes en el pago del Predial y Agua 2026. Contribuir a tiempo fortalece los servicios públicos у permite seguir invirtiendo en obras y bienestar para nuestras comunidades. Consulta en la imagen los descuentos, sedes de pago, horarios y la opción de pago en línea. Seguimos trabajando con responsabilidad, transparencia y cercanía para todas y todos. #AquiGobiernaLaEsperanza #Naucalpan #Predial2026 #TesoreriaMunicipal","📌Desde el Gobierno Municipal de Ciudad Naucalpan te invitamos a aprovechar los descuentos vigentes en el pago del Predial y Agua 2026. Contribuir a tiempo fortalece los servicios públicos у permite seguir invirtiendo en obras y bienestar para nuestras comunidades. Consulta en la imagen los descuentos, sedes de pago, horarios y la opción de pago en línea. Seguimos trabajando con responsabilidad, transparencia y cercanía para todas y todos. #AquiGobiernaLaEsperanza #Naucalpan #Predial2026 #TesoreriaMunicipal",https://www.facebook.com/CiudadNaucalpan/posts/pfbid02D71eNAdS2KmKtdm4KUhC2zVBtRFPXCxVzTJ4pCFsgFDtmE6uw46n8yR5y5nJFwYul,https://www.facebook.com/CiudadNaucalpan/posts/pfbid02D71eNAdS2KmKtdm4KUhC2zVBtRFPXCxVzTJ4pCFsgFDtmE6uw46n8yR5y5nJFwYul,2026-01-06 12:56:05,2026-01-06,/home/emilio/Documentos/Naucalpan_Semanal_Reportes/Periodico/Enero_Mayo/2026-01-01_al_2026-01-15/Facebook/2026-01-01_al_2026-01-15_Facebook/2026-01-01_al_2026-01-15_Facebook_posts.csv
2026-01-01,2026-01-01_al_2026-01-15_Facebook,gobierno_naucalpan,Gobierno de Naucalpan,facebook,Facebook,post_facebook,ciudadnaucalpan,Ciudad Naucalpan / Gobierno Municipal 2025-2027.,,¡Feliz Día de Reyes!✨👑 #AquiGobiernaLaEsperanza #Naucalpan #diadereyes,¡Feliz Día de Reyes!✨👑 #AquiGobiernaLaEsperanza #Naucalpan #diadereyes,https://www.facebook.com/CiudadNaucalpan/posts/pfbid0cAj8NdduDN7Jb8UtXcaiLVRaqtejbQdUy9fBb4yCRLhSAKjqPFdytNoisGiMWwbkl,https://www.facebook.com/CiudadNaucalpan/posts/pfbid0cAj8NdduDN7Jb8UtXcaiLVRaqtejbQdUy9fBb4yCRLhSAKjqPFdytNoisGiMWwbkl,2026-01-06 05:35:32,2026-01-06,/home/emilio/Documentos/Naucalpan_Semanal_Reportes/Periodico/Enero_Mayo/2026-01-01_al_2026-01-15/Facebook/2026-01-01_al_2026-01-15_Facebook/2026-01-01_al_2026-01-15_Facebook_posts.csv
2026-01-01,2026-01-01_al_2026-01-15_Facebook,gobierno_naucalpan,Gobierno de Naucalpan,facebook,Facebook,post_facebook,guardiamunicipalciudadnaucalpan,Guardia Municipal Ciudad Naucalpan,,"Atención y respuesta oportuna 🚨 Durante labores de vigilancia, elementos de la Guardia Municipal brindaron apoyo ante el reporte de un menor extraviado en la zona. De inmediato se realizó el resguardo del menor y se activaron los protocolos correspondientes, solicitando el apoyo de la Célula de Búsqueda. Gracias a la coordinación y al trabajo conjunto, el menor fue entregado sano y salvo a sus familiares, quienes acreditaron el parentesco. Seguimos actuando con responsabilidad, sensibilidad y compromiso para proteger a quienes más lo necesitan. La seguridad la construimos todas y todos. #AquiGobiernaLaEsperanza #Naucalpan #GuardiaMunicipal","Atención y respuesta oportuna 🚨 Durante labores de vigilancia, elementos de la Guardia Municipal brindaron apoyo ante el reporte de un menor extraviado en la zona. De inmediato se realizó el resguardo del menor y se activaron los protocolos correspondientes, solicitando el apoyo de la Célula de Búsqueda. Gracias a la coordinación y al trabajo conjunto, el menor fue entregado sano y salvo a sus familiares, quienes acreditaron el parentesco. Seguimos actuando con responsabilidad, sensibilidad y compromiso para proteger a quienes más lo necesitan. La seguridad la construimos todas y todos. #AquiGobiernaLaEsperanza #Naucalpan #GuardiaMunicipal",https://www.facebook.com/reel/887783080449392/,https://www.facebook.com/reel/887783080449392/,2026-01-06 15:50:23,2026-01-06,/home/emilio/Documentos/Naucalpan_Semanal_Reportes/Periodico/Enero_Mayo/2026-01-01_al_2026-01-15/Facebook/2026-01-01_al_2026-01-15_Facebook/2026-01-01_al_2026-01-15_Facebook_posts.csv
2026-01-01,2026-01-01_al_2026-01-15_Facebook,gobierno_naucalpan,Gobierno de Naucalpan,facebook,Facebook,post_facebook,guardiamunicipalciudadnaucalpan,Guardia Municipal Ciudad Naucalpan,,"La Guardia Municipal de Naucalpan reportó saldo blanco durante el operativo implementado con motivo del Día de Reyes, en el que participaron 140 elementos, con el objetivo de salvaguardar a las familias naucalpenses. El despliegue se realizó en diversos puntos del municipio, entre ellos: calle Morelos, Ferrocarril de Acámbaro, calle Popocatépetl, gobernador Sánchez Colín, calle Mazapil, avenida del Río (campo de futbol), Molinos de Viento, Sierra Verde Himalaya, Venustiano Carranza / Plan de Ayala, avenida Morelos, Huertas I y Loma Linda. Gracias a la presencia permanente, los recorridos preventivos y la coordinación operativa, se garantizó un ambiente de orden, seguridad y tranquilidad en Naucalpan. La seguridad somos todas y todos. Seguiremos trabajando por tu bienestar, con toda seguridad. #AquiGobiernaLaEsperanza #GuardiaMunicipal #Naucalpan","La Guardia Municipal de Naucalpan reportó saldo blanco durante el operativo implementado con motivo del Día de Reyes, en el que participaron 140 elementos, con el objetivo de salvaguardar a las familias naucalpenses. El despliegue se realizó en diversos puntos del municipio, entre ellos: calle Morelos, Ferrocarril de Acámbaro, calle Popocatépetl, gobernador Sánchez Colín, calle Mazapil, avenida del Río (campo de futbol), Molinos de Viento, Sierra Verde Himalaya, Venustiano Carranza / Plan de Ayala, avenida Morelos, Huertas I y Loma Linda. Gracias a la presencia permanente, los recorridos preventivos y la coordinación operativa, se garantizó un ambiente de orden, seguridad y tranquilidad en Naucalpan. La seguridad somos todas y todos. Seguiremos trabajando por tu bienestar, con toda seguridad. #AquiGobiernaLaEsperanza #GuardiaMunicipal #Naucalpan",https://www.facebook.com/reel/1155023450042168/,https://www.facebook.com/reel/1155023450042168/,2026-01-06 10:22:33,2026-01-06,/home/emilio/Documentos/Naucalpan_Semanal_Reportes/Periodico/Enero_Mayo/2026-01-01_al_2026-01-15/Facebook/2026-01-01_al_2026-01-15_Facebook/2026-01-01_al_2026-01-15_Facebook_posts.csv
2026-01-01,2026-01-01_al_2026-01-15_Facebook,gobierno_naucalpan,Gobierno de Naucalpan,facebook,Facebook,post_facebook,guardiamunicipalciudadnaucalpan,Guardia Municipal Ciudad Naucalpan,,"En este día tan especial, la Guardia Municipal estuvo cuidando su caminar, vigilando cada calle y cada colonia para que la ilusión llegara segura a cada hogar. Mientras ustedes repartieron esperanza y sonrisas, nosotras y nosotros cumplimos nuestro deber: proteger, servir y velar por la tranquilidad de todas las familias. La seguridad la hacemos todas y todos. Seguimos trabajando por tu bienestar, con toda seguridad. 👑👑👑 #AquiGobiernaLaEsperanza #GuardiaMunicipal #Naucalpan","En este día tan especial, la Guardia Municipal estuvo cuidando su caminar, vigilando cada calle y cada colonia para que la ilusión llegara segura a cada hogar. Mientras ustedes repartieron esperanza y sonrisas, nosotras y nosotros cumplimos nuestro deber: proteger, servir y velar por la tranquilidad de todas las familias. La seguridad la hacemos todas y todos. Seguimos trabajando por tu bienestar, con toda seguridad. 👑👑👑 #AquiGobiernaLaEsperanza #GuardiaMunicipal #Naucalpan",https://www.facebook.com/GuardiaMunicipalCiudadNaucalpan/posts/pfbid0B4r6CsGM7xaDnssUc83gf2MHadXhiZnrkKjU911p9NsHLVhNF6GegCrvFXMtKzeDl,https://www.facebook.com/GuardiaMunicipalCiudadNaucalpan/posts/pfbid0B4r6CsGM7xaDnssUc83gf2MHadXhiZnrkKjU911p9NsHLVhNF6GegCrvFXMtKzeDl,2026-01-06 08:21:22,2026-01-06,/home/emilio/Documentos/Naucalpan_Semanal_Reportes/Periodico/Enero_Mayo/2026-01-01_al_2026-01-15/Facebook/2026-01-01_al_2026-01-15_Facebook/2026-01-01_al_2026-01-15_Facebook_posts.csv
2026-01-01,2026-01-01_al_2026-01-15_Twitter,gobierno_naucalpan,Gobierno de Naucalpan,twitter,Twitter/X,tweet,@GobNau,@GobNau,,¡La magia del hielo te espera! Visita la pista de hielo del Palacio Municipal y la del Parque La Hormiga y disfruta de una experiencia única para todas y todos. #AquiGobiernaLaEsperanza #Naucalpan #pistadehielo,¡La magia del hielo te espera! Visita la pista de hielo del Palacio Municipal y la del Parque La Hormiga y disfruta de una experiencia única para todas y todos. #AquiGobiernaLaEsperanza #Naucalpan #pistadehielo,https://x.com/GobNau/status/2008678746337767733,https://x.com/GobNau/status/2008678746337767733,2026-01-06 23:15:07+00:00,2026-01-06,/home/emilio/Documentos/Naucalpan_Semanal_Reportes/Periodico/Enero_Mayo/2026-01-01_al_2026-01-15/Twitter/2026-01-01_al_2026-01-15_Twitter/2026-01-01_al_2026-01-15_Twitter_post_institucionales.csv
2026-01-01,2026-01-01_al_2026-01-15_Twitter,gobierno_naucalpan,Gobierno de Naucalpan,twitter,Twitter/X,tweet,@GobNau,@GobNau,,"Aprovecha los descuentos en el pago del Predial y Agua 2026 en Ciudad Naucalpan. Tu contribución fortalece los servicios públicos y el bienestar de nuestras comunidades. Consulta en la imagen sedes, horarios y pago en línea. #AquíGobiernaLaEsperanza #Naucalpan #Predial2026","Aprovecha los descuentos en el pago del Predial y Agua 2026 en Ciudad Naucalpan. Tu contribución fortalece los servicios públicos y el bienestar de nuestras comunidades. Consulta en la imagen sedes, horarios y pago en línea. #AquíGobiernaLaEsperanza #Naucalpan #Predial2026",https://x.com/GobNau/status/2008614403135148066,https://x.com/GobNau/status/2008614403135148066,2026-01-06 18:59:26+00:00,2026-01-06,/home/emilio/Documentos/Naucalpan_Semanal_Reportes/Periodico/Enero_Mayo/2026-01-01_al_2026-01-15/Twitter/2026-01-01_al_2026-01-15_Twitter/2026-01-01_al_2026-01-15_Twitter_post_institucionales.csv
2026-01-01,2026-01-01_al_2026-01-15_Twitter,gobierno_naucalpan,Gobierno de Naucalpan,twitter,Twitter/X,tweet,@GobNau,@GobNau,,¡Feliz Día de Reyes! #AquiGobiernaLaEsperanza #Naucalpan #diadereyes,¡Feliz Día de Reyes! #AquiGobiernaLaEsperanza #Naucalpan #diadereyes,https://x.com/GobNau/status/2008524852828008459,https://x.com/GobNau/status/2008524852828008459,2026-01-06 13:03:36+00:00,2026-01-06,/home/emilio/Documentos/Naucalpan_Semanal_Reportes/Periodico/Enero_Mayo/2026-01-01_al_2026-01-15/Twitter/2026-01-01_al_2026-01-15_Twitter/2026-01-01_al_2026-01-15_Twitter_post_institucionales.csv
2026-01-01,2026-01-01_al_2026-01-15_Facebook,gobierno_naucalpan,Gobierno de Naucalpan,facebook,Facebook,post_facebook,ciudadnaucalpan,Ciudad Naucalpan / Gobierno Municipal 2025-2027.,,"El Gobierno de Ciudad Naucalpan, a través de la Dirección de Medio Ambiente, pone en marcha la recolección de arbolitos de Navidad en los centros de acopio oficiales.🎄 La ciudadanía podrá acudir de lunes a viernes, de 9:00 a 15:00 horas, para entregar su arbolito y contribuir a su reciclaje y aprovechamiento ambiental. ➡️Te invitamos a consultar la imagen para conocer los puntos de acopio y las indicaciones para una entrega adecuada. Reciclar tu arbolito es cuidar el medio ambiente. 🌱 #AquiGobiernaLaEsperanza #Naucalpan #MedioAmbiente","El Gobierno de Ciudad Naucalpan, a través de la Dirección de Medio Ambiente, pone en marcha la recolección de arbolitos de Navidad en los centros de acopio oficiales.🎄 La ciudadanía podrá acudir de lunes a viernes, de 9:00 a 15:00 horas, para entregar su arbolito y contribuir a su reciclaje y aprovechamiento ambiental. ➡️Te invitamos a consultar la imagen para conocer los puntos de acopio y las indicaciones para una entrega adecuada. Reciclar tu arbolito es cuidar el medio ambiente. 🌱 #AquiGobiernaLaEsperanza #Naucalpan #MedioAmbiente",https://www.facebook.com/CiudadNaucalpan/posts/pfbid0mhL7N8bWmHCfr1wTwWTz9HfmGhnZnZ6ZZGdoUQMtuko2GbCuSSg95mbyeeDeFBSXl,https://www.facebook.com/CiudadNaucalpan/posts/pfbid0mhL7N8bWmHCfr1wTwWTz9HfmGhnZnZ6ZZGdoUQMtuko2GbCuSSg95mbyeeDeFBSXl,2026-01-05 10:01:47,2026-01-05,/home/emilio/Documentos/Naucalpan_Semanal_Reportes/Periodico/Enero_Mayo/2026-01-01_al_2026-01-15/Facebook/2026-01-01_al_2026-01-15_Facebook/2026-01-01_al_2026-01-15_Facebook_posts.csv
2026-01-01,2026-01-01_al_2026-01-15_Facebook,gobierno_naucalpan,Gobierno de Naucalpan,facebook,Facebook,post_facebook,guardiamunicipalciudadnaucalpan,Guardia Municipal Ciudad Naucalpan,,Queridos reyes Magos…✨✨✨ #AquiGobiernaLaEsperanza #Naucalpan #GuardiaMunicipal,Queridos reyes Magos…✨✨✨ #AquiGobiernaLaEsperanza #Naucalpan #GuardiaMunicipal,https://www.facebook.com/GuardiaMunicipalCiudadNaucalpan/posts/pfbid02M6AvqgTdExn35si2AeoGdHJhWXQbESxCNZQnapkxBTdkj6tSnxGAinKh3DgFWv2kl,https://www.facebook.com/GuardiaMunicipalCiudadNaucalpan/posts/pfbid02M6AvqgTdExn35si2AeoGdHJhWXQbESxCNZQnapkxBTdkj6tSnxGAinKh3DgFWv2kl,2026-01-05 18:15:21,2026-01-05,/home/emilio/Documentos/Naucalpan_Semanal_Reportes/Periodico/Enero_Mayo/2026-01-01_al_2026-01-15/Facebook/2026-01-01_al_2026-01-15_Facebook/2026-01-01_al_2026-01-15_Facebook_posts.csv
2026-01-01,2026-01-01_al_2026-01-15_Facebook,gobierno_naucalpan,Gobierno de Naucalpan,facebook,Facebook,post_facebook,ciudadnaucalpan,Ciudad Naucalpan / Gobierno Municipal 2025-2027.,,¡La magia del hielo te espera! ❄️⛸️ Visita la pista de hielo del Palacio Municipal y la del Parque La Hormiga y disfruta de una experiencia única para todas y todos. #AquiGobiernaLaEsperanza #Naucalpan #pistadehielo,¡La magia del hielo te espera! ❄️⛸️ Visita la pista de hielo del Palacio Municipal y la del Parque La Hormiga y disfruta de una experiencia única para todas y todos. #AquiGobiernaLaEsperanza #Naucalpan #pistadehielo,https://www.facebook.com/reel/808326438917882/,https://www.facebook.com/reel/808326438917882/,2026-01-04 17:57:53,2026-01-04,/home/emilio/Documentos/Naucalpan_Semanal_Reportes/Periodico/Enero_Mayo/2026-01-01_al_2026-01-15/Facebook/2026-01-01_al_2026-01-15_Facebook/2026-01-01_al_2026-01-15_Facebook_posts.csv
2026-01-01,2026-01-01_al_2026-01-15_Facebook,gobierno_naucalpan,Gobierno de Naucalpan,facebook,Facebook,post_facebook,ciudadnaucalpan,Ciudad Naucalpan / Gobierno Municipal 2025-2027.,,"4 DE ENERO📌 En el Día Mundial del Sistema Braille, el Gobierno Municipal de Ciudad Naucalpan reconoce este medio de lectura y escritura como una herramienta fundamental para garantizar el acceso a la información, la autonomía y el ejercicio de los derechos de las personas con discapacidad visual. Impulsar la accesibilidad es una responsabilidad institucional y un firme compromiso con la inclusión. #AquíGobiernaLaEsperanza #Naucalpan #braille","4 DE ENERO📌 En el Día Mundial del Sistema Braille, el Gobierno Municipal de Ciudad Naucalpan reconoce este medio de lectura y escritura como una herramienta fundamental para garantizar el acceso a la información, la autonomía y el ejercicio de los derechos de las personas con discapacidad visual. Impulsar la accesibilidad es una responsabilidad institucional y un firme compromiso con la inclusión. #AquíGobiernaLaEsperanza #Naucalpan #braille",https://www.facebook.com/CiudadNaucalpan/posts/pfbid0CwHxmMMeqC7Wd4tn4SvaWKaXDK91bPsViPMRoCQrGYHUBSAfRJz8CVTp1wcGjBhMl,https://www.facebook.com/CiudadNaucalpan/posts/pfbid0CwHxmMMeqC7Wd4tn4SvaWKaXDK91bPsViPMRoCQrGYHUBSAfRJz8CVTp1wcGjBhMl,2026-01-04 13:55:11,2026-01-04,/home/emilio/Documentos/Naucalpan_Semanal_Reportes/Periodico/Enero_Mayo/2026-01-01_al_2026-01-15/Facebook/2026-01-01_al_2026-01-15_Facebook/2026-01-01_al_2026-01-15_Facebook_posts.csv
2026-01-01,2026-01-01_al_2026-01-15_Facebook,gobierno_naucalpan,Gobierno de Naucalpan,facebook,Facebook,post_facebook,ciudadnaucalpan,Ciudad Naucalpan / Gobierno Municipal 2025-2027.,,"Desde el Gobierno Municipal de Ciudad Naucalpan te invitamos a aprovechar los descuentos vigentes en el pago del Predial y Agua 2026. Contribuir a tiempo fortalece los servicios públicos у permite seguir invirtiendo en obras y bienestar para nuestras comunidades. Consulta en la imagen los descuentos, sedes de pago, horarios y la opción de pago en línea. Seguimos trabajando con responsabilidad, transparencia y cercanía para todas y todos. #AquiGobiernaLaEsperanza #Naucalpan #Predial2026 #TesoreriaMunicipal","Desde el Gobierno Municipal de Ciudad Naucalpan te invitamos a aprovechar los descuentos vigentes en el pago del Predial y Agua 2026. Contribuir a tiempo fortalece los servicios públicos у permite seguir invirtiendo en obras y bienestar para nuestras comunidades. Consulta en la imagen los descuentos, sedes de pago, horarios y la opción de pago en línea. Seguimos trabajando con responsabilidad, transparencia y cercanía para todas y todos. #AquiGobiernaLaEsperanza #Naucalpan #Predial2026 #TesoreriaMunicipal",https://www.facebook.com/CiudadNaucalpan/posts/pfbid02b63GcKACjweWqCrUSwTdhVKQzmq37qZwMJJFQwrzDB4D2xcRprcyWUR6cVFwCcKpl,https://www.facebook.com/CiudadNaucalpan/posts/pfbid02b63GcKACjweWqCrUSwTdhVKQzmq37qZwMJJFQwrzDB4D2xcRprcyWUR6cVFwCcKpl,2026-01-03 18:22:37,2026-01-03,/home/emilio/Documentos/Naucalpan_Semanal_Reportes/Periodico/Enero_Mayo/2026-01-01_al_2026-01-15/Facebook/2026-01-01_al_2026-01-15_Facebook/2026-01-01_al_2026-01-15_Facebook_posts.csv
2026-01-01,2026-01-01_al_2026-01-15_Facebook,gobierno_naucalpan,Gobierno de Naucalpan,facebook,Facebook,post_facebook,ciudadnaucalpan,Ciudad Naucalpan / Gobierno Municipal 2025-2027.,,"La diversión sobre hielo continúa en Naucalpan ✨⛸️ Invitamos a todas las familias a disfrutar de la pista de hielo en el Palacio Municipal y el Parque La Hormiga, un espacio pensado para convivir, compartir y vivir la temporada decembrina en comunidad. Seguimos recuperando el espacio público con alegría, encuentro y convivencia familiar, porque cuando la ciudad se disfruta juntas y juntos, la esperanza también se fortalece. ✨ #AquiGobiernaLaEsperanza #Naucalpan #pistadehielo","La diversión sobre hielo continúa en Naucalpan ✨⛸️ Invitamos a todas las familias a disfrutar de la pista de hielo en el Palacio Municipal y el Parque La Hormiga, un espacio pensado para convivir, compartir y vivir la temporada decembrina en comunidad. Seguimos recuperando el espacio público con alegría, encuentro y convivencia familiar, porque cuando la ciudad se disfruta juntas y juntos, la esperanza también se fortalece. ✨ #AquiGobiernaLaEsperanza #Naucalpan #pistadehielo",https://www.facebook.com/reel/3095739377271712/,https://www.facebook.com/reel/3095739377271712/,2026-01-03 18:00:40,2026-01-03,/home/emilio/Documentos/Naucalpan_Semanal_Reportes/Periodico/Enero_Mayo/2026-01-01_al_2026-01-15/Facebook/2026-01-01_al_2026-01-15_Facebook/2026-01-01_al_2026-01-15_Facebook_posts.csv
2026-01-01,2026-01-01_al_2026-01-15_Facebook,gobierno_naucalpan,Gobierno de Naucalpan,facebook,Facebook,post_facebook,ciudadnaucalpan,Ciudad Naucalpan / Gobierno Municipal 2025-2027.,,"En Naucalpan seguimos avanzando con hechos. Esta obra pública es parte del compromiso de transformar nuestras vialidades y espacios, mejorando la movilidad, la seguridad y la calidad de vida de la ciudadanía. En Naucalpan trabajamos escuchando a las vecinas y vecinos atendiendo necesidades reales, porque un municipio fuerte se construye con infraestructura digna y planeación responsable. Seguimos cumpliendo. Seguimos transformando Naucalpan. #AquiGobiernaLaEsperanza #Naucalpan #GobiernoMunicipal","En Naucalpan seguimos avanzando con hechos. Esta obra pública es parte del compromiso de transformar nuestras vialidades y espacios, mejorando la movilidad, la seguridad y la calidad de vida de la ciudadanía. En Naucalpan trabajamos escuchando a las vecinas y vecinos atendiendo necesidades reales, porque un municipio fuerte se construye con infraestructura digna y planeación responsable. Seguimos cumpliendo. Seguimos transformando Naucalpan. #AquiGobiernaLaEsperanza #Naucalpan #GobiernoMunicipal",https://www.facebook.com/reel/1289216609900774/,https://www.facebook.com/reel/1289216609900774/,2026-01-03 17:43:28,2026-01-03,/home/emilio/Documentos/Naucalpan_Semanal_Reportes/Periodico/Enero_Mayo/2026-01-01_al_2026-01-15/Facebook/2026-01-01_al_2026-01-15_Facebook/2026-01-01_al_2026-01-15_Facebook_posts.csv
2026-01-01,2026-01-01_al_2026-01-15_Facebook,gobierno_naucalpan,Gobierno de Naucalpan,facebook,Facebook,post_facebook,ciudadnaucalpan,Ciudad Naucalpan / Gobierno Municipal 2025-2027.,,"Orgullo naucalpense 🎶 Bruno Bonilla, joven cantante y compositor de 22 años, originario de Naucalpan de Juárez, pertenece al Trastorno del Espectro Autista, condición que lo ha impulsado a levantar la voz (y la música) a favor de la inclusión. Como parte de su camino artístico, compuso la canción original “Mirada con el Alma”. Te invitamos a la transmisión del estreno de la canción: 📅 Jueves 8 de enero de 2026 📺 YouTube | BOHEMIA TV #AquiGobiernaLaEsperanza #Naucalpan","Orgullo naucalpense 🎶 Bruno Bonilla, joven cantante y compositor de 22 años, originario de Naucalpan de Juárez, pertenece al Trastorno del Espectro Autista, condición que lo ha impulsado a levantar la voz (y la música) a favor de la inclusión. Como parte de su camino artístico, compuso la canción original “Mirada con el Alma”. Te invitamos a la transmisión del estreno de la canción: 📅 Jueves 8 de enero de 2026 📺 YouTube | BOHEMIA TV #AquiGobiernaLaEsperanza #Naucalpan",https://www.facebook.com/CiudadNaucalpan/posts/pfbid02ycJSuBuR8Uv9ses38Hdues2Ro6Nk8VvghBCSkvVBoHcpdWd7pPLVwxiv9VdtNYBul,https://www.facebook.com/CiudadNaucalpan/posts/pfbid02ycJSuBuR8Uv9ses38Hdues2Ro6Nk8VvghBCSkvVBoHcpdWd7pPLVwxiv9VdtNYBul,2026-01-03 12:33:19,2026-01-03,/home/emilio/Documentos/Naucalpan_Semanal_Reportes/Periodico/Enero_Mayo/2026-01-01_al_2026-01-15/Facebook/2026-01-01_al_2026-01-15_Facebook/2026-01-01_al_2026-01-15_Facebook_posts.csv
2026-01-01,2026-01-01_al_2026-01-15_Facebook,gobierno_naucalpan,Gobierno de Naucalpan,facebook,Facebook,post_facebook,ciudadnaucalpan,Ciudad Naucalpan / Gobierno Municipal 2025-2027.,,"El Gobierno de Ciudad Naucalpan convoca a las y los contribuyentes a aprovechar las bonificaciones vigentes en el pago del impuesto predial y agua 2026, aprobadas por el Cabildo y vigentes desde este 2 de enero.🏠 Descuentos por pago anticipado y cumplimiento: ✔️ 8% en enero ✔️ 6% en febrero ✔️ 4% en marzo También se contemplan bonificaciones especiales para grupos vulnerables, así como estímulos adicionales para contribuyentes cumplidos.🏠💧 Para facilitar el trámite, se cuenta con receptorías, cajas recaudadoras temporales y pago en línea, con atención de lunes a viernes de 8:00 a 17:00 horas y sábados de 8:00 a 15:00 horas. #AquiGobiernaLaEsperanza #Naucalpan #Predial2026 #TesoreriaMunicipal","El Gobierno de Ciudad Naucalpan convoca a las y los contribuyentes a aprovechar las bonificaciones vigentes en el pago del impuesto predial y agua 2026, aprobadas por el Cabildo y vigentes desde este 2 de enero.🏠 Descuentos por pago anticipado y cumplimiento: ✔️ 8% en enero ✔️ 6% en febrero ✔️ 4% en marzo También se contemplan bonificaciones especiales para grupos vulnerables, así como estímulos adicionales para contribuyentes cumplidos.🏠💧 Para facilitar el trámite, se cuenta con receptorías, cajas recaudadoras temporales y pago en línea, con atención de lunes a viernes de 8:00 a 17:00 horas y sábados de 8:00 a 15:00 horas. #AquiGobiernaLaEsperanza #Naucalpan #Predial2026 #TesoreriaMunicipal",https://www.facebook.com/reel/1918311255457702/,https://www.facebook.com/reel/1918311255457702/,2026-01-02 19:55:36,2026-01-02,/home/emilio/Documentos/Naucalpan_Semanal_Reportes/Periodico/Enero_Mayo/2026-01-01_al_2026-01-15/Facebook/2026-01-01_al_2026-01-15_Facebook/2026-01-01_al_2026-01-15_Facebook_posts.csv
2026-01-01,2026-01-01_al_2026-01-15_Facebook,gobierno_naucalpan,Gobierno de Naucalpan,facebook,Facebook,post_facebook,ciudadnaucalpan,Ciudad Naucalpan / Gobierno Municipal 2025-2027.,,"El Gobierno de Ciudad Naucalpan convoca a las y los contribuyentes a aprovechar las bonificaciones vigentes en el pago del impuesto predial y agua 2026, aprobadas por el Cabildo y vigentes desde este 2 de enero. 💰 Descuentos por pago anticipado y cumplimiento: ✔️ 8% en enero ✔️ 6% en febrero ✔️ 4% en marzo 🏠💧 También se contemplan bonificaciones especiales para grupos vulnerables, así como estímulos adicionales para contribuyentes cumplidos. 📍 Para facilitar el trámite, se cuenta con receptorías, cajas recaudadoras temporales y pago en línea, con atención de lunes a viernes de 8:00 a 17:00 horas y sábados de 8:00 a 15:00 horas. 👉 Consulta en la imagen las sedes, horarios y beneficios completos. Desde el Gobierno de Ciudad Naucalpan seguimos trabajando con responsabilidad y cercanía, para que contribuir sea más fácil y justo para todas y todos. #AquiGobiernaLaEsperanza #Naucalpan #Predial2026 #TesoreriaMunicipal","El Gobierno de Ciudad Naucalpan convoca a las y los contribuyentes a aprovechar las bonificaciones vigentes en el pago del impuesto predial y agua 2026, aprobadas por el Cabildo y vigentes desde este 2 de enero. 💰 Descuentos por pago anticipado y cumplimiento: ✔️ 8% en enero ✔️ 6% en febrero ✔️ 4% en marzo 🏠💧 También se contemplan bonificaciones especiales para grupos vulnerables, así como estímulos adicionales para contribuyentes cumplidos. 📍 Para facilitar el trámite, se cuenta con receptorías, cajas recaudadoras temporales y pago en línea, con atención de lunes a viernes de 8:00 a 17:00 horas y sábados de 8:00 a 15:00 horas. 👉 Consulta en la imagen las sedes, horarios y beneficios completos. Desde el Gobierno de Ciudad Naucalpan seguimos trabajando con responsabilidad y cercanía, para que contribuir sea más fácil y justo para todas y todos. #AquiGobiernaLaEsperanza #Naucalpan #Predial2026 #TesoreriaMunicipal",https://www.facebook.com/CiudadNaucalpan/posts/pfbid0WAg5NjJAW9WSdRpaHXCQ7ZAzPGjQUYYNiAd2DmPvmpEmAyhKGL6pKUcyGCHB2jZRl,https://www.facebook.com/CiudadNaucalpan/posts/pfbid0WAg5NjJAW9WSdRpaHXCQ7ZAzPGjQUYYNiAd2DmPvmpEmAyhKGL6pKUcyGCHB2jZRl,2026-01-02 19:45:34,2026-01-02,/home/emilio/Documentos/Naucalpan_Semanal_Reportes/Periodico/Enero_Mayo/2026-01-01_al_2026-01-15/Facebook/2026-01-01_al_2026-01-15_Facebook/2026-01-01_al_2026-01-15_Facebook_posts.csv
2026-01-01,2026-01-01_al_2026-01-15_Facebook,gobierno_naucalpan,Gobierno de Naucalpan,facebook,Facebook,post_facebook,ciudadnaucalpan,Ciudad Naucalpan / Gobierno Municipal 2025-2027.,,"Desde el Gobierno Municipal de Ciudad Naucalpan te invitamos a aprovechar los descuentos vigentes en el pago del Predial y Agua 2026. 💳🏡 Contribuir a tiempo fortalece los servicios públicos y permite seguir invirtiendo en obras y bienestar para nuestras comunidades. 📍 Consulta en la imagen los descuentos, sedes de pago, horarios y la opción de pago en línea. Seguimos trabajando con responsabilidad, transparencia y cercanía para todas y todos. #AquiGobiernaLaEsperanza #Naucalpan #Predial2026 #TesoreriaMunicipal","Desde el Gobierno Municipal de Ciudad Naucalpan te invitamos a aprovechar los descuentos vigentes en el pago del Predial y Agua 2026. 💳🏡 Contribuir a tiempo fortalece los servicios públicos y permite seguir invirtiendo en obras y bienestar para nuestras comunidades. 📍 Consulta en la imagen los descuentos, sedes de pago, horarios y la opción de pago en línea. Seguimos trabajando con responsabilidad, transparencia y cercanía para todas y todos. #AquiGobiernaLaEsperanza #Naucalpan #Predial2026 #TesoreriaMunicipal",https://www.facebook.com/CiudadNaucalpan/posts/pfbid0rnCSNa27Cja9gz55kFAPXaVi8CZhLYdXFJHad9pDf3t8g4bcJ8UHXrxGN23KkjKil,https://www.facebook.com/CiudadNaucalpan/posts/pfbid0rnCSNa27Cja9gz55kFAPXaVi8CZhLYdXFJHad9pDf3t8g4bcJ8UHXrxGN23KkjKil,2026-01-02 19:31:35,2026-01-02,/home/emilio/Documentos/Naucalpan_Semanal_Reportes/Periodico/Enero_Mayo/2026-01-01_al_2026-01-15/Facebook/2026-01-01_al_2026-01-15_Facebook/2026-01-01_al_2026-01-15_Facebook_posts.csv
2026-01-01,2026-01-01_al_2026-01-15_Facebook,gobierno_naucalpan,Gobierno de Naucalpan,facebook,Facebook,post_facebook,ciudadnaucalpan,Ciudad Naucalpan / Gobierno Municipal 2025-2027.,,"Ven a divertirte en la Pista de Hielo del Palacio Municipal ❄️⛸️ Un espacio para compartir, reír y crear momentos inolvidables en familia. ✨ Totalmente gratis. 👉Te esperamos de lunes a domingo, de 11:00 a.m. a 9:00 p.m. ¡No te lo puedes perder! #AquiGobiernaLaEsperanza #Naucalpan #navidad2025 #PistaDehielo","Ven a divertirte en la Pista de Hielo del Palacio Municipal ❄️⛸️ Un espacio para compartir, reír y crear momentos inolvidables en familia. ✨ Totalmente gratis. 👉Te esperamos de lunes a domingo, de 11:00 a.m. a 9:00 p.m. ¡No te lo puedes perder! #AquiGobiernaLaEsperanza #Naucalpan #navidad2025 #PistaDehielo",https://www.facebook.com/CiudadNaucalpan/posts/pfbid0AsbhDEAfLVYvyAKqSniPJXSQP34QnUtfSWbTCGHed4wi79HV3MHJYjkn1JA7QoD2l,https://www.facebook.com/CiudadNaucalpan/posts/pfbid0AsbhDEAfLVYvyAKqSniPJXSQP34QnUtfSWbTCGHed4wi79HV3MHJYjkn1JA7QoD2l,2026-01-02 14:37:22,2026-01-02,/home/emilio/Documentos/Naucalpan_Semanal_Reportes/Periodico/Enero_Mayo/2026-01-01_al_2026-01-15/Facebook/2026-01-01_al_2026-01-15_Facebook/2026-01-01_al_2026-01-15_Facebook_posts.csv
2026-01-01,2026-01-01_al_2026-01-15_Facebook,gobierno_naucalpan,Gobierno de Naucalpan,facebook,Facebook,post_facebook,ciudadnaucalpan,Ciudad Naucalpan / Gobierno Municipal 2025-2027.,,"❄️✨ La pista de hielo en el Parque La Hormiga y el Palacio Municipal te esperan ✨❄️ El Gobierno de Ciudad Naucalpan invita a todas las familias a disfrutar de la pista de hielo en el Palacio Municipal y el Parque La Hormiga, un espacio pensado para convivir, compartir y vivir la temporada decembrina en comunidad. Seguimos recuperando el espacio público con alegría, encuentro y convivencia familiar, porque cuando la ciudad se disfruta juntas y juntos, la esperanza también se fortalece. ✨ #AquiGobiernaLaEsperanza #Naucalpan #Navidad","❄️✨ La pista de hielo en el Parque La Hormiga y el Palacio Municipal te esperan ✨❄️ El Gobierno de Ciudad Naucalpan invita a todas las familias a disfrutar de la pista de hielo en el Palacio Municipal y el Parque La Hormiga, un espacio pensado para convivir, compartir y vivir la temporada decembrina en comunidad. Seguimos recuperando el espacio público con alegría, encuentro y convivencia familiar, porque cuando la ciudad se disfruta juntas y juntos, la esperanza también se fortalece. ✨ #AquiGobiernaLaEsperanza #Naucalpan #Navidad",https://www.facebook.com/reel/2194155611117069/,https://www.facebook.com/reel/2194155611117069/,2026-01-02 14:26:09,2026-01-02,/home/emilio/Documentos/Naucalpan_Semanal_Reportes/Periodico/Enero_Mayo/2026-01-01_al_2026-01-15/Facebook/2026-01-01_al_2026-01-15_Facebook/2026-01-01_al_2026-01-15_Facebook_posts.csv
2026-01-01,2026-01-01_al_2026-01-15_Facebook,gobierno_naucalpan,Gobierno de Naucalpan,facebook,Facebook,post_facebook,ciudadnaucalpan,Ciudad Naucalpan / Gobierno Municipal 2025-2027.,,"En los últimos días ha circulado en redes sociales un video en el que se acusa a un supuesto elemento de la Guardia Municipal de abuso de autoridad.❌ pero, la verdad es que es mentira... Tras una revisión puntual de los hechos, se confirmó que la persona que aparece en el video no pertenece a la Guardia Municipal, ya que ni el vehículo, ni el uniforme, ni la persona corresponden a personal de esta corporación.✅ Hacemos un llamado a la ciudadanía a informarse únicamente a través de los canales y páginas oficiales, a fin de evitar la difusión de información falsa o imprecisa. #AquiGobiernalaEsperanza #Naucalpan","En los últimos días ha circulado en redes sociales un video en el que se acusa a un supuesto elemento de la Guardia Municipal de abuso de autoridad.❌ pero, la verdad es que es mentira... Tras una revisión puntual de los hechos, se confirmó que la persona que aparece en el video no pertenece a la Guardia Municipal, ya que ni el vehículo, ni el uniforme, ni la persona corresponden a personal de esta corporación.✅ Hacemos un llamado a la ciudadanía a informarse únicamente a través de los canales y páginas oficiales, a fin de evitar la difusión de información falsa o imprecisa. #AquiGobiernalaEsperanza #Naucalpan",https://www.facebook.com/reel/2752353718291321/,https://www.facebook.com/reel/2752353718291321/,2026-01-02 13:44:59,2026-01-02,/home/emilio/Documentos/Naucalpan_Semanal_Reportes/Periodico/Enero_Mayo/2026-01-01_al_2026-01-15/Facebook/2026-01-01_al_2026-01-15_Facebook/2026-01-01_al_2026-01-15_Facebook_posts.csv
2026-01-01,2026-01-01_al_2026-01-15_Facebook,gobierno_naucalpan,Gobierno de Naucalpan,facebook,Facebook,post_facebook,guardiamunicipalciudadnaucalpan,Guardia Municipal Ciudad Naucalpan,,"Por tu seguridad y la de todas y todos. Recuerda que las infracciones se reanudaron en nuestro municipio. Respetar el reglamento de tránsito es una forma de cuidarnos, prevenir accidentes y mantener el orden en nuestras calles. La Guardia Municipal trabaja todos los días para una movilidad más segura. #AquiGobiernaLaEsperanza #GuardiaMunicipal #Naucalpan","Por tu seguridad y la de todas y todos. Recuerda que las infracciones se reanudaron en nuestro municipio. Respetar el reglamento de tránsito es una forma de cuidarnos, prevenir accidentes y mantener el orden en nuestras calles. La Guardia Municipal trabaja todos los días para una movilidad más segura. #AquiGobiernaLaEsperanza #GuardiaMunicipal #Naucalpan",https://www.facebook.com/reel/1190473319916151/,https://www.facebook.com/reel/1190473319916151/,2026-01-02 16:29:42,2026-01-02,/home/emilio/Documentos/Naucalpan_Semanal_Reportes/Periodico/Enero_Mayo/2026-01-01_al_2026-01-15/Facebook/2026-01-01_al_2026-01-15_Facebook/2026-01-01_al_2026-01-15_Facebook_posts.csv
2026-01-01,2026-01-01_al_2026-01-15_Facebook,gobierno_naucalpan,Gobierno de Naucalpan,facebook,Facebook,post_facebook,guardiamunicipalciudadnaucalpan,Guardia Municipal Ciudad Naucalpan,,Policía Ética. #AquiGobiernaLaEsperanza #GuardiaMunicipal #Naucalpan,Policía Ética. #AquiGobiernaLaEsperanza #GuardiaMunicipal #Naucalpan,https://www.facebook.com/reel/801907149570517/,https://www.facebook.com/reel/801907149570517/,2026-01-02 16:22:47,2026-01-02,/home/emilio/Documentos/Naucalpan_Semanal_Reportes/Periodico/Enero_Mayo/2026-01-01_al_2026-01-15/Facebook/2026-01-01_al_2026-01-15_Facebook/2026-01-01_al_2026-01-15_Facebook_posts.csv
2026-01-01,2026-01-01_al_2026-01-15_Facebook,gobierno_naucalpan,Gobierno de Naucalpan,facebook,Facebook,post_facebook,guardiamunicipalciudadnaucalpan,Guardia Municipal Ciudad Naucalpan,,PAGO PREDIAL 2026.📌 #AquiGobiernaLaEsperanza #GuardiaMunicipal #Naucalpan,PAGO PREDIAL 2026.📌 #AquiGobiernaLaEsperanza #GuardiaMunicipal #Naucalpan,https://www.facebook.com/reel/2219943075083694/,https://www.facebook.com/reel/2219943075083694/,2026-01-02 15:58:15,2026-01-02,/home/emilio/Documentos/Naucalpan_Semanal_Reportes/Periodico/Enero_Mayo/2026-01-01_al_2026-01-15/Facebook/2026-01-01_al_2026-01-15_Facebook/2026-01-01_al_2026-01-15_Facebook_posts.csv
2026-01-01,2026-01-01_al_2026-01-15_Facebook,gobierno_naucalpan,Gobierno de Naucalpan,facebook,Facebook,post_facebook,guardiamunicipalciudadnaucalpan,Guardia Municipal Ciudad Naucalpan,,"Proximidad que abraza🤝☕ Como parte de las acciones de proximidad social, elementos de la Policía de Género y de la Subdirección de Construcción por la Paz realizaron la entrega de café y pan en distintos hospitales del municipio, llevando un gesto de acompañamiento y solidaridad a quienes más lo necesitan. Son pequeñas acciones que fortalecen la confianza, la cercanía y la construcción de paz en nuestra comunidad. En Naucalpan, seguimos trabajando por tu bienestar, con toda seguridad. #AquiGobiernaLaEsperanza #GuardiaMunicipal #Naucalpan","Proximidad que abraza🤝☕ Como parte de las acciones de proximidad social, elementos de la Policía de Género y de la Subdirección de Construcción por la Paz realizaron la entrega de café y pan en distintos hospitales del municipio, llevando un gesto de acompañamiento y solidaridad a quienes más lo necesitan. Son pequeñas acciones que fortalecen la confianza, la cercanía y la construcción de paz en nuestra comunidad. En Naucalpan, seguimos trabajando por tu bienestar, con toda seguridad. #AquiGobiernaLaEsperanza #GuardiaMunicipal #Naucalpan",https://www.facebook.com/reel/1308333884662741/,https://www.facebook.com/reel/1308333884662741/,2026-01-02 15:11:44,2026-01-02,/home/emilio/Documentos/Naucalpan_Semanal_Reportes/Periodico/Enero_Mayo/2026-01-01_al_2026-01-15/Facebook/2026-01-01_al_2026-01-15_Facebook/2026-01-01_al_2026-01-15_Facebook_posts.csv
2026-01-01,2026-01-01_al_2026-01-15_Facebook,gobierno_naucalpan,Gobierno de Naucalpan,facebook,Facebook,post_facebook,guardiamunicipalciudadnaucalpan,Guardia Municipal Ciudad Naucalpan,,"Tu seguridad es primero Para que realices tus trámites con tranquilidad, la Guardia Municipal de Naucalpan brinda servicios de seguridad en los centros de cobro de impuestos del municipio. Acércate con confianza; estamos para cuidarte y apoyarte.👮‍♀️👮‍♂️ En Ciudad Naucalpan, la seguridad la construimos entre todas y todos. Seguimos trabajando por tu bienestar, con responsabilidad y compromiso. #AquiGobiernaLaEsperanza #GuardiaMunicipal #Naucalpan","Tu seguridad es primero Para que realices tus trámites con tranquilidad, la Guardia Municipal de Naucalpan brinda servicios de seguridad en los centros de cobro de impuestos del municipio. Acércate con confianza; estamos para cuidarte y apoyarte.👮‍♀️👮‍♂️ En Ciudad Naucalpan, la seguridad la construimos entre todas y todos. Seguimos trabajando por tu bienestar, con responsabilidad y compromiso. #AquiGobiernaLaEsperanza #GuardiaMunicipal #Naucalpan",https://www.facebook.com/GuardiaMunicipalCiudadNaucalpan/posts/pfbid02m1MjnjTqYwJPvc5QuWzjVTNwmuj1DEQAGZDU7UUdMGbtfpBTuGJz2BNq8bToYSt8l,https://www.facebook.com/GuardiaMunicipalCiudadNaucalpan/posts/pfbid02m1MjnjTqYwJPvc5QuWzjVTNwmuj1DEQAGZDU7UUdMGbtfpBTuGJz2BNq8bToYSt8l,2026-01-02 15:05:38,2026-01-02,/home/emilio/Documentos/Naucalpan_Semanal_Reportes/Periodico/Enero_Mayo/2026-01-01_al_2026-01-15/Facebook/2026-01-01_al_2026-01-15_Facebook/2026-01-01_al_2026-01-15_Facebook_posts.csv
2026-01-01,2026-01-01_al_2026-01-15_Facebook,gobierno_naucalpan,Gobierno de Naucalpan,facebook,Facebook,post_facebook,guardiamunicipalciudadnaucalpan,Guardia Municipal Ciudad Naucalpan,,"En Naucalpan, el robo con violencia a transporte de pasajeros disminuyó 9%. En 2025 se registraron 53 casos menos en comparación con 2024. Continuamos reforzando los trabajos de seguridad y prevención en el transporte público. 🚔 #AquiGobiernaLaEsperanza #GuardiaMunicipal #Naucalpan #Seguridad","En Naucalpan, el robo con violencia a transporte de pasajeros disminuyó 9%. En 2025 se registraron 53 casos menos en comparación con 2024. Continuamos reforzando los trabajos de seguridad y prevención en el transporte público. 🚔 #AquiGobiernaLaEsperanza #GuardiaMunicipal #Naucalpan #Seguridad",https://www.facebook.com/GuardiaMunicipalCiudadNaucalpan/posts/pfbid0r9wTr3oq9M2G1tfBYpr8PLs8rKNYFFKTo5UZEybBCn81djwzGjYxfkxim4vaXR5Pl,https://www.facebook.com/GuardiaMunicipalCiudadNaucalpan/posts/pfbid0r9wTr3oq9M2G1tfBYpr8PLs8rKNYFFKTo5UZEybBCn81djwzGjYxfkxim4vaXR5Pl,2026-01-01 09:00:17,2026-01-01,/home/emilio/Documentos/Naucalpan_Semanal_Reportes/Periodico/Enero_Mayo/2026-01-01_al_2026-01-15/Facebook/2026-01-01_al_2026-01-15_Facebook/2026-01-01_al_2026-01-15_Facebook_posts.csv
2026-01-01,2026-01-01_al_2026-01-15_Facebook,isaac_montoya,Isaac Montoya,facebook,Facebook,post_facebook,isaacmontoya24,Isaac Montoya,,❄️⛸️ Ven con tu familia y amigas y amigos a disfrutar de nuestras pistas de hielo ❄️⛸️ Invitamos a todas y todos los naucalpenses a vivir esta experiencia llena de diversión y convivencia. ✨ 📍 Palacio Municipal 🗓️ De lunes a domingo 🕚 11:00 a 21:00 hrs. 📍 Parque La Hormiga 🗓️ De lunes a domingo 🕛 12:00 a 21:00 hrs. ¡No te lo puedes perder! 🎉❄️ #AquiGobiernaLaEsperanza #Naucalpan #PistaDeHielo,❄️⛸️ Ven con tu familia y amigas y amigos a disfrutar de nuestras pistas de hielo ❄️⛸️ Invitamos a todas y todos los naucalpenses a vivir esta experiencia llena de diversión y convivencia. ✨ 📍 Palacio Municipal 🗓️ De lunes a domingo 🕚 11:00 a 21:00 hrs. 📍 Parque La Hormiga 🗓️ De lunes a domingo 🕛 12:00 a 21:00 hrs. ¡No te lo puedes perder! 🎉❄️ #AquiGobiernaLaEsperanza #Naucalpan #PistaDeHielo,https://www.facebook.com/reel/806388422418732/,https://www.facebook.com/reel/806388422418732/,2026-01-14 13:16:00,2026-01-14,/home/emilio/Documentos/Naucalpan_Semanal_Reportes/Periodico/Enero_Mayo/2026-01-01_al_2026-01-15/Facebook/2026-01-01_al_2026-01-15_Facebook/2026-01-01_al_2026-01-15_Facebook_posts.csv
2026-01-01,2026-01-01_al_2026-01-15_Twitter,isaac_montoya,Isaac Montoya,twitter,Twitter/X,tweet,@isaacsolar,@isaacsolar,,Ven con tu familia y amigas y amigos a disfrutar de nuestras pistas de hielo Invitamos a todas y todos los naucalpenses a vivir esta experiencia llena de diversión y convivencia. Palacio Municipal De lunes a domingo 11:00 a 21:00 hrs. Parque La Hormiga De lunes a domingo 12:00 a 21:00 hrs. ¡No te lo puedes perder! #AquiGobiernaLaEsperanza #Naucalpan #PistaDeHielo,Ven con tu familia y amigas y amigos a disfrutar de nuestras pistas de hielo Invitamos a todas y todos los naucalpenses a vivir esta experiencia llena de diversión y convivencia. Palacio Municipal De lunes a domingo 11:00 a 21:00 hrs. Parque La Hormiga De lunes a domingo 12:00 a 21:00 hrs. ¡No te lo puedes perder! #AquiGobiernaLaEsperanza #Naucalpan #PistaDeHielo,https://x.com/isaacsolar/status/2011517448185369037,https://x.com/isaacsolar/status/2011517448185369037,2026-01-14 19:15:06+00:00,2026-01-14,/home/emilio/Documentos/Naucalpan_Semanal_Reportes/Periodico/Enero_Mayo/2026-01-01_al_2026-01-15/Twitter/2026-01-01_al_2026-01-15_Twitter/2026-01-01_al_2026-01-15_Twitter_post_institucionales.csv
2026-01-01,2026-01-01_al_2026-01-15_Facebook,isaac_montoya,Isaac Montoya,facebook,Facebook,post_facebook,isaacmontoya24,Isaac Montoya,,"Junto a compañeras y compañeros Presidentas y Presidentes Municipales, participé en un encuentro encabezado por nuestra Gobernadora, Delfina Gómez Álvarez, que reafirma que la transformación del Estado de México se construye en colectivo y con responsabilidad compartida. Desde Ciudad Naucalpan reitero mi compromiso con un gobierno que pone al centro a las personas y el bienestar de las familias. #Naucalpan #edomex","Junto a compañeras y compañeros Presidentas y Presidentes Municipales, participé en un encuentro encabezado por nuestra Gobernadora, Delfina Gómez Álvarez, que reafirma que la transformación del Estado de México se construye en colectivo y con responsabilidad compartida. Desde Ciudad Naucalpan reitero mi compromiso con un gobierno que pone al centro a las personas y el bienestar de las familias. #Naucalpan #edomex",https://www.facebook.com/isaacmontoya24/posts/pfbid02xSGGrALvbNzcpcyhSquCSQwdXSkEvxhjV3XWVqgDRQVgi16u6qg8jH2Xdv8UmSJql,https://www.facebook.com/isaacmontoya24/posts/pfbid02xSGGrALvbNzcpcyhSquCSQwdXSkEvxhjV3XWVqgDRQVgi16u6qg8jH2Xdv8UmSJql,2026-01-13 18:56:39,2026-01-13,/home/emilio/Documentos/Naucalpan_Semanal_Reportes/Periodico/Enero_Mayo/2026-01-01_al_2026-01-15/Facebook/2026-01-01_al_2026-01-15_Facebook/2026-01-01_al_2026-01-15_Facebook_posts.csv
2026-01-01,2026-01-01_al_2026-01-15_Facebook,isaac_montoya,Isaac Montoya,facebook,Facebook,post_facebook,isaacmontoya24,Isaac Montoya,,"El reconocimiento de la gente es nuestra mayor motivación🤝 Continuamos trabajando todos los días por el bienestar de las y los naucalpenses, recorriendo colonias, escuchando de viva voz y atendiendo las necesidades desde el territorio. Las palabras de nuestras vecinas y vecinos nos recuerdan que cuando el gobierno está presente, cercano y comprometido, la transformación se siente en las comunidades. Seguimos trabajando, con hechos y con la gente. #AquiGobiernaLaEsperanza #Naucalpan #Bienestar #HuellasDeLaTransformacion","El reconocimiento de la gente es nuestra mayor motivación🤝 Continuamos trabajando todos los días por el bienestar de las y los naucalpenses, recorriendo colonias, escuchando de viva voz y atendiendo las necesidades desde el territorio. Las palabras de nuestras vecinas y vecinos nos recuerdan que cuando el gobierno está presente, cercano y comprometido, la transformación se siente en las comunidades. Seguimos trabajando, con hechos y con la gente. #AquiGobiernaLaEsperanza #Naucalpan #Bienestar #HuellasDeLaTransformacion",https://www.facebook.com/reel/852820717592692/,https://www.facebook.com/reel/852820717592692/,2026-01-13 16:21:54,2026-01-13,/home/emilio/Documentos/Naucalpan_Semanal_Reportes/Periodico/Enero_Mayo/2026-01-01_al_2026-01-15/Facebook/2026-01-01_al_2026-01-15_Facebook/2026-01-01_al_2026-01-15_Facebook_posts.csv
2026-01-01,2026-01-01_al_2026-01-15_Facebook,isaac_montoya,Isaac Montoya,facebook,Facebook,post_facebook,isaacmontoya24,Isaac Montoya,,"En este Día Mundial de la Lucha contra la Depresión, quiero decirte algo importante: no estás sola ni solo. La depresión no es una elección, pero buscar ayuda sí lo es. Hablemos, escuchemos y acompañemos sin juicios. La salud mental es prioridad y puede salvar vidas. #AquiGobiernaLaEsperanza #Naucalpan #DiaMunialContraLaDepresion","En este Día Mundial de la Lucha contra la Depresión, quiero decirte algo importante: no estás sola ni solo. La depresión no es una elección, pero buscar ayuda sí lo es. Hablemos, escuchemos y acompañemos sin juicios. La salud mental es prioridad y puede salvar vidas. #AquiGobiernaLaEsperanza #Naucalpan #DiaMunialContraLaDepresion",https://www.facebook.com/isaacmontoya24/posts/pfbid0hoGNPqw8svoqryk5mdVWCEhQkiLZYW1N3TLXmA1pyahTcrUS53xFsVmgtYjgfwDal,https://www.facebook.com/isaacmontoya24/posts/pfbid0hoGNPqw8svoqryk5mdVWCEhQkiLZYW1N3TLXmA1pyahTcrUS53xFsVmgtYjgfwDal,2026-01-13 15:57:54,2026-01-13,/home/emilio/Documentos/Naucalpan_Semanal_Reportes/Periodico/Enero_Mayo/2026-01-01_al_2026-01-15/Facebook/2026-01-01_al_2026-01-15_Facebook/2026-01-01_al_2026-01-15_Facebook_posts.csv
2026-01-01,2026-01-01_al_2026-01-15_Facebook,isaac_montoya,Isaac Montoya,facebook,Facebook,post_facebook,isaacmontoya24,Isaac Montoya,,Mañanera del Pueblo.✅ #AquiGobiernaLaEsperanza #Naucalpan #CuartaTransformacion,Mañanera del Pueblo.✅ #AquiGobiernaLaEsperanza #Naucalpan #CuartaTransformacion,https://www.facebook.com/isaacmontoya24/posts/pfbid0NmokY66Jdm2Uo3rRGrWC1E3vXe4nTZdXTMth2E56kKn8uKNffxv8b1PxXSWSGnnTl,https://www.facebook.com/isaacmontoya24/posts/pfbid0NmokY66Jdm2Uo3rRGrWC1E3vXe4nTZdXTMth2E56kKn8uKNffxv8b1PxXSWSGnnTl,2026-01-13 13:31:41,2026-01-13,/home/emilio/Documentos/Naucalpan_Semanal_Reportes/Periodico/Enero_Mayo/2026-01-01_al_2026-01-15/Facebook/2026-01-01_al_2026-01-15_Facebook/2026-01-01_al_2026-01-15_Facebook_posts.csv
2026-01-01,2026-01-01_al_2026-01-15_Facebook,isaac_montoya,Isaac Montoya,facebook,Facebook,post_facebook,isaacmontoya24,Isaac Montoya,,"Rehabilitación estructural de la Escuela Secundaria General Emiliano Zapata 🏫 Desde años atrás, este plantel sufrió afectaciones graves a causa de las lluvias, al grado de contar con un pronóstico de demolición. Gracias al trabajo coordinado con el Gobierno del Estado de México, encabezado por nuestra Gobernadora, Delfina Gómez Álvarez, la escuela fue rescatada mediante una intervención estructural profunda, realizada desde la base, con ingeniería especializada y materiales de calidad. Hoy, estas acciones garantizan la seguridad de las y los estudiantes y permiten que la comunidad escolar continúe su labor educativa en condiciones dignas. #AquiGobiernaLaEsperanza #IsaacMontoya #Naucalpan #EdoMex #Educación","Rehabilitación estructural de la Escuela Secundaria General Emiliano Zapata 🏫 Desde años atrás, este plantel sufrió afectaciones graves a causa de las lluvias, al grado de contar con un pronóstico de demolición. Gracias al trabajo coordinado con el Gobierno del Estado de México, encabezado por nuestra Gobernadora, Delfina Gómez Álvarez, la escuela fue rescatada mediante una intervención estructural profunda, realizada desde la base, con ingeniería especializada y materiales de calidad. Hoy, estas acciones garantizan la seguridad de las y los estudiantes y permiten que la comunidad escolar continúe su labor educativa en condiciones dignas. #AquiGobiernaLaEsperanza #IsaacMontoya #Naucalpan #EdoMex #Educación",https://www.facebook.com/reel/851218721219892/,https://www.facebook.com/reel/851218721219892/,2026-01-13 13:20:03,2026-01-13,/home/emilio/Documentos/Naucalpan_Semanal_Reportes/Periodico/Enero_Mayo/2026-01-01_al_2026-01-15/Facebook/2026-01-01_al_2026-01-15_Facebook/2026-01-01_al_2026-01-15_Facebook_posts.csv
2026-01-01,2026-01-01_al_2026-01-15_Facebook,isaac_montoya,Isaac Montoya,facebook,Facebook,post_facebook,isaacmontoya24,Isaac Montoya,,"En la Secundaria General Emiliano Zapata, en coordinación con el Gobierno del Estado de México, encabezado por nuestra Gobernadora Delfina Gómez Álvarez, fortalecimos la seguridad de la comunidad escolar con obras de protección del cauce, reforzamiento de la cimentación y la construcción de muros de gavión. Hoy, el entorno es más seguro y digno para nuestras niñas, niños y jóvenes. #AquiGobiernaLaEsperanza #Naucalpan #Edomex #Educacion","En la Secundaria General Emiliano Zapata, en coordinación con el Gobierno del Estado de México, encabezado por nuestra Gobernadora Delfina Gómez Álvarez, fortalecimos la seguridad de la comunidad escolar con obras de protección del cauce, reforzamiento de la cimentación y la construcción de muros de gavión. Hoy, el entorno es más seguro y digno para nuestras niñas, niños y jóvenes. #AquiGobiernaLaEsperanza #Naucalpan #Edomex #Educacion",https://www.facebook.com/isaacmontoya24/posts/pfbid034d8Qk8QMDX2i6W5YTGkyU36D1bfDpkmbhTXoY9tV7ovT2Wc916TpUjbF9d6HtvRCl,https://www.facebook.com/isaacmontoya24/posts/pfbid034d8Qk8QMDX2i6W5YTGkyU36D1bfDpkmbhTXoY9tV7ovT2Wc916TpUjbF9d6HtvRCl,2026-01-13 09:18:50,2026-01-13,/home/emilio/Documentos/Naucalpan_Semanal_Reportes/Periodico/Enero_Mayo/2026-01-01_al_2026-01-15/Facebook/2026-01-01_al_2026-01-15_Facebook/2026-01-01_al_2026-01-15_Facebook_posts.csv
2026-01-01,2026-01-01_al_2026-01-15_Twitter,isaac_montoya,Isaac Montoya,twitter,Twitter/X,tweet,@isaacsolar,@isaacsolar,,"En la Secundaria General Emiliano Zapata, en coordinación con el Gobierno del Estado de México, encabezado por nuestra Gobernadora Delfina Gómez Álvarez, fortalecimos la seguridad de la comunidad escolar con obras de protección del cauce, reforzamiento de la cimentación y la construcción de muros de gavión. Hoy, el entorno es más seguro y digno para nuestras niñas, niños y jóvenes. #AquiGobiernaLaEsperanza #Naucalpan #Edomex #Educacion","En la Secundaria General Emiliano Zapata, en coordinación con el Gobierno del Estado de México, encabezado por nuestra Gobernadora Delfina Gómez Álvarez, fortalecimos la seguridad de la comunidad escolar con obras de protección del cauce, reforzamiento de la cimentación y la construcción de muros de gavión. Hoy, el entorno es más seguro y digno para nuestras niñas, niños y jóvenes. #AquiGobiernaLaEsperanza #Naucalpan #Edomex #Educacion",https://x.com/isaacsolar/status/2011163021897338925,https://x.com/isaacsolar/status/2011163021897338925,2026-01-13 19:46:44+00:00,2026-01-13,/home/emilio/Documentos/Naucalpan_Semanal_Reportes/Periodico/Enero_Mayo/2026-01-01_al_2026-01-15/Twitter/2026-01-01_al_2026-01-15_Twitter/2026-01-01_al_2026-01-15_Twitter_post_institucionales.csv
2026-01-01,2026-01-01_al_2026-01-15_Twitter,isaac_montoya,Isaac Montoya,twitter,Twitter/X,tweet,@isaacsolar,@isaacsolar,,Mañanera del Pueblo. #AquiGobiernaLaEsperanza #Naucalpan #CuartaTransformacion,Mañanera del Pueblo. #AquiGobiernaLaEsperanza #Naucalpan #CuartaTransformacion,https://x.com/isaacsolar/status/2011159211770622069,https://x.com/isaacsolar/status/2011159211770622069,2026-01-13 19:31:36+00:00,2026-01-13,/home/emilio/Documentos/Naucalpan_Semanal_Reportes/Periodico/Enero_Mayo/2026-01-01_al_2026-01-15/Twitter/2026-01-01_al_2026-01-15_Twitter/2026-01-01_al_2026-01-15_Twitter_post_institucionales.csv
2026-01-01,2026-01-01_al_2026-01-15_Twitter,isaac_montoya,Isaac Montoya,twitter,Twitter/X,tweet,@isaacsolar,@isaacsolar,,"Rehabilitación estructural de la Escuela Secundaria General Emiliano Zapata Desde años atrás sufrió afectaciones graves por las lluvias, al grado de tener un pronóstico de demolición. Gracias al trabajo coordinado con el Gobierno del Estado de México, encabezado por nuestra Gobernadora, Delfina Gómez Álvarez, esta escuela fue rescatada mediante una intervención estructural profunda, realizada desde la base, con ingeniería y materiales de calidad, lo que hoy garantiza seguridad para las y los estudiantes y permite que la comunidad escolar continúe su labor educativa en condiciones dignas. #AquiGobiernaLaEsperanza #IsaacMontoya #Naucalpan #EdoMex #Educacion","Rehabilitación estructural de la Escuela Secundaria General Emiliano Zapata Desde años atrás sufrió afectaciones graves por las lluvias, al grado de tener un pronóstico de demolición. Gracias al trabajo coordinado con el Gobierno del Estado de México, encabezado por nuestra Gobernadora, Delfina Gómez Álvarez, esta escuela fue rescatada mediante una intervención estructural profunda, realizada desde la base, con ingeniería y materiales de calidad, lo que hoy garantiza seguridad para las y los estudiantes y permite que la comunidad escolar continúe su labor educativa en condiciones dignas. #AquiGobiernaLaEsperanza #IsaacMontoya #Naucalpan #EdoMex #Educacion",https://x.com/isaacsolar/status/2011156138000081187,https://x.com/isaacsolar/status/2011156138000081187,2026-01-13 19:19:23+00:00,2026-01-13,/home/emilio/Documentos/Naucalpan_Semanal_Reportes/Periodico/Enero_Mayo/2026-01-01_al_2026-01-15/Twitter/2026-01-01_al_2026-01-15_Twitter/2026-01-01_al_2026-01-15_Twitter_post_institucionales.csv
2026-01-01,2026-01-01_al_2026-01-15_Facebook,isaac_montoya,Isaac Montoya,facebook,Facebook,post_facebook,isaacmontoya24,Isaac Montoya,,"Acudí a Minas San Martín para entregar la rehabilitación estructural de la Escuela Secundaria General Emiliano Zapata, una institución que desde años atrás sufrió afectaciones graves por las lluvias, al grado de tener un pronóstico de demolición. Gracias al trabajo coordinado con el Gobierno del Estado de México, encabezado por nuestra Gobernadora, Delfina Gómez, esta escuela fue rescatada mediante una intervención estructural profunda, realizada desde la base, con ingeniería y materiales de calidad, lo que hoy garantiza seguridad para las y los estudiantes y permite que la comunidad escolar continúe su labor educativa en condiciones dignas. La educación es un derecho y una prioridad. Seguimos gobernando desde el territorio, atendiendo problemas que dejaron crecer durante años y que hoy se traducen en obras seguras, útiles y duraderas, pensadas para el bienestar común. #AquiGobiernaLaEsperanza #IsaacMontoya #Naucalpan #EdoMex #EducacionEsDerecho","Acudí a Minas San Martín para entregar la rehabilitación estructural de la Escuela Secundaria General Emiliano Zapata, una institución que desde años atrás sufrió afectaciones graves por las lluvias, al grado de tener un pronóstico de demolición. Gracias al trabajo coordinado con el Gobierno del Estado de México, encabezado por nuestra Gobernadora, Delfina Gómez, esta escuela fue rescatada mediante una intervención estructural profunda, realizada desde la base, con ingeniería y materiales de calidad, lo que hoy garantiza seguridad para las y los estudiantes y permite que la comunidad escolar continúe su labor educativa en condiciones dignas. La educación es un derecho y una prioridad. Seguimos gobernando desde el territorio, atendiendo problemas que dejaron crecer durante años y que hoy se traducen en obras seguras, útiles y duraderas, pensadas para el bienestar común. #AquiGobiernaLaEsperanza #IsaacMontoya #Naucalpan #EdoMex #EducacionEsDerecho",https://www.facebook.com/isaacmontoya24/posts/pfbid06ernM3oirtR5HWYgU7MubnWjPqdY9XGhMyDxWoo9bW7CMTQLRjPzMTHP7oEqNdPhl,https://www.facebook.com/isaacmontoya24/posts/pfbid06ernM3oirtR5HWYgU7MubnWjPqdY9XGhMyDxWoo9bW7CMTQLRjPzMTHP7oEqNdPhl,2026-01-12 17:53:45,2026-01-12,/home/emilio/Documentos/Naucalpan_Semanal_Reportes/Periodico/Enero_Mayo/2026-01-01_al_2026-01-15/Facebook/2026-01-01_al_2026-01-15_Facebook/2026-01-01_al_2026-01-15_Facebook_posts.csv
2026-01-01,2026-01-01_al_2026-01-15_Facebook,isaac_montoya,Isaac Montoya,facebook,Facebook,post_facebook,isaacmontoya24,Isaac Montoya,,"Con el impulso y liderazgo de la Gobernadora Delfina Gómez Álvarez, la Línea 3 del Mexicable avanza con 53% de progreso en Ciudad Naucalpan 🚋 Esta obra acerca oportunidades, reduce traslados y brinda una movilidad más segura y digna a miles de familias de las zonas altas, que durante años esperaron una solución. Desde Ciudad Naucalpan seguimos trabajando de manera coordinada para que el transporte público sea un derecho y para que la transformación llegue a cada rincón. #AquiGobiernaLaEsperanza #Naucalpan #EdoMex #Mexicable #Linea3","Con el impulso y liderazgo de la Gobernadora Delfina Gómez Álvarez, la Línea 3 del Mexicable avanza con 53% de progreso en Ciudad Naucalpan 🚋 Esta obra acerca oportunidades, reduce traslados y brinda una movilidad más segura y digna a miles de familias de las zonas altas, que durante años esperaron una solución. Desde Ciudad Naucalpan seguimos trabajando de manera coordinada para que el transporte público sea un derecho y para que la transformación llegue a cada rincón. #AquiGobiernaLaEsperanza #Naucalpan #EdoMex #Mexicable #Linea3",https://www.facebook.com/isaacmontoya24/posts/pfbid06H8FjUyUH7ryweY3ovJM39vEDaC49UDGRECMDuvwcFrNzQC43cDFxfPszgf5mm8cl,https://www.facebook.com/isaacmontoya24/posts/pfbid06H8FjUyUH7ryweY3ovJM39vEDaC49UDGRECMDuvwcFrNzQC43cDFxfPszgf5mm8cl,2026-01-12 16:12:47,2026-01-12,/home/emilio/Documentos/Naucalpan_Semanal_Reportes/Periodico/Enero_Mayo/2026-01-01_al_2026-01-15/Facebook/2026-01-01_al_2026-01-15_Facebook/2026-01-01_al_2026-01-15_Facebook_posts.csv
2026-01-01,2026-01-01_al_2026-01-15_Facebook,isaac_montoya,Isaac Montoya,facebook,Facebook,post_facebook,isaacmontoya24,Isaac Montoya,,Mañanera del Pueblo.✅ #AquiGobiernaLaEsperanza #Naucalpan #CuartaTransformacion,Mañanera del Pueblo.✅ #AquiGobiernaLaEsperanza #Naucalpan #CuartaTransformacion,https://www.facebook.com/isaacmontoya24/posts/pfbid0DRUBXe5WMCWjmH9ietAJAeY9c7kKLdjjPWj8vurK1U9pWw6CwStGU9AK3cTnAjHal,https://www.facebook.com/isaacmontoya24/posts/pfbid0DRUBXe5WMCWjmH9ietAJAeY9c7kKLdjjPWj8vurK1U9pWw6CwStGU9AK3cTnAjHal,2026-01-12 13:54:31,2026-01-12,/home/emilio/Documentos/Naucalpan_Semanal_Reportes/Periodico/Enero_Mayo/2026-01-01_al_2026-01-15/Facebook/2026-01-01_al_2026-01-15_Facebook/2026-01-01_al_2026-01-15_Facebook_posts.csv
2026-01-01,2026-01-01_al_2026-01-15_Facebook,isaac_montoya,Isaac Montoya,facebook,Facebook,post_facebook,isaacmontoya24,Isaac Montoya,,"Hoy participé en la primera Mesa de Paz del año, como parte del Mando Unificado Oriente, en coordinación con autoridades estatales y federales. Esta sesión, encabezada por nuestra Gobernadora Delfina Gómez Álvarez, se llevó a cabo en Valle de Chalco Solidaridad. #AquiGobiernaLaEsperanza #Edomex #Naucalpan #MesaDePaz","Hoy participé en la primera Mesa de Paz del año, como parte del Mando Unificado Oriente, en coordinación con autoridades estatales y federales. Esta sesión, encabezada por nuestra Gobernadora Delfina Gómez Álvarez, se llevó a cabo en Valle de Chalco Solidaridad. #AquiGobiernaLaEsperanza #Edomex #Naucalpan #MesaDePaz",https://www.facebook.com/isaacmontoya24/posts/pfbid02964pqsn9p17e5z96g36bbDhvtxZDF72gy1UThv81yrqT8JFEKRZZKv1LwNNUW4cal,https://www.facebook.com/isaacmontoya24/posts/pfbid02964pqsn9p17e5z96g36bbDhvtxZDF72gy1UThv81yrqT8JFEKRZZKv1LwNNUW4cal,2026-01-12 12:11:28,2026-01-12,/home/emilio/Documentos/Naucalpan_Semanal_Reportes/Periodico/Enero_Mayo/2026-01-01_al_2026-01-15/Facebook/2026-01-01_al_2026-01-15_Facebook/2026-01-01_al_2026-01-15_Facebook_posts.csv
2026-01-01,2026-01-01_al_2026-01-15_Facebook,isaac_montoya,Isaac Montoya,facebook,Facebook,post_facebook,isaacmontoya24,Isaac Montoya,,"En Ciudad Naucalpan seguimos festejando Día de Reyes a través del DIF Naucalpan. 👑👑👑 Una tarde de sonrisas, juegos y convivencia familiar, donde cada niña y niño recibió un regalo y la comunidad volvió a encontrarse. #AquiGobiernaLaEsperanza #Naucalpan #DiaDeReyes #DIFNaucalpan","En Ciudad Naucalpan seguimos festejando Día de Reyes a través del DIF Naucalpan. 👑👑👑 Una tarde de sonrisas, juegos y convivencia familiar, donde cada niña y niño recibió un regalo y la comunidad volvió a encontrarse. #AquiGobiernaLaEsperanza #Naucalpan #DiaDeReyes #DIFNaucalpan",https://www.facebook.com/reel/1326500479280356/,https://www.facebook.com/reel/1326500479280356/,2026-01-10 17:44:05,2026-01-10,/home/emilio/Documentos/Naucalpan_Semanal_Reportes/Periodico/Enero_Mayo/2026-01-01_al_2026-01-15/Facebook/2026-01-01_al_2026-01-15_Facebook/2026-01-01_al_2026-01-15_Facebook_posts.csv
2026-01-01,2026-01-01_al_2026-01-15_Facebook,isaac_montoya,Isaac Montoya,facebook,Facebook,post_facebook,isaacmontoya24,Isaac Montoya,,"Esta tarde estuvimos en San Lorenzo Totolinga 1ª Sección, celebrando el Día de Reyes a través del DIF Naucalpan, en un encuentro pensado para las niñas, los niños y la convivencia familiar. ✨ Ver a la comunidad reunida, compartiendo juegos, risas y tradición, confirma que cuando el gobierno está presente en las colonias, la esperanza se siente. Cada menor recibió un regalo y vivimos momentos muy especiales con los sorteos de bicicletas y triciclos, que llenaron de emoción a muchas familias. San Lorenzo Totolinga y el Corredor de las Huertas han sido zonas olvidadas durante años, y eso tiene que cambiar. Por eso compartí con las vecinas y vecinos un compromiso claro: este 2026 vamos a invertir en obra pública para dignificar sus calles y espacios. Además, La Comuna se fortalece y crecerá como nunca: el presupuesto se duplicará de 30 a 60 millones de pesos, para que la gente participe directamente en la mejora de sus vialidades. Seguimos gobernando desde el territorio, escuchando y cumpliendo. 🤝 #AquiGobiernaLaEsperanza #Naucalpan #DiaDeReyes #DIFNaucalpan","Esta tarde estuvimos en San Lorenzo Totolinga 1ª Sección, celebrando el Día de Reyes a través del DIF Naucalpan, en un encuentro pensado para las niñas, los niños y la convivencia familiar. ✨ Ver a la comunidad reunida, compartiendo juegos, risas y tradición, confirma que cuando el gobierno está presente en las colonias, la esperanza se siente. Cada menor recibió un regalo y vivimos momentos muy especiales con los sorteos de bicicletas y triciclos, que llenaron de emoción a muchas familias. San Lorenzo Totolinga y el Corredor de las Huertas han sido zonas olvidadas durante años, y eso tiene que cambiar. Por eso compartí con las vecinas y vecinos un compromiso claro: este 2026 vamos a invertir en obra pública para dignificar sus calles y espacios. Además, La Comuna se fortalece y crecerá como nunca: el presupuesto se duplicará de 30 a 60 millones de pesos, para que la gente participe directamente en la mejora de sus vialidades. Seguimos gobernando desde el territorio, escuchando y cumpliendo. 🤝 #AquiGobiernaLaEsperanza #Naucalpan #DiaDeReyes #DIFNaucalpan",https://www.facebook.com/isaacmontoya24/posts/pfbid02tGN2W1y2R7uqNbVHtgGSJmQa8Z8SAzVxsR7MAxa3cfNqUPNCyxc1fmPWzuAG6tC6l,https://www.facebook.com/isaacmontoya24/posts/pfbid02tGN2W1y2R7uqNbVHtgGSJmQa8Z8SAzVxsR7MAxa3cfNqUPNCyxc1fmPWzuAG6tC6l,2026-01-10 17:39:42,2026-01-10,/home/emilio/Documentos/Naucalpan_Semanal_Reportes/Periodico/Enero_Mayo/2026-01-01_al_2026-01-15/Facebook/2026-01-01_al_2026-01-15_Facebook/2026-01-01_al_2026-01-15_Facebook_posts.csv
2026-01-01,2026-01-01_al_2026-01-15_Facebook,isaac_montoya,Isaac Montoya,facebook,Facebook,post_facebook,isaacmontoya24,Isaac Montoya,,"Compartimos una tarde de alegría con niñas, niños y familias de Las Huertas 3ª Sección, celebrando el Día de Reyes a través del DIF Naucalpan, manteniendo vivas nuestras tradiciones y fortaleciendo la convivencia comunitaria. ✨ Cada pequeño recibió un regalo y disfrutó de juegos, risas y la emoción de los sorteos, porque cuidar la infancia también es construir comunidad. Aproveché este encuentro para reafirmar lo que viene en 2026: fortalecer la seguridad con 1,000 cámaras de videovigilancia de alta tecnología y duplicar el alcance del programa La Comuna, para dignificar calles y espacios que por años fueron olvidados. Seguimos trabajando desde las colonias, con hechos y con esperanza. #AquiGobiernaLaEsperanza #Naucalpan #DIFNaucalpan","Compartimos una tarde de alegría con niñas, niños y familias de Las Huertas 3ª Sección, celebrando el Día de Reyes a través del DIF Naucalpan, manteniendo vivas nuestras tradiciones y fortaleciendo la convivencia comunitaria. ✨ Cada pequeño recibió un regalo y disfrutó de juegos, risas y la emoción de los sorteos, porque cuidar la infancia también es construir comunidad. Aproveché este encuentro para reafirmar lo que viene en 2026: fortalecer la seguridad con 1,000 cámaras de videovigilancia de alta tecnología y duplicar el alcance del programa La Comuna, para dignificar calles y espacios que por años fueron olvidados. Seguimos trabajando desde las colonias, con hechos y con esperanza. #AquiGobiernaLaEsperanza #Naucalpan #DIFNaucalpan",https://www.facebook.com/isaacmontoya24/posts/pfbid0vAmyRNYSGSVCATZSZC1cgFCYuRKTq6XhcVC9xJySsoZaKxhBBkQTwxr5cR7pz4Ytl,https://www.facebook.com/isaacmontoya24/posts/pfbid0vAmyRNYSGSVCATZSZC1cgFCYuRKTq6XhcVC9xJySsoZaKxhBBkQTwxr5cR7pz4Ytl,2026-01-10 17:11:29,2026-01-10,/home/emilio/Documentos/Naucalpan_Semanal_Reportes/Periodico/Enero_Mayo/2026-01-01_al_2026-01-15/Facebook/2026-01-01_al_2026-01-15_Facebook/2026-01-01_al_2026-01-15_Facebook_posts.csv
2026-01-01,2026-01-01_al_2026-01-15_Twitter,isaac_montoya,Isaac Montoya,twitter,Twitter/X,tweet,@isaacsolar,@isaacsolar,,"Esta tarde también estuvimos en San Lorenzo Totolinga 1ª Sección, celebrando el Día de Reyes a través del DIF Naucalpan. Ver a la comunidad reunida, compartiendo juegos, risas y tradición, confirma que cuando el gobierno está presente en las colonias, la esperanza se siente.","Esta tarde también estuvimos en San Lorenzo Totolinga 1ª Sección, celebrando el Día de Reyes a través del DIF Naucalpan. Ver a la comunidad reunida, compartiendo juegos, risas y tradición, confirma que cuando el gobierno está presente en las colonias, la esperanza se siente.",https://x.com/isaacsolar/status/2010134492841677073,https://x.com/isaacsolar/status/2010134492841677073,2026-01-10 23:39:44+00:00,2026-01-10,/home/emilio/Documentos/Naucalpan_Semanal_Reportes/Periodico/Enero_Mayo/2026-01-01_al_2026-01-15/Twitter/2026-01-01_al_2026-01-15_Twitter/2026-01-01_al_2026-01-15_Twitter_post_institucionales.csv
2026-01-01,2026-01-01_al_2026-01-15_Facebook,isaac_montoya,Isaac Montoya,facebook,Facebook,post_facebook,isaacmontoya24,Isaac Montoya,,"En el marco de Día de Reyes celebramos a cientos de niñas y niños en la Plaza Central del Parque Naucalli, compartiendo risas, juegos y momentos de alegría. 🎁✨ Este festejo estuvo dedicado a hijas e hijos de nuestra Guardia Municipal, en agradecimiento a madres y padres que cuidan todos los días a las familias de Ciudad Naucalpan. Con el DIF Municipal, vivimos una jornada que dejó sonrisas y recuerdos para siempre. #AquiGobiernaLaEsperanza #Naucalpan #DiaDeReyes","En el marco de Día de Reyes celebramos a cientos de niñas y niños en la Plaza Central del Parque Naucalli, compartiendo risas, juegos y momentos de alegría. 🎁✨ Este festejo estuvo dedicado a hijas e hijos de nuestra Guardia Municipal, en agradecimiento a madres y padres que cuidan todos los días a las familias de Ciudad Naucalpan. Con el DIF Municipal, vivimos una jornada que dejó sonrisas y recuerdos para siempre. #AquiGobiernaLaEsperanza #Naucalpan #DiaDeReyes",https://www.facebook.com/reel/1528645024911276/,https://www.facebook.com/reel/1528645024911276/,2026-01-09 22:01:45,2026-01-09,/home/emilio/Documentos/Naucalpan_Semanal_Reportes/Periodico/Enero_Mayo/2026-01-01_al_2026-01-15/Facebook/2026-01-01_al_2026-01-15_Facebook/2026-01-01_al_2026-01-15_Facebook_posts.csv
2026-01-01,2026-01-01_al_2026-01-15_Facebook,isaac_montoya,Isaac Montoya,facebook,Facebook,post_facebook,isaacmontoya24,Isaac Montoya,,"En el marco del Día de Reyes, festejamos a cientos de niñas y niños en la Plaza Central del Parque Naucalli, rodeados de risas, juegos y sonrisas. 🎁✨ Compartí esta jornada con hijas e hijos de los elementos de nuestra Guardia Municipal; niñas y niños que crecen con orgullo, sabiendo que sus mamás y papás cuidan todos los días a las familias de Ciudad Naucalpan. No podíamos dejar pasar esta fecha sin agradecerles, porque mientras ellas y ellos protegen a nuestra ciudad, nosotros tenemos la responsabilidad de cuidar lo más valioso: su familia. Con el acompañamiento del DIF Municipal, las y los pequeños disfrutaron de bailes, juegos, actividades recreativas y juguetes. Fue un momento de alegría, convivencia y unión, de esos que se quedan en la memoria. También me llenó el corazón compartir con el grupo Reversible, niñas y niños que, a través de la música, nos enseñan que el talento y la sensibilidad no tienen límites. #AquiGobiernaLaEsperanza #Naucalpan #DiaDeReyes #DIFNaucalpan","En el marco del Día de Reyes, festejamos a cientos de niñas y niños en la Plaza Central del Parque Naucalli, rodeados de risas, juegos y sonrisas. 🎁✨ Compartí esta jornada con hijas e hijos de los elementos de nuestra Guardia Municipal; niñas y niños que crecen con orgullo, sabiendo que sus mamás y papás cuidan todos los días a las familias de Ciudad Naucalpan. No podíamos dejar pasar esta fecha sin agradecerles, porque mientras ellas y ellos protegen a nuestra ciudad, nosotros tenemos la responsabilidad de cuidar lo más valioso: su familia. Con el acompañamiento del DIF Municipal, las y los pequeños disfrutaron de bailes, juegos, actividades recreativas y juguetes. Fue un momento de alegría, convivencia y unión, de esos que se quedan en la memoria. También me llenó el corazón compartir con el grupo Reversible, niñas y niños que, a través de la música, nos enseñan que el talento y la sensibilidad no tienen límites. #AquiGobiernaLaEsperanza #Naucalpan #DiaDeReyes #DIFNaucalpan",https://www.facebook.com/isaacmontoya24/posts/pfbid021VJ3qufkuqwFXJMa5vL3vwXKo1vQ9Mbfzrtu5Lrjy1xfgwpDFYqS3AVkyqrZXuPul,https://www.facebook.com/isaacmontoya24/posts/pfbid021VJ3qufkuqwFXJMa5vL3vwXKo1vQ9Mbfzrtu5Lrjy1xfgwpDFYqS3AVkyqrZXuPul,2026-01-09 20:54:40,2026-01-09,/home/emilio/Documentos/Naucalpan_Semanal_Reportes/Periodico/Enero_Mayo/2026-01-01_al_2026-01-15/Facebook/2026-01-01_al_2026-01-15_Facebook/2026-01-01_al_2026-01-15_Facebook_posts.csv
2026-01-01,2026-01-01_al_2026-01-15_Facebook,isaac_montoya,Isaac Montoya,facebook,Facebook,post_facebook,isaacmontoya24,Isaac Montoya,,"Hoy tuve el privilegio de compartir con las hijas e hijos de las y los elementos de nuestra Guardia Municipal, quienes todos los días cuidan de nuestras familias. En Ciudad Naucalpan, la transformación también se siente en los pequeños grandes momentos que dejan huella en la niñez. Seguiremos caminando con el pueblo, cuidando lo más valioso que tenemos: nuestras niñas y nuestros niños. #AquiGobiernaLaEsperanza #Naucalpan #GuardiaMunicipal #DIFNaucalpan","Hoy tuve el privilegio de compartir con las hijas e hijos de las y los elementos de nuestra Guardia Municipal, quienes todos los días cuidan de nuestras familias. En Ciudad Naucalpan, la transformación también se siente en los pequeños grandes momentos que dejan huella en la niñez. Seguiremos caminando con el pueblo, cuidando lo más valioso que tenemos: nuestras niñas y nuestros niños. #AquiGobiernaLaEsperanza #Naucalpan #GuardiaMunicipal #DIFNaucalpan",https://www.facebook.com/isaacmontoya24/posts/pfbid02viLVaim98n4CxP8j35qe7oGT8kPbXhviHd7nmZFsHSn5rW293QhxfGJcn8aDVQ4Kl,https://www.facebook.com/isaacmontoya24/posts/pfbid02viLVaim98n4CxP8j35qe7oGT8kPbXhviHd7nmZFsHSn5rW293QhxfGJcn8aDVQ4Kl,2026-01-09 19:57:12,2026-01-09,/home/emilio/Documentos/Naucalpan_Semanal_Reportes/Periodico/Enero_Mayo/2026-01-01_al_2026-01-15/Facebook/2026-01-01_al_2026-01-15_Facebook/2026-01-01_al_2026-01-15_Facebook_posts.csv
2026-01-01,2026-01-01_al_2026-01-15_Facebook,isaac_montoya,Isaac Montoya,facebook,Facebook,post_facebook,isaacmontoya24,Isaac Montoya,,"Los Reyes Magos llegaron a todos los rincones de Ciudad Naucalpan.✨ Las sonrisas y las palabras de agradecimiento de niñas, niños y familias naucalpenses nos recuerdan que cuando se gobierna con cercanía, la esperanza llega a cada hogar. #AquiGobiernaLaEsperanza DíaDeReyes #Naucalpan","Los Reyes Magos llegaron a todos los rincones de Ciudad Naucalpan.✨ Las sonrisas y las palabras de agradecimiento de niñas, niños y familias naucalpenses nos recuerdan que cuando se gobierna con cercanía, la esperanza llega a cada hogar. #AquiGobiernaLaEsperanza DíaDeReyes #Naucalpan",https://www.facebook.com/reel/33017515054559294/,https://www.facebook.com/reel/33017515054559294/,2026-01-09 17:08:45,2026-01-09,/home/emilio/Documentos/Naucalpan_Semanal_Reportes/Periodico/Enero_Mayo/2026-01-01_al_2026-01-15/Facebook/2026-01-01_al_2026-01-15_Facebook/2026-01-01_al_2026-01-15_Facebook_posts.csv
2026-01-01,2026-01-01_al_2026-01-15_Facebook,isaac_montoya,Isaac Montoya,facebook,Facebook,post_facebook,isaacmontoya24,Isaac Montoya,,"Día de Reyes en Ciudad Naucalpan ✨👑 La magia del Día de Reyes se vivió en grande. Más de 6 mil niñas y niños celebraron esta tradición tan especial en el Parque Revolución, Izcalli Chamapa, Santiago Tepatlaxco y San Mateo Nopala. Estos festejos fueron organizados por el Ayuntamiento de Naucalpan, a través del Sistema DIF Municipal, con el objetivo de fortalecer el tejido social y preservar nuestras tradiciones mexicanas, llevando alegría, ilusión y esperanza a las familias naucalpenses. Aquí gobierna la esperanza. #AquiGobiernaLaEsperanza #Naucalpan #DIFNaucalpan #DiaDeReyes","Día de Reyes en Ciudad Naucalpan ✨👑 La magia del Día de Reyes se vivió en grande. Más de 6 mil niñas y niños celebraron esta tradición tan especial en el Parque Revolución, Izcalli Chamapa, Santiago Tepatlaxco y San Mateo Nopala. Estos festejos fueron organizados por el Ayuntamiento de Naucalpan, a través del Sistema DIF Municipal, con el objetivo de fortalecer el tejido social y preservar nuestras tradiciones mexicanas, llevando alegría, ilusión y esperanza a las familias naucalpenses. Aquí gobierna la esperanza. #AquiGobiernaLaEsperanza #Naucalpan #DIFNaucalpan #DiaDeReyes",https://www.facebook.com/reel/1251409893512245/,https://www.facebook.com/reel/1251409893512245/,2026-01-09 13:07:44,2026-01-09,/home/emilio/Documentos/Naucalpan_Semanal_Reportes/Periodico/Enero_Mayo/2026-01-01_al_2026-01-15/Facebook/2026-01-01_al_2026-01-15_Facebook/2026-01-01_al_2026-01-15_Facebook_posts.csv
2026-01-01,2026-01-01_al_2026-01-15_Facebook,isaac_montoya,Isaac Montoya,facebook,Facebook,post_facebook,isaacmontoya24,Isaac Montoya,,"Avance del 53% del Mexicable Línea 3🚋 La Línea 3 del Mexicable representa justicia social en movimiento: menos tiempo de traslado, mayor seguridad y una conexión digna para miles de familias que, durante años, han enfrentado recorridos largos y complicados. Desde Ciudad Naucalpan seguimos trabajando de manera coordinada con el Gobierno del Estado, encabezado por nuestra Gobernadora Delfina Gómez Álvarez, para que el transporte público sea un derecho y no un privilegio, y para que las grandes obras lleguen primero a quienes más las necesitan. #AquiGobiernaLaEsperanza #Naucalpan #EdoMex #Mexicable #Linea3","Avance del 53% del Mexicable Línea 3🚋 La Línea 3 del Mexicable representa justicia social en movimiento: menos tiempo de traslado, mayor seguridad y una conexión digna para miles de familias que, durante años, han enfrentado recorridos largos y complicados. Desde Ciudad Naucalpan seguimos trabajando de manera coordinada con el Gobierno del Estado, encabezado por nuestra Gobernadora Delfina Gómez Álvarez, para que el transporte público sea un derecho y no un privilegio, y para que las grandes obras lleguen primero a quienes más las necesitan. #AquiGobiernaLaEsperanza #Naucalpan #EdoMex #Mexicable #Linea3",https://www.facebook.com/reel/727531653411868/,https://www.facebook.com/reel/727531653411868/,2026-01-09 09:06:12,2026-01-09,/home/emilio/Documentos/Naucalpan_Semanal_Reportes/Periodico/Enero_Mayo/2026-01-01_al_2026-01-15/Facebook/2026-01-01_al_2026-01-15_Facebook/2026-01-01_al_2026-01-15_Facebook_posts.csv
2026-01-01,2026-01-01_al_2026-01-15_Facebook,isaac_montoya,Isaac Montoya,facebook,Facebook,post_facebook,isaacmontoya24,Isaac Montoya,,"Seguimos trabajando con amor, justicia social y compromiso, para que la esperanza llegue a todas las casas. ✨👑👑👑 #DiaDeReyes #Naucalpan","Seguimos trabajando con amor, justicia social y compromiso, para que la esperanza llegue a todas las casas. ✨👑👑👑 #DiaDeReyes #Naucalpan",https://www.facebook.com/reel/1746961069594275/,https://www.facebook.com/reel/1746961069594275/,2026-01-08 15:50:10,2026-01-08,/home/emilio/Documentos/Naucalpan_Semanal_Reportes/Periodico/Enero_Mayo/2026-01-01_al_2026-01-15/Facebook/2026-01-01_al_2026-01-15_Facebook/2026-01-01_al_2026-01-15_Facebook_posts.csv
2026-01-01,2026-01-01_al_2026-01-15_Facebook,isaac_montoya,Isaac Montoya,facebook,Facebook,post_facebook,isaacmontoya24,Isaac Montoya,,Mañanera del Pueblo.✅ #AquiGobiernaLaEsperanza #Naucalpan #CuartaTransformacion,Mañanera del Pueblo.✅ #AquiGobiernaLaEsperanza #Naucalpan #CuartaTransformacion,https://www.facebook.com/isaacmontoya24/posts/pfbid02CFKbBxDyccuipj9S63eJNrwwQpdPZCeuJ8oDDkqYK2geGCoUvSx4ht1v9jihxBurl,https://www.facebook.com/isaacmontoya24/posts/pfbid02CFKbBxDyccuipj9S63eJNrwwQpdPZCeuJ8oDDkqYK2geGCoUvSx4ht1v9jihxBurl,2026-01-08 14:53:07,2026-01-08,/home/emilio/Documentos/Naucalpan_Semanal_Reportes/Periodico/Enero_Mayo/2026-01-01_al_2026-01-15/Facebook/2026-01-01_al_2026-01-15_Facebook/2026-01-01_al_2026-01-15_Facebook_posts.csv
2026-01-01,2026-01-01_al_2026-01-15_Facebook,isaac_montoya,Isaac Montoya,facebook,Facebook,post_facebook,isaacmontoya24,Isaac Montoya,,"La cancha de fútbol de Santiago Tepatlaxco se llenó de sonrisas, ilusión y alegría. 👑 Celebramos el Día de Reyes junto a niñas y niños de la zona alta de Ciudad Naucalpan, compartiendo una jornada pensada para fortalecer la convivencia y el tejido social. Gracias al trabajo del DIF Municipal, cada niña y cada niño recibió un regalo, disfrutó de juegos, un show de payasos y la rifa de bicicletas, porque su felicidad y su derecho al juego siempre serán una prioridad. Seguiremos trabajando para que ninguna niña y ningún niño se quede atrás, y para que en Ciudad Naucalpan la magia, la alegría y la esperanza lleguen a todos los rincones. 🤍 #AquiGobiernaLaEsperanza #Naucalpan #DiaDeReyes #InfanciaFeliz #DIFNaucalpan","La cancha de fútbol de Santiago Tepatlaxco se llenó de sonrisas, ilusión y alegría. 👑 Celebramos el Día de Reyes junto a niñas y niños de la zona alta de Ciudad Naucalpan, compartiendo una jornada pensada para fortalecer la convivencia y el tejido social. Gracias al trabajo del DIF Municipal, cada niña y cada niño recibió un regalo, disfrutó de juegos, un show de payasos y la rifa de bicicletas, porque su felicidad y su derecho al juego siempre serán una prioridad. Seguiremos trabajando para que ninguna niña y ningún niño se quede atrás, y para que en Ciudad Naucalpan la magia, la alegría y la esperanza lleguen a todos los rincones. 🤍 #AquiGobiernaLaEsperanza #Naucalpan #DiaDeReyes #InfanciaFeliz #DIFNaucalpan",https://www.facebook.com/isaacmontoya24/posts/pfbid02bdVWrgXJ7N94cRe4c56WUpyvgyfahdY3x32uxTEaMtyFy4bcQVvEWTAiRWfc7ra3l,https://www.facebook.com/isaacmontoya24/posts/pfbid02bdVWrgXJ7N94cRe4c56WUpyvgyfahdY3x32uxTEaMtyFy4bcQVvEWTAiRWfc7ra3l,2026-01-08 00:04:39,2026-01-08,/home/emilio/Documentos/Naucalpan_Semanal_Reportes/Periodico/Enero_Mayo/2026-01-01_al_2026-01-15/Facebook/2026-01-01_al_2026-01-15_Facebook/2026-01-01_al_2026-01-15_Facebook_posts.csv
2026-01-01,2026-01-01_al_2026-01-15_Facebook,isaac_montoya,Isaac Montoya,facebook,Facebook,post_facebook,isaacmontoya24,Isaac Montoya,,"El Frontón de Izcalli Chamapa se llenó de risas, ilusión y alegría. 👑✨ Ahí celebramos el Día de Reyes con niñas y niños de la comunidad, compartiendo un momento pensado para ellas y ellos, que son el presente y el futuro de Ciudad Naucalpan. Como vecino de esta colonia, me dio mucho gusto entregar personalmente juguetes, convivir con las familias y ver a las niñas y los niños disfrutar del show de payasos y de la rifa de bicicletas, en una tarde que nos recordó la importancia de cuidar la infancia. A través del DIF Naucalpan, cada niña y cada niño también recibió su rebanada de rosca de Reyes, porque las tradiciones, cuando se viven en comunidad, fortalecen el corazón y la esperanza. Seguiremos trabajando para que ningún niño ni niña se quede atrás, y para que en Naucalpan la alegría, el juego y la ilusión lleguen a todos los rincones. #AquiGobiernaLaEsperanza #Naucalpan #DiaDeReyes #InfanciaFeliz #DIFNaucalpan","El Frontón de Izcalli Chamapa se llenó de risas, ilusión y alegría. 👑✨ Ahí celebramos el Día de Reyes con niñas y niños de la comunidad, compartiendo un momento pensado para ellas y ellos, que son el presente y el futuro de Ciudad Naucalpan. Como vecino de esta colonia, me dio mucho gusto entregar personalmente juguetes, convivir con las familias y ver a las niñas y los niños disfrutar del show de payasos y de la rifa de bicicletas, en una tarde que nos recordó la importancia de cuidar la infancia. A través del DIF Naucalpan, cada niña y cada niño también recibió su rebanada de rosca de Reyes, porque las tradiciones, cuando se viven en comunidad, fortalecen el corazón y la esperanza. Seguiremos trabajando para que ningún niño ni niña se quede atrás, y para que en Naucalpan la alegría, el juego y la ilusión lleguen a todos los rincones. #AquiGobiernaLaEsperanza #Naucalpan #DiaDeReyes #InfanciaFeliz #DIFNaucalpan",https://www.facebook.com/isaacmontoya24/posts/pfbid0m6PCJWijXZJG39eMJMFgorQTXQi8CYebmKiVMf43qxCRNjUu1qradN34AES5bzhWl,https://www.facebook.com/isaacmontoya24/posts/pfbid0m6PCJWijXZJG39eMJMFgorQTXQi8CYebmKiVMf43qxCRNjUu1qradN34AES5bzhWl,2026-01-07 23:34:32,2026-01-07,/home/emilio/Documentos/Naucalpan_Semanal_Reportes/Periodico/Enero_Mayo/2026-01-01_al_2026-01-15/Facebook/2026-01-01_al_2026-01-15_Facebook/2026-01-01_al_2026-01-15_Facebook_posts.csv
2026-01-01,2026-01-01_al_2026-01-15_Facebook,isaac_montoya,Isaac Montoya,facebook,Facebook,post_facebook,isaacmontoya24,Isaac Montoya,,"La Plaza Cívica de San Mateo Nopala se llenó de sonrisas, ilusión y esperanza. ✨👑 Más de 1,500 niñas y niños naucalpenses celebraron el Día de Reyes en una tarde pensada especialmente para ellas y ellos. A través del DIF Naucalpan, cada niña y cada niño recibió un juguete y su rosca de Reyes, porque la alegría también se construye con acciones sencillas, pero llenas de corazón. Seguiremos trabajando para que la infancia de Ciudad Naucalpan crezca con dignidad, cuidado y felicidad. Porque cuando ponemos a las niñas y los niños al centro, la esperanza se vuelve realidad. 🤍 #AquiGobiernaLaEsperanza #Naucalpan #DIFNaucalpan #DiaDeReyes","La Plaza Cívica de San Mateo Nopala se llenó de sonrisas, ilusión y esperanza. ✨👑 Más de 1,500 niñas y niños naucalpenses celebraron el Día de Reyes en una tarde pensada especialmente para ellas y ellos. A través del DIF Naucalpan, cada niña y cada niño recibió un juguete y su rosca de Reyes, porque la alegría también se construye con acciones sencillas, pero llenas de corazón. Seguiremos trabajando para que la infancia de Ciudad Naucalpan crezca con dignidad, cuidado y felicidad. Porque cuando ponemos a las niñas y los niños al centro, la esperanza se vuelve realidad. 🤍 #AquiGobiernaLaEsperanza #Naucalpan #DIFNaucalpan #DiaDeReyes",https://www.facebook.com/isaacmontoya24/posts/pfbid0E629fBVx4db36D9FxVuJC2eiK3JBgpwoBYNXDXoYVoKzVBMMdBa6UuoE8wKUj4Lhl,https://www.facebook.com/isaacmontoya24/posts/pfbid0E629fBVx4db36D9FxVuJC2eiK3JBgpwoBYNXDXoYVoKzVBMMdBa6UuoE8wKUj4Lhl,2026-01-07 23:07:48,2026-01-07,/home/emilio/Documentos/Naucalpan_Semanal_Reportes/Periodico/Enero_Mayo/2026-01-01_al_2026-01-15/Facebook/2026-01-01_al_2026-01-15_Facebook/2026-01-01_al_2026-01-15_Facebook_posts.csv
2026-01-01,2026-01-01_al_2026-01-15_Facebook,isaac_montoya,Isaac Montoya,facebook,Facebook,post_facebook,isaacmontoya24,Isaac Montoya,,"Inicio de la rehabilitación integral del Periférico Norte. Esta obra estratégica salda una deuda histórica en materia de movilidad: 108 kilómetros de vialidad, desde el Toreo hasta Tepotzotlán, que serán rehabilitados para dignificar una de las arterias más importantes del Estado de México, por donde transitan millones de personas todos los días. Después de más de 20 años de abandono, esta intervención histórica, con una inversión cercana a los 1,200 millones de pesos, devolverá seguridad, orden y funcionalidad a una vialidad clave para quienes usan el transporte público, para quienes se trasladan a su trabajo o a la escuela y para el transporte de carga que mueve nuestra economía. #AquiGobiernaLaEsperanza #Naucalpan #EdoMex #ObraHistorica","Inicio de la rehabilitación integral del Periférico Norte. Esta obra estratégica salda una deuda histórica en materia de movilidad: 108 kilómetros de vialidad, desde el Toreo hasta Tepotzotlán, que serán rehabilitados para dignificar una de las arterias más importantes del Estado de México, por donde transitan millones de personas todos los días. Después de más de 20 años de abandono, esta intervención histórica, con una inversión cercana a los 1,200 millones de pesos, devolverá seguridad, orden y funcionalidad a una vialidad clave para quienes usan el transporte público, para quienes se trasladan a su trabajo o a la escuela y para el transporte de carga que mueve nuestra economía. #AquiGobiernaLaEsperanza #Naucalpan #EdoMex #ObraHistorica",https://www.facebook.com/isaacmontoya24/posts/pfbid02ZFzmuXK3HtjRvMS16VfLkZVtJ6YnimQz138GeD4MJP8chUhj2AeJ6mfH6a72eJTUl,https://www.facebook.com/isaacmontoya24/posts/pfbid02ZFzmuXK3HtjRvMS16VfLkZVtJ6YnimQz138GeD4MJP8chUhj2AeJ6mfH6a72eJTUl,2026-01-07 19:12:11,2026-01-07,/home/emilio/Documentos/Naucalpan_Semanal_Reportes/Periodico/Enero_Mayo/2026-01-01_al_2026-01-15/Facebook/2026-01-01_al_2026-01-15_Facebook/2026-01-01_al_2026-01-15_Facebook_posts.csv
2026-01-01,2026-01-01_al_2026-01-15_Facebook,isaac_montoya,Isaac Montoya,facebook,Facebook,post_facebook,isaacmontoya24,Isaac Montoya,,"Durante la visita de nuestra Gobernadora Delfina Gómez Álvarez a Ciudad Naucalpan, realizamos un recorrido de supervisión en el punto donde se construirá la Línea 3 del Mexicable, un proyecto que será una realidad para nuestro municipio. La Línea 3 del Mexicable representa justicia social en movimiento: menos tiempo de traslado, mayor seguridad y una conexión digna para miles de familias que durante años han enfrentado recorridos largos y complicados. Desde Ciudad Naucalpan seguimos trabajando de manera coordinada con el Gobierno del Estado para que el transporte público sea un derecho y no un privilegio, y para que las grandes obras lleguen primero a quienes más las necesitan. Cuando la movilidad mejora, la calidad de vida también se transforma. #AquiGobiernaLaEsperanza #Naucalpan #Mexicable #Linea3","Durante la visita de nuestra Gobernadora Delfina Gómez Álvarez a Ciudad Naucalpan, realizamos un recorrido de supervisión en el punto donde se construirá la Línea 3 del Mexicable, un proyecto que será una realidad para nuestro municipio. La Línea 3 del Mexicable representa justicia social en movimiento: menos tiempo de traslado, mayor seguridad y una conexión digna para miles de familias que durante años han enfrentado recorridos largos y complicados. Desde Ciudad Naucalpan seguimos trabajando de manera coordinada con el Gobierno del Estado para que el transporte público sea un derecho y no un privilegio, y para que las grandes obras lleguen primero a quienes más las necesitan. Cuando la movilidad mejora, la calidad de vida también se transforma. #AquiGobiernaLaEsperanza #Naucalpan #Mexicable #Linea3",https://www.facebook.com/reel/1950107102553845/,https://www.facebook.com/reel/1950107102553845/,2026-01-07 17:16:12,2026-01-07,/home/emilio/Documentos/Naucalpan_Semanal_Reportes/Periodico/Enero_Mayo/2026-01-01_al_2026-01-15/Facebook/2026-01-01_al_2026-01-15_Facebook/2026-01-01_al_2026-01-15_Facebook_posts.csv
2026-01-01,2026-01-01_al_2026-01-15_Facebook,isaac_montoya,Isaac Montoya,facebook,Facebook,post_facebook,isaacmontoya24,Isaac Montoya,,"Iniciamos una obra histórica. Junto a nuestra Gobernadora Delfina Gómez Álvarez, dimos el banderazo a la reconstrucción integral del Periférico Norte: 108 kilómetros que, después de más de 20 años de abandono, volverán a ser una vialidad digna, segura y moderna para millones de personas. Cuando los gobiernos trabajan en equipo, la transformación se nota y la esperanza continúa. #AquiGobiernaLaEsperanza #Naucalpan #EdoMex #ObraHistorica","Iniciamos una obra histórica. Junto a nuestra Gobernadora Delfina Gómez Álvarez, dimos el banderazo a la reconstrucción integral del Periférico Norte: 108 kilómetros que, después de más de 20 años de abandono, volverán a ser una vialidad digna, segura y moderna para millones de personas. Cuando los gobiernos trabajan en equipo, la transformación se nota y la esperanza continúa. #AquiGobiernaLaEsperanza #Naucalpan #EdoMex #ObraHistorica",https://www.facebook.com/reel/2650781741959635/,https://www.facebook.com/reel/2650781741959635/,2026-01-07 15:35:41,2026-01-07,/home/emilio/Documentos/Naucalpan_Semanal_Reportes/Periodico/Enero_Mayo/2026-01-01_al_2026-01-15/Facebook/2026-01-01_al_2026-01-15_Facebook/2026-01-01_al_2026-01-15_Facebook_posts.csv
2026-01-01,2026-01-01_al_2026-01-15_Facebook,isaac_montoya,Isaac Montoya,facebook,Facebook,post_facebook,isaacmontoya24,Isaac Montoya,,"Hoy es un día que marca un antes y un después para Ciudad Naucalpan y para todo el Estado de México. Al pie de las Torres de Satélite, acompañé a nuestra Gobernadora Delfina Gómez Álvarez y a mis compañeras y compañeros Presidentes Municipales para dar el banderazo de inicio a la reconstrucción integral y profunda del Periférico Norte. Como bien lo señaló nuestra Gobernadora, hoy estamos cumpliendo. Inicia una obra estratégica que salda una deuda histórica en materia de movilidad: 108 kilómetros de vialidad, desde el Toreo hasta Tepotzotlán, que serán rehabilitados para dignificar una de las arterias más importantes del Estado de México, por donde transitan millones de personas todos los días. Después de más de 20 años de abandono, esta intervención histórica, con una inversión cercana a los 1,200 millones de pesos, devolverá seguridad, orden y funcionalidad a una vialidad clave para quienes usan el transporte público, para quienes se trasladan a su trabajo o a la escuela y para el transporte de carga que mueve nuestra economía. Quiero reconocer y agradecer el compromiso, la sensibilidad social y la visión de nuestra Gobernadora, así como el respaldo de nuestra Presidenta de México, Claudia Sheinbaum Pardo, porque cuando los gobiernos trabajan de manera coordinada, los recursos del pueblo regresan al pueblo convertidos en obras que sí transforman la vida cotidiana. Esta rehabilitación no solo mejorará la movilidad; también impulsará el desarrollo económico, fortalecerá a las zonas industriales, colonias y fraccionamientos que dependen del Periférico Norte y generará empleos, priorizando a empresas mexiquenses. Lo que hoy inicia es una vialidad moderna, segura y duradera, pensada para servirle a esta generación y a las que vienen. En Ciudad Naucalpan, cuando hay trabajo en equipo, honestidad y visión social, la esperanza sigue y se construye con hechos. #AquiGobiernaLaEsperanza #Naucalpan #EstadoDeMexico #ObraHistorica","Hoy es un día que marca un antes y un después para Ciudad Naucalpan y para todo el Estado de México. Al pie de las Torres de Satélite, acompañé a nuestra Gobernadora Delfina Gómez Álvarez y a mis compañeras y compañeros Presidentes Municipales para dar el banderazo de inicio a la reconstrucción integral y profunda del Periférico Norte. Como bien lo señaló nuestra Gobernadora, hoy estamos cumpliendo. Inicia una obra estratégica que salda una deuda histórica en materia de movilidad: 108 kilómetros de vialidad, desde el Toreo hasta Tepotzotlán, que serán rehabilitados para dignificar una de las arterias más importantes del Estado de México, por donde transitan millones de personas todos los días. Después de más de 20 años de abandono, esta intervención histórica, con una inversión cercana a los 1,200 millones de pesos, devolverá seguridad, orden y funcionalidad a una vialidad clave para quienes usan el transporte público, para quienes se trasladan a su trabajo o a la escuela y para el transporte de carga que mueve nuestra economía. Quiero reconocer y agradecer el compromiso, la sensibilidad social y la visión de nuestra Gobernadora, así como el respaldo de nuestra Presidenta de México, Claudia Sheinbaum Pardo, porque cuando los gobiernos trabajan de manera coordinada, los recursos del pueblo regresan al pueblo convertidos en obras que sí transforman la vida cotidiana. Esta rehabilitación no solo mejorará la movilidad; también impulsará el desarrollo económico, fortalecerá a las zonas industriales, colonias y fraccionamientos que dependen del Periférico Norte y generará empleos, priorizando a empresas mexiquenses. Lo que hoy inicia es una vialidad moderna, segura y duradera, pensada para servirle a esta generación y a las que vienen. En Ciudad Naucalpan, cuando hay trabajo en equipo, honestidad y visión social, la esperanza sigue y se construye con hechos. #AquiGobiernaLaEsperanza #Naucalpan #EstadoDeMexico #ObraHistorica",https://www.facebook.com/isaacmontoya24/posts/pfbid02YmbtNq5duzm1HLtcZ8CaJTJbDUyCmUgjLEgHvcckDSaoA4SxSEyPoAKcYjNNx4ubl,https://www.facebook.com/isaacmontoya24/posts/pfbid02YmbtNq5duzm1HLtcZ8CaJTJbDUyCmUgjLEgHvcckDSaoA4SxSEyPoAKcYjNNx4ubl,2026-01-07 14:57:45,2026-01-07,/home/emilio/Documentos/Naucalpan_Semanal_Reportes/Periodico/Enero_Mayo/2026-01-01_al_2026-01-15/Facebook/2026-01-01_al_2026-01-15_Facebook/2026-01-01_al_2026-01-15_Facebook_posts.csv
2026-01-01,2026-01-01_al_2026-01-15_Facebook,isaac_montoya,Isaac Montoya,facebook,Facebook,post_facebook,isaacmontoya24,Isaac Montoya,,"Me encuentro junto a nuestra Gobernadora del Estado de México, Delfina Gómez Álvarez; el Secretario General de Gobierno, Horacio Duarte Olivares; el Secretario de Seguridad estatal, Cristóbal Castañeda Camarillo y el General Félix González Lara y el Fiscal General de Justicia del Estado de México, José Luis Cervantes Martínez, durante la Mesa de Paz. En esta mesa de seguridad reafirmamos el compromiso que tenemos con la gente de Naucalpan y de todo el Estado de México para seguir construyendo estrategias de seguridad sólidas, coordinadas y con enfoque social, donde trabajamos de manera conjunta autoridades municipales, estatales y federales para garantizar la seguridad de las familias mexiquenses. #AquiGobiernaLaEsperanza #Naucalpan #MesaDePaz","Me encuentro junto a nuestra Gobernadora del Estado de México, Delfina Gómez Álvarez; el Secretario General de Gobierno, Horacio Duarte Olivares; el Secretario de Seguridad estatal, Cristóbal Castañeda Camarillo y el General Félix González Lara y el Fiscal General de Justicia del Estado de México, José Luis Cervantes Martínez, durante la Mesa de Paz. En esta mesa de seguridad reafirmamos el compromiso que tenemos con la gente de Naucalpan y de todo el Estado de México para seguir construyendo estrategias de seguridad sólidas, coordinadas y con enfoque social, donde trabajamos de manera conjunta autoridades municipales, estatales y federales para garantizar la seguridad de las familias mexiquenses. #AquiGobiernaLaEsperanza #Naucalpan #MesaDePaz",https://www.facebook.com/isaacmontoya24/posts/pfbid0UhGmTUjWMg22G1RgZWFnJBbFALNps62rJHEHCm6WKjkA6gwu5iR2R3k8AAwUcPDCl,https://www.facebook.com/isaacmontoya24/posts/pfbid0UhGmTUjWMg22G1RgZWFnJBbFALNps62rJHEHCm6WKjkA6gwu5iR2R3k8AAwUcPDCl,2026-01-07 08:51:52,2026-01-07,/home/emilio/Documentos/Naucalpan_Semanal_Reportes/Periodico/Enero_Mayo/2026-01-01_al_2026-01-15/Facebook/2026-01-01_al_2026-01-15_Facebook/2026-01-01_al_2026-01-15_Facebook_posts.csv
2026-01-01,2026-01-01_al_2026-01-15_Twitter,isaac_montoya,Isaac Montoya,twitter,Twitter/X,tweet,@isaacsolar,@isaacsolar,,"Me encuentro junto a nuestra Gobernadora del Estado de México, Delfina Gómez Álvarez; el Secretario General de Gobierno, Horacio Duarte Olivares; el Secretario de Seguridad estatal, Cristóbal Castañeda Camarillo y el General Félix González Lara, durante la Mesa de Paz. En esta mesa de seguridad reafirmamos el compromiso que tenemos con la gente de Naucalpan y de todo el Estado de México para seguir construyendo estrategias de seguridad sólidas, coordinadas y con enfoque social, donde trabajamos de manera conjunta autoridades municipales, estatales y federales para garantizar la seguridad de las familias mexiquenses. #AquiGobiernaLaEsperanza #Naucalpan #MesaDePaz","Me encuentro junto a nuestra Gobernadora del Estado de México, Delfina Gómez Álvarez; el Secretario General de Gobierno, Horacio Duarte Olivares; el Secretario de Seguridad estatal, Cristóbal Castañeda Camarillo y el General Félix González Lara, durante la Mesa de Paz. En esta mesa de seguridad reafirmamos el compromiso que tenemos con la gente de Naucalpan y de todo el Estado de México para seguir construyendo estrategias de seguridad sólidas, coordinadas y con enfoque social, donde trabajamos de manera conjunta autoridades municipales, estatales y federales para garantizar la seguridad de las familias mexiquenses. #AquiGobiernaLaEsperanza #Naucalpan #MesaDePaz",https://x.com/isaacsolar/status/2008918219902320720,https://x.com/isaacsolar/status/2008918219902320720,2026-01-07 15:06:42+00:00,2026-01-07,/home/emilio/Documentos/Naucalpan_Semanal_Reportes/Periodico/Enero_Mayo/2026-01-01_al_2026-01-15/Twitter/2026-01-01_al_2026-01-15_Twitter/2026-01-01_al_2026-01-15_Twitter_post_institucionales.csv
2026-01-01,2026-01-01_al_2026-01-15_Facebook,isaac_montoya,Isaac Montoya,facebook,Facebook,post_facebook,isaacmontoya24,Isaac Montoya,,"El Gobierno de Ciudad Naucalpan, a través del DIF Municipal Naucalpan, invita a todas las familias a celebrar el Día de Reyes con actividades llenas de alegría, unión y esperanza. 📅 Miércoles 7 de enero 📍 Parque Revolución – 10:00 hrs. 📍 Izcalli Chamapa (Cancha de Frontón) – 12:00 hrs. 📍 Tepatlaxco (Cancha de Fútbol) – 13:00 hrs. 📍 Plaza Cívica San Mateo – 15:00 hrs. Que los Reyes Magos traigan esperanza y un abrazo transformador para niñas, niños y sus familias. #AquiGobiernaLaEsperanza #Naucalpan #DIFNaucalpan #DíaDeReyes","El Gobierno de Ciudad Naucalpan, a través del DIF Municipal Naucalpan, invita a todas las familias a celebrar el Día de Reyes con actividades llenas de alegría, unión y esperanza. 📅 Miércoles 7 de enero 📍 Parque Revolución – 10:00 hrs. 📍 Izcalli Chamapa (Cancha de Frontón) – 12:00 hrs. 📍 Tepatlaxco (Cancha de Fútbol) – 13:00 hrs. 📍 Plaza Cívica San Mateo – 15:00 hrs. Que los Reyes Magos traigan esperanza y un abrazo transformador para niñas, niños y sus familias. #AquiGobiernaLaEsperanza #Naucalpan #DIFNaucalpan #DíaDeReyes",https://www.facebook.com/isaacmontoya24/posts/pfbid0GtXPqWuVdx8AUqsbVQxrMRGcwYsrhFowjfGLfac1acM41djMQGZhfmUkGtq37ax6l,https://www.facebook.com/isaacmontoya24/posts/pfbid0GtXPqWuVdx8AUqsbVQxrMRGcwYsrhFowjfGLfac1acM41djMQGZhfmUkGtq37ax6l,2026-01-06 18:09:56,2026-01-06,/home/emilio/Documentos/Naucalpan_Semanal_Reportes/Periodico/Enero_Mayo/2026-01-01_al_2026-01-15/Facebook/2026-01-01_al_2026-01-15_Facebook/2026-01-01_al_2026-01-15_Facebook_posts.csv
2026-01-01,2026-01-01_al_2026-01-15_Facebook,isaac_montoya,Isaac Montoya,facebook,Facebook,post_facebook,isaacmontoya24,Isaac Montoya,,"¡La diversión sobre hielo continúa! ❄️ Ven a disfrutar de la pista de hielo del Palacio Municipal y del Parque La Hormiga, un espacio pensado para convivir, sonreír y compartir en familia. Porque en Naucalpan impulsamos momentos que unen y llenan de esperanza a nuestra comunidad. ✨ #AquiGobiernaLaEsperanza #Naucalpan #PistaDeHielo","¡La diversión sobre hielo continúa! ❄️ Ven a disfrutar de la pista de hielo del Palacio Municipal y del Parque La Hormiga, un espacio pensado para convivir, sonreír y compartir en familia. Porque en Naucalpan impulsamos momentos que unen y llenan de esperanza a nuestra comunidad. ✨ #AquiGobiernaLaEsperanza #Naucalpan #PistaDeHielo",https://www.facebook.com/reel/26632319576355924/,https://www.facebook.com/reel/26632319576355924/,2026-01-06 17:21:55,2026-01-06,/home/emilio/Documentos/Naucalpan_Semanal_Reportes/Periodico/Enero_Mayo/2026-01-01_al_2026-01-15/Facebook/2026-01-01_al_2026-01-15_Facebook/2026-01-01_al_2026-01-15_Facebook_posts.csv
2026-01-01,2026-01-01_al_2026-01-15_Facebook,isaac_montoya,Isaac Montoya,facebook,Facebook,post_facebook,isaacmontoya24,Isaac Montoya,,"Desde Naucalpan expresamos nuestro respaldo a la postura clara, responsable y congruente de nuestra presidenta, Claudia Sheinbaum, frente a los acontecimientos que hoy vive Venezuela.","Desde Naucalpan expresamos nuestro respaldo a la postura clara, responsable y congruente de nuestra presidenta, Claudia Sheinbaum, frente a los acontecimientos que hoy vive Venezuela.",https://www.facebook.com/isaacmontoya24/posts/pfbid0hJenfWZ5opomhGYUZJAsf9UbdAwM9YwcARvHj5uvkyvPctLwMR7CvAVMtCwLcT7gl,https://www.facebook.com/isaacmontoya24/posts/pfbid0hJenfWZ5opomhGYUZJAsf9UbdAwM9YwcARvHj5uvkyvPctLwMR7CvAVMtCwLcT7gl,2026-01-06 11:08:14,2026-01-06,/home/emilio/Documentos/Naucalpan_Semanal_Reportes/Periodico/Enero_Mayo/2026-01-01_al_2026-01-15/Facebook/2026-01-01_al_2026-01-15_Facebook/2026-01-01_al_2026-01-15_Facebook_posts.csv
2026-01-01,2026-01-01_al_2026-01-15_Facebook,isaac_montoya,Isaac Montoya,facebook,Facebook,post_facebook,isaacmontoya24,Isaac Montoya,,"👑✨ Querida niña, querido niño naucalpense: Los Reyes Magos saben que este año, a pesar de los esfuerzos, no pudieron llegar a todos los hogares. Pero no te preocupes, me dejaron encargado entregarte tu sorpresa. Si en tu casa no pudieron recibir una, pídele a una persona adulta que te cuide que nos escriba por mensaje privado a esta página. Solo necesitamos saber en qué colonia de Naucalpan viven. P.D. Si tú sí recibiste y conoces a un amiguito o amiguita que no, dile que no se preocupe y compártele este recado 👑✨ ✨ La esperanza transforma y el amor nos une.","👑✨ Querida niña, querido niño naucalpense: Los Reyes Magos saben que este año, a pesar de los esfuerzos, no pudieron llegar a todos los hogares. Pero no te preocupes, me dejaron encargado entregarte tu sorpresa. Si en tu casa no pudieron recibir una, pídele a una persona adulta que te cuide que nos escriba por mensaje privado a esta página. Solo necesitamos saber en qué colonia de Naucalpan viven. P.D. Si tú sí recibiste y conoces a un amiguito o amiguita que no, dile que no se preocupe y compártele este recado 👑✨ ✨ La esperanza transforma y el amor nos une.",https://www.facebook.com/isaacmontoya24/posts/pfbid0qz141c8LfQyqfAYAtE5E5asHoeeVnxNyPNSW6ivBfozxZfxF9A8fpQ29Z9AQ89GYl,https://www.facebook.com/isaacmontoya24/posts/pfbid0qz141c8LfQyqfAYAtE5E5asHoeeVnxNyPNSW6ivBfozxZfxF9A8fpQ29Z9AQ89GYl,2026-01-06 10:16:42,2026-01-06,/home/emilio/Documentos/Naucalpan_Semanal_Reportes/Periodico/Enero_Mayo/2026-01-01_al_2026-01-15/Facebook/2026-01-01_al_2026-01-15_Facebook/2026-01-01_al_2026-01-15_Facebook_posts.csv
2026-01-01,2026-01-01_al_2026-01-15_Facebook,isaac_montoya,Isaac Montoya,facebook,Facebook,post_facebook,isaacmontoya24,Isaac Montoya,,Hoy celebramos el Día de Reyes con alegría y esperanza.✨👑 Mi cariño y compromiso están con todas las niñas y los niños de Ciudad Naucalpan. #Naucalpan #diadereyes,Hoy celebramos el Día de Reyes con alegría y esperanza.✨👑 Mi cariño y compromiso están con todas las niñas y los niños de Ciudad Naucalpan. #Naucalpan #diadereyes,https://www.facebook.com/isaacmontoya24/posts/pfbid0JWLV6qrzwyJnxS3wv8ftuejA4Efn859rUAhFhHuy4d5gHaNRXh4yQJCsWeRN5REwl,https://www.facebook.com/isaacmontoya24/posts/pfbid0JWLV6qrzwyJnxS3wv8ftuejA4Efn859rUAhFhHuy4d5gHaNRXh4yQJCsWeRN5REwl,2026-01-06 05:32:56,2026-01-06,/home/emilio/Documentos/Naucalpan_Semanal_Reportes/Periodico/Enero_Mayo/2026-01-01_al_2026-01-15/Facebook/2026-01-01_al_2026-01-15_Facebook/2026-01-01_al_2026-01-15_Facebook_posts.csv
2026-01-01,2026-01-01_al_2026-01-15_Facebook,isaac_montoya,Isaac Montoya,facebook,Facebook,post_facebook,isaacmontoya24,Isaac Montoya,,"El Día de Reyes es una de las tradiciones más especiales en México, ya que recuerda la visita de los Reyes Magos al Niño Jesús y se celebra con alegría, unión familiar y la tradicional Rosca de Reyes. En Naucalpan, esta fecha se vive de manera muy especial, pues las Torres de Satélite se convierten en un símbolo que acompaña estas celebraciones y representan identidad y orgullo para la comunidad. #Naucalpan #diadereyes","El Día de Reyes es una de las tradiciones más especiales en México, ya que recuerda la visita de los Reyes Magos al Niño Jesús y se celebra con alegría, unión familiar y la tradicional Rosca de Reyes. En Naucalpan, esta fecha se vive de manera muy especial, pues las Torres de Satélite se convierten en un símbolo que acompaña estas celebraciones y representan identidad y orgullo para la comunidad. #Naucalpan #diadereyes",https://www.facebook.com/isaacmontoya24/posts/pfbid0mNKzC6uq51gnwdAUWemabEkDbkjVj3CdAhQdCjJBLdhVha61LD5K4qReWQKmgk9dl,https://www.facebook.com/isaacmontoya24/posts/pfbid0mNKzC6uq51gnwdAUWemabEkDbkjVj3CdAhQdCjJBLdhVha61LD5K4qReWQKmgk9dl,2026-01-06 05:30:00,2026-01-06,/home/emilio/Documentos/Naucalpan_Semanal_Reportes/Periodico/Enero_Mayo/2026-01-01_al_2026-01-15/Facebook/2026-01-01_al_2026-01-15_Facebook/2026-01-01_al_2026-01-15_Facebook_posts.csv
2026-01-01,2026-01-01_al_2026-01-15_Facebook,isaac_montoya,Isaac Montoya,facebook,Facebook,post_facebook,isaacmontoya24,Isaac Montoya,,¡La magia del hielo te espera! ❄️⛸️ Visita la pista de hielo del Palacio Municipal y la del Parque La Hormiga y disfruta de una experiencia única para todas y todos. #AquiGobiernaLaEsperanza #Naucalpan #pistadehielo,¡La magia del hielo te espera! ❄️⛸️ Visita la pista de hielo del Palacio Municipal y la del Parque La Hormiga y disfruta de una experiencia única para todas y todos. #AquiGobiernaLaEsperanza #Naucalpan #pistadehielo,https://www.facebook.com/reel/1243959907552228/,https://www.facebook.com/reel/1243959907552228/,2026-01-04 16:09:16,2026-01-04,/home/emilio/Documentos/Naucalpan_Semanal_Reportes/Periodico/Enero_Mayo/2026-01-01_al_2026-01-15/Facebook/2026-01-01_al_2026-01-15_Facebook/2026-01-01_al_2026-01-15_Facebook_posts.csv
2026-01-01,2026-01-01_al_2026-01-15_Facebook,isaac_montoya,Isaac Montoya,facebook,Facebook,post_facebook,isaacmontoya24,Isaac Montoya,,"En este Día Mundial del Sistema Braille reafirmo mi compromiso de impulsar una ciudad más accesible e incluyente. El Braille es una herramienta esencial para garantizar el acceso a la información y el ejercicio pleno de derechos de las personas con discapacidad visual. En Naucalpan, trabajamos para que nadie se quede atrás. #AquiGobiernaLaEsperanza #Naucalpan #braille","En este Día Mundial del Sistema Braille reafirmo mi compromiso de impulsar una ciudad más accesible e incluyente. El Braille es una herramienta esencial para garantizar el acceso a la información y el ejercicio pleno de derechos de las personas con discapacidad visual. En Naucalpan, trabajamos para que nadie se quede atrás. #AquiGobiernaLaEsperanza #Naucalpan #braille",https://www.facebook.com/isaacmontoya24/posts/pfbid0qFJQmbfZWcj7jv2S5HN8q3ZMqeZPJ1nhTBSFfxzXPfTy9WujbQiGYJKrF3mrK5Z4l,https://www.facebook.com/isaacmontoya24/posts/pfbid0qFJQmbfZWcj7jv2S5HN8q3ZMqeZPJ1nhTBSFfxzXPfTy9WujbQiGYJKrF3mrK5Z4l,2026-01-04 13:57:00,2026-01-04,/home/emilio/Documentos/Naucalpan_Semanal_Reportes/Periodico/Enero_Mayo/2026-01-01_al_2026-01-15/Facebook/2026-01-01_al_2026-01-15_Facebook/2026-01-01_al_2026-01-15_Facebook_posts.csv
2026-01-01,2026-01-01_al_2026-01-15_Facebook,isaac_montoya,Isaac Montoya,facebook,Facebook,post_facebook,isaacmontoya24,Isaac Montoya,,"La diversión sobre hielo continúa en Naucalpan ✨⛸️ Invitamos a todas las familias a disfrutar de la pista de hielo en el Palacio Municipal y el Parque La Hormiga, un espacio pensado para convivir, compartir y vivir la temporada decembrina en comunidad. Seguimos recuperando el espacio público con alegría, encuentro y convivencia familiar, porque cuando la ciudad se disfruta juntas y juntos, la esperanza también se fortalece. ✨ #AquiGobiernaLaEsperanza #Naucalpan #pistadehielo","La diversión sobre hielo continúa en Naucalpan ✨⛸️ Invitamos a todas las familias a disfrutar de la pista de hielo en el Palacio Municipal y el Parque La Hormiga, un espacio pensado para convivir, compartir y vivir la temporada decembrina en comunidad. Seguimos recuperando el espacio público con alegría, encuentro y convivencia familiar, porque cuando la ciudad se disfruta juntas y juntos, la esperanza también se fortalece. ✨ #AquiGobiernaLaEsperanza #Naucalpan #pistadehielo",https://www.facebook.com/reel/1937543763865022/,https://www.facebook.com/reel/1937543763865022/,2026-01-03 17:54:01,2026-01-03,/home/emilio/Documentos/Naucalpan_Semanal_Reportes/Periodico/Enero_Mayo/2026-01-01_al_2026-01-15/Facebook/2026-01-01_al_2026-01-15_Facebook/2026-01-01_al_2026-01-15_Facebook_posts.csv
2026-01-01,2026-01-01_al_2026-01-15_Facebook,isaac_montoya,Isaac Montoya,facebook,Facebook,post_facebook,isaacmontoya24,Isaac Montoya,,"En Naucalpan seguimos avanzando con hechos. Esta obra pública es parte del compromiso de transformar nuestras vialidades y espacios, mejorando la movilidad, la seguridad y la calidad de vida de la ciudadanía. En Naucalpan trabajamos escuchando a las vecinas y vecinos atendiendo necesidades reales, porque un municipio fuerte se construye con infraestructura digna y planeación responsable. Seguimos cumpliendo. Seguimos transformando Naucalpan. #AquiGobiernaLaEsperanza #Naucalpan #GobiernoMunicipal","En Naucalpan seguimos avanzando con hechos. Esta obra pública es parte del compromiso de transformar nuestras vialidades y espacios, mejorando la movilidad, la seguridad y la calidad de vida de la ciudadanía. En Naucalpan trabajamos escuchando a las vecinas y vecinos atendiendo necesidades reales, porque un municipio fuerte se construye con infraestructura digna y planeación responsable. Seguimos cumpliendo. Seguimos transformando Naucalpan. #AquiGobiernaLaEsperanza #Naucalpan #GobiernoMunicipal",https://www.facebook.com/reel/878492401222749/,https://www.facebook.com/reel/878492401222749/,2026-01-03 17:28:35,2026-01-03,/home/emilio/Documentos/Naucalpan_Semanal_Reportes/Periodico/Enero_Mayo/2026-01-01_al_2026-01-15/Facebook/2026-01-01_al_2026-01-15_Facebook/2026-01-01_al_2026-01-15_Facebook_posts.csv
2026-01-01,2026-01-01_al_2026-01-15_Twitter,isaac_montoya,Isaac Montoya,twitter,Twitter/X,tweet,@isaacsolar,@isaacsolar,,"La diversión sobre hielo continúa en Naucalpan La Pista de Hielo del Parque La Hormiga es un espacio pensado para la convivencia familiar, donde niñas, niños, jóvenes y personas adultas pueden disfrutar de momentos de alegría y recreación en un entorno seguro y accesible.","La diversión sobre hielo continúa en Naucalpan La Pista de Hielo del Parque La Hormiga es un espacio pensado para la convivencia familiar, donde niñas, niños, jóvenes y personas adultas pueden disfrutar de momentos de alegría y recreación en un entorno seguro y accesible.",https://x.com/isaacsolar/status/2007601620087865557,https://x.com/isaacsolar/status/2007601620087865557,2026-01-03 23:55:00+00:00,2026-01-03,/home/emilio/Documentos/Naucalpan_Semanal_Reportes/Periodico/Enero_Mayo/2026-01-01_al_2026-01-15/Twitter/2026-01-01_al_2026-01-15_Twitter/2026-01-01_al_2026-01-15_Twitter_post_institucionales.csv
2026-01-01,2026-01-01_al_2026-01-15_Facebook,isaac_montoya,Isaac Montoya,facebook,Facebook,post_facebook,isaacmontoya24,Isaac Montoya,,"Agradezco la confianza de las y los naucalpenses. Seguiremos demostrando que cuando hay resultados, la transformación se siente en la vida cotidiana. #Naucalpan","Agradezco la confianza de las y los naucalpenses. Seguiremos demostrando que cuando hay resultados, la transformación se siente en la vida cotidiana. #Naucalpan",https://www.facebook.com/isaacmontoya24/posts/pfbid02tHEizseKgRUoccV6LfKUyKU89nA88AfodfuZ5dZYAruMhFUpKPCtxSuyLzJLgdjEl,https://www.facebook.com/isaacmontoya24/posts/pfbid02tHEizseKgRUoccV6LfKUyKU89nA88AfodfuZ5dZYAruMhFUpKPCtxSuyLzJLgdjEl,2026-01-02 15:54:52,2026-01-02,/home/emilio/Documentos/Naucalpan_Semanal_Reportes/Periodico/Enero_Mayo/2026-01-01_al_2026-01-15/Facebook/2026-01-01_al_2026-01-15_Facebook/2026-01-01_al_2026-01-15_Facebook_posts.csv
2026-01-01,2026-01-01_al_2026-01-15_Facebook,isaac_montoya,Isaac Montoya,facebook,Facebook,post_facebook,isaacmontoya24,Isaac Montoya,,"Ven a divertirte en la Pista de Hielo del Palacio Municipal ❄️⛸️ Un espacio para compartir, reír y crear momentos inolvidables en familia. Totalmente gratis.✨ 👉Te esperamos de lunes a domingo, de 11:00 a.m. a 9:00 p.m. ¡No te lo puedes perder! #AquiGobiernaLaEsperanza #Naucalpan #PistaDeHielo","Ven a divertirte en la Pista de Hielo del Palacio Municipal ❄️⛸️ Un espacio para compartir, reír y crear momentos inolvidables en familia. Totalmente gratis.✨ 👉Te esperamos de lunes a domingo, de 11:00 a.m. a 9:00 p.m. ¡No te lo puedes perder! #AquiGobiernaLaEsperanza #Naucalpan #PistaDeHielo",https://www.facebook.com/isaacmontoya24/posts/pfbid0RYTKCyfgRcWgATPU8piskYyF7axREyjwTdCurHUm9mfXCFNce76iwVehgAJoWT35l,https://www.facebook.com/isaacmontoya24/posts/pfbid0RYTKCyfgRcWgATPU8piskYyF7axREyjwTdCurHUm9mfXCFNce76iwVehgAJoWT35l,2026-01-02 14:34:25,2026-01-02,/home/emilio/Documentos/Naucalpan_Semanal_Reportes/Periodico/Enero_Mayo/2026-01-01_al_2026-01-15/Facebook/2026-01-01_al_2026-01-15_Facebook/2026-01-01_al_2026-01-15_Facebook_posts.csv
2026-01-01,2026-01-01_al_2026-01-15_Facebook,isaac_montoya,Isaac Montoya,facebook,Facebook,post_facebook,isaacmontoya24,Isaac Montoya,,"❄️✨ La pista de hielo en el Parque La Hormiga y el Palacio Municipal te esperan ✨❄️ El Gobierno de Ciudad Naucalpan invita a todas las familias a disfrutar de la pista de hielo en el Palacio Municipal y el Parque La Hormiga, un espacio pensado para convivir, compartir y vivir la temporada decembrina en comunidad. Seguimos recuperando el espacio público con alegría, encuentro y convivencia familiar, porque cuando la ciudad se disfruta juntas y juntos, la esperanza también se fortalece. ✨ #AquiGobiernaLaEsperanza #Naucalpan #Navidad","❄️✨ La pista de hielo en el Parque La Hormiga y el Palacio Municipal te esperan ✨❄️ El Gobierno de Ciudad Naucalpan invita a todas las familias a disfrutar de la pista de hielo en el Palacio Municipal y el Parque La Hormiga, un espacio pensado para convivir, compartir y vivir la temporada decembrina en comunidad. Seguimos recuperando el espacio público con alegría, encuentro y convivencia familiar, porque cuando la ciudad se disfruta juntas y juntos, la esperanza también se fortalece. ✨ #AquiGobiernaLaEsperanza #Naucalpan #Navidad",https://www.facebook.com/reel/2210916592766904/,https://www.facebook.com/reel/2210916592766904/,2026-01-02 14:32:44,2026-01-02,/home/emilio/Documentos/Naucalpan_Semanal_Reportes/Periodico/Enero_Mayo/2026-01-01_al_2026-01-15/Facebook/2026-01-01_al_2026-01-15_Facebook/2026-01-01_al_2026-01-15_Facebook_posts.csv
2026-01-01,2026-01-01_al_2026-01-15_Twitter,isaac_montoya,Isaac Montoya,twitter,Twitter/X,tweet,@isaacsolar,@isaacsolar,,"¡Les deseo un Año Nuevo lleno de luz, esperanza y transformación! #AquiGobiernaLaEsperanza #Naucalpan #AñoNuevo #2026","¡Les deseo un Año Nuevo lleno de luz, esperanza y transformación! #AquiGobiernaLaEsperanza #Naucalpan #AñoNuevo #2026",https://x.com/isaacsolar/status/2006587311459291183,https://x.com/isaacsolar/status/2006587311459291183,2026-01-01 04:44:30+00:00,2026-01-01,/home/emilio/Documentos/Naucalpan_Semanal_Reportes/Periodico/Enero_Mayo/2026-01-01_al_2026-01-15/Twitter/2026-01-01_al_2026-01-15_Twitter/2026-01-01_al_2026-01-15_Twitter_post_institucionales.csv
2026-01-16,2026-01-16_al_2026-01-30_Facebook,gobierno_naucalpan,Gobierno de Naucalpan,facebook,Facebook,post_facebook,ciudadnaucalpan,Ciudad Naucalpan / Gobierno Municipal 2025-2027.,,"Después de las fiestas, cuidemos el medio ambiente🎄♻️ En Ciudad Naucalpan, los árboles de Navidad tienen un destino responsable. A través de la Dirección de Medio Ambiente y en coordinación con Parque Naucalli, llevamos a cabo el programa de reciclaje y triturado de árboles de Navidad, transformándolos en material útil para el cuidado de nuestras áreas verdes. Reciclar tu árbol es una acción sencilla que contribuye al cuidado del medio ambiente y a la preservación de los espacios públicos que disfrutamos todas y todos.🌱 👉Lleva tu árbol natural, sin adornos ni base, de lunes a viernes, de 9:00 a 15:00 horas, en: 📍 La Dirección de Medio Ambiente de Ciudad Naucalpan. 📍 Parque Naucalli. Hasta el 16 de febrero. Seguimos impulsando iniciativas que promueven la conciencia ambiental y la participación ciudadana. #AquiGobiernaLaEsperanza #Naucalpan #MedioAmbiente #Reciclaje #ParqueNaucalli #CuidadoAmbiental","Después de las fiestas, cuidemos el medio ambiente🎄♻️ En Ciudad Naucalpan, los árboles de Navidad tienen un destino responsable. A través de la Dirección de Medio Ambiente y en coordinación con Parque Naucalli, llevamos a cabo el programa de reciclaje y triturado de árboles de Navidad, transformándolos en material útil para el cuidado de nuestras áreas verdes. Reciclar tu árbol es una acción sencilla que contribuye al cuidado del medio ambiente y a la preservación de los espacios públicos que disfrutamos todas y todos.🌱 👉Lleva tu árbol natural, sin adornos ni base, de lunes a viernes, de 9:00 a 15:00 horas, en: 📍 La Dirección de Medio Ambiente de Ciudad Naucalpan. 📍 Parque Naucalli. Hasta el 16 de febrero. Seguimos impulsando iniciativas que promueven la conciencia ambiental y la participación ciudadana. #AquiGobiernaLaEsperanza #Naucalpan #MedioAmbiente #Reciclaje #ParqueNaucalli #CuidadoAmbiental",https://www.facebook.com/reel/1236488025077423/,https://www.facebook.com/reel/1236488025077423/,2026-01-29 17:25:07,2026-01-29,/home/emilio/Documentos/Naucalpan_Semanal_Reportes/Periodico/Enero_Mayo/2026-01-16_al_2026-01-30/Facebook/2026-01-16_al_2026-01-30_Facebook/2026-01-16_al_2026-01-30_Facebook_posts.csv
2026-01-16,2026-01-16_al_2026-01-30_Facebook,gobierno_naucalpan,Gobierno de Naucalpan,facebook,Facebook,post_facebook,ciudadnaucalpan,Ciudad Naucalpan / Gobierno Municipal 2025-2027.,,"Desde el Gobierno de la Ciudad de Naucalpan, se brindó atención oportuna a un caso de persona adulta mayor en situación de vulnerabilidad, a través de una intervención interinstitucional coordinada por el Sistema Municipal DIF Naucalpan. En esta acción participaron de manera conjunta Asistencia Social, Atención a Personas Adultas Mayores, Asistencia a la Salud del DIF, Protección Civil, Guardia Municipal y personal de OASyS de la zona, quienes atendieron a la persona en situación de calle, valoraron su estado de salud y realizaron su traslado en ambulancia al Hospital Maximiliano Ruiz Castañeda, donde quedó internada para recibir atención médica especializada. Asimismo, se dio seguimiento a otros reportes relacionados con la protección de personas adultas mayores, reforzando la labor preventiva y de acompañamiento social. El Gobierno de la Ciudad de Naucalpan continúa trabajando de manera coordinada para garantizar la seguridad, la atención y el bienestar de las personas más vulnerables, priorizando siempre el respeto a los derechos humanos y la dignidad de cada persona. #AquiGobiernaLaEsperanza #Naucalpan","Desde el Gobierno de la Ciudad de Naucalpan, se brindó atención oportuna a un caso de persona adulta mayor en situación de vulnerabilidad, a través de una intervención interinstitucional coordinada por el Sistema Municipal DIF Naucalpan. En esta acción participaron de manera conjunta Asistencia Social, Atención a Personas Adultas Mayores, Asistencia a la Salud del DIF, Protección Civil, Guardia Municipal y personal de OASyS de la zona, quienes atendieron a la persona en situación de calle, valoraron su estado de salud y realizaron su traslado en ambulancia al Hospital Maximiliano Ruiz Castañeda, donde quedó internada para recibir atención médica especializada. Asimismo, se dio seguimiento a otros reportes relacionados con la protección de personas adultas mayores, reforzando la labor preventiva y de acompañamiento social. El Gobierno de la Ciudad de Naucalpan continúa trabajando de manera coordinada para garantizar la seguridad, la atención y el bienestar de las personas más vulnerables, priorizando siempre el respeto a los derechos humanos y la dignidad de cada persona. #AquiGobiernaLaEsperanza #Naucalpan",https://www.facebook.com/CiudadNaucalpan/posts/pfbid028U2X5m5RcL37RVzkL2t3c6eG9YJZMkeU4qakyuPAvSRYpTW12FohxGepF85XdFdcl,https://www.facebook.com/CiudadNaucalpan/posts/pfbid028U2X5m5RcL37RVzkL2t3c6eG9YJZMkeU4qakyuPAvSRYpTW12FohxGepF85XdFdcl,2026-01-29 15:15:55,2026-01-29,/home/emilio/Documentos/Naucalpan_Semanal_Reportes/Periodico/Enero_Mayo/2026-01-16_al_2026-01-30/Facebook/2026-01-16_al_2026-01-30_Facebook/2026-01-16_al_2026-01-30_Facebook_posts.csv
2026-01-16,2026-01-16_al_2026-01-30_Facebook,gobierno_naucalpan,Gobierno de Naucalpan,facebook,Facebook,post_facebook,ciudadnaucalpan,Ciudad Naucalpan / Gobierno Municipal 2025-2027.,,"REMUS en marcha en nuestras comunidades.🔊 El Gobierno de Ciudad Naucalpan, encabezado por el Presidente Municipal Isaac Montoya, impulsa la Red Municipal de Seguridad (REMUS), una estrategia innovadora que conecta directamente a las y los vecinos con las autoridades municipales a través de la aplicación gratuita REMUS Naucalpan. 📲 Con solo dos clics, las y los naucalpenses pueden activar una alarma vecinal, alertar al C4 y recibir apoyo inmediato de la patrulla más cercana, fortaleciendo la coordinación entre ciudadanía y gobierno. 🤝🚨 Gracias a este sistema, ya son decenas de colonias las que cuentan con alarmas activas y redes vecinales conectadas, haciendo de Naucalpan un municipio más seguro, organizado. #AquiGobiernaLaEsperanza #REMUS #Seguridad #Naucalpan","REMUS en marcha en nuestras comunidades.🔊 El Gobierno de Ciudad Naucalpan, encabezado por el Presidente Municipal Isaac Montoya, impulsa la Red Municipal de Seguridad (REMUS), una estrategia innovadora que conecta directamente a las y los vecinos con las autoridades municipales a través de la aplicación gratuita REMUS Naucalpan. 📲 Con solo dos clics, las y los naucalpenses pueden activar una alarma vecinal, alertar al C4 y recibir apoyo inmediato de la patrulla más cercana, fortaleciendo la coordinación entre ciudadanía y gobierno. 🤝🚨 Gracias a este sistema, ya son decenas de colonias las que cuentan con alarmas activas y redes vecinales conectadas, haciendo de Naucalpan un municipio más seguro, organizado. #AquiGobiernaLaEsperanza #REMUS #Seguridad #Naucalpan",https://www.facebook.com/reel/1261517169221250/,https://www.facebook.com/reel/1261517169221250/,2026-01-29 13:52:18,2026-01-29,/home/emilio/Documentos/Naucalpan_Semanal_Reportes/Periodico/Enero_Mayo/2026-01-16_al_2026-01-30/Facebook/2026-01-16_al_2026-01-30_Facebook/2026-01-16_al_2026-01-30_Facebook_posts.csv
2026-01-16,2026-01-16_al_2026-01-30_Facebook,gobierno_naucalpan,Gobierno de Naucalpan,facebook,Facebook,post_facebook,ciudadnaucalpan,Ciudad Naucalpan / Gobierno Municipal 2025-2027.,,"Operativo Integral de Mantenimiento en la Avenida Adolfo López Mateos🚛 El Gobierno de Ciudad Naucalpan a través de la Dirección de Servicios Públicos realizó un Operativo Integral de Mantenimiento en la Avenida Adolfo López Mateos, enfocado en mejorar la imagen urbana, la seguridad vial y peatonal, para fortalecer uno de los principales accesos al municipio. Se rehabilitaron 23,550 m² de áreas verdes, se realizó la poda de 2,760 metros lineales de bordes y setos y el riego de 10,000 m² de superficie verde. Además, se llevaron a cabo trabajos de balizamiento de cruces peatonales, pintura de guarniciones. #AquiGobiernaLaEsperanza #Naucalpan #ServiciosPúblicos","Operativo Integral de Mantenimiento en la Avenida Adolfo López Mateos🚛 El Gobierno de Ciudad Naucalpan a través de la Dirección de Servicios Públicos realizó un Operativo Integral de Mantenimiento en la Avenida Adolfo López Mateos, enfocado en mejorar la imagen urbana, la seguridad vial y peatonal, para fortalecer uno de los principales accesos al municipio. Se rehabilitaron 23,550 m² de áreas verdes, se realizó la poda de 2,760 metros lineales de bordes y setos y el riego de 10,000 m² de superficie verde. Además, se llevaron a cabo trabajos de balizamiento de cruces peatonales, pintura de guarniciones. #AquiGobiernaLaEsperanza #Naucalpan #ServiciosPúblicos",https://www.facebook.com/reel/1218539286497184/,https://www.facebook.com/reel/1218539286497184/,2026-01-29 13:02:54,2026-01-29,/home/emilio/Documentos/Naucalpan_Semanal_Reportes/Periodico/Enero_Mayo/2026-01-16_al_2026-01-30/Facebook/2026-01-16_al_2026-01-30_Facebook/2026-01-16_al_2026-01-30_Facebook_posts.csv
2026-01-16,2026-01-16_al_2026-01-30_Facebook,gobierno_naucalpan,Gobierno de Naucalpan,facebook,Facebook,post_facebook,ciudadnaucalpan,Ciudad Naucalpan / Gobierno Municipal 2025-2027.,,"Pago Predial Naucalpan 2026🏠 Paga en Tesorería, receptorías, bancos o en línea. 💻 Pago en línea: 👉 https://f.mtr.cool/fybqjefxcq Cumplir fortalece tu colonia y tu municipio. #AquiGobiernaLaEsperanza #Naucalpan #Predial2026 #TesoreriaMunicipal","Pago Predial Naucalpan 2026🏠 Paga en Tesorería, receptorías, bancos o en línea. 💻 Pago en línea: 👉 https://f.mtr.cool/fybqjefxcq Cumplir fortalece tu colonia y tu municipio. #AquiGobiernaLaEsperanza #Naucalpan #Predial2026 #TesoreriaMunicipal",https://www.facebook.com/CiudadNaucalpan/posts/pfbid02kFg66uD63JsGaBJWMCGRzyx5qohGkCTQB6GDQyz7Eeak2TgsCxa13gD67QzjNTnFl,https://www.facebook.com/CiudadNaucalpan/posts/pfbid02kFg66uD63JsGaBJWMCGRzyx5qohGkCTQB6GDQyz7Eeak2TgsCxa13gD67QzjNTnFl,2026-01-29 10:09:46,2026-01-29,/home/emilio/Documentos/Naucalpan_Semanal_Reportes/Periodico/Enero_Mayo/2026-01-16_al_2026-01-30/Facebook/2026-01-16_al_2026-01-30_Facebook/2026-01-16_al_2026-01-30_Facebook_posts.csv
2026-01-16,2026-01-16_al_2026-01-30_Facebook,gobierno_naucalpan,Gobierno de Naucalpan,facebook,Facebook,post_facebook,ciudadnaucalpan,Ciudad Naucalpan / Gobierno Municipal 2025-2027.,,"El Gobierno de Ciudad Naucalpan, a través de la Dirección de Servicios Públicos, atendió de manera oportuna la situación sanitaria del Mercado de Molino, donde la acumulación de residuos sólidos representaba un riesgo para la salud pública de comerciantes y familias usuarias. Como parte de esta intervención, se instaló un contenedor de basura que permite mejorar el control, la recolección y el retiro oportuno de los residuos, contribuyendo a mantener un entorno más limpio, ordenado y seguro para la comunidad. #AquiGobiernaLaEsperanza #Naucalpan #ServiciosPublicos","El Gobierno de Ciudad Naucalpan, a través de la Dirección de Servicios Públicos, atendió de manera oportuna la situación sanitaria del Mercado de Molino, donde la acumulación de residuos sólidos representaba un riesgo para la salud pública de comerciantes y familias usuarias. Como parte de esta intervención, se instaló un contenedor de basura que permite mejorar el control, la recolección y el retiro oportuno de los residuos, contribuyendo a mantener un entorno más limpio, ordenado y seguro para la comunidad. #AquiGobiernaLaEsperanza #Naucalpan #ServiciosPublicos",https://www.facebook.com/reel/710830648629354/,https://www.facebook.com/reel/710830648629354/,2026-01-29 09:35:58,2026-01-29,/home/emilio/Documentos/Naucalpan_Semanal_Reportes/Periodico/Enero_Mayo/2026-01-16_al_2026-01-30/Facebook/2026-01-16_al_2026-01-30_Facebook/2026-01-16_al_2026-01-30_Facebook_posts.csv
2026-01-16,2026-01-16_al_2026-01-30_Facebook,gobierno_naucalpan,Gobierno de Naucalpan,facebook,Facebook,post_facebook,ciudadnaucalpan,Ciudad Naucalpan / Gobierno Municipal 2025-2027.,,"Guía Ciudadana para el Pago del Impuesto Predial 2026🧾🏠 En el Gobierno de Ciudad Naucalpan trabajamos para que cada trámite sea más claro, sencillo y accesible para todas y todos. 👉Consulta en las imágenes la guía completa con los requisitos, opciones de pago y descuentos vigentes, y realiza tu contribución de forma fácil y sin contratiempos. Tu predial se transforma en obras, servicios y mejores espacios para nuestra comunidad. #AquiGobiernaLaEsperanza #Naucalpan #Predial2026 #TesoreriaMunicipal","Guía Ciudadana para el Pago del Impuesto Predial 2026🧾🏠 En el Gobierno de Ciudad Naucalpan trabajamos para que cada trámite sea más claro, sencillo y accesible para todas y todos. 👉Consulta en las imágenes la guía completa con los requisitos, opciones de pago y descuentos vigentes, y realiza tu contribución de forma fácil y sin contratiempos. Tu predial se transforma en obras, servicios y mejores espacios para nuestra comunidad. #AquiGobiernaLaEsperanza #Naucalpan #Predial2026 #TesoreriaMunicipal",https://www.facebook.com/CiudadNaucalpan/posts/pfbid027wzcp2XQJtH8x5GP9YNeSSjaR3Y8QhFZM5a6aAdBWLZ4xupfDbn3s7knRqmZnAXol,https://www.facebook.com/CiudadNaucalpan/posts/pfbid027wzcp2XQJtH8x5GP9YNeSSjaR3Y8QhFZM5a6aAdBWLZ4xupfDbn3s7knRqmZnAXol,2026-01-29 07:31:04,2026-01-29,/home/emilio/Documentos/Naucalpan_Semanal_Reportes/Periodico/Enero_Mayo/2026-01-16_al_2026-01-30/Facebook/2026-01-16_al_2026-01-30_Facebook/2026-01-16_al_2026-01-30_Facebook_posts.csv
2026-01-16,2026-01-16_al_2026-01-30_Facebook,gobierno_naucalpan,Gobierno de Naucalpan,facebook,Facebook,post_facebook,ciudadnaucalpan,Ciudad Naucalpan / Gobierno Municipal 2025-2027.,,"¿Sabías qué? ⚽🌍 El primer jugador mexicano en anotar en un Mundial fue Manuel Rosas, durante el Primer Mundial de Fútbol en Uruguay, en 1930. #AquiGobiernaLaEsperanza #HuellasDelMundial #Naucalpan","¿Sabías qué? ⚽🌍 El primer jugador mexicano en anotar en un Mundial fue Manuel Rosas, durante el Primer Mundial de Fútbol en Uruguay, en 1930. #AquiGobiernaLaEsperanza #HuellasDelMundial #Naucalpan",https://www.facebook.com/CiudadNaucalpan/posts/pfbid02jLi1ScAPnLCiGpS7t9G2cWEcK11KADqmRPNygT1kqRbwRUZDgmnfHLpSffqbMYawl,https://www.facebook.com/CiudadNaucalpan/posts/pfbid02jLi1ScAPnLCiGpS7t9G2cWEcK11KADqmRPNygT1kqRbwRUZDgmnfHLpSffqbMYawl,2026-01-29 07:03:25,2026-01-29,/home/emilio/Documentos/Naucalpan_Semanal_Reportes/Periodico/Enero_Mayo/2026-01-16_al_2026-01-30/Facebook/2026-01-16_al_2026-01-30_Facebook/2026-01-16_al_2026-01-30_Facebook_posts.csv
2026-01-16,2026-01-16_al_2026-01-30_Twitter,gobierno_naucalpan,Gobierno de Naucalpan,twitter,Twitter/X,tweet,@GobNau,@GobNau,,"Después de las fiestas, cuidemos el medio ambiente Lleva tu árbol natural, sin adornos ni base, de lunes a viernes, de 9:00 a 15:00 hrs., a la Dirección de #MedioAmbiente o Parque Naucalli. Hasta el 16 de febrero. #AquiGobiernaLaEsperanza","Después de las fiestas, cuidemos el medio ambiente Lleva tu árbol natural, sin adornos ni base, de lunes a viernes, de 9:00 a 15:00 hrs., a la Dirección de #MedioAmbiente o Parque Naucalli. Hasta el 16 de febrero. #AquiGobiernaLaEsperanza",https://x.com/GobNau/status/2017016420379308542,https://x.com/GobNau/status/2017016420379308542,2026-01-29 23:26:03+00:00,2026-01-29,/home/emilio/Documentos/Naucalpan_Semanal_Reportes/Periodico/Enero_Mayo/2026-01-16_al_2026-01-30/Twitter/2026-01-16_al_2026-01-30_Twitter/2026-01-16_al_2026-01-30_Twitter_post_institucionales.csv
2026-01-16,2026-01-16_al_2026-01-30_Twitter,gobierno_naucalpan,Gobierno de Naucalpan,twitter,Twitter/X,tweet,@GobNau,@GobNau,,Operativo Integral de Mantenimiento en la Avenida Adolfo López Mateos #AquiGobiernaLaEsperanza #Naucalpan #ServiciosPúblicos,Operativo Integral de Mantenimiento en la Avenida Adolfo López Mateos #AquiGobiernaLaEsperanza #Naucalpan #ServiciosPúblicos,https://x.com/GobNau/status/2016950285478883405,https://x.com/GobNau/status/2016950285478883405,2026-01-29 19:03:15+00:00,2026-01-29,/home/emilio/Documentos/Naucalpan_Semanal_Reportes/Periodico/Enero_Mayo/2026-01-16_al_2026-01-30/Twitter/2026-01-16_al_2026-01-30_Twitter/2026-01-16_al_2026-01-30_Twitter_post_institucionales.csv
2026-01-16,2026-01-16_al_2026-01-30_Twitter,gobierno_naucalpan,Gobierno de Naucalpan,twitter,Twitter/X,tweet,@GobNau,@GobNau,,"Desde el Gobierno de Ciudad #Naucalpan se brindó atención oportuna a una persona adulta mayor en situación de vulnerabilidad, a través de una intervención interinstitucional coordinada por el DIF Municipal, priorizando su salud, seguridad y dignidad. #AquiGobiernaLaEsperanza","Desde el Gobierno de Ciudad #Naucalpan se brindó atención oportuna a una persona adulta mayor en situación de vulnerabilidad, a través de una intervención interinstitucional coordinada por el DIF Municipal, priorizando su salud, seguridad y dignidad. #AquiGobiernaLaEsperanza",https://x.com/GobNau/status/2016935491614994918,https://x.com/GobNau/status/2016935491614994918,2026-01-29 18:04:28+00:00,2026-01-29,/home/emilio/Documentos/Naucalpan_Semanal_Reportes/Periodico/Enero_Mayo/2026-01-16_al_2026-01-30/Twitter/2026-01-16_al_2026-01-30_Twitter/2026-01-16_al_2026-01-30_Twitter_post_institucionales.csv
2026-01-16,2026-01-16_al_2026-01-30_Twitter,gobierno_naucalpan,Gobierno de Naucalpan,twitter,Twitter/X,tweet,@GobNau,@GobNau,,"Pago Predial Naucalpan 2026 Paga en Tesorería, receptorías, bancos o en línea. Pago en línea: https://f.mtr.cool/fybqjefxcq Cumplir fortalece tu colonia y tu municipio. #AquiGobiernaLaEsperanza #Naucalpan #Predial2026 #TesoreriaMunicipal","Pago Predial Naucalpan 2026 Paga en Tesorería, receptorías, bancos o en línea. Pago en línea: https://f.mtr.cool/fybqjefxcq Cumplir fortalece tu colonia y tu municipio. #AquiGobiernaLaEsperanza #Naucalpan #Predial2026 #TesoreriaMunicipal",https://x.com/GobNau/status/2016906451344576915,https://x.com/GobNau/status/2016906451344576915,2026-01-29 16:09:04+00:00,2026-01-29,/home/emilio/Documentos/Naucalpan_Semanal_Reportes/Periodico/Enero_Mayo/2026-01-16_al_2026-01-30/Twitter/2026-01-16_al_2026-01-30_Twitter/2026-01-16_al_2026-01-30_Twitter_post_institucionales.csv
2026-01-16,2026-01-16_al_2026-01-30_Twitter,gobierno_naucalpan,Gobierno de Naucalpan,twitter,Twitter/X,tweet,@GobNau,@GobNau,,"¿Sabías qué? El primer jugador mexicano en anotar en un Mundial fue Manuel Rosas, durante el Primer Mundial de Fútbol en Uruguay, en 1930. #AquiGobiernaLaEsperanza #HuellasDelMundial #Naucalpan","¿Sabías qué? El primer jugador mexicano en anotar en un Mundial fue Manuel Rosas, durante el Primer Mundial de Fútbol en Uruguay, en 1930. #AquiGobiernaLaEsperanza #HuellasDelMundial #Naucalpan",https://x.com/GobNau/status/2016859726961655871,https://x.com/GobNau/status/2016859726961655871,2026-01-29 13:03:25+00:00,2026-01-29,/home/emilio/Documentos/Naucalpan_Semanal_Reportes/Periodico/Enero_Mayo/2026-01-16_al_2026-01-30/Twitter/2026-01-16_al_2026-01-30_Twitter/2026-01-16_al_2026-01-30_Twitter_post_institucionales.csv
2026-01-16,2026-01-16_al_2026-01-30_Twitter,gobierno_naucalpan,Gobierno de Naucalpan,twitter,Twitter/X,tweet,@GobNau,@GobNau,,Continúa la recolección de arbolitos de Navidad en Ciudad Naucalpan. Reciclar es cuidar el ambiente. #AquiGobiernaLaEsperanza #Naucalpan #MedioAmbiente,Continúa la recolección de arbolitos de Navidad en Ciudad Naucalpan. Reciclar es cuidar el ambiente. #AquiGobiernaLaEsperanza #Naucalpan #MedioAmbiente,https://x.com/GobNau/status/2016668974352674907,https://x.com/GobNau/status/2016668974352674907,2026-01-29 00:25:26+00:00,2026-01-29,/home/emilio/Documentos/Naucalpan_Semanal_Reportes/Periodico/Enero_Mayo/2026-01-16_al_2026-01-30/Twitter/2026-01-16_al_2026-01-30_Twitter/2026-01-16_al_2026-01-30_Twitter_post_institucionales.csv
2026-01-16,2026-01-16_al_2026-01-30_Facebook,gobierno_naucalpan,Gobierno de Naucalpan,facebook,Facebook,post_facebook,ciudadnaucalpan,Ciudad Naucalpan / Gobierno Municipal 2025-2027.,,"El Gobierno de Ciudad Naucalpan, a través de la Dirección de Medio Ambiente, continúa con la recolección de arbolitos de Navidad en los centros de acopio oficiales. 🎄 La ciudadanía puede acudir de lunes a viernes, de 9:00 a 15:00 horas, para entregar su arbolito y contribuir a su reciclaje y aprovechamiento ambiental. ➡️ Te invitamos a consultar la imagen para conocer los puntos de acopio y las indicaciones para una entrega adecuada. Reciclar tu arbolito es cuidar el medio ambiente. 🌱 #AquiGobiernaLaEsperanza #Naucalpan #MedioAmbiente","El Gobierno de Ciudad Naucalpan, a través de la Dirección de Medio Ambiente, continúa con la recolección de arbolitos de Navidad en los centros de acopio oficiales. 🎄 La ciudadanía puede acudir de lunes a viernes, de 9:00 a 15:00 horas, para entregar su arbolito y contribuir a su reciclaje y aprovechamiento ambiental. ➡️ Te invitamos a consultar la imagen para conocer los puntos de acopio y las indicaciones para una entrega adecuada. Reciclar tu arbolito es cuidar el medio ambiente. 🌱 #AquiGobiernaLaEsperanza #Naucalpan #MedioAmbiente",https://www.facebook.com/CiudadNaucalpan/posts/pfbid02qKEP5fwHW328AfQNExkjdTKhN528AxwXpz57sNKh9dniVKhmYwrtZV1qr7hK4nxtl,https://www.facebook.com/CiudadNaucalpan/posts/pfbid02qKEP5fwHW328AfQNExkjdTKhN528AxwXpz57sNKh9dniVKhmYwrtZV1qr7hK4nxtl,2026-01-28 18:23:26,2026-01-28,/home/emilio/Documentos/Naucalpan_Semanal_Reportes/Periodico/Enero_Mayo/2026-01-16_al_2026-01-30/Facebook/2026-01-16_al_2026-01-30_Facebook/2026-01-16_al_2026-01-30_Facebook_posts.csv
2026-01-16,2026-01-16_al_2026-01-30_Facebook,gobierno_naucalpan,Gobierno de Naucalpan,facebook,Facebook,post_facebook,ciudadnaucalpan,Ciudad Naucalpan / Gobierno Municipal 2025-2027.,,"Memorias de cálculo para la COI y el Impuesto Ecológico por Emisiones en el Edoméx 🌱 El Gobierno de Ciudad Naucalpan, a través de la Dirección de Desarrollo y Fomento Económico, invita a participar en este curso para aprender a realizar los cálculos necesarios para cumplir con el reporte anual y determinar el impuesto a pagar por cada tonelada de CO₂e. 👉 Consulta en las imágenes toda la información sobre fechas, horarios, sede, temario e inscripciones. #AquiGobiernaLaEsperanza #Naucalpan #DesarrolloEconomico","Memorias de cálculo para la COI y el Impuesto Ecológico por Emisiones en el Edoméx 🌱 El Gobierno de Ciudad Naucalpan, a través de la Dirección de Desarrollo y Fomento Económico, invita a participar en este curso para aprender a realizar los cálculos necesarios para cumplir con el reporte anual y determinar el impuesto a pagar por cada tonelada de CO₂e. 👉 Consulta en las imágenes toda la información sobre fechas, horarios, sede, temario e inscripciones. #AquiGobiernaLaEsperanza #Naucalpan #DesarrolloEconomico",https://www.facebook.com/CiudadNaucalpan/posts/pfbid02h2hxjw6vfvcaPWwoJfzc1p9iP1LjDAbby68qysuUw1gqwY5jRtHZYUjsqpkKhfbjl,https://www.facebook.com/CiudadNaucalpan/posts/pfbid02h2hxjw6vfvcaPWwoJfzc1p9iP1LjDAbby68qysuUw1gqwY5jRtHZYUjsqpkKhfbjl,2026-01-28 17:30:34,2026-01-28,/home/emilio/Documentos/Naucalpan_Semanal_Reportes/Periodico/Enero_Mayo/2026-01-16_al_2026-01-30/Facebook/2026-01-16_al_2026-01-30_Facebook/2026-01-16_al_2026-01-30_Facebook_posts.csv
2026-01-16,2026-01-16_al_2026-01-30_Facebook,gobierno_naucalpan,Gobierno de Naucalpan,facebook,Facebook,post_facebook,ciudadnaucalpan,Ciudad Naucalpan / Gobierno Municipal 2025-2027.,,"Obra teatral “Otedama” | Entrada libre🎭 El Gobierno de Ciudad Naucalpan, en coordinación con el Gobierno del Estado de México, a través de la Secretaría de Cultura y Turismo del Estado de México, invita a las vecinas y vecinos a disfrutar de la obra teatral “Otedama”, como parte del programa “Cultivamos arte, cosechamos cultura”, Circuito 15 Tepéhco, “Entre los cerros”. 📅 31 de enero de 2026 ⏰ 14:00 horas 📍 Plaza Revolución, Naucalpan de Juárez. 🎟️ Entrada libre Seguimos acercando el arte y la cultura a los espacios públicos de nuestro municipio, fortaleciendo el acceso a actividades culturales para todas y todos. #AquiGobiernaLaEsperanza #Naucalpan #Cultura #Teatro #EntradaLibre","Obra teatral “Otedama” | Entrada libre🎭 El Gobierno de Ciudad Naucalpan, en coordinación con el Gobierno del Estado de México, a través de la Secretaría de Cultura y Turismo del Estado de México, invita a las vecinas y vecinos a disfrutar de la obra teatral “Otedama”, como parte del programa “Cultivamos arte, cosechamos cultura”, Circuito 15 Tepéhco, “Entre los cerros”. 📅 31 de enero de 2026 ⏰ 14:00 horas 📍 Plaza Revolución, Naucalpan de Juárez. 🎟️ Entrada libre Seguimos acercando el arte y la cultura a los espacios públicos de nuestro municipio, fortaleciendo el acceso a actividades culturales para todas y todos. #AquiGobiernaLaEsperanza #Naucalpan #Cultura #Teatro #EntradaLibre",https://www.facebook.com/CiudadNaucalpan/posts/pfbid0P2zBK2MsqUcQH8xq4MKEV5ALEHrfJYhvd2jHzf5XYWg3CdZa5VFDQZPZbF1SFkUzl,https://www.facebook.com/CiudadNaucalpan/posts/pfbid0P2zBK2MsqUcQH8xq4MKEV5ALEHrfJYhvd2jHzf5XYWg3CdZa5VFDQZPZbF1SFkUzl,2026-01-28 17:18:22,2026-01-28,/home/emilio/Documentos/Naucalpan_Semanal_Reportes/Periodico/Enero_Mayo/2026-01-16_al_2026-01-30/Facebook/2026-01-16_al_2026-01-30_Facebook/2026-01-16_al_2026-01-30_Facebook_posts.csv
2026-01-16,2026-01-16_al_2026-01-30_Facebook,gobierno_naucalpan,Gobierno de Naucalpan,facebook,Facebook,post_facebook,ciudadnaucalpan,Ciudad Naucalpan / Gobierno Municipal 2025-2027.,,"El Presidente Municipal, Isaac Montoya Márquez, asistió a la entrega de nombramientos de la Asociación de Empresarios y Ciudadanos del Estado de México (ASECEM), donde destacó que durante 2026 se avanzará de manera decidida en la mejora regulatoria, mediante la simplificación de trámites y la migración al Gobierno Digital, con el objetivo de facilitar procesos, brindar certeza jurídica y acompañar la inversión dentro del marco normativo. Ciudad Naucalpan se consolida como un motor económico del Estado de México, al aportar entre el 17 y el 18 % del PIB estatal, gracias a las inversiones del sector empresarial y al trabajo de las y los naucalpenses. Desde el Gobierno de Ciudad Naucalpan se continúa trabajando para consolidar un municipio con mejores condiciones para invertir, producir y vivir, con orden, planeación y visión de futuro. #AquiGobiernaLaEsperanza #Naucalpan #DesarrolloEconomico","El Presidente Municipal, Isaac Montoya Márquez, asistió a la entrega de nombramientos de la Asociación de Empresarios y Ciudadanos del Estado de México (ASECEM), donde destacó que durante 2026 se avanzará de manera decidida en la mejora regulatoria, mediante la simplificación de trámites y la migración al Gobierno Digital, con el objetivo de facilitar procesos, brindar certeza jurídica y acompañar la inversión dentro del marco normativo. Ciudad Naucalpan se consolida como un motor económico del Estado de México, al aportar entre el 17 y el 18 % del PIB estatal, gracias a las inversiones del sector empresarial y al trabajo de las y los naucalpenses. Desde el Gobierno de Ciudad Naucalpan se continúa trabajando para consolidar un municipio con mejores condiciones para invertir, producir y vivir, con orden, planeación y visión de futuro. #AquiGobiernaLaEsperanza #Naucalpan #DesarrolloEconomico",https://www.facebook.com/CiudadNaucalpan/posts/pfbid023XEyGnnMYssYPHFojsAXaczo3Q5Pdia9Cv6nyzpdf4BPtG2h3PyGYZhZzMRpDZGvl,https://www.facebook.com/CiudadNaucalpan/posts/pfbid023XEyGnnMYssYPHFojsAXaczo3Q5Pdia9Cv6nyzpdf4BPtG2h3PyGYZhZzMRpDZGvl,2026-01-28 16:37:31,2026-01-28,/home/emilio/Documentos/Naucalpan_Semanal_Reportes/Periodico/Enero_Mayo/2026-01-16_al_2026-01-30/Facebook/2026-01-16_al_2026-01-30_Facebook/2026-01-16_al_2026-01-30_Facebook_posts.csv
2026-01-16,2026-01-16_al_2026-01-30_Facebook,gobierno_naucalpan,Gobierno de Naucalpan,facebook,Facebook,post_facebook,ciudadnaucalpan,Ciudad Naucalpan / Gobierno Municipal 2025-2027.,,"Taller Facial y Spa de Manos ✨💆‍♀️ El Gobierno de Ciudad Naucalpan, a través del Instituto de las Mujeres Naucalpenses y la Igualdad Sustantiva (IMNIS), invita a las mujeres a participar en el Taller Facial y Spa de Manos, un espacio de autocuidado y bienestar. 📅 Martes 17 de febrero ⏰ 12:00 a 13:30 horas 📍 Oficinas del IMNIS Av. Juárez No. 39, Fracc. El Mirador, Naucalpan de Juárez 📞 Informes: 55 8789 5483 Seguimos generando espacios para el bienestar, el autocuidado y la atención integral de las mujeres naucalpenses. #AquiGobiernaLaEsperanza #Naucalpan #IMNIS #Bienestar #Autocuidado","Taller Facial y Spa de Manos ✨💆‍♀️ El Gobierno de Ciudad Naucalpan, a través del Instituto de las Mujeres Naucalpenses y la Igualdad Sustantiva (IMNIS), invita a las mujeres a participar en el Taller Facial y Spa de Manos, un espacio de autocuidado y bienestar. 📅 Martes 17 de febrero ⏰ 12:00 a 13:30 horas 📍 Oficinas del IMNIS Av. Juárez No. 39, Fracc. El Mirador, Naucalpan de Juárez 📞 Informes: 55 8789 5483 Seguimos generando espacios para el bienestar, el autocuidado y la atención integral de las mujeres naucalpenses. #AquiGobiernaLaEsperanza #Naucalpan #IMNIS #Bienestar #Autocuidado",https://www.facebook.com/CiudadNaucalpan/posts/pfbid026xmWDq3VqnRjKk6pfoooEBShL6jz4mMX65VuQ2H7r4ZSjbiTEgTu3nMfb1aAKabEl,https://www.facebook.com/CiudadNaucalpan/posts/pfbid026xmWDq3VqnRjKk6pfoooEBShL6jz4mMX65VuQ2H7r4ZSjbiTEgTu3nMfb1aAKabEl,2026-01-28 15:18:24,2026-01-28,/home/emilio/Documentos/Naucalpan_Semanal_Reportes/Periodico/Enero_Mayo/2026-01-16_al_2026-01-30/Facebook/2026-01-16_al_2026-01-30_Facebook/2026-01-16_al_2026-01-30_Facebook_posts.csv
2026-01-16,2026-01-16_al_2026-01-30_Facebook,gobierno_naucalpan,Gobierno de Naucalpan,facebook,Facebook,post_facebook,ciudadnaucalpan,Ciudad Naucalpan / Gobierno Municipal 2025-2027.,,"Operativo integral de recuperación en San Luis Tlatilco 🚛 El Gobierno de Ciudad Naucalpan, a través de la Dirección de Servicios Públicos, llevó a cabo un operativo integral de recuperación del espacio público, con el objetivo de mejorar las condiciones de seguridad, salubridad e imagen urbana en la zona del bajo puente. Como parte de los trabajos, se realizó arañado y barrido manual en el área intervenida, limpieza general y papeleo en el entorno inmediato, retiro y recolección de residuos sólidos y materiales acumulados, así como el saneamiento del espacio público para su correcta recuperación. En total, se recolectaron 29 toneladas de residuos. Seguimos trabajando por el bienestar de las y los naucalpenses. #AquiGobiernaLaEsperanza #Naucalpan #ServiciosPublicos","Operativo integral de recuperación en San Luis Tlatilco 🚛 El Gobierno de Ciudad Naucalpan, a través de la Dirección de Servicios Públicos, llevó a cabo un operativo integral de recuperación del espacio público, con el objetivo de mejorar las condiciones de seguridad, salubridad e imagen urbana en la zona del bajo puente. Como parte de los trabajos, se realizó arañado y barrido manual en el área intervenida, limpieza general y papeleo en el entorno inmediato, retiro y recolección de residuos sólidos y materiales acumulados, así como el saneamiento del espacio público para su correcta recuperación. En total, se recolectaron 29 toneladas de residuos. Seguimos trabajando por el bienestar de las y los naucalpenses. #AquiGobiernaLaEsperanza #Naucalpan #ServiciosPublicos",https://www.facebook.com/reel/2126599221484193/,https://www.facebook.com/reel/2126599221484193/,2026-01-28 13:02:49,2026-01-28,/home/emilio/Documentos/Naucalpan_Semanal_Reportes/Periodico/Enero_Mayo/2026-01-16_al_2026-01-30/Facebook/2026-01-16_al_2026-01-30_Facebook/2026-01-16_al_2026-01-30_Facebook_posts.csv
2026-01-16,2026-01-16_al_2026-01-30_Facebook,gobierno_naucalpan,Gobierno de Naucalpan,facebook,Facebook,post_facebook,ciudadnaucalpan,Ciudad Naucalpan / Gobierno Municipal 2025-2027.,,"El Servicio de Relevo es un mecanismo que brinda un puente de comunicación entre las personas sordas y las dependencias municipales, garantizando su derecho a la comunicación y al acceso a los servicios públicos.🧏‍♀️ A través del intérprete de Lengua de Señas Mexicana y el uso de herramientas tecnológicas, las y los ciudadanos pueden realizar trámites y gestiones de manera autónoma, digna y en igualdad de condiciones. Este servicio ya está disponible en el Palacio Municipal. La inclusión no es un privilegio, es un derecho. #AquiGobiernaLaEsperanza #Naucalpan #Inclusion #ServicioDeRelevo","El Servicio de Relevo es un mecanismo que brinda un puente de comunicación entre las personas sordas y las dependencias municipales, garantizando su derecho a la comunicación y al acceso a los servicios públicos.🧏‍♀️ A través del intérprete de Lengua de Señas Mexicana y el uso de herramientas tecnológicas, las y los ciudadanos pueden realizar trámites y gestiones de manera autónoma, digna y en igualdad de condiciones. Este servicio ya está disponible en el Palacio Municipal. La inclusión no es un privilegio, es un derecho. #AquiGobiernaLaEsperanza #Naucalpan #Inclusion #ServicioDeRelevo",https://www.facebook.com/reel/1612515053273971/,https://www.facebook.com/reel/1612515053273971/,2026-01-28 11:04:02,2026-01-28,/home/emilio/Documentos/Naucalpan_Semanal_Reportes/Periodico/Enero_Mayo/2026-01-16_al_2026-01-30/Facebook/2026-01-16_al_2026-01-30_Facebook/2026-01-16_al_2026-01-30_Facebook_posts.csv
2026-01-16,2026-01-16_al_2026-01-30_Facebook,gobierno_naucalpan,Gobierno de Naucalpan,facebook,Facebook,post_facebook,ciudadnaucalpan,Ciudad Naucalpan / Gobierno Municipal 2025-2027.,,"Círculo Juvenil Literario y de Cine “La Cuarta Dimensión”📚🎬 El Gobierno de Ciudad Naucalpan, a través de la Dirección de Bienestar e Inclusión Social y el Instituto de las Juventudes Naucalpenses, impulsa este espacio de reflexión, participación y diversión dirigido a las juventudes, donde la literatura y el cine se convierten en herramientas para el diálogo y el pensamiento crítico. 🗓 22 y 29 de enero | 5 y 9 de febrero ⏰ 10:30 a 12:30 horas 📍 Oficinas del Instituto de las Juventudes Naucalpenses Av. Universidad S/N, Las Américas, Naucalpan de Juárez. 📞 Informes: 55 7814 4783 ✉️ belem.hernandez@naucalpan.gob.mx #AquiGobiernaLaEsperanza #Naucalpan #BienestarEInclusiónSocial","Círculo Juvenil Literario y de Cine “La Cuarta Dimensión”📚🎬 El Gobierno de Ciudad Naucalpan, a través de la Dirección de Bienestar e Inclusión Social y el Instituto de las Juventudes Naucalpenses, impulsa este espacio de reflexión, participación y diversión dirigido a las juventudes, donde la literatura y el cine se convierten en herramientas para el diálogo y el pensamiento crítico. 🗓 22 y 29 de enero | 5 y 9 de febrero ⏰ 10:30 a 12:30 horas 📍 Oficinas del Instituto de las Juventudes Naucalpenses Av. Universidad S/N, Las Américas, Naucalpan de Juárez. 📞 Informes: 55 7814 4783 ✉️ belem.hernandez@naucalpan.gob.mx #AquiGobiernaLaEsperanza #Naucalpan #BienestarEInclusiónSocial",https://www.facebook.com/CiudadNaucalpan/posts/pfbid02EiAgTon65kk6A4cQCXdU2ZDoPYcB2wFkuahVGWmWdLqbYPpasiU3wrceCJqbnDC6l,https://www.facebook.com/CiudadNaucalpan/posts/pfbid02EiAgTon65kk6A4cQCXdU2ZDoPYcB2wFkuahVGWmWdLqbYPpasiU3wrceCJqbnDC6l,2026-01-28 09:02:03,2026-01-28,/home/emilio/Documentos/Naucalpan_Semanal_Reportes/Periodico/Enero_Mayo/2026-01-16_al_2026-01-30/Facebook/2026-01-16_al_2026-01-30_Facebook/2026-01-16_al_2026-01-30_Facebook_posts.csv
2026-01-16,2026-01-16_al_2026-01-30_Facebook,gobierno_naucalpan,Gobierno de Naucalpan,facebook,Facebook,post_facebook,ciudadnaucalpan,Ciudad Naucalpan / Gobierno Municipal 2025-2027.,,"Pago Predial Naucalpan 2026🏠 Paga en Tesorería, receptorías, bancos o en línea. 💻 Pago en línea: 👉 https://f.mtr.cool/fybqjefxcq Cumplir fortalece tu colonia y tu municipio. #AquiGobiernaLaEsperanza #Naucalpan #Predial2026 #TesoreriaMunicipal","Pago Predial Naucalpan 2026🏠 Paga en Tesorería, receptorías, bancos o en línea. 💻 Pago en línea: 👉 https://f.mtr.cool/fybqjefxcq Cumplir fortalece tu colonia y tu municipio. #AquiGobiernaLaEsperanza #Naucalpan #Predial2026 #TesoreriaMunicipal",https://www.facebook.com/CiudadNaucalpan/posts/pfbid02fxTUYQuPW5AVKNgHDuYRuDoZUe9trqXhVKxW7RL9XEQDXs35z8wXxbDkJu3dD9Rol,https://www.facebook.com/CiudadNaucalpan/posts/pfbid02fxTUYQuPW5AVKNgHDuYRuDoZUe9trqXhVKxW7RL9XEQDXs35z8wXxbDkJu3dD9Rol,2026-01-28 07:30:49,2026-01-28,/home/emilio/Documentos/Naucalpan_Semanal_Reportes/Periodico/Enero_Mayo/2026-01-16_al_2026-01-30/Facebook/2026-01-16_al_2026-01-30_Facebook/2026-01-16_al_2026-01-30_Facebook_posts.csv
2026-01-16,2026-01-16_al_2026-01-30_Facebook,gobierno_naucalpan,Gobierno de Naucalpan,facebook,Facebook,post_facebook,ciudadnaucalpan,Ciudad Naucalpan / Gobierno Municipal 2025-2027.,,"Guía Ciudadana para el Pago del Impuesto Predial 2026🧾🏠 En el Gobierno de Ciudad Naucalpan trabajamos para que cada trámite sea más claro, sencillo y accesible para todas y todos. 👉Consulta en las imágenes la guía completa con los requisitos, opciones de pago y descuentos vigentes, y realiza tu contribución de forma fácil y sin contratiempos. Tu predial se transforma en obras, servicios y mejores espacios para nuestra comunidad. #AquiGobiernaLaEsperanza #Naucalpan #Predial2026 #TesoreriaMunicipal","Guía Ciudadana para el Pago del Impuesto Predial 2026🧾🏠 En el Gobierno de Ciudad Naucalpan trabajamos para que cada trámite sea más claro, sencillo y accesible para todas y todos. 👉Consulta en las imágenes la guía completa con los requisitos, opciones de pago y descuentos vigentes, y realiza tu contribución de forma fácil y sin contratiempos. Tu predial se transforma en obras, servicios y mejores espacios para nuestra comunidad. #AquiGobiernaLaEsperanza #Naucalpan #Predial2026 #TesoreriaMunicipal",https://www.facebook.com/CiudadNaucalpan/posts/pfbid0RLLF9iXoDcHnJ3CWTeN4PXdVXUSSCvBcamocYV3qFRVtmMV2pKZWGLDxnRhxVDgrl,https://www.facebook.com/CiudadNaucalpan/posts/pfbid0RLLF9iXoDcHnJ3CWTeN4PXdVXUSSCvBcamocYV3qFRVtmMV2pKZWGLDxnRhxVDgrl,2026-01-28 07:20:42,2026-01-28,/home/emilio/Documentos/Naucalpan_Semanal_Reportes/Periodico/Enero_Mayo/2026-01-16_al_2026-01-30/Facebook/2026-01-16_al_2026-01-30_Facebook/2026-01-16_al_2026-01-30_Facebook_posts.csv
2026-01-16,2026-01-16_al_2026-01-30_Facebook,gobierno_naucalpan,Gobierno de Naucalpan,facebook,Facebook,post_facebook,ciudadnaucalpan,Ciudad Naucalpan / Gobierno Municipal 2025-2027.,,¿Sabías qué? ⚽🌍 El gol olímpico fue inventado en México y reconocido por la FIFA: se anota directamente desde el tiro de esquina. #AquiGobiernaLaEsperanza #HuellasDelMundial #Naucalpan,¿Sabías qué? ⚽🌍 El gol olímpico fue inventado en México y reconocido por la FIFA: se anota directamente desde el tiro de esquina. #AquiGobiernaLaEsperanza #HuellasDelMundial #Naucalpan,https://www.facebook.com/CiudadNaucalpan/posts/pfbid02byG19N8W9M1GvTDAjmFrZkUcNn6Xcx6aP6DhfJqHZutp1jghzUSA3zvj5xaCQKB1l,https://www.facebook.com/CiudadNaucalpan/posts/pfbid02byG19N8W9M1GvTDAjmFrZkUcNn6Xcx6aP6DhfJqHZutp1jghzUSA3zvj5xaCQKB1l,2026-01-28 07:03:40,2026-01-28,/home/emilio/Documentos/Naucalpan_Semanal_Reportes/Periodico/Enero_Mayo/2026-01-16_al_2026-01-30/Facebook/2026-01-16_al_2026-01-30_Facebook/2026-01-16_al_2026-01-30_Facebook_posts.csv
2026-01-16,2026-01-16_al_2026-01-30_Facebook,gobierno_naucalpan,Gobierno de Naucalpan,facebook,Facebook,post_facebook,guardiamunicipalciudadnaucalpan,Guardia Municipal Ciudad Naucalpan,,"Recuperación de vehículo con reporte de robo🚨 Gracias a la rápida actuación y coordinación operativa de la Guardia Municipal de Ciudad Naucalpan, se logró la recuperación de un vehículo con reporte de robo, sustraído en el municipio de Cuautitlán Izcalli. Seguimos trabajando de manera coordinada para fortalecer la seguridad en el municipio. #AquiGobiernaLaEsperanza #GuardiaMunicipal #Naucalpan #Seguridad #Coordinacion","Recuperación de vehículo con reporte de robo🚨 Gracias a la rápida actuación y coordinación operativa de la Guardia Municipal de Ciudad Naucalpan, se logró la recuperación de un vehículo con reporte de robo, sustraído en el municipio de Cuautitlán Izcalli. Seguimos trabajando de manera coordinada para fortalecer la seguridad en el municipio. #AquiGobiernaLaEsperanza #GuardiaMunicipal #Naucalpan #Seguridad #Coordinacion",https://www.facebook.com/reel/1191576123140259/,https://www.facebook.com/reel/1191576123140259/,2026-01-28 22:04:06,2026-01-28,/home/emilio/Documentos/Naucalpan_Semanal_Reportes/Periodico/Enero_Mayo/2026-01-16_al_2026-01-30/Facebook/2026-01-16_al_2026-01-30_Facebook/2026-01-16_al_2026-01-30_Facebook_posts.csv
2026-01-16,2026-01-16_al_2026-01-30_Facebook,gobierno_naucalpan,Gobierno de Naucalpan,facebook,Facebook,post_facebook,guardiamunicipalciudadnaucalpan,Guardia Municipal Ciudad Naucalpan,,"Recuperación de vehículo con reporte de robo🚓 Gracias al trabajo operativo de elementos de la Guardia Municipal de Ciudad Naucalpan se logró la recuperación de un vehículo con reporte de robo, sustraído en el municipio de Cuautitlán Izcalli. Este resultado refrenda el compromiso permanente de nuestras y nuestros guardias por prevenir el delito, fortalecer la coordinación intermunicipal y brindar una respuesta oportuna en favor de la ciudadanía. #AquiGobiernaLaEsperanza #GuardiaMunicipal #Naucalpan #Seguridad #Coordinacion","Recuperación de vehículo con reporte de robo🚓 Gracias al trabajo operativo de elementos de la Guardia Municipal de Ciudad Naucalpan se logró la recuperación de un vehículo con reporte de robo, sustraído en el municipio de Cuautitlán Izcalli. Este resultado refrenda el compromiso permanente de nuestras y nuestros guardias por prevenir el delito, fortalecer la coordinación intermunicipal y brindar una respuesta oportuna en favor de la ciudadanía. #AquiGobiernaLaEsperanza #GuardiaMunicipal #Naucalpan #Seguridad #Coordinacion",https://www.facebook.com/GuardiaMunicipalCiudadNaucalpan/posts/pfbid0TPNUyPZ3JGZG9SWqrqCREraUnwRzqHqaGu532zDW13JLbSr4z6VXtsD5LyFCUWzsl,https://www.facebook.com/GuardiaMunicipalCiudadNaucalpan/posts/pfbid0TPNUyPZ3JGZG9SWqrqCREraUnwRzqHqaGu532zDW13JLbSr4z6VXtsD5LyFCUWzsl,2026-01-28 20:24:20,2026-01-28,/home/emilio/Documentos/Naucalpan_Semanal_Reportes/Periodico/Enero_Mayo/2026-01-16_al_2026-01-30/Facebook/2026-01-16_al_2026-01-30_Facebook/2026-01-16_al_2026-01-30_Facebook_posts.csv
2026-01-16,2026-01-16_al_2026-01-30_Facebook,gobierno_naucalpan,Gobierno de Naucalpan,facebook,Facebook,post_facebook,guardiamunicipalciudadnaucalpan,Guardia Municipal Ciudad Naucalpan,,"Formación con responsabilidad y compromiso👮‍♀️ 👮‍♂️ Como parte de su preparación integral, cadetes de la Academia de la Guardia Municipal realizaron prácticas de conducción de vehículos oficiales, fortaleciendo sus habilidades técnicas, el manejo responsable y la toma de decisiones ante situaciones reales. Estas actividades son fundamentales para garantizar un desempeño profesional, seguro y eficiente en beneficio de la ciudadanía. La Guardia Municipal continúa formando a las y los futuros elementos con disciplina, preparación y vocación de servicio. #AquiGobiernaLaEsperanza #Naucalpan #seguridad #Formacion","Formación con responsabilidad y compromiso👮‍♀️ 👮‍♂️ Como parte de su preparación integral, cadetes de la Academia de la Guardia Municipal realizaron prácticas de conducción de vehículos oficiales, fortaleciendo sus habilidades técnicas, el manejo responsable y la toma de decisiones ante situaciones reales. Estas actividades son fundamentales para garantizar un desempeño profesional, seguro y eficiente en beneficio de la ciudadanía. La Guardia Municipal continúa formando a las y los futuros elementos con disciplina, preparación y vocación de servicio. #AquiGobiernaLaEsperanza #Naucalpan #seguridad #Formacion",https://www.facebook.com/GuardiaMunicipalCiudadNaucalpan/posts/pfbid023cvMBL2dptXmTSr5DeQq2Z8be9hhod5PVHWnLDTcnZxFfWbtiMn51ArfEcUJ4fcSl,https://www.facebook.com/GuardiaMunicipalCiudadNaucalpan/posts/pfbid023cvMBL2dptXmTSr5DeQq2Z8be9hhod5PVHWnLDTcnZxFfWbtiMn51ArfEcUJ4fcSl,2026-01-28 11:41:13,2026-01-28,/home/emilio/Documentos/Naucalpan_Semanal_Reportes/Periodico/Enero_Mayo/2026-01-16_al_2026-01-30/Facebook/2026-01-16_al_2026-01-30_Facebook/2026-01-16_al_2026-01-30_Facebook_posts.csv
2026-01-16,2026-01-16_al_2026-01-30_Facebook,gobierno_naucalpan,Gobierno de Naucalpan,facebook,Facebook,post_facebook,guardiamunicipalciudadnaucalpan,Guardia Municipal Ciudad Naucalpan,,"La Policía Ética acompaña y vigila el actuar del personal de Movilidad Segura para garantizar un desempeño legal, transparente y con respeto a la ciudadanía.🚔 En Ciudad Naucalpan, la seguridad se ejerce con ética y responsabilidad. #AquiGobiernaLaEsperanza #GuardiaMunicipal #Naucalpan #PoliciaEtica #MovilidadSegura","La Policía Ética acompaña y vigila el actuar del personal de Movilidad Segura para garantizar un desempeño legal, transparente y con respeto a la ciudadanía.🚔 En Ciudad Naucalpan, la seguridad se ejerce con ética y responsabilidad. #AquiGobiernaLaEsperanza #GuardiaMunicipal #Naucalpan #PoliciaEtica #MovilidadSegura",https://www.facebook.com/reel/910420491674775/,https://www.facebook.com/reel/910420491674775/,2026-01-28 09:03:22,2026-01-28,/home/emilio/Documentos/Naucalpan_Semanal_Reportes/Periodico/Enero_Mayo/2026-01-16_al_2026-01-30/Facebook/2026-01-16_al_2026-01-30_Facebook/2026-01-16_al_2026-01-30_Facebook_posts.csv
2026-01-16,2026-01-16_al_2026-01-30_Twitter,gobierno_naucalpan,Gobierno de Naucalpan,twitter,Twitter/X,tweet,@GobNau,@GobNau,,"Memorias de cálculo para la COI y el Impuesto Ecol Consulta en las imágenes toda la información sobre fechas, horarios, sede, temario e inscripciones. #AquiGobiernaLaEsperanza #Naucalpan #DesarrolloEconomico","Memorias de cálculo para la COI y el Impuesto Ecol Consulta en las imágenes toda la información sobre fechas, horarios, sede, temario e inscripciones. #AquiGobiernaLaEsperanza #Naucalpan #DesarrolloEconomico",https://x.com/GobNau/status/2016655328633368599,https://x.com/GobNau/status/2016655328633368599,2026-01-28 23:31:12+00:00,2026-01-28,/home/emilio/Documentos/Naucalpan_Semanal_Reportes/Periodico/Enero_Mayo/2026-01-16_al_2026-01-30/Twitter/2026-01-16_al_2026-01-30_Twitter/2026-01-16_al_2026-01-30_Twitter_post_institucionales.csv
2026-01-16,2026-01-16_al_2026-01-30_Twitter,gobierno_naucalpan,Gobierno de Naucalpan,twitter,Twitter/X,tweet,@GobNau,@GobNau,,"Obra teatral “Otedama” | Entrada libre El Gobierno de Ciudad #Naucalpan, en coordinación con la Secretaría de Cultura y Turismo del Estado de México, invita a disfrutar esta puesta en escena. 31 de enero | 14:00 hrs. Plaza Revolución #AquiGobiernaLaEsperanza","Obra teatral “Otedama” | Entrada libre El Gobierno de Ciudad #Naucalpan, en coordinación con la Secretaría de Cultura y Turismo del Estado de México, invita a disfrutar esta puesta en escena. 31 de enero | 14:00 hrs. Plaza Revolución #AquiGobiernaLaEsperanza",https://x.com/GobNau/status/2016652102433403317,https://x.com/GobNau/status/2016652102433403317,2026-01-28 23:18:23+00:00,2026-01-28,/home/emilio/Documentos/Naucalpan_Semanal_Reportes/Periodico/Enero_Mayo/2026-01-16_al_2026-01-30/Twitter/2026-01-16_al_2026-01-30_Twitter/2026-01-16_al_2026-01-30_Twitter_post_institucionales.csv
2026-01-16,2026-01-16_al_2026-01-30_Twitter,gobierno_naucalpan,Gobierno de Naucalpan,twitter,Twitter/X,tweet,@GobNau,@GobNau,,"El Presidente Municipal de Ciudad #Naucalpan, Isaac Montoya Márquez, asistió a la entrega de nombramientos de la ASECEM, donde destacó que en 2026 se avanzará en la mejora regulatoria y el Gobierno Digital para facilitar trámites y atraer inversión. #AquiGobiernaLaEsperanza","El Presidente Municipal de Ciudad #Naucalpan, Isaac Montoya Márquez, asistió a la entrega de nombramientos de la ASECEM, donde destacó que en 2026 se avanzará en la mejora regulatoria y el Gobierno Digital para facilitar trámites y atraer inversión. #AquiGobiernaLaEsperanza",https://x.com/GobNau/status/2016641793148797416,https://x.com/GobNau/status/2016641793148797416,2026-01-28 22:37:25+00:00,2026-01-28,/home/emilio/Documentos/Naucalpan_Semanal_Reportes/Periodico/Enero_Mayo/2026-01-16_al_2026-01-30/Twitter/2026-01-16_al_2026-01-30_Twitter/2026-01-16_al_2026-01-30_Twitter_post_institucionales.csv
2026-01-16,2026-01-16_al_2026-01-30_Twitter,gobierno_naucalpan,Gobierno de Naucalpan,twitter,Twitter/X,tweet,@GobNau,@GobNau,,"Taller Facial y Spa de Manos El Gobierno de Ciudad Naucalpan, a través del IMNIS, invita a las mujeres a participar. 17 de febrero | 12:00–13:30 h Oficinas del IMNIS, El Mirador 55 8789 5483 #AquiGobiernaLaEsperanza #Naucalpan #IMNIS #Bienestar","Taller Facial y Spa de Manos El Gobierno de Ciudad Naucalpan, a través del IMNIS, invita a las mujeres a participar. 17 de febrero | 12:00–13:30 h Oficinas del IMNIS, El Mirador 55 8789 5483 #AquiGobiernaLaEsperanza #Naucalpan #IMNIS #Bienestar",https://x.com/GobNau/status/2016622057669247175,https://x.com/GobNau/status/2016622057669247175,2026-01-28 21:19:00+00:00,2026-01-28,/home/emilio/Documentos/Naucalpan_Semanal_Reportes/Periodico/Enero_Mayo/2026-01-16_al_2026-01-30/Twitter/2026-01-16_al_2026-01-30_Twitter/2026-01-16_al_2026-01-30_Twitter_post_institucionales.csv
2026-01-16,2026-01-16_al_2026-01-30_Twitter,gobierno_naucalpan,Gobierno de Naucalpan,twitter,Twitter/X,tweet,@GobNau,@GobNau,,"Operativo integral de recuperación en San Luis Tlatilco En total, se recolectaron 29 toneladas de residuos. Seguimos trabajando por el bienestar de las y los naucalpenses. #AquiGobiernaLaEsperanza #Naucalpan #ServiciosPublicos","Operativo integral de recuperación en San Luis Tlatilco En total, se recolectaron 29 toneladas de residuos. Seguimos trabajando por el bienestar de las y los naucalpenses. #AquiGobiernaLaEsperanza #Naucalpan #ServiciosPublicos",https://x.com/GobNau/status/2016587970740924707,https://x.com/GobNau/status/2016587970740924707,2026-01-28 19:03:33+00:00,2026-01-28,/home/emilio/Documentos/Naucalpan_Semanal_Reportes/Periodico/Enero_Mayo/2026-01-16_al_2026-01-30/Twitter/2026-01-16_al_2026-01-30_Twitter/2026-01-16_al_2026-01-30_Twitter_post_institucionales.csv
2026-01-16,2026-01-16_al_2026-01-30_Twitter,gobierno_naucalpan,Gobierno de Naucalpan,twitter,Twitter/X,tweet,@GobNau,@GobNau,,"El Servicio de Relevo es un puente de comunicación entre personas sordas y dependencias municipales, garantizando su derecho al acceso a los servicios públicos. Ya está disponible en el Palacio Municipal. La inclusión es un derecho. #AquiGobiernaLaEsperanza #Naucalpan","El Servicio de Relevo es un puente de comunicación entre personas sordas y dependencias municipales, garantizando su derecho al acceso a los servicios públicos. Ya está disponible en el Palacio Municipal. La inclusión es un derecho. #AquiGobiernaLaEsperanza #Naucalpan",https://x.com/GobNau/status/2016558031538983288,https://x.com/GobNau/status/2016558031538983288,2026-01-28 17:04:35+00:00,2026-01-28,/home/emilio/Documentos/Naucalpan_Semanal_Reportes/Periodico/Enero_Mayo/2026-01-16_al_2026-01-30/Twitter/2026-01-16_al_2026-01-30_Twitter/2026-01-16_al_2026-01-30_Twitter_post_institucionales.csv
2026-01-16,2026-01-16_al_2026-01-30_Twitter,gobierno_naucalpan,Gobierno de Naucalpan,twitter,Twitter/X,tweet,@GobNau,@GobNau,,Círculo Juvenil Literario y de Cine “La Cuarta Dimensión” #AquiGobiernaLaEsperanza #Naucalpan #BienestarEInclusiónSocial,Círculo Juvenil Literario y de Cine “La Cuarta Dimensión” #AquiGobiernaLaEsperanza #Naucalpan #BienestarEInclusiónSocial,https://x.com/GobNau/status/2016527261818630510,https://x.com/GobNau/status/2016527261818630510,2026-01-28 15:02:19+00:00,2026-01-28,/home/emilio/Documentos/Naucalpan_Semanal_Reportes/Periodico/Enero_Mayo/2026-01-16_al_2026-01-30/Twitter/2026-01-16_al_2026-01-30_Twitter/2026-01-16_al_2026-01-30_Twitter_post_institucionales.csv
2026-01-16,2026-01-16_al_2026-01-30_Twitter,gobierno_naucalpan,Gobierno de Naucalpan,twitter,Twitter/X,tweet,@GobNau,@GobNau,,"Pago Predial Naucalpan 2026 Paga en Tesorería, receptorías, bancos o en línea. Pago en línea: https://f.mtr.cool/fybqjefxcq Cumplir fortalece tu colonia y tu municipio. #AquiGobiernaLaEsperanza #Naucalpan #Predial2026 #TesoreriaMunicipal","Pago Predial Naucalpan 2026 Paga en Tesorería, receptorías, bancos o en línea. Pago en línea: https://f.mtr.cool/fybqjefxcq Cumplir fortalece tu colonia y tu municipio. #AquiGobiernaLaEsperanza #Naucalpan #Predial2026 #TesoreriaMunicipal",https://x.com/GobNau/status/2016504209131106371,https://x.com/GobNau/status/2016504209131106371,2026-01-28 13:30:42+00:00,2026-01-28,/home/emilio/Documentos/Naucalpan_Semanal_Reportes/Periodico/Enero_Mayo/2026-01-16_al_2026-01-30/Twitter/2026-01-16_al_2026-01-30_Twitter/2026-01-16_al_2026-01-30_Twitter_post_institucionales.csv
2026-01-16,2026-01-16_al_2026-01-30_Twitter,gobierno_naucalpan,Gobierno de Naucalpan,twitter,Twitter/X,tweet,@GobNau,@GobNau,,¿Sabías qué? El gol olímpico fue inventado en México y reconocido por la FIFA: se anota directamente desde el tiro de esquina. #AquiGobiernaLaEsperanza #HuellasDelMundial #Naucalpan,¿Sabías qué? El gol olímpico fue inventado en México y reconocido por la FIFA: se anota directamente desde el tiro de esquina. #AquiGobiernaLaEsperanza #HuellasDelMundial #Naucalpan,https://x.com/GobNau/status/2016497401826074797,https://x.com/GobNau/status/2016497401826074797,2026-01-28 13:03:39+00:00,2026-01-28,/home/emilio/Documentos/Naucalpan_Semanal_Reportes/Periodico/Enero_Mayo/2026-01-16_al_2026-01-30/Twitter/2026-01-16_al_2026-01-30_Twitter/2026-01-16_al_2026-01-30_Twitter_post_institucionales.csv
2026-01-16,2026-01-16_al_2026-01-30_Twitter,gobierno_naucalpan,Gobierno de Naucalpan,twitter,Twitter/X,tweet,@GobNau,@GobNau,,Avance de las obras de la Línea 3 del Mexicable #AquiGobiernaLaEsperanza #Naucalpan #EdoMex #Mexicable #Linea3,Avance de las obras de la Línea 3 del Mexicable #AquiGobiernaLaEsperanza #Naucalpan #EdoMex #Mexicable #Linea3,https://x.com/GobNau/status/2016312866953892069,https://x.com/GobNau/status/2016312866953892069,2026-01-28 00:50:23+00:00,2026-01-28,/home/emilio/Documentos/Naucalpan_Semanal_Reportes/Periodico/Enero_Mayo/2026-01-16_al_2026-01-30/Twitter/2026-01-16_al_2026-01-30_Twitter/2026-01-16_al_2026-01-30_Twitter_post_institucionales.csv
2026-01-16,2026-01-16_al_2026-01-30_Facebook,gobierno_naucalpan,Gobierno de Naucalpan,facebook,Facebook,post_facebook,ciudadnaucalpan,Ciudad Naucalpan / Gobierno Municipal 2025-2027.,,"Bacheo en la colonia El Torito 🚧 Durante mucho tiempo, esta vía presentó un deterioro considerable sin recibir atención por parte de administraciones anteriores. Ante esta situación, la zona fue priorizada como punto crítico para una intervención inmediata. El Gobierno de Ciudad Naucalpan, a través de la Dirección de Servicios Públicos, aplicó 14 toneladas de mezcla asfáltica. Continuamos atendiendo las vialidades con mayor tránsito y deterioro, en cumplimiento del compromiso de construir un municipio más seguro y digno para todas y todos. #AquiGobiernaLaEsperanza #Naucalpan #ServiciosPublicos","Bacheo en la colonia El Torito 🚧 Durante mucho tiempo, esta vía presentó un deterioro considerable sin recibir atención por parte de administraciones anteriores. Ante esta situación, la zona fue priorizada como punto crítico para una intervención inmediata. El Gobierno de Ciudad Naucalpan, a través de la Dirección de Servicios Públicos, aplicó 14 toneladas de mezcla asfáltica. Continuamos atendiendo las vialidades con mayor tránsito y deterioro, en cumplimiento del compromiso de construir un municipio más seguro y digno para todas y todos. #AquiGobiernaLaEsperanza #Naucalpan #ServiciosPublicos",https://www.facebook.com/reel/747763745077224/,https://www.facebook.com/reel/747763745077224/,2026-01-27 20:31:01,2026-01-27,/home/emilio/Documentos/Naucalpan_Semanal_Reportes/Periodico/Enero_Mayo/2026-01-16_al_2026-01-30/Facebook/2026-01-16_al_2026-01-30_Facebook/2026-01-16_al_2026-01-30_Facebook_posts.csv
2026-01-16,2026-01-16_al_2026-01-30_Facebook,gobierno_naucalpan,Gobierno de Naucalpan,facebook,Facebook,post_facebook,ciudadnaucalpan,Ciudad Naucalpan / Gobierno Municipal 2025-2027.,,"Reconstrucción integral del Periférico Norte🚧 La Gobernadora del Estado de México, la Maestra Delfina Gómez Álvarez supervisó la reconstrucción integral del Periférico Norte en Ciudad Naucalpan, una obra estratégica que beneficiará a más de 15 millones de usuarios que transitan por esta vía. En Ciudad Naucalpan continuamos trabajando de manera coordinada por el bienestar de las y los naucalpenses. #AquiGobiernaLaEsperanza #Naucalpan #EdoMex #PerifericoNorte","Reconstrucción integral del Periférico Norte🚧 La Gobernadora del Estado de México, la Maestra Delfina Gómez Álvarez supervisó la reconstrucción integral del Periférico Norte en Ciudad Naucalpan, una obra estratégica que beneficiará a más de 15 millones de usuarios que transitan por esta vía. En Ciudad Naucalpan continuamos trabajando de manera coordinada por el bienestar de las y los naucalpenses. #AquiGobiernaLaEsperanza #Naucalpan #EdoMex #PerifericoNorte",https://www.facebook.com/CiudadNaucalpan/posts/pfbid02eZeBGSQAWWxN7yijaEVPKSN7XYV5CFbJM5RBkCfWPtxiKWdnza78sGfLYAU5cttal,https://www.facebook.com/CiudadNaucalpan/posts/pfbid02eZeBGSQAWWxN7yijaEVPKSN7XYV5CFbJM5RBkCfWPtxiKWdnza78sGfLYAU5cttal,2026-01-27 18:53:21,2026-01-27,/home/emilio/Documentos/Naucalpan_Semanal_Reportes/Periodico/Enero_Mayo/2026-01-16_al_2026-01-30/Facebook/2026-01-16_al_2026-01-30_Facebook/2026-01-16_al_2026-01-30_Facebook_posts.csv
2026-01-16,2026-01-16_al_2026-01-30_Facebook,gobierno_naucalpan,Gobierno de Naucalpan,facebook,Facebook,post_facebook,ciudadnaucalpan,Ciudad Naucalpan / Gobierno Municipal 2025-2027.,,"Avance de las obras de la Línea 3 del Mexicable 🚠 La Gobernadora del Estado de México, Delfina Gómez Álvarez, supervisó el avance de las obras de la Línea 3 del Mexicable en Ciudad Naucalpan, en el punto donde se ubicará la estación La Tolva, un proyecto que mejorará la movilidad de miles de habitantes de las zonas altas del municipio y su calidad de vida. #AquiGobiernaLaEsperanza #Naucalpan #EdoMex #Mexicable #Linea3","Avance de las obras de la Línea 3 del Mexicable 🚠 La Gobernadora del Estado de México, Delfina Gómez Álvarez, supervisó el avance de las obras de la Línea 3 del Mexicable en Ciudad Naucalpan, en el punto donde se ubicará la estación La Tolva, un proyecto que mejorará la movilidad de miles de habitantes de las zonas altas del municipio y su calidad de vida. #AquiGobiernaLaEsperanza #Naucalpan #EdoMex #Mexicable #Linea3",https://www.facebook.com/CiudadNaucalpan/posts/pfbid02XEVC1TDYNDmfWhu7Sbwes1kKjHn9TggBpSfFGBq1WSbTbYPHAtCVNaaeFtfAdRyjl,https://www.facebook.com/CiudadNaucalpan/posts/pfbid02XEVC1TDYNDmfWhu7Sbwes1kKjHn9TggBpSfFGBq1WSbTbYPHAtCVNaaeFtfAdRyjl,2026-01-27 18:50:22,2026-01-27,/home/emilio/Documentos/Naucalpan_Semanal_Reportes/Periodico/Enero_Mayo/2026-01-16_al_2026-01-30/Facebook/2026-01-16_al_2026-01-30_Facebook/2026-01-16_al_2026-01-30_Facebook_posts.csv
2026-01-16,2026-01-16_al_2026-01-30_Facebook,gobierno_naucalpan,Gobierno de Naucalpan,facebook,Facebook,post_facebook,ciudadnaucalpan,Ciudad Naucalpan / Gobierno Municipal 2025-2027.,,"El Gobierno de Ciudad Naucalpan, a través de la Dirección de Medio Ambiente, continúa con la recolección de árboles naturales de Navidad en los centros de acopio, con el objetivo de transformarlos en abono natural o composta, la cual será utilizada en áreas naturales protegidas y áreas verdes del municipio, como parques comunitarios y espacios públicos. 🌱♻️ Se espera recolectar más de mil arbolitos, con los que se obtendrán alrededor de 10 toneladas de abono natural, contribuyendo a la reducción de residuos y a la mejora de la calidad de los suelos. Los trabajos de triturado se realizan en las instalaciones de la Dirección de Medio Ambiente. Este material será aplicado en zonas de juegos, espacios deportivos y parques comunitarios, fortaleciendo el cuidado del entorno y el bienestar de las familias naucalpenses. 🌳 #AquiGobiernaLaEsperanza #Naucalpan #MedioAmbiente #Reciclaje","El Gobierno de Ciudad Naucalpan, a través de la Dirección de Medio Ambiente, continúa con la recolección de árboles naturales de Navidad en los centros de acopio, con el objetivo de transformarlos en abono natural o composta, la cual será utilizada en áreas naturales protegidas y áreas verdes del municipio, como parques comunitarios y espacios públicos. 🌱♻️ Se espera recolectar más de mil arbolitos, con los que se obtendrán alrededor de 10 toneladas de abono natural, contribuyendo a la reducción de residuos y a la mejora de la calidad de los suelos. Los trabajos de triturado se realizan en las instalaciones de la Dirección de Medio Ambiente. Este material será aplicado en zonas de juegos, espacios deportivos y parques comunitarios, fortaleciendo el cuidado del entorno y el bienestar de las familias naucalpenses. 🌳 #AquiGobiernaLaEsperanza #Naucalpan #MedioAmbiente #Reciclaje",https://www.facebook.com/CiudadNaucalpan/posts/pfbid0fgJ5Me6uY1zmtcgeKumRsTWAj7iEQqaXiQgsZHE6jifbUUQELcsQyKbjzKuQkfNxl,https://www.facebook.com/CiudadNaucalpan/posts/pfbid0fgJ5Me6uY1zmtcgeKumRsTWAj7iEQqaXiQgsZHE6jifbUUQELcsQyKbjzKuQkfNxl,2026-01-27 17:44:38,2026-01-27,/home/emilio/Documentos/Naucalpan_Semanal_Reportes/Periodico/Enero_Mayo/2026-01-16_al_2026-01-30/Facebook/2026-01-16_al_2026-01-30_Facebook/2026-01-16_al_2026-01-30_Facebook_posts.csv
2026-01-16,2026-01-16_al_2026-01-30_Facebook,gobierno_naucalpan,Gobierno de Naucalpan,facebook,Facebook,post_facebook,ciudadnaucalpan,Ciudad Naucalpan / Gobierno Municipal 2025-2027.,,"Cambio de neumáticos a compactadores.🚛 El Gobierno de Ciudad Naucalpan, a través de la Dirección de Servicios Públicos, entregó 350 neumáticos para 87 compactadores de basura. #AquiGobiernaLaEsperanza #Naucalpan #ServiciosPublicos","Cambio de neumáticos a compactadores.🚛 El Gobierno de Ciudad Naucalpan, a través de la Dirección de Servicios Públicos, entregó 350 neumáticos para 87 compactadores de basura. #AquiGobiernaLaEsperanza #Naucalpan #ServiciosPublicos",https://www.facebook.com/reel/910347278238970/,https://www.facebook.com/reel/910347278238970/,2026-01-27 17:04:05,2026-01-27,/home/emilio/Documentos/Naucalpan_Semanal_Reportes/Periodico/Enero_Mayo/2026-01-16_al_2026-01-30/Facebook/2026-01-16_al_2026-01-30_Facebook/2026-01-16_al_2026-01-30_Facebook_posts.csv
2026-01-16,2026-01-16_al_2026-01-30_Facebook,gobierno_naucalpan,Gobierno de Naucalpan,facebook,Facebook,post_facebook,ciudadnaucalpan,Ciudad Naucalpan / Gobierno Municipal 2025-2027.,,"Alumbrado Periférico Cuatro Caminos 💡 El Gobierno de Ciudad Naucalpan, a través de la Dirección de Servicios Públicos, colocará 700 luminarias. #AquiGobiernaLaEsperanza #Naucalpan #ServiciosPublicos #SenderoSeguro","Alumbrado Periférico Cuatro Caminos 💡 El Gobierno de Ciudad Naucalpan, a través de la Dirección de Servicios Públicos, colocará 700 luminarias. #AquiGobiernaLaEsperanza #Naucalpan #ServiciosPublicos #SenderoSeguro",https://www.facebook.com/reel/1958175251771398/,https://www.facebook.com/reel/1958175251771398/,2026-01-27 15:50:18,2026-01-27,/home/emilio/Documentos/Naucalpan_Semanal_Reportes/Periodico/Enero_Mayo/2026-01-16_al_2026-01-30/Facebook/2026-01-16_al_2026-01-30_Facebook/2026-01-16_al_2026-01-30_Facebook_posts.csv
2026-01-16,2026-01-16_al_2026-01-30_Facebook,gobierno_naucalpan,Gobierno de Naucalpan,facebook,Facebook,post_facebook,ciudadnaucalpan,Ciudad Naucalpan / Gobierno Municipal 2025-2027.,,"Guía Ciudadana para el Pago del Impuesto Predial 2026🧾🏠 En el Gobierno de Ciudad Naucalpan trabajamos para que cada trámite sea más claro, sencillo y accesible para todas y todos. 👉Consulta en las imágenes la guía completa con los requisitos, opciones de pago y descuentos vigentes, y realiza tu contribución de forma fácil y sin contratiempos. Tu predial se transforma en obras, servicios y mejores espacios para nuestra comunidad. #AquiGobiernaLaEsperanza #Naucalpan #Predial2026 #TesoreriaMunicipal","Guía Ciudadana para el Pago del Impuesto Predial 2026🧾🏠 En el Gobierno de Ciudad Naucalpan trabajamos para que cada trámite sea más claro, sencillo y accesible para todas y todos. 👉Consulta en las imágenes la guía completa con los requisitos, opciones de pago y descuentos vigentes, y realiza tu contribución de forma fácil y sin contratiempos. Tu predial se transforma en obras, servicios y mejores espacios para nuestra comunidad. #AquiGobiernaLaEsperanza #Naucalpan #Predial2026 #TesoreriaMunicipal",https://www.facebook.com/CiudadNaucalpan/posts/pfbid02VDrFjmX92Z5fHYqhspNUKBCgmWt1nmQGuZQMXqXFzupiYWJme8TsnJSs7KNLzRtul,https://www.facebook.com/CiudadNaucalpan/posts/pfbid02VDrFjmX92Z5fHYqhspNUKBCgmWt1nmQGuZQMXqXFzupiYWJme8TsnJSs7KNLzRtul,2026-01-27 15:02:06,2026-01-27,/home/emilio/Documentos/Naucalpan_Semanal_Reportes/Periodico/Enero_Mayo/2026-01-16_al_2026-01-30/Facebook/2026-01-16_al_2026-01-30_Facebook/2026-01-16_al_2026-01-30_Facebook_posts.csv
2026-01-16,2026-01-16_al_2026-01-30_Facebook,gobierno_naucalpan,Gobierno de Naucalpan,facebook,Facebook,post_facebook,ciudadnaucalpan,Ciudad Naucalpan / Gobierno Municipal 2025-2027.,,"Pago Predial Naucalpan 2026🏠 Paga en Tesorería, receptorías, bancos o en línea. 💻 Pago en línea: 👉 https://f.mtr.cool/fybqjefxcq Cumplir fortalece tu colonia y tu municipio. #AquiGobiernaLaEsperanza #Naucalpan #Predial2026 #TesoreriaMunicipal","Pago Predial Naucalpan 2026🏠 Paga en Tesorería, receptorías, bancos o en línea. 💻 Pago en línea: 👉 https://f.mtr.cool/fybqjefxcq Cumplir fortalece tu colonia y tu municipio. #AquiGobiernaLaEsperanza #Naucalpan #Predial2026 #TesoreriaMunicipal",https://www.facebook.com/CiudadNaucalpan/posts/pfbid02sLddbYH1Vh9oR9F1ooE472ZRsr3jkMCp6Vq7h8FPQBvA1hffvzrwUUrTqPH3HEUAl,https://www.facebook.com/CiudadNaucalpan/posts/pfbid02sLddbYH1Vh9oR9F1ooE472ZRsr3jkMCp6Vq7h8FPQBvA1hffvzrwUUrTqPH3HEUAl,2026-01-27 14:45:40,2026-01-27,/home/emilio/Documentos/Naucalpan_Semanal_Reportes/Periodico/Enero_Mayo/2026-01-16_al_2026-01-30/Facebook/2026-01-16_al_2026-01-30_Facebook/2026-01-16_al_2026-01-30_Facebook_posts.csv
2026-01-16,2026-01-16_al_2026-01-30_Facebook,gobierno_naucalpan,Gobierno de Naucalpan,facebook,Facebook,post_facebook,ciudadnaucalpan,Ciudad Naucalpan / Gobierno Municipal 2025-2027.,,¿Sabías qué? ⚽🌍 México fue el primer país en ser anfitrión de un Mundial Sub-17 y Sub-20. #AquiGobiernaLaEsperanza #HuellasDelMundial #Naucalpan,¿Sabías qué? ⚽🌍 México fue el primer país en ser anfitrión de un Mundial Sub-17 y Sub-20. #AquiGobiernaLaEsperanza #HuellasDelMundial #Naucalpan,https://www.facebook.com/CiudadNaucalpan/posts/pfbid0n3XxcrrvMWvASvGmkyqeirRtUwJz98CW5gFqH2MsPDwYBSbKqdoDW8p3TbjpBiUrl,https://www.facebook.com/CiudadNaucalpan/posts/pfbid0n3XxcrrvMWvASvGmkyqeirRtUwJz98CW5gFqH2MsPDwYBSbKqdoDW8p3TbjpBiUrl,2026-01-27 14:33:57,2026-01-27,/home/emilio/Documentos/Naucalpan_Semanal_Reportes/Periodico/Enero_Mayo/2026-01-16_al_2026-01-30/Facebook/2026-01-16_al_2026-01-30_Facebook/2026-01-16_al_2026-01-30_Facebook_posts.csv
2026-01-16,2026-01-16_al_2026-01-30_Facebook,gobierno_naucalpan,Gobierno de Naucalpan,facebook,Facebook,post_facebook,ciudadnaucalpan,Ciudad Naucalpan / Gobierno Municipal 2025-2027.,,"Supervisión de obra de La COMUNA 🏗️ El Gobierno de la Ciudad de Naucalpan te invita: 🗓️ Fecha: Martes 27 de enero ⏰ Hora: 18:30 horas 📍 Lugar: Calle Cultura Maya, La Nueva San Rafael, Naucalpan de Juárez. #AquiGobiernaLaEsperanza #Naucalpan #COMUNA","Supervisión de obra de La COMUNA 🏗️ El Gobierno de la Ciudad de Naucalpan te invita: 🗓️ Fecha: Martes 27 de enero ⏰ Hora: 18:30 horas 📍 Lugar: Calle Cultura Maya, La Nueva San Rafael, Naucalpan de Juárez. #AquiGobiernaLaEsperanza #Naucalpan #COMUNA",https://www.facebook.com/CiudadNaucalpan/posts/pfbid0WkXg3ZGJJ61nhxP7EvRgsbgRDvd4hiDGKZhHGWgJv1eEjL82jaxucQQ5kBRDysnfl,https://www.facebook.com/CiudadNaucalpan/posts/pfbid0WkXg3ZGJJ61nhxP7EvRgsbgRDvd4hiDGKZhHGWgJv1eEjL82jaxucQQ5kBRDysnfl,2026-01-27 11:10:27,2026-01-27,/home/emilio/Documentos/Naucalpan_Semanal_Reportes/Periodico/Enero_Mayo/2026-01-16_al_2026-01-30/Facebook/2026-01-16_al_2026-01-30_Facebook/2026-01-16_al_2026-01-30_Facebook_posts.csv
2026-01-16,2026-01-16_al_2026-01-30_Facebook,gobierno_naucalpan,Gobierno de Naucalpan,facebook,Facebook,post_facebook,ciudadnaucalpan,Ciudad Naucalpan / Gobierno Municipal 2025-2027.,,"Inauguración del Módulo de Seguridad Pública La Tolva 🚔 El Gobierno de la Ciudad de Naucalpan invita a la ciudadanía a la inauguración del Módulo de Seguridad Pública La Tolva, que se llevará a cabo el martes 27 de enero, a las 17:30 horas, en la colonia Altamira. 📍 Av. de los Maestros esquina 27 de Marzo, colonia Altamira, Naucalpan de Juárez. #AquiGobiernaLaEsperanza #Naucalpan #Seguridad","Inauguración del Módulo de Seguridad Pública La Tolva 🚔 El Gobierno de la Ciudad de Naucalpan invita a la ciudadanía a la inauguración del Módulo de Seguridad Pública La Tolva, que se llevará a cabo el martes 27 de enero, a las 17:30 horas, en la colonia Altamira. 📍 Av. de los Maestros esquina 27 de Marzo, colonia Altamira, Naucalpan de Juárez. #AquiGobiernaLaEsperanza #Naucalpan #Seguridad",https://www.facebook.com/CiudadNaucalpan/posts/pfbid0mpyWAKRjkWLeZ78ht2GRZtxR5UkytbYG9q4dZUurSoz7qpcigpDbdRzPtRqsL9xhl,https://www.facebook.com/CiudadNaucalpan/posts/pfbid0mpyWAKRjkWLeZ78ht2GRZtxR5UkytbYG9q4dZUurSoz7qpcigpDbdRzPtRqsL9xhl,2026-01-27 11:04:08,2026-01-27,/home/emilio/Documentos/Naucalpan_Semanal_Reportes/Periodico/Enero_Mayo/2026-01-16_al_2026-01-30/Facebook/2026-01-16_al_2026-01-30_Facebook/2026-01-16_al_2026-01-30_Facebook_posts.csv
2026-01-16,2026-01-16_al_2026-01-30_Facebook,gobierno_naucalpan,Gobierno de Naucalpan,facebook,Facebook,post_facebook,ciudadnaucalpan,Ciudad Naucalpan / Gobierno Municipal 2025-2027.,,"En Ciudad Naucalpan, tu contribución es fundamental para seguir construyendo un mejor municipio para todas y todos.🤝 Te invitamos a realizar tu pago de predial de manera presencial. Puedes acudir a cualquiera de nuestras receptorías y cajas recaudadoras: • Palacio Municipal • Centro Cívico Satélite • Tecamachalco • San Mateo • Molino • Teatro Bicentenario • Explanada del Centro Cívico Satélite • CEFE Naucalli 🕘 Horario de atención: Lunes a viernes, de 8:00 a 17:00 horas. Sábados, de 8:00 a 15:00 horas. 💻También puedes realizar tu pago en línea, de forma rápida y segura, a través de la página oficial en la sección de Tesorería Municipal. 👉 https://f.mtr.cool/ihkpzjabya ¡Gracias por contribuir! #AquiGobiernaLaEsperanza #Naucalpan #Predial2026","En Ciudad Naucalpan, tu contribución es fundamental para seguir construyendo un mejor municipio para todas y todos.🤝 Te invitamos a realizar tu pago de predial de manera presencial. Puedes acudir a cualquiera de nuestras receptorías y cajas recaudadoras: • Palacio Municipal • Centro Cívico Satélite • Tecamachalco • San Mateo • Molino • Teatro Bicentenario • Explanada del Centro Cívico Satélite • CEFE Naucalli 🕘 Horario de atención: Lunes a viernes, de 8:00 a 17:00 horas. Sábados, de 8:00 a 15:00 horas. 💻También puedes realizar tu pago en línea, de forma rápida y segura, a través de la página oficial en la sección de Tesorería Municipal. 👉 https://f.mtr.cool/ihkpzjabya ¡Gracias por contribuir! #AquiGobiernaLaEsperanza #Naucalpan #Predial2026",https://www.facebook.com/reel/1200497062190467/,https://www.facebook.com/reel/1200497062190467/,2026-01-27 10:07:41,2026-01-27,/home/emilio/Documentos/Naucalpan_Semanal_Reportes/Periodico/Enero_Mayo/2026-01-16_al_2026-01-30/Facebook/2026-01-16_al_2026-01-30_Facebook/2026-01-16_al_2026-01-30_Facebook_posts.csv
2026-01-16,2026-01-16_al_2026-01-30_Facebook,gobierno_naucalpan,Gobierno de Naucalpan,facebook,Facebook,post_facebook,ciudadnaucalpan,Ciudad Naucalpan / Gobierno Municipal 2025-2027.,,"Avanza la construcción de la Clínica del ISSSTE en Naucalpan🏥 Como parte de la estrategia nacional de fortalecimiento del ISSSTE, impulsada por la presidenta de México, Claudia Sheinbaum, continúa el desarrollo de la nueva Clínica de Medicina Familiar en Naucalpan. Esta obra permitirá ampliar la infraestructura de salud y mejorar el acceso a servicios médicos de primer nivel para las y los habitantes del municipio. #Naucalpan","Avanza la construcción de la Clínica del ISSSTE en Naucalpan🏥 Como parte de la estrategia nacional de fortalecimiento del ISSSTE, impulsada por la presidenta de México, Claudia Sheinbaum, continúa el desarrollo de la nueva Clínica de Medicina Familiar en Naucalpan. Esta obra permitirá ampliar la infraestructura de salud y mejorar el acceso a servicios médicos de primer nivel para las y los habitantes del municipio. #Naucalpan",https://www.facebook.com/reel/883233141093433/,https://www.facebook.com/reel/883233141093433/,2026-01-27 10:00:38,2026-01-27,/home/emilio/Documentos/Naucalpan_Semanal_Reportes/Periodico/Enero_Mayo/2026-01-16_al_2026-01-30/Facebook/2026-01-16_al_2026-01-30_Facebook/2026-01-16_al_2026-01-30_Facebook_posts.csv
2026-01-16,2026-01-16_al_2026-01-30_Facebook,gobierno_naucalpan,Gobierno de Naucalpan,facebook,Facebook,post_facebook,guardiamunicipalciudadnaucalpan,Guardia Municipal Ciudad Naucalpan,,"La Guardia Municipal de Ciudad Naucalpan informa que, tras atender reportes ciudadanos sobre el presunto avistamiento de un felino en la carretera a Los Cipreses, se realizó un operativo interinstitucional con recorridos terrestres y drones de visión térmica, sin que se confirmara la presencia de ningún animal.🚓 Se reitera el compromiso con la atención oportuna y se recuerda que el uso indebido de servicios de emergencia es sancionado por la ley. #GuardiaMunicipal #Naucalpan #Seguridad #ProteccionCivil","La Guardia Municipal de Ciudad Naucalpan informa que, tras atender reportes ciudadanos sobre el presunto avistamiento de un felino en la carretera a Los Cipreses, se realizó un operativo interinstitucional con recorridos terrestres y drones de visión térmica, sin que se confirmara la presencia de ningún animal.🚓 Se reitera el compromiso con la atención oportuna y se recuerda que el uso indebido de servicios de emergencia es sancionado por la ley. #GuardiaMunicipal #Naucalpan #Seguridad #ProteccionCivil",https://www.facebook.com/reel/650906791418344/,https://www.facebook.com/reel/650906791418344/,2026-01-27 17:59:49,2026-01-27,/home/emilio/Documentos/Naucalpan_Semanal_Reportes/Periodico/Enero_Mayo/2026-01-16_al_2026-01-30/Facebook/2026-01-16_al_2026-01-30_Facebook/2026-01-16_al_2026-01-30_Facebook_posts.csv
2026-01-16,2026-01-16_al_2026-01-30_Twitter,gobierno_naucalpan,Gobierno de Naucalpan,twitter,Twitter/X,tweet,@GobNau,@GobNau,,"El Gobierno de Ciudad #Naucalpan, a través de la Dirección de Medio Ambiente, continúa con la recolección de árboles naturales de Navidad para convertirlos en composta que será utilizada en áreas verdes y parques comunitarios. #AquiGobiernaLaEsperanza","El Gobierno de Ciudad #Naucalpan, a través de la Dirección de Medio Ambiente, continúa con la recolección de árboles naturales de Navidad para convertirlos en composta que será utilizada en áreas verdes y parques comunitarios. #AquiGobiernaLaEsperanza",https://x.com/GobNau/status/2016296282294210801,https://x.com/GobNau/status/2016296282294210801,2026-01-27 23:44:29+00:00,2026-01-27,/home/emilio/Documentos/Naucalpan_Semanal_Reportes/Periodico/Enero_Mayo/2026-01-16_al_2026-01-30/Twitter/2026-01-16_al_2026-01-30_Twitter/2026-01-16_al_2026-01-30_Twitter_post_institucionales.csv
2026-01-16,2026-01-16_al_2026-01-30_Twitter,gobierno_naucalpan,Gobierno de Naucalpan,twitter,Twitter/X,tweet,@GobNau,@GobNau,,"Cambio de neumáticos a compactadores. El Gobierno de Ciudad Naucalpan, a través de la Dirección de Servicios Públicos, entregó 350 neumáticos para 87 compactadores de basura. #AquiGobiernaLaEsperanza #Naucalpan #ServiciosPublicos","Cambio de neumáticos a compactadores. El Gobierno de Ciudad Naucalpan, a través de la Dirección de Servicios Públicos, entregó 350 neumáticos para 87 compactadores de basura. #AquiGobiernaLaEsperanza #Naucalpan #ServiciosPublicos",https://x.com/GobNau/status/2016285964788732248,https://x.com/GobNau/status/2016285964788732248,2026-01-27 23:03:29+00:00,2026-01-27,/home/emilio/Documentos/Naucalpan_Semanal_Reportes/Periodico/Enero_Mayo/2026-01-16_al_2026-01-30/Twitter/2026-01-16_al_2026-01-30_Twitter/2026-01-16_al_2026-01-30_Twitter_post_institucionales.csv
2026-01-16,2026-01-16_al_2026-01-30_Twitter,gobierno_naucalpan,Gobierno de Naucalpan,twitter,Twitter/X,tweet,@GobNau,@GobNau,,"Alumbrado Periférico Cuatro Caminos El Gobierno de Ciudad Naucalpan, a través de la Dirección de Servicios Públicos, colocará 700 luminarias. #AquiGobiernaLaEsperanza #Naucalpan #ServiciosPublicos #SenderoSeguro","Alumbrado Periférico Cuatro Caminos El Gobierno de Ciudad Naucalpan, a través de la Dirección de Servicios Públicos, colocará 700 luminarias. #AquiGobiernaLaEsperanza #Naucalpan #ServiciosPublicos #SenderoSeguro",https://x.com/GobNau/status/2016267432919290000,https://x.com/GobNau/status/2016267432919290000,2026-01-27 21:49:51+00:00,2026-01-27,/home/emilio/Documentos/Naucalpan_Semanal_Reportes/Periodico/Enero_Mayo/2026-01-16_al_2026-01-30/Twitter/2026-01-16_al_2026-01-30_Twitter/2026-01-16_al_2026-01-30_Twitter_post_institucionales.csv
2026-01-16,2026-01-16_al_2026-01-30_Twitter,gobierno_naucalpan,Gobierno de Naucalpan,twitter,Twitter/X,tweet,@GobNau,@GobNau,,¿Sabías qué? México fue el primer país en ser anfitrión de un Mundial Sub-17 y Sub-20. #AquiGobiernaLaEsperanza #HuellasDelMundial #Naucalpan,¿Sabías qué? México fue el primer país en ser anfitrión de un Mundial Sub-17 y Sub-20. #AquiGobiernaLaEsperanza #HuellasDelMundial #Naucalpan,https://x.com/GobNau/status/2016248331844936163,https://x.com/GobNau/status/2016248331844936163,2026-01-27 20:33:57+00:00,2026-01-27,/home/emilio/Documentos/Naucalpan_Semanal_Reportes/Periodico/Enero_Mayo/2026-01-16_al_2026-01-30/Twitter/2026-01-16_al_2026-01-30_Twitter/2026-01-16_al_2026-01-30_Twitter_post_institucionales.csv
2026-01-16,2026-01-16_al_2026-01-30_Twitter,gobierno_naucalpan,Gobierno de Naucalpan,twitter,Twitter/X,tweet,@GobNau,@GobNau,,"Supervisión de obra de La COMUNA El Gobierno de la Ciudad de Naucalpan te invita: Fecha: Martes 27 de enero Hora: 18:30 horas Lugar: Calle Cultura Maya, La Nueva San Rafael, Naucalpan de Juárez. #AquiGobiernaLaEsperanza #Naucalpan #COMUNA","Supervisión de obra de La COMUNA El Gobierno de la Ciudad de Naucalpan te invita: Fecha: Martes 27 de enero Hora: 18:30 horas Lugar: Calle Cultura Maya, La Nueva San Rafael, Naucalpan de Juárez. #AquiGobiernaLaEsperanza #Naucalpan #COMUNA",https://x.com/GobNau/status/2016198796632350780,https://x.com/GobNau/status/2016198796632350780,2026-01-27 17:17:06+00:00,2026-01-27,/home/emilio/Documentos/Naucalpan_Semanal_Reportes/Periodico/Enero_Mayo/2026-01-16_al_2026-01-30/Twitter/2026-01-16_al_2026-01-30_Twitter/2026-01-16_al_2026-01-30_Twitter_post_institucionales.csv
2026-01-16,2026-01-16_al_2026-01-30_Twitter,gobierno_naucalpan,Gobierno de Naucalpan,twitter,Twitter/X,tweet,@GobNau,@GobNau,,"Inauguramos el Módulo de Seguridad Pública La Tolva Martes 27 de enero | 17:30 h Col. Altamira, Naucalpan Seguimos fortaleciendo la seguridad en el municipio. #AquiGobiernaLaEsperanza #Naucalpan #Seguridad","Inauguramos el Módulo de Seguridad Pública La Tolva Martes 27 de enero | 17:30 h Col. Altamira, Naucalpan Seguimos fortaleciendo la seguridad en el municipio. #AquiGobiernaLaEsperanza #Naucalpan #Seguridad",https://x.com/GobNau/status/2016197522763456897,https://x.com/GobNau/status/2016197522763456897,2026-01-27 17:12:03+00:00,2026-01-27,/home/emilio/Documentos/Naucalpan_Semanal_Reportes/Periodico/Enero_Mayo/2026-01-16_al_2026-01-30/Twitter/2026-01-16_al_2026-01-30_Twitter/2026-01-16_al_2026-01-30_Twitter_post_institucionales.csv
2026-01-16,2026-01-16_al_2026-01-30_Twitter,gobierno_naucalpan,Gobierno de Naucalpan,twitter,Twitter/X,tweet,@GobNau,@GobNau,,"Avanza la construcción de la Clínica del ISSSTE en Naucalpan Como parte de la estrategia nacional de fortalecimiento del ISSSTE, impulsada por la presidenta de México, Claudia Sheinbaum, continúa el desarrollo de la nueva Clínica de Medicina Familiar en #Naucalpan.","Avanza la construcción de la Clínica del ISSSTE en Naucalpan Como parte de la estrategia nacional de fortalecimiento del ISSSTE, impulsada por la presidenta de México, Claudia Sheinbaum, continúa el desarrollo de la nueva Clínica de Medicina Familiar en #Naucalpan.",https://x.com/GobNau/status/2016180390097022981,https://x.com/GobNau/status/2016180390097022981,2026-01-27 16:03:58+00:00,2026-01-27,/home/emilio/Documentos/Naucalpan_Semanal_Reportes/Periodico/Enero_Mayo/2026-01-16_al_2026-01-30/Twitter/2026-01-16_al_2026-01-30_Twitter/2026-01-16_al_2026-01-30_Twitter_post_institucionales.csv
2026-01-16,2026-01-16_al_2026-01-30_Twitter,gobierno_naucalpan,Gobierno de Naucalpan,twitter,Twitter/X,tweet,@GobNau,@GobNau,,"Atención cercana a la ciudadanía Con el objetivo de acercar los servicios y facilitar el cumplimiento de las contribuciones municipales, el Gobierno de Ciudad Naucalpan pone en marcha la Tesorería Móvil. #AquiGobiernaLaEsperanza #Naucalpan #AtencionCiudadana #Predial2026","Atención cercana a la ciudadanía Con el objetivo de acercar los servicios y facilitar el cumplimiento de las contribuciones municipales, el Gobierno de Ciudad Naucalpan pone en marcha la Tesorería Móvil. #AquiGobiernaLaEsperanza #Naucalpan #AtencionCiudadana #Predial2026",https://x.com/GobNau/status/2015963785031278894,https://x.com/GobNau/status/2015963785031278894,2026-01-27 01:43:15+00:00,2026-01-27,/home/emilio/Documentos/Naucalpan_Semanal_Reportes/Periodico/Enero_Mayo/2026-01-16_al_2026-01-30/Twitter/2026-01-16_al_2026-01-30_Twitter/2026-01-16_al_2026-01-30_Twitter_post_institucionales.csv
2026-01-16,2026-01-16_al_2026-01-30_Facebook,gobierno_naucalpan,Gobierno de Naucalpan,facebook,Facebook,post_facebook,ciudadnaucalpan,Ciudad Naucalpan / Gobierno Municipal 2025-2027.,,"Atención cercana a la ciudadanía🚐 Con el objetivo de acercar los servicios y facilitar el cumplimiento de las contribuciones municipales, el Gobierno de Ciudad Naucalpan pone en marcha la Tesorería Móvil. Esta estrategia permite a las y los naucalpenses realizar sus trámites de manera más rápida, accesible y cercana, sin necesidad de trasladarse largas distancias. #AquiGobiernaLaEsperanza #Naucalpan #AtencionCiudadana #Predial2026","Atención cercana a la ciudadanía🚐 Con el objetivo de acercar los servicios y facilitar el cumplimiento de las contribuciones municipales, el Gobierno de Ciudad Naucalpan pone en marcha la Tesorería Móvil. Esta estrategia permite a las y los naucalpenses realizar sus trámites de manera más rápida, accesible y cercana, sin necesidad de trasladarse largas distancias. #AquiGobiernaLaEsperanza #Naucalpan #AtencionCiudadana #Predial2026",https://www.facebook.com/reel/4284557018489316/,https://www.facebook.com/reel/4284557018489316/,2026-01-26 19:42:58,2026-01-26,/home/emilio/Documentos/Naucalpan_Semanal_Reportes/Periodico/Enero_Mayo/2026-01-16_al_2026-01-30/Facebook/2026-01-16_al_2026-01-30_Facebook/2026-01-16_al_2026-01-30_Facebook_posts.csv
2026-01-16,2026-01-16_al_2026-01-30_Facebook,gobierno_naucalpan,Gobierno de Naucalpan,facebook,Facebook,post_facebook,ciudadnaucalpan,Ciudad Naucalpan / Gobierno Municipal 2025-2027.,,"Memorias de cálculo para la COI y el Impuesto Ecológico por Emisiones en el Edoméx 🌱 El Gobierno de Ciudad Naucalpan, a través de la Dirección de Desarrollo y Fomento Económico, invita a participar en este curso para aprender a realizar los cálculos necesarios para cumplir con el reporte anual y determinar el impuesto a pagar por cada tonelada de CO₂e. 👉 Consulta en las imágenes toda la información sobre fechas, horarios, sede, temario e inscripciones. #AquiGobiernaLaEsperanza #Naucalpan #DesarrolloEconomico","Memorias de cálculo para la COI y el Impuesto Ecológico por Emisiones en el Edoméx 🌱 El Gobierno de Ciudad Naucalpan, a través de la Dirección de Desarrollo y Fomento Económico, invita a participar en este curso para aprender a realizar los cálculos necesarios para cumplir con el reporte anual y determinar el impuesto a pagar por cada tonelada de CO₂e. 👉 Consulta en las imágenes toda la información sobre fechas, horarios, sede, temario e inscripciones. #AquiGobiernaLaEsperanza #Naucalpan #DesarrolloEconomico",https://www.facebook.com/CiudadNaucalpan/posts/pfbid02aV6L7TeKfFGxjCeZUz2QoVg6hRJgTfwcJ4GKegUQHKyouv5P1BwAHDGcnFmErLtwl,https://www.facebook.com/CiudadNaucalpan/posts/pfbid02aV6L7TeKfFGxjCeZUz2QoVg6hRJgTfwcJ4GKegUQHKyouv5P1BwAHDGcnFmErLtwl,2026-01-26 12:30:38,2026-01-26,/home/emilio/Documentos/Naucalpan_Semanal_Reportes/Periodico/Enero_Mayo/2026-01-16_al_2026-01-30/Facebook/2026-01-16_al_2026-01-30_Facebook/2026-01-16_al_2026-01-30_Facebook_posts.csv
2026-01-16,2026-01-16_al_2026-01-30_Facebook,gobierno_naucalpan,Gobierno de Naucalpan,facebook,Facebook,post_facebook,ciudadnaucalpan,Ciudad Naucalpan / Gobierno Municipal 2025-2027.,,"Ciencia, igualdad y orgullo mexicano🔭✨ El Gobierno de Ciudad Naucalpan, a través del Instituto de las Mujeres Naucalpenses y la Igualdad Sustantiva, reconoce la trayectoria de Silvia Torres Castilleja, pionera de la astronomía en México y referente internacional. Primera mujer en recibir el Premio Nacional de Ciencias y Artes en el área de Ciencias Físico-Matemáticas, su legado demuestra que la ciencia también es espacio para las mujeres y que el talento femenino transforma al mundo. Desde Ciudad Naucalpan, seguimos impulsando el conocimiento y los sueños de las nuevas generaciones. #AquiGobiernaLaEsperanza #Naucalpan #MujeresEnLaCiencia #IgualdadSustantiva","Ciencia, igualdad y orgullo mexicano🔭✨ El Gobierno de Ciudad Naucalpan, a través del Instituto de las Mujeres Naucalpenses y la Igualdad Sustantiva, reconoce la trayectoria de Silvia Torres Castilleja, pionera de la astronomía en México y referente internacional. Primera mujer en recibir el Premio Nacional de Ciencias y Artes en el área de Ciencias Físico-Matemáticas, su legado demuestra que la ciencia también es espacio para las mujeres y que el talento femenino transforma al mundo. Desde Ciudad Naucalpan, seguimos impulsando el conocimiento y los sueños de las nuevas generaciones. #AquiGobiernaLaEsperanza #Naucalpan #MujeresEnLaCiencia #IgualdadSustantiva",https://www.facebook.com/CiudadNaucalpan/posts/pfbid025UpXPZhy483QHUk1tDQL2QEathckV5XJTm5jE5f8QzJxUH8ZcCaSKzxoArXNyqYNl,https://www.facebook.com/CiudadNaucalpan/posts/pfbid025UpXPZhy483QHUk1tDQL2QEathckV5XJTm5jE5f8QzJxUH8ZcCaSKzxoArXNyqYNl,2026-01-26 09:02:06,2026-01-26,/home/emilio/Documentos/Naucalpan_Semanal_Reportes/Periodico/Enero_Mayo/2026-01-16_al_2026-01-30/Facebook/2026-01-16_al_2026-01-30_Facebook/2026-01-16_al_2026-01-30_Facebook_posts.csv
2026-01-16,2026-01-16_al_2026-01-30_Facebook,gobierno_naucalpan,Gobierno de Naucalpan,facebook,Facebook,post_facebook,ciudadnaucalpan,Ciudad Naucalpan / Gobierno Municipal 2025-2027.,,"Círculo Juvenil Literario y de Cine “La Cuarta Dimensión”📚🎬 El Gobierno de Ciudad Naucalpan, a través de la Dirección de Bienestar e Inclusión Social y el Instituto de las Juventudes Naucalpenses, impulsa este espacio de reflexión, participación y diversión dirigido a las juventudes, donde la literatura y el cine se convierten en herramientas para el diálogo y el pensamiento crítico. 🗓 22 y 29 de enero | 5 y 9 de febrero ⏰ 10:30 a 12:30 horas 📍 Oficinas del Instituto de las Juventudes Naucalpenses Av. Universidad S/N, Las Américas, Naucalpan de Juárez. 📞 Informes: 55 7814 4783 ✉️ belem.hernandez@naucalpan.gob.mx #AquiGobiernaLaEsperanza #Naucalpan #BienestarEInclusiónSocial","Círculo Juvenil Literario y de Cine “La Cuarta Dimensión”📚🎬 El Gobierno de Ciudad Naucalpan, a través de la Dirección de Bienestar e Inclusión Social y el Instituto de las Juventudes Naucalpenses, impulsa este espacio de reflexión, participación y diversión dirigido a las juventudes, donde la literatura y el cine se convierten en herramientas para el diálogo y el pensamiento crítico. 🗓 22 y 29 de enero | 5 y 9 de febrero ⏰ 10:30 a 12:30 horas 📍 Oficinas del Instituto de las Juventudes Naucalpenses Av. Universidad S/N, Las Américas, Naucalpan de Juárez. 📞 Informes: 55 7814 4783 ✉️ belem.hernandez@naucalpan.gob.mx #AquiGobiernaLaEsperanza #Naucalpan #BienestarEInclusiónSocial",https://www.facebook.com/CiudadNaucalpan/posts/pfbid032pcbQB82mJGqKwtgUB2sxLAuxpGNqvViAtf34uF2Pge54szsirmr9ko1NTN9a3Vzl,https://www.facebook.com/CiudadNaucalpan/posts/pfbid032pcbQB82mJGqKwtgUB2sxLAuxpGNqvViAtf34uF2Pge54szsirmr9ko1NTN9a3Vzl,2026-01-26 08:01:59,2026-01-26,/home/emilio/Documentos/Naucalpan_Semanal_Reportes/Periodico/Enero_Mayo/2026-01-16_al_2026-01-30/Facebook/2026-01-16_al_2026-01-30_Facebook/2026-01-16_al_2026-01-30_Facebook_posts.csv
2026-01-16,2026-01-16_al_2026-01-30_Facebook,gobierno_naucalpan,Gobierno de Naucalpan,facebook,Facebook,post_facebook,ciudadnaucalpan,Ciudad Naucalpan / Gobierno Municipal 2025-2027.,,¿Sabías qué? ⚽🌍 México ha llegado seis veces consecutivas a los octavos de final. #AquiGobiernaLaEsperanza #HuellasDelMundial #Naucalpan,¿Sabías qué? ⚽🌍 México ha llegado seis veces consecutivas a los octavos de final. #AquiGobiernaLaEsperanza #HuellasDelMundial #Naucalpan,https://www.facebook.com/CiudadNaucalpan/posts/pfbid0226MJHjJK5aoqvigvrv8gHcu9fbKtWqtLCi2iyWbRcEzzeaXVSx6J7mdecjFayC3zl,https://www.facebook.com/CiudadNaucalpan/posts/pfbid0226MJHjJK5aoqvigvrv8gHcu9fbKtWqtLCi2iyWbRcEzzeaXVSx6J7mdecjFayC3zl,2026-01-26 07:02:24,2026-01-26,/home/emilio/Documentos/Naucalpan_Semanal_Reportes/Periodico/Enero_Mayo/2026-01-16_al_2026-01-30/Facebook/2026-01-16_al_2026-01-30_Facebook/2026-01-16_al_2026-01-30_Facebook_posts.csv
2026-01-16,2026-01-16_al_2026-01-30_Facebook,gobierno_naucalpan,Gobierno de Naucalpan,facebook,Facebook,post_facebook,guardiamunicipalciudadnaucalpan,Guardia Municipal Ciudad Naucalpan,,"El Gobierno de Ciudad Naucalpan, a través de la Guardia Municipal, refuerza la prevención y la seguridad vial para motociclistas. 🏍️ El uso de casco es obligatorio, debe ser certificado y correctamente abrochado, tanto para el conductor como para el acompañante, conforme al Reglamento de Tránsito del Estado de México. Usar casco salva vidas y reduce el riesgo de lesiones graves. Trabajamos por una movilidad segura, con prevención y respeto a la ley. #AquiGobiernaLaEsperanza #Naucalpan #GuardiaMunicipal #SeguridadVial #MovilidadSegura","El Gobierno de Ciudad Naucalpan, a través de la Guardia Municipal, refuerza la prevención y la seguridad vial para motociclistas. 🏍️ El uso de casco es obligatorio, debe ser certificado y correctamente abrochado, tanto para el conductor como para el acompañante, conforme al Reglamento de Tránsito del Estado de México. Usar casco salva vidas y reduce el riesgo de lesiones graves. Trabajamos por una movilidad segura, con prevención y respeto a la ley. #AquiGobiernaLaEsperanza #Naucalpan #GuardiaMunicipal #SeguridadVial #MovilidadSegura",https://www.facebook.com/GuardiaMunicipalCiudadNaucalpan/posts/pfbid0JAZyNvch5DeHYpT5rzCNR3k5KJPxccJosgtdzu6CnbUkPk4bNeoGnwAAjsUEpDs9l,https://www.facebook.com/GuardiaMunicipalCiudadNaucalpan/posts/pfbid0JAZyNvch5DeHYpT5rzCNR3k5KJPxccJosgtdzu6CnbUkPk4bNeoGnwAAjsUEpDs9l,2026-01-26 09:03:03,2026-01-26,/home/emilio/Documentos/Naucalpan_Semanal_Reportes/Periodico/Enero_Mayo/2026-01-16_al_2026-01-30/Facebook/2026-01-16_al_2026-01-30_Facebook/2026-01-16_al_2026-01-30_Facebook_posts.csv
2026-01-16,2026-01-16_al_2026-01-30_Twitter,gobierno_naucalpan,Gobierno de Naucalpan,twitter,Twitter/X,tweet,@GobNau,@GobNau,,"Memorias de cálculo para la COI y el Impuesto Ecológico por Emisiones en el Edoméx Consulta en las imágenes toda la información sobre fechas, horarios, sede, temario e inscripciones. #AquiGobiernaLaEsperanza #Naucalpan #DesarrolloEconomico","Memorias de cálculo para la COI y el Impuesto Ecológico por Emisiones en el Edoméx Consulta en las imágenes toda la información sobre fechas, horarios, sede, temario e inscripciones. #AquiGobiernaLaEsperanza #Naucalpan #DesarrolloEconomico",https://x.com/GobNau/status/2015855054972960925,https://x.com/GobNau/status/2015855054972960925,2026-01-26 18:31:12+00:00,2026-01-26,/home/emilio/Documentos/Naucalpan_Semanal_Reportes/Periodico/Enero_Mayo/2026-01-16_al_2026-01-30/Twitter/2026-01-16_al_2026-01-30_Twitter/2026-01-16_al_2026-01-30_Twitter_post_institucionales.csv
2026-01-16,2026-01-16_al_2026-01-30_Twitter,gobierno_naucalpan,Gobierno de Naucalpan,twitter,Twitter/X,tweet,@GobNau,@GobNau,,"Ciencia, igualdad y orgullo mexicano El Gobierno de Ciudad #Naucalpan, reconoce la trayectoria de Silvia Torres Castilleja, pionera de la astronomía en México y referente internacional. #AquiGobiernaLaEsperanza #IMNIS","Ciencia, igualdad y orgullo mexicano El Gobierno de Ciudad #Naucalpan, reconoce la trayectoria de Silvia Torres Castilleja, pionera de la astronomía en México y referente internacional. #AquiGobiernaLaEsperanza #IMNIS",https://x.com/GobNau/status/2015802830343274879,https://x.com/GobNau/status/2015802830343274879,2026-01-26 15:03:41+00:00,2026-01-26,/home/emilio/Documentos/Naucalpan_Semanal_Reportes/Periodico/Enero_Mayo/2026-01-16_al_2026-01-30/Twitter/2026-01-16_al_2026-01-30_Twitter/2026-01-16_al_2026-01-30_Twitter_post_institucionales.csv
2026-01-16,2026-01-16_al_2026-01-30_Twitter,gobierno_naucalpan,Gobierno de Naucalpan,twitter,Twitter/X,tweet,@GobNau,@GobNau,,Círculo Juvenil Literario y de Cine “La Cuarta Dimensión” #AquiGobiernaLaEsperanza #Naucalpan #BienestarEInclusiónSocial,Círculo Juvenil Literario y de Cine “La Cuarta Dimensión” #AquiGobiernaLaEsperanza #Naucalpan #BienestarEInclusiónSocial,https://x.com/GobNau/status/2015787324542455903,https://x.com/GobNau/status/2015787324542455903,2026-01-26 14:02:04+00:00,2026-01-26,/home/emilio/Documentos/Naucalpan_Semanal_Reportes/Periodico/Enero_Mayo/2026-01-16_al_2026-01-30/Twitter/2026-01-16_al_2026-01-30_Twitter/2026-01-16_al_2026-01-30_Twitter_post_institucionales.csv
2026-01-16,2026-01-16_al_2026-01-30_Twitter,gobierno_naucalpan,Gobierno de Naucalpan,twitter,Twitter/X,tweet,@GobNau,@GobNau,,¿Sabías qué? México ha llegado seis veces consecutivas a los octavos de final. #AquiGobiernaLaEsperanza #HuellasDelMundial #Naucalpan,¿Sabías qué? México ha llegado seis veces consecutivas a los octavos de final. #AquiGobiernaLaEsperanza #HuellasDelMundial #Naucalpan,https://x.com/GobNau/status/2015772294132441215,https://x.com/GobNau/status/2015772294132441215,2026-01-26 13:02:20+00:00,2026-01-26,/home/emilio/Documentos/Naucalpan_Semanal_Reportes/Periodico/Enero_Mayo/2026-01-16_al_2026-01-30/Twitter/2026-01-16_al_2026-01-30_Twitter/2026-01-16_al_2026-01-30_Twitter_post_institucionales.csv
2026-01-16,2026-01-16_al_2026-01-30_Twitter,gobierno_naucalpan,Gobierno de Naucalpan,twitter,Twitter/X,tweet,@GobNau,@GobNau,,Tianquiztli Tlatilca Consulta las imágenes para conocer todos los detalles del evento. #AquiGobiernaLaEsperanza #Naucalpan #TianquiztliTlatilca #EconomiaLocal #Bienestar,Tianquiztli Tlatilca Consulta las imágenes para conocer todos los detalles del evento. #AquiGobiernaLaEsperanza #Naucalpan #TianquiztliTlatilca #EconomiaLocal #Bienestar,https://x.com/GobNau/status/2015613429260722193,https://x.com/GobNau/status/2015613429260722193,2026-01-26 02:31:04+00:00,2026-01-26,/home/emilio/Documentos/Naucalpan_Semanal_Reportes/Periodico/Enero_Mayo/2026-01-16_al_2026-01-30/Twitter/2026-01-16_al_2026-01-30_Twitter/2026-01-16_al_2026-01-30_Twitter_post_institucionales.csv
2026-01-16,2026-01-16_al_2026-01-30_Twitter,gobierno_naucalpan,Gobierno de Naucalpan,twitter,Twitter/X,tweet,@GobNau,@GobNau,,"El Gobierno de Ciudad Naucalpan, a través del Instituto de las Mujeres Naucalpenses y la Igualdad Sustantiva, te invita a la conferencia “Violencia contra las mujeres: comprender, prevenir y acompañar”. #AquiGobiernaLaEsperanza #Naucalpan #Mujeres","El Gobierno de Ciudad Naucalpan, a través del Instituto de las Mujeres Naucalpenses y la Igualdad Sustantiva, te invita a la conferencia “Violencia contra las mujeres: comprender, prevenir y acompañar”. #AquiGobiernaLaEsperanza #Naucalpan #Mujeres",https://x.com/GobNau/status/2015575809440792775,https://x.com/GobNau/status/2015575809440792775,2026-01-26 00:01:35+00:00,2026-01-26,/home/emilio/Documentos/Naucalpan_Semanal_Reportes/Periodico/Enero_Mayo/2026-01-16_al_2026-01-30/Twitter/2026-01-16_al_2026-01-30_Twitter/2026-01-16_al_2026-01-30_Twitter_post_institucionales.csv
2026-01-16,2026-01-16_al_2026-01-30_Facebook,gobierno_naucalpan,Gobierno de Naucalpan,facebook,Facebook,post_facebook,ciudadnaucalpan,Ciudad Naucalpan / Gobierno Municipal 2025-2027.,,"Tianquiztli Tlatilca🛍️🎨 El Gobierno de Naucalpan, a través de la Dirección de Bienestar e Inclusión Social, impulsa el Tianquiztli Tlatilca, un espacio que promueve el comercio local, la gastronomía tradicional y el trabajo de productoras, productores y artesanas y artesanos. 🗓️ 29 y 30 de enero de 2026 ⏰ 9:00 a 16:00 horas 📍 Explanada del Palacio Municipal (edificios A y B) 👉 Consulta las imágenes para conocer todos los detalles del evento. #AquiGobiernaLaEsperanza #Naucalpan #TianquiztliTlatilca #EconomiaLocal #Bienestar","Tianquiztli Tlatilca🛍️🎨 El Gobierno de Naucalpan, a través de la Dirección de Bienestar e Inclusión Social, impulsa el Tianquiztli Tlatilca, un espacio que promueve el comercio local, la gastronomía tradicional y el trabajo de productoras, productores y artesanas y artesanos. 🗓️ 29 y 30 de enero de 2026 ⏰ 9:00 a 16:00 horas 📍 Explanada del Palacio Municipal (edificios A y B) 👉 Consulta las imágenes para conocer todos los detalles del evento. #AquiGobiernaLaEsperanza #Naucalpan #TianquiztliTlatilca #EconomiaLocal #Bienestar",https://www.facebook.com/CiudadNaucalpan/posts/pfbid02Nt2jtRDJ7x2qyvjtBZTcSXhsMHbkCuFtqm4fn8JWqdhTmzF5moKCL5rX1iigsFCAl,https://www.facebook.com/CiudadNaucalpan/posts/pfbid02Nt2jtRDJ7x2qyvjtBZTcSXhsMHbkCuFtqm4fn8JWqdhTmzF5moKCL5rX1iigsFCAl,2026-01-25 20:30:30,2026-01-25,/home/emilio/Documentos/Naucalpan_Semanal_Reportes/Periodico/Enero_Mayo/2026-01-16_al_2026-01-30/Facebook/2026-01-16_al_2026-01-30_Facebook/2026-01-16_al_2026-01-30_Facebook_posts.csv
2026-01-16,2026-01-16_al_2026-01-30_Facebook,gobierno_naucalpan,Gobierno de Naucalpan,facebook,Facebook,post_facebook,ciudadnaucalpan,Ciudad Naucalpan / Gobierno Municipal 2025-2027.,,"El Gobierno de Ciudad Naucalpan, a través del Instituto de las Mujeres Naucalpenses y la Igualdad Sustantiva, te invita a la conferencia “Violencia contra las mujeres: comprender, prevenir y acompañar”, un espacio de reflexión y sensibilización para fortalecer la prevención y el acompañamiento.💜 🗓️ 26 de enero ⏰ 9:00 a 14:00 horas 📍 Auditorio Municipal Benito Juárez Naucalpan Centro, Estado de México. 🎟️ Evento gratuito #AquiGobiernaLaEsperanza #Naucalpan #Mujeres","El Gobierno de Ciudad Naucalpan, a través del Instituto de las Mujeres Naucalpenses y la Igualdad Sustantiva, te invita a la conferencia “Violencia contra las mujeres: comprender, prevenir y acompañar”, un espacio de reflexión y sensibilización para fortalecer la prevención y el acompañamiento.💜 🗓️ 26 de enero ⏰ 9:00 a 14:00 horas 📍 Auditorio Municipal Benito Juárez Naucalpan Centro, Estado de México. 🎟️ Evento gratuito #AquiGobiernaLaEsperanza #Naucalpan #Mujeres",https://www.facebook.com/CiudadNaucalpan/posts/pfbid026SBxUKMhjwJB2EhaB1hDLouAkbDU77yJR76DFuUmndG926d3JxzBUremwGuwJbfVl,https://www.facebook.com/CiudadNaucalpan/posts/pfbid026SBxUKMhjwJB2EhaB1hDLouAkbDU77yJR76DFuUmndG926d3JxzBUremwGuwJbfVl,2026-01-25 18:01:30,2026-01-25,/home/emilio/Documentos/Naucalpan_Semanal_Reportes/Periodico/Enero_Mayo/2026-01-16_al_2026-01-30/Facebook/2026-01-16_al_2026-01-30_Facebook/2026-01-16_al_2026-01-30_Facebook_posts.csv
2026-01-16,2026-01-16_al_2026-01-30_Facebook,gobierno_naucalpan,Gobierno de Naucalpan,facebook,Facebook,post_facebook,ciudadnaucalpan,Ciudad Naucalpan / Gobierno Municipal 2025-2027.,,"El Gobierno de Ciudad Naucalpan, a través del Instituto de las Mujeres Naucalpenses y la Igualdad Sustantiva, invita a la Caravana “Estamos Contigo”, con servicios gratuitos de atención, acompañamiento y vinculación para las mujeres.💜 Asesoría para microcréditos, atención de la Policía de Género, asesorías jurídicas y psicológicas, vinculación educativa, preparatoria abierta y corte de cabello. 🗓️ Martes 27 de enero de 2026 ⏰ 10:00 a 14:30 horas 📍 Parque Modelo, Col. Modelo, Naucalpan de Juárez. #AquiGobiernaLaEsperanza #Naucalpan #Mujeres","El Gobierno de Ciudad Naucalpan, a través del Instituto de las Mujeres Naucalpenses y la Igualdad Sustantiva, invita a la Caravana “Estamos Contigo”, con servicios gratuitos de atención, acompañamiento y vinculación para las mujeres.💜 Asesoría para microcréditos, atención de la Policía de Género, asesorías jurídicas y psicológicas, vinculación educativa, preparatoria abierta y corte de cabello. 🗓️ Martes 27 de enero de 2026 ⏰ 10:00 a 14:30 horas 📍 Parque Modelo, Col. Modelo, Naucalpan de Juárez. #AquiGobiernaLaEsperanza #Naucalpan #Mujeres",https://www.facebook.com/CiudadNaucalpan/posts/pfbid02Y6caiUe6VFu7Kim6ecBUmrYkjS7cH6rtpGVRT4zjKSj8jyjrUn8sDumY4NQyKB5Jl,https://www.facebook.com/CiudadNaucalpan/posts/pfbid02Y6caiUe6VFu7Kim6ecBUmrYkjS7cH6rtpGVRT4zjKSj8jyjrUn8sDumY4NQyKB5Jl,2026-01-25 17:30:28,2026-01-25,/home/emilio/Documentos/Naucalpan_Semanal_Reportes/Periodico/Enero_Mayo/2026-01-16_al_2026-01-30/Facebook/2026-01-16_al_2026-01-30_Facebook/2026-01-16_al_2026-01-30_Facebook_posts.csv
2026-01-16,2026-01-16_al_2026-01-30_Facebook,gobierno_naucalpan,Gobierno de Naucalpan,facebook,Facebook,post_facebook,ciudadnaucalpan,Ciudad Naucalpan / Gobierno Municipal 2025-2027.,,"Continúa la rehabilitación de infraestructura hídrica en Ciudad Naucalpan💧 El Gobierno de Ciudad Naucalpan, encabezado por el Presidente Municipal Isaac Montoya Márquez, a través de OAPAS Naucalpan, inició la rehabilitación del sistema de rebombeo ubicado en las calles San Francisco de Asís y San Andrés Atoto, en la colonia Ampliación San Esteban. Esta obra forma parte del programa emergente de recuperación de infraestructura hídrica, con el objetivo de fortalecer la red de agua potable y garantizar un servicio más eficiente y confiable para la población. Los trabajos contemplan la rehabilitación integral del Tanque Elevado de Agua Potable San Esteban, con capacidad de 900 m³, mediante recubrimiento anticorrosivo tipo vitroacero y la instalación de nuevo equipo de bombeo sumergible, acciones orientadas a mejorar la calidad, cantidad y control del suministro. La intervención representa una inversión superior a 5 millones de pesos, ejecutada con recursos del Programa de Devolución de Derechos (PRODDER) 2025, mediante una coordinación conjunta entre el Gobierno Federal, el Gobierno Municipal. Esta obra beneficiará directamente a más de 10 mil personas y se integra a una estrategia para reducir la dependencia del Sistema Cutzamala, fortalecer la infraestructura local y atender el rezago histórico en el abasto de agua. Desde el Gobierno de Ciudad Naucalpan, seguimos trabajando en territorio, con obras de ingeniería que mejoran los servicios básicos y transforman la vida diaria de las comunidades. #AquiGobiernaLaEsperanza #Naucalpan #OAPASNaucalpan #InfraestructuraHidrica","Continúa la rehabilitación de infraestructura hídrica en Ciudad Naucalpan💧 El Gobierno de Ciudad Naucalpan, encabezado por el Presidente Municipal Isaac Montoya Márquez, a través de OAPAS Naucalpan, inició la rehabilitación del sistema de rebombeo ubicado en las calles San Francisco de Asís y San Andrés Atoto, en la colonia Ampliación San Esteban. Esta obra forma parte del programa emergente de recuperación de infraestructura hídrica, con el objetivo de fortalecer la red de agua potable y garantizar un servicio más eficiente y confiable para la población. Los trabajos contemplan la rehabilitación integral del Tanque Elevado de Agua Potable San Esteban, con capacidad de 900 m³, mediante recubrimiento anticorrosivo tipo vitroacero y la instalación de nuevo equipo de bombeo sumergible, acciones orientadas a mejorar la calidad, cantidad y control del suministro. La intervención representa una inversión superior a 5 millones de pesos, ejecutada con recursos del Programa de Devolución de Derechos (PRODDER) 2025, mediante una coordinación conjunta entre el Gobierno Federal, el Gobierno Municipal. Esta obra beneficiará directamente a más de 10 mil personas y se integra a una estrategia para reducir la dependencia del Sistema Cutzamala, fortalecer la infraestructura local y atender el rezago histórico en el abasto de agua. Desde el Gobierno de Ciudad Naucalpan, seguimos trabajando en territorio, con obras de ingeniería que mejoran los servicios básicos y transforman la vida diaria de las comunidades. #AquiGobiernaLaEsperanza #Naucalpan #OAPASNaucalpan #InfraestructuraHidrica",https://www.facebook.com/CiudadNaucalpan/posts/pfbid02khLbdHw2NUt6irnVv1Sb8ShhmMyKkfo7jJPFUqTdBKarsDV9oV2xt9zYdhEvxHeZl,https://www.facebook.com/CiudadNaucalpan/posts/pfbid02khLbdHw2NUt6irnVv1Sb8ShhmMyKkfo7jJPFUqTdBKarsDV9oV2xt9zYdhEvxHeZl,2026-01-25 15:12:35,2026-01-25,/home/emilio/Documentos/Naucalpan_Semanal_Reportes/Periodico/Enero_Mayo/2026-01-16_al_2026-01-30/Facebook/2026-01-16_al_2026-01-30_Facebook/2026-01-16_al_2026-01-30_Facebook_posts.csv
2026-01-16,2026-01-16_al_2026-01-30_Facebook,gobierno_naucalpan,Gobierno de Naucalpan,facebook,Facebook,post_facebook,ciudadnaucalpan,Ciudad Naucalpan / Gobierno Municipal 2025-2027.,,"Predial 2026 en Ciudad Naucalpan🏘️ Conoce las bonificaciones y estímulos vigentes para el pago del impuesto predial 2026, así como los beneficios para contribuyentes cumplidos. 👉 Para más detalles, consulta las imágenes. #AquiGobiernaLaEsperanza #Naucalpan #Predial2026 #TesoreriaMunicipal","Predial 2026 en Ciudad Naucalpan🏘️ Conoce las bonificaciones y estímulos vigentes para el pago del impuesto predial 2026, así como los beneficios para contribuyentes cumplidos. 👉 Para más detalles, consulta las imágenes. #AquiGobiernaLaEsperanza #Naucalpan #Predial2026 #TesoreriaMunicipal",https://www.facebook.com/CiudadNaucalpan/posts/pfbid0261cjuUuK1tmfYaFMfegViyNq9xv4ovcinuWh5Yek55z24RBedAyaGBwBXtKSumwYl,https://www.facebook.com/CiudadNaucalpan/posts/pfbid0261cjuUuK1tmfYaFMfegViyNq9xv4ovcinuWh5Yek55z24RBedAyaGBwBXtKSumwYl,2026-01-25 15:01:42,2026-01-25,/home/emilio/Documentos/Naucalpan_Semanal_Reportes/Periodico/Enero_Mayo/2026-01-16_al_2026-01-30/Facebook/2026-01-16_al_2026-01-30_Facebook/2026-01-16_al_2026-01-30_Facebook_posts.csv
2026-01-16,2026-01-16_al_2026-01-30_Facebook,gobierno_naucalpan,Gobierno de Naucalpan,facebook,Facebook,post_facebook,ciudadnaucalpan,Ciudad Naucalpan / Gobierno Municipal 2025-2027.,,"Día Naranja🧡 En el marco del Día Naranja, el Gobierno de Ciudad Naucalpan, encabezado por el Presidente Municipal Isaac Montoya Márquez, refrendó su compromiso con la igualdad sustantiva y el derecho de las mujeres a vivir libres de violencia, al participar en la develación del mural “La igualdad se construye a través del conocimiento: Conoce, aplica y transforma”, en la Escuela de Artes y Oficios (EDAYO) de Ciudad Naucalpan. El Presidente Municipal estuvo acompañado por el Secretario del Trabajo del Estado de México, Norberto Morales Poblete; por Zenón Vargas Martínez, Director General del ICATI; Mauricio Eduardo Aguirre Lozano, Director de Administración y Finanzas del ICATI; Salvador Saúl Gómez Sánchez, Coordinador de EDAYOs del Valle de México; y Olga Ramos Villeda, Directora de la EDAYO Naucalpan. Durante su mensaje, el Alcalde destacó que toda política pública debe contemplar acciones firmes para garantizar la dignidad, los derechos y la seguridad de las mujeres, y subrayó que erradicar la violencia implica transformar inercias históricas desde el territorio, con obras, programas y entornos seguros. Señaló que en Ciudad Naucalpan se avanza con senderos y caminos seguros, iluminación, murales comunitarios, videovigilancia, una policía de género fortalecida y mayores capacidades tecnológicas, particularmente en zonas como San Agustín y El Torito, donde se trabaja para transformar el entorno urbano con enfoque de género. El Presidente Municipal reiteró que su administración es aliada permanente de los gobiernos estatal y federal, reconociendo la visión de la Gobernadora del Estado de México, Delfina Gómez Álvarez, y de la Presidenta de México, Claudia Sheinbaum Pardo, para colocar a las mujeres en el centro de las políticas públicas. Al evento asistieron también Werther Juárez Toledo, Director Técnico Académico del ICATI; Omar Rodrigo Ortega Cuevas, en suplencia del Titular de la Unidad Jurídica de Igualdad de Género y Erradicación de la Violencia; y Lilia Esther Juárez Fonseca, Secretaria General de la Sección Sindical SUTEYM-ICATI. Desde el Gobierno de Ciudad Naucalpan, seguimos trabajando para construir comunidades más seguras e igualitarias, donde las mujeres puedan vivir con libertad, dignidad y un futuro sin violencia. #AquiGobiernaLaEsperanza #Naucalpan #DiaNaranja #VidaLibreDeViolencia #Mujeres","Día Naranja🧡 En el marco del Día Naranja, el Gobierno de Ciudad Naucalpan, encabezado por el Presidente Municipal Isaac Montoya Márquez, refrendó su compromiso con la igualdad sustantiva y el derecho de las mujeres a vivir libres de violencia, al participar en la develación del mural “La igualdad se construye a través del conocimiento: Conoce, aplica y transforma”, en la Escuela de Artes y Oficios (EDAYO) de Ciudad Naucalpan. El Presidente Municipal estuvo acompañado por el Secretario del Trabajo del Estado de México, Norberto Morales Poblete; por Zenón Vargas Martínez, Director General del ICATI; Mauricio Eduardo Aguirre Lozano, Director de Administración y Finanzas del ICATI; Salvador Saúl Gómez Sánchez, Coordinador de EDAYOs del Valle de México; y Olga Ramos Villeda, Directora de la EDAYO Naucalpan. Durante su mensaje, el Alcalde destacó que toda política pública debe contemplar acciones firmes para garantizar la dignidad, los derechos y la seguridad de las mujeres, y subrayó que erradicar la violencia implica transformar inercias históricas desde el territorio, con obras, programas y entornos seguros. Señaló que en Ciudad Naucalpan se avanza con senderos y caminos seguros, iluminación, murales comunitarios, videovigilancia, una policía de género fortalecida y mayores capacidades tecnológicas, particularmente en zonas como San Agustín y El Torito, donde se trabaja para transformar el entorno urbano con enfoque de género. El Presidente Municipal reiteró que su administración es aliada permanente de los gobiernos estatal y federal, reconociendo la visión de la Gobernadora del Estado de México, Delfina Gómez Álvarez, y de la Presidenta de México, Claudia Sheinbaum Pardo, para colocar a las mujeres en el centro de las políticas públicas. Al evento asistieron también Werther Juárez Toledo, Director Técnico Académico del ICATI; Omar Rodrigo Ortega Cuevas, en suplencia del Titular de la Unidad Jurídica de Igualdad de Género y Erradicación de la Violencia; y Lilia Esther Juárez Fonseca, Secretaria General de la Sección Sindical SUTEYM-ICATI. Desde el Gobierno de Ciudad Naucalpan, seguimos trabajando para construir comunidades más seguras e igualitarias, donde las mujeres puedan vivir con libertad, dignidad y un futuro sin violencia. #AquiGobiernaLaEsperanza #Naucalpan #DiaNaranja #VidaLibreDeViolencia #Mujeres",https://www.facebook.com/CiudadNaucalpan/posts/pfbid038FU2bEPBR9FJfH1wH3T5LPKBpfaX7mcG2pszKfXrSgsQ9WQCVTnx5P48fJKNqbTql,https://www.facebook.com/CiudadNaucalpan/posts/pfbid038FU2bEPBR9FJfH1wH3T5LPKBpfaX7mcG2pszKfXrSgsQ9WQCVTnx5P48fJKNqbTql,2026-01-25 14:27:50,2026-01-25,/home/emilio/Documentos/Naucalpan_Semanal_Reportes/Periodico/Enero_Mayo/2026-01-16_al_2026-01-30/Facebook/2026-01-16_al_2026-01-30_Facebook/2026-01-16_al_2026-01-30_Facebook_posts.csv
2026-01-16,2026-01-16_al_2026-01-30_Facebook,gobierno_naucalpan,Gobierno de Naucalpan,facebook,Facebook,post_facebook,ciudadnaucalpan,Ciudad Naucalpan / Gobierno Municipal 2025-2027.,,"Gracias al Gobierno del Estado de México, encabezado por la Mtra. Delfina Gómez Álvarez, se construye el Sendero Seguro y Luminoso de Acatlán, un espacio de la vialidad que mejorará el traslado de nuestras vecinas, vecinos y estudiantes, quienes todos los días transitan por la zona para llegar a sus hogares y, en muchos casos, a la Facultad de Estudios Superiores Acatlán.💡🚶🤝 Esta intervención contempla más de 1,400 metros de vialidad, desde Avenida San Juan hasta Periférico, beneficiando a vecinas, vecinos y estudiantes que diariamente transitan por la zona, especialmente quienes acuden a la FES Acatlán. Las acciones incluyen rehabilitación de banquetas y guarniciones, mejora de iluminación, cruces peatonales seguros, rampas de accesibilidad universal, señalización y dispositivos de reducción de velocidad. Con obras que priorizan la movilidad segura y accesible, Ciudad Naucalpan avanza hacia entornos más iluminados, seguros y pensados para las personas. #AquiGobiernaLaEsperanza #Naucalpan #SenderoSeguro #MovilidadSegura #Accesibilidad #EdoMex","Gracias al Gobierno del Estado de México, encabezado por la Mtra. Delfina Gómez Álvarez, se construye el Sendero Seguro y Luminoso de Acatlán, un espacio de la vialidad que mejorará el traslado de nuestras vecinas, vecinos y estudiantes, quienes todos los días transitan por la zona para llegar a sus hogares y, en muchos casos, a la Facultad de Estudios Superiores Acatlán.💡🚶🤝 Esta intervención contempla más de 1,400 metros de vialidad, desde Avenida San Juan hasta Periférico, beneficiando a vecinas, vecinos y estudiantes que diariamente transitan por la zona, especialmente quienes acuden a la FES Acatlán. Las acciones incluyen rehabilitación de banquetas y guarniciones, mejora de iluminación, cruces peatonales seguros, rampas de accesibilidad universal, señalización y dispositivos de reducción de velocidad. Con obras que priorizan la movilidad segura y accesible, Ciudad Naucalpan avanza hacia entornos más iluminados, seguros y pensados para las personas. #AquiGobiernaLaEsperanza #Naucalpan #SenderoSeguro #MovilidadSegura #Accesibilidad #EdoMex",https://www.facebook.com/reel/1439020504614679/,https://www.facebook.com/reel/1439020504614679/,2026-01-25 12:03:06,2026-01-25,/home/emilio/Documentos/Naucalpan_Semanal_Reportes/Periodico/Enero_Mayo/2026-01-16_al_2026-01-30/Facebook/2026-01-16_al_2026-01-30_Facebook/2026-01-16_al_2026-01-30_Facebook_posts.csv
2026-01-16,2026-01-16_al_2026-01-30_Facebook,gobierno_naucalpan,Gobierno de Naucalpan,facebook,Facebook,post_facebook,ciudadnaucalpan,Ciudad Naucalpan / Gobierno Municipal 2025-2027.,,"Capacitación en toma de conciencia y accesibilidad🧏‍♂️ El Gobierno de Ciudad Naucalpan, encabezado por el Presidente Municipal Isaac Montoya, inició el año fortaleciendo iniciativas que promueven la accesibilidad, la inclusión y una atención digna para todas y todos. Como parte de esta estrategia, más de 100 personas servidoras públicas participan actualmente en el taller “Toma de Conciencia y Comunicación Inclusiva en la Atención a Personas con Discapacidad”, impartido en modalidad en línea. Esta capacitación tiene como objetivo impulsar una cultura de atención inclusiva en el servicio público, así como brindar herramientas prácticas para mejorar la atención ciudadana en los espacios de servicio público, eliminando barreras de comunicación y acceso. Con estas iniciativas Ciudad Naucalpan se consolida como un municipio que impulsa de manera estructurada y permanente un gobierno accesible, incluyente y cercano a la ciudadanía. #AquiGobiernaLaEsperanza #Naucalpan #Inclusión #Accesibilidad #GobiernoCercano","Capacitación en toma de conciencia y accesibilidad🧏‍♂️ El Gobierno de Ciudad Naucalpan, encabezado por el Presidente Municipal Isaac Montoya, inició el año fortaleciendo iniciativas que promueven la accesibilidad, la inclusión y una atención digna para todas y todos. Como parte de esta estrategia, más de 100 personas servidoras públicas participan actualmente en el taller “Toma de Conciencia y Comunicación Inclusiva en la Atención a Personas con Discapacidad”, impartido en modalidad en línea. Esta capacitación tiene como objetivo impulsar una cultura de atención inclusiva en el servicio público, así como brindar herramientas prácticas para mejorar la atención ciudadana en los espacios de servicio público, eliminando barreras de comunicación y acceso. Con estas iniciativas Ciudad Naucalpan se consolida como un municipio que impulsa de manera estructurada y permanente un gobierno accesible, incluyente y cercano a la ciudadanía. #AquiGobiernaLaEsperanza #Naucalpan #Inclusión #Accesibilidad #GobiernoCercano",https://www.facebook.com/reel/1634912154516985/,https://www.facebook.com/reel/1634912154516985/,2026-01-25 10:31:06,2026-01-25,/home/emilio/Documentos/Naucalpan_Semanal_Reportes/Periodico/Enero_Mayo/2026-01-16_al_2026-01-30/Facebook/2026-01-16_al_2026-01-30_Facebook/2026-01-16_al_2026-01-30_Facebook_posts.csv
2026-01-16,2026-01-16_al_2026-01-30_Facebook,gobierno_naucalpan,Gobierno de Naucalpan,facebook,Facebook,post_facebook,ciudadnaucalpan,Ciudad Naucalpan / Gobierno Municipal 2025-2027.,,"Desde el Gobierno de Ciudad Naucalpan te invitamos a aprovechar los descuentos vigentes en el pago del Predial y Agua 2026. 💳🏡 Contribuir a tiempo fortalece los servicios públicos y permite seguir invirtiendo en obras y bienestar para nuestras comunidades. 📍 Consulta en la imagen los descuentos, sedes de pago, horarios y la opción de pago en línea. Seguimos trabajando con responsabilidad, transparencia y cercanía para todas y todos. #AquiGobiernaLaEsperanza #Naucalpan #Predial2026 #TesoreriaMunicipal","Desde el Gobierno de Ciudad Naucalpan te invitamos a aprovechar los descuentos vigentes en el pago del Predial y Agua 2026. 💳🏡 Contribuir a tiempo fortalece los servicios públicos y permite seguir invirtiendo en obras y bienestar para nuestras comunidades. 📍 Consulta en la imagen los descuentos, sedes de pago, horarios y la opción de pago en línea. Seguimos trabajando con responsabilidad, transparencia y cercanía para todas y todos. #AquiGobiernaLaEsperanza #Naucalpan #Predial2026 #TesoreriaMunicipal",https://www.facebook.com/CiudadNaucalpan/posts/pfbid02ZpKhDWiL6DGYpK5gLWckTtHwi9JGjYYJtC49mcSaz7PwwixomBR5eiW3KoGXPcMpl,https://www.facebook.com/CiudadNaucalpan/posts/pfbid02ZpKhDWiL6DGYpK5gLWckTtHwi9JGjYYJtC49mcSaz7PwwixomBR5eiW3KoGXPcMpl,2026-01-25 09:01:41,2026-01-25,/home/emilio/Documentos/Naucalpan_Semanal_Reportes/Periodico/Enero_Mayo/2026-01-16_al_2026-01-30/Facebook/2026-01-16_al_2026-01-30_Facebook/2026-01-16_al_2026-01-30_Facebook_posts.csv
2026-01-16,2026-01-16_al_2026-01-30_Facebook,gobierno_naucalpan,Gobierno de Naucalpan,facebook,Facebook,post_facebook,ciudadnaucalpan,Ciudad Naucalpan / Gobierno Municipal 2025-2027.,,"Festival Feminista de Música: “Vivas, Libres y Sonando”🎶💜 El Gobierno de Naucalpan, a través del Instituto de las Mujeres Naucalpenses y la Igualdad Sustantiva, convoca a mujeres músicas, cantautoras, bandas y creadoras sonoras a formar parte de este festival que celebra la fuerza, la diversidad y la potencia creativa de las mujeres. En el marco del Día Internacional de la Mujer, este escenario es para quienes hacen de la música una forma de expresión y resistencia. 👉 Consulta las imágenes para conocer requisitos y datos de contacto para participar. #AquiGobiernaLaEsperanza #Naucalpan #Mujeres #Festival #Musica","Festival Feminista de Música: “Vivas, Libres y Sonando”🎶💜 El Gobierno de Naucalpan, a través del Instituto de las Mujeres Naucalpenses y la Igualdad Sustantiva, convoca a mujeres músicas, cantautoras, bandas y creadoras sonoras a formar parte de este festival que celebra la fuerza, la diversidad y la potencia creativa de las mujeres. En el marco del Día Internacional de la Mujer, este escenario es para quienes hacen de la música una forma de expresión y resistencia. 👉 Consulta las imágenes para conocer requisitos y datos de contacto para participar. #AquiGobiernaLaEsperanza #Naucalpan #Mujeres #Festival #Musica",https://www.facebook.com/CiudadNaucalpan/posts/pfbid02aZ2LTXB7F6v4yNrePZZSmjhrXzpV6hmnJzbNZ9CTvEMYiVkUX7vg2tVoGL9HgTL4l,https://www.facebook.com/CiudadNaucalpan/posts/pfbid02aZ2LTXB7F6v4yNrePZZSmjhrXzpV6hmnJzbNZ9CTvEMYiVkUX7vg2tVoGL9HgTL4l,2026-01-25 08:30:34,2026-01-25,/home/emilio/Documentos/Naucalpan_Semanal_Reportes/Periodico/Enero_Mayo/2026-01-16_al_2026-01-30/Facebook/2026-01-16_al_2026-01-30_Facebook/2026-01-16_al_2026-01-30_Facebook_posts.csv
2026-01-16,2026-01-16_al_2026-01-30_Facebook,gobierno_naucalpan,Gobierno de Naucalpan,facebook,Facebook,post_facebook,ciudadnaucalpan,Ciudad Naucalpan / Gobierno Municipal 2025-2027.,,"25 de enero | Día Naranja 🧡 Cada mes cuenta para prevenir y erradicar la violencia contra las mujeres, niñas y adolescentes. 🧡 #AquiGobiernaLaEsperanza #Naucalpan #DiaNaranja #Mujeres","25 de enero | Día Naranja 🧡 Cada mes cuenta para prevenir y erradicar la violencia contra las mujeres, niñas y adolescentes. 🧡 #AquiGobiernaLaEsperanza #Naucalpan #DiaNaranja #Mujeres",https://www.facebook.com/CiudadNaucalpan/posts/pfbid035gHZ7d496snuEdvu6aC1LfEnDCnJHuzdEpC1HbvK9YNj8EGHSBccq6B6HCLTRzS5l,https://www.facebook.com/CiudadNaucalpan/posts/pfbid035gHZ7d496snuEdvu6aC1LfEnDCnJHuzdEpC1HbvK9YNj8EGHSBccq6B6HCLTRzS5l,2026-01-25 08:30:31,2026-01-25,/home/emilio/Documentos/Naucalpan_Semanal_Reportes/Periodico/Enero_Mayo/2026-01-16_al_2026-01-30/Facebook/2026-01-16_al_2026-01-30_Facebook/2026-01-16_al_2026-01-30_Facebook_posts.csv
2026-01-16,2026-01-16_al_2026-01-30_Facebook,gobierno_naucalpan,Gobierno de Naucalpan,facebook,Facebook,post_facebook,ciudadnaucalpan,Ciudad Naucalpan / Gobierno Municipal 2025-2027.,,¿Sabías qué? ⚽🌍 México ha clasificado a más de 15 Mundiales. #AquiGobiernaLaEsperanza #HuellasDelMundial #Naucalpan,¿Sabías qué? ⚽🌍 México ha clasificado a más de 15 Mundiales. #AquiGobiernaLaEsperanza #HuellasDelMundial #Naucalpan,https://www.facebook.com/CiudadNaucalpan/posts/pfbid02cFK8RA5Ncc3qn8iEpVUbf2YfQv4ztnrd8ChGNMP8NyFVosgyPQLwozN1QBophzWjl,https://www.facebook.com/CiudadNaucalpan/posts/pfbid02cFK8RA5Ncc3qn8iEpVUbf2YfQv4ztnrd8ChGNMP8NyFVosgyPQLwozN1QBophzWjl,2026-01-25 07:02:06,2026-01-25,/home/emilio/Documentos/Naucalpan_Semanal_Reportes/Periodico/Enero_Mayo/2026-01-16_al_2026-01-30/Facebook/2026-01-16_al_2026-01-30_Facebook/2026-01-16_al_2026-01-30_Facebook_posts.csv
2026-01-16,2026-01-16_al_2026-01-30_Facebook,gobierno_naucalpan,Gobierno de Naucalpan,facebook,Facebook,post_facebook,ciudadnaucalpan,Ciudad Naucalpan / Gobierno Municipal 2025-2027.,,"Talleres de Participación y Emprendimiento Comunitario🍩🤝 El Gobierno de Naucalpan, a través de la Dirección de Bienestar e Inclusión Social, impulsa talleres dirigidos a personas interesadas en adquirir herramientas prácticas para generar ingresos y fortalecer sus capacidades productivas, en un entorno de colaboración comunitaria. Los talleres se impartirán de lunes a viernes a partir de las 10:00 horas. 👉 Consulta las imágenes para conocer requisitos, duración, temáticas y proceso de inscripción. #AquiGobiernaLaEsperanza #Naucalpan #EmprendimientoComunitario #Bienestar","Talleres de Participación y Emprendimiento Comunitario🍩🤝 El Gobierno de Naucalpan, a través de la Dirección de Bienestar e Inclusión Social, impulsa talleres dirigidos a personas interesadas en adquirir herramientas prácticas para generar ingresos y fortalecer sus capacidades productivas, en un entorno de colaboración comunitaria. Los talleres se impartirán de lunes a viernes a partir de las 10:00 horas. 👉 Consulta las imágenes para conocer requisitos, duración, temáticas y proceso de inscripción. #AquiGobiernaLaEsperanza #Naucalpan #EmprendimientoComunitario #Bienestar",https://www.facebook.com/CiudadNaucalpan/posts/pfbid035THm8GbrnXWPmHB9o8wHh3heQVpLsyo5Ezi2bL3QNdumJn5EYhAAtm8kxKsxvyvrl,https://www.facebook.com/CiudadNaucalpan/posts/pfbid035THm8GbrnXWPmHB9o8wHh3heQVpLsyo5Ezi2bL3QNdumJn5EYhAAtm8kxKsxvyvrl,2026-01-25 04:41:25,2026-01-25,/home/emilio/Documentos/Naucalpan_Semanal_Reportes/Periodico/Enero_Mayo/2026-01-16_al_2026-01-30/Facebook/2026-01-16_al_2026-01-30_Facebook/2026-01-16_al_2026-01-30_Facebook_posts.csv
2026-01-16,2026-01-16_al_2026-01-30_Facebook,gobierno_naucalpan,Gobierno de Naucalpan,facebook,Facebook,post_facebook,ciudadnaucalpan,Ciudad Naucalpan / Gobierno Municipal 2025-2027.,,"Taller de Huertos Urbanos🌱🥕 El Gobierno de Naucalpan, a través de la Dirección de Bienestar e Inclusión Social, impulsa el Taller de Huertos Urbanos, una iniciativa para fomentar la alimentación saludable, el aprovechamiento de espacios y el cuidado del medio ambiente. Los talleres se impartirán de lunes a viernes a partir de las 10:00 horas. 👉 Consulta las imágenes para conocer requisitos, duración y proceso de inscripción. #AquiGobiernaLaEsperanza #Naucalpan #HuertosUrbanos #Bienestar","Taller de Huertos Urbanos🌱🥕 El Gobierno de Naucalpan, a través de la Dirección de Bienestar e Inclusión Social, impulsa el Taller de Huertos Urbanos, una iniciativa para fomentar la alimentación saludable, el aprovechamiento de espacios y el cuidado del medio ambiente. Los talleres se impartirán de lunes a viernes a partir de las 10:00 horas. 👉 Consulta las imágenes para conocer requisitos, duración y proceso de inscripción. #AquiGobiernaLaEsperanza #Naucalpan #HuertosUrbanos #Bienestar",https://www.facebook.com/CiudadNaucalpan/posts/pfbid0HJYwVLb1ip2sCtnXMqGAT49bvcMxc5eueQckTbULk4r8c7JVtRjKv8Y36uHJHSe2l,https://www.facebook.com/CiudadNaucalpan/posts/pfbid0HJYwVLb1ip2sCtnXMqGAT49bvcMxc5eueQckTbULk4r8c7JVtRjKv8Y36uHJHSe2l,2026-01-25 04:34:26,2026-01-25,/home/emilio/Documentos/Naucalpan_Semanal_Reportes/Periodico/Enero_Mayo/2026-01-16_al_2026-01-30/Facebook/2026-01-16_al_2026-01-30_Facebook/2026-01-16_al_2026-01-30_Facebook_posts.csv
2026-01-16,2026-01-16_al_2026-01-30_Facebook,gobierno_naucalpan,Gobierno de Naucalpan,facebook,Facebook,post_facebook,guardiamunicipalciudadnaucalpan,Guardia Municipal Ciudad Naucalpan,,"Operativo Mochila de Paz🎒🕊️ La Subdirección de Prevención del Delito de la Guardia Municipal, como parte del Gobierno de Naucalpan, encabezado por el Presidente Municipal Isaac Montoya, llevó a cabo el Operativo Mochila de Paz, una iniciativa preventiva para fortalecer la seguridad y la convivencia en entornos escolares.🤝 #AquiGobiernaLaEsperanza #GuardiaMunicipal #Naucalpan #PrevencionDelDelito #MochilaDePaz #Seguridad","Operativo Mochila de Paz🎒🕊️ La Subdirección de Prevención del Delito de la Guardia Municipal, como parte del Gobierno de Naucalpan, encabezado por el Presidente Municipal Isaac Montoya, llevó a cabo el Operativo Mochila de Paz, una iniciativa preventiva para fortalecer la seguridad y la convivencia en entornos escolares.🤝 #AquiGobiernaLaEsperanza #GuardiaMunicipal #Naucalpan #PrevencionDelDelito #MochilaDePaz #Seguridad",https://www.facebook.com/reel/1214038667503374/,https://www.facebook.com/reel/1214038667503374/,2026-01-25 12:31:17,2026-01-25,/home/emilio/Documentos/Naucalpan_Semanal_Reportes/Periodico/Enero_Mayo/2026-01-16_al_2026-01-30/Facebook/2026-01-16_al_2026-01-30_Facebook/2026-01-16_al_2026-01-30_Facebook_posts.csv
2026-01-16,2026-01-16_al_2026-01-30_Facebook,gobierno_naucalpan,Gobierno de Naucalpan,facebook,Facebook,post_facebook,guardiamunicipalciudadnaucalpan,Guardia Municipal Ciudad Naucalpan,,"El Gobierno de Ciudad Naucalpan, a través de la Guardia Municipal, refuerza la prevención y la seguridad vial para motociclistas. 🏍️ El uso de casco es obligatorio, debe ser certificado y correctamente abrochado, tanto para el conductor como para el acompañante, conforme al Reglamento de Tránsito del Estado de México. Usar casco salva vidas y reduce el riesgo de lesiones graves. Trabajamos por una movilidad segura, con prevención y respeto a la ley. #AquiGobiernaLaEsperanza #Naucalpan #GuardiaMunicipal #SeguridadVial #MovilidadSegura","El Gobierno de Ciudad Naucalpan, a través de la Guardia Municipal, refuerza la prevención y la seguridad vial para motociclistas. 🏍️ El uso de casco es obligatorio, debe ser certificado y correctamente abrochado, tanto para el conductor como para el acompañante, conforme al Reglamento de Tránsito del Estado de México. Usar casco salva vidas y reduce el riesgo de lesiones graves. Trabajamos por una movilidad segura, con prevención y respeto a la ley. #AquiGobiernaLaEsperanza #Naucalpan #GuardiaMunicipal #SeguridadVial #MovilidadSegura",https://www.facebook.com/GuardiaMunicipalCiudadNaucalpan/posts/pfbid0bays61RYMKS6v7jbhUmSqj1eNPqhaqYS43tJni6DEtVD6gacch2A2WvfrX5HbHxel,https://www.facebook.com/GuardiaMunicipalCiudadNaucalpan/posts/pfbid0bays61RYMKS6v7jbhUmSqj1eNPqhaqYS43tJni6DEtVD6gacch2A2WvfrX5HbHxel,2026-01-25 09:02:38,2026-01-25,/home/emilio/Documentos/Naucalpan_Semanal_Reportes/Periodico/Enero_Mayo/2026-01-16_al_2026-01-30/Facebook/2026-01-16_al_2026-01-30_Facebook/2026-01-16_al_2026-01-30_Facebook_posts.csv
2026-01-16,2026-01-16_al_2026-01-30_Facebook,gobierno_naucalpan,Gobierno de Naucalpan,facebook,Facebook,post_facebook,guardiamunicipalciudadnaucalpan,Guardia Municipal Ciudad Naucalpan,,"Información a la ciudadanía🚔 La Guardia Municipal informa que, derivado de reportes ciudadanos sobre el presunto avistamiento de un felino en la carretera a Los Cipreses, desde el primer momento se llevó a cabo un operativo interinstitucional de búsqueda y verificación. Las acciones se realizaron en coordinación con la Policía Estatal, la Dirección de Medio Ambiente y la Coordinación de Protección Civil, efectuando recorridos en un área aproximada de 50 hectáreas, mediante patrullajes pie a tierra y el uso de drones con tecnología de proyección térmica. Tras concluir las labores, no se detectó la presencia de ningún felino en la zona. La Guardia Municipal reitera su compromiso con la atención oportuna a los reportes ciudadanos y la protección de la seguridad y el entorno. Asimismo, recuerda a la población que el uso indebido de los servicios de emergencia y la falsedad de declaraciones constituyen un delito sancionado conforme a la ley. #GuardiaMunicipal #Naucalpan #Seguridad #ProtecciónCivil #InformacionOficial","Información a la ciudadanía🚔 La Guardia Municipal informa que, derivado de reportes ciudadanos sobre el presunto avistamiento de un felino en la carretera a Los Cipreses, desde el primer momento se llevó a cabo un operativo interinstitucional de búsqueda y verificación. Las acciones se realizaron en coordinación con la Policía Estatal, la Dirección de Medio Ambiente y la Coordinación de Protección Civil, efectuando recorridos en un área aproximada de 50 hectáreas, mediante patrullajes pie a tierra y el uso de drones con tecnología de proyección térmica. Tras concluir las labores, no se detectó la presencia de ningún felino en la zona. La Guardia Municipal reitera su compromiso con la atención oportuna a los reportes ciudadanos y la protección de la seguridad y el entorno. Asimismo, recuerda a la población que el uso indebido de los servicios de emergencia y la falsedad de declaraciones constituyen un delito sancionado conforme a la ley. #GuardiaMunicipal #Naucalpan #Seguridad #ProtecciónCivil #InformacionOficial",https://www.facebook.com/GuardiaMunicipalCiudadNaucalpan/posts/pfbid02Zxd4sgS6oon6qHqXNrjJfiu7MST63VUem6dGCPuWqUNwfZHXZQNPueXcojU3UnxWl,https://www.facebook.com/GuardiaMunicipalCiudadNaucalpan/posts/pfbid02Zxd4sgS6oon6qHqXNrjJfiu7MST63VUem6dGCPuWqUNwfZHXZQNPueXcojU3UnxWl,2026-01-25 07:02:24,2026-01-25,/home/emilio/Documentos/Naucalpan_Semanal_Reportes/Periodico/Enero_Mayo/2026-01-16_al_2026-01-30/Facebook/2026-01-16_al_2026-01-30_Facebook/2026-01-16_al_2026-01-30_Facebook_posts.csv
2026-01-16,2026-01-16_al_2026-01-30_Twitter,gobierno_naucalpan,Gobierno de Naucalpan,twitter,Twitter/X,tweet,@GobNau,@GobNau,,"El Gobierno de Ciudad Naucalpan, a través del Instituto de las Mujeres Naucalpenses y la Igualdad Sustantiva, invita a la Caravana “Estamos Contigo”. #AquiGobiernaLaEsperanza #Naucalpan #Mujeres","El Gobierno de Ciudad Naucalpan, a través del Instituto de las Mujeres Naucalpenses y la Igualdad Sustantiva, invita a la Caravana “Estamos Contigo”. #AquiGobiernaLaEsperanza #Naucalpan #Mujeres",https://x.com/GobNau/status/2015568119863885875,https://x.com/GobNau/status/2015568119863885875,2026-01-25 23:31:01+00:00,2026-01-25,/home/emilio/Documentos/Naucalpan_Semanal_Reportes/Periodico/Enero_Mayo/2026-01-16_al_2026-01-30/Twitter/2026-01-16_al_2026-01-30_Twitter/2026-01-16_al_2026-01-30_Twitter_post_institucionales.csv
2026-01-16,2026-01-16_al_2026-01-30_Twitter,gobierno_naucalpan,Gobierno de Naucalpan,twitter,Twitter/X,tweet,@GobNau,@GobNau,,"El Gobierno de Ciudad #Naucalpan, encabezado por el Presidente Municipal Isaac Montoya Márquez, a través de #OAPAS, inició la rehabilitación del sistema de rebombeo en Ampliación San Esteban, para fortalecer el abasto de agua. #AquiGobiernaLaEsperanza","El Gobierno de Ciudad #Naucalpan, encabezado por el Presidente Municipal Isaac Montoya Márquez, a través de #OAPAS, inició la rehabilitación del sistema de rebombeo en Ampliación San Esteban, para fortalecer el abasto de agua. #AquiGobiernaLaEsperanza",https://x.com/GobNau/status/2015533286357971008,https://x.com/GobNau/status/2015533286357971008,2026-01-25 21:12:36+00:00,2026-01-25,/home/emilio/Documentos/Naucalpan_Semanal_Reportes/Periodico/Enero_Mayo/2026-01-16_al_2026-01-30/Twitter/2026-01-16_al_2026-01-30_Twitter/2026-01-16_al_2026-01-30_Twitter_post_institucionales.csv
2026-01-16,2026-01-16_al_2026-01-30_Twitter,gobierno_naucalpan,Gobierno de Naucalpan,twitter,Twitter/X,tweet,@GobNau,@GobNau,,"Predial 2026 en Ciudad Naucalpan Conoce las bonificaciones y estímulos vigentes para el pago del impuesto predial 2026, así como los beneficios para contribuyentes cumplidos. Para más detalles, consulta las imágenes. #AquiGobiernaLaEsperanza #Naucalpan","Predial 2026 en Ciudad Naucalpan Conoce las bonificaciones y estímulos vigentes para el pago del impuesto predial 2026, así como los beneficios para contribuyentes cumplidos. Para más detalles, consulta las imágenes. #AquiGobiernaLaEsperanza #Naucalpan",https://x.com/GobNau/status/2015530564812415261,https://x.com/GobNau/status/2015530564812415261,2026-01-25 21:01:48+00:00,2026-01-25,/home/emilio/Documentos/Naucalpan_Semanal_Reportes/Periodico/Enero_Mayo/2026-01-16_al_2026-01-30/Twitter/2026-01-16_al_2026-01-30_Twitter/2026-01-16_al_2026-01-30_Twitter_post_institucionales.csv
2026-01-16,2026-01-16_al_2026-01-30_Twitter,gobierno_naucalpan,Gobierno de Naucalpan,twitter,Twitter/X,tweet,@GobNau,@GobNau,,"En el marco del #DiaNaranja, el Gobierno de #Naucalpan, encabezado por el Presidente Municipal Isaac Montoya Márquez, refrendó su compromiso con la igualdad y una vida libre de violencia para las mujeres, al participar en la develación de un mural en la EDAYO Naucalpan. #EdoMex","En el marco del #DiaNaranja, el Gobierno de #Naucalpan, encabezado por el Presidente Municipal Isaac Montoya Márquez, refrendó su compromiso con la igualdad y una vida libre de violencia para las mujeres, al participar en la develación de un mural en la EDAYO Naucalpan. #EdoMex",https://x.com/GobNau/status/2015522231493726632,https://x.com/GobNau/status/2015522231493726632,2026-01-25 20:28:41+00:00,2026-01-25,/home/emilio/Documentos/Naucalpan_Semanal_Reportes/Periodico/Enero_Mayo/2026-01-16_al_2026-01-30/Twitter/2026-01-16_al_2026-01-30_Twitter/2026-01-16_al_2026-01-30_Twitter_post_institucionales.csv
2026-01-16,2026-01-16_al_2026-01-30_Twitter,gobierno_naucalpan,Gobierno de Naucalpan,twitter,Twitter/X,tweet,@GobNau,@GobNau,,"Gracias al Gobierno del Estado de México, encabezado por la Mtra. Delfina Gómez Álvarez, se construye el Sendero Seguro y Luminoso de Acatlán, con más de 1,400 m de vialidad para mejorar la movilidad de vecinas, vecinos y estudiantes de la FES Acatlán. #Naucalpan #EdoMex","Gracias al Gobierno del Estado de México, encabezado por la Mtra. Delfina Gómez Álvarez, se construye el Sendero Seguro y Luminoso de Acatlán, con más de 1,400 m de vialidad para mejorar la movilidad de vecinas, vecinos y estudiantes de la FES Acatlán. #Naucalpan #EdoMex",https://x.com/GobNau/status/2015485877783335286,https://x.com/GobNau/status/2015485877783335286,2026-01-25 18:04:13+00:00,2026-01-25,/home/emilio/Documentos/Naucalpan_Semanal_Reportes/Periodico/Enero_Mayo/2026-01-16_al_2026-01-30/Twitter/2026-01-16_al_2026-01-30_Twitter/2026-01-16_al_2026-01-30_Twitter_post_institucionales.csv
2026-01-16,2026-01-16_al_2026-01-30_Twitter,gobierno_naucalpan,Gobierno de Naucalpan,twitter,Twitter/X,tweet,@GobNau,@GobNau,,Desde el Gobierno de Ciudad Naucalpan te invitamos a aprovechar los descuentos vigentes en el pago del Predial y Agua 2026. #AquiGobiernaLaEsperanza #Naucalpan #Predial2026 #TesoreriaMunicipal,Desde el Gobierno de Ciudad Naucalpan te invitamos a aprovechar los descuentos vigentes en el pago del Predial y Agua 2026. #AquiGobiernaLaEsperanza #Naucalpan #Predial2026 #TesoreriaMunicipal,https://x.com/GobNau/status/2015440119294001641,https://x.com/GobNau/status/2015440119294001641,2026-01-25 15:02:24+00:00,2026-01-25,/home/emilio/Documentos/Naucalpan_Semanal_Reportes/Periodico/Enero_Mayo/2026-01-16_al_2026-01-30/Twitter/2026-01-16_al_2026-01-30_Twitter/2026-01-16_al_2026-01-30_Twitter_post_institucionales.csv
2026-01-16,2026-01-16_al_2026-01-30_Twitter,gobierno_naucalpan,Gobierno de Naucalpan,twitter,Twitter/X,tweet,@GobNau,@GobNau,,"Festival Feminista de Música: “Vivas, Libres y Sonando” Consulta las imágenes para conocer requisitos y datos de contacto para participar. #AquiGobiernaLaEsperanza #Naucalpan #Mujeres #Festival #Musica","Festival Feminista de Música: “Vivas, Libres y Sonando” Consulta las imágenes para conocer requisitos y datos de contacto para participar. #AquiGobiernaLaEsperanza #Naucalpan #Mujeres #Festival #Musica",https://x.com/GobNau/status/2015432134232526942,https://x.com/GobNau/status/2015432134232526942,2026-01-25 14:30:40+00:00,2026-01-25,/home/emilio/Documentos/Naucalpan_Semanal_Reportes/Periodico/Enero_Mayo/2026-01-16_al_2026-01-30/Twitter/2026-01-16_al_2026-01-30_Twitter/2026-01-16_al_2026-01-30_Twitter_post_institucionales.csv
2026-01-16,2026-01-16_al_2026-01-30_Twitter,gobierno_naucalpan,Gobierno de Naucalpan,twitter,Twitter/X,tweet,@GobNau,@GobNau,,"25 de enero | Día Naranja Cada mes cuenta para prevenir y erradicar la violencia contra las mujeres, niñas y adolescentes. #AquiGobiernaLaEsperanza #Naucalpan #DiaNaranja #Mujeres","25 de enero | Día Naranja Cada mes cuenta para prevenir y erradicar la violencia contra las mujeres, niñas y adolescentes. #AquiGobiernaLaEsperanza #Naucalpan #DiaNaranja #Mujeres",https://x.com/GobNau/status/2015432094273413455,https://x.com/GobNau/status/2015432094273413455,2026-01-25 14:30:30+00:00,2026-01-25,/home/emilio/Documentos/Naucalpan_Semanal_Reportes/Periodico/Enero_Mayo/2026-01-16_al_2026-01-30/Twitter/2026-01-16_al_2026-01-30_Twitter/2026-01-16_al_2026-01-30_Twitter_post_institucionales.csv
2026-01-16,2026-01-16_al_2026-01-30_Twitter,gobierno_naucalpan,Gobierno de Naucalpan,twitter,Twitter/X,tweet,@GobNau,@GobNau,,"Talleres de Participación y Emprendimiento Comunitario Consulta las imágenes para conocer requisitos, duración, temáticas y proceso de inscripción. #AquiGobiernaLaEsperanza #Naucalpan #EmprendimientoComunitario #Bienestar","Talleres de Participación y Emprendimiento Comunitario Consulta las imágenes para conocer requisitos, duración, temáticas y proceso de inscripción. #AquiGobiernaLaEsperanza #Naucalpan #EmprendimientoComunitario #Bienestar",https://x.com/GobNau/status/2015374458261852465,https://x.com/GobNau/status/2015374458261852465,2026-01-25 10:41:29+00:00,2026-01-25,/home/emilio/Documentos/Naucalpan_Semanal_Reportes/Periodico/Enero_Mayo/2026-01-16_al_2026-01-30/Twitter/2026-01-16_al_2026-01-30_Twitter/2026-01-16_al_2026-01-30_Twitter_post_institucionales.csv
2026-01-16,2026-01-16_al_2026-01-30_Twitter,gobierno_naucalpan,Gobierno de Naucalpan,twitter,Twitter/X,tweet,@GobNau,@GobNau,,"Taller de Huertos Urbanos Consulta las imágenes para conocer requisitos, duración y proceso de inscripción. #AquiGobiernaLaEsperanza #Naucalpan #HuertosUrbanos #Bienestar","Taller de Huertos Urbanos Consulta las imágenes para conocer requisitos, duración y proceso de inscripción. #AquiGobiernaLaEsperanza #Naucalpan #HuertosUrbanos #Bienestar",https://x.com/GobNau/status/2015372854594830645,https://x.com/GobNau/status/2015372854594830645,2026-01-25 10:35:07+00:00,2026-01-25,/home/emilio/Documentos/Naucalpan_Semanal_Reportes/Periodico/Enero_Mayo/2026-01-16_al_2026-01-30/Twitter/2026-01-16_al_2026-01-30_Twitter/2026-01-16_al_2026-01-30_Twitter_post_institucionales.csv
2026-01-16,2026-01-16_al_2026-01-30_Twitter,gobierno_naucalpan,Gobierno de Naucalpan,twitter,Twitter/X,tweet,@GobNau,@GobNau,,"El Gobierno de Ciudad Naucalpan, a través del Instituto de las Mujeres Naucalpenses y la Igualdad Sustantiva, invita al Bazar de San Valentín de Mujeres Emprendedoras Naucalpenses. #AquiGobiernaLaEsperanza #Naucalpan #Mujeres #Emprendimiento #SanValentín","El Gobierno de Ciudad Naucalpan, a través del Instituto de las Mujeres Naucalpenses y la Igualdad Sustantiva, invita al Bazar de San Valentín de Mujeres Emprendedoras Naucalpenses. #AquiGobiernaLaEsperanza #Naucalpan #Mujeres #Emprendimiento #SanValentín",https://x.com/GobNau/status/2015243789636452731,https://x.com/GobNau/status/2015243789636452731,2026-01-25 02:02:15+00:00,2026-01-25,/home/emilio/Documentos/Naucalpan_Semanal_Reportes/Periodico/Enero_Mayo/2026-01-16_al_2026-01-30/Twitter/2026-01-16_al_2026-01-30_Twitter/2026-01-16_al_2026-01-30_Twitter_post_institucionales.csv
2026-01-16,2026-01-16_al_2026-01-30_Facebook,gobierno_naucalpan,Gobierno de Naucalpan,facebook,Facebook,post_facebook,ciudadnaucalpan,Ciudad Naucalpan / Gobierno Municipal 2025-2027.,,"El Gobierno de Ciudad Naucalpan, a través del Instituto de las Mujeres Naucalpenses y la Igualdad Sustantiva, invita al Bazar de San Valentín de Mujeres Emprendedoras Naucalpenses, un espacio para impulsar el talento, el emprendimiento y la autonomía económica de las mujeres.❤️ 🗓️ Viernes 13 de febrero ⏰ 10:00 a 16:00 horas 📍 Patio Central del Palacio Municipal Av. Juárez No. 39, Fracc. El Mirador, Naucalpan de Juárez. 📞 Informes: 55 8789 5483 Durante la jornada se contará con un calendario de actividades que incluye presentación musical, inauguración, plática financiera, curso de primeros auxilios, taller de chocolatería y clase de zumba con cierre. Seguimos generando espacios que fortalecen el emprendimiento, la participación y el bienestar de las mujeres naucalpenses. #AquiGobiernaLaEsperanza #Naucalpan #Mujeres #Emprendimiento #SanValentín","El Gobierno de Ciudad Naucalpan, a través del Instituto de las Mujeres Naucalpenses y la Igualdad Sustantiva, invita al Bazar de San Valentín de Mujeres Emprendedoras Naucalpenses, un espacio para impulsar el talento, el emprendimiento y la autonomía económica de las mujeres.❤️ 🗓️ Viernes 13 de febrero ⏰ 10:00 a 16:00 horas 📍 Patio Central del Palacio Municipal Av. Juárez No. 39, Fracc. El Mirador, Naucalpan de Juárez. 📞 Informes: 55 8789 5483 Durante la jornada se contará con un calendario de actividades que incluye presentación musical, inauguración, plática financiera, curso de primeros auxilios, taller de chocolatería y clase de zumba con cierre. Seguimos generando espacios que fortalecen el emprendimiento, la participación y el bienestar de las mujeres naucalpenses. #AquiGobiernaLaEsperanza #Naucalpan #Mujeres #Emprendimiento #SanValentín",https://www.facebook.com/CiudadNaucalpan/posts/pfbid02ym3CxdvVEd8TabuVrgfhdy3YWkysDMysNPYK1DQ2fhk5bcRWqRUUYRwU9zuZfYESl,https://www.facebook.com/CiudadNaucalpan/posts/pfbid02ym3CxdvVEd8TabuVrgfhdy3YWkysDMysNPYK1DQ2fhk5bcRWqRUUYRwU9zuZfYESl,2026-01-24 20:01:35,2026-01-24,/home/emilio/Documentos/Naucalpan_Semanal_Reportes/Periodico/Enero_Mayo/2026-01-16_al_2026-01-30/Facebook/2026-01-16_al_2026-01-30_Facebook/2026-01-16_al_2026-01-30_Facebook_posts.csv
2026-01-16,2026-01-16_al_2026-01-30_Facebook,gobierno_naucalpan,Gobierno de Naucalpan,facebook,Facebook,post_facebook,ciudadnaucalpan,Ciudad Naucalpan / Gobierno Municipal 2025-2027.,,"Memorias de cálculo para la COI y el Impuesto Ecológico por Emisiones en el Edoméx 🌱 El Gobierno de Ciudad Naucalpan, a través de la Dirección de Desarrollo y Fomento Económico, invita a participar en este curso para aprender a realizar los cálculos necesarios para cumplir con el reporte anual y determinar el impuesto a pagar por cada tonelada de CO₂e. 👉 Consulta en las imágenes toda la información sobre fechas, horarios, sede, temario e inscripciones. #AquiGobiernaLaEsperanza #Naucalpan #DesarrolloEconomico","Memorias de cálculo para la COI y el Impuesto Ecológico por Emisiones en el Edoméx 🌱 El Gobierno de Ciudad Naucalpan, a través de la Dirección de Desarrollo y Fomento Económico, invita a participar en este curso para aprender a realizar los cálculos necesarios para cumplir con el reporte anual y determinar el impuesto a pagar por cada tonelada de CO₂e. 👉 Consulta en las imágenes toda la información sobre fechas, horarios, sede, temario e inscripciones. #AquiGobiernaLaEsperanza #Naucalpan #DesarrolloEconomico",https://www.facebook.com/CiudadNaucalpan/posts/pfbid02zM7UPsQAtRCzWwXmYaVVsN93nPBLt6nhzmyusYBhknXZX3CHQiiFA2VkaEXr1WuMl,https://www.facebook.com/CiudadNaucalpan/posts/pfbid02zM7UPsQAtRCzWwXmYaVVsN93nPBLt6nhzmyusYBhknXZX3CHQiiFA2VkaEXr1WuMl,2026-01-24 14:01:35,2026-01-24,/home/emilio/Documentos/Naucalpan_Semanal_Reportes/Periodico/Enero_Mayo/2026-01-16_al_2026-01-30/Facebook/2026-01-16_al_2026-01-30_Facebook/2026-01-16_al_2026-01-30_Facebook_posts.csv
2026-01-16,2026-01-16_al_2026-01-30_Facebook,gobierno_naucalpan,Gobierno de Naucalpan,facebook,Facebook,post_facebook,ciudadnaucalpan,Ciudad Naucalpan / Gobierno Municipal 2025-2027.,,"Guía Ciudadana para el Pago del Impuesto Predial 2026🧾🏠 En el Gobierno de Ciudad Naucalpan trabajamos para que cada trámite sea más claro, sencillo y accesible para todas y todos. 👉Consulta en las imágenes la guía completa con los requisitos, opciones de pago y descuentos vigentes, y realiza tu contribución de forma fácil y sin contratiempos. Tu predial se transforma en obras, servicios y mejores espacios para nuestra comunidad. #AquiGobiernaLaEsperanza #Naucalpan #Predial2026 #TesoreriaMunicipal","Guía Ciudadana para el Pago del Impuesto Predial 2026🧾🏠 En el Gobierno de Ciudad Naucalpan trabajamos para que cada trámite sea más claro, sencillo y accesible para todas y todos. 👉Consulta en las imágenes la guía completa con los requisitos, opciones de pago y descuentos vigentes, y realiza tu contribución de forma fácil y sin contratiempos. Tu predial se transforma en obras, servicios y mejores espacios para nuestra comunidad. #AquiGobiernaLaEsperanza #Naucalpan #Predial2026 #TesoreriaMunicipal",https://www.facebook.com/CiudadNaucalpan/posts/pfbid02AdqXWUAtw6cED7pS3HSMQBeoYDmCh4WxAp2Lft2m3F2HPHfEzrdjw4AtSNRXWQscl,https://www.facebook.com/CiudadNaucalpan/posts/pfbid02AdqXWUAtw6cED7pS3HSMQBeoYDmCh4WxAp2Lft2m3F2HPHfEzrdjw4AtSNRXWQscl,2026-01-24 12:01:54,2026-01-24,/home/emilio/Documentos/Naucalpan_Semanal_Reportes/Periodico/Enero_Mayo/2026-01-16_al_2026-01-30/Facebook/2026-01-16_al_2026-01-30_Facebook/2026-01-16_al_2026-01-30_Facebook_posts.csv
2026-01-16,2026-01-16_al_2026-01-30_Facebook,gobierno_naucalpan,Gobierno de Naucalpan,facebook,Facebook,post_facebook,ciudadnaucalpan,Ciudad Naucalpan / Gobierno Municipal 2025-2027.,,"Desde el Gobierno de Ciudad Naucalpan te invitamos a aprovechar los descuentos vigentes en el pago del Predial y Agua 2026. 💳🏡 Contribuir a tiempo fortalece los servicios públicos y permite seguir invirtiendo en obras y bienestar para nuestras comunidades. 📍 Consulta en la imagen los descuentos, sedes de pago, horarios y la opción de pago en línea. Seguimos trabajando con responsabilidad, transparencia y cercanía para todas y todos. #AquiGobiernaLaEsperanza #Naucalpan #Predial2026 #TesoreriaMunicipal","Desde el Gobierno de Ciudad Naucalpan te invitamos a aprovechar los descuentos vigentes en el pago del Predial y Agua 2026. 💳🏡 Contribuir a tiempo fortalece los servicios públicos y permite seguir invirtiendo en obras y bienestar para nuestras comunidades. 📍 Consulta en la imagen los descuentos, sedes de pago, horarios y la opción de pago en línea. Seguimos trabajando con responsabilidad, transparencia y cercanía para todas y todos. #AquiGobiernaLaEsperanza #Naucalpan #Predial2026 #TesoreriaMunicipal",https://www.facebook.com/CiudadNaucalpan/posts/pfbid026HnDziF4FkXGWBJ61dyqJyVFwKvpCbNgR65p1hWfhacgEMyiPgPK8Hugw6ibTLXNl,https://www.facebook.com/CiudadNaucalpan/posts/pfbid026HnDziF4FkXGWBJ61dyqJyVFwKvpCbNgR65p1hWfhacgEMyiPgPK8Hugw6ibTLXNl,2026-01-24 09:01:48,2026-01-24,/home/emilio/Documentos/Naucalpan_Semanal_Reportes/Periodico/Enero_Mayo/2026-01-16_al_2026-01-30/Facebook/2026-01-16_al_2026-01-30_Facebook/2026-01-16_al_2026-01-30_Facebook_posts.csv
2026-01-16,2026-01-16_al_2026-01-30_Facebook,gobierno_naucalpan,Gobierno de Naucalpan,facebook,Facebook,post_facebook,ciudadnaucalpan,Ciudad Naucalpan / Gobierno Municipal 2025-2027.,,"Guía Ciudadana para el Pago del Impuesto Predial 2026🧾🏠 Tu predial se transforma en obras, servicios y mejores espacios para nuestra comunidad. 💻 Pago en línea: 👉 https://f.mtr.cool/ihkpzjabya #AquiGobiernaLaEsperanza #Naucalpan #Predial2026 #TesoreriaMunicipal","Guía Ciudadana para el Pago del Impuesto Predial 2026🧾🏠 Tu predial se transforma en obras, servicios y mejores espacios para nuestra comunidad. 💻 Pago en línea: 👉 https://f.mtr.cool/ihkpzjabya #AquiGobiernaLaEsperanza #Naucalpan #Predial2026 #TesoreriaMunicipal",https://www.facebook.com/reel/1388214415683565/,https://www.facebook.com/reel/1388214415683565/,2026-01-24 08:33:01,2026-01-24,/home/emilio/Documentos/Naucalpan_Semanal_Reportes/Periodico/Enero_Mayo/2026-01-16_al_2026-01-30/Facebook/2026-01-16_al_2026-01-30_Facebook/2026-01-16_al_2026-01-30_Facebook_posts.csv
2026-01-16,2026-01-16_al_2026-01-30_Facebook,gobierno_naucalpan,Gobierno de Naucalpan,facebook,Facebook,post_facebook,ciudadnaucalpan,Ciudad Naucalpan / Gobierno Municipal 2025-2027.,,"Círculo Juvenil Literario y de Cine “La Cuarta Dimensión”📚🎬 El Gobierno de Ciudad Naucalpan, a través de la Dirección de Bienestar e Inclusión Social y el Instituto de las Juventudes Naucalpenses, impulsa este espacio de reflexión, participación y diversión dirigido a las juventudes, donde la literatura y el cine se convierten en herramientas para el diálogo y el pensamiento crítico. 🗓 22 y 29 de enero | 5 y 9 de febrero ⏰ 10:30 a 12:30 horas 📍 Oficinas del Instituto de las Juventudes Naucalpenses Av. Universidad S/N, Las Américas, Naucalpan de Juárez. 📞 Informes: 55 7814 4783 ✉️ belem.hernandez@naucalpan.gob.mx #AquiGobiernaLaEsperanza #Naucalpan #BienestarEInclusiónSocial","Círculo Juvenil Literario y de Cine “La Cuarta Dimensión”📚🎬 El Gobierno de Ciudad Naucalpan, a través de la Dirección de Bienestar e Inclusión Social y el Instituto de las Juventudes Naucalpenses, impulsa este espacio de reflexión, participación y diversión dirigido a las juventudes, donde la literatura y el cine se convierten en herramientas para el diálogo y el pensamiento crítico. 🗓 22 y 29 de enero | 5 y 9 de febrero ⏰ 10:30 a 12:30 horas 📍 Oficinas del Instituto de las Juventudes Naucalpenses Av. Universidad S/N, Las Américas, Naucalpan de Juárez. 📞 Informes: 55 7814 4783 ✉️ belem.hernandez@naucalpan.gob.mx #AquiGobiernaLaEsperanza #Naucalpan #BienestarEInclusiónSocial",https://www.facebook.com/CiudadNaucalpan/posts/pfbid0eYDtm2VFse335osCXpYUFJSyq4y9eqr6s7LMfkmE3B8ggGsqGTyy691jWXbyFCLMl,https://www.facebook.com/CiudadNaucalpan/posts/pfbid0eYDtm2VFse335osCXpYUFJSyq4y9eqr6s7LMfkmE3B8ggGsqGTyy691jWXbyFCLMl,2026-01-24 08:01:36,2026-01-24,/home/emilio/Documentos/Naucalpan_Semanal_Reportes/Periodico/Enero_Mayo/2026-01-16_al_2026-01-30/Facebook/2026-01-16_al_2026-01-30_Facebook/2026-01-16_al_2026-01-30_Facebook_posts.csv
2026-01-16,2026-01-16_al_2026-01-30_Facebook,gobierno_naucalpan,Gobierno de Naucalpan,facebook,Facebook,post_facebook,ciudadnaucalpan,Ciudad Naucalpan / Gobierno Municipal 2025-2027.,,¿Sabías qué? ⚽🌍 El Estadio Azteca es el único estadio en el mundo donde se han jugado dos finales de la Copa del Mundo. #AquiGobiernaLaEsperanza #HuellasDelMundial #Naucalpan,¿Sabías qué? ⚽🌍 El Estadio Azteca es el único estadio en el mundo donde se han jugado dos finales de la Copa del Mundo. #AquiGobiernaLaEsperanza #HuellasDelMundial #Naucalpan,https://www.facebook.com/CiudadNaucalpan/posts/pfbid02qzDfJnjj66X2eMekMfLTLF812NY9cCgEckCrjujhrb3V86G2hko2phj1eU3Xk1iEl,https://www.facebook.com/CiudadNaucalpan/posts/pfbid02qzDfJnjj66X2eMekMfLTLF812NY9cCgEckCrjujhrb3V86G2hko2phj1eU3Xk1iEl,2026-01-24 07:02:13,2026-01-24,/home/emilio/Documentos/Naucalpan_Semanal_Reportes/Periodico/Enero_Mayo/2026-01-16_al_2026-01-30/Facebook/2026-01-16_al_2026-01-30_Facebook/2026-01-16_al_2026-01-30_Facebook_posts.csv
2026-01-16,2026-01-16_al_2026-01-30_Facebook,gobierno_naucalpan,Gobierno de Naucalpan,facebook,Facebook,post_facebook,guardiamunicipalciudadnaucalpan,Guardia Municipal Ciudad Naucalpan,,"Persona detenida por presunto robo a transeúnte en la Primero de Mayo 🚨 Elementos de la Guardia Municipal atendieron un reporte ciudadano durante recorrido de vigilancia, donde transeúntes señalaban a un hombre por presuntamente haber despojado de sus pertenencias a varias personas, a quienes amedrentaba con una réplica de arma de fuego. Tras la intervención conforme a los protocolos de actuación, se aseguró al masculino, así como una réplica de arma de fuego y una motocicleta relacionada con los hechos. La parte afectada acompañó como acusadora, y el detenido fue puesto a disposición de la Fiscalía Regional de Naucalpan, donde se determinará su situación jurídica. La Guardia Municipal refrenda su compromiso de atender oportunamente los reportes ciudadanos y salvaguardar la integridad y el patrimonio de las y los naucalpenses. #AquiGobiernaLaEsperanza #GuardiaMunicipal #Naucalpan #Seguridad","Persona detenida por presunto robo a transeúnte en la Primero de Mayo 🚨 Elementos de la Guardia Municipal atendieron un reporte ciudadano durante recorrido de vigilancia, donde transeúntes señalaban a un hombre por presuntamente haber despojado de sus pertenencias a varias personas, a quienes amedrentaba con una réplica de arma de fuego. Tras la intervención conforme a los protocolos de actuación, se aseguró al masculino, así como una réplica de arma de fuego y una motocicleta relacionada con los hechos. La parte afectada acompañó como acusadora, y el detenido fue puesto a disposición de la Fiscalía Regional de Naucalpan, donde se determinará su situación jurídica. La Guardia Municipal refrenda su compromiso de atender oportunamente los reportes ciudadanos y salvaguardar la integridad y el patrimonio de las y los naucalpenses. #AquiGobiernaLaEsperanza #GuardiaMunicipal #Naucalpan #Seguridad",https://www.facebook.com/GuardiaMunicipalCiudadNaucalpan/posts/pfbid02CijSqb2JoCyfWnhynPGfY1si3o7JvGJfzJQMWfMZFKC7ffV8kQp63onMPwRkGX51l,https://www.facebook.com/GuardiaMunicipalCiudadNaucalpan/posts/pfbid02CijSqb2JoCyfWnhynPGfY1si3o7JvGJfzJQMWfMZFKC7ffV8kQp63onMPwRkGX51l,2026-01-24 13:30:45,2026-01-24,/home/emilio/Documentos/Naucalpan_Semanal_Reportes/Periodico/Enero_Mayo/2026-01-16_al_2026-01-30/Facebook/2026-01-16_al_2026-01-30_Facebook/2026-01-16_al_2026-01-30_Facebook_posts.csv
2026-01-16,2026-01-16_al_2026-01-30_Twitter,gobierno_naucalpan,Gobierno de Naucalpan,twitter,Twitter/X,tweet,@GobNau,@GobNau,,"Memorias de cálculo para la COI y el Impuesto Ecológico por Emisiones en el Edoméx Consulta en las imágenes toda la información sobre fechas, horarios, sede, temario e inscripciones. #AquiGobiernaLaEsperanza #Naucalpan #DesarrolloEconomico","Memorias de cálculo para la COI y el Impuesto Ecológico por Emisiones en el Edoméx Consulta en las imágenes toda la información sobre fechas, horarios, sede, temario e inscripciones. #AquiGobiernaLaEsperanza #Naucalpan #DesarrolloEconomico",https://x.com/GobNau/status/2015153168368230886,https://x.com/GobNau/status/2015153168368230886,2026-01-24 20:02:09+00:00,2026-01-24,/home/emilio/Documentos/Naucalpan_Semanal_Reportes/Periodico/Enero_Mayo/2026-01-16_al_2026-01-30/Twitter/2026-01-16_al_2026-01-30_Twitter/2026-01-16_al_2026-01-30_Twitter_post_institucionales.csv
2026-01-16,2026-01-16_al_2026-01-30_Twitter,gobierno_naucalpan,Gobierno de Naucalpan,twitter,Twitter/X,tweet,@GobNau,@GobNau,,Desde el Gobierno de Ciudad Naucalpan te invitamos a aprovechar los descuentos vigentes en el pago del Predial y Agua 2026. #AquiGobiernaLaEsperanza #Naucalpan #Predial2026 #TesoreriaMunicipal,Desde el Gobierno de Ciudad Naucalpan te invitamos a aprovechar los descuentos vigentes en el pago del Predial y Agua 2026. #AquiGobiernaLaEsperanza #Naucalpan #Predial2026 #TesoreriaMunicipal,https://x.com/GobNau/status/2015077772926820379,https://x.com/GobNau/status/2015077772926820379,2026-01-24 15:02:34+00:00,2026-01-24,/home/emilio/Documentos/Naucalpan_Semanal_Reportes/Periodico/Enero_Mayo/2026-01-16_al_2026-01-30/Twitter/2026-01-16_al_2026-01-30_Twitter/2026-01-16_al_2026-01-30_Twitter_post_institucionales.csv
2026-01-16,2026-01-16_al_2026-01-30_Twitter,gobierno_naucalpan,Gobierno de Naucalpan,twitter,Twitter/X,tweet,@GobNau,@GobNau,,"Guía Ciudadana para el Pago del Impuesto Predial 2026 Tu predial se transforma en obras, servicios y mejores espacios para nuestra comunidad. Pago en línea: https://f.mtr.cool/ihkpzjabya #AquiGobiernaLaEsperanza #Naucalpan #Predial2026 #TesoreriaMunicipal","Guía Ciudadana para el Pago del Impuesto Predial 2026 Tu predial se transforma en obras, servicios y mejores espacios para nuestra comunidad. Pago en línea: https://f.mtr.cool/ihkpzjabya #AquiGobiernaLaEsperanza #Naucalpan #Predial2026 #TesoreriaMunicipal",https://x.com/GobNau/status/2015070157773643968,https://x.com/GobNau/status/2015070157773643968,2026-01-24 14:32:18+00:00,2026-01-24,/home/emilio/Documentos/Naucalpan_Semanal_Reportes/Periodico/Enero_Mayo/2026-01-16_al_2026-01-30/Twitter/2026-01-16_al_2026-01-30_Twitter/2026-01-16_al_2026-01-30_Twitter_post_institucionales.csv
2026-01-16,2026-01-16_al_2026-01-30_Facebook,gobierno_naucalpan,Gobierno de Naucalpan,facebook,Facebook,post_facebook,ciudadnaucalpan,Ciudad Naucalpan / Gobierno Municipal 2025-2027.,,"El Gobierno de Ciudad Naucalpan invita a las vecinas y vecinos a participar en la Jornada de Vacunación y Esterilización Quirúrgica de perros y gatos. 🐶🐱 Esta acción se realiza en coordinación con el Gobierno del Estado de México, la Secretaría de Bienestar, la Secretaría de Salud y el ISEM, a través de la Dirección de Medio Ambiente y la Dirección de Bienestar e Inclusión Social, como parte de la estrategia de prevención, bienestar animal y salud pública. 📅 Viernes 30 de enero ⏰ Desde las 9:00 horas 📍 Las Huertas 3ª Sección, Naucalpan 👉 Consulta en las imágenes los requisitos, indicaciones y detalles de atención. #AquiGobiernaLaEsperanza #Naucalpan #BienestarAnimal","El Gobierno de Ciudad Naucalpan invita a las vecinas y vecinos a participar en la Jornada de Vacunación y Esterilización Quirúrgica de perros y gatos. 🐶🐱 Esta acción se realiza en coordinación con el Gobierno del Estado de México, la Secretaría de Bienestar, la Secretaría de Salud y el ISEM, a través de la Dirección de Medio Ambiente y la Dirección de Bienestar e Inclusión Social, como parte de la estrategia de prevención, bienestar animal y salud pública. 📅 Viernes 30 de enero ⏰ Desde las 9:00 horas 📍 Las Huertas 3ª Sección, Naucalpan 👉 Consulta en las imágenes los requisitos, indicaciones y detalles de atención. #AquiGobiernaLaEsperanza #Naucalpan #BienestarAnimal",https://www.facebook.com/CiudadNaucalpan/posts/pfbid02VQ1MmrMHCvrKe7b3d3oM5hpYaAvYsacV8ee8ARb6EAo75hjHQCj3YAoD4RVXNc7pl,https://www.facebook.com/CiudadNaucalpan/posts/pfbid02VQ1MmrMHCvrKe7b3d3oM5hpYaAvYsacV8ee8ARb6EAo75hjHQCj3YAoD4RVXNc7pl,2026-01-23 20:01:37,2026-01-23,/home/emilio/Documentos/Naucalpan_Semanal_Reportes/Periodico/Enero_Mayo/2026-01-16_al_2026-01-30/Facebook/2026-01-16_al_2026-01-30_Facebook/2026-01-16_al_2026-01-30_Facebook_posts.csv
2026-01-16,2026-01-16_al_2026-01-30_Facebook,gobierno_naucalpan,Gobierno de Naucalpan,facebook,Facebook,post_facebook,ciudadnaucalpan,Ciudad Naucalpan / Gobierno Municipal 2025-2027.,,"El Gobierno de Ciudad Naucalpan, encabezado por el Presidente Municipal Isaac Montoya, inició en Las Huertas Primera Sección los trabajos de rehabilitación y equipamiento del rebombeo del tanque y pozo Loma Colorada, como parte del plan integral para fortalecer la infraestructura hídrica del municipio. En el lugar también se realizó la Mesa de Paz. Esta obra, que no había recibido mantenimiento por más de 20 años, cuenta con una inversión superior a 3.9 millones de pesos, proveniente de un esquema de coordinación entre el Gobierno Federal y el Gobierno Municipal, a través del Programa PRODDER 2025. Los trabajos contemplan la modernización del sistema de bombeo, la sustitución de equipos electromecánicos y la recuperación del tanque de almacenamiento, acciones que permitirán mejorar la distribución del agua, reducir los tandeos y disminuir la dependencia del Sistema Cutzamala, en beneficio de más de 16 mil habitantes de Loma Colorada, Las Huertas y colonias aledañas. Las acciones se realizan de manera coordinada con OAPAS Naucalpan, así como con la CONAGUA, el OCAVAM y la CAEM, con el respaldo de los gobiernos estatal y federal, priorizando obras de impacto directo para las comunidades. Desde el Gobierno de Ciudad Naucalpan, se destinan los recursos públicos a infraestructura estratégica, seguridad y bienestar, con un enfoque de atención territorial y resultados a largo plazo. #AquiGobiernaLaEsperanza #Naucalpan #MesaDePaz","El Gobierno de Ciudad Naucalpan, encabezado por el Presidente Municipal Isaac Montoya, inició en Las Huertas Primera Sección los trabajos de rehabilitación y equipamiento del rebombeo del tanque y pozo Loma Colorada, como parte del plan integral para fortalecer la infraestructura hídrica del municipio. En el lugar también se realizó la Mesa de Paz. Esta obra, que no había recibido mantenimiento por más de 20 años, cuenta con una inversión superior a 3.9 millones de pesos, proveniente de un esquema de coordinación entre el Gobierno Federal y el Gobierno Municipal, a través del Programa PRODDER 2025. Los trabajos contemplan la modernización del sistema de bombeo, la sustitución de equipos electromecánicos y la recuperación del tanque de almacenamiento, acciones que permitirán mejorar la distribución del agua, reducir los tandeos y disminuir la dependencia del Sistema Cutzamala, en beneficio de más de 16 mil habitantes de Loma Colorada, Las Huertas y colonias aledañas. Las acciones se realizan de manera coordinada con OAPAS Naucalpan, así como con la CONAGUA, el OCAVAM y la CAEM, con el respaldo de los gobiernos estatal y federal, priorizando obras de impacto directo para las comunidades. Desde el Gobierno de Ciudad Naucalpan, se destinan los recursos públicos a infraestructura estratégica, seguridad y bienestar, con un enfoque de atención territorial y resultados a largo plazo. #AquiGobiernaLaEsperanza #Naucalpan #MesaDePaz",https://www.facebook.com/CiudadNaucalpan/posts/pfbid0S1yXg3rtNnffcKNEKCxACYrUN1KxBY2e1BPeR7rfZgGARrwCvkBdT8AdDAmx8oeZl,https://www.facebook.com/CiudadNaucalpan/posts/pfbid0S1yXg3rtNnffcKNEKCxACYrUN1KxBY2e1BPeR7rfZgGARrwCvkBdT8AdDAmx8oeZl,2026-01-23 19:21:44,2026-01-23,/home/emilio/Documentos/Naucalpan_Semanal_Reportes/Periodico/Enero_Mayo/2026-01-16_al_2026-01-30/Facebook/2026-01-16_al_2026-01-30_Facebook/2026-01-16_al_2026-01-30_Facebook_posts.csv
2026-01-16,2026-01-16_al_2026-01-30_Facebook,gobierno_naucalpan,Gobierno de Naucalpan,facebook,Facebook,post_facebook,ciudadnaucalpan,Ciudad Naucalpan / Gobierno Municipal 2025-2027.,,"Predial 2026 en Ciudad Naucalpan🏘️ Conoce las bonificaciones y estímulos vigentes para el pago del impuesto predial 2026, así como los beneficios para contribuyentes cumplidos. 👉 Para más detalles, consulta las imágenes. #AquiGobiernaLaEsperanza #Naucalpan #Predial2026 #TesoreriaMunicipal","Predial 2026 en Ciudad Naucalpan🏘️ Conoce las bonificaciones y estímulos vigentes para el pago del impuesto predial 2026, así como los beneficios para contribuyentes cumplidos. 👉 Para más detalles, consulta las imágenes. #AquiGobiernaLaEsperanza #Naucalpan #Predial2026 #TesoreriaMunicipal",https://www.facebook.com/CiudadNaucalpan/posts/pfbid02524dAgA5mGifNC6QiJJxgLdz8TNzLn9AyuWguhABmDepVJr6H9aDJMmFNvJ6vtjcl,https://www.facebook.com/CiudadNaucalpan/posts/pfbid02524dAgA5mGifNC6QiJJxgLdz8TNzLn9AyuWguhABmDepVJr6H9aDJMmFNvJ6vtjcl,2026-01-23 15:01:45,2026-01-23,/home/emilio/Documentos/Naucalpan_Semanal_Reportes/Periodico/Enero_Mayo/2026-01-16_al_2026-01-30/Facebook/2026-01-16_al_2026-01-30_Facebook/2026-01-16_al_2026-01-30_Facebook_posts.csv
2026-01-16,2026-01-16_al_2026-01-30_Facebook,gobierno_naucalpan,Gobierno de Naucalpan,facebook,Facebook,post_facebook,ciudadnaucalpan,Ciudad Naucalpan / Gobierno Municipal 2025-2027.,,"El Gobierno de Ciudad Naucalpan, a través de los OASYS, llevó a cabo trabajos de bacheo en la calle Hacienda de San Nicolás Tolentino, en la colonia Hacienda de Echegaray, atendiendo una vialidad que por años presentó deterioro sin recibir mantenimiento.🚧 Se aplicaron 13 toneladas de mezcla asfáltica, utilizando herramientas manuales y maquinaria especializada para la nivelación y compactación del área afectada, mejorando las condiciones de la carpeta asfáltica. Seguimos trabajando en territorio para atender vialidades prioritarias y construir un Naucalpan más seguro, funcional y digno para todas y todos.🤝 #AquiGobiernaLaEsperanza #Naucalpan #OASYS","El Gobierno de Ciudad Naucalpan, a través de los OASYS, llevó a cabo trabajos de bacheo en la calle Hacienda de San Nicolás Tolentino, en la colonia Hacienda de Echegaray, atendiendo una vialidad que por años presentó deterioro sin recibir mantenimiento.🚧 Se aplicaron 13 toneladas de mezcla asfáltica, utilizando herramientas manuales y maquinaria especializada para la nivelación y compactación del área afectada, mejorando las condiciones de la carpeta asfáltica. Seguimos trabajando en territorio para atender vialidades prioritarias y construir un Naucalpan más seguro, funcional y digno para todas y todos.🤝 #AquiGobiernaLaEsperanza #Naucalpan #OASYS",https://www.facebook.com/reel/1226211056156187/,https://www.facebook.com/reel/1226211056156187/,2026-01-23 12:03:20,2026-01-23,/home/emilio/Documentos/Naucalpan_Semanal_Reportes/Periodico/Enero_Mayo/2026-01-16_al_2026-01-30/Facebook/2026-01-16_al_2026-01-30_Facebook/2026-01-16_al_2026-01-30_Facebook_posts.csv
2026-01-16,2026-01-16_al_2026-01-30_Facebook,gobierno_naucalpan,Gobierno de Naucalpan,facebook,Facebook,post_facebook,ciudadnaucalpan,Ciudad Naucalpan / Gobierno Municipal 2025-2027.,,"El Gobierno de Ciudad Naucalpan invita a la Clase de Box, una actividad gratuita para promover la activación física y el bienestar de las juventudes.🥊 🗓️ Sábado 24 de enero ⏰ 10:00 a 11:00 horas 📍 6 de enero L15M1, La Punta de Valle Dorado, 53716, Naucalpan de Juárez Esta actividad se realiza en coordinación con IMCUFIDEN, la Dirección de Bienestar e Inclusión Social y el programa Jóvenes Construyendo el Futuro.✨ Seguimos impulsando espacios que fortalecen la salud, la convivencia y el desarrollo de las y los jóvenes naucalpenses. #AquiGobiernaLaEsperanza #Naucalpan #Deporte #Juventudes #Bienestar","El Gobierno de Ciudad Naucalpan invita a la Clase de Box, una actividad gratuita para promover la activación física y el bienestar de las juventudes.🥊 🗓️ Sábado 24 de enero ⏰ 10:00 a 11:00 horas 📍 6 de enero L15M1, La Punta de Valle Dorado, 53716, Naucalpan de Juárez Esta actividad se realiza en coordinación con IMCUFIDEN, la Dirección de Bienestar e Inclusión Social y el programa Jóvenes Construyendo el Futuro.✨ Seguimos impulsando espacios que fortalecen la salud, la convivencia y el desarrollo de las y los jóvenes naucalpenses. #AquiGobiernaLaEsperanza #Naucalpan #Deporte #Juventudes #Bienestar",https://www.facebook.com/CiudadNaucalpan/posts/pfbid0vg9sPtZp12Fg4DxCUBEQgTrWFiBEiUsT1YTdYNJrXYnYwp8ZGDJ5ekuTm5gr3nz7l,https://www.facebook.com/CiudadNaucalpan/posts/pfbid0vg9sPtZp12Fg4DxCUBEQgTrWFiBEiUsT1YTdYNJrXYnYwp8ZGDJ5ekuTm5gr3nz7l,2026-01-23 10:30:39,2026-01-23,/home/emilio/Documentos/Naucalpan_Semanal_Reportes/Periodico/Enero_Mayo/2026-01-16_al_2026-01-30/Facebook/2026-01-16_al_2026-01-30_Facebook/2026-01-16_al_2026-01-30_Facebook_posts.csv
2026-01-16,2026-01-16_al_2026-01-30_Facebook,gobierno_naucalpan,Gobierno de Naucalpan,facebook,Facebook,post_facebook,ciudadnaucalpan,Ciudad Naucalpan / Gobierno Municipal 2025-2027.,,"Desde el Gobierno de Ciudad Naucalpan te invitamos a aprovechar los descuentos vigentes en el pago del Predial y Agua 2026. 💳🏡 Contribuir a tiempo fortalece los servicios públicos y permite seguir invirtiendo en obras y bienestar para nuestras comunidades. 📍 Consulta en la imagen los descuentos, sedes de pago, horarios y la opción de pago en línea. 💻 Pago en línea: 👉 https://f.mtr.cool/otrnpsbzrz Seguimos trabajando con responsabilidad, transparencia y cercanía para todas y todos. #AquiGobiernaLaEsperanza #Naucalpan #Predial2026 #TesoreriaMunicipal","Desde el Gobierno de Ciudad Naucalpan te invitamos a aprovechar los descuentos vigentes en el pago del Predial y Agua 2026. 💳🏡 Contribuir a tiempo fortalece los servicios públicos y permite seguir invirtiendo en obras y bienestar para nuestras comunidades. 📍 Consulta en la imagen los descuentos, sedes de pago, horarios y la opción de pago en línea. 💻 Pago en línea: 👉 https://f.mtr.cool/otrnpsbzrz Seguimos trabajando con responsabilidad, transparencia y cercanía para todas y todos. #AquiGobiernaLaEsperanza #Naucalpan #Predial2026 #TesoreriaMunicipal",https://www.facebook.com/CiudadNaucalpan/posts/pfbid0Z64RYJXiEwNTtnBiFupVRS5cfJPVUw7qCQUzFupsc9YrBehyvbA7CgdvwQwwd7Ual,https://www.facebook.com/CiudadNaucalpan/posts/pfbid0Z64RYJXiEwNTtnBiFupVRS5cfJPVUw7qCQUzFupsc9YrBehyvbA7CgdvwQwwd7Ual,2026-01-23 09:02:48,2026-01-23,/home/emilio/Documentos/Naucalpan_Semanal_Reportes/Periodico/Enero_Mayo/2026-01-16_al_2026-01-30/Facebook/2026-01-16_al_2026-01-30_Facebook/2026-01-16_al_2026-01-30_Facebook_posts.csv
2026-01-16,2026-01-16_al_2026-01-30_Facebook,gobierno_naucalpan,Gobierno de Naucalpan,facebook,Facebook,post_facebook,ciudadnaucalpan,Ciudad Naucalpan / Gobierno Municipal 2025-2027.,,¿Sabías qué? ⚽🌍 El famoso “Partido del Siglo” se jugó en el Estadio Azteca. #AquiGobiernaLaEsperanza #HuellasDelMundial #Naucalpan,¿Sabías qué? ⚽🌍 El famoso “Partido del Siglo” se jugó en el Estadio Azteca. #AquiGobiernaLaEsperanza #HuellasDelMundial #Naucalpan,https://www.facebook.com/CiudadNaucalpan/posts/pfbid02EfyzokgbX2r3zNCLyMEooqsNVe4YxHtaCSz1eM1Ew7nuQjJdcqZPpoCZSrDquoJyl,https://www.facebook.com/CiudadNaucalpan/posts/pfbid02EfyzokgbX2r3zNCLyMEooqsNVe4YxHtaCSz1eM1Ew7nuQjJdcqZPpoCZSrDquoJyl,2026-01-23 07:03:32,2026-01-23,/home/emilio/Documentos/Naucalpan_Semanal_Reportes/Periodico/Enero_Mayo/2026-01-16_al_2026-01-30/Facebook/2026-01-16_al_2026-01-30_Facebook/2026-01-16_al_2026-01-30_Facebook_posts.csv
2026-01-16,2026-01-16_al_2026-01-30_Facebook,gobierno_naucalpan,Gobierno de Naucalpan,facebook,Facebook,post_facebook,guardiamunicipalciudadnaucalpan,Guardia Municipal Ciudad Naucalpan,,"El Gobierno de Ciudad Naucalpan, a través de la Guardia Municipal, refuerza la prevención y la seguridad vial para motociclistas. 🏍️ El uso de casco es obligatorio, debe ser certificado y correctamente abrochado, tanto para el conductor como para el acompañante, conforme al Reglamento de Tránsito del Estado de México. Usar casco salva vidas y reduce el riesgo de lesiones graves. Trabajamos por una movilidad segura, con prevención y respeto a la ley. #AquiGobiernaLaEsperanza #Naucalpan #GuardiaMunicipal #SeguridadVial #MovilidadSegura","El Gobierno de Ciudad Naucalpan, a través de la Guardia Municipal, refuerza la prevención y la seguridad vial para motociclistas. 🏍️ El uso de casco es obligatorio, debe ser certificado y correctamente abrochado, tanto para el conductor como para el acompañante, conforme al Reglamento de Tránsito del Estado de México. Usar casco salva vidas y reduce el riesgo de lesiones graves. Trabajamos por una movilidad segura, con prevención y respeto a la ley. #AquiGobiernaLaEsperanza #Naucalpan #GuardiaMunicipal #SeguridadVial #MovilidadSegura",https://www.facebook.com/GuardiaMunicipalCiudadNaucalpan/posts/pfbid02j98as8AHNitKpXrf952BUTVBfbwSxtFGTBp99ZDU8rF1f3H8KtZjE91AVvvfY7e9l,https://www.facebook.com/GuardiaMunicipalCiudadNaucalpan/posts/pfbid02j98as8AHNitKpXrf952BUTVBfbwSxtFGTBp99ZDU8rF1f3H8KtZjE91AVvvfY7e9l,2026-01-23 15:02:25,2026-01-23,/home/emilio/Documentos/Naucalpan_Semanal_Reportes/Periodico/Enero_Mayo/2026-01-16_al_2026-01-30/Facebook/2026-01-16_al_2026-01-30_Facebook/2026-01-16_al_2026-01-30_Facebook_posts.csv
2026-01-16,2026-01-16_al_2026-01-30_Facebook,gobierno_naucalpan,Gobierno de Naucalpan,facebook,Facebook,post_facebook,guardiamunicipalciudadnaucalpan,Guardia Municipal Ciudad Naucalpan,,Naucalpan avanza en seguridad.🚨✅ Este resultado refleja el trabajo permanente en materia de seguridad y prevención en beneficio de las y los naucalpense. #AquiGobiernaLaEsperanza #Naucalpan #seguridad,Naucalpan avanza en seguridad.🚨✅ Este resultado refleja el trabajo permanente en materia de seguridad y prevención en beneficio de las y los naucalpense. #AquiGobiernaLaEsperanza #Naucalpan #seguridad,https://www.facebook.com/GuardiaMunicipalCiudadNaucalpan/posts/pfbid0Wg3znUxe5FT16f9UGwriq9h1TDqvbR94VwtTPcyhUMb76UJsmk64nPMzUpoDPk12l,https://www.facebook.com/GuardiaMunicipalCiudadNaucalpan/posts/pfbid0Wg3znUxe5FT16f9UGwriq9h1TDqvbR94VwtTPcyhUMb76UJsmk64nPMzUpoDPk12l,2026-01-23 14:29:25,2026-01-23,/home/emilio/Documentos/Naucalpan_Semanal_Reportes/Periodico/Enero_Mayo/2026-01-16_al_2026-01-30/Facebook/2026-01-16_al_2026-01-30_Facebook/2026-01-16_al_2026-01-30_Facebook_posts.csv
2026-01-16,2026-01-16_al_2026-01-30_Facebook,gobierno_naucalpan,Gobierno de Naucalpan,facebook,Facebook,post_facebook,ciudadnaucalpan,Ciudad Naucalpan / Gobierno Municipal 2025-2027.,,"El Gobierno de Ciudad Naucalpan, a través de los OASYS realizó trabajos de retiro de troncos, ramas y residuos en las calles Paseo de Francia y Paseo de Castilla, en Lomas Verdes, Tercera Sección. 🏘️ Con estas acciones se mejoran las condiciones de salud pública, se recupera el entorno urbano y se fortalece la imagen de la zona, priorizando el bienestar comunitario. Desde el Gobierno de Ciudad Naucalpan, encabezado por el Presidente Municipal Isaac Montoya, se continúa trabajando en territorio para atender problemáticas reales y mejorar la calidad de vida de las familias naucalpenses. 🤝 #AquiGobiernaLaEsperanza #Naucalpan #OASYS","El Gobierno de Ciudad Naucalpan, a través de los OASYS realizó trabajos de retiro de troncos, ramas y residuos en las calles Paseo de Francia y Paseo de Castilla, en Lomas Verdes, Tercera Sección. 🏘️ Con estas acciones se mejoran las condiciones de salud pública, se recupera el entorno urbano y se fortalece la imagen de la zona, priorizando el bienestar comunitario. Desde el Gobierno de Ciudad Naucalpan, encabezado por el Presidente Municipal Isaac Montoya, se continúa trabajando en territorio para atender problemáticas reales y mejorar la calidad de vida de las familias naucalpenses. 🤝 #AquiGobiernaLaEsperanza #Naucalpan #OASYS",https://www.facebook.com/reel/1399200231702365/,https://www.facebook.com/reel/1399200231702365/,2026-01-22 22:03:59,2026-01-22,/home/emilio/Documentos/Naucalpan_Semanal_Reportes/Periodico/Enero_Mayo/2026-01-16_al_2026-01-30/Facebook/2026-01-16_al_2026-01-30_Facebook/2026-01-16_al_2026-01-30_Facebook_posts.csv
2026-01-16,2026-01-16_al_2026-01-30_Facebook,gobierno_naucalpan,Gobierno de Naucalpan,facebook,Facebook,post_facebook,ciudadnaucalpan,Ciudad Naucalpan / Gobierno Municipal 2025-2027.,,"El Gobierno de Ciudad Naucalpan invita a las vecinas y vecinos a participar en la Jornada de Vacunación y Esterilización Quirúrgica de perros y gatos, en coordinación con el Gobierno del Estado de México, la Secretaría de Bienestar, la Secretaría de Salud y el ISEM, a través de la Dirección de Medio Ambiente y la Dirección de Bienestar e Inclusión Social. 🐶🐱 📅 Viernes 30 de enero ⏰ A partir de las 9:00 horas 📍 Calle Sandía 9, Las Huertas 3ra Sección, C.P. 53427, Naucalpan de Juárez Con trabajo interinstitucional e iniciativas preventivas, fortalecemos el bienestar animal, la salud pública y la convivencia responsable en nuestras comunidades. 👉 Consulta los requisitos. #AquiGobiernaLaEsperanza #Naucalpan #BienestarAnimal #Salud","El Gobierno de Ciudad Naucalpan invita a las vecinas y vecinos a participar en la Jornada de Vacunación y Esterilización Quirúrgica de perros y gatos, en coordinación con el Gobierno del Estado de México, la Secretaría de Bienestar, la Secretaría de Salud y el ISEM, a través de la Dirección de Medio Ambiente y la Dirección de Bienestar e Inclusión Social. 🐶🐱 📅 Viernes 30 de enero ⏰ A partir de las 9:00 horas 📍 Calle Sandía 9, Las Huertas 3ra Sección, C.P. 53427, Naucalpan de Juárez Con trabajo interinstitucional e iniciativas preventivas, fortalecemos el bienestar animal, la salud pública y la convivencia responsable en nuestras comunidades. 👉 Consulta los requisitos. #AquiGobiernaLaEsperanza #Naucalpan #BienestarAnimal #Salud",https://www.facebook.com/CiudadNaucalpan/posts/pfbid0rRZH2GNhk2vXNrbA7jGWXAJ4VQ8oyA1yJAcqMb4suo9snN57Uvoee54uD88eiwb7l,https://www.facebook.com/CiudadNaucalpan/posts/pfbid0rRZH2GNhk2vXNrbA7jGWXAJ4VQ8oyA1yJAcqMb4suo9snN57Uvoee54uD88eiwb7l,2026-01-22 21:54:19,2026-01-22,/home/emilio/Documentos/Naucalpan_Semanal_Reportes/Periodico/Enero_Mayo/2026-01-16_al_2026-01-30/Facebook/2026-01-16_al_2026-01-30_Facebook/2026-01-16_al_2026-01-30_Facebook_posts.csv
2026-01-16,2026-01-16_al_2026-01-30_Facebook,gobierno_naucalpan,Gobierno de Naucalpan,facebook,Facebook,post_facebook,ciudadnaucalpan,Ciudad Naucalpan / Gobierno Municipal 2025-2027.,,"El Gobierno de Ciudad Naucalpan invita a la Clase de Box, una actividad gratuita para promover la activación física y el bienestar de las juventudes.🥊 🗓️ Sábado 24 de enero ⏰ 10:00 a 11:00 horas 📍 6 de enero L15M1, La Punta de Valle Dorado, 53716, Naucalpan de Juárez Esta actividad se realiza en coordinación con IMCUFIDEN, la Dirección de Bienestar e Inclusión Social y el programa Jóvenes Construyendo el Futuro.✨ Seguimos impulsando espacios que fortalecen la salud, la convivencia y el desarrollo de las y los jóvenes naucalpenses. #AquiGobiernaLaEsperanza #Naucalpan #Deporte #Juventudes #Bienestar","El Gobierno de Ciudad Naucalpan invita a la Clase de Box, una actividad gratuita para promover la activación física y el bienestar de las juventudes.🥊 🗓️ Sábado 24 de enero ⏰ 10:00 a 11:00 horas 📍 6 de enero L15M1, La Punta de Valle Dorado, 53716, Naucalpan de Juárez Esta actividad se realiza en coordinación con IMCUFIDEN, la Dirección de Bienestar e Inclusión Social y el programa Jóvenes Construyendo el Futuro.✨ Seguimos impulsando espacios que fortalecen la salud, la convivencia y el desarrollo de las y los jóvenes naucalpenses. #AquiGobiernaLaEsperanza #Naucalpan #Deporte #Juventudes #Bienestar",https://www.facebook.com/CiudadNaucalpan/posts/pfbid02tavs1hup5S6XjpsqikUdHHG9bpKZNnNeDXd9ZoBryqsioXoVVCBcBGMttqhYuG2Ul,https://www.facebook.com/CiudadNaucalpan/posts/pfbid02tavs1hup5S6XjpsqikUdHHG9bpKZNnNeDXd9ZoBryqsioXoVVCBcBGMttqhYuG2Ul,2026-01-22 18:19:22,2026-01-22,/home/emilio/Documentos/Naucalpan_Semanal_Reportes/Periodico/Enero_Mayo/2026-01-16_al_2026-01-30/Facebook/2026-01-16_al_2026-01-30_Facebook/2026-01-16_al_2026-01-30_Facebook_posts.csv
2026-01-16,2026-01-16_al_2026-01-30_Facebook,gobierno_naucalpan,Gobierno de Naucalpan,facebook,Facebook,post_facebook,ciudadnaucalpan,Ciudad Naucalpan / Gobierno Municipal 2025-2027.,,"El Gobierno de Ciudad Naucalpan, a través del Instituto de las Mujeres Naucalpenses y la Igualdad Sustantiva, te invita a la conferencia “Violencia contra las mujeres: comprender, prevenir y acompañar”, un espacio de reflexión y sensibilización para fortalecer la prevención y el acompañamiento.💜 🗓️ 26 de enero ⏰ 9:00 a 14:00 horas 📍 Auditorio Municipal Benito Juárez Naucalpan Centro, Estado de México. 🎟️ Evento gratuito #AquiGobiernaLaEsperanza #Naucalpan #Mujeres","El Gobierno de Ciudad Naucalpan, a través del Instituto de las Mujeres Naucalpenses y la Igualdad Sustantiva, te invita a la conferencia “Violencia contra las mujeres: comprender, prevenir y acompañar”, un espacio de reflexión y sensibilización para fortalecer la prevención y el acompañamiento.💜 🗓️ 26 de enero ⏰ 9:00 a 14:00 horas 📍 Auditorio Municipal Benito Juárez Naucalpan Centro, Estado de México. 🎟️ Evento gratuito #AquiGobiernaLaEsperanza #Naucalpan #Mujeres",https://www.facebook.com/CiudadNaucalpan/posts/pfbid02Xgb34exaQZZY7hswgvkscLM8w5VLTuz9eDiBE46Njv8QgBREujnSQodRo2MSU36Fl,https://www.facebook.com/CiudadNaucalpan/posts/pfbid02Xgb34exaQZZY7hswgvkscLM8w5VLTuz9eDiBE46Njv8QgBREujnSQodRo2MSU36Fl,2026-01-22 17:02:08,2026-01-22,/home/emilio/Documentos/Naucalpan_Semanal_Reportes/Periodico/Enero_Mayo/2026-01-16_al_2026-01-30/Facebook/2026-01-16_al_2026-01-30_Facebook/2026-01-16_al_2026-01-30_Facebook_posts.csv
2026-01-16,2026-01-16_al_2026-01-30_Facebook,gobierno_naucalpan,Gobierno de Naucalpan,facebook,Facebook,post_facebook,ciudadnaucalpan,Ciudad Naucalpan / Gobierno Municipal 2025-2027.,,"El Gobierno de Ciudad Naucalpan, a través de la Dirección de Servicios Públicos, realizó la sexta jornada de recolección y disposición de neumáticos, como parte de las acciones permanentes para el cuidado del entorno y la salud pública.🚗 Se recolectaron 1,548 llantas, equivalentes a 9 toneladas, retirándolas de la vía pública y evitando focos de contaminación y riesgos sanitarios. Seguimos trabajando en territorio para mantener espacios limpios, ordenados y seguros en beneficio de las familias naucalpenses.🤝 #AquiGobiernaLaEsperanza #Naucalpan #ServiciosPublicos","El Gobierno de Ciudad Naucalpan, a través de la Dirección de Servicios Públicos, realizó la sexta jornada de recolección y disposición de neumáticos, como parte de las acciones permanentes para el cuidado del entorno y la salud pública.🚗 Se recolectaron 1,548 llantas, equivalentes a 9 toneladas, retirándolas de la vía pública y evitando focos de contaminación y riesgos sanitarios. Seguimos trabajando en territorio para mantener espacios limpios, ordenados y seguros en beneficio de las familias naucalpenses.🤝 #AquiGobiernaLaEsperanza #Naucalpan #ServiciosPublicos",https://www.facebook.com/reel/1389948432052356/,https://www.facebook.com/reel/1389948432052356/,2026-01-22 16:04:06,2026-01-22,/home/emilio/Documentos/Naucalpan_Semanal_Reportes/Periodico/Enero_Mayo/2026-01-16_al_2026-01-30/Facebook/2026-01-16_al_2026-01-30_Facebook/2026-01-16_al_2026-01-30_Facebook_posts.csv
2026-01-16,2026-01-16_al_2026-01-30_Facebook,gobierno_naucalpan,Gobierno de Naucalpan,facebook,Facebook,post_facebook,ciudadnaucalpan,Ciudad Naucalpan / Gobierno Municipal 2025-2027.,,"Taller de Elaboración de Joyería Fina 💍✨ El Gobierno de Ciudad Naucalpan, a través del Instituto de las Mujeres Naucalpenses y la Igualdad Sustantiva (IMNIS), invita a participar en este taller práctico para aprender técnicas de joyería fina y fortalecer habilidades creativas. 🗓 Jueves 29 de enero ⏰ 10:00 a 11:30 horas 📍 Oficinas del IMNIS Av. Juárez No. 39, Fracc. El Mirador, Naucalpan de Juárez. 📞 Informes: 55 8789 5483 #AquiGobiernaLaEsperanza #Naucalpan #IMNIS","Taller de Elaboración de Joyería Fina 💍✨ El Gobierno de Ciudad Naucalpan, a través del Instituto de las Mujeres Naucalpenses y la Igualdad Sustantiva (IMNIS), invita a participar en este taller práctico para aprender técnicas de joyería fina y fortalecer habilidades creativas. 🗓 Jueves 29 de enero ⏰ 10:00 a 11:30 horas 📍 Oficinas del IMNIS Av. Juárez No. 39, Fracc. El Mirador, Naucalpan de Juárez. 📞 Informes: 55 8789 5483 #AquiGobiernaLaEsperanza #Naucalpan #IMNIS",https://www.facebook.com/CiudadNaucalpan/posts/pfbid0m2D15cNBvnNjuURTrA1bYL4kzdH3id1B8Ct6qL5cGMPzGX9JNtu7hS9SZjEurU2l,https://www.facebook.com/CiudadNaucalpan/posts/pfbid0m2D15cNBvnNjuURTrA1bYL4kzdH3id1B8Ct6qL5cGMPzGX9JNtu7hS9SZjEurU2l,2026-01-22 15:01:39,2026-01-22,/home/emilio/Documentos/Naucalpan_Semanal_Reportes/Periodico/Enero_Mayo/2026-01-16_al_2026-01-30/Facebook/2026-01-16_al_2026-01-30_Facebook/2026-01-16_al_2026-01-30_Facebook_posts.csv
2026-01-16,2026-01-16_al_2026-01-30_Facebook,gobierno_naucalpan,Gobierno de Naucalpan,facebook,Facebook,post_facebook,ciudadnaucalpan,Ciudad Naucalpan / Gobierno Municipal 2025-2027.,,"Taller de Elaboración de Jabones Artesanales 🧼💜 El Gobierno de Ciudad Naucalpan, a través del Instituto de las Mujeres Naucalpenses y la Igualdad Sustantiva (IMNIS), invita a participar en este taller práctico para aprender técnicas de elaboración artesanal y fortalecer habilidades productivas. 🗓 Jueves 29 de enero ⏰ 12:00 a 13:00 horas 📍 Oficinas del IMNIS Av. Juárez No. 39, Fracc. El Mirador, Naucalpan de Juárez. 📞 Informes: 55 8789 5483 #AquiGobiernaLaEsperanza #Naucalpan #IMNIS #Taller","Taller de Elaboración de Jabones Artesanales 🧼💜 El Gobierno de Ciudad Naucalpan, a través del Instituto de las Mujeres Naucalpenses y la Igualdad Sustantiva (IMNIS), invita a participar en este taller práctico para aprender técnicas de elaboración artesanal y fortalecer habilidades productivas. 🗓 Jueves 29 de enero ⏰ 12:00 a 13:00 horas 📍 Oficinas del IMNIS Av. Juárez No. 39, Fracc. El Mirador, Naucalpan de Juárez. 📞 Informes: 55 8789 5483 #AquiGobiernaLaEsperanza #Naucalpan #IMNIS #Taller",https://www.facebook.com/CiudadNaucalpan/posts/pfbid03M5vhvrNok5eb5mJK1csD3KYPCQUphpCKKogLmK9DiasGMMXnJpDnLUrFSrDtNDFl,https://www.facebook.com/CiudadNaucalpan/posts/pfbid03M5vhvrNok5eb5mJK1csD3KYPCQUphpCKKogLmK9DiasGMMXnJpDnLUrFSrDtNDFl,2026-01-22 14:02:07,2026-01-22,/home/emilio/Documentos/Naucalpan_Semanal_Reportes/Periodico/Enero_Mayo/2026-01-16_al_2026-01-30/Facebook/2026-01-16_al_2026-01-30_Facebook/2026-01-16_al_2026-01-30_Facebook_posts.csv
2026-01-16,2026-01-16_al_2026-01-30_Facebook,gobierno_naucalpan,Gobierno de Naucalpan,facebook,Facebook,post_facebook,ciudadnaucalpan,Ciudad Naucalpan / Gobierno Municipal 2025-2027.,,"El Gobierno de Ciudad Naucalpan, a través del Instituto de las Mujeres Naucalpenses y la Igualdad Sustantiva, invita a la Caravana “Estamos Contigo”, con servicios gratuitos de atención, acompañamiento y vinculación para las mujeres.💜 Asesoría para microcréditos, atención de la Policía de Género, asesorías jurídicas y psicológicas, vinculación educativa, preparatoria abierta y corte de cabello. 🗓️ Martes 27 de enero de 2026 ⏰ 10:00 a 14:30 horas 📍 Parque Modelo, Col. Modelo, Naucalpan de Juárez. #AquiGobiernaLaEsperanza #Naucalpan #Mujeres","El Gobierno de Ciudad Naucalpan, a través del Instituto de las Mujeres Naucalpenses y la Igualdad Sustantiva, invita a la Caravana “Estamos Contigo”, con servicios gratuitos de atención, acompañamiento y vinculación para las mujeres.💜 Asesoría para microcréditos, atención de la Policía de Género, asesorías jurídicas y psicológicas, vinculación educativa, preparatoria abierta y corte de cabello. 🗓️ Martes 27 de enero de 2026 ⏰ 10:00 a 14:30 horas 📍 Parque Modelo, Col. Modelo, Naucalpan de Juárez. #AquiGobiernaLaEsperanza #Naucalpan #Mujeres",https://www.facebook.com/CiudadNaucalpan/posts/pfbid02NPXWyXE7pHNJ5478aF1UjrATE73RBzwZzzFP51hDBRFn2Ercn7j7cHUhQqcw1Z2Ll,https://www.facebook.com/CiudadNaucalpan/posts/pfbid02NPXWyXE7pHNJ5478aF1UjrATE73RBzwZzzFP51hDBRFn2Ercn7j7cHUhQqcw1Z2Ll,2026-01-22 13:03:10,2026-01-22,/home/emilio/Documentos/Naucalpan_Semanal_Reportes/Periodico/Enero_Mayo/2026-01-16_al_2026-01-30/Facebook/2026-01-16_al_2026-01-30_Facebook/2026-01-16_al_2026-01-30_Facebook_posts.csv
2026-01-16,2026-01-16_al_2026-01-30_Facebook,gobierno_naucalpan,Gobierno de Naucalpan,facebook,Facebook,post_facebook,ciudadnaucalpan,Ciudad Naucalpan / Gobierno Municipal 2025-2027.,,"Guía Ciudadana para el Pago del Impuesto Predial 2026🧾🏠 En el Gobierno de Ciudad Naucalpan trabajamos para que cada trámite sea más claro, sencillo y accesible para todas y todos. 👉Consulta en las imágenes la guía completa con los requisitos, opciones de pago y descuentos vigentes, y realiza tu contribución de forma fácil y sin contratiempos. Tu predial se transforma en obras, servicios y mejores espacios para nuestra comunidad. #AquiGobiernaLaEsperanza #Naucalpan #Predial2026 #TesoreriaMunicipal","Guía Ciudadana para el Pago del Impuesto Predial 2026🧾🏠 En el Gobierno de Ciudad Naucalpan trabajamos para que cada trámite sea más claro, sencillo y accesible para todas y todos. 👉Consulta en las imágenes la guía completa con los requisitos, opciones de pago y descuentos vigentes, y realiza tu contribución de forma fácil y sin contratiempos. Tu predial se transforma en obras, servicios y mejores espacios para nuestra comunidad. #AquiGobiernaLaEsperanza #Naucalpan #Predial2026 #TesoreriaMunicipal",https://www.facebook.com/CiudadNaucalpan/posts/pfbid0f1rScJSEkUmh6DTsAStW8jNMBMHzc2x19mt5ipJNnaAvngb3t1pYHeNrnjCFJ42Nl,https://www.facebook.com/CiudadNaucalpan/posts/pfbid0f1rScJSEkUmh6DTsAStW8jNMBMHzc2x19mt5ipJNnaAvngb3t1pYHeNrnjCFJ42Nl,2026-01-22 12:02:55,2026-01-22,/home/emilio/Documentos/Naucalpan_Semanal_Reportes/Periodico/Enero_Mayo/2026-01-16_al_2026-01-30/Facebook/2026-01-16_al_2026-01-30_Facebook/2026-01-16_al_2026-01-30_Facebook_posts.csv
2026-01-16,2026-01-16_al_2026-01-30_Facebook,gobierno_naucalpan,Gobierno de Naucalpan,facebook,Facebook,post_facebook,ciudadnaucalpan,Ciudad Naucalpan / Gobierno Municipal 2025-2027.,,"Convocatoria abierta | Taller de Canto 🎤🎼 El Gobierno de Ciudad Naucalpan, a través de la Dirección de Bienestar e Inclusión Social, invita a participar en el Taller de Canto. Clases: 📅 Miércoles, jueves y viernes 🕓 De 16:00 a 18:00 horas 📍 Auditorio Isidro Fabela Calle Benito Juárez, Av. Benito Juárez 39, El Mirador, 53050 Naucalpan de Juárez. Información e inscripciones: 📌 Departamento de Fomento a las Bellas Artes, en la Subdirección de Cultura 🕘 Horario de atención: de 09:00 a 15:00 horas y de 16:30 a 18:00 horas 📄 Requisitos: copia del INE y comprobante de domicilio. #AquiGobiernaLaEsperanza #Naucalpan #Bienestar #Taller #Canto","Convocatoria abierta | Taller de Canto 🎤🎼 El Gobierno de Ciudad Naucalpan, a través de la Dirección de Bienestar e Inclusión Social, invita a participar en el Taller de Canto. Clases: 📅 Miércoles, jueves y viernes 🕓 De 16:00 a 18:00 horas 📍 Auditorio Isidro Fabela Calle Benito Juárez, Av. Benito Juárez 39, El Mirador, 53050 Naucalpan de Juárez. Información e inscripciones: 📌 Departamento de Fomento a las Bellas Artes, en la Subdirección de Cultura 🕘 Horario de atención: de 09:00 a 15:00 horas y de 16:30 a 18:00 horas 📄 Requisitos: copia del INE y comprobante de domicilio. #AquiGobiernaLaEsperanza #Naucalpan #Bienestar #Taller #Canto",https://www.facebook.com/CiudadNaucalpan/posts/pfbid0ACq4KHEfmXwtuJgZdbYED5kwqfA16xHnBbhUc3eg9PhNL9dCZcz66KnaT9MXpwb3l,https://www.facebook.com/CiudadNaucalpan/posts/pfbid0ACq4KHEfmXwtuJgZdbYED5kwqfA16xHnBbhUc3eg9PhNL9dCZcz66KnaT9MXpwb3l,2026-01-22 11:20:33,2026-01-22,/home/emilio/Documentos/Naucalpan_Semanal_Reportes/Periodico/Enero_Mayo/2026-01-16_al_2026-01-30/Facebook/2026-01-16_al_2026-01-30_Facebook/2026-01-16_al_2026-01-30_Facebook_posts.csv
2026-01-16,2026-01-16_al_2026-01-30_Facebook,gobierno_naucalpan,Gobierno de Naucalpan,facebook,Facebook,post_facebook,ciudadnaucalpan,Ciudad Naucalpan / Gobierno Municipal 2025-2027.,,"El Gobierno de Ciudad Naucalpan, a través del Instituto de las Mujeres Naucalpenses y la Igualdad Sustantiva, invita a las mujeres del municipio a participar en el taller “Escribir para sanar, escribir para no callar”, un espacio de expresión, reflexión y fortalecimiento personal.📜✍️💜 📅 Fecha: Viernes 23 de enero 🕘 Horario: 9:45 a 11:30 horas 📍 Sede: Centro Libre Colina de Zahorí, Manzana 035, Boulevares, C.P. 53140, Naucalpan de Juárez. Tu voz es fuerza, tu palabra es poder. ✨ Entrada libre. Cupo limitado. #AquiGobiernaLaEsperanza #Naucalpan #Mujeres #Bienestar #EscrituraParaSanar","El Gobierno de Ciudad Naucalpan, a través del Instituto de las Mujeres Naucalpenses y la Igualdad Sustantiva, invita a las mujeres del municipio a participar en el taller “Escribir para sanar, escribir para no callar”, un espacio de expresión, reflexión y fortalecimiento personal.📜✍️💜 📅 Fecha: Viernes 23 de enero 🕘 Horario: 9:45 a 11:30 horas 📍 Sede: Centro Libre Colina de Zahorí, Manzana 035, Boulevares, C.P. 53140, Naucalpan de Juárez. Tu voz es fuerza, tu palabra es poder. ✨ Entrada libre. Cupo limitado. #AquiGobiernaLaEsperanza #Naucalpan #Mujeres #Bienestar #EscrituraParaSanar",https://www.facebook.com/CiudadNaucalpan/posts/pfbid02N5Hi3gBkn8vkqxn6Mbq55avEVqGjPkx3UzmTTugvh5eoAgJd563MiMc3GWZ7uDQAl,https://www.facebook.com/CiudadNaucalpan/posts/pfbid02N5Hi3gBkn8vkqxn6Mbq55avEVqGjPkx3UzmTTugvh5eoAgJd563MiMc3GWZ7uDQAl,2026-01-22 11:20:17,2026-01-22,/home/emilio/Documentos/Naucalpan_Semanal_Reportes/Periodico/Enero_Mayo/2026-01-16_al_2026-01-30/Facebook/2026-01-16_al_2026-01-30_Facebook/2026-01-16_al_2026-01-30_Facebook_posts.csv
2026-01-16,2026-01-16_al_2026-01-30_Facebook,gobierno_naucalpan,Gobierno de Naucalpan,facebook,Facebook,post_facebook,ciudadnaucalpan,Ciudad Naucalpan / Gobierno Municipal 2025-2027.,,"Desde el Gobierno de Ciudad Naucalpan te invitamos a aprovechar los descuentos vigentes en el pago del Predial y Agua 2026. 💳🏡 Contribuir a tiempo fortalece los servicios públicos y permite seguir invirtiendo en obras y bienestar para nuestras comunidades. 📍 Consulta en la imagen los descuentos, sedes de pago, horarios y la opción de pago en línea. 💻 Pago en línea: 👉 https://f.mtr.cool/ublycsrwpa Seguimos trabajando con responsabilidad, transparencia y cercanía para todas y todos. #AquiGobiernaLaEsperanza #Naucalpan #Predial2026 #TesoreriaMunicipal","Desde el Gobierno de Ciudad Naucalpan te invitamos a aprovechar los descuentos vigentes en el pago del Predial y Agua 2026. 💳🏡 Contribuir a tiempo fortalece los servicios públicos y permite seguir invirtiendo en obras y bienestar para nuestras comunidades. 📍 Consulta en la imagen los descuentos, sedes de pago, horarios y la opción de pago en línea. 💻 Pago en línea: 👉 https://f.mtr.cool/ublycsrwpa Seguimos trabajando con responsabilidad, transparencia y cercanía para todas y todos. #AquiGobiernaLaEsperanza #Naucalpan #Predial2026 #TesoreriaMunicipal",https://www.facebook.com/CiudadNaucalpan/posts/pfbid0fPFwe2N4i7Z3yUR3cy9nNgiUptCxps8yeqESJGE2juicbwh3Qtfcqz1fmrp6j8y1l,https://www.facebook.com/CiudadNaucalpan/posts/pfbid0fPFwe2N4i7Z3yUR3cy9nNgiUptCxps8yeqESJGE2juicbwh3Qtfcqz1fmrp6j8y1l,2026-01-22 09:02:29,2026-01-22,/home/emilio/Documentos/Naucalpan_Semanal_Reportes/Periodico/Enero_Mayo/2026-01-16_al_2026-01-30/Facebook/2026-01-16_al_2026-01-30_Facebook/2026-01-16_al_2026-01-30_Facebook_posts.csv
2026-01-16,2026-01-16_al_2026-01-30_Facebook,gobierno_naucalpan,Gobierno de Naucalpan,facebook,Facebook,post_facebook,ciudadnaucalpan,Ciudad Naucalpan / Gobierno Municipal 2025-2027.,,"Memorias de cálculo para la COI y el Impuesto Ecológico por Emisiones en el Edoméx 🌱 El Gobierno de Ciudad Naucalpan, a través de la Dirección de Desarrollo y Fomento Económico, invita a participar en este curso para aprender a realizar los cálculos necesarios para cumplir con el reporte anual y determinar el impuesto a pagar por cada tonelada de CO₂e. 👉 Consulta en las imágenes toda la información sobre fechas, horarios, sede, temario e inscripciones. #AquiGobiernaLaEsperanza #Naucalpan #DesarrolloEconomico","Memorias de cálculo para la COI y el Impuesto Ecológico por Emisiones en el Edoméx 🌱 El Gobierno de Ciudad Naucalpan, a través de la Dirección de Desarrollo y Fomento Económico, invita a participar en este curso para aprender a realizar los cálculos necesarios para cumplir con el reporte anual y determinar el impuesto a pagar por cada tonelada de CO₂e. 👉 Consulta en las imágenes toda la información sobre fechas, horarios, sede, temario e inscripciones. #AquiGobiernaLaEsperanza #Naucalpan #DesarrolloEconomico",https://www.facebook.com/CiudadNaucalpan/posts/pfbid09X5QyWWhqjTcw516Py2ur3JF2gNviGUX6U5SvPzGCQozceTDB3KG8S4XVp6Anapvl,https://www.facebook.com/CiudadNaucalpan/posts/pfbid09X5QyWWhqjTcw516Py2ur3JF2gNviGUX6U5SvPzGCQozceTDB3KG8S4XVp6Anapvl,2026-01-22 08:30:39,2026-01-22,/home/emilio/Documentos/Naucalpan_Semanal_Reportes/Periodico/Enero_Mayo/2026-01-16_al_2026-01-30/Facebook/2026-01-16_al_2026-01-30_Facebook/2026-01-16_al_2026-01-30_Facebook_posts.csv
2026-01-16,2026-01-16_al_2026-01-30_Facebook,gobierno_naucalpan,Gobierno de Naucalpan,facebook,Facebook,post_facebook,ciudadnaucalpan,Ciudad Naucalpan / Gobierno Municipal 2025-2027.,,"Caminata Fotográfica en el Parque “La Hoja”📸 🌿 El Gobierno de Ciudad Naucalpan, a través de la Dirección de Bienestar e Inclusión Social, invita a la ciudadanía a participar en la Caminata Fotográfica que se llevará a cabo en el Parque Sección “La Hoja”, dentro del Parque Ecológico Bosque de los Remedios. 🗓 Viernes 23 de enero ⏰ De 10:00 a 12:00 horas 📍 Calzada de los Remedios 42, Parque Ecológico “Bosque de los Remedios”, C.P. 53404, Naucalpan de Juárez 📌 Requisitos: Traer dispositivo móvil y/o cámara fotográfica. Presentar copia de identificación oficial. 👤 Tallerista: Leodan Morales 📞 Registro al teléfono: 55 8789 5500, ext. 1089 📧 Correo: laura.flores@naucalpan.gob.mx ⚠️ Cupo limitado Desde el Gobierno de Naucalpan seguimos impulsando actividades que promueven el bienestar, la convivencia y el cuidado de nuestros espacios naturales. #AquiGobiernaLaEsperanza #Naucalpan #Fotografía","Caminata Fotográfica en el Parque “La Hoja”📸 🌿 El Gobierno de Ciudad Naucalpan, a través de la Dirección de Bienestar e Inclusión Social, invita a la ciudadanía a participar en la Caminata Fotográfica que se llevará a cabo en el Parque Sección “La Hoja”, dentro del Parque Ecológico Bosque de los Remedios. 🗓 Viernes 23 de enero ⏰ De 10:00 a 12:00 horas 📍 Calzada de los Remedios 42, Parque Ecológico “Bosque de los Remedios”, C.P. 53404, Naucalpan de Juárez 📌 Requisitos: Traer dispositivo móvil y/o cámara fotográfica. Presentar copia de identificación oficial. 👤 Tallerista: Leodan Morales 📞 Registro al teléfono: 55 8789 5500, ext. 1089 📧 Correo: laura.flores@naucalpan.gob.mx ⚠️ Cupo limitado Desde el Gobierno de Naucalpan seguimos impulsando actividades que promueven el bienestar, la convivencia y el cuidado de nuestros espacios naturales. #AquiGobiernaLaEsperanza #Naucalpan #Fotografía",https://www.facebook.com/CiudadNaucalpan/posts/pfbid0ooRkmx2eXAHF9VxWrHGAvmTTXsE8RaVjj4ytvkqffSnjBWttokxbbMUZaknX7bKol,https://www.facebook.com/CiudadNaucalpan/posts/pfbid0ooRkmx2eXAHF9VxWrHGAvmTTXsE8RaVjj4ytvkqffSnjBWttokxbbMUZaknX7bKol,2026-01-22 08:02:09,2026-01-22,/home/emilio/Documentos/Naucalpan_Semanal_Reportes/Periodico/Enero_Mayo/2026-01-16_al_2026-01-30/Facebook/2026-01-16_al_2026-01-30_Facebook/2026-01-16_al_2026-01-30_Facebook_posts.csv
2026-01-16,2026-01-16_al_2026-01-30_Facebook,gobierno_naucalpan,Gobierno de Naucalpan,facebook,Facebook,post_facebook,ciudadnaucalpan,Ciudad Naucalpan / Gobierno Municipal 2025-2027.,,¿Sabías qué? ⚽🌍 El Mundial de 1970 en México fue el primero en transmitirse a color a nivel global. #AquiGobiernaLaEsperanza #HuellasDelMundial #Naucalpan,¿Sabías qué? ⚽🌍 El Mundial de 1970 en México fue el primero en transmitirse a color a nivel global. #AquiGobiernaLaEsperanza #HuellasDelMundial #Naucalpan,https://www.facebook.com/CiudadNaucalpan/posts/pfbid02y8nCRnn3Mc3DuqAAGGT1NtUdbeKMwk45rpt4zYpihLVjDgTN7ySJufVctEZmB7dl,https://www.facebook.com/CiudadNaucalpan/posts/pfbid02y8nCRnn3Mc3DuqAAGGT1NtUdbeKMwk45rpt4zYpihLVjDgTN7ySJufVctEZmB7dl,2026-01-22 07:02:48,2026-01-22,/home/emilio/Documentos/Naucalpan_Semanal_Reportes/Periodico/Enero_Mayo/2026-01-16_al_2026-01-30/Facebook/2026-01-16_al_2026-01-30_Facebook/2026-01-16_al_2026-01-30_Facebook_posts.csv
2026-01-16,2026-01-16_al_2026-01-30_Facebook,gobierno_naucalpan,Gobierno de Naucalpan,facebook,Facebook,post_facebook,guardiamunicipalciudadnaucalpan,Guardia Municipal Ciudad Naucalpan,,"La Policía Ética acompaña y vigila el actuar del personal de Movilidad Segura para garantizar un desempeño legal, transparente y con respeto a la ciudadanía.🚔 En Ciudad Naucalpan, la seguridad se ejerce con ética y responsabilidad. #AquiGobiernaLaEsperanza #GuardiaMunicipal #Naucalpan #PoliciaEtica #MovilidadSegura","La Policía Ética acompaña y vigila el actuar del personal de Movilidad Segura para garantizar un desempeño legal, transparente y con respeto a la ciudadanía.🚔 En Ciudad Naucalpan, la seguridad se ejerce con ética y responsabilidad. #AquiGobiernaLaEsperanza #GuardiaMunicipal #Naucalpan #PoliciaEtica #MovilidadSegura",https://www.facebook.com/reel/922819550425630/,https://www.facebook.com/reel/922819550425630/,2026-01-22 16:45:17,2026-01-22,/home/emilio/Documentos/Naucalpan_Semanal_Reportes/Periodico/Enero_Mayo/2026-01-16_al_2026-01-30/Facebook/2026-01-16_al_2026-01-30_Facebook/2026-01-16_al_2026-01-30_Facebook_posts.csv
2026-01-16,2026-01-16_al_2026-01-30_Facebook,gobierno_naucalpan,Gobierno de Naucalpan,facebook,Facebook,post_facebook,guardiamunicipalciudadnaucalpan,Guardia Municipal Ciudad Naucalpan,,"Llevamos a cabo marchas exploratorias en la comunidad de El Molinito, como parte de la estrategia de proximidad y prevención del delito.🚔 Estas acciones permiten identificar riesgos, fortalecer la presencia policial y atender de manera directa las necesidades de vecinas y vecinos, con el objetivo de mejorar la seguridad y la tranquilidad en la zona. #AquiGobiernaLaEsperanza #Naucalpan #GuardiaMunicipal #Seguridad #ElMolinito","Llevamos a cabo marchas exploratorias en la comunidad de El Molinito, como parte de la estrategia de proximidad y prevención del delito.🚔 Estas acciones permiten identificar riesgos, fortalecer la presencia policial y atender de manera directa las necesidades de vecinas y vecinos, con el objetivo de mejorar la seguridad y la tranquilidad en la zona. #AquiGobiernaLaEsperanza #Naucalpan #GuardiaMunicipal #Seguridad #ElMolinito",https://www.facebook.com/reel/2076193836506928/,https://www.facebook.com/reel/2076193836506928/,2026-01-22 09:04:00,2026-01-22,/home/emilio/Documentos/Naucalpan_Semanal_Reportes/Periodico/Enero_Mayo/2026-01-16_al_2026-01-30/Facebook/2026-01-16_al_2026-01-30_Facebook/2026-01-16_al_2026-01-30_Facebook_posts.csv
2026-01-16,2026-01-16_al_2026-01-30_Facebook,gobierno_naucalpan,Gobierno de Naucalpan,facebook,Facebook,post_facebook,ciudadnaucalpan,Ciudad Naucalpan / Gobierno Municipal 2025-2027.,,"El Gobierno de Ciudad Naucalpan, encabezado por el Presidente Municipal, Isaac Montoya, realizó la quinta jornada del programa Impulsando tu Salud, a través del DIF Municipal. En esta ocasión, se entregaron 400 lentes gratuitos de alta calidad a niñas, niños, personas adultas mayores y familias del municipio.👓 Con esta jornada, ya suman más de 2,000 lentes entregados, como parte de una estrategia de atención directa y preventiva a la salud. Este programa continuará y se fortalecerá durante el año con servicios totalmente gratuitos, como salud visual, consultas generales y odontológicas, acercando la atención médica a quienes más lo necesitan. #AquiGobiernaLaEsperanza #ImpulsandoTuSalud #Naucalpan #Bienestar #DIFNaucalpan","El Gobierno de Ciudad Naucalpan, encabezado por el Presidente Municipal, Isaac Montoya, realizó la quinta jornada del programa Impulsando tu Salud, a través del DIF Municipal. En esta ocasión, se entregaron 400 lentes gratuitos de alta calidad a niñas, niños, personas adultas mayores y familias del municipio.👓 Con esta jornada, ya suman más de 2,000 lentes entregados, como parte de una estrategia de atención directa y preventiva a la salud. Este programa continuará y se fortalecerá durante el año con servicios totalmente gratuitos, como salud visual, consultas generales y odontológicas, acercando la atención médica a quienes más lo necesitan. #AquiGobiernaLaEsperanza #ImpulsandoTuSalud #Naucalpan #Bienestar #DIFNaucalpan",https://www.facebook.com/CiudadNaucalpan/posts/pfbid0peMUGk9gRuefR4KaVrGs2PUjEU7bkU8841HrTcL1DsF3DMb5gceH7HAB2gg79nTPl,https://www.facebook.com/CiudadNaucalpan/posts/pfbid0peMUGk9gRuefR4KaVrGs2PUjEU7bkU8841HrTcL1DsF3DMb5gceH7HAB2gg79nTPl,2026-01-21 21:07:47,2026-01-21,/home/emilio/Documentos/Naucalpan_Semanal_Reportes/Periodico/Enero_Mayo/2026-01-16_al_2026-01-30/Facebook/2026-01-16_al_2026-01-30_Facebook/2026-01-16_al_2026-01-30_Facebook_posts.csv
2026-01-16,2026-01-16_al_2026-01-30_Facebook,gobierno_naucalpan,Gobierno de Naucalpan,facebook,Facebook,post_facebook,ciudadnaucalpan,Ciudad Naucalpan / Gobierno Municipal 2025-2027.,,"Predial 2026 en Ciudad Naucalpan🏘️ Conoce las bonificaciones y estímulos vigentes para el pago del impuesto predial 2026, así como los beneficios para contribuyentes cumplidos. 👉 Para más detalles, consulta las imágenes. #AquiGobiernaLaEsperanza #Naucalpan #Predial2026 #TesoreriaMunicipal","Predial 2026 en Ciudad Naucalpan🏘️ Conoce las bonificaciones y estímulos vigentes para el pago del impuesto predial 2026, así como los beneficios para contribuyentes cumplidos. 👉 Para más detalles, consulta las imágenes. #AquiGobiernaLaEsperanza #Naucalpan #Predial2026 #TesoreriaMunicipal",https://www.facebook.com/CiudadNaucalpan/posts/pfbid0RfLPkyrakYkeVeJVUHuSzNGgWQCVSgdFFcLGzURruCypiDueZn8BPiC5VoTWAYUBl,https://www.facebook.com/CiudadNaucalpan/posts/pfbid0RfLPkyrakYkeVeJVUHuSzNGgWQCVSgdFFcLGzURruCypiDueZn8BPiC5VoTWAYUBl,2026-01-21 15:01:46,2026-01-21,/home/emilio/Documentos/Naucalpan_Semanal_Reportes/Periodico/Enero_Mayo/2026-01-16_al_2026-01-30/Facebook/2026-01-16_al_2026-01-30_Facebook/2026-01-16_al_2026-01-30_Facebook_posts.csv
2026-01-16,2026-01-16_al_2026-01-30_Facebook,gobierno_naucalpan,Gobierno de Naucalpan,facebook,Facebook,post_facebook,ciudadnaucalpan,Ciudad Naucalpan / Gobierno Municipal 2025-2027.,,"El Servicio de Relevo es un mecanismo que brinda un puente de comunicación entre las personas sordas y las dependencias municipales, garantizando su derecho a la comunicación y al acceso a los servicios públicos.🧏‍♀️ A través del intérprete de Lengua de Señas Mexicana y el uso de herramientas tecnológicas, las y los ciudadanos pueden realizar trámites y gestiones de manera autónoma, digna y en igualdad de condiciones. Este servicio ya está disponible en el Palacio Municipal. La inclusión no es un privilegio, es un derecho. #AquiGobiernaLaEsperanza #Naucalpan #Inclusion #ServicioDeRelevo","El Servicio de Relevo es un mecanismo que brinda un puente de comunicación entre las personas sordas y las dependencias municipales, garantizando su derecho a la comunicación y al acceso a los servicios públicos.🧏‍♀️ A través del intérprete de Lengua de Señas Mexicana y el uso de herramientas tecnológicas, las y los ciudadanos pueden realizar trámites y gestiones de manera autónoma, digna y en igualdad de condiciones. Este servicio ya está disponible en el Palacio Municipal. La inclusión no es un privilegio, es un derecho. #AquiGobiernaLaEsperanza #Naucalpan #Inclusion #ServicioDeRelevo",https://www.facebook.com/reel/2104515930352817/,https://www.facebook.com/reel/2104515930352817/,2026-01-21 14:49:50,2026-01-21,/home/emilio/Documentos/Naucalpan_Semanal_Reportes/Periodico/Enero_Mayo/2026-01-16_al_2026-01-30/Facebook/2026-01-16_al_2026-01-30_Facebook/2026-01-16_al_2026-01-30_Facebook_posts.csv
2026-01-16,2026-01-16_al_2026-01-30_Facebook,gobierno_naucalpan,Gobierno de Naucalpan,facebook,Facebook,post_facebook,ciudadnaucalpan,Ciudad Naucalpan / Gobierno Municipal 2025-2027.,,"Orgullo naucalpense🎶 ¡Ya está disponible la participación de Bruno Bonilla, joven cantante y compositor naucalpense, cuyo talento nos inspira a seguir construyendo un mundo más inclusivo. Te invitamos a disfrutar su presentación a través de YouTube Bohemia TV. #AquiGobiernaLaEsperanza #Naucalpan #OrgulloNaucalpense #TalentoLocal #Cultura","Orgullo naucalpense🎶 ¡Ya está disponible la participación de Bruno Bonilla, joven cantante y compositor naucalpense, cuyo talento nos inspira a seguir construyendo un mundo más inclusivo. Te invitamos a disfrutar su presentación a través de YouTube Bohemia TV. #AquiGobiernaLaEsperanza #Naucalpan #OrgulloNaucalpense #TalentoLocal #Cultura",https://www.facebook.com/CiudadNaucalpan/posts/pfbid0vPZ3mrCy3g6bheqAyorTVT2HfM8sWt6HGwFRdc8MfmSPo5X1fieipAqy3hGUTea4l,https://www.facebook.com/CiudadNaucalpan/posts/pfbid0vPZ3mrCy3g6bheqAyorTVT2HfM8sWt6HGwFRdc8MfmSPo5X1fieipAqy3hGUTea4l,2026-01-21 14:30:35,2026-01-21,/home/emilio/Documentos/Naucalpan_Semanal_Reportes/Periodico/Enero_Mayo/2026-01-16_al_2026-01-30/Facebook/2026-01-16_al_2026-01-30_Facebook/2026-01-16_al_2026-01-30_Facebook_posts.csv
2026-01-16,2026-01-16_al_2026-01-30_Facebook,gobierno_naucalpan,Gobierno de Naucalpan,facebook,Facebook,post_facebook,ciudadnaucalpan,Ciudad Naucalpan / Gobierno Municipal 2025-2027.,,"Espacios seguros para aprender, reflexionar y cuidarnos entre todas. Porque tu bienestar, tu voz y tus derechos importan.💜 Conoce las pláticas y talleres que podemos llevar a las mujeres de tu comunidad, enfocados en la prevención de la violencia, la igualdad de género y el uso de un lenguaje incluyente. 👉Si te interesa alguna actividad, comunícate a los teléfonos del Instituto de las Mujeres Naucalpenses y la Igualdad Sustantiva. #AquiGobiernaLaEsperanza #Naucalpan #IgualdadSustantiva #Mujeres","Espacios seguros para aprender, reflexionar y cuidarnos entre todas. Porque tu bienestar, tu voz y tus derechos importan.💜 Conoce las pláticas y talleres que podemos llevar a las mujeres de tu comunidad, enfocados en la prevención de la violencia, la igualdad de género y el uso de un lenguaje incluyente. 👉Si te interesa alguna actividad, comunícate a los teléfonos del Instituto de las Mujeres Naucalpenses y la Igualdad Sustantiva. #AquiGobiernaLaEsperanza #Naucalpan #IgualdadSustantiva #Mujeres",https://www.facebook.com/CiudadNaucalpan/posts/pfbid0mebnEJNFQ19n6zKNzwFGmMAN8P6P9fSCsGadGZS8opAtKUc5xLk9rcBYdcndBuqhl,https://www.facebook.com/CiudadNaucalpan/posts/pfbid0mebnEJNFQ19n6zKNzwFGmMAN8P6P9fSCsGadGZS8opAtKUc5xLk9rcBYdcndBuqhl,2026-01-21 12:30:44,2026-01-21,/home/emilio/Documentos/Naucalpan_Semanal_Reportes/Periodico/Enero_Mayo/2026-01-16_al_2026-01-30/Facebook/2026-01-16_al_2026-01-30_Facebook/2026-01-16_al_2026-01-30_Facebook_posts.csv
2026-01-16,2026-01-16_al_2026-01-30_Facebook,gobierno_naucalpan,Gobierno de Naucalpan,facebook,Facebook,post_facebook,ciudadnaucalpan,Ciudad Naucalpan / Gobierno Municipal 2025-2027.,,"El Gobierno de Ciudad Naucalpan, a través de la Dirección de Servicios Públicos, aplicó 14 toneladas de asfalto en Primero de Mayo, como parte de las acciones de mantenimiento y rehabilitación vial. 🚧👷 Los trabajos concluirán el día de hoy, mejorando las condiciones de circulación y fortaleciendo la seguridad para vecinas y vecinos. Seguimos trabajando en territorio para atender de manera puntual las necesidades de las comunidades y fortalecer la infraestructura urbana del municipio. #AquiGobiernaLaEsperanza #Naucalpan #Infraestructura #ServiciosPublicos","El Gobierno de Ciudad Naucalpan, a través de la Dirección de Servicios Públicos, aplicó 14 toneladas de asfalto en Primero de Mayo, como parte de las acciones de mantenimiento y rehabilitación vial. 🚧👷 Los trabajos concluirán el día de hoy, mejorando las condiciones de circulación y fortaleciendo la seguridad para vecinas y vecinos. Seguimos trabajando en territorio para atender de manera puntual las necesidades de las comunidades y fortalecer la infraestructura urbana del municipio. #AquiGobiernaLaEsperanza #Naucalpan #Infraestructura #ServiciosPublicos",https://www.facebook.com/reel/1600392394496875/,https://www.facebook.com/reel/1600392394496875/,2026-01-21 12:26:49,2026-01-21,/home/emilio/Documentos/Naucalpan_Semanal_Reportes/Periodico/Enero_Mayo/2026-01-16_al_2026-01-30/Facebook/2026-01-16_al_2026-01-30_Facebook/2026-01-16_al_2026-01-30_Facebook_posts.csv
2026-01-16,2026-01-16_al_2026-01-30_Facebook,gobierno_naucalpan,Gobierno de Naucalpan,facebook,Facebook,post_facebook,ciudadnaucalpan,Ciudad Naucalpan / Gobierno Municipal 2025-2027.,,"Convocatoria abierta | Taller de Teatro y Canto🎭🎤 El Gobierno de Ciudad Naucalpan, a través de la Dirección de Bienestar e Inclusión Social, invita a participar en el Taller de Teatro y Canto. 📅 Clases: Lunes y miércoles 🕓 Horario: 16:00 a 18:00 horas 📍 Sede: Kiosco de San Francisco Chimalpa (Manzana 003, La Concepción, 53650, San Francisco Chimalpa, Naucalpan de Juárez) 📝 Información e inscripciones: Departamento de Fomento a las Bellas Artes, en la Subdirección de Cultura. ⏰ Atención de 09:00 a 15:00 horas y de 16:30 a 18:00 horas. 📄 Presentar copia del INE y comprobante de domicilio. #AquiGobiernaLaEsperanza #CiudadNaucalpan #Cultura #Teatro #Canto #Bienestar","Convocatoria abierta | Taller de Teatro y Canto🎭🎤 El Gobierno de Ciudad Naucalpan, a través de la Dirección de Bienestar e Inclusión Social, invita a participar en el Taller de Teatro y Canto. 📅 Clases: Lunes y miércoles 🕓 Horario: 16:00 a 18:00 horas 📍 Sede: Kiosco de San Francisco Chimalpa (Manzana 003, La Concepción, 53650, San Francisco Chimalpa, Naucalpan de Juárez) 📝 Información e inscripciones: Departamento de Fomento a las Bellas Artes, en la Subdirección de Cultura. ⏰ Atención de 09:00 a 15:00 horas y de 16:30 a 18:00 horas. 📄 Presentar copia del INE y comprobante de domicilio. #AquiGobiernaLaEsperanza #CiudadNaucalpan #Cultura #Teatro #Canto #Bienestar",https://www.facebook.com/CiudadNaucalpan/posts/pfbid0SFBzRopiYiU5iXgnmKpFSRiadKayGzu9RpkrfZh1fxiA5eAzDNzxudtjZY2jQJEel,https://www.facebook.com/CiudadNaucalpan/posts/pfbid0SFBzRopiYiU5iXgnmKpFSRiadKayGzu9RpkrfZh1fxiA5eAzDNzxudtjZY2jQJEel,2026-01-21 11:30:44,2026-01-21,/home/emilio/Documentos/Naucalpan_Semanal_Reportes/Periodico/Enero_Mayo/2026-01-16_al_2026-01-30/Facebook/2026-01-16_al_2026-01-30_Facebook/2026-01-16_al_2026-01-30_Facebook_posts.csv
2026-01-16,2026-01-16_al_2026-01-30_Facebook,gobierno_naucalpan,Gobierno de Naucalpan,facebook,Facebook,post_facebook,ciudadnaucalpan,Ciudad Naucalpan / Gobierno Municipal 2025-2027.,,"Oficina Móvil de Registro – Jóvenes Construyendo el Futuro🛻 El Gobierno de Ciudad Naucalpan, en coordinación con el Gobierno de México, a través de la Secretaría del Trabajo y Previsión Social, informa que se instalará una Oficina Móvil de Registro del programa Jóvenes Construyendo el Futuro en nuestro municipio. Este programa federal tiene como objetivo vincular a jóvenes de 18 a 29 años con centros de trabajo, empresas y talleres, para fortalecer sus habilidades laborales y fomentar su desarrollo integral. 🗓 Fecha: 21 de enero de 2026 ⏰ Horario: de 9:30 a 15:00 horas 📍 Sede: Auditorio Isidro Fabela 📌 Calle Benito Juárez Núm. 39, Col. El Mirador, C.P. 53050, Naucalpan de Juárez, Estado de México. Como parte de esta jornada, se brindará atención directa a aprendices y centros de trabajo, así como actividades informativas dirigidas a las juventudes. #AquiGobiernaLaEsperanza #Naucalpan #GobiernoDeMexico #Bienestar #JovenesConstruyendoElFuturo","Oficina Móvil de Registro – Jóvenes Construyendo el Futuro🛻 El Gobierno de Ciudad Naucalpan, en coordinación con el Gobierno de México, a través de la Secretaría del Trabajo y Previsión Social, informa que se instalará una Oficina Móvil de Registro del programa Jóvenes Construyendo el Futuro en nuestro municipio. Este programa federal tiene como objetivo vincular a jóvenes de 18 a 29 años con centros de trabajo, empresas y talleres, para fortalecer sus habilidades laborales y fomentar su desarrollo integral. 🗓 Fecha: 21 de enero de 2026 ⏰ Horario: de 9:30 a 15:00 horas 📍 Sede: Auditorio Isidro Fabela 📌 Calle Benito Juárez Núm. 39, Col. El Mirador, C.P. 53050, Naucalpan de Juárez, Estado de México. Como parte de esta jornada, se brindará atención directa a aprendices y centros de trabajo, así como actividades informativas dirigidas a las juventudes. #AquiGobiernaLaEsperanza #Naucalpan #GobiernoDeMexico #Bienestar #JovenesConstruyendoElFuturo",https://www.facebook.com/CiudadNaucalpan/posts/pfbid037pTVvpYnpUq5Z4mWbuMsX1EXapx4MxtDQeLT2ZbfTqo9yQLGui4Y3Ku3uBsu19qVl,https://www.facebook.com/CiudadNaucalpan/posts/pfbid037pTVvpYnpUq5Z4mWbuMsX1EXapx4MxtDQeLT2ZbfTqo9yQLGui4Y3Ku3uBsu19qVl,2026-01-21 10:02:09,2026-01-21,/home/emilio/Documentos/Naucalpan_Semanal_Reportes/Periodico/Enero_Mayo/2026-01-16_al_2026-01-30/Facebook/2026-01-16_al_2026-01-30_Facebook/2026-01-16_al_2026-01-30_Facebook_posts.csv
2026-01-16,2026-01-16_al_2026-01-30_Facebook,gobierno_naucalpan,Gobierno de Naucalpan,facebook,Facebook,post_facebook,ciudadnaucalpan,Ciudad Naucalpan / Gobierno Municipal 2025-2027.,,"Desde el Gobierno de Ciudad Naucalpan te invitamos a aprovechar los descuentos vigentes en el pago del Predial y Agua 2026. 💳🏡 Contribuir a tiempo fortalece los servicios públicos y permite seguir invirtiendo en obras y bienestar para nuestras comunidades. 📍 Consulta en la imagen los descuentos, sedes de pago, horarios y la opción de pago en línea. 💻 Pago en línea: 👉 https://f.mtr.cool/zfczegkbyq Seguimos trabajando con responsabilidad, transparencia y cercanía para todas y todos. #AquiGobiernaLaEsperanza #Naucalpan #Predial2026 #TesoreriaMunicipal","Desde el Gobierno de Ciudad Naucalpan te invitamos a aprovechar los descuentos vigentes en el pago del Predial y Agua 2026. 💳🏡 Contribuir a tiempo fortalece los servicios públicos y permite seguir invirtiendo en obras y bienestar para nuestras comunidades. 📍 Consulta en la imagen los descuentos, sedes de pago, horarios y la opción de pago en línea. 💻 Pago en línea: 👉 https://f.mtr.cool/zfczegkbyq Seguimos trabajando con responsabilidad, transparencia y cercanía para todas y todos. #AquiGobiernaLaEsperanza #Naucalpan #Predial2026 #TesoreriaMunicipal",https://www.facebook.com/CiudadNaucalpan/posts/pfbid06rDYA8JHQoPmUZPtLnA1aVZdZsVf5RTfF6CCcHKcQ5V1MfSuAGMyWSrPUjtX4ELql,https://www.facebook.com/CiudadNaucalpan/posts/pfbid06rDYA8JHQoPmUZPtLnA1aVZdZsVf5RTfF6CCcHKcQ5V1MfSuAGMyWSrPUjtX4ELql,2026-01-21 09:02:31,2026-01-21,/home/emilio/Documentos/Naucalpan_Semanal_Reportes/Periodico/Enero_Mayo/2026-01-16_al_2026-01-30/Facebook/2026-01-16_al_2026-01-30_Facebook/2026-01-16_al_2026-01-30_Facebook_posts.csv
2026-01-16,2026-01-16_al_2026-01-30_Facebook,gobierno_naucalpan,Gobierno de Naucalpan,facebook,Facebook,post_facebook,ciudadnaucalpan,Ciudad Naucalpan / Gobierno Municipal 2025-2027.,,"Guía Ciudadana para el Pago del Impuesto Predial 2026🧾🏠 Tu predial se transforma en obras, servicios y mejores espacios para nuestra comunidad. 💻 Pago en línea: 👉 https://f.mtr.cool/dicavpykfs #AquiGobiernaLaEsperanza #Naucalpan #Predial2026 #TesoreriaMunicipal","Guía Ciudadana para el Pago del Impuesto Predial 2026🧾🏠 Tu predial se transforma en obras, servicios y mejores espacios para nuestra comunidad. 💻 Pago en línea: 👉 https://f.mtr.cool/dicavpykfs #AquiGobiernaLaEsperanza #Naucalpan #Predial2026 #TesoreriaMunicipal",https://www.facebook.com/reel/1666778334294384/,https://www.facebook.com/reel/1666778334294384/,2026-01-21 08:33:33,2026-01-21,/home/emilio/Documentos/Naucalpan_Semanal_Reportes/Periodico/Enero_Mayo/2026-01-16_al_2026-01-30/Facebook/2026-01-16_al_2026-01-30_Facebook/2026-01-16_al_2026-01-30_Facebook_posts.csv
2026-01-16,2026-01-16_al_2026-01-30_Facebook,gobierno_naucalpan,Gobierno de Naucalpan,facebook,Facebook,post_facebook,ciudadnaucalpan,Ciudad Naucalpan / Gobierno Municipal 2025-2027.,,"¿Sabías qué? ⚽🌍 México fue el primer país en organizar dos Copas del Mundo, en 1970 y 1986. #AquiGobiernaLaEsperanza #HuellasDelMundial #Naucalpan","¿Sabías qué? ⚽🌍 México fue el primer país en organizar dos Copas del Mundo, en 1970 y 1986. #AquiGobiernaLaEsperanza #HuellasDelMundial #Naucalpan",https://www.facebook.com/CiudadNaucalpan/posts/pfbid04yZ2GULXghyYsfm4WwSLkKUAUFxbyuxkMwNpp7K4viQVYgpkwW9athcG5HVaAvR4l,https://www.facebook.com/CiudadNaucalpan/posts/pfbid04yZ2GULXghyYsfm4WwSLkKUAUFxbyuxkMwNpp7K4viQVYgpkwW9athcG5HVaAvR4l,2026-01-21 08:30:36,2026-01-21,/home/emilio/Documentos/Naucalpan_Semanal_Reportes/Periodico/Enero_Mayo/2026-01-16_al_2026-01-30/Facebook/2026-01-16_al_2026-01-30_Facebook/2026-01-16_al_2026-01-30_Facebook_posts.csv
2026-01-16,2026-01-16_al_2026-01-30_Facebook,gobierno_naucalpan,Gobierno de Naucalpan,facebook,Facebook,post_facebook,ciudadnaucalpan,Ciudad Naucalpan / Gobierno Municipal 2025-2027.,,"Caminata Fotográfica en el Parque “La Hoja”📸 🌿 El Gobierno de Ciudad Naucalpan, a través de la Dirección de Bienestar e Inclusión Social, invita a la ciudadanía a participar en la Caminata Fotográfica que se llevará a cabo en el Parque Sección “La Hoja”, dentro del Parque Ecológico Bosque de los Remedios. 🗓 Viernes 23 de enero ⏰ De 10:00 a 12:00 horas 📍 Calzada de los Remedios 42, Parque Ecológico “Bosque de los Remedios”, C.P. 53404, Naucalpan de Juárez 📌 Requisitos: Traer dispositivo móvil y/o cámara fotográfica. Presentar copia de identificación oficial. 👤 Tallerista: Leodan Morales 📞 Registro al teléfono: 55 8789 5500, ext. 1089 📧 Correo: laura.flores@naucalpan.gob.mx ⚠️ Cupo limitado Desde el Gobierno de Naucalpan seguimos impulsando actividades que promueven el bienestar, la convivencia y el cuidado de nuestros espacios naturales. #AquiGobiernaLaEsperanza #Naucalpan #Fotografía","Caminata Fotográfica en el Parque “La Hoja”📸 🌿 El Gobierno de Ciudad Naucalpan, a través de la Dirección de Bienestar e Inclusión Social, invita a la ciudadanía a participar en la Caminata Fotográfica que se llevará a cabo en el Parque Sección “La Hoja”, dentro del Parque Ecológico Bosque de los Remedios. 🗓 Viernes 23 de enero ⏰ De 10:00 a 12:00 horas 📍 Calzada de los Remedios 42, Parque Ecológico “Bosque de los Remedios”, C.P. 53404, Naucalpan de Juárez 📌 Requisitos: Traer dispositivo móvil y/o cámara fotográfica. Presentar copia de identificación oficial. 👤 Tallerista: Leodan Morales 📞 Registro al teléfono: 55 8789 5500, ext. 1089 📧 Correo: laura.flores@naucalpan.gob.mx ⚠️ Cupo limitado Desde el Gobierno de Naucalpan seguimos impulsando actividades que promueven el bienestar, la convivencia y el cuidado de nuestros espacios naturales. #AquiGobiernaLaEsperanza #Naucalpan #Fotografía",https://www.facebook.com/CiudadNaucalpan/posts/pfbid02moSnmVbqAP3fyFtNnJCRLPZhyERdvNvfhR4jwbpRcugF9dcDWzMtyUbJFvc3YEMal,https://www.facebook.com/CiudadNaucalpan/posts/pfbid02moSnmVbqAP3fyFtNnJCRLPZhyERdvNvfhR4jwbpRcugF9dcDWzMtyUbJFvc3YEMal,2026-01-21 08:02:18,2026-01-21,/home/emilio/Documentos/Naucalpan_Semanal_Reportes/Periodico/Enero_Mayo/2026-01-16_al_2026-01-30/Facebook/2026-01-16_al_2026-01-30_Facebook/2026-01-16_al_2026-01-30_Facebook_posts.csv
2026-01-16,2026-01-16_al_2026-01-30_Facebook,gobierno_naucalpan,Gobierno de Naucalpan,facebook,Facebook,post_facebook,ciudadnaucalpan,Ciudad Naucalpan / Gobierno Municipal 2025-2027.,,"Círculo Juvenil Literario y de Cine “La Cuarta Dimensión”📚🎬 El Gobierno de Ciudad Naucalpan, a través de la Dirección de Bienestar e Inclusión Social y el Instituto de las Juventudes Naucalpenses, impulsa este espacio de reflexión, participación y diversión dirigido a las juventudes, donde la literatura y el cine se convierten en herramientas para el diálogo y el pensamiento crítico. 🗓 22 y 29 de enero | 5 y 9 de febrero ⏰ 10:30 a 12:30 horas 📍 Oficinas del Instituto de las Juventudes Naucalpenses Av. Universidad S/N, Las Américas, Naucalpan de Juárez. 📞 Informes: 55 7814 4783 ✉️ belem.hernandez@naucalpan.gob.mx #AquiGobiernaLaEsperanza #Naucalpan #BienestarEInclusiónSocial","Círculo Juvenil Literario y de Cine “La Cuarta Dimensión”📚🎬 El Gobierno de Ciudad Naucalpan, a través de la Dirección de Bienestar e Inclusión Social y el Instituto de las Juventudes Naucalpenses, impulsa este espacio de reflexión, participación y diversión dirigido a las juventudes, donde la literatura y el cine se convierten en herramientas para el diálogo y el pensamiento crítico. 🗓 22 y 29 de enero | 5 y 9 de febrero ⏰ 10:30 a 12:30 horas 📍 Oficinas del Instituto de las Juventudes Naucalpenses Av. Universidad S/N, Las Américas, Naucalpan de Juárez. 📞 Informes: 55 7814 4783 ✉️ belem.hernandez@naucalpan.gob.mx #AquiGobiernaLaEsperanza #Naucalpan #BienestarEInclusiónSocial",https://www.facebook.com/CiudadNaucalpan/posts/pfbid02UQLueqrH2YumLGMstD6KNZsLvXk3aCxmgo9Wxy8mStVcb1WvX7nVY8aLNgM9HpkPl,https://www.facebook.com/CiudadNaucalpan/posts/pfbid02UQLueqrH2YumLGMstD6KNZsLvXk3aCxmgo9Wxy8mStVcb1WvX7nVY8aLNgM9HpkPl,2026-01-21 06:59:24,2026-01-21,/home/emilio/Documentos/Naucalpan_Semanal_Reportes/Periodico/Enero_Mayo/2026-01-16_al_2026-01-30/Facebook/2026-01-16_al_2026-01-30_Facebook/2026-01-16_al_2026-01-30_Facebook_posts.csv
2026-01-16,2026-01-16_al_2026-01-30_Facebook,gobierno_naucalpan,Gobierno de Naucalpan,facebook,Facebook,post_facebook,guardiamunicipalciudadnaucalpan,Guardia Municipal Ciudad Naucalpan,,"Persona detenida por presunto robo a domicilio en Vista del Valle🚨 Elementos de la Guardia Municipal atendieron un reporte en un domicilio del municipio, donde una persona fue sorprendida presuntamente sustrayendo pertenencias sin autorización. Tras la intervención conforme a los protocolos de actuación, la persona fue detenida y puesta a disposición de la Fiscalía Regional de Naucalpan, donde se determinará su situación jurídica. La Guardia Municipal refrenda su compromiso de atender oportunamente los reportes ciudadanos y proteger el patrimonio de las familias naucalpenses. #AquiGobiernaLaEsperanza #GuardiaMunicipal #Naucalpan #Seguridad","Persona detenida por presunto robo a domicilio en Vista del Valle🚨 Elementos de la Guardia Municipal atendieron un reporte en un domicilio del municipio, donde una persona fue sorprendida presuntamente sustrayendo pertenencias sin autorización. Tras la intervención conforme a los protocolos de actuación, la persona fue detenida y puesta a disposición de la Fiscalía Regional de Naucalpan, donde se determinará su situación jurídica. La Guardia Municipal refrenda su compromiso de atender oportunamente los reportes ciudadanos y proteger el patrimonio de las familias naucalpenses. #AquiGobiernaLaEsperanza #GuardiaMunicipal #Naucalpan #Seguridad",https://www.facebook.com/GuardiaMunicipalCiudadNaucalpan/posts/pfbid02gGhG32JehcAUcr3FkJ2W8Fi1sZYDoMtzowquJVqYhC4S68KpjGg7K3UZh25fZ94al,https://www.facebook.com/GuardiaMunicipalCiudadNaucalpan/posts/pfbid02gGhG32JehcAUcr3FkJ2W8Fi1sZYDoMtzowquJVqYhC4S68KpjGg7K3UZh25fZ94al,2026-01-21 20:30:28,2026-01-21,/home/emilio/Documentos/Naucalpan_Semanal_Reportes/Periodico/Enero_Mayo/2026-01-16_al_2026-01-30/Facebook/2026-01-16_al_2026-01-30_Facebook/2026-01-16_al_2026-01-30_Facebook_posts.csv
2026-01-16,2026-01-16_al_2026-01-30_Facebook,gobierno_naucalpan,Gobierno de Naucalpan,facebook,Facebook,post_facebook,guardiamunicipalciudadnaucalpan,Guardia Municipal Ciudad Naucalpan,,"Persona detenida por presunto robo de motocicleta en San Antonio Zomeyucan🚨 Como parte de un operativo preventivo para evitar el robo de motocicletas, elementos de la Guardia Municipal marcaron el alto a una persona que circulaba a bordo de una motocicleta sin placas. Tras una inspección preventiva y la verificación en plataformas oficiales, se confirmó que el vehículo contaba con reporte de robo. Ante estos hechos, la persona fue detenida y puesta a disposición de la Fiscalía Especializada en Robo de Vehículos, con sede en Naucalpan, donde se determinará su situación jurídica conforme a la ley. La Guardia Municipal mantiene operativos permanentes para prevenir el delito y proteger el patrimonio de las y los naucalpenses. #AquiGobiernaLaEsperanza #GuardiaMunicipal #Naucalpan #Seguridad #PrevencionDelDelito","Persona detenida por presunto robo de motocicleta en San Antonio Zomeyucan🚨 Como parte de un operativo preventivo para evitar el robo de motocicletas, elementos de la Guardia Municipal marcaron el alto a una persona que circulaba a bordo de una motocicleta sin placas. Tras una inspección preventiva y la verificación en plataformas oficiales, se confirmó que el vehículo contaba con reporte de robo. Ante estos hechos, la persona fue detenida y puesta a disposición de la Fiscalía Especializada en Robo de Vehículos, con sede en Naucalpan, donde se determinará su situación jurídica conforme a la ley. La Guardia Municipal mantiene operativos permanentes para prevenir el delito y proteger el patrimonio de las y los naucalpenses. #AquiGobiernaLaEsperanza #GuardiaMunicipal #Naucalpan #Seguridad #PrevencionDelDelito",https://www.facebook.com/GuardiaMunicipalCiudadNaucalpan/posts/pfbid0oZSxLmnPrTMdBzpABNEWBh99TsT8GpjHrNBQvvjhfg5r9KN442Lbgn2hpwCSjFggl,https://www.facebook.com/GuardiaMunicipalCiudadNaucalpan/posts/pfbid0oZSxLmnPrTMdBzpABNEWBh99TsT8GpjHrNBQvvjhfg5r9KN442Lbgn2hpwCSjFggl,2026-01-21 17:30:30,2026-01-21,/home/emilio/Documentos/Naucalpan_Semanal_Reportes/Periodico/Enero_Mayo/2026-01-16_al_2026-01-30/Facebook/2026-01-16_al_2026-01-30_Facebook/2026-01-16_al_2026-01-30_Facebook_posts.csv
2026-01-16,2026-01-16_al_2026-01-30_Facebook,gobierno_naucalpan,Gobierno de Naucalpan,facebook,Facebook,post_facebook,guardiamunicipalciudadnaucalpan,Guardia Municipal Ciudad Naucalpan,,"Persona detenida por daños a inmueble en Ciudad Satélite 🚨 Derivado de un reporte, elementos de la Guardia Municipal atendieron un incidente en un inmueble, donde una persona fue sorprendida causando daños a la infraestructura del lugar. Al realizar la intervención conforme a los protocolos, la persona fue asegurada y puesta a disposición de la Fiscalía Regional de Naucalpan, donde se determinará su situación jurídica. La Guardia Municipal refrenda su compromiso de atender oportunamente los reportes ciudadanos y preservar el orden, la legalidad y la seguridad en el municipio. #AquiGobiernaLaEsperanza #GuardiaMunicipal #Naucalpan #Seguridad","Persona detenida por daños a inmueble en Ciudad Satélite 🚨 Derivado de un reporte, elementos de la Guardia Municipal atendieron un incidente en un inmueble, donde una persona fue sorprendida causando daños a la infraestructura del lugar. Al realizar la intervención conforme a los protocolos, la persona fue asegurada y puesta a disposición de la Fiscalía Regional de Naucalpan, donde se determinará su situación jurídica. La Guardia Municipal refrenda su compromiso de atender oportunamente los reportes ciudadanos y preservar el orden, la legalidad y la seguridad en el municipio. #AquiGobiernaLaEsperanza #GuardiaMunicipal #Naucalpan #Seguridad",https://www.facebook.com/GuardiaMunicipalCiudadNaucalpan/posts/pfbid07sjfnadTNZjc6b5MRrVYHmqdsd4f82jtoHmAzAwpsz7EQ3MRqPFZJNUKQYXMc3Syl,https://www.facebook.com/GuardiaMunicipalCiudadNaucalpan/posts/pfbid07sjfnadTNZjc6b5MRrVYHmqdsd4f82jtoHmAzAwpsz7EQ3MRqPFZJNUKQYXMc3Syl,2026-01-21 15:01:55,2026-01-21,/home/emilio/Documentos/Naucalpan_Semanal_Reportes/Periodico/Enero_Mayo/2026-01-16_al_2026-01-30/Facebook/2026-01-16_al_2026-01-30_Facebook/2026-01-16_al_2026-01-30_Facebook_posts.csv
2026-01-16,2026-01-16_al_2026-01-30_Facebook,gobierno_naucalpan,Gobierno de Naucalpan,facebook,Facebook,post_facebook,guardiamunicipalciudadnaucalpan,Guardia Municipal Ciudad Naucalpan,,"Detenidos por simulación de vehículo oficial en Loma Linda 🚨 Durante labores de vigilancia, elementos de la Guardia Municipal de Ciudad Naucalpan detectaron a personas que simulaban ser autoridad, por lo que se les marcó el alto. Al intentar evadir a los oficiales y alterar el orden público, fueron asegurados conforme a los protocolos de actuación. Las personas detenidas fueron puestas a disposición de la Fiscalía Regional de Justicia de Naucalpan, donde se determinará su situación jurídica. La Guardia Municipal reitera su compromiso de actuar con firmeza para proteger la seguridad, el orden y la legalidad en el municipio. #AquiGobiernaLaEsperanza #GuardiaMunicipal #Naucalpan #Seguridad","Detenidos por simulación de vehículo oficial en Loma Linda 🚨 Durante labores de vigilancia, elementos de la Guardia Municipal de Ciudad Naucalpan detectaron a personas que simulaban ser autoridad, por lo que se les marcó el alto. Al intentar evadir a los oficiales y alterar el orden público, fueron asegurados conforme a los protocolos de actuación. Las personas detenidas fueron puestas a disposición de la Fiscalía Regional de Justicia de Naucalpan, donde se determinará su situación jurídica. La Guardia Municipal reitera su compromiso de actuar con firmeza para proteger la seguridad, el orden y la legalidad en el municipio. #AquiGobiernaLaEsperanza #GuardiaMunicipal #Naucalpan #Seguridad",https://www.facebook.com/GuardiaMunicipalCiudadNaucalpan/posts/pfbid084z4nDj99vpYrUndD7ckcqwRnrcVyUwbZjE4z6nhVVxMVmvL4hGdVDafKRyvHD8yl,https://www.facebook.com/GuardiaMunicipalCiudadNaucalpan/posts/pfbid084z4nDj99vpYrUndD7ckcqwRnrcVyUwbZjE4z6nhVVxMVmvL4hGdVDafKRyvHD8yl,2026-01-21 11:30:44,2026-01-21,/home/emilio/Documentos/Naucalpan_Semanal_Reportes/Periodico/Enero_Mayo/2026-01-16_al_2026-01-30/Facebook/2026-01-16_al_2026-01-30_Facebook/2026-01-16_al_2026-01-30_Facebook_posts.csv
2026-01-16,2026-01-16_al_2026-01-30_Facebook,gobierno_naucalpan,Gobierno de Naucalpan,facebook,Facebook,post_facebook,guardiamunicipalciudadnaucalpan,Guardia Municipal Ciudad Naucalpan,,"Seguridad y prevención del delito🚔🛡️ ▶️📹 Conoce las recomendaciones para proteger tu vehículo cuando está estacionado. Desde la Guardia Municipal de Ciudad Naucalpan, seguimos trabajando por la seguridad de las y los naucalpenses. #AquiGobiernaLaEsperanza #GuardiaMunicipal #Naucalpan #Prevencion","Seguridad y prevención del delito🚔🛡️ ▶️📹 Conoce las recomendaciones para proteger tu vehículo cuando está estacionado. Desde la Guardia Municipal de Ciudad Naucalpan, seguimos trabajando por la seguridad de las y los naucalpenses. #AquiGobiernaLaEsperanza #GuardiaMunicipal #Naucalpan #Prevencion",https://www.facebook.com/reel/1363260318816515/,https://www.facebook.com/reel/1363260318816515/,2026-01-21 09:04:37,2026-01-21,/home/emilio/Documentos/Naucalpan_Semanal_Reportes/Periodico/Enero_Mayo/2026-01-16_al_2026-01-30/Facebook/2026-01-16_al_2026-01-30_Facebook/2026-01-16_al_2026-01-30_Facebook_posts.csv
2026-01-16,2026-01-16_al_2026-01-30_Facebook,gobierno_naucalpan,Gobierno de Naucalpan,facebook,Facebook,post_facebook,ciudadnaucalpan,Ciudad Naucalpan / Gobierno Municipal 2025-2027.,,"El Gobierno de Ciudad Naucalpan, encabezado por el Presidente Municipal Isaac Montoya, y a través de la Dirección de Medio Ambiente, realizó una Mega Limpieza en el Parque La Hoja, con acciones concretas para la recuperación y conservación de este espacio natural.🌿 Durante la jornada se llevó a cabo la limpieza de senderos ecológicos, el retiro de residuos (principalmente bolsas de desechos caninos) y la remoción de una cabina utilizada indebidamente como sanitario en la entrada del parque. Asimismo, se reutilizaron troncos de árboles caídos para la construcción de vallas perimetrales, se cavaron zanjas y se colocaron árboles de manera estratégica para mejorar la captación de humedad, favorecer la filtración de agua al subsuelo y contribuir a la recarga de los mantos acuíferos. Como parte de las acciones, se realizó un diagnóstico de los árboles reforestados en 2025 para verificar su estado y se llevaron a cabo labores de saneamiento en ejemplares dañados. Estas iniciativas forman parte del plan integral de justicia social y ambiental para proteger los pulmones verdes del municipio, mejorar la imagen urbana y fortalecer la conciencia ambiental entre las y los naucalpenses. #AquiGobiernaLaEsperanza #Naucalpan #MedioAmbiente #ParqueLaHoja","El Gobierno de Ciudad Naucalpan, encabezado por el Presidente Municipal Isaac Montoya, y a través de la Dirección de Medio Ambiente, realizó una Mega Limpieza en el Parque La Hoja, con acciones concretas para la recuperación y conservación de este espacio natural.🌿 Durante la jornada se llevó a cabo la limpieza de senderos ecológicos, el retiro de residuos (principalmente bolsas de desechos caninos) y la remoción de una cabina utilizada indebidamente como sanitario en la entrada del parque. Asimismo, se reutilizaron troncos de árboles caídos para la construcción de vallas perimetrales, se cavaron zanjas y se colocaron árboles de manera estratégica para mejorar la captación de humedad, favorecer la filtración de agua al subsuelo y contribuir a la recarga de los mantos acuíferos. Como parte de las acciones, se realizó un diagnóstico de los árboles reforestados en 2025 para verificar su estado y se llevaron a cabo labores de saneamiento en ejemplares dañados. Estas iniciativas forman parte del plan integral de justicia social y ambiental para proteger los pulmones verdes del municipio, mejorar la imagen urbana y fortalecer la conciencia ambiental entre las y los naucalpenses. #AquiGobiernaLaEsperanza #Naucalpan #MedioAmbiente #ParqueLaHoja",https://www.facebook.com/CiudadNaucalpan/posts/pfbid0GHaTLfPcZbEpizbFXAEpzwqjccHx3sGjBgCDSkVbjRzWs2YwFpEwaPv4RVsqgynLl,https://www.facebook.com/CiudadNaucalpan/posts/pfbid0GHaTLfPcZbEpizbFXAEpzwqjccHx3sGjBgCDSkVbjRzWs2YwFpEwaPv4RVsqgynLl,2026-01-20 22:02:45,2026-01-20,/home/emilio/Documentos/Naucalpan_Semanal_Reportes/Periodico/Enero_Mayo/2026-01-16_al_2026-01-30/Facebook/2026-01-16_al_2026-01-30_Facebook/2026-01-16_al_2026-01-30_Facebook_posts.csv
2026-01-16,2026-01-16_al_2026-01-30_Facebook,gobierno_naucalpan,Gobierno de Naucalpan,facebook,Facebook,post_facebook,ciudadnaucalpan,Ciudad Naucalpan / Gobierno Municipal 2025-2027.,,"Círculo Juvenil Literario y de Cine “La Cuarta Dimensión”📚🎬 El Gobierno de Ciudad Naucalpan, a través de la Dirección de Bienestar e Inclusión Social y el Instituto de las Juventudes Naucalpenses, impulsa este espacio de reflexión, participación y diversión dirigido a las juventudes, donde la literatura y el cine se convierten en herramientas para el diálogo y el pensamiento crítico. 🗓 22 y 29 de enero | 5 y 9 de febrero ⏰ 10:30 a 12:30 horas 📍 Oficinas del Instituto de las Juventudes Naucalpenses Av. Universidad S/N, Las Américas, Naucalpan de Juárez. 📞 Informes: 55 7814 4783 ✉️ belem.hernandez@naucalpan.gob.mx #AquiGobiernaLaEsperanza #Naucalpan #BienestarEInclusiónSocial","Círculo Juvenil Literario y de Cine “La Cuarta Dimensión”📚🎬 El Gobierno de Ciudad Naucalpan, a través de la Dirección de Bienestar e Inclusión Social y el Instituto de las Juventudes Naucalpenses, impulsa este espacio de reflexión, participación y diversión dirigido a las juventudes, donde la literatura y el cine se convierten en herramientas para el diálogo y el pensamiento crítico. 🗓 22 y 29 de enero | 5 y 9 de febrero ⏰ 10:30 a 12:30 horas 📍 Oficinas del Instituto de las Juventudes Naucalpenses Av. Universidad S/N, Las Américas, Naucalpan de Juárez. 📞 Informes: 55 7814 4783 ✉️ belem.hernandez@naucalpan.gob.mx #AquiGobiernaLaEsperanza #Naucalpan #BienestarEInclusiónSocial",https://www.facebook.com/CiudadNaucalpan/posts/pfbid02SwAF4mA4uC3KQgDSWQevd8RWb69rARf4oCc1NbS5GT4KNA6Z7XLX7MULvNKrWqG1l,https://www.facebook.com/CiudadNaucalpan/posts/pfbid02SwAF4mA4uC3KQgDSWQevd8RWb69rARf4oCc1NbS5GT4KNA6Z7XLX7MULvNKrWqG1l,2026-01-20 15:34:18,2026-01-20,/home/emilio/Documentos/Naucalpan_Semanal_Reportes/Periodico/Enero_Mayo/2026-01-16_al_2026-01-30/Facebook/2026-01-16_al_2026-01-30_Facebook/2026-01-16_al_2026-01-30_Facebook_posts.csv
2026-01-16,2026-01-16_al_2026-01-30_Facebook,gobierno_naucalpan,Gobierno de Naucalpan,facebook,Facebook,post_facebook,ciudadnaucalpan,Ciudad Naucalpan / Gobierno Municipal 2025-2027.,,"Guía Ciudadana para el Pago del Impuesto Predial 2026🧾🏠 En el Gobierno de Ciudad Naucalpan trabajamos para que cada trámite sea más claro, sencillo y accesible para todas y todos. 👉Consulta en las imágenes la guía completa con los requisitos, opciones de pago y descuentos vigentes, y realiza tu contribución de forma fácil y sin contratiempos. Tu predial se transforma en obras, servicios y mejores espacios para nuestra comunidad. #AquiGobiernaLaEsperanza #Naucalpan #Predial2026 #TesoreriaMunicipal","Guía Ciudadana para el Pago del Impuesto Predial 2026🧾🏠 En el Gobierno de Ciudad Naucalpan trabajamos para que cada trámite sea más claro, sencillo y accesible para todas y todos. 👉Consulta en las imágenes la guía completa con los requisitos, opciones de pago y descuentos vigentes, y realiza tu contribución de forma fácil y sin contratiempos. Tu predial se transforma en obras, servicios y mejores espacios para nuestra comunidad. #AquiGobiernaLaEsperanza #Naucalpan #Predial2026 #TesoreriaMunicipal",https://www.facebook.com/CiudadNaucalpan/posts/pfbid02VSr3j7yRLrhQobnFBGyBVWDrBrUHFjrn8BACzjaxpCFdehYkZAuYR3Kh9uQLB52gl,https://www.facebook.com/CiudadNaucalpan/posts/pfbid02VSr3j7yRLrhQobnFBGyBVWDrBrUHFjrn8BACzjaxpCFdehYkZAuYR3Kh9uQLB52gl,2026-01-20 12:02:49,2026-01-20,/home/emilio/Documentos/Naucalpan_Semanal_Reportes/Periodico/Enero_Mayo/2026-01-16_al_2026-01-30/Facebook/2026-01-16_al_2026-01-30_Facebook/2026-01-16_al_2026-01-30_Facebook_posts.csv
2026-01-16,2026-01-16_al_2026-01-30_Facebook,gobierno_naucalpan,Gobierno de Naucalpan,facebook,Facebook,post_facebook,ciudadnaucalpan,Ciudad Naucalpan / Gobierno Municipal 2025-2027.,,"Pago Predial Naucalpan 2026🏠 Paga en Tesorería, receptorías, bancos o en línea. 💻 Pago en línea: 👉 https://f.mtr.cool/fybqjefxcq Cumplir fortalece tu colonia y tu municipio. #AquiGobiernaLaEsperanza #Naucalpan #Predial2026 #TesoreriaMunicipal","Pago Predial Naucalpan 2026🏠 Paga en Tesorería, receptorías, bancos o en línea. 💻 Pago en línea: 👉 https://f.mtr.cool/fybqjefxcq Cumplir fortalece tu colonia y tu municipio. #AquiGobiernaLaEsperanza #Naucalpan #Predial2026 #TesoreriaMunicipal",https://www.facebook.com/CiudadNaucalpan/posts/pfbid0jf4DDsrhBXDE1wjHtowmj2rgSbgbbXZHYpysdguUgMPqaPJZUt3kqTeV9TLYQFYTl,https://www.facebook.com/CiudadNaucalpan/posts/pfbid0jf4DDsrhBXDE1wjHtowmj2rgSbgbbXZHYpysdguUgMPqaPJZUt3kqTeV9TLYQFYTl,2026-01-20 11:05:10,2026-01-20,/home/emilio/Documentos/Naucalpan_Semanal_Reportes/Periodico/Enero_Mayo/2026-01-16_al_2026-01-30/Facebook/2026-01-16_al_2026-01-30_Facebook/2026-01-16_al_2026-01-30_Facebook_posts.csv
2026-01-16,2026-01-16_al_2026-01-30_Facebook,gobierno_naucalpan,Gobierno de Naucalpan,facebook,Facebook,post_facebook,guardiamunicipalciudadnaucalpan,Guardia Municipal Ciudad Naucalpan,,"La Guardia Municipal de Ciudad Naucalpan informa que el uso de casco es obligatorio para motociclistas y ciclistas, de acuerdo con el Reglamento de Tránsito. 🚔 Portarlo de manera correcta contribuye a reducir riesgos y prevenir lesiones en caso de accidente. Respetar esta medida es parte de la seguridad vial y del cuidado colectivo. Seguimos trabajando con toda seguridad.🤝 #AquiGobiernaLaEsperanza #GuardiaMunicipal #Naucalpan #SeguridadVial #UsoDeCasco","La Guardia Municipal de Ciudad Naucalpan informa que el uso de casco es obligatorio para motociclistas y ciclistas, de acuerdo con el Reglamento de Tránsito. 🚔 Portarlo de manera correcta contribuye a reducir riesgos y prevenir lesiones en caso de accidente. Respetar esta medida es parte de la seguridad vial y del cuidado colectivo. Seguimos trabajando con toda seguridad.🤝 #AquiGobiernaLaEsperanza #GuardiaMunicipal #Naucalpan #SeguridadVial #UsoDeCasco",https://www.facebook.com/reel/1402746961644252/,https://www.facebook.com/reel/1402746961644252/,2026-01-20 08:02:51,2026-01-20,/home/emilio/Documentos/Naucalpan_Semanal_Reportes/Periodico/Enero_Mayo/2026-01-16_al_2026-01-30/Facebook/2026-01-16_al_2026-01-30_Facebook/2026-01-16_al_2026-01-30_Facebook_posts.csv
2026-01-16,2026-01-16_al_2026-01-30_Facebook,gobierno_naucalpan,Gobierno de Naucalpan,facebook,Facebook,post_facebook,guardiamunicipalciudadnaucalpan,Guardia Municipal Ciudad Naucalpan,,"Detenido por presunto robo a vehículo en Praderas de San Mateo🚨 Durante un recorrido de patrullaje, elementos de la Guardia Municipal atendieron el reporte de varias personas, quienes solicitaron apoyo al observar a un masculino abriendo un vehículo y sustrayendo objetos de su interior. Tras la intervención, el propietario del automóvil señaló la falta de pertenencias, entre ellas el estéreo y un espejo retrovisor. Finalmente, el hombre fue detenido, se le informaron sus derechos y fue puesto a disposición de la Fiscalía Regional de Justicia de Naucalpan, donde se determinará su situación jurídica conforme a los protocolos establecidos. La Guardia Municipal mantiene su compromiso con la seguridad y la tranquilidad de las y los naucalpenses, reforzando los patrullajes y la atención oportuna a reportes ciudadanos. #AquiGobiernaLaEsperanza #GuardiaMunicipal #Naucalpan #Seguridad","Detenido por presunto robo a vehículo en Praderas de San Mateo🚨 Durante un recorrido de patrullaje, elementos de la Guardia Municipal atendieron el reporte de varias personas, quienes solicitaron apoyo al observar a un masculino abriendo un vehículo y sustrayendo objetos de su interior. Tras la intervención, el propietario del automóvil señaló la falta de pertenencias, entre ellas el estéreo y un espejo retrovisor. Finalmente, el hombre fue detenido, se le informaron sus derechos y fue puesto a disposición de la Fiscalía Regional de Justicia de Naucalpan, donde se determinará su situación jurídica conforme a los protocolos establecidos. La Guardia Municipal mantiene su compromiso con la seguridad y la tranquilidad de las y los naucalpenses, reforzando los patrullajes y la atención oportuna a reportes ciudadanos. #AquiGobiernaLaEsperanza #GuardiaMunicipal #Naucalpan #Seguridad",https://www.facebook.com/GuardiaMunicipalCiudadNaucalpan/posts/pfbid0C6uvBa1VZdxP836a2ftNBuG1nGoUqBmm2xzeH8kj9QLsVDcrAu7AdshiPb5p2RpLl,https://www.facebook.com/GuardiaMunicipalCiudadNaucalpan/posts/pfbid0C6uvBa1VZdxP836a2ftNBuG1nGoUqBmm2xzeH8kj9QLsVDcrAu7AdshiPb5p2RpLl,2026-01-19 21:27:16,2026-01-19,/home/emilio/Documentos/Naucalpan_Semanal_Reportes/Periodico/Enero_Mayo/2026-01-16_al_2026-01-30/Facebook/2026-01-16_al_2026-01-30_Facebook/2026-01-16_al_2026-01-30_Facebook_posts.csv
2026-01-16,2026-01-16_al_2026-01-30_Facebook,gobierno_naucalpan,Gobierno de Naucalpan,facebook,Facebook,post_facebook,guardiamunicipalciudadnaucalpan,Guardia Municipal Ciudad Naucalpan,,"Vecinas y vecinos de Ciudad Naucalpan🚔 Si vas a realizar la compra o venta de un vehículo entre particulares, es importante tomar medidas de prevención para evitar fraudes, robos o situaciones de riesgo. 🔎 Verifica la autenticidad y confiabilidad de sitios o páginas web. 💳 No entregues el vehículo ni documentos hasta confirmar el pago en tu cuenta. 📍 Realiza la transacción en lugares públicos y concurridos. 📄 Asegúrate de que la documentación sea original y esté en regla. 👥 Evita acudir solo o portar grandes cantidades de efectivo. 📞 Ante cualquier duda o situación sospechosa, comunícate de inmediato con la Guardia Municipal: Emergencias 911 Atención Ciudadana 55 5363 4574 Tu seguridad es nuestra prioridad. #AquiGobiernaLaEsperanza #GuardiaMunicipal #Naucalpan #Seguridad","Vecinas y vecinos de Ciudad Naucalpan🚔 Si vas a realizar la compra o venta de un vehículo entre particulares, es importante tomar medidas de prevención para evitar fraudes, robos o situaciones de riesgo. 🔎 Verifica la autenticidad y confiabilidad de sitios o páginas web. 💳 No entregues el vehículo ni documentos hasta confirmar el pago en tu cuenta. 📍 Realiza la transacción en lugares públicos y concurridos. 📄 Asegúrate de que la documentación sea original y esté en regla. 👥 Evita acudir solo o portar grandes cantidades de efectivo. 📞 Ante cualquier duda o situación sospechosa, comunícate de inmediato con la Guardia Municipal: Emergencias 911 Atención Ciudadana 55 5363 4574 Tu seguridad es nuestra prioridad. #AquiGobiernaLaEsperanza #GuardiaMunicipal #Naucalpan #Seguridad",https://www.facebook.com/GuardiaMunicipalCiudadNaucalpan/posts/pfbid032s1wpdj5C6TJsaGf3reDFWVWrTmFa122s3ZdG6vu1LRbUUbA3GjovprBowSNM6Zcl,https://www.facebook.com/GuardiaMunicipalCiudadNaucalpan/posts/pfbid032s1wpdj5C6TJsaGf3reDFWVWrTmFa122s3ZdG6vu1LRbUUbA3GjovprBowSNM6Zcl,2026-01-19 15:17:07,2026-01-19,/home/emilio/Documentos/Naucalpan_Semanal_Reportes/Periodico/Enero_Mayo/2026-01-16_al_2026-01-30/Facebook/2026-01-16_al_2026-01-30_Facebook/2026-01-16_al_2026-01-30_Facebook_posts.csv
2026-01-16,2026-01-16_al_2026-01-30_Facebook,gobierno_naucalpan,Gobierno de Naucalpan,facebook,Facebook,post_facebook,guardiamunicipalciudadnaucalpan,Guardia Municipal Ciudad Naucalpan,,"🚨 GUARDIA MUNICIPAL DESMANTELA BANDA DE ROBO DE VEHÍCULOS 🚨 Gracias a trabajos de inteligencia y a la coordinación con la Fiscalía Especializada en la Investigación del Delito de Robo de Vehículos, la Guardia Municipal de Naucalpan logró la detención de cuatro presuntos integrantes de una banda dedicada al robo de vehículos que operaba en Naucalpan de Juárez y zonas colindantes con Tlalnepantla y Azcapotzalco. Durante dos acciones operativas, se aseguraron vehículos, una motocicleta y herramientas tecnológicas utilizadas para el robo de automóviles. Las personas detenidas fueron puestas a disposición del Ministerio Público para las investigaciones correspondientes. 📉 EL IMPACTO DE ESTOS OPERATIVOS ES CLARO Como resultado de la estrategia Seguridad con Todo, en 2025 se registraron 1,077 robos de vehículo menos en comparación con 2024. • –49.3% en robo de vehículo con violencia • –44.8% en robo de vehículo sin violencia 👉 Más de mil familias conservaron su patrimonio. En Naucalpan, la Guardia Municipal no solo previene: actúa y da resultados. #Naucalpan #GuardiaMunicipal #SeguridadConTodo #ConTodaSeguridad","🚨 GUARDIA MUNICIPAL DESMANTELA BANDA DE ROBO DE VEHÍCULOS 🚨 Gracias a trabajos de inteligencia y a la coordinación con la Fiscalía Especializada en la Investigación del Delito de Robo de Vehículos, la Guardia Municipal de Naucalpan logró la detención de cuatro presuntos integrantes de una banda dedicada al robo de vehículos que operaba en Naucalpan de Juárez y zonas colindantes con Tlalnepantla y Azcapotzalco. Durante dos acciones operativas, se aseguraron vehículos, una motocicleta y herramientas tecnológicas utilizadas para el robo de automóviles. Las personas detenidas fueron puestas a disposición del Ministerio Público para las investigaciones correspondientes. 📉 EL IMPACTO DE ESTOS OPERATIVOS ES CLARO Como resultado de la estrategia Seguridad con Todo, en 2025 se registraron 1,077 robos de vehículo menos en comparación con 2024. • –49.3% en robo de vehículo con violencia • –44.8% en robo de vehículo sin violencia 👉 Más de mil familias conservaron su patrimonio. En Naucalpan, la Guardia Municipal no solo previene: actúa y da resultados. #Naucalpan #GuardiaMunicipal #SeguridadConTodo #ConTodaSeguridad",https://www.facebook.com/GuardiaMunicipalCiudadNaucalpan/posts/pfbid02cdGJMtn5DaBLhfkQ5mfohyJMPaaUwHXJUvrd1DxSPjaFw5xPgCFA9jGBu2GHMZwhl,https://www.facebook.com/GuardiaMunicipalCiudadNaucalpan/posts/pfbid02cdGJMtn5DaBLhfkQ5mfohyJMPaaUwHXJUvrd1DxSPjaFw5xPgCFA9jGBu2GHMZwhl,2026-01-17 19:48:00,2026-01-17,/home/emilio/Documentos/Naucalpan_Semanal_Reportes/Periodico/Enero_Mayo/2026-01-16_al_2026-01-30/Facebook/2026-01-16_al_2026-01-30_Facebook/2026-01-16_al_2026-01-30_Facebook_posts.csv
2026-01-16,2026-01-16_al_2026-01-30_Facebook,isaac_montoya,Isaac Montoya,facebook,Facebook,post_facebook,isaacmontoya24,Isaac Montoya,,"Es un orgullo haber recibido en Ciudad Naucalpan a Jahir Ocampo, ex clavadista olímpico, en el marco de la Ratificación de la Federación Mexicana de Clavados y Clavados de Altura, un evento histórico del que nuestro municipio fue sede. 🇲🇽 Desde Ciudad Naucalpan refrendamos nuestro compromiso de apoyar a cada atleta y a cada disciplina, acompañando su esfuerzo con iniciativas que fortalezcan su desarrollo y bienestar. #AquiGobiernaLaEsperanza #Naucalpan #Deporte #Clavados","Es un orgullo haber recibido en Ciudad Naucalpan a Jahir Ocampo, ex clavadista olímpico, en el marco de la Ratificación de la Federación Mexicana de Clavados y Clavados de Altura, un evento histórico del que nuestro municipio fue sede. 🇲🇽 Desde Ciudad Naucalpan refrendamos nuestro compromiso de apoyar a cada atleta y a cada disciplina, acompañando su esfuerzo con iniciativas que fortalezcan su desarrollo y bienestar. #AquiGobiernaLaEsperanza #Naucalpan #Deporte #Clavados",https://www.facebook.com/reel/1160495262825883/,https://www.facebook.com/reel/1160495262825883/,2026-01-29 13:00:53,2026-01-29,/home/emilio/Documentos/Naucalpan_Semanal_Reportes/Periodico/Enero_Mayo/2026-01-16_al_2026-01-30/Facebook/2026-01-16_al_2026-01-30_Facebook/2026-01-16_al_2026-01-30_Facebook_posts.csv
2026-01-16,2026-01-16_al_2026-01-30_Facebook,isaac_montoya,Isaac Montoya,facebook,Facebook,post_facebook,isaacmontoya24,Isaac Montoya,,"Agradezco a Raúl Chaparro Romero, presidente de la ASECEM, la invitación para participar en la entrega de nombramientos de esta organización. Desde Ciudad Naucalpan seguimos impulsando el desarrollo económico, la actividad empresarial y la generación de empleos, avanzando este año hacia el gobierno digital. #AquiGobiernaLaEsperanza #Naucalpan #DesarrolloEconomico","Agradezco a Raúl Chaparro Romero, presidente de la ASECEM, la invitación para participar en la entrega de nombramientos de esta organización. Desde Ciudad Naucalpan seguimos impulsando el desarrollo económico, la actividad empresarial y la generación de empleos, avanzando este año hacia el gobierno digital. #AquiGobiernaLaEsperanza #Naucalpan #DesarrolloEconomico",https://www.facebook.com/reel/1289563570024680/,https://www.facebook.com/reel/1289563570024680/,2026-01-28 14:40:02,2026-01-28,/home/emilio/Documentos/Naucalpan_Semanal_Reportes/Periodico/Enero_Mayo/2026-01-16_al_2026-01-30/Facebook/2026-01-16_al_2026-01-30_Facebook/2026-01-16_al_2026-01-30_Facebook_posts.csv
2026-01-16,2026-01-16_al_2026-01-30_Facebook,isaac_montoya,Isaac Montoya,facebook,Facebook,post_facebook,isaacmontoya24,Isaac Montoya,,"Agradezco a Raúl Chaparro Romero, Presidente de la Asociación de Empresarios y Ciudadanos del Estado de México (ASECEM), la invitación para participar en la entrega de nombramientos de esta organización. Desde Ciudad Naucalpan seguimos trabajando para impulsar el desarrollo económico, fortalecer la actividad empresarial y generar empleos. Este año avanzaremos de manera decidida en la simplificación de trámites, con la migración al gobierno digital, para facilitar procesos, dar certeza y acompañar la inversión dentro del marco normativo. Ciudad Naucalpan es un motor económico del Estado de México. Aporta entre el 17 y el 18% del PIB estatal, gracias al trabajo de las y los empresarios y de las y los naucalpenses. En conjunto con municipios vecinos, esta región se consolida como un corredor estratégico para el desarrollo económico y la competitividad. En este contexto, la renovación integral del Periférico Norte, que se realiza en coordinación con el Gobierno del Estado de México que encabeza la maestra Delfina Gómez Álvarez y con distintos gobiernos municipales, es una obra histórica. Por primera vez se interviene esta vialidad con concreto hidráulico de alta resistencia, eliminación de baches, renovación de banquetas, mejora de la infraestructura hidráulica para prevenir inundaciones y un proyecto de iluminación que convertirá esta vía en uno de los senderos seguros y luminosos más grandes del país, beneficiando al transporte público, de carga y particular. La confianza ciudadana en nuestro gobierno se refleja también en los resultados. Ayer alcanzamos un récord de recaudación, producto de un gobierno que cumple, que invierte en obras que benefician a la mayoría y que administra con responsabilidad los recursos públicos. Seguimos trabajando para que Ciudad Naucalpan sea un municipio con mejores condiciones para invertir, producir y vivir, siempre con orden, planeación y visión de futuro. #AquiGobiernaLaEsperanza #Naucalpan #DesarrolloEconómico #GobiernoCercano","Agradezco a Raúl Chaparro Romero, Presidente de la Asociación de Empresarios y Ciudadanos del Estado de México (ASECEM), la invitación para participar en la entrega de nombramientos de esta organización. Desde Ciudad Naucalpan seguimos trabajando para impulsar el desarrollo económico, fortalecer la actividad empresarial y generar empleos. Este año avanzaremos de manera decidida en la simplificación de trámites, con la migración al gobierno digital, para facilitar procesos, dar certeza y acompañar la inversión dentro del marco normativo. Ciudad Naucalpan es un motor económico del Estado de México. Aporta entre el 17 y el 18% del PIB estatal, gracias al trabajo de las y los empresarios y de las y los naucalpenses. En conjunto con municipios vecinos, esta región se consolida como un corredor estratégico para el desarrollo económico y la competitividad. En este contexto, la renovación integral del Periférico Norte, que se realiza en coordinación con el Gobierno del Estado de México que encabeza la maestra Delfina Gómez Álvarez y con distintos gobiernos municipales, es una obra histórica. Por primera vez se interviene esta vialidad con concreto hidráulico de alta resistencia, eliminación de baches, renovación de banquetas, mejora de la infraestructura hidráulica para prevenir inundaciones y un proyecto de iluminación que convertirá esta vía en uno de los senderos seguros y luminosos más grandes del país, beneficiando al transporte público, de carga y particular. La confianza ciudadana en nuestro gobierno se refleja también en los resultados. Ayer alcanzamos un récord de recaudación, producto de un gobierno que cumple, que invierte en obras que benefician a la mayoría y que administra con responsabilidad los recursos públicos. Seguimos trabajando para que Ciudad Naucalpan sea un municipio con mejores condiciones para invertir, producir y vivir, siempre con orden, planeación y visión de futuro. #AquiGobiernaLaEsperanza #Naucalpan #DesarrolloEconómico #GobiernoCercano",https://www.facebook.com/isaacmontoya24/posts/pfbid02oPqWcx7AZZUfmT81HmwKhCGoeTdYFUQ8aGeg3MjWcU9jVPg3ypQwoUh8kwfut34ql,https://www.facebook.com/isaacmontoya24/posts/pfbid02oPqWcx7AZZUfmT81HmwKhCGoeTdYFUQ8aGeg3MjWcU9jVPg3ypQwoUh8kwfut34ql,2026-01-28 14:28:44,2026-01-28,/home/emilio/Documentos/Naucalpan_Semanal_Reportes/Periodico/Enero_Mayo/2026-01-16_al_2026-01-30/Facebook/2026-01-16_al_2026-01-30_Facebook/2026-01-16_al_2026-01-30_Facebook_posts.csv
2026-01-16,2026-01-16_al_2026-01-30_Twitter,isaac_montoya,Isaac Montoya,twitter,Twitter/X,tweet,@isaacsolar,@isaacsolar,,"Rueda de prensa Inicio del segundo tramo de intervención del Periférico Norte, de 3.2 km, utilizando concreto hidráulico MR-45 y contemplando la construcción de banquetas que nunca habían existido en esta zona. Proyección de una intervención integral en la Avenida Ingenieros Militares, en coordinación con la SEDENA, que incluirá sendero seguro, accesibilidad universal, ordenamiento urbano y recuperación del espacio público. Se anunció que durante 2026 se retomará el Par Vial de San Mateo Nopala, una obra pendiente desde hace más de 25 años, para mejorar la conectividad y movilidad de esta zona históricamente rezagada. Se destacó la visita de la Gobernadora Delfina Gómez Álvarez, quien supervisó los avances del rescate histórico del Periférico Norte y del Mexicable, que registra más del 68 % de avance y genera miles de empleos para las y los naucalpenses. Desde el Gobierno de Naucalpan se continuamos informando con transparencia y trabajando en territorio, con responsabilidad y compromiso. #AquiGobiernaLaEsperanza #Naucalpan #RuedaDePrensa","Rueda de prensa Inicio del segundo tramo de intervención del Periférico Norte, de 3.2 km, utilizando concreto hidráulico MR-45 y contemplando la construcción de banquetas que nunca habían existido en esta zona. Proyección de una intervención integral en la Avenida Ingenieros Militares, en coordinación con la SEDENA, que incluirá sendero seguro, accesibilidad universal, ordenamiento urbano y recuperación del espacio público. Se anunció que durante 2026 se retomará el Par Vial de San Mateo Nopala, una obra pendiente desde hace más de 25 años, para mejorar la conectividad y movilidad de esta zona históricamente rezagada. Se destacó la visita de la Gobernadora Delfina Gómez Álvarez, quien supervisó los avances del rescate histórico del Periférico Norte y del Mexicable, que registra más del 68 % de avance y genera miles de empleos para las y los naucalpenses. Desde el Gobierno de Naucalpan se continuamos informando con transparencia y trabajando en territorio, con responsabilidad y compromiso. #AquiGobiernaLaEsperanza #Naucalpan #RuedaDePrensa",https://x.com/isaacsolar/status/2016310503925018662,https://x.com/isaacsolar/status/2016310503925018662,2026-01-28 00:41:00+00:00,2026-01-28,/home/emilio/Documentos/Naucalpan_Semanal_Reportes/Periodico/Enero_Mayo/2026-01-16_al_2026-01-30/Twitter/2026-01-16_al_2026-01-30_Twitter/2026-01-16_al_2026-01-30_Twitter_post_institucionales.csv
2026-01-16,2026-01-16_al_2026-01-30_Facebook,isaac_montoya,Isaac Montoya,facebook,Facebook,post_facebook,isaacmontoya24,Isaac Montoya,,"Rescate de Lobito 💪🐾 El Gobierno de Ciudad Naucalpan, a través de la Coordinación de Bienestar Animal, atendió de manera inmediata un caso de presunto maltrato animal, brindando protección y atención veterinaria a Lobito, quien ya se encuentra bajo resguardo y recibiendo los cuidados necesarios. Asimismo, se informa que, gracias a las denuncias ciudadanas, ya se realizan las acciones correspondientes para que este caso sea debidamente investigado y no quede impune, conforme a la ley. Hacemos un llamado a las y los naucalpenses a respetar y proteger la vida de los seres sintientes, promoviendo un trato digno, responsable y libre de violencia. ¡No al maltrato animal! #AquiGobiernaLaEsperanza #Naucalpan #BienestarAnimal #SeresSintientes #Lobito #Lomitos #MundoPatitas","Rescate de Lobito 💪🐾 El Gobierno de Ciudad Naucalpan, a través de la Coordinación de Bienestar Animal, atendió de manera inmediata un caso de presunto maltrato animal, brindando protección y atención veterinaria a Lobito, quien ya se encuentra bajo resguardo y recibiendo los cuidados necesarios. Asimismo, se informa que, gracias a las denuncias ciudadanas, ya se realizan las acciones correspondientes para que este caso sea debidamente investigado y no quede impune, conforme a la ley. Hacemos un llamado a las y los naucalpenses a respetar y proteger la vida de los seres sintientes, promoviendo un trato digno, responsable y libre de violencia. ¡No al maltrato animal! #AquiGobiernaLaEsperanza #Naucalpan #BienestarAnimal #SeresSintientes #Lobito #Lomitos #MundoPatitas",https://www.facebook.com/reel/2312759882554771/,https://www.facebook.com/reel/2312759882554771/,2026-01-27 19:57:11,2026-01-27,/home/emilio/Documentos/Naucalpan_Semanal_Reportes/Periodico/Enero_Mayo/2026-01-16_al_2026-01-30/Facebook/2026-01-16_al_2026-01-30_Facebook/2026-01-16_al_2026-01-30_Facebook_posts.csv
2026-01-16,2026-01-16_al_2026-01-30_Facebook,isaac_montoya,Isaac Montoya,facebook,Facebook,post_facebook,isaacmontoya24,Isaac Montoya,,"Rueda de prensa 🎤 ▪️Inicio del segundo tramo de intervención del Periférico Norte, de 3.2 km, utilizando concreto hidráulico MR-45 y contemplando la construcción de banquetas que nunca habían existido en esta zona. ▪️Proyección de una intervención integral en la Avenida Ingenieros Militares, en coordinación con la SEDENA, que incluirá sendero seguro, accesibilidad universal, ordenamiento urbano y recuperación del espacio público. ▪️Se anunció que durante 2026 se retomará el Par Vial de San Mateo Nopala, una obra pendiente desde hace más de 25 años, para mejorar la conectividad y movilidad de esta zona históricamente rezagada. ▪️Se destacó la visita de la Gobernadora Delfina Gómez Álvarez, quien supervisó los avances del rescate histórico del Periférico Norte y del Mexicable, que registra más del 68 % de avance y genera miles de empleos para las y los naucalpenses. Desde el Gobierno de Naucalpan se continuamos informando con transparencia y trabajando en territorio, con responsabilidad y compromiso. #AquiGobiernaLaEsperanza #Naucalpan #RuedaDePrensa","Rueda de prensa 🎤 ▪️Inicio del segundo tramo de intervención del Periférico Norte, de 3.2 km, utilizando concreto hidráulico MR-45 y contemplando la construcción de banquetas que nunca habían existido en esta zona. ▪️Proyección de una intervención integral en la Avenida Ingenieros Militares, en coordinación con la SEDENA, que incluirá sendero seguro, accesibilidad universal, ordenamiento urbano y recuperación del espacio público. ▪️Se anunció que durante 2026 se retomará el Par Vial de San Mateo Nopala, una obra pendiente desde hace más de 25 años, para mejorar la conectividad y movilidad de esta zona históricamente rezagada. ▪️Se destacó la visita de la Gobernadora Delfina Gómez Álvarez, quien supervisó los avances del rescate histórico del Periférico Norte y del Mexicable, que registra más del 68 % de avance y genera miles de empleos para las y los naucalpenses. Desde el Gobierno de Naucalpan se continuamos informando con transparencia y trabajando en territorio, con responsabilidad y compromiso. #AquiGobiernaLaEsperanza #Naucalpan #RuedaDePrensa",https://www.facebook.com/isaacmontoya24/posts/pfbid02k6cKtqvh9b1aNRzQzkEBaC2yUznxpgxFguuzGvhpGqeiR48w47rZeyVqRzhp2Bycl,https://www.facebook.com/isaacmontoya24/posts/pfbid02k6cKtqvh9b1aNRzQzkEBaC2yUznxpgxFguuzGvhpGqeiR48w47rZeyVqRzhp2Bycl,2026-01-27 18:41:04,2026-01-27,/home/emilio/Documentos/Naucalpan_Semanal_Reportes/Periodico/Enero_Mayo/2026-01-16_al_2026-01-30/Facebook/2026-01-16_al_2026-01-30_Facebook/2026-01-16_al_2026-01-30_Facebook_posts.csv
2026-01-16,2026-01-16_al_2026-01-30_Facebook,isaac_montoya,Isaac Montoya,facebook,Facebook,post_facebook,isaacmontoya24,Isaac Montoya,,"Mexicable Línea 3 🚠 Nuestra Gobernadora del Estado de México, Delfina Gómez Álvarez, supervisó el avance de las obras de la Línea 3 del Mexicable en Ciudad Naucalpan, en el punto donde se ubicará la estación La Tolva, un proyecto que mejorará la movilidad de miles de habitantes de las zonas altas del municipio y su calidad de vida. #AquiGobiernaLaEsperanza #Naucalpan #EdoMex #Mexicable #Linea3","Mexicable Línea 3 🚠 Nuestra Gobernadora del Estado de México, Delfina Gómez Álvarez, supervisó el avance de las obras de la Línea 3 del Mexicable en Ciudad Naucalpan, en el punto donde se ubicará la estación La Tolva, un proyecto que mejorará la movilidad de miles de habitantes de las zonas altas del municipio y su calidad de vida. #AquiGobiernaLaEsperanza #Naucalpan #EdoMex #Mexicable #Linea3",https://www.facebook.com/isaacmontoya24/posts/pfbid0Bgn4anDJPt81Rv9SMphGBYGgYSpvNew4S1hqHoefTC7wRNDQJF2CrgUwxJHyNgCAl,https://www.facebook.com/isaacmontoya24/posts/pfbid0Bgn4anDJPt81Rv9SMphGBYGgYSpvNew4S1hqHoefTC7wRNDQJF2CrgUwxJHyNgCAl,2026-01-27 11:52:30,2026-01-27,/home/emilio/Documentos/Naucalpan_Semanal_Reportes/Periodico/Enero_Mayo/2026-01-16_al_2026-01-30/Facebook/2026-01-16_al_2026-01-30_Facebook/2026-01-16_al_2026-01-30_Facebook_posts.csv
2026-01-16,2026-01-16_al_2026-01-30_Facebook,isaac_montoya,Isaac Montoya,facebook,Facebook,post_facebook,isaacmontoya24,Isaac Montoya,,"Reconstrucción integral del Periférico Norte🚧 Nuestra Gobernadora del Estado de México, la Maestra Delfina Gómez Álvarez supervisó la reconstrucción integral del Periférico Norte en Ciudad Naucalpan, una obra estratégica que beneficiará a más de 15 millones de usuarios que transitan por esta vía. Desde Ciudad Naucalpan, seguimos trabajando en coordinación con el Gobierno del Estado de México. #AquiGobiernaLaEsperanza #Naucalpan #EdoMex #PerifericoNorte","Reconstrucción integral del Periférico Norte🚧 Nuestra Gobernadora del Estado de México, la Maestra Delfina Gómez Álvarez supervisó la reconstrucción integral del Periférico Norte en Ciudad Naucalpan, una obra estratégica que beneficiará a más de 15 millones de usuarios que transitan por esta vía. Desde Ciudad Naucalpan, seguimos trabajando en coordinación con el Gobierno del Estado de México. #AquiGobiernaLaEsperanza #Naucalpan #EdoMex #PerifericoNorte",https://www.facebook.com/isaacmontoya24/posts/pfbid02ZDNkifCT1hKFf8ayAJe74752vzerwg3ksexFCp7P45ifzrrqjcLCCfx9JSxvks4Zl,https://www.facebook.com/isaacmontoya24/posts/pfbid02ZDNkifCT1hKFf8ayAJe74752vzerwg3ksexFCp7P45ifzrrqjcLCCfx9JSxvks4Zl,2026-01-27 11:44:16,2026-01-27,/home/emilio/Documentos/Naucalpan_Semanal_Reportes/Periodico/Enero_Mayo/2026-01-16_al_2026-01-30/Facebook/2026-01-16_al_2026-01-30_Facebook/2026-01-16_al_2026-01-30_Facebook_posts.csv
2026-01-16,2026-01-16_al_2026-01-30_Facebook,isaac_montoya,Isaac Montoya,facebook,Facebook,post_facebook,isaacmontoya24,Isaac Montoya,,"Avanza la construcción de la Clínica del ISSSTE en Ciudad Naucalpan🏥 Como parte de la estrategia nacional de fortalecimiento del ISSSTE, impulsada por la presidenta de México, Claudia Sheinbaum, continúa el desarrollo de la nueva Clínica de Medicina Familiar en Naucalpan. Esta obra permitirá ampliar la infraestructura de salud y mejorar el acceso a servicios médicos de primer nivel para las y los habitantes del municipio. #Naucalpan","Avanza la construcción de la Clínica del ISSSTE en Ciudad Naucalpan🏥 Como parte de la estrategia nacional de fortalecimiento del ISSSTE, impulsada por la presidenta de México, Claudia Sheinbaum, continúa el desarrollo de la nueva Clínica de Medicina Familiar en Naucalpan. Esta obra permitirá ampliar la infraestructura de salud y mejorar el acceso a servicios médicos de primer nivel para las y los habitantes del municipio. #Naucalpan",https://www.facebook.com/reel/877169215099428/,https://www.facebook.com/reel/877169215099428/,2026-01-27 09:56:43,2026-01-27,/home/emilio/Documentos/Naucalpan_Semanal_Reportes/Periodico/Enero_Mayo/2026-01-16_al_2026-01-30/Facebook/2026-01-16_al_2026-01-30_Facebook/2026-01-16_al_2026-01-30_Facebook_posts.csv
2026-01-16,2026-01-16_al_2026-01-30_Twitter,isaac_montoya,Isaac Montoya,twitter,Twitter/X,tweet,@isaacsolar,@isaacsolar,,"Mexicable Línea 3 Nuestra Gobernadora del Estado de México, Delfina Gómez Álvarez, supervisó el avance de las obras de la Línea 3 del Mexicable en Ciudad Naucalpan, en el punto donde se ubicará la estación La Tolva, un proyecto que mejorará la movilidad de miles de habitantes","Mexicable Línea 3 Nuestra Gobernadora del Estado de México, Delfina Gómez Álvarez, supervisó el avance de las obras de la Línea 3 del Mexicable en Ciudad Naucalpan, en el punto donde se ubicará la estación La Tolva, un proyecto que mejorará la movilidad de miles de habitantes",https://x.com/isaacsolar/status/2016207702414831620,https://x.com/isaacsolar/status/2016207702414831620,2026-01-27 17:52:30+00:00,2026-01-27,/home/emilio/Documentos/Naucalpan_Semanal_Reportes/Periodico/Enero_Mayo/2026-01-16_al_2026-01-30/Twitter/2026-01-16_al_2026-01-30_Twitter/2026-01-16_al_2026-01-30_Twitter_post_institucionales.csv
2026-01-16,2026-01-16_al_2026-01-30_Twitter,isaac_montoya,Isaac Montoya,twitter,Twitter/X,tweet,@isaacsolar,@isaacsolar,,"Avanza la construcción de la Clínica del ISSSTE en Naucalpan Como parte de la estrategia nacional de fortalecimiento del ISSSTE, impulsada por la presidenta de México, Claudia Sheinbaum, continúa el desarrollo de la nueva Clínica de Medicina Familiar en Naucalpan. Esta obra permitirá ampliar la infraestructura de salud y mejorar el acceso a servicios médicos de primer nivel para las y los habitantes del municipio. #Naucalpan","Avanza la construcción de la Clínica del ISSSTE en Naucalpan Como parte de la estrategia nacional de fortalecimiento del ISSSTE, impulsada por la presidenta de México, Claudia Sheinbaum, continúa el desarrollo de la nueva Clínica de Medicina Familiar en Naucalpan. Esta obra permitirá ampliar la infraestructura de salud y mejorar el acceso a servicios médicos de primer nivel para las y los habitantes del municipio. #Naucalpan",https://x.com/isaacsolar/status/2016178870253142128,https://x.com/isaacsolar/status/2016178870253142128,2026-01-27 15:57:56+00:00,2026-01-27,/home/emilio/Documentos/Naucalpan_Semanal_Reportes/Periodico/Enero_Mayo/2026-01-16_al_2026-01-30/Twitter/2026-01-16_al_2026-01-30_Twitter/2026-01-16_al_2026-01-30_Twitter_post_institucionales.csv
2026-01-16,2026-01-16_al_2026-01-30_Twitter,isaac_montoya,Isaac Montoya,twitter,Twitter/X,tweet,@isaacsolar,@isaacsolar,,"Llevamos a cabo la Mesa de Trabajo y Coordinación para el rescate y la transformación integral del Periférico Norte. Fue un gusto recibir en Ciudad Naucalpan a presidentas y presidentes municipales de la región, al Gobierno del Estado de México y a representantes de Aleatica, empresa concesionaria del Viaducto Elevado Bicentenario, con el objetivo común de atender, de manera coordinada, uno de los principales retos metropolitanos del Valle de México. El Periférico es una de las vialidades más importantes del país: por aquí circulan todos los días cerca de medio millón de personas, transporte público, particular y de carga. Durante décadas no recibió una intervención de fondo; hoy, los gobiernos municipales de la región, en coordinación con la gobernadora del Estado de México, la maestra @delfinagomeza, impulsamos una transformación integral, no paliativos. Desde Ciudad Naucalpan, ya se avanza con obras de rehabilitación con concreto hidráulico y en los próximos días iniciará una segunda etapa que permitirá contar con alrededor de 9 kilómetros intervenidos con materiales de alta resistencia. De manera paralela, se trabaja para que el Periférico se consolide como uno de los corredores más seguros del país, con mejor iluminación, banquetas, ordenamiento vial y mayor seguridad. Reconozco la coordinación con la Junta de Caminos del Estado de México, encabezada por Joel González Toral, así como el trabajo conjunto entre los municipios y el Gobierno del Estado para hacer posible esta intervención de alcance metropolitano. Estos trabajos, hoy ya en marcha, representan una intervención de alcance regional que reivindica el carácter público del territorio y el derecho de todas y todos a una movilidad segura, accesible y digna. Es una transformación pensada para quienes sostienen la vida metropolitana todos los días: personas trabajadoras, usuarias del transporte público y comunidades que por años fueron relegadas en la planeación urbana. #AquiGobiernaLaEsperanza #Naucalpan #PerifericoNorte #Transformacion","Llevamos a cabo la Mesa de Trabajo y Coordinación para el rescate y la transformación integral del Periférico Norte. Fue un gusto recibir en Ciudad Naucalpan a presidentas y presidentes municipales de la región, al Gobierno del Estado de México y a representantes de Aleatica, empresa concesionaria del Viaducto Elevado Bicentenario, con el objetivo común de atender, de manera coordinada, uno de los principales retos metropolitanos del Valle de México. El Periférico es una de las vialidades más importantes del país: por aquí circulan todos los días cerca de medio millón de personas, transporte público, particular y de carga. Durante décadas no recibió una intervención de fondo; hoy, los gobiernos municipales de la región, en coordinación con la gobernadora del Estado de México, la maestra @delfinagomeza, impulsamos una transformación integral, no paliativos. Desde Ciudad Naucalpan, ya se avanza con obras de rehabilitación con concreto hidráulico y en los próximos días iniciará una segunda etapa que permitirá contar con alrededor de 9 kilómetros intervenidos con materiales de alta resistencia. De manera paralela, se trabaja para que el Periférico se consolide como uno de los corredores más seguros del país, con mejor iluminación, banquetas, ordenamiento vial y mayor seguridad. Reconozco la coordinación con la Junta de Caminos del Estado de México, encabezada por Joel González Toral, así como el trabajo conjunto entre los municipios y el Gobierno del Estado para hacer posible esta intervención de alcance metropolitano. Estos trabajos, hoy ya en marcha, representan una intervención de alcance regional que reivindica el carácter público del territorio y el derecho de todas y todos a una movilidad segura, accesible y digna. Es una transformación pensada para quienes sostienen la vida metropolitana todos los días: personas trabajadoras, usuarias del transporte público y comunidades que por años fueron relegadas en la planeación urbana. #AquiGobiernaLaEsperanza #Naucalpan #PerifericoNorte #Transformacion",https://x.com/isaacsolar/status/2015952871519371530,https://x.com/isaacsolar/status/2015952871519371530,2026-01-27 00:59:53+00:00,2026-01-27,/home/emilio/Documentos/Naucalpan_Semanal_Reportes/Periodico/Enero_Mayo/2026-01-16_al_2026-01-30/Twitter/2026-01-16_al_2026-01-30_Twitter/2026-01-16_al_2026-01-30_Twitter_post_institucionales.csv
2026-01-16,2026-01-16_al_2026-01-30_Facebook,isaac_montoya,Isaac Montoya,facebook,Facebook,post_facebook,isaacmontoya24,Isaac Montoya,,"Llevamos a cabo la Mesa de Trabajo y Coordinación para el rescate y la transformación integral del Periférico Norte. Fue un gusto recibir en Ciudad Naucalpan a presidentas y presidentes municipales de Tlalnepantla Raciel Pérez Cruz, de Cuautitlán Juanita Carrillo, de Cuautitlán Izcalli Daniel Serrano Palacios y de Tepotzotlán Ma. de los Ángeles Zuppa, al Gobierno del Estado de México y a representantes de Aleatica, empresa concesionaria del Viaducto Elevado Bicentenario, con el objetivo común de atender, de manera coordinada, uno de los principales retos metropolitanos del Valle de México. Periférico es una de las vialidades más importantes del país: por aquí circulan todos los días cerca de medio millón de personas, transporte público, particular y de carga. Durante décadas no recibió una intervención de fondo; hoy, los gobiernos municipales de la región, en coordinación con la gobernadora del Estado de México, la maestra Delfina Gómez Álvarez, impulsamos una transformación integral, no paliativos. Desde Ciudad Naucalpan, ya se avanza con obras de rehabilitación con concreto hidráulico y en los próximos días iniciará una segunda etapa que permitirá contar con alrededor de 9 kilómetros intervenidos con materiales de alta resistencia. De manera paralela, se trabaja para que el Periférico se consolide como uno de los corredores más seguros del país, con mejor iluminación, banquetas, ordenamiento vial y mayor seguridad. Reconozco la coordinación con la Junta de Caminos del Estado de México, encabezada por Joel González Toral, así como el trabajo conjunto entre los municipios y el Gobierno del Estado para hacer posible esta intervención de alcance metropolitano. Estos trabajos, hoy ya en marcha, representan una intervención de alcance regional que reivindica el carácter público del territorio y el derecho de todas y todos a una movilidad segura, accesible y digna. Es una transformación pensada para quienes sostienen la vida metropolitana todos los días: personas trabajadoras, usuarias del transporte público y comunidades que por años fueron relegadas en la planeación urbana. #AquiGobiernaLaEsperanza #Naucalpan #PerifericoNorte #Transformacionq","Llevamos a cabo la Mesa de Trabajo y Coordinación para el rescate y la transformación integral del Periférico Norte. Fue un gusto recibir en Ciudad Naucalpan a presidentas y presidentes municipales de Tlalnepantla Raciel Pérez Cruz, de Cuautitlán Juanita Carrillo, de Cuautitlán Izcalli Daniel Serrano Palacios y de Tepotzotlán Ma. de los Ángeles Zuppa, al Gobierno del Estado de México y a representantes de Aleatica, empresa concesionaria del Viaducto Elevado Bicentenario, con el objetivo común de atender, de manera coordinada, uno de los principales retos metropolitanos del Valle de México. Periférico es una de las vialidades más importantes del país: por aquí circulan todos los días cerca de medio millón de personas, transporte público, particular y de carga. Durante décadas no recibió una intervención de fondo; hoy, los gobiernos municipales de la región, en coordinación con la gobernadora del Estado de México, la maestra Delfina Gómez Álvarez, impulsamos una transformación integral, no paliativos. Desde Ciudad Naucalpan, ya se avanza con obras de rehabilitación con concreto hidráulico y en los próximos días iniciará una segunda etapa que permitirá contar con alrededor de 9 kilómetros intervenidos con materiales de alta resistencia. De manera paralela, se trabaja para que el Periférico se consolide como uno de los corredores más seguros del país, con mejor iluminación, banquetas, ordenamiento vial y mayor seguridad. Reconozco la coordinación con la Junta de Caminos del Estado de México, encabezada por Joel González Toral, así como el trabajo conjunto entre los municipios y el Gobierno del Estado para hacer posible esta intervención de alcance metropolitano. Estos trabajos, hoy ya en marcha, representan una intervención de alcance regional que reivindica el carácter público del territorio y el derecho de todas y todos a una movilidad segura, accesible y digna. Es una transformación pensada para quienes sostienen la vida metropolitana todos los días: personas trabajadoras, usuarias del transporte público y comunidades que por años fueron relegadas en la planeación urbana. #AquiGobiernaLaEsperanza #Naucalpan #PerifericoNorte #Transformacionq",https://www.facebook.com/isaacmontoya24/posts/pfbid0bs9MBEmHb8PvnoEMdMq8a2xKCue9vKESE15Lg6e1iTht1sqnJX6z98p6mZsMX3Xal,https://www.facebook.com/isaacmontoya24/posts/pfbid0bs9MBEmHb8PvnoEMdMq8a2xKCue9vKESE15Lg6e1iTht1sqnJX6z98p6mZsMX3Xal,2026-01-26 16:37:24,2026-01-26,/home/emilio/Documentos/Naucalpan_Semanal_Reportes/Periodico/Enero_Mayo/2026-01-16_al_2026-01-30/Facebook/2026-01-16_al_2026-01-30_Facebook/2026-01-16_al_2026-01-30_Facebook_posts.csv
2026-01-16,2026-01-16_al_2026-01-30_Facebook,isaac_montoya,Isaac Montoya,facebook,Facebook,post_facebook,isaacmontoya24,Isaac Montoya,,"Me dio mucho gusto reunirme con la maestra Lolita Menchaca, Directora del Ballet Folclórico del Estado de México, una mujer que ha dedicado su vida a llevar el arte, las tradiciones y la identidad mexiquense a los escenarios de México y del mundo. 💃✨ Desde Naucalpan refrendamos nuestro respeto y reconocimiento a quienes mantienen viva nuestra cultura, porque el arte también transforma comunidades y fortalece el orgullo de lo que somos. Actualmente se prepara el Primer Encuentro Folklórico Internacional Las Cuatro Casas, así como un concurso de huapango huasteco, organizados por el DIF Naucalpan, presidido por Adriana G. Escobar. En los próximos días estaremos compartiendo más información, para que las y los folkloristas interesados puedan acercarse y participar. Seguimos trabajando para que la cultura siga siendo un punto de encuentro y esperanza. #AquiGobiernaLaEsperanza #Naucalpan #Cultura #Folklor #Huapango","Me dio mucho gusto reunirme con la maestra Lolita Menchaca, Directora del Ballet Folclórico del Estado de México, una mujer que ha dedicado su vida a llevar el arte, las tradiciones y la identidad mexiquense a los escenarios de México y del mundo. 💃✨ Desde Naucalpan refrendamos nuestro respeto y reconocimiento a quienes mantienen viva nuestra cultura, porque el arte también transforma comunidades y fortalece el orgullo de lo que somos. Actualmente se prepara el Primer Encuentro Folklórico Internacional Las Cuatro Casas, así como un concurso de huapango huasteco, organizados por el DIF Naucalpan, presidido por Adriana G. Escobar. En los próximos días estaremos compartiendo más información, para que las y los folkloristas interesados puedan acercarse y participar. Seguimos trabajando para que la cultura siga siendo un punto de encuentro y esperanza. #AquiGobiernaLaEsperanza #Naucalpan #Cultura #Folklor #Huapango",https://www.facebook.com/isaacmontoya24/posts/pfbid0kkBNV26Rn4agwuuJ5kFz975ZpsnZYTfkxQEYCo2cVncDoJkMCaK5EYNt6Qkf39ERl,https://www.facebook.com/isaacmontoya24/posts/pfbid0kkBNV26Rn4agwuuJ5kFz975ZpsnZYTfkxQEYCo2cVncDoJkMCaK5EYNt6Qkf39ERl,2026-01-26 14:59:41,2026-01-26,/home/emilio/Documentos/Naucalpan_Semanal_Reportes/Periodico/Enero_Mayo/2026-01-16_al_2026-01-30/Facebook/2026-01-16_al_2026-01-30_Facebook/2026-01-16_al_2026-01-30_Facebook_posts.csv
2026-01-16,2026-01-16_al_2026-01-30_Facebook,isaac_montoya,Isaac Montoya,facebook,Facebook,post_facebook,isaacmontoya24,Isaac Montoya,,Mañanera del Pueblo.✅ #AquiGobiernaLaEsperanza #Naucalpan #CuartaTransformacion,Mañanera del Pueblo.✅ #AquiGobiernaLaEsperanza #Naucalpan #CuartaTransformacion,https://www.facebook.com/isaacmontoya24/posts/pfbid0q7yzgnTZUGKF7qHmNJLs3ouR7TBZkCjSUGQAMafkNtk9tMVAVzb1K2kNH4wfdD4al,https://www.facebook.com/isaacmontoya24/posts/pfbid0q7yzgnTZUGKF7qHmNJLs3ouR7TBZkCjSUGQAMafkNtk9tMVAVzb1K2kNH4wfdD4al,2026-01-26 14:45:07,2026-01-26,/home/emilio/Documentos/Naucalpan_Semanal_Reportes/Periodico/Enero_Mayo/2026-01-16_al_2026-01-30/Facebook/2026-01-16_al_2026-01-30_Facebook/2026-01-16_al_2026-01-30_Facebook_posts.csv
2026-01-16,2026-01-16_al_2026-01-30_Facebook,isaac_montoya,Isaac Montoya,facebook,Facebook,post_facebook,isaacmontoya24,Isaac Montoya,,"El Servicio de Relevo es un mecanismo que brinda un puente de comunicación entre las personas sordas y las dependencias municipales, garantizando su derecho a la comunicación y al acceso a los servicios públicos. A través del intérprete de Lengua de Señas Mexicana y el uso de herramientas tecnológicas, las y los ciudadanos pueden realizar trámites y gestiones de manera autónoma, digna y en igualdad de condiciones. Este servicio ya está disponible en el Palacio Municipal. La inclusión no es un privilegio, es un derecho. #AquiGobiernaLaEsperanza #Naucalpan #Inclusion #ServicioDeRelevo","El Servicio de Relevo es un mecanismo que brinda un puente de comunicación entre las personas sordas y las dependencias municipales, garantizando su derecho a la comunicación y al acceso a los servicios públicos. A través del intérprete de Lengua de Señas Mexicana y el uso de herramientas tecnológicas, las y los ciudadanos pueden realizar trámites y gestiones de manera autónoma, digna y en igualdad de condiciones. Este servicio ya está disponible en el Palacio Municipal. La inclusión no es un privilegio, es un derecho. #AquiGobiernaLaEsperanza #Naucalpan #Inclusion #ServicioDeRelevo",https://www.facebook.com/reel/2082240282588518/,https://www.facebook.com/reel/2082240282588518/,2026-01-26 08:03:24,2026-01-26,/home/emilio/Documentos/Naucalpan_Semanal_Reportes/Periodico/Enero_Mayo/2026-01-16_al_2026-01-30/Facebook/2026-01-16_al_2026-01-30_Facebook/2026-01-16_al_2026-01-30_Facebook_posts.csv
2026-01-16,2026-01-16_al_2026-01-30_Twitter,isaac_montoya,Isaac Montoya,twitter,Twitter/X,tweet,@isaacsolar,@isaacsolar,,"Me dio mucho gusto reunirme con Lolita Menchaca, Directora del Ballet Folclórico del Estado de México, una mujer que ha dedicado su vida a llevar el arte, las tradiciones y la identidad mexiquense a los escenarios de México y del mundo. Desde Naucalpan refrendamos nuestro","Me dio mucho gusto reunirme con Lolita Menchaca, Directora del Ballet Folclórico del Estado de México, una mujer que ha dedicado su vida a llevar el arte, las tradiciones y la identidad mexiquense a los escenarios de México y del mundo. Desde Naucalpan refrendamos nuestro",https://x.com/isaacsolar/status/2015892418093084864,https://x.com/isaacsolar/status/2015892418093084864,2026-01-26 20:59:40+00:00,2026-01-26,/home/emilio/Documentos/Naucalpan_Semanal_Reportes/Periodico/Enero_Mayo/2026-01-16_al_2026-01-30/Twitter/2026-01-16_al_2026-01-30_Twitter/2026-01-16_al_2026-01-30_Twitter_post_institucionales.csv
2026-01-16,2026-01-16_al_2026-01-30_Twitter,isaac_montoya,Isaac Montoya,twitter,Twitter/X,tweet,@isaacsolar,@isaacsolar,,Mañanera del Pueblo. #AquiGobiernaLaEsperanza #Naucalpan #CuartaTransformacion,Mañanera del Pueblo. #AquiGobiernaLaEsperanza #Naucalpan #CuartaTransformacion,https://x.com/isaacsolar/status/2015888733367570888,https://x.com/isaacsolar/status/2015888733367570888,2026-01-26 20:45:02+00:00,2026-01-26,/home/emilio/Documentos/Naucalpan_Semanal_Reportes/Periodico/Enero_Mayo/2026-01-16_al_2026-01-30/Twitter/2026-01-16_al_2026-01-30_Twitter/2026-01-16_al_2026-01-30_Twitter_post_institucionales.csv
2026-01-16,2026-01-16_al_2026-01-30_Facebook,isaac_montoya,Isaac Montoya,facebook,Facebook,post_facebook,isaacmontoya24,Isaac Montoya,,"Desde la Escuela Municipalista Formar para Transformar, compartí ideas, experiencias y aprendizajes con presidentas y presidentes municipales de #MorenaSí de las principales ciudades del país, convencidos de que la Transformación se construye desde lo local y con el pueblo al centro. Me llevo herramientas y mucha convicción para seguir trabajando en Ciudad Naucalpan, aportando desde nuestro municipio a este proyecto de nación. 💪🏼🇲🇽 #FormarParaTransformar","Desde la Escuela Municipalista Formar para Transformar, compartí ideas, experiencias y aprendizajes con presidentas y presidentes municipales de #MorenaSí de las principales ciudades del país, convencidos de que la Transformación se construye desde lo local y con el pueblo al centro. Me llevo herramientas y mucha convicción para seguir trabajando en Ciudad Naucalpan, aportando desde nuestro municipio a este proyecto de nación. 💪🏼🇲🇽 #FormarParaTransformar",https://www.facebook.com/isaacmontoya24/posts/pfbid01P534Lufb4iAgLaUnxfKSJuYQLrwXjV5GXProgQRXXmBGGugP2vdUprdbqx9ytJGl,https://www.facebook.com/isaacmontoya24/posts/pfbid01P534Lufb4iAgLaUnxfKSJuYQLrwXjV5GXProgQRXXmBGGugP2vdUprdbqx9ytJGl,2026-01-25 18:36:02,2026-01-25,/home/emilio/Documentos/Naucalpan_Semanal_Reportes/Periodico/Enero_Mayo/2026-01-16_al_2026-01-30/Facebook/2026-01-16_al_2026-01-30_Facebook/2026-01-16_al_2026-01-30_Facebook_posts.csv
2026-01-16,2026-01-16_al_2026-01-30_Facebook,isaac_montoya,Isaac Montoya,facebook,Facebook,post_facebook,isaacmontoya24,Isaac Montoya,,"Iniciamos una obra fundamental para garantizar el derecho al agua en Ciudad Naucalpan.💧 A través de OAPAS Naucalpan, arrancamos la rehabilitación del sistema de rebombeo ubicado en la calle San Francisco de Asís y calle San Andrés Atoto, en la colonia Ampliación San Esteban, una infraestructura clave para fortalecer el abasto de agua en esta zona. El proyecto tiene como objetivo principal la rehabilitación del Tanque Elevado de Agua Potable San Esteban, con una capacidad de 900 m³. Los trabajos contemplan la vitrificación mediante el suministro y colocación de recubrimiento tipo vitroacero, un sistema anticorrosivo a base de polímeros y termofijos con refuerzos mecánicos de dióxido de silicio, con acabado blanco vitrificado de alta resistencia al intemperismo, estabilidad bidimensional y resistencia a la deformación y a la tensión. Asimismo, incluye el suministro e instalación de equipo de bombeo sumergible. Se trata de una intervención profunda, técnica y de largo plazo, con una inversión cercana a los 6 millones de pesos, financiada a través del Programa PRODDER 2025, en coordinación con el Gobierno Federal y el Gobierno del Estado de México. Aquí no venimos a poner curitas: venimos a resolver de fondo problemas que durante años fueron ignorados. Durante mucho tiempo se dejó pasar la oportunidad de ejercer recursos que hoy serían decisivos frente a la crisis hídrica. Nosotros asumimos la responsabilidad completa, sin patear el bote, y trabajamos para saldar deudas históricas con nuestras comunidades. Esta obra beneficiará directamente a más de 10 mil vecinas y vecinos y forma parte de una estrategia integral para reducir la dependencia del Sistema Cutzamala, aprovechar el respiro actual y prepararnos ante escenarios climáticos más complejos. Seguimos trabajando desde el territorio, con planeación, ingeniería y visión de futuro. El agua no es un privilegio: es un derecho, y en Naucalpan lo estamos defendiendo con hechos. #AquiGobiernaLaEsperanza #Naucalpan #AguaParaTodasYTodos #OAPASNaucalpan #DerechoAlAgua","Iniciamos una obra fundamental para garantizar el derecho al agua en Ciudad Naucalpan.💧 A través de OAPAS Naucalpan, arrancamos la rehabilitación del sistema de rebombeo ubicado en la calle San Francisco de Asís y calle San Andrés Atoto, en la colonia Ampliación San Esteban, una infraestructura clave para fortalecer el abasto de agua en esta zona. El proyecto tiene como objetivo principal la rehabilitación del Tanque Elevado de Agua Potable San Esteban, con una capacidad de 900 m³. Los trabajos contemplan la vitrificación mediante el suministro y colocación de recubrimiento tipo vitroacero, un sistema anticorrosivo a base de polímeros y termofijos con refuerzos mecánicos de dióxido de silicio, con acabado blanco vitrificado de alta resistencia al intemperismo, estabilidad bidimensional y resistencia a la deformación y a la tensión. Asimismo, incluye el suministro e instalación de equipo de bombeo sumergible. Se trata de una intervención profunda, técnica y de largo plazo, con una inversión cercana a los 6 millones de pesos, financiada a través del Programa PRODDER 2025, en coordinación con el Gobierno Federal y el Gobierno del Estado de México. Aquí no venimos a poner curitas: venimos a resolver de fondo problemas que durante años fueron ignorados. Durante mucho tiempo se dejó pasar la oportunidad de ejercer recursos que hoy serían decisivos frente a la crisis hídrica. Nosotros asumimos la responsabilidad completa, sin patear el bote, y trabajamos para saldar deudas históricas con nuestras comunidades. Esta obra beneficiará directamente a más de 10 mil vecinas y vecinos y forma parte de una estrategia integral para reducir la dependencia del Sistema Cutzamala, aprovechar el respiro actual y prepararnos ante escenarios climáticos más complejos. Seguimos trabajando desde el territorio, con planeación, ingeniería y visión de futuro. El agua no es un privilegio: es un derecho, y en Naucalpan lo estamos defendiendo con hechos. #AquiGobiernaLaEsperanza #Naucalpan #AguaParaTodasYTodos #OAPASNaucalpan #DerechoAlAgua",https://www.facebook.com/isaacmontoya24/posts/pfbid04h4ZTsNZW2YXWQGrDCuiWRiAb7hz6DTrZjGrdPSnyNn3YaWeShU3KvXrnVfisYKJl,https://www.facebook.com/isaacmontoya24/posts/pfbid04h4ZTsNZW2YXWQGrDCuiWRiAb7hz6DTrZjGrdPSnyNn3YaWeShU3KvXrnVfisYKJl,2026-01-25 14:49:43,2026-01-25,/home/emilio/Documentos/Naucalpan_Semanal_Reportes/Periodico/Enero_Mayo/2026-01-16_al_2026-01-30/Facebook/2026-01-16_al_2026-01-30_Facebook/2026-01-16_al_2026-01-30_Facebook_posts.csv
2026-01-16,2026-01-16_al_2026-01-30_Facebook,isaac_montoya,Isaac Montoya,facebook,Facebook,post_facebook,isaacmontoya24,Isaac Montoya,,"En la Escuela Municipalista de Morena Sí, las presidentas y presidentes municipales del Estado de México participamos en un espacio de formación y organización para fortalecer la transformación desde los territorios. En coordinación con la gobernadora del Estado de México, la maestra Delfina Gómez Álvarez, seguimos avanzando en la construcción de gobiernos locales comprometidos con la gente y con el cambio profundo que se vive en el país. Este proceso también camina de la mano del movimiento, con el respaldo y la participación de la presidenta nacional de Morena, Luisa Alcalde, convencidas y convencidos de que la transformación se fortalece cuando hay organización, formación, trabajo territorial y amor por el pueblo de México. #FormarParaTransformar","En la Escuela Municipalista de Morena Sí, las presidentas y presidentes municipales del Estado de México participamos en un espacio de formación y organización para fortalecer la transformación desde los territorios. En coordinación con la gobernadora del Estado de México, la maestra Delfina Gómez Álvarez, seguimos avanzando en la construcción de gobiernos locales comprometidos con la gente y con el cambio profundo que se vive en el país. Este proceso también camina de la mano del movimiento, con el respaldo y la participación de la presidenta nacional de Morena, Luisa Alcalde, convencidas y convencidos de que la transformación se fortalece cuando hay organización, formación, trabajo territorial y amor por el pueblo de México. #FormarParaTransformar",https://www.facebook.com/isaacmontoya24/posts/pfbid0JjfENLJQNX62UAULmU44d6n4JJjrZ897811A3Fc3PM58dYnArjZ3G3Qg3WG1avael,https://www.facebook.com/isaacmontoya24/posts/pfbid0JjfENLJQNX62UAULmU44d6n4JJjrZ897811A3Fc3PM58dYnArjZ3G3Qg3WG1avael,2026-01-25 09:49:23,2026-01-25,/home/emilio/Documentos/Naucalpan_Semanal_Reportes/Periodico/Enero_Mayo/2026-01-16_al_2026-01-30/Facebook/2026-01-16_al_2026-01-30_Facebook/2026-01-16_al_2026-01-30_Facebook_posts.csv
2026-01-16,2026-01-16_al_2026-01-30_Facebook,isaac_montoya,Isaac Montoya,facebook,Facebook,post_facebook,isaacmontoya24,Isaac Montoya,,"En el marco del Día Naranja, acudí a la Escuela de Artes y Oficios (EDAYO) de Ciudad Naucalpan para formar parte del mural “La igualdad se construye a través del conocimiento: conoce, aplica y transforma”🧡, un acto simbólico y profundo de compromiso con la vida libre de violencia para las mujeres. Agradezco la presencia y el acompañamiento de Norberto Morales Poblete, Secretario del Trabajo del Estado de México; de Zenón Vargas Martínez, Director General del ICATI; de Mauricio Eduardo Aguirre Lozano, Director de Administración y Finanzas del ICATI; de Salvador Saúl Gómez Sánchez, Coordinador de EDAYOs del Valle de México; y de Olga Ramos Villeda, Directora de la EDAYO Naucalpan. También reconozco la participación de Werther Juárez Toledo, Director Técnico Académico del ICATI; Omar Rodrigo Ortega Cuevas, en suplencia del Titular de la Unidad Jurídica de Igualdad de Género y Erradicación de la Violencia; y de Lilia Esther Juárez Fonseca, Secretaria General de la Sección Sindical SUTEYM-ICATI. Estoy convencido de que toda política pública debe tener como eje que las mujeres vivan libres de violencia. Hablar de dignidad es hablar de derechos plenos, de justicia social y de una transformación profunda que rompa con inercias históricas de opresión y desigualdad. Desde Ciudad Naucalpan, en coordinación con el Gobierno del Estado de México, encabezado por la Gobernadora Delfina Gómez Álvarez, y retomando la visión impulsada por la Presidenta de México, Claudia Sheinbaum, avanzamos con iniciativas concretas como los senderos seguros y luminosos, vialidades mejor iluminadas, cámaras de videovigilancia, una policía de género fortalecida y mayores capacidades tecnológicas para cuidar y respaldar a las mujeres. Este mural, en un espacio emblemático como el EDAYO y en comunidades como El Torito y San Agustín, representa conocimiento, conciencia y transformación. Porque cuando conocemos, entendemos; cuando entendemos, actuamos; y cuando actuamos, transformamos. Seguimos trabajando, todos los días, para que las mujeres de Ciudad Naucalpan vivan libres y seguras. #AquiGobiernaLaEsperanza #Naucalpan #DiaNaranja","En el marco del Día Naranja, acudí a la Escuela de Artes y Oficios (EDAYO) de Ciudad Naucalpan para formar parte del mural “La igualdad se construye a través del conocimiento: conoce, aplica y transforma”🧡, un acto simbólico y profundo de compromiso con la vida libre de violencia para las mujeres. Agradezco la presencia y el acompañamiento de Norberto Morales Poblete, Secretario del Trabajo del Estado de México; de Zenón Vargas Martínez, Director General del ICATI; de Mauricio Eduardo Aguirre Lozano, Director de Administración y Finanzas del ICATI; de Salvador Saúl Gómez Sánchez, Coordinador de EDAYOs del Valle de México; y de Olga Ramos Villeda, Directora de la EDAYO Naucalpan. También reconozco la participación de Werther Juárez Toledo, Director Técnico Académico del ICATI; Omar Rodrigo Ortega Cuevas, en suplencia del Titular de la Unidad Jurídica de Igualdad de Género y Erradicación de la Violencia; y de Lilia Esther Juárez Fonseca, Secretaria General de la Sección Sindical SUTEYM-ICATI. Estoy convencido de que toda política pública debe tener como eje que las mujeres vivan libres de violencia. Hablar de dignidad es hablar de derechos plenos, de justicia social y de una transformación profunda que rompa con inercias históricas de opresión y desigualdad. Desde Ciudad Naucalpan, en coordinación con el Gobierno del Estado de México, encabezado por la Gobernadora Delfina Gómez Álvarez, y retomando la visión impulsada por la Presidenta de México, Claudia Sheinbaum, avanzamos con iniciativas concretas como los senderos seguros y luminosos, vialidades mejor iluminadas, cámaras de videovigilancia, una policía de género fortalecida y mayores capacidades tecnológicas para cuidar y respaldar a las mujeres. Este mural, en un espacio emblemático como el EDAYO y en comunidades como El Torito y San Agustín, representa conocimiento, conciencia y transformación. Porque cuando conocemos, entendemos; cuando entendemos, actuamos; y cuando actuamos, transformamos. Seguimos trabajando, todos los días, para que las mujeres de Ciudad Naucalpan vivan libres y seguras. #AquiGobiernaLaEsperanza #Naucalpan #DiaNaranja",https://www.facebook.com/isaacmontoya24/posts/pfbid02JhoWpuDAzmDxoaGTJYZUnzHKcMtSwh9Uj7cyMNC85W2egEnGLUtMWm7DcZUQ1voZl,https://www.facebook.com/isaacmontoya24/posts/pfbid02JhoWpuDAzmDxoaGTJYZUnzHKcMtSwh9Uj7cyMNC85W2egEnGLUtMWm7DcZUQ1voZl,2026-01-25 09:03:15,2026-01-25,/home/emilio/Documentos/Naucalpan_Semanal_Reportes/Periodico/Enero_Mayo/2026-01-16_al_2026-01-30/Facebook/2026-01-16_al_2026-01-30_Facebook/2026-01-16_al_2026-01-30_Facebook_posts.csv
2026-01-16,2026-01-16_al_2026-01-30_Twitter,isaac_montoya,Isaac Montoya,twitter,Twitter/X,tweet,@isaacsolar,@isaacsolar,,"En el marco del Día Naranja, acudí a la Escuela de Artes y Oficios (EDAYO) de Ciudad Naucalpan para formar parte del mural “La igualdad se construye a través del conocimiento: conoce, aplica y transforma”. #AquiGobiernaLaEsperanza #Naucalpan #EdoMex #DiaNaranja","En el marco del Día Naranja, acudí a la Escuela de Artes y Oficios (EDAYO) de Ciudad Naucalpan para formar parte del mural “La igualdad se construye a través del conocimiento: conoce, aplica y transforma”. #AquiGobiernaLaEsperanza #Naucalpan #EdoMex #DiaNaranja",https://x.com/isaacsolar/status/2015440402552176861,https://x.com/isaacsolar/status/2015440402552176861,2026-01-25 15:03:31+00:00,2026-01-25,/home/emilio/Documentos/Naucalpan_Semanal_Reportes/Periodico/Enero_Mayo/2026-01-16_al_2026-01-30/Twitter/2026-01-16_al_2026-01-30_Twitter/2026-01-16_al_2026-01-30_Twitter_post_institucionales.csv
2026-01-16,2026-01-16_al_2026-01-30_Facebook,isaac_montoya,Isaac Montoya,facebook,Facebook,post_facebook,isaacmontoya24,Isaac Montoya,,"En la Escuela Municipalista, de Morena Sí presidentas y presidentes municipales participamos en un espacio de formación y organización para fortalecer la transformación desde lo local. Prepararnos como gobiernos municipales es una tarea política: nos permite gobernar con claridad, convicción y compromiso con la gente. Fue un espacio de reflexión y aprendizaje colectivo, convencidos de que el cambio se construye desde los territorios y desde abajo. #FormarParaTransformar","En la Escuela Municipalista, de Morena Sí presidentas y presidentes municipales participamos en un espacio de formación y organización para fortalecer la transformación desde lo local. Prepararnos como gobiernos municipales es una tarea política: nos permite gobernar con claridad, convicción y compromiso con la gente. Fue un espacio de reflexión y aprendizaje colectivo, convencidos de que el cambio se construye desde los territorios y desde abajo. #FormarParaTransformar",https://www.facebook.com/isaacmontoya24/posts/pfbid02frZQSEWTXjJRLGLGThxm91xCkRdGGcMrLMDjMrPPsH667hKQYkMHwWXVpwWNqLrMl,https://www.facebook.com/isaacmontoya24/posts/pfbid02frZQSEWTXjJRLGLGThxm91xCkRdGGcMrLMDjMrPPsH667hKQYkMHwWXVpwWNqLrMl,2026-01-24 16:35:02,2026-01-24,/home/emilio/Documentos/Naucalpan_Semanal_Reportes/Periodico/Enero_Mayo/2026-01-16_al_2026-01-30/Facebook/2026-01-16_al_2026-01-30_Facebook/2026-01-16_al_2026-01-30_Facebook_posts.csv
2026-01-16,2026-01-16_al_2026-01-30_Facebook,isaac_montoya,Isaac Montoya,facebook,Facebook,post_facebook,isaacmontoya24,Isaac Montoya,,"Agua para nuestras comunidades💧 En Las Huertas Primera Sección iniciamos la rehabilitación y equipamiento del rebombeo del tanque y pozo Loma Colorada, una infraestructura abandonada por más de 20 años y fundamental para mejorar el abasto de agua en la zona. Con una inversión superior a 3.9 millones de pesos, y en coordinación con el Gobierno Federal, a través del Programa PRODDER 2025, avanzamos para mejorar la distribución del agua y reducir la dependencia del Sistema Cutzamala. Esta obra beneficiará a más de 16 mil vecinas y vecinos de Loma Colorada, Las Huertas y colonias cercanas, gracias al trabajo conjunto con OAPAS Naucalpan, CONAGUA, OCAVAM y CAEM. 📍 Además, en este espacio también llevamos a cabo la Mesa de Paz. Seguimos trabajando en territorio, invirtiendo en agua, seguridad y dignidad para las familias naucalpenses. #AquiGobiernaLaEsperanza #CiudadNaucalpan #AguaParaTodasYTodos #InfraestructuraHidrica #MesaDePaz","Agua para nuestras comunidades💧 En Las Huertas Primera Sección iniciamos la rehabilitación y equipamiento del rebombeo del tanque y pozo Loma Colorada, una infraestructura abandonada por más de 20 años y fundamental para mejorar el abasto de agua en la zona. Con una inversión superior a 3.9 millones de pesos, y en coordinación con el Gobierno Federal, a través del Programa PRODDER 2025, avanzamos para mejorar la distribución del agua y reducir la dependencia del Sistema Cutzamala. Esta obra beneficiará a más de 16 mil vecinas y vecinos de Loma Colorada, Las Huertas y colonias cercanas, gracias al trabajo conjunto con OAPAS Naucalpan, CONAGUA, OCAVAM y CAEM. 📍 Además, en este espacio también llevamos a cabo la Mesa de Paz. Seguimos trabajando en territorio, invirtiendo en agua, seguridad y dignidad para las familias naucalpenses. #AquiGobiernaLaEsperanza #CiudadNaucalpan #AguaParaTodasYTodos #InfraestructuraHidrica #MesaDePaz",https://www.facebook.com/reel/25256108354071854/,https://www.facebook.com/reel/25256108354071854/,2026-01-23 19:41:18,2026-01-23,/home/emilio/Documentos/Naucalpan_Semanal_Reportes/Periodico/Enero_Mayo/2026-01-16_al_2026-01-30/Facebook/2026-01-16_al_2026-01-30_Facebook/2026-01-16_al_2026-01-30_Facebook_posts.csv
2026-01-16,2026-01-16_al_2026-01-30_Facebook,isaac_montoya,Isaac Montoya,facebook,Facebook,post_facebook,isaacmontoya24,Isaac Montoya,,"Como parte del plan de renovación de la infraestructura hídrica, que busca eficientar y aumentar la distribución de agua en Ciudad Naucalpan, acudimos a Las Huertas Primera Sección para iniciar los trabajos de rehabilitación y equipamiento del rebombeo del tanque y pozo Loma Colorada, una infraestructura que permaneció abandonada por más de 20 años y que es clave para el abasto de agua en esta zona. En este mismo espacio, también llevamos a cabo la Mesa de Paz. Esta obra se realiza con una inversión superior a 3.9 millones de pesos, gracias a la coordinación entre el Gobierno Federal y el Gobierno Municipal, a través del Programa PRODDER 2025, y permitirá mejorar la distribución del agua y reducir la dependencia del Sistema Cutzamala. Los trabajos incluyen la modernización del sistema de bombeo, el cambio de equipos electromecánicos y la recuperación del tanque, que hoy se encuentra vacío por falta de mantenimiento, beneficiando a más de 16 mil vecinas y vecinos de Loma Colorada, Las Huertas y colonias cercanas. Nada de esto sería posible sin el trabajo coordinado con OAPAS Naucalpan, así como con CONAGUA, OCAVAM y CAEM, y el respaldo de los gobiernos estatal y federal, que hoy se refleja en obras necesarias y de fondo para nuestras comunidades. Aquí no hay gastos superfluos: invertimos en agua, en seguridad y en dignidad para las familias naucalpenses. Seguimos trabajando en territorio, pensando en el presente y en el futuro de Ciudad Naucalpan. #AquiGobiernaLaEsperanza #Naucalpan #AguaParaTodasYTodos #InfraestructuraHídrica #MesaDePaz","Como parte del plan de renovación de la infraestructura hídrica, que busca eficientar y aumentar la distribución de agua en Ciudad Naucalpan, acudimos a Las Huertas Primera Sección para iniciar los trabajos de rehabilitación y equipamiento del rebombeo del tanque y pozo Loma Colorada, una infraestructura que permaneció abandonada por más de 20 años y que es clave para el abasto de agua en esta zona. En este mismo espacio, también llevamos a cabo la Mesa de Paz. Esta obra se realiza con una inversión superior a 3.9 millones de pesos, gracias a la coordinación entre el Gobierno Federal y el Gobierno Municipal, a través del Programa PRODDER 2025, y permitirá mejorar la distribución del agua y reducir la dependencia del Sistema Cutzamala. Los trabajos incluyen la modernización del sistema de bombeo, el cambio de equipos electromecánicos y la recuperación del tanque, que hoy se encuentra vacío por falta de mantenimiento, beneficiando a más de 16 mil vecinas y vecinos de Loma Colorada, Las Huertas y colonias cercanas. Nada de esto sería posible sin el trabajo coordinado con OAPAS Naucalpan, así como con CONAGUA, OCAVAM y CAEM, y el respaldo de los gobiernos estatal y federal, que hoy se refleja en obras necesarias y de fondo para nuestras comunidades. Aquí no hay gastos superfluos: invertimos en agua, en seguridad y en dignidad para las familias naucalpenses. Seguimos trabajando en territorio, pensando en el presente y en el futuro de Ciudad Naucalpan. #AquiGobiernaLaEsperanza #Naucalpan #AguaParaTodasYTodos #InfraestructuraHídrica #MesaDePaz",https://www.facebook.com/isaacmontoya24/posts/pfbid02fyz9uFUEVw5Y3xdfEkBJGBSpRKwEMWZvFR5zLm62Cg9MWdxn7sxYgeYyHBbaU2ERl,https://www.facebook.com/isaacmontoya24/posts/pfbid02fyz9uFUEVw5Y3xdfEkBJGBSpRKwEMWZvFR5zLm62Cg9MWdxn7sxYgeYyHBbaU2ERl,2026-01-23 17:52:38,2026-01-23,/home/emilio/Documentos/Naucalpan_Semanal_Reportes/Periodico/Enero_Mayo/2026-01-16_al_2026-01-30/Facebook/2026-01-16_al_2026-01-30_Facebook/2026-01-16_al_2026-01-30_Facebook_posts.csv
2026-01-16,2026-01-16_al_2026-01-30_Facebook,isaac_montoya,Isaac Montoya,facebook,Facebook,post_facebook,isaacmontoya24,Isaac Montoya,,"Llevamos a cabo la quinta jornada de entrega de lentes gratuitos del programa Impulsando tu Salud, a través del DIF Municipal. 👓 #AquiGobiernaLaEsperanza #ImpulsandoTuSalud #Naucalpan #Bienestar #DIFNaucalpan","Llevamos a cabo la quinta jornada de entrega de lentes gratuitos del programa Impulsando tu Salud, a través del DIF Municipal. 👓 #AquiGobiernaLaEsperanza #ImpulsandoTuSalud #Naucalpan #Bienestar #DIFNaucalpan",https://www.facebook.com/reel/4277968495788335/,https://www.facebook.com/reel/4277968495788335/,2026-01-23 09:08:04,2026-01-23,/home/emilio/Documentos/Naucalpan_Semanal_Reportes/Periodico/Enero_Mayo/2026-01-16_al_2026-01-30/Facebook/2026-01-16_al_2026-01-30_Facebook/2026-01-16_al_2026-01-30_Facebook_posts.csv
2026-01-16,2026-01-16_al_2026-01-30_Twitter,isaac_montoya,Isaac Montoya,twitter,Twitter/X,tweet,@isaacsolar,@isaacsolar,,"Llevamos a cabo la quinta jornada de entrega de lentes gratuitos del programa Impulsando tu Salud, a través del DIF Municipal. #AquiGobiernaLaEsperanza #ImpulsandoTuSalud #Naucalpan #Bienestar #DIFNaucalpan","Llevamos a cabo la quinta jornada de entrega de lentes gratuitos del programa Impulsando tu Salud, a través del DIF Municipal. #AquiGobiernaLaEsperanza #ImpulsandoTuSalud #Naucalpan #Bienestar #DIFNaucalpan",https://x.com/isaacsolar/status/2014716223276171454,https://x.com/isaacsolar/status/2014716223276171454,2026-01-23 15:05:53+00:00,2026-01-23,/home/emilio/Documentos/Naucalpan_Semanal_Reportes/Periodico/Enero_Mayo/2026-01-16_al_2026-01-30/Twitter/2026-01-16_al_2026-01-30_Twitter/2026-01-16_al_2026-01-30_Twitter_post_institucionales.csv
2026-01-16,2026-01-16_al_2026-01-30_Facebook,isaac_montoya,Isaac Montoya,facebook,Facebook,post_facebook,isaacmontoya24,Isaac Montoya,,"Rueda de prensa🎤 Compartimos los avances y trabajos que estamos impulsando para fortalecer los servicios, la movilidad y el bienestar de las familias naucalpenses. #AquiGobiernaLaEsperanza #Naucalpan #RuedaDePrensa","Rueda de prensa🎤 Compartimos los avances y trabajos que estamos impulsando para fortalecer los servicios, la movilidad y el bienestar de las familias naucalpenses. #AquiGobiernaLaEsperanza #Naucalpan #RuedaDePrensa",https://www.facebook.com/reel/743791728774701/,https://www.facebook.com/reel/743791728774701/,2026-01-22 21:37:39,2026-01-22,/home/emilio/Documentos/Naucalpan_Semanal_Reportes/Periodico/Enero_Mayo/2026-01-16_al_2026-01-30/Facebook/2026-01-16_al_2026-01-30_Facebook/2026-01-16_al_2026-01-30_Facebook_posts.csv
2026-01-16,2026-01-16_al_2026-01-30_Facebook,isaac_montoya,Isaac Montoya,facebook,Facebook,post_facebook,isaacmontoya24,Isaac Montoya,,"Rueda de prensa🎤 Compartimos los avances y trabajos que estamos impulsando para fortalecer los servicios, la movilidad y el bienestar de las familias naucalpenses: ▪️Obras de OAPAS para reducir la dependencia del Sistema Cutzamala y fortalecer la infraestructura hidráulica del municipio, la cual permaneció por décadas en abandono. ▪️Adquisición de equipo para garantizar el registro y seguimiento de las buenas prácticas del personal de Movilidad Segura. ▪️Incremento de medidas económicas y avance en la digitalización de trámites para facilitar los servicios a la ciudadanía. ▪️Anuncié una segunda intervención en Periférico Norte, como respaldo al rescate histórico que el Gobierno del Estado lleva a cabo en esta vialidad estratégica. Seguimos informando con transparencia y trabajando en territorio, con responsabilidad y compromiso. #AquiGobiernaLaEsperanza #Naucalpan #RuedaDePrensa","Rueda de prensa🎤 Compartimos los avances y trabajos que estamos impulsando para fortalecer los servicios, la movilidad y el bienestar de las familias naucalpenses: ▪️Obras de OAPAS para reducir la dependencia del Sistema Cutzamala y fortalecer la infraestructura hidráulica del municipio, la cual permaneció por décadas en abandono. ▪️Adquisición de equipo para garantizar el registro y seguimiento de las buenas prácticas del personal de Movilidad Segura. ▪️Incremento de medidas económicas y avance en la digitalización de trámites para facilitar los servicios a la ciudadanía. ▪️Anuncié una segunda intervención en Periférico Norte, como respaldo al rescate histórico que el Gobierno del Estado lleva a cabo en esta vialidad estratégica. Seguimos informando con transparencia y trabajando en territorio, con responsabilidad y compromiso. #AquiGobiernaLaEsperanza #Naucalpan #RuedaDePrensa",https://www.facebook.com/isaacmontoya24/posts/pfbid02n3CsZo4LJ7BViVcFCNUqYmRJP8Hpbn45RRWkumUEuicJ6CZxHUSRrjKGt814E1q6l,https://www.facebook.com/isaacmontoya24/posts/pfbid02n3CsZo4LJ7BViVcFCNUqYmRJP8Hpbn45RRWkumUEuicJ6CZxHUSRrjKGt814E1q6l,2026-01-22 17:17:37,2026-01-22,/home/emilio/Documentos/Naucalpan_Semanal_Reportes/Periodico/Enero_Mayo/2026-01-16_al_2026-01-30/Facebook/2026-01-16_al_2026-01-30_Facebook/2026-01-16_al_2026-01-30_Facebook_posts.csv
2026-01-16,2026-01-16_al_2026-01-30_Facebook,isaac_montoya,Isaac Montoya,facebook,Facebook,post_facebook,isaacmontoya24,Isaac Montoya,,"Es un orgullo haber recibido en Ciudad Naucalpan a Osmar Olvera, medallista olímpico, y compartir con él este momento tan importante para el deporte nacional, en el marco de la Ratificación de la Federación Mexicana de Clavados y Clavados de Altura. 🇲🇽 Su talento, disciplina y entrega son ejemplo para niñas, niños y jóvenes que sueñan con llegar lejos a través del deporte. Desde Ciudad Naucalpan refrendamos nuestro compromiso de seguir apoyando al deporte y a quienes representan con orgullo a México en el mundo. #AquiGobiernaLaEsperanza #Naucalpan #Deporte #Clavados","Es un orgullo haber recibido en Ciudad Naucalpan a Osmar Olvera, medallista olímpico, y compartir con él este momento tan importante para el deporte nacional, en el marco de la Ratificación de la Federación Mexicana de Clavados y Clavados de Altura. 🇲🇽 Su talento, disciplina y entrega son ejemplo para niñas, niños y jóvenes que sueñan con llegar lejos a través del deporte. Desde Ciudad Naucalpan refrendamos nuestro compromiso de seguir apoyando al deporte y a quienes representan con orgullo a México en el mundo. #AquiGobiernaLaEsperanza #Naucalpan #Deporte #Clavados",https://www.facebook.com/reel/1303202601547582/,https://www.facebook.com/reel/1303202601547582/,2026-01-22 15:10:31,2026-01-22,/home/emilio/Documentos/Naucalpan_Semanal_Reportes/Periodico/Enero_Mayo/2026-01-16_al_2026-01-30/Facebook/2026-01-16_al_2026-01-30_Facebook/2026-01-16_al_2026-01-30_Facebook_posts.csv
2026-01-16,2026-01-16_al_2026-01-30_Twitter,isaac_montoya,Isaac Montoya,twitter,Twitter/X,tweet,@isaacsolar,@isaacsolar,,"Rueda de prensa Compartimos los avances y trabajos que estamos impulsando para fortalecer los servicios, la movilidad y el bienestar de las familias naucalpenses: Obras de OAPAS para reducir la dependencia del Sistema Cutzamala y fortalecer la infraestructura hidráulica del","Rueda de prensa Compartimos los avances y trabajos que estamos impulsando para fortalecer los servicios, la movilidad y el bienestar de las familias naucalpenses: Obras de OAPAS para reducir la dependencia del Sistema Cutzamala y fortalecer la infraestructura hidráulica del",https://x.com/isaacsolar/status/2014477556532080668,https://x.com/isaacsolar/status/2014477556532080668,2026-01-22 23:17:31+00:00,2026-01-22,/home/emilio/Documentos/Naucalpan_Semanal_Reportes/Periodico/Enero_Mayo/2026-01-16_al_2026-01-30/Twitter/2026-01-16_al_2026-01-30_Twitter/2026-01-16_al_2026-01-30_Twitter_post_institucionales.csv
2026-01-16,2026-01-16_al_2026-01-30_Twitter,isaac_montoya,Isaac Montoya,twitter,Twitter/X,tweet,@isaacsolar,@isaacsolar,,"Es un orgullo haber recibido en Ciudad Naucalpan a Osmar Olvera, medallista olímpico, y compartir con él este momento tan importante para el deporte nacional, en el marco de la Ratificación de la Federación Mexicana de Clavados y Clavados de Altura. Su talento, disciplina y","Es un orgullo haber recibido en Ciudad Naucalpan a Osmar Olvera, medallista olímpico, y compartir con él este momento tan importante para el deporte nacional, en el marco de la Ratificación de la Federación Mexicana de Clavados y Clavados de Altura. Su talento, disciplina y",https://x.com/isaacsolar/status/2014445460027580831,https://x.com/isaacsolar/status/2014445460027580831,2026-01-22 21:09:58+00:00,2026-01-22,/home/emilio/Documentos/Naucalpan_Semanal_Reportes/Periodico/Enero_Mayo/2026-01-16_al_2026-01-30/Twitter/2026-01-16_al_2026-01-30_Twitter/2026-01-16_al_2026-01-30_Twitter_post_institucionales.csv
2026-01-16,2026-01-16_al_2026-01-30_Facebook,isaac_montoya,Isaac Montoya,facebook,Facebook,post_facebook,isaacmontoya24,Isaac Montoya,,"Llevamos a cabo la quinta jornada de entrega de lentes gratuitos del programa Impulsando tu Salud, a través del DIF Municipal. 👓 En esta jornada entregamos 400 lentes de alta calidad, sumando ya más de 2,000 anteojos otorgados a niñas, niños, personas adultas mayores y familias de distintas comunidades del municipio. Estas iniciativas forman parte de nuestro compromiso de llevar la salud al territorio, priorizando la prevención y la atención directa, con servicios totalmente gratuitos para quienes más lo necesitan. Impulsando tu Salud continúa y se fortalece, porque cuidar la salud visual es mejorar la calidad de vida y el bienestar de las familias naucalpenses. Seguimos trabajando por el bienestar de las familias naucalpenses. #AquiGobiernaLaEsperanza #ImpulsandoTuSalud #Naucalpan #Bienestar #DIFNaucalpan","Llevamos a cabo la quinta jornada de entrega de lentes gratuitos del programa Impulsando tu Salud, a través del DIF Municipal. 👓 En esta jornada entregamos 400 lentes de alta calidad, sumando ya más de 2,000 anteojos otorgados a niñas, niños, personas adultas mayores y familias de distintas comunidades del municipio. Estas iniciativas forman parte de nuestro compromiso de llevar la salud al territorio, priorizando la prevención y la atención directa, con servicios totalmente gratuitos para quienes más lo necesitan. Impulsando tu Salud continúa y se fortalece, porque cuidar la salud visual es mejorar la calidad de vida y el bienestar de las familias naucalpenses. Seguimos trabajando por el bienestar de las familias naucalpenses. #AquiGobiernaLaEsperanza #ImpulsandoTuSalud #Naucalpan #Bienestar #DIFNaucalpan",https://www.facebook.com/isaacmontoya24/posts/pfbid02NrHPmB8uGJqiD12tsPnAArZRXjVkpQoJ59jaoRKpHR2jFYzrXpbLxbxcdLDL5ZxFl,https://www.facebook.com/isaacmontoya24/posts/pfbid02NrHPmB8uGJqiD12tsPnAArZRXjVkpQoJ59jaoRKpHR2jFYzrXpbLxbxcdLDL5ZxFl,2026-01-21 20:26:37,2026-01-21,/home/emilio/Documentos/Naucalpan_Semanal_Reportes/Periodico/Enero_Mayo/2026-01-16_al_2026-01-30/Facebook/2026-01-16_al_2026-01-30_Facebook/2026-01-16_al_2026-01-30_Facebook_posts.csv
2026-01-16,2026-01-16_al_2026-01-30_Facebook,isaac_montoya,Isaac Montoya,facebook,Facebook,post_facebook,isaacmontoya24,Isaac Montoya,,"Servicio de Relevo🧏‍♀️ En el Palacio Municipal de Ciudad Naucalpan ya contamos con el servicio gratuito de interpretación en Lengua de Señas Mexicana, para la atención y realización de trámites. Este servicio está disponible en los módulos de atención directa al público, con el objetivo de garantizar una comunicación accesible e incluyente. 📍 Palacio Municipal de Naucalpan 🗓️ Lunes a viernes ⏰ De 10:00 a 15:00 horas ¡Este servicio es para ti! Úsalo cuando lo necesites. #AquiGobiernaLaEsperanza #Naucalpan #Inclusion #LenguaDeSeñas #ServicioDeRelevo","Servicio de Relevo🧏‍♀️ En el Palacio Municipal de Ciudad Naucalpan ya contamos con el servicio gratuito de interpretación en Lengua de Señas Mexicana, para la atención y realización de trámites. Este servicio está disponible en los módulos de atención directa al público, con el objetivo de garantizar una comunicación accesible e incluyente. 📍 Palacio Municipal de Naucalpan 🗓️ Lunes a viernes ⏰ De 10:00 a 15:00 horas ¡Este servicio es para ti! Úsalo cuando lo necesites. #AquiGobiernaLaEsperanza #Naucalpan #Inclusion #LenguaDeSeñas #ServicioDeRelevo",https://www.facebook.com/reel/1383072086848579/,https://www.facebook.com/reel/1383072086848579/,2026-01-21 17:17:58,2026-01-21,/home/emilio/Documentos/Naucalpan_Semanal_Reportes/Periodico/Enero_Mayo/2026-01-16_al_2026-01-30/Facebook/2026-01-16_al_2026-01-30_Facebook/2026-01-16_al_2026-01-30_Facebook_posts.csv
2026-01-16,2026-01-16_al_2026-01-30_Facebook,isaac_montoya,Isaac Montoya,facebook,Facebook,post_facebook,isaacmontoya24,Isaac Montoya,,"El Servicio de Relevo es un mecanismo que brinda un puente de comunicación entre las personas sordas y las dependencias municipales, garantizando su derecho a la comunicación y al acceso a los servicios públicos.🧏‍♀️🧏 A través del intérprete de Lengua de Señas Mexicana y el uso de herramientas tecnológicas, las y los ciudadanos pueden realizar trámites y gestiones de manera autónoma, digna y en igualdad de condiciones. Este servicio ya está disponible en el Palacio Municipal. La inclusión no es un privilegio, es un derecho. #AquiGobiernaLaEsperanza #Naucalpan #Inclusion #ServicioDeRelevo","El Servicio de Relevo es un mecanismo que brinda un puente de comunicación entre las personas sordas y las dependencias municipales, garantizando su derecho a la comunicación y al acceso a los servicios públicos.🧏‍♀️🧏 A través del intérprete de Lengua de Señas Mexicana y el uso de herramientas tecnológicas, las y los ciudadanos pueden realizar trámites y gestiones de manera autónoma, digna y en igualdad de condiciones. Este servicio ya está disponible en el Palacio Municipal. La inclusión no es un privilegio, es un derecho. #AquiGobiernaLaEsperanza #Naucalpan #Inclusion #ServicioDeRelevo",https://www.facebook.com/reel/864793036400721/,https://www.facebook.com/reel/864793036400721/,2026-01-21 14:39:26,2026-01-21,/home/emilio/Documentos/Naucalpan_Semanal_Reportes/Periodico/Enero_Mayo/2026-01-16_al_2026-01-30/Facebook/2026-01-16_al_2026-01-30_Facebook/2026-01-16_al_2026-01-30_Facebook_posts.csv
2026-01-16,2026-01-16_al_2026-01-30_Facebook,isaac_montoya,Isaac Montoya,facebook,Facebook,post_facebook,isaacmontoya24,Isaac Montoya,,"Agradezco el mensaje y el reconocimiento de Jonathan Paredes, campeón mundial de clavados de altura, en el marco de la Ratificación de la Federación Mexicana de Clavados y Clavados de Altura, un evento histórico del que Ciudad Naucalpan fue sede. 🇲🇽 Desde nuestro municipio refrendamos el compromiso de seguir impulsando el deporte. #AquiGobiernaLaEsperanza #Naucalpan #Deporte #Clavados","Agradezco el mensaje y el reconocimiento de Jonathan Paredes, campeón mundial de clavados de altura, en el marco de la Ratificación de la Federación Mexicana de Clavados y Clavados de Altura, un evento histórico del que Ciudad Naucalpan fue sede. 🇲🇽 Desde nuestro municipio refrendamos el compromiso de seguir impulsando el deporte. #AquiGobiernaLaEsperanza #Naucalpan #Deporte #Clavados",https://www.facebook.com/reel/946865537672603/,https://www.facebook.com/reel/946865537672603/,2026-01-21 12:50:37,2026-01-21,/home/emilio/Documentos/Naucalpan_Semanal_Reportes/Periodico/Enero_Mayo/2026-01-16_al_2026-01-30/Facebook/2026-01-16_al_2026-01-30_Facebook/2026-01-16_al_2026-01-30_Facebook_posts.csv
2026-01-16,2026-01-16_al_2026-01-30_Twitter,isaac_montoya,Isaac Montoya,twitter,Twitter/X,tweet,@isaacsolar,@isaacsolar,,"El Servicio de Relevo es un mecanismo que brinda un puente de comunicación entre las personas sordas y las dependencias municipales, garantizando su derecho a la comunicación y al acceso a los servicios públicos. A través del intérprete de Lengua de Señas Mexicana y el uso de","El Servicio de Relevo es un mecanismo que brinda un puente de comunicación entre las personas sordas y las dependencias municipales, garantizando su derecho a la comunicación y al acceso a los servicios públicos. A través del intérprete de Lengua de Señas Mexicana y el uso de",https://x.com/isaacsolar/status/2014079113519087923,https://x.com/isaacsolar/status/2014079113519087923,2026-01-21 20:54:15+00:00,2026-01-21,/home/emilio/Documentos/Naucalpan_Semanal_Reportes/Periodico/Enero_Mayo/2026-01-16_al_2026-01-30/Twitter/2026-01-16_al_2026-01-30_Twitter/2026-01-16_al_2026-01-30_Twitter_post_institucionales.csv
2026-01-16,2026-01-16_al_2026-01-30_Twitter,isaac_montoya,Isaac Montoya,twitter,Twitter/X,tweet,@isaacsolar,@isaacsolar,,"Agradezco el mensaje y el reconocimiento de Jonathan Paredes, campeón mundial de clavados de altura, en el marco de la Ratificación de la Federación Mexicana de Clavados y Clavados de Altura, un evento histórico del que Ciudad Naucalpan fue sede. Desde nuestro municipio refrendamos el compromiso de seguir impulsando el deporte. #AquiGobiernaLaEsperanza #Naucalpan #Deporte #Clavados","Agradezco el mensaje y el reconocimiento de Jonathan Paredes, campeón mundial de clavados de altura, en el marco de la Ratificación de la Federación Mexicana de Clavados y Clavados de Altura, un evento histórico del que Ciudad Naucalpan fue sede. Desde nuestro municipio refrendamos el compromiso de seguir impulsando el deporte. #AquiGobiernaLaEsperanza #Naucalpan #Deporte #Clavados",https://x.com/isaacsolar/status/2014047858194870641,https://x.com/isaacsolar/status/2014047858194870641,2026-01-21 18:50:03+00:00,2026-01-21,/home/emilio/Documentos/Naucalpan_Semanal_Reportes/Periodico/Enero_Mayo/2026-01-16_al_2026-01-30/Twitter/2026-01-16_al_2026-01-30_Twitter/2026-01-16_al_2026-01-30_Twitter_post_institucionales.csv
2026-01-16,2026-01-16_al_2026-01-30_Twitter,isaac_montoya,Isaac Montoya,twitter,Twitter/X,tweet,@isaacsolar,@isaacsolar,,"Servicio de Relevo En el Palacio Municipal de Ciudad Naucalpan ya contamos con el servicio gratuito de interpretación en Lengua de Señas Mexicana, para la atención y realización de trámites. Este servicio está disponible en los módulos de atención directa al público, con el","Servicio de Relevo En el Palacio Municipal de Ciudad Naucalpan ya contamos con el servicio gratuito de interpretación en Lengua de Señas Mexicana, para la atención y realización de trámites. Este servicio está disponible en los módulos de atención directa al público, con el",https://x.com/isaacsolar/status/2014115112542470375,https://x.com/isaacsolar/status/2014115112542470375,2026-01-21 23:17:17+00:00,2026-01-21,/home/emilio/Documentos/Naucalpan_Semanal_Reportes/Periodico/Enero_Mayo/2026-01-16_al_2026-01-30/Twitter/2026-01-16_al_2026-01-30_Twitter/2026-01-16_al_2026-01-30_Twitter_post_institucionales.csv
2026-01-16,2026-01-16_al_2026-01-30_Facebook,isaac_montoya,Isaac Montoya,facebook,Facebook,post_facebook,isaacmontoya24,Isaac Montoya,,"Agradezco el mensaje y la cercanía de Mary José Alcalá, presidenta del Comité Olímpico Mexicano, en el marco de la Ratificación de la Federación Mexicana de Clavados y Clavados de Altura, evento histórico del que Ciudad Naucalpan fue sede. 🇲🇽 Desde nuestro municipio refrendamos nuestro compromiso de apoyar a cada atleta y a cada disciplina, acompañando su esfuerzo con acciones que fortalezcan su desarrollo y bienestar. El deporte une, inspira y construye comunidad. Seguimos trabajando con responsabilidad y convicción. #AquiGobiernaLaEsperanza #Naucalpan #Deporte #Clavados","Agradezco el mensaje y la cercanía de Mary José Alcalá, presidenta del Comité Olímpico Mexicano, en el marco de la Ratificación de la Federación Mexicana de Clavados y Clavados de Altura, evento histórico del que Ciudad Naucalpan fue sede. 🇲🇽 Desde nuestro municipio refrendamos nuestro compromiso de apoyar a cada atleta y a cada disciplina, acompañando su esfuerzo con acciones que fortalezcan su desarrollo y bienestar. El deporte une, inspira y construye comunidad. Seguimos trabajando con responsabilidad y convicción. #AquiGobiernaLaEsperanza #Naucalpan #Deporte #Clavados",https://www.facebook.com/reel/872577552023987/,https://www.facebook.com/reel/872577552023987/,2026-01-20 14:45:58,2026-01-20,/home/emilio/Documentos/Naucalpan_Semanal_Reportes/Periodico/Enero_Mayo/2026-01-16_al_2026-01-30/Facebook/2026-01-16_al_2026-01-30_Facebook/2026-01-16_al_2026-01-30_Facebook_posts.csv
2026-01-16,2026-01-16_al_2026-01-30_Twitter,isaac_montoya,Isaac Montoya,twitter,Twitter/X,tweet,@isaacsolar,@isaacsolar,,"Agradezco el mensaje y la cercanía de Mary José Alcalá, presidenta del Comité Olímpico Mexicano, en el marco de la Ratificación de la Federación Mexicana de Clavados y Clavados de Altura, evento histórico del que Ciudad Naucalpan fue sede. Desde nuestro municipio refrendamos nuestro compromiso de apoyar a cada atleta y a cada disciplina, acompañando su esfuerzo con acciones que fortalezcan su desarrollo y bienestar. El deporte une, inspira y construye comunidad. Seguimos trabajando con responsabilidad y convicción. #AquiGobiernaLaEsperanza #Naucalpan #Deporte #Clavados","Agradezco el mensaje y la cercanía de Mary José Alcalá, presidenta del Comité Olímpico Mexicano, en el marco de la Ratificación de la Federación Mexicana de Clavados y Clavados de Altura, evento histórico del que Ciudad Naucalpan fue sede. Desde nuestro municipio refrendamos nuestro compromiso de apoyar a cada atleta y a cada disciplina, acompañando su esfuerzo con acciones que fortalezcan su desarrollo y bienestar. El deporte une, inspira y construye comunidad. Seguimos trabajando con responsabilidad y convicción. #AquiGobiernaLaEsperanza #Naucalpan #Deporte #Clavados",https://x.com/isaacsolar/status/2013714463363371361,https://x.com/isaacsolar/status/2013714463363371361,2026-01-20 20:45:15+00:00,2026-01-20,/home/emilio/Documentos/Naucalpan_Semanal_Reportes/Periodico/Enero_Mayo/2026-01-16_al_2026-01-30/Twitter/2026-01-16_al_2026-01-30_Twitter/2026-01-16_al_2026-01-30_Twitter_post_institucionales.csv
2026-01-16,2026-01-16_al_2026-01-30_Facebook,isaac_montoya,Isaac Montoya,facebook,Facebook,post_facebook,isaacmontoya24,Isaac Montoya,,"Conoce la historia de Luis Fernando Sobreyra S., billarista y orgullo naucalpense que ha llevado el nombre de nuestro municipio a lo más alto del deporte nacional e internacional. Con disciplina, constancia y amor por sus raíces, su trayectoria demuestra que el talento que nace en Naucalpan puede romper cualquier límite. 🏅 Su historia es ejemplo de que los sueños se construyen con esfuerzo y se alcanzan sin olvidar de dónde venimos. #AquiGobiernaLaEsperanza #Naucalpan #OrgulloNaucalpense","Conoce la historia de Luis Fernando Sobreyra S., billarista y orgullo naucalpense que ha llevado el nombre de nuestro municipio a lo más alto del deporte nacional e internacional. Con disciplina, constancia y amor por sus raíces, su trayectoria demuestra que el talento que nace en Naucalpan puede romper cualquier límite. 🏅 Su historia es ejemplo de que los sueños se construyen con esfuerzo y se alcanzan sin olvidar de dónde venimos. #AquiGobiernaLaEsperanza #Naucalpan #OrgulloNaucalpense",https://www.facebook.com/reel/899476422581873/,https://www.facebook.com/reel/899476422581873/,2026-01-19 19:27:56,2026-01-19,/home/emilio/Documentos/Naucalpan_Semanal_Reportes/Periodico/Enero_Mayo/2026-01-16_al_2026-01-30/Facebook/2026-01-16_al_2026-01-30_Facebook/2026-01-16_al_2026-01-30_Facebook_posts.csv
2026-01-16,2026-01-16_al_2026-01-30_Facebook,isaac_montoya,Isaac Montoya,facebook,Facebook,post_facebook,isaacmontoya24,Isaac Montoya,,"Felicito a la Presidenta de la Directiva de la LXII Legislatura del Estado de México, Martha Azucena Camacho, con motivo de su cumpleaños.🎉🎂 Le deseo salud y fortaleza para que, juntas y juntos, sigamos trabajando por la transformación, la dignificación y el bienestar del pueblo de México. 🤝 #Naucalpan","Felicito a la Presidenta de la Directiva de la LXII Legislatura del Estado de México, Martha Azucena Camacho, con motivo de su cumpleaños.🎉🎂 Le deseo salud y fortaleza para que, juntas y juntos, sigamos trabajando por la transformación, la dignificación y el bienestar del pueblo de México. 🤝 #Naucalpan",https://www.facebook.com/isaacmontoya24/posts/pfbid02s2cVS6kCKMyhpFMvRTnB9T9RGfbGVMGT6c5AqtXxbkQ2aGcJJD1Zuvr8T5hsUBZbl,https://www.facebook.com/isaacmontoya24/posts/pfbid02s2cVS6kCKMyhpFMvRTnB9T9RGfbGVMGT6c5AqtXxbkQ2aGcJJD1Zuvr8T5hsUBZbl,2026-01-19 15:25:56,2026-01-19,/home/emilio/Documentos/Naucalpan_Semanal_Reportes/Periodico/Enero_Mayo/2026-01-16_al_2026-01-30/Facebook/2026-01-16_al_2026-01-30_Facebook/2026-01-16_al_2026-01-30_Facebook_posts.csv
2026-01-16,2026-01-16_al_2026-01-30_Facebook,isaac_montoya,Isaac Montoya,facebook,Facebook,post_facebook,isaacmontoya24,Isaac Montoya,,"Mexicable en Ciudad Naucalpan 🚠 Con el respaldo del Gobierno del Estado de México, encabezado por la Gobernadora Delfina Gómez Álvarez, la Línea 3 del Mexicable registra avances importantes y continúa en ejecución. Este proyecto de movilidad conectará la zona alta de Naucalpan con el Metro Cuatro Caminos, reduciendo tiempos de traslado y mejorando la conectividad. #AquiGobiernaLaEsperanza #Naucalpan #EdoMex #Mexicable #Linea3","Mexicable en Ciudad Naucalpan 🚠 Con el respaldo del Gobierno del Estado de México, encabezado por la Gobernadora Delfina Gómez Álvarez, la Línea 3 del Mexicable registra avances importantes y continúa en ejecución. Este proyecto de movilidad conectará la zona alta de Naucalpan con el Metro Cuatro Caminos, reduciendo tiempos de traslado y mejorando la conectividad. #AquiGobiernaLaEsperanza #Naucalpan #EdoMex #Mexicable #Linea3",https://www.facebook.com/isaacmontoya24/posts/pfbid0jBrzuQvp21s8WH9cpHCsbwxRtJ12SJXTvuMrcGRakpvsnKrgAGGDw7ePhdK5zoqal,https://www.facebook.com/isaacmontoya24/posts/pfbid0jBrzuQvp21s8WH9cpHCsbwxRtJ12SJXTvuMrcGRakpvsnKrgAGGDw7ePhdK5zoqal,2026-01-19 13:44:45,2026-01-19,/home/emilio/Documentos/Naucalpan_Semanal_Reportes/Periodico/Enero_Mayo/2026-01-16_al_2026-01-30/Facebook/2026-01-16_al_2026-01-30_Facebook/2026-01-16_al_2026-01-30_Facebook_posts.csv
2026-01-16,2026-01-16_al_2026-01-30_Facebook,isaac_montoya,Isaac Montoya,facebook,Facebook,post_facebook,isaacmontoya24,Isaac Montoya,,"Seguiremos trabajando sin descanso para cuidar a nuestras familias, fortalecer la atención social y poner siempre en el centro a quienes más lo necesitan. ✨🤍 #Naucalpan #DiaDeReyes","Seguiremos trabajando sin descanso para cuidar a nuestras familias, fortalecer la atención social y poner siempre en el centro a quienes más lo necesitan. ✨🤍 #Naucalpan #DiaDeReyes",https://www.facebook.com/reel/2710895302584578/,https://www.facebook.com/reel/2710895302584578/,2026-01-19 12:57:51,2026-01-19,/home/emilio/Documentos/Naucalpan_Semanal_Reportes/Periodico/Enero_Mayo/2026-01-16_al_2026-01-30/Facebook/2026-01-16_al_2026-01-30_Facebook/2026-01-16_al_2026-01-30_Facebook_posts.csv
2026-01-16,2026-01-16_al_2026-01-30_Twitter,isaac_montoya,Isaac Montoya,twitter,Twitter/X,tweet,@isaacsolar,@isaacsolar,,"Mexicable en Ciudad Naucalpan La Línea 3 del Mexicable registra avances importantes y continúa en ejecución. Este proyecto de movilidad conectará la zona alta de Naucalpan con el Metro Cuatro Caminos, reduciendo tiempos de traslado y mejorando la conectividad.","Mexicable en Ciudad Naucalpan La Línea 3 del Mexicable registra avances importantes y continúa en ejecución. Este proyecto de movilidad conectará la zona alta de Naucalpan con el Metro Cuatro Caminos, reduciendo tiempos de traslado y mejorando la conectividad.",https://x.com/isaacsolar/status/2013336805337108712,https://x.com/isaacsolar/status/2013336805337108712,2026-01-19 19:44:35+00:00,2026-01-19,/home/emilio/Documentos/Naucalpan_Semanal_Reportes/Periodico/Enero_Mayo/2026-01-16_al_2026-01-30/Twitter/2026-01-16_al_2026-01-30_Twitter/2026-01-16_al_2026-01-30_Twitter_post_institucionales.csv
2026-01-16,2026-01-16_al_2026-01-30_Twitter,isaac_montoya,Isaac Montoya,twitter,Twitter/X,tweet,@isaacsolar,@isaacsolar,,"Felicito a la Presidenta de la Directiva de la LXII Legislatura del Estado de México, Martha Azucena Camacho, con motivo de su cumpleaños. Le deseo salud y fortaleza para que, juntas y juntos, sigamos trabajando por la transformación, la dignificación y el bienestar del","Felicito a la Presidenta de la Directiva de la LXII Legislatura del Estado de México, Martha Azucena Camacho, con motivo de su cumpleaños. Le deseo salud y fortaleza para que, juntas y juntos, sigamos trabajando por la transformación, la dignificación y el bienestar del",https://x.com/isaacsolar/status/2013362308022407216,https://x.com/isaacsolar/status/2013362308022407216,2026-01-19 21:25:55+00:00,2026-01-19,/home/emilio/Documentos/Naucalpan_Semanal_Reportes/Periodico/Enero_Mayo/2026-01-16_al_2026-01-30/Twitter/2026-01-16_al_2026-01-30_Twitter/2026-01-16_al_2026-01-30_Twitter_post_institucionales.csv
2026-01-16,2026-01-16_al_2026-01-30_Facebook,isaac_montoya,Isaac Montoya,facebook,Facebook,post_facebook,isaacmontoya24,Isaac Montoya,,"Los invito a ver esta entrevista que me realizaron en Mundo Ejecutivo EdoMéx, donde comparto la visión y los avances de la Policía Ética de Ciudad Naucalpan 🤝🚓 Una conversación abierta sobre cómo estamos fortaleciendo la seguridad con profesionalismo, cercanía y respeto a los derechos de las y los naucalpenses. ▶️Dale play y conoce cómo seguimos transformando la seguridad. #AquiGobiernaLaEsperanza #Naucalpan #PoliciaEtica","Los invito a ver esta entrevista que me realizaron en Mundo Ejecutivo EdoMéx, donde comparto la visión y los avances de la Policía Ética de Ciudad Naucalpan 🤝🚓 Una conversación abierta sobre cómo estamos fortaleciendo la seguridad con profesionalismo, cercanía y respeto a los derechos de las y los naucalpenses. ▶️Dale play y conoce cómo seguimos transformando la seguridad. #AquiGobiernaLaEsperanza #Naucalpan #PoliciaEtica",https://www.facebook.com/reel/1263697825821926/,https://www.facebook.com/reel/1263697825821926/,2026-01-18 16:35:18,2026-01-18,/home/emilio/Documentos/Naucalpan_Semanal_Reportes/Periodico/Enero_Mayo/2026-01-16_al_2026-01-30/Facebook/2026-01-16_al_2026-01-30_Facebook/2026-01-16_al_2026-01-30_Facebook_posts.csv
2026-01-16,2026-01-16_al_2026-01-30_Twitter,isaac_montoya,Isaac Montoya,twitter,Twitter/X,tweet,@isaacsolar,@isaacsolar,,"Esta noche tuve el honor de asistir a la cena con motivo de la Ratificación de la Federación Mexicana de Clavados y Clavados de Altura, en Ciudad Naucalpan, una disciplina que le ha dado grandes satisfacciones a México y que ha dejado huella en nuestra historia deportiva. Le di","Esta noche tuve el honor de asistir a la cena con motivo de la Ratificación de la Federación Mexicana de Clavados y Clavados de Altura, en Ciudad Naucalpan, una disciplina que le ha dado grandes satisfacciones a México y que ha dejado huella en nuestra historia deportiva. Le di",https://x.com/isaacsolar/status/2012375634048114902,https://x.com/isaacsolar/status/2012375634048114902,2026-01-17 04:05:13+00:00,2026-01-17,/home/emilio/Documentos/Naucalpan_Semanal_Reportes/Periodico/Enero_Mayo/2026-01-16_al_2026-01-30/Twitter/2026-01-16_al_2026-01-30_Twitter/2026-01-16_al_2026-01-30_Twitter_post_institucionales.csv
2026-01-16,2026-01-16_al_2026-01-30_Twitter,isaac_montoya,Isaac Montoya,twitter,Twitter/X,tweet,@isaacsolar,@isaacsolar,,Mañanera del Pueblo. #AquiGobiernaLaEsperanza #Naucalpan #CuartaTransformacion,Mañanera del Pueblo. #AquiGobiernaLaEsperanza #Naucalpan #CuartaTransformacion,https://x.com/isaacsolar/status/2012367369352445986,https://x.com/isaacsolar/status/2012367369352445986,2026-01-17 03:32:23+00:00,2026-01-17,/home/emilio/Documentos/Naucalpan_Semanal_Reportes/Periodico/Enero_Mayo/2026-01-16_al_2026-01-30/Twitter/2026-01-16_al_2026-01-30_Twitter/2026-01-16_al_2026-01-30_Twitter_post_institucionales.csv
2026-01-16,2026-01-16_al_2026-01-30_Twitter,isaac_montoya,Isaac Montoya,twitter,Twitter/X,tweet,@isaacsolar,@isaacsolar,,"Felicito a Araceli Matehuala, Primera Síndica, por su cumpleaños. Deseo que su camino esté lleno de fortaleza y salud para continuar, juntas y juntos, trabajando por la transformación, la dignificación y el bienestar del pueblo de México #Naucalpan","Felicito a Araceli Matehuala, Primera Síndica, por su cumpleaños. Deseo que su camino esté lleno de fortaleza y salud para continuar, juntas y juntos, trabajando por la transformación, la dignificación y el bienestar del pueblo de México #Naucalpan",https://x.com/isaacsolar/status/2012363829594726416,https://x.com/isaacsolar/status/2012363829594726416,2026-01-17 03:18:19+00:00,2026-01-17,/home/emilio/Documentos/Naucalpan_Semanal_Reportes/Periodico/Enero_Mayo/2026-01-16_al_2026-01-30/Twitter/2026-01-16_al_2026-01-30_Twitter/2026-01-16_al_2026-01-30_Twitter_post_institucionales.csv
2026-01-16,2026-01-16_al_2026-01-30_Twitter,isaac_montoya,Isaac Montoya,twitter,Twitter/X,tweet,@isaacsolar,@isaacsolar,,"Desde Ciudad Naucalpan seguimos trabajando de manera coordinada para mejorar la movilidad y la seguridad vial de quienes todos los días transitan por nuestro municipio. Con el respaldo del Gobierno del Estado de México, encabezado por nuestra Gobernadora Delfina Gómez Álvarez, y a través de la Junta de Caminos, desde el Gobierno Municipal asumimos la responsabilidad de ejecutar estas obras en beneficio de la ciudadanía. #AquiGobiernaLaEsperanza #Naucalpan #EdoMex #PerifericoNorte #ObraHistorica","Desde Ciudad Naucalpan seguimos trabajando de manera coordinada para mejorar la movilidad y la seguridad vial de quienes todos los días transitan por nuestro municipio. Con el respaldo del Gobierno del Estado de México, encabezado por nuestra Gobernadora Delfina Gómez Álvarez, y a través de la Junta de Caminos, desde el Gobierno Municipal asumimos la responsabilidad de ejecutar estas obras en beneficio de la ciudadanía. #AquiGobiernaLaEsperanza #Naucalpan #EdoMex #PerifericoNorte #ObraHistorica",https://x.com/isaacsolar/status/2012363044655952296,https://x.com/isaacsolar/status/2012363044655952296,2026-01-17 03:15:12+00:00,2026-01-17,/home/emilio/Documentos/Naucalpan_Semanal_Reportes/Periodico/Enero_Mayo/2026-01-16_al_2026-01-30/Twitter/2026-01-16_al_2026-01-30_Twitter/2026-01-16_al_2026-01-30_Twitter_post_institucionales.csv
2026-01-16,2026-01-16_al_2026-01-30_Facebook,isaac_montoya,Isaac Montoya,facebook,Facebook,post_facebook,isaacmontoya24,Isaac Montoya,,"Esta noche tuve el honor de asistir a la cena con motivo de la Ratificación de la Federación Mexicana de Clavados y Clavados de Altura, en Ciudad Naucalpan, una disciplina que le ha dado grandes satisfacciones a México y que ha dejado huella en nuestra historia deportiva. Le di la bienvenida a las y los deportistas, dirigentes y representantes que hoy fortalecen el presente y el futuro de los clavados, una disciplina olímpica de la que han surgido grandes talentos naucalpenses como Fernando Platas y Jesús Mena, orgullo de nuestro municipio y del país. Refrendé mi respaldo al presidente de la Federación, Fernando Platas, medallista olímpico en Sydney 2000, así como a Adriana Jiménez, vicepresidenta de la Federación, y a Miguel Ángel Sánchez González, Director de Deporte del Estado de México, con quien coincidimos en la importancia de seguir impulsando el deporte de alto rendimiento, visión que comparte nuestra Gobernadora Delfina Gómez Álvarez. Agradezco también la presencia de Andrés Villarreal, presidente de la Asociación de Clavados y Clavados de Altura de Nuevo León y olímpico mexicano; así como de Jahir Ocampo Marroquín, tesorero de la Federación. Desde Ciudad Naucalpan seguiremos apoyando al deporte. #AquiGobiernaLaEsperanza #Naucalpan #Deporte #Clavados #OrgulloNaucalpense","Esta noche tuve el honor de asistir a la cena con motivo de la Ratificación de la Federación Mexicana de Clavados y Clavados de Altura, en Ciudad Naucalpan, una disciplina que le ha dado grandes satisfacciones a México y que ha dejado huella en nuestra historia deportiva. Le di la bienvenida a las y los deportistas, dirigentes y representantes que hoy fortalecen el presente y el futuro de los clavados, una disciplina olímpica de la que han surgido grandes talentos naucalpenses como Fernando Platas y Jesús Mena, orgullo de nuestro municipio y del país. Refrendé mi respaldo al presidente de la Federación, Fernando Platas, medallista olímpico en Sydney 2000, así como a Adriana Jiménez, vicepresidenta de la Federación, y a Miguel Ángel Sánchez González, Director de Deporte del Estado de México, con quien coincidimos en la importancia de seguir impulsando el deporte de alto rendimiento, visión que comparte nuestra Gobernadora Delfina Gómez Álvarez. Agradezco también la presencia de Andrés Villarreal, presidente de la Asociación de Clavados y Clavados de Altura de Nuevo León y olímpico mexicano; así como de Jahir Ocampo Marroquín, tesorero de la Federación. Desde Ciudad Naucalpan seguiremos apoyando al deporte. #AquiGobiernaLaEsperanza #Naucalpan #Deporte #Clavados #OrgulloNaucalpense",https://www.facebook.com/isaacmontoya24/posts/pfbid0cFeC2zErqED4PMMwdySGEKEMK7mnHQrRRqcYSoVHMsRdjNZvdufLCE9BDYQJpsP3l,https://www.facebook.com/isaacmontoya24/posts/pfbid0cFeC2zErqED4PMMwdySGEKEMK7mnHQrRRqcYSoVHMsRdjNZvdufLCE9BDYQJpsP3l,2026-01-16 21:51:26,2026-01-16,/home/emilio/Documentos/Naucalpan_Semanal_Reportes/Periodico/Enero_Mayo/2026-01-16_al_2026-01-30/Facebook/2026-01-16_al_2026-01-30_Facebook/2026-01-16_al_2026-01-30_Facebook_posts.csv
2026-01-16,2026-01-16_al_2026-01-30_Facebook,isaac_montoya,Isaac Montoya,facebook,Facebook,post_facebook,isaacmontoya24,Isaac Montoya,,Mañanera del Pueblo.✅ #AquiGobiernaLaEsperanza #Naucalpan #CuartaTransformacion,Mañanera del Pueblo.✅ #AquiGobiernaLaEsperanza #Naucalpan #CuartaTransformacion,https://www.facebook.com/isaacmontoya24/posts/pfbid02uPtZcrSuH3feTVLjgxzmUPehS5gXCvekds3YGQ8AvQt4EkXB4tgtN9qkCiBbHxK4l,https://www.facebook.com/isaacmontoya24/posts/pfbid02uPtZcrSuH3feTVLjgxzmUPehS5gXCvekds3YGQ8AvQt4EkXB4tgtN9qkCiBbHxK4l,2026-01-16 21:32:52,2026-01-16,/home/emilio/Documentos/Naucalpan_Semanal_Reportes/Periodico/Enero_Mayo/2026-01-16_al_2026-01-30/Facebook/2026-01-16_al_2026-01-30_Facebook/2026-01-16_al_2026-01-30_Facebook_posts.csv
2026-01-16,2026-01-16_al_2026-01-30_Facebook,isaac_montoya,Isaac Montoya,facebook,Facebook,post_facebook,isaacmontoya24,Isaac Montoya,,"Desde Ciudad Naucalpan seguimos trabajando de manera coordinada para mejorar la movilidad y la seguridad vial de quienes todos los días transitan por nuestro municipio. Con el respaldo del Gobierno del Estado de México, encabezado por nuestra Gobernadora Delfina Gómez Álvarez, y a través de la Junta de Caminos, desde el Gobierno Municipal asumimos la responsabilidad de ejecutar estas obras en beneficio de la ciudadanía. #AquiGobiernaLaEsperanza #Naucalpan #EdoMex #PerifericoNorte #ObraHistorica","Desde Ciudad Naucalpan seguimos trabajando de manera coordinada para mejorar la movilidad y la seguridad vial de quienes todos los días transitan por nuestro municipio. Con el respaldo del Gobierno del Estado de México, encabezado por nuestra Gobernadora Delfina Gómez Álvarez, y a través de la Junta de Caminos, desde el Gobierno Municipal asumimos la responsabilidad de ejecutar estas obras en beneficio de la ciudadanía. #AquiGobiernaLaEsperanza #Naucalpan #EdoMex #PerifericoNorte #ObraHistorica",https://www.facebook.com/reel/1439490397533653/,https://www.facebook.com/reel/1439490397533653/,2026-01-16 21:15:47,2026-01-16,/home/emilio/Documentos/Naucalpan_Semanal_Reportes/Periodico/Enero_Mayo/2026-01-16_al_2026-01-30/Facebook/2026-01-16_al_2026-01-30_Facebook/2026-01-16_al_2026-01-30_Facebook_posts.csv
2026-01-16,2026-01-16_al_2026-01-30_Facebook,isaac_montoya,Isaac Montoya,facebook,Facebook,post_facebook,isaacmontoya24,Isaac Montoya,,"Felicito a Araceli Matehuala, Primera Síndica, por su cumpleaños.🎉 Deseo que su camino esté lleno de fortaleza y salud para continuar, juntas y juntos, trabajando por la transformación, la dignificación y el bienestar del pueblo de México #Naucalpan","Felicito a Araceli Matehuala, Primera Síndica, por su cumpleaños.🎉 Deseo que su camino esté lleno de fortaleza y salud para continuar, juntas y juntos, trabajando por la transformación, la dignificación y el bienestar del pueblo de México #Naucalpan",https://www.facebook.com/isaacmontoya24/posts/pfbid02XwSWZTF2WBGYEGDKsAWMdaZQpWMVFZEJJrWVTSjgixCwWtRtS3CCRG7Z6Yu7tjU1l,https://www.facebook.com/isaacmontoya24/posts/pfbid02XwSWZTF2WBGYEGDKsAWMdaZQpWMVFZEJJrWVTSjgixCwWtRtS3CCRG7Z6Yu7tjU1l,2026-01-16 18:19:32,2026-01-16,/home/emilio/Documentos/Naucalpan_Semanal_Reportes/Periodico/Enero_Mayo/2026-01-16_al_2026-01-30/Facebook/2026-01-16_al_2026-01-30_Facebook/2026-01-16_al_2026-01-30_Facebook_posts.csv
2026-01-16,2026-01-16_al_2026-01-30_Facebook,isaac_montoya,Isaac Montoya,facebook,Facebook,post_facebook,isaacmontoya24,Isaac Montoya,,"El agua es un derecho, no un privilegio.💧 Iniciamos los trabajos de rehabilitación del Tanque Almendros y del sistema de rebombeo, una obra clave para mejorar la distribución de agua potable en esta y otras comunidades. Lo hacemos en coordinación con CONAGUA, bajo un esquema de inversión compartida 50/50 entre el Gobierno Federal (PRODDER) y el Gobierno Municipal. 🔹 Tanque con capacidad de 3,100 m³ 🔹 Sistema interconectado que beneficia a miles de familias 🔹 Impacto positivo en más de 10 colonias de la Cuenca de San Mateo Cuando hay coordinación y visión de servicio, los resultados se multiplican. Así seguimos transformando Ciudad Naucalpan: con hechos y poniendo al pueblo al centro. #AquiGobiernaLaEsperanza #Naucalpan #OAPAS #OCAVM","El agua es un derecho, no un privilegio.💧 Iniciamos los trabajos de rehabilitación del Tanque Almendros y del sistema de rebombeo, una obra clave para mejorar la distribución de agua potable en esta y otras comunidades. Lo hacemos en coordinación con CONAGUA, bajo un esquema de inversión compartida 50/50 entre el Gobierno Federal (PRODDER) y el Gobierno Municipal. 🔹 Tanque con capacidad de 3,100 m³ 🔹 Sistema interconectado que beneficia a miles de familias 🔹 Impacto positivo en más de 10 colonias de la Cuenca de San Mateo Cuando hay coordinación y visión de servicio, los resultados se multiplican. Así seguimos transformando Ciudad Naucalpan: con hechos y poniendo al pueblo al centro. #AquiGobiernaLaEsperanza #Naucalpan #OAPAS #OCAVM",https://www.facebook.com/reel/2721890378154861/,https://www.facebook.com/reel/2721890378154861/,2026-01-16 15:26:31,2026-01-16,/home/emilio/Documentos/Naucalpan_Semanal_Reportes/Periodico/Enero_Mayo/2026-01-16_al_2026-01-30/Facebook/2026-01-16_al_2026-01-30_Facebook/2026-01-16_al_2026-01-30_Facebook_posts.csv
2026-01-16,2026-01-16_al_2026-01-30_Facebook,isaac_montoya,Isaac Montoya,facebook,Facebook,post_facebook,isaacmontoya24,Isaac Montoya,,"Acudí a Lomas de San Mateo, acompañado de la Directora General del Organismo de Cuenca Aguas del Valle de México (OCAVM), Citlalli Peraza Camacho, organismo perteneciente a la CONAGUA, para dar inicio a los trabajos de rehabilitación del Tanque Almendros y del sistema de rebombeo, una obra fundamental para mejorar la distribución del agua potable en esta zona y en comunidades aledañas. Este proyecto forma parte del plan de modernización de la infraestructura hidráulica que estamos impulsando desde el inicio de nuestro gobierno, con una visión clara: escuchar a la gente, atender rezagos históricos y garantizar un mejor acceso al agua, porque el agua es un derecho, no un privilegio. Los trabajos se realizan en coordinación con la Comisión Nacional del Agua, bajo un esquema de inversión compartida 50/50 entre el Gobierno Federal, a través del programa PRODDER, y el Gobierno Municipal. El tanque cuenta con una capacidad de 3,100 metros cúbicos, y lo que hoy se mejora aquí tendrá un efecto positivo en otras zonas, ya que el sistema hidráulico está interconectado. Se trata de un círculo virtuoso que permite beneficiar a miles de familias y avanzar en la solución de problemas que se arrastraron por años. Estoy convencido de que cuando hay trabajo coordinado y una visión compartida de servicio, los resultados se multiplican. Seguiremos invirtiendo en infraestructura hidráulica para fortalecer el abasto de agua en más de 10 colonias, incluyendo Lomas y Colinas de San Mateo, así como comunidades de la Cuenca de San Mateo. Así es como seguimos transformando Naucalpan: con hechos, con coordinación y poniendo siempre al pueblo al centro. #AquiGobiernaLaEsperanza #Naucalpan #OAPAS #InfraestructuraHidrica","Acudí a Lomas de San Mateo, acompañado de la Directora General del Organismo de Cuenca Aguas del Valle de México (OCAVM), Citlalli Peraza Camacho, organismo perteneciente a la CONAGUA, para dar inicio a los trabajos de rehabilitación del Tanque Almendros y del sistema de rebombeo, una obra fundamental para mejorar la distribución del agua potable en esta zona y en comunidades aledañas. Este proyecto forma parte del plan de modernización de la infraestructura hidráulica que estamos impulsando desde el inicio de nuestro gobierno, con una visión clara: escuchar a la gente, atender rezagos históricos y garantizar un mejor acceso al agua, porque el agua es un derecho, no un privilegio. Los trabajos se realizan en coordinación con la Comisión Nacional del Agua, bajo un esquema de inversión compartida 50/50 entre el Gobierno Federal, a través del programa PRODDER, y el Gobierno Municipal. El tanque cuenta con una capacidad de 3,100 metros cúbicos, y lo que hoy se mejora aquí tendrá un efecto positivo en otras zonas, ya que el sistema hidráulico está interconectado. Se trata de un círculo virtuoso que permite beneficiar a miles de familias y avanzar en la solución de problemas que se arrastraron por años. Estoy convencido de que cuando hay trabajo coordinado y una visión compartida de servicio, los resultados se multiplican. Seguiremos invirtiendo en infraestructura hidráulica para fortalecer el abasto de agua en más de 10 colonias, incluyendo Lomas y Colinas de San Mateo, así como comunidades de la Cuenca de San Mateo. Así es como seguimos transformando Naucalpan: con hechos, con coordinación y poniendo siempre al pueblo al centro. #AquiGobiernaLaEsperanza #Naucalpan #OAPAS #InfraestructuraHidrica",https://www.facebook.com/isaacmontoya24/posts/pfbid0f1k7E6gTpitumhC5zjejTjwtz7W57d4WWBGD8vN9ZmquYmcaC8Qg8xrGiWJyQMmul,https://www.facebook.com/isaacmontoya24/posts/pfbid0f1k7E6gTpitumhC5zjejTjwtz7W57d4WWBGD8vN9ZmquYmcaC8Qg8xrGiWJyQMmul,2026-01-16 15:19:02,2026-01-16,/home/emilio/Documentos/Naucalpan_Semanal_Reportes/Periodico/Enero_Mayo/2026-01-16_al_2026-01-30/Facebook/2026-01-16_al_2026-01-30_Facebook/2026-01-16_al_2026-01-30_Facebook_posts.csv
2026-01-16,2026-01-16_al_2026-01-30_Facebook,isaac_montoya,Isaac Montoya,facebook,Facebook,post_facebook,isaacmontoya24,Isaac Montoya,,"Hoy, los avances son notables en la construcción del Mexicable, y muy pronto esta obra será una realidad que beneficiará a 45 mil mexiquenses. Seguimos trabajando para que la movilidad digna llegue a quienes más la necesitan. #AquiGobiernaLaEsperanza #EdoMex #Naucalpan #Mexicable #Linea3","Hoy, los avances son notables en la construcción del Mexicable, y muy pronto esta obra será una realidad que beneficiará a 45 mil mexiquenses. Seguimos trabajando para que la movilidad digna llegue a quienes más la necesitan. #AquiGobiernaLaEsperanza #EdoMex #Naucalpan #Mexicable #Linea3",https://www.facebook.com/reel/1220472339462996/,https://www.facebook.com/reel/1220472339462996/,2026-01-16 14:43:04,2026-01-16,/home/emilio/Documentos/Naucalpan_Semanal_Reportes/Periodico/Enero_Mayo/2026-01-16_al_2026-01-30/Facebook/2026-01-16_al_2026-01-30_Facebook/2026-01-16_al_2026-01-30_Facebook_posts.csv
2026-01-16,2026-01-16_al_2026-01-30_Facebook,isaac_montoya,Isaac Montoya,facebook,Facebook,post_facebook,isaacmontoya24,Isaac Montoya,,"La Línea 3 del #Mexicable avanza como una obra de justicia social para las zonas altas de Ciudad Naucalpan. Con el respaldo y la visión del Gobierno de México, encabezado por la Presidenta Claudia Sheinbaum Pardo, y la ejecución del Gobierno del Estado de México, que dirige la Gobernadora Delfina Gómez Álvarez, los avances en su construcción son ya una realidad y permitirán beneficiar a 45 mil personas. Movilidad digna que transforma vidas. #AquiGobiernLaEsperanza #Naucalpan #MexicableLinea3 #Mexicable","La Línea 3 del #Mexicable avanza como una obra de justicia social para las zonas altas de Ciudad Naucalpan. Con el respaldo y la visión del Gobierno de México, encabezado por la Presidenta Claudia Sheinbaum Pardo, y la ejecución del Gobierno del Estado de México, que dirige la Gobernadora Delfina Gómez Álvarez, los avances en su construcción son ya una realidad y permitirán beneficiar a 45 mil personas. Movilidad digna que transforma vidas. #AquiGobiernLaEsperanza #Naucalpan #MexicableLinea3 #Mexicable",https://www.facebook.com/reel/4435696820046082/,https://www.facebook.com/reel/4435696820046082/,2026-01-16 14:31:39,2026-01-16,/home/emilio/Documentos/Naucalpan_Semanal_Reportes/Periodico/Enero_Mayo/2026-01-16_al_2026-01-30/Facebook/2026-01-16_al_2026-01-30_Facebook/2026-01-16_al_2026-01-30_Facebook_posts.csv
2026-01-16,2026-01-16_al_2026-01-30_Facebook,isaac_montoya,Isaac Montoya,facebook,Facebook,post_facebook,isaacmontoya24,Isaac Montoya,,"¡Últimos días para disfrutar de las Pistas de Hielo! ❄️⛸️ Invitamos a la ciudadanía a aprovechar los últimos 4 días de las Pistas de Hielo, una experiencia gratuita para toda la familia. 📍 Explanada del Palacio Municipal 🕒 Lunes a domingo | 11:00 a 21:00 horas 📍 Parque La Hormiga 🕒 Lunes a domingo | 12:00 a 21:00 horas 🎟️ Acceso gratuito ¡No te pierdas esta gran oportunidad!❄️✨ #AquiGobiernaLaEsperanza #Naucalpan #PistasDeHielo","¡Últimos días para disfrutar de las Pistas de Hielo! ❄️⛸️ Invitamos a la ciudadanía a aprovechar los últimos 4 días de las Pistas de Hielo, una experiencia gratuita para toda la familia. 📍 Explanada del Palacio Municipal 🕒 Lunes a domingo | 11:00 a 21:00 horas 📍 Parque La Hormiga 🕒 Lunes a domingo | 12:00 a 21:00 horas 🎟️ Acceso gratuito ¡No te pierdas esta gran oportunidad!❄️✨ #AquiGobiernaLaEsperanza #Naucalpan #PistasDeHielo",https://www.facebook.com/isaacmontoya24/posts/pfbid0CWPk3udwKd3CxSqavgAix56Du3Rb3EmjukMV1J8SHfWz5SEn5M9REfBp3X84aqtil,https://www.facebook.com/isaacmontoya24/posts/pfbid0CWPk3udwKd3CxSqavgAix56Du3Rb3EmjukMV1J8SHfWz5SEn5M9REfBp3X84aqtil,2026-01-16 14:07:25,2026-01-16,/home/emilio/Documentos/Naucalpan_Semanal_Reportes/Periodico/Enero_Mayo/2026-01-16_al_2026-01-30/Facebook/2026-01-16_al_2026-01-30_Facebook/2026-01-16_al_2026-01-30_Facebook_posts.csv
2026-01-16,2026-01-16_al_2026-01-30_Facebook,isaac_montoya,Isaac Montoya,facebook,Facebook,post_facebook,isaacmontoya24,Isaac Montoya,,"Como parte de la Estrategia Nacional de Seguridad, impulsada por el Gobierno Federal que encabeza la Presidenta Claudia Sheinbaum Pardo, y en coordinación con el Gobierno del Estado de México que encabeza la Gobernadora Delfina Gómez Álvarez, se realizó una sesión más de la Mesa de Paz en la colonia El Conde. Durante esta jornada se realizó la entrega de 150 cascos certificados a motociclistas de distintas comunidades del municipio, una acción preventiva para proteger la vida y la integridad física de quienes usan la motocicleta todos los días. #AquiGobiernaLaEsperanza #Naucalpan #Seguridad","Como parte de la Estrategia Nacional de Seguridad, impulsada por el Gobierno Federal que encabeza la Presidenta Claudia Sheinbaum Pardo, y en coordinación con el Gobierno del Estado de México que encabeza la Gobernadora Delfina Gómez Álvarez, se realizó una sesión más de la Mesa de Paz en la colonia El Conde. Durante esta jornada se realizó la entrega de 150 cascos certificados a motociclistas de distintas comunidades del municipio, una acción preventiva para proteger la vida y la integridad física de quienes usan la motocicleta todos los días. #AquiGobiernaLaEsperanza #Naucalpan #Seguridad",https://www.facebook.com/reel/732218436323982/,https://www.facebook.com/reel/732218436323982/,2026-01-16 14:06:06,2026-01-16,/home/emilio/Documentos/Naucalpan_Semanal_Reportes/Periodico/Enero_Mayo/2026-01-16_al_2026-01-30/Facebook/2026-01-16_al_2026-01-30_Facebook/2026-01-16_al_2026-01-30_Facebook_posts.csv
2026-01-16,2026-01-16_al_2026-01-30_Facebook,isaac_montoya,Isaac Montoya,facebook,Facebook,post_facebook,isaacmontoya24,Isaac Montoya,,"Como parte de la Estrategia Nacional de Seguridad impulsada por el Gobierno de México que encabeza la Presidenta Claudia Sheinbaum Pardo, en Ciudad Naucalpan avanzamos con iniciativas firmes para recuperar la tranquilidad de nuestras comunidades. A través del Operativo “Halcón”, y en coordinación con autoridades federales y estatales, se han retirado 208 cámaras de videovigilancia instaladas de manera ilegal en distintas colonias del municipio, utilizadas presuntamente para el monitoreo delictivo. El Secretario de Seguridad del Estado de México, Cristóbal Castañeda, destacó que una parte importante de estas acciones se realizó en Naucalpan. Estas estrategias, realizadas junto con la Fiscalía General de Justicia del Estado de México, la Secretaría de Seguridad del Estado de México, la Guardia Nacional y nuestra Guardia Municipal, fortalecen la seguridad en colonias como San Rafael Chamapa, El Molinito, La Mancha y otras zonas prioritarias. Desde el Gobierno Municipal seguimos trabajando de manera coordinada con los gobiernos federal y estatal para cerrar el paso a la delincuencia. #Naucalpan #Seguridad","Como parte de la Estrategia Nacional de Seguridad impulsada por el Gobierno de México que encabeza la Presidenta Claudia Sheinbaum Pardo, en Ciudad Naucalpan avanzamos con iniciativas firmes para recuperar la tranquilidad de nuestras comunidades. A través del Operativo “Halcón”, y en coordinación con autoridades federales y estatales, se han retirado 208 cámaras de videovigilancia instaladas de manera ilegal en distintas colonias del municipio, utilizadas presuntamente para el monitoreo delictivo. El Secretario de Seguridad del Estado de México, Cristóbal Castañeda, destacó que una parte importante de estas acciones se realizó en Naucalpan. Estas estrategias, realizadas junto con la Fiscalía General de Justicia del Estado de México, la Secretaría de Seguridad del Estado de México, la Guardia Nacional y nuestra Guardia Municipal, fortalecen la seguridad en colonias como San Rafael Chamapa, El Molinito, La Mancha y otras zonas prioritarias. Desde el Gobierno Municipal seguimos trabajando de manera coordinada con los gobiernos federal y estatal para cerrar el paso a la delincuencia. #Naucalpan #Seguridad",https://www.facebook.com/reel/1442524890809487/,https://www.facebook.com/reel/1442524890809487/,2026-01-16 13:50:39,2026-01-16,/home/emilio/Documentos/Naucalpan_Semanal_Reportes/Periodico/Enero_Mayo/2026-01-16_al_2026-01-30/Facebook/2026-01-16_al_2026-01-30_Facebook/2026-01-16_al_2026-01-30_Facebook_posts.csv
2026-01-16,2026-01-16_al_2026-01-30_Facebook,isaac_montoya,Isaac Montoya,facebook,Facebook,post_facebook,isaacmontoya24,Isaac Montoya,,"Como parte de la Estrategia Nacional de Seguridad, impulsada por el Gobierno Federal encabezado por la Presidenta Claudia Sheinbaum Pardo, y en coordinación con el Gobierno del Estado de México que encabeza la Gobernadora Delfina Gómez Álvarez, se llevó a cabo una sesión más de la Mesa de Paz en la colonia El Conde. En este espacio se compartieron los avances diarios en materia de seguridad y se reforzaron las estrategias necesarias para seguir reduciendo la incidencia delictiva en Ciudad Naucalpan, fortaleciendo la coordinación entre los tres órdenes de gobierno con un objetivo común: construir comunidades más tranquilas y seguras. En el marco de esta jornada, se realizó la entrega de 150 cascos certificados a motociclistas de distintas comunidades del municipio, una acción preventiva que busca proteger la integridad física de quienes utilizan la motocicleta como medio de transporte cotidiano. Me dirigí a la comunidad biker para hacer un llamado a la conciencia y la responsabilidad al conducir. Usar una motocicleta implica un compromiso con la propia vida y con la de los demás. El casco no es un accesorio: es un elemento de seguridad indispensable que puede marcar la diferencia ante cualquier percance. Desde el Gobierno de Ciudad Naucalpan, seguimos trabajando de manera coordinada con los gobiernos estatal y federal por la seguridad de las y los ciudadanos. #AquiGobiernaLaEsperanza #Naucalpan #Seguridad #SeguridadVial","Como parte de la Estrategia Nacional de Seguridad, impulsada por el Gobierno Federal encabezado por la Presidenta Claudia Sheinbaum Pardo, y en coordinación con el Gobierno del Estado de México que encabeza la Gobernadora Delfina Gómez Álvarez, se llevó a cabo una sesión más de la Mesa de Paz en la colonia El Conde. En este espacio se compartieron los avances diarios en materia de seguridad y se reforzaron las estrategias necesarias para seguir reduciendo la incidencia delictiva en Ciudad Naucalpan, fortaleciendo la coordinación entre los tres órdenes de gobierno con un objetivo común: construir comunidades más tranquilas y seguras. En el marco de esta jornada, se realizó la entrega de 150 cascos certificados a motociclistas de distintas comunidades del municipio, una acción preventiva que busca proteger la integridad física de quienes utilizan la motocicleta como medio de transporte cotidiano. Me dirigí a la comunidad biker para hacer un llamado a la conciencia y la responsabilidad al conducir. Usar una motocicleta implica un compromiso con la propia vida y con la de los demás. El casco no es un accesorio: es un elemento de seguridad indispensable que puede marcar la diferencia ante cualquier percance. Desde el Gobierno de Ciudad Naucalpan, seguimos trabajando de manera coordinada con los gobiernos estatal y federal por la seguridad de las y los ciudadanos. #AquiGobiernaLaEsperanza #Naucalpan #Seguridad #SeguridadVial",https://www.facebook.com/isaacmontoya24/posts/pfbid05fxeUDx3LhGtd7Ac9LMC46FnYkSWCTNpUetkEotDpL1TaWn4G5pxsnGJ2zgr1tCSl,https://www.facebook.com/isaacmontoya24/posts/pfbid05fxeUDx3LhGtd7Ac9LMC46FnYkSWCTNpUetkEotDpL1TaWn4G5pxsnGJ2zgr1tCSl,2026-01-16 13:18:48,2026-01-16,/home/emilio/Documentos/Naucalpan_Semanal_Reportes/Periodico/Enero_Mayo/2026-01-16_al_2026-01-30/Facebook/2026-01-16_al_2026-01-30_Facebook/2026-01-16_al_2026-01-30_Facebook_posts.csv
2026-01-16,2026-01-16_al_2026-01-30_Twitter,isaac_montoya,Isaac Montoya,twitter,Twitter/X,tweet,@isaacsolar,@isaacsolar,,"¡Últimos días para disfrutar de las Pistas de Hielo! Invitamos a la ciudadanía a aprovechar los últimos 4 días de las Pistas de Hielo, una experiencia gratuita para toda la familia. Explanada del Palacio Municipal Lunes a domingo | 11:00 a 21:00 horas Parque La","¡Últimos días para disfrutar de las Pistas de Hielo! Invitamos a la ciudadanía a aprovechar los últimos 4 días de las Pistas de Hielo, una experiencia gratuita para toda la familia. Explanada del Palacio Municipal Lunes a domingo | 11:00 a 21:00 horas Parque La",https://x.com/isaacsolar/status/2012255387588739291,https://x.com/isaacsolar/status/2012255387588739291,2026-01-16 20:07:24+00:00,2026-01-16,/home/emilio/Documentos/Naucalpan_Semanal_Reportes/Periodico/Enero_Mayo/2026-01-16_al_2026-01-30/Twitter/2026-01-16_al_2026-01-30_Twitter/2026-01-16_al_2026-01-30_Twitter_post_institucionales.csv
2026-01-16,2026-01-16_al_2026-01-30_Twitter,isaac_montoya,Isaac Montoya,twitter,Twitter/X,tweet,@isaacsolar,@isaacsolar,,"El agua es un derecho, no un privilegio. Iniciamos los trabajos de rehabilitación del Tanque Almendros y del sistema de rebombeo, una obra clave para mejorar la distribución de agua potable en esta y otras comunidades. Lo hacemos en coordinación con CONAGUA, bajo un esquema de inversión compartida 50/50 entre el Gobierno Federal (PRODDER) y el Gobierno Municipal. Tanque con capacidad de 3,100 m³ Sistema interconectado que beneficia a miles de familias Impacto positivo en más de 10 colonias de la Cuenca de San Mateo Cuando hay coordinación y visión de servicio, los resultados se multiplican. Así seguimos transformando Ciudad Naucalpan: con hechos y poniendo al pueblo al centro. #AquiGobiernaLaEsperanza #Naucalpan #OAPAS #OCAVM","El agua es un derecho, no un privilegio. Iniciamos los trabajos de rehabilitación del Tanque Almendros y del sistema de rebombeo, una obra clave para mejorar la distribución de agua potable en esta y otras comunidades. Lo hacemos en coordinación con CONAGUA, bajo un esquema de inversión compartida 50/50 entre el Gobierno Federal (PRODDER) y el Gobierno Municipal. Tanque con capacidad de 3,100 m³ Sistema interconectado que beneficia a miles de familias Impacto positivo en más de 10 colonias de la Cuenca de San Mateo Cuando hay coordinación y visión de servicio, los resultados se multiplican. Así seguimos transformando Ciudad Naucalpan: con hechos y poniendo al pueblo al centro. #AquiGobiernaLaEsperanza #Naucalpan #OAPAS #OCAVM",https://x.com/isaacsolar/status/2012278148532949007,https://x.com/isaacsolar/status/2012278148532949007,2026-01-16 21:37:51+00:00,2026-01-16,/home/emilio/Documentos/Naucalpan_Semanal_Reportes/Periodico/Enero_Mayo/2026-01-16_al_2026-01-30/Twitter/2026-01-16_al_2026-01-30_Twitter/2026-01-16_al_2026-01-30_Twitter_post_institucionales.csv
2026-01-16,2026-01-16_al_2026-01-30_Twitter,isaac_montoya,Isaac Montoya,twitter,Twitter/X,tweet,@isaacsolar,@isaacsolar,,"Como parte de la Estrategia Nacional de Seguridad, impulsada por el Gobierno Federal que encabeza la Presidenta Claudia Sheinbaum Pardo, y en coordinación con el Gobierno del Estado de México que encabeza la Gobernadora Delfina Gómez Álvarez, se realizó una sesión más de la Mesa de Paz en la colonia El Conde. Durante esta jornada se realizó la entrega de 150 cascos certificados a motociclistas de distintas comunidades del municipio, una acción preventiva para proteger la vida y la integridad física de quienes usan la motocicleta todos los días. #AquiGobiernaLaEsperanza #Naucalpan #Seguridad","Como parte de la Estrategia Nacional de Seguridad, impulsada por el Gobierno Federal que encabeza la Presidenta Claudia Sheinbaum Pardo, y en coordinación con el Gobierno del Estado de México que encabeza la Gobernadora Delfina Gómez Álvarez, se realizó una sesión más de la Mesa de Paz en la colonia El Conde. Durante esta jornada se realizó la entrega de 150 cascos certificados a motociclistas de distintas comunidades del municipio, una acción preventiva para proteger la vida y la integridad física de quienes usan la motocicleta todos los días. #AquiGobiernaLaEsperanza #Naucalpan #Seguridad",https://x.com/isaacsolar/status/2012254820409684012,https://x.com/isaacsolar/status/2012254820409684012,2026-01-16 20:05:09+00:00,2026-01-16,/home/emilio/Documentos/Naucalpan_Semanal_Reportes/Periodico/Enero_Mayo/2026-01-16_al_2026-01-30/Twitter/2026-01-16_al_2026-01-30_Twitter/2026-01-16_al_2026-01-30_Twitter_post_institucionales.csv
2026-01-16,2026-01-16_al_2026-01-30_Twitter,isaac_montoya,Isaac Montoya,twitter,Twitter/X,tweet,@isaacsolar,@isaacsolar,,"La Línea 3 del #Mexicable avanza como una obra de justicia social para las zonas altas de Ciudad Naucalpan. Con el respaldo y la visión del Gobierno de México, encabezado por la Presidenta @Claudiashein , y la ejecución del Gobierno del Estado de México, que dirige la Gobernadora","La Línea 3 del #Mexicable avanza como una obra de justicia social para las zonas altas de Ciudad Naucalpan. Con el respaldo y la visión del Gobierno de México, encabezado por la Presidenta @Claudiashein , y la ejecución del Gobierno del Estado de México, que dirige la Gobernadora",https://x.com/isaacsolar/status/2012263147990597765,https://x.com/isaacsolar/status/2012263147990597765,2026-01-16 20:38:15+00:00,2026-01-16,/home/emilio/Documentos/Naucalpan_Semanal_Reportes/Periodico/Enero_Mayo/2026-01-16_al_2026-01-30/Twitter/2026-01-16_al_2026-01-30_Twitter/2026-01-16_al_2026-01-30_Twitter_post_institucionales.csv
2026-01-16,2026-01-16_al_2026-01-30_Twitter,isaac_montoya,Isaac Montoya,twitter,Twitter/X,tweet,@isaacsolar,@isaacsolar,,"Acudí a Lomas de San Mateo, acompañado de la Directora General del Organismo de Cuenca Aguas del Valle de México (OCAVM), Citlalli Peraza Camacho, organismo perteneciente a la CONAGUA, para dar inicio a los trabajos de rehabilitación del Tanque Almendros y del sistema de","Acudí a Lomas de San Mateo, acompañado de la Directora General del Organismo de Cuenca Aguas del Valle de México (OCAVM), Citlalli Peraza Camacho, organismo perteneciente a la CONAGUA, para dar inicio a los trabajos de rehabilitación del Tanque Almendros y del sistema de",https://x.com/isaacsolar/status/2012276319367606331,https://x.com/isaacsolar/status/2012276319367606331,2026-01-16 21:30:35+00:00,2026-01-16,/home/emilio/Documentos/Naucalpan_Semanal_Reportes/Periodico/Enero_Mayo/2026-01-16_al_2026-01-30/Twitter/2026-01-16_al_2026-01-30_Twitter/2026-01-16_al_2026-01-30_Twitter_post_institucionales.csv
