fecha_semana,nombre_semana,caso,caso_label,red_social,red_social_label,tipo_publicacion,cuenta_origen,autor,titulo,texto_publicacion,texto_para_analisis,url_publicacion,id_publicacion,fecha_publicacion,fecha_publicacion_date,archivo_origen
2026-02-01,2026-02-01_al_2026-02-15_Facebook,gobierno_naucalpan,Gobierno de Naucalpan,facebook,Facebook,post_facebook,ciudadnaucalpan,Ciudad Naucalpan / Gobierno Municipal 2025-2027.,,"Huellas de la Transformación en Rosa de Castilla. 🤝 Renovamos el andador de Las Torres: 60 luminarias nuevas, asfalto, cancha rehabilitada y más de 11 toneladas de residuos retirados. Hoy es un espacio más iluminado, seguro y digno para las familias. 💡 En Ciudad Naucalpan no prometemos, cumplimos. #AquiGobiernaLaEsperanza #Naucalpan #HuellasDeLaTransformacion","Huellas de la Transformación en Rosa de Castilla. 🤝 Renovamos el andador de Las Torres: 60 luminarias nuevas, asfalto, cancha rehabilitada y más de 11 toneladas de residuos retirados. Hoy es un espacio más iluminado, seguro y digno para las familias. 💡 En Ciudad Naucalpan no prometemos, cumplimos. #AquiGobiernaLaEsperanza #Naucalpan #HuellasDeLaTransformacion",https://www.facebook.com/reel/4061305634013225/,https://www.facebook.com/reel/4061305634013225/,2026-02-14 13:07:02,2026-02-14,/home/emilio/Documentos/Naucalpan_Semanal_Reportes/Periodico/Enero_Mayo/2026-02-01_al_2026-02-15/Facebook/2026-02-01_al_2026-02-15_Facebook/2026-02-01_al_2026-02-15_Facebook_posts.csv
2026-02-01,2026-02-01_al_2026-02-15_Facebook,gobierno_naucalpan,Gobierno de Naucalpan,facebook,Facebook,post_facebook,ciudadnaucalpan,Ciudad Naucalpan / Gobierno Municipal 2025-2027.,,"Huella de la Transformación en Rosa de Castilla✨ De un espacio en abandono, a un lugar seguro y digno para la comunidad. #AquiGobiernaLaEsperanza #Naucalpan #HuellasDeLaTransformación #RosaDeCastilla","Huella de la Transformación en Rosa de Castilla✨ De un espacio en abandono, a un lugar seguro y digno para la comunidad. #AquiGobiernaLaEsperanza #Naucalpan #HuellasDeLaTransformación #RosaDeCastilla",https://www.facebook.com/CiudadNaucalpan/posts/pfbid02515eA61DFaAPez792oGt3b5Sv9XnnMtkFmiUjjdYxEyAmer5N23Kmr54856Lr4CLl,https://www.facebook.com/CiudadNaucalpan/posts/pfbid02515eA61DFaAPez792oGt3b5Sv9XnnMtkFmiUjjdYxEyAmer5N23Kmr54856Lr4CLl,2026-02-14 13:02:24,2026-02-14,/home/emilio/Documentos/Naucalpan_Semanal_Reportes/Periodico/Enero_Mayo/2026-02-01_al_2026-02-15/Facebook/2026-02-01_al_2026-02-15_Facebook/2026-02-01_al_2026-02-15_Facebook_posts.csv
2026-02-01,2026-02-01_al_2026-02-15_Facebook,gobierno_naucalpan,Gobierno de Naucalpan,facebook,Facebook,post_facebook,ciudadnaucalpan,Ciudad Naucalpan / Gobierno Municipal 2025-2027.,,"El Gobierno de Naucalpan invita al Taller de Globoflexia y Decorado con Globos (Nivel Básico), una actividad formativa dirigida a la comunidad interesada en aprender técnicas básicas de decoración con globos. 🎈 📅 Inicio del taller: 25 de febrero de 2026 ⏰ Horario: 10:00 a 12:00 horas 📆 Fechas: 25 y 27 de febrero; 4, 6, 11, 13, 18 y 20 de marzo 📍 Sede: Auditorio Isidro Fabela Calle Benito Juárez, Av. Benito Juárez 39, El Mirador, Naucalpan de Juárez. 👤 Impartido por: José Antonio Reyes Becerra 📝 Inscripciones: Subdirección de Cultura, Departamento de Fomento a las Bellas Artes. Del día de la publicación al 24 de febrero. Requisitos: copia del INE y comprobante de domicilio. 🎟️ Convocatoria gratuita. ✨ #AquiGobiernaLaEsperanza #Naucalpan #Cultura #Bienestar","El Gobierno de Naucalpan invita al Taller de Globoflexia y Decorado con Globos (Nivel Básico), una actividad formativa dirigida a la comunidad interesada en aprender técnicas básicas de decoración con globos. 🎈 📅 Inicio del taller: 25 de febrero de 2026 ⏰ Horario: 10:00 a 12:00 horas 📆 Fechas: 25 y 27 de febrero; 4, 6, 11, 13, 18 y 20 de marzo 📍 Sede: Auditorio Isidro Fabela Calle Benito Juárez, Av. Benito Juárez 39, El Mirador, Naucalpan de Juárez. 👤 Impartido por: José Antonio Reyes Becerra 📝 Inscripciones: Subdirección de Cultura, Departamento de Fomento a las Bellas Artes. Del día de la publicación al 24 de febrero. Requisitos: copia del INE y comprobante de domicilio. 🎟️ Convocatoria gratuita. ✨ #AquiGobiernaLaEsperanza #Naucalpan #Cultura #Bienestar",https://www.facebook.com/CiudadNaucalpan/posts/pfbid02EgrfsNinwncdSyyK7X4xunShk49D5QEmwqTyGNtAErJkhDLcjv9DwHMzKwCYvPhsl,https://www.facebook.com/CiudadNaucalpan/posts/pfbid02EgrfsNinwncdSyyK7X4xunShk49D5QEmwqTyGNtAErJkhDLcjv9DwHMzKwCYvPhsl,2026-02-14 13:01:42,2026-02-14,/home/emilio/Documentos/Naucalpan_Semanal_Reportes/Periodico/Enero_Mayo/2026-02-01_al_2026-02-15/Facebook/2026-02-01_al_2026-02-15_Facebook/2026-02-01_al_2026-02-15_Facebook_posts.csv
2026-02-01,2026-02-01_al_2026-02-15_Facebook,gobierno_naucalpan,Gobierno de Naucalpan,facebook,Facebook,post_facebook,ciudadnaucalpan,Ciudad Naucalpan / Gobierno Municipal 2025-2027.,,"El Gobierno Municipal de Ciudad Naucalpan, encabezado por el Presidente Municipal Isaac Montoya, continúa dignificando los espacios públicos a través de la Dirección de Servicios Públicos, mediante el programa Huellas de la Transformación. En el andador de Las Torres, en la colonia Rosa de Castilla, se realizó una intervención integral para dignificar este punto de encuentro comunitario.✨ Los trabajos incluyeron la instalación de 60 luminarias nuevas, la aplicación de 24 toneladas de asfalto caliente y 300 costales de asfalto frío; pintura de guarniciones, marcado de cancha y rehabilitación de 4 canastas. Además, se llevaron a cabo podas y clareos de árboles, chaponeo, arañado, desorille, barrido manual y la recolección de más de 11 toneladas de residuos.✨💡🚧🚛 Con estos trabajos, el espacio pasó de estar en condiciones de abandono a convertirse en un lugar más seguro, iluminado y funcional para niñas, niños, jóvenes y familias. Seguimos trabajando en territorio, recuperando espacios y fortaleciendo la convivencia comunitaria. #AquiGobiernaLaEsperanza #Naucalpan #HuellasDeLaTransformacion","El Gobierno Municipal de Ciudad Naucalpan, encabezado por el Presidente Municipal Isaac Montoya, continúa dignificando los espacios públicos a través de la Dirección de Servicios Públicos, mediante el programa Huellas de la Transformación. En el andador de Las Torres, en la colonia Rosa de Castilla, se realizó una intervención integral para dignificar este punto de encuentro comunitario.✨ Los trabajos incluyeron la instalación de 60 luminarias nuevas, la aplicación de 24 toneladas de asfalto caliente y 300 costales de asfalto frío; pintura de guarniciones, marcado de cancha y rehabilitación de 4 canastas. Además, se llevaron a cabo podas y clareos de árboles, chaponeo, arañado, desorille, barrido manual y la recolección de más de 11 toneladas de residuos.✨💡🚧🚛 Con estos trabajos, el espacio pasó de estar en condiciones de abandono a convertirse en un lugar más seguro, iluminado y funcional para niñas, niños, jóvenes y familias. Seguimos trabajando en territorio, recuperando espacios y fortaleciendo la convivencia comunitaria. #AquiGobiernaLaEsperanza #Naucalpan #HuellasDeLaTransformacion",https://www.facebook.com/CiudadNaucalpan/posts/pfbid0DQAAwD2DDCBx5f7gM4WE9UhVcYoLrCMSQKMfJjxYtTzG9Y4cbFciz8vGcjo1iNwFl,https://www.facebook.com/CiudadNaucalpan/posts/pfbid0DQAAwD2DDCBx5f7gM4WE9UhVcYoLrCMSQKMfJjxYtTzG9Y4cbFciz8vGcjo1iNwFl,2026-02-14 12:59:40,2026-02-14,/home/emilio/Documentos/Naucalpan_Semanal_Reportes/Periodico/Enero_Mayo/2026-02-01_al_2026-02-15/Facebook/2026-02-01_al_2026-02-15_Facebook/2026-02-01_al_2026-02-15_Facebook_posts.csv
2026-02-01,2026-02-01_al_2026-02-15_Facebook,gobierno_naucalpan,Gobierno de Naucalpan,facebook,Facebook,post_facebook,ciudadnaucalpan,Ciudad Naucalpan / Gobierno Municipal 2025-2027.,,"¿Sabías qué? ⚽🌍 En Brasil 2014, el mundo conoció a Fuleco, el armadillo amarillo-azul que se convirtió en símbolo de la conciencia ecológica y la pasión por el fútbol. Su nombre une “fútbol” y “ecología”. #AquiGobiernaLaEsperanza #HuellasDelMundial #Naucalpan","¿Sabías qué? ⚽🌍 En Brasil 2014, el mundo conoció a Fuleco, el armadillo amarillo-azul que se convirtió en símbolo de la conciencia ecológica y la pasión por el fútbol. Su nombre une “fútbol” y “ecología”. #AquiGobiernaLaEsperanza #HuellasDelMundial #Naucalpan",https://www.facebook.com/CiudadNaucalpan/posts/pfbid031TeydeSyZBz6AcYKLKe79o5n3yVqVkoj5pddYt2KshMT3XKMP4hfzN8Duqxjwjvkl,https://www.facebook.com/CiudadNaucalpan/posts/pfbid031TeydeSyZBz6AcYKLKe79o5n3yVqVkoj5pddYt2KshMT3XKMP4hfzN8Duqxjwjvkl,2026-02-14 11:42:33,2026-02-14,/home/emilio/Documentos/Naucalpan_Semanal_Reportes/Periodico/Enero_Mayo/2026-02-01_al_2026-02-15/Facebook/2026-02-01_al_2026-02-15_Facebook/2026-02-01_al_2026-02-15_Facebook_posts.csv
2026-02-01,2026-02-01_al_2026-02-15_Facebook,gobierno_naucalpan,Gobierno de Naucalpan,facebook,Facebook,post_facebook,guardiamunicipalciudadnaucalpan,Guardia Municipal Ciudad Naucalpan,,Mega Operativo Estrategia Oriente🚔 #PolociaEstatal #Seguridad #EstrategiaOriente #SSEM,Mega Operativo Estrategia Oriente🚔 #PolociaEstatal #Seguridad #EstrategiaOriente #SSEM,https://www.facebook.com/reel/846758711716624/,https://www.facebook.com/reel/846758711716624/,2026-02-14 11:20:14,2026-02-14,/home/emilio/Documentos/Naucalpan_Semanal_Reportes/Periodico/Enero_Mayo/2026-02-01_al_2026-02-15/Facebook/2026-02-01_al_2026-02-15_Facebook/2026-02-01_al_2026-02-15_Facebook_posts.csv
2026-02-01,2026-02-01_al_2026-02-15_Facebook,gobierno_naucalpan,Gobierno de Naucalpan,facebook,Facebook,post_facebook,guardiamunicipalciudadnaucalpan,Guardia Municipal Ciudad Naucalpan,,"La Policía Ética acompaña y vigila el actuar del personal de Movilidad Segura para garantizar un desempeño legal, transparente y con respeto a la ciudadanía.🚔 En Ciudad Naucalpan, la seguridad se ejerce con ética y responsabilidad. #AquiGobiernaLaEsperanza #GuardiaMunicipal #Naucalpan #PoliciaEtica #MovilidadSegura","La Policía Ética acompaña y vigila el actuar del personal de Movilidad Segura para garantizar un desempeño legal, transparente y con respeto a la ciudadanía.🚔 En Ciudad Naucalpan, la seguridad se ejerce con ética y responsabilidad. #AquiGobiernaLaEsperanza #GuardiaMunicipal #Naucalpan #PoliciaEtica #MovilidadSegura",https://www.facebook.com/reel/1215811246906565/,https://www.facebook.com/reel/1215811246906565/,2026-02-14 09:02:39,2026-02-14,/home/emilio/Documentos/Naucalpan_Semanal_Reportes/Periodico/Enero_Mayo/2026-02-01_al_2026-02-15/Facebook/2026-02-01_al_2026-02-15_Facebook/2026-02-01_al_2026-02-15_Facebook_posts.csv
2026-02-01,2026-02-01_al_2026-02-15_Twitter,gobierno_naucalpan,Gobierno de Naucalpan,twitter,Twitter/X,tweet,@GobNau,@GobNau,,"Huellas de la Transformación en Rosa de Castilla. En Ciudad Naucalpan no prometemos, cumplimos. #AquiGobiernaLaEsperanza #Naucalpan #HuellasDeLaTransformacion","Huellas de la Transformación en Rosa de Castilla. En Ciudad Naucalpan no prometemos, cumplimos. #AquiGobiernaLaEsperanza #Naucalpan #HuellasDeLaTransformacion",https://x.com/GobNau/status/2022749445968843251,https://x.com/GobNau/status/2022749445968843251,2026-02-14 19:07:03+00:00,2026-02-14,/home/emilio/Documentos/Naucalpan_Semanal_Reportes/Periodico/Enero_Mayo/2026-02-01_al_2026-02-15/Twitter/2026-02-01_al_2026-02-15_Twitter/2026-02-01_al_2026-02-15_Twitter_post_institucionales.csv
2026-02-01,2026-02-01_al_2026-02-15_Twitter,gobierno_naucalpan,Gobierno de Naucalpan,twitter,Twitter/X,tweet,@GobNau,@GobNau,,"Huella de la Transformación en Rosa de Castilla De un espacio en abandono, a un lugar seguro y digno para la comunidad. #AquiGobiernaLaEsperanza #Naucalpan #HuellasDeLaTransformación #RosaDeCastilla","Huella de la Transformación en Rosa de Castilla De un espacio en abandono, a un lugar seguro y digno para la comunidad. #AquiGobiernaLaEsperanza #Naucalpan #HuellasDeLaTransformación #RosaDeCastilla",https://x.com/GobNau/status/2022748294187798894,https://x.com/GobNau/status/2022748294187798894,2026-02-14 19:02:28+00:00,2026-02-14,/home/emilio/Documentos/Naucalpan_Semanal_Reportes/Periodico/Enero_Mayo/2026-02-01_al_2026-02-15/Twitter/2026-02-01_al_2026-02-15_Twitter/2026-02-01_al_2026-02-15_Twitter_post_institucionales.csv
2026-02-01,2026-02-01_al_2026-02-15_Twitter,gobierno_naucalpan,Gobierno de Naucalpan,twitter,Twitter/X,tweet,@GobNau,@GobNau,,El Gobierno de Naucalpan invita al Taller de Globoflexia y Decorado con Globos Inicio: 25 de febrero de 2026 10:00 a 12:00 h Auditorio Isidro Fabela Convocatoria gratuita. #AquiGobiernaLaEsperanza,El Gobierno de Naucalpan invita al Taller de Globoflexia y Decorado con Globos Inicio: 25 de febrero de 2026 10:00 a 12:00 h Auditorio Isidro Fabela Convocatoria gratuita. #AquiGobiernaLaEsperanza,https://x.com/GobNau/status/2022748113325171051,https://x.com/GobNau/status/2022748113325171051,2026-02-14 19:01:45+00:00,2026-02-14,/home/emilio/Documentos/Naucalpan_Semanal_Reportes/Periodico/Enero_Mayo/2026-02-01_al_2026-02-15/Twitter/2026-02-01_al_2026-02-15_Twitter/2026-02-01_al_2026-02-15_Twitter_post_institucionales.csv
2026-02-01,2026-02-01_al_2026-02-15_Twitter,gobierno_naucalpan,Gobierno de Naucalpan,twitter,Twitter/X,tweet,@GobNau,@GobNau,,"El Gobierno de Ciudad #Naucalpan, encabezado por el Alcalde Isaac Montoya, dignificó el andador de Las Torres en Rosa de Castilla con 60 luminarias, 24 t de asfalto caliente, 300 costales de asfalto frío y más de 11 t de residuos retirados. #HuellasDeLaTransformacion","El Gobierno de Ciudad #Naucalpan, encabezado por el Alcalde Isaac Montoya, dignificó el andador de Las Torres en Rosa de Castilla con 60 luminarias, 24 t de asfalto caliente, 300 costales de asfalto frío y más de 11 t de residuos retirados. #HuellasDeLaTransformacion",https://x.com/GobNau/status/2022747571320422719,https://x.com/GobNau/status/2022747571320422719,2026-02-14 18:59:36+00:00,2026-02-14,/home/emilio/Documentos/Naucalpan_Semanal_Reportes/Periodico/Enero_Mayo/2026-02-01_al_2026-02-15/Twitter/2026-02-01_al_2026-02-15_Twitter/2026-02-01_al_2026-02-15_Twitter_post_institucionales.csv
2026-02-01,2026-02-01_al_2026-02-15_Twitter,gobierno_naucalpan,Gobierno de Naucalpan,twitter,Twitter/X,tweet,@GobNau,@GobNau,,"¿Sabías qué? En Brasil 2014, el mundo conoció a Fuleco, el armadillo amarillo-azul que se convirtió en símbolo de la conciencia ecológica y la pasión por el fútbol. Su nombre une “fútbol” y “ecología”. #AquiGobiernaLaEsperanza #HuellasDelMundial #Naucalpan","¿Sabías qué? En Brasil 2014, el mundo conoció a Fuleco, el armadillo amarillo-azul que se convirtió en símbolo de la conciencia ecológica y la pasión por el fútbol. Su nombre une “fútbol” y “ecología”. #AquiGobiernaLaEsperanza #HuellasDelMundial #Naucalpan",https://x.com/GobNau/status/2022728332463239258,https://x.com/GobNau/status/2022728332463239258,2026-02-14 17:43:09+00:00,2026-02-14,/home/emilio/Documentos/Naucalpan_Semanal_Reportes/Periodico/Enero_Mayo/2026-02-01_al_2026-02-15/Twitter/2026-02-01_al_2026-02-15_Twitter/2026-02-01_al_2026-02-15_Twitter_post_institucionales.csv
2026-02-01,2026-02-01_al_2026-02-15_Facebook,gobierno_naucalpan,Gobierno de Naucalpan,facebook,Facebook,post_facebook,ciudadnaucalpan,Ciudad Naucalpan / Gobierno Municipal 2025-2027.,,"AVISO VIAL | CIERRE DE CARRILES🚧 Se informa a la ciudadanía que hoy 13 de febrero, inicia el cierre de carriles por trabajos de rehabilitación con concreto hidráulico en la lateral de Periférico, en el tramo de Circuito Circunvalación a Calle Baden Powell. Se recomienda anticipar traslados, usar vías alternas y manejar con precaución en la zona. #AquiGobiernaLaEsperanza #Naucalpan #Periferico","AVISO VIAL | CIERRE DE CARRILES🚧 Se informa a la ciudadanía que hoy 13 de febrero, inicia el cierre de carriles por trabajos de rehabilitación con concreto hidráulico en la lateral de Periférico, en el tramo de Circuito Circunvalación a Calle Baden Powell. Se recomienda anticipar traslados, usar vías alternas y manejar con precaución en la zona. #AquiGobiernaLaEsperanza #Naucalpan #Periferico",https://www.facebook.com/reel/1576682586918339/,https://www.facebook.com/reel/1576682586918339/,2026-02-13 23:13:33,2026-02-13,/home/emilio/Documentos/Naucalpan_Semanal_Reportes/Periodico/Enero_Mayo/2026-02-01_al_2026-02-15/Facebook/2026-02-01_al_2026-02-15_Facebook/2026-02-01_al_2026-02-15_Facebook_posts.csv
2026-02-01,2026-02-01_al_2026-02-15_Facebook,gobierno_naucalpan,Gobierno de Naucalpan,facebook,Facebook,post_facebook,ciudadnaucalpan,Ciudad Naucalpan / Gobierno Municipal 2025-2027.,,"AVISO VIAL | CIERRE DE CARRILES (Periférico) 🚧 Se informa a la ciudadanía que hoy 13 de febrero, inicia el cierre de carriles por trabajos de rehabilitación con concreto hidráulico en la lateral de Periférico, en el tramo de Circuito Circunvalación a Calle Baden Powell. ✅ Zona intervenida: Lateral de Periférico 🛣️ Rutas alternas: • Circuito Circunvalación para incorporarse a Av. López Mateos • Vía Gustavo Baz • Segundo Piso Se recomienda anticipar traslados, usar vías alternas y manejar con precaución en la zona. #AquiGobiernaLaEsperanza #Naucalpan #Periferico #ObraHistorica","AVISO VIAL | CIERRE DE CARRILES (Periférico) 🚧 Se informa a la ciudadanía que hoy 13 de febrero, inicia el cierre de carriles por trabajos de rehabilitación con concreto hidráulico en la lateral de Periférico, en el tramo de Circuito Circunvalación a Calle Baden Powell. ✅ Zona intervenida: Lateral de Periférico 🛣️ Rutas alternas: • Circuito Circunvalación para incorporarse a Av. López Mateos • Vía Gustavo Baz • Segundo Piso Se recomienda anticipar traslados, usar vías alternas y manejar con precaución en la zona. #AquiGobiernaLaEsperanza #Naucalpan #Periferico #ObraHistorica",https://www.facebook.com/CiudadNaucalpan/posts/pfbid02higGr7LSTSW1NhoFEaY4nPc2coffN9gt3UxGDGmq1Jag6uTFAPeTWuk6cpBdVhLol,https://www.facebook.com/CiudadNaucalpan/posts/pfbid02higGr7LSTSW1NhoFEaY4nPc2coffN9gt3UxGDGmq1Jag6uTFAPeTWuk6cpBdVhLol,2026-02-13 22:59:40,2026-02-13,/home/emilio/Documentos/Naucalpan_Semanal_Reportes/Periodico/Enero_Mayo/2026-02-01_al_2026-02-15/Facebook/2026-02-01_al_2026-02-15_Facebook/2026-02-01_al_2026-02-15_Facebook_posts.csv
2026-02-01,2026-02-01_al_2026-02-15_Facebook,gobierno_naucalpan,Gobierno de Naucalpan,facebook,Facebook,post_facebook,ciudadnaucalpan,Ciudad Naucalpan / Gobierno Municipal 2025-2027.,,AVISO VIAL | CIERRE DE CARRILES (Periférico) 🚧 #AquiGobiernaLaEsperanza #Naucalpan #Periferico,AVISO VIAL | CIERRE DE CARRILES (Periférico) 🚧 #AquiGobiernaLaEsperanza #Naucalpan #Periferico,https://www.facebook.com/CiudadNaucalpan/posts/pfbid02wkcxtbNjbQQH9cHwmGSjfsgmkwBTMGsa2fQQznFwLbEjq6fvfT96s3V87bB9Cu6jl,https://www.facebook.com/CiudadNaucalpan/posts/pfbid02wkcxtbNjbQQH9cHwmGSjfsgmkwBTMGsa2fQQznFwLbEjq6fvfT96s3V87bB9Cu6jl,2026-02-13 22:58:29,2026-02-13,/home/emilio/Documentos/Naucalpan_Semanal_Reportes/Periodico/Enero_Mayo/2026-02-01_al_2026-02-15/Facebook/2026-02-01_al_2026-02-15_Facebook/2026-02-01_al_2026-02-15_Facebook_posts.csv
2026-02-01,2026-02-01_al_2026-02-15_Facebook,gobierno_naucalpan,Gobierno de Naucalpan,facebook,Facebook,post_facebook,ciudadnaucalpan,Ciudad Naucalpan / Gobierno Municipal 2025-2027.,,"El Gobierno de Ciudad Naucalpan llevó el programa Impulsando tu Salud a la Presa Totolinga, en la colonia Los Cuartos 2ª Sección. 🏥 A través del Sistema Municipal DIF, se acercaron servicios médicos gratuitos directamente a la comunidad, reafirmando que la salud es un derecho y no un privilegio. Con una estrategia territorial, esta administración elimina barreras de acceso y fortalece la prevención como eje del bienestar. Desde su inicio el 4 de septiembre de 2025, el programa ha recorrido 21 comunidades y ha logrado más de 4,500 afiliaciones para atención médica gratuita. El Presidente Municipal, Isaac Montoya, anunció que el programa triplicará su capacidad, ofreciendo consulta médica general ilimitada, más de 200 medicamentos disponibles, servicios odontológicos, exámenes de laboratorio y hasta dos pares de lentes al año sin costo. Además, dio inicio el proceso de credencialización oficial para garantizar un acceso ordenado y transparente a los servicios. También se trabaja en el rescate de instalaciones del DIF Naucalpan que permanecían en abandono, fortaleciendo la infraestructura y consolidando un servicio digno, profesional y cercano a la ciudadanía. Desde el Gobierno Municipal seguimos trabajando en territorio, construyendo bienestar y garantizando que ninguna familia naucalpense se quede sin respaldo en materia de salud. #AquiGobiernaLaEsperanza #Naucalpan #ImpulsandoTuSalud #Salud #DIFNaucalpan #DIF","El Gobierno de Ciudad Naucalpan llevó el programa Impulsando tu Salud a la Presa Totolinga, en la colonia Los Cuartos 2ª Sección. 🏥 A través del Sistema Municipal DIF, se acercaron servicios médicos gratuitos directamente a la comunidad, reafirmando que la salud es un derecho y no un privilegio. Con una estrategia territorial, esta administración elimina barreras de acceso y fortalece la prevención como eje del bienestar. Desde su inicio el 4 de septiembre de 2025, el programa ha recorrido 21 comunidades y ha logrado más de 4,500 afiliaciones para atención médica gratuita. El Presidente Municipal, Isaac Montoya, anunció que el programa triplicará su capacidad, ofreciendo consulta médica general ilimitada, más de 200 medicamentos disponibles, servicios odontológicos, exámenes de laboratorio y hasta dos pares de lentes al año sin costo. Además, dio inicio el proceso de credencialización oficial para garantizar un acceso ordenado y transparente a los servicios. También se trabaja en el rescate de instalaciones del DIF Naucalpan que permanecían en abandono, fortaleciendo la infraestructura y consolidando un servicio digno, profesional y cercano a la ciudadanía. Desde el Gobierno Municipal seguimos trabajando en territorio, construyendo bienestar y garantizando que ninguna familia naucalpense se quede sin respaldo en materia de salud. #AquiGobiernaLaEsperanza #Naucalpan #ImpulsandoTuSalud #Salud #DIFNaucalpan #DIF",https://www.facebook.com/CiudadNaucalpan/posts/pfbid0aAJujpjFQsQwTxVK1nvMdHMHrwTXRRLdJ4ZE44yjKi5uCHpu1dJd1WXWVAax1CCul,https://www.facebook.com/CiudadNaucalpan/posts/pfbid0aAJujpjFQsQwTxVK1nvMdHMHrwTXRRLdJ4ZE44yjKi5uCHpu1dJd1WXWVAax1CCul,2026-02-13 21:23:40,2026-02-13,/home/emilio/Documentos/Naucalpan_Semanal_Reportes/Periodico/Enero_Mayo/2026-02-01_al_2026-02-15/Facebook/2026-02-01_al_2026-02-15_Facebook/2026-02-01_al_2026-02-15_Facebook_posts.csv
2026-02-01,2026-02-01_al_2026-02-15_Facebook,gobierno_naucalpan,Gobierno de Naucalpan,facebook,Facebook,post_facebook,ciudadnaucalpan,Ciudad Naucalpan / Gobierno Municipal 2025-2027.,,"El Gobierno de Ciudad Naucalpan, encabezado por el Presidente Municipal Isaac Montoya, llevó a cabo la Mesa de Paz itinerante en Minas San Martín y dio inicio al torneo “Que Ruede el Balón por la Paz”, actividad que forma parte de la estrategia nacional Atención a las Causas, del Gobierno de México. ⚽🕊️ Como parte de la intervención integral en el parque que divide Minas San Martín y la Ampliación Olímpica, se realizaron trabajos mediante el programa Huellas de la Transformación, que incluyeron la instalación de 30 luminarias, podas preventivas, aplicación de 25 toneladas de mezcla asfáltica para bacheo y la recolección de 15 toneladas de residuos sólidos. Además, el espacio fue transformado en un sendero seguro y luminoso, se rehabilitaron canchas deportivas y se realizaron murales que fortalecen la identidad comunitaria. El torneo, coordinado por el IMCUFIDEN, promovió la convivencia, la práctica deportiva y la construcción de paz. El Gobierno Municipal refrenda su compromiso de seguir recuperando espacios públicos y priorizando a las comunidades que durante años permanecieron en el rezago. #Naucalpan #QueRuedeElBalónPorLaPaz #AquíGobiernaLaEsperanza","El Gobierno de Ciudad Naucalpan, encabezado por el Presidente Municipal Isaac Montoya, llevó a cabo la Mesa de Paz itinerante en Minas San Martín y dio inicio al torneo “Que Ruede el Balón por la Paz”, actividad que forma parte de la estrategia nacional Atención a las Causas, del Gobierno de México. ⚽🕊️ Como parte de la intervención integral en el parque que divide Minas San Martín y la Ampliación Olímpica, se realizaron trabajos mediante el programa Huellas de la Transformación, que incluyeron la instalación de 30 luminarias, podas preventivas, aplicación de 25 toneladas de mezcla asfáltica para bacheo y la recolección de 15 toneladas de residuos sólidos. Además, el espacio fue transformado en un sendero seguro y luminoso, se rehabilitaron canchas deportivas y se realizaron murales que fortalecen la identidad comunitaria. El torneo, coordinado por el IMCUFIDEN, promovió la convivencia, la práctica deportiva y la construcción de paz. El Gobierno Municipal refrenda su compromiso de seguir recuperando espacios públicos y priorizando a las comunidades que durante años permanecieron en el rezago. #Naucalpan #QueRuedeElBalónPorLaPaz #AquíGobiernaLaEsperanza",https://www.facebook.com/CiudadNaucalpan/posts/pfbid0EXggcorzENUx7pKBiniZoig9QvsCZJqXTxwZkvfzsMTLR4ddxtk25sJtnUvFTUwRl,https://www.facebook.com/CiudadNaucalpan/posts/pfbid0EXggcorzENUx7pKBiniZoig9QvsCZJqXTxwZkvfzsMTLR4ddxtk25sJtnUvFTUwRl,2026-02-13 18:38:37,2026-02-13,/home/emilio/Documentos/Naucalpan_Semanal_Reportes/Periodico/Enero_Mayo/2026-02-01_al_2026-02-15/Facebook/2026-02-01_al_2026-02-15_Facebook/2026-02-01_al_2026-02-15_Facebook_posts.csv
2026-02-01,2026-02-01_al_2026-02-15_Facebook,gobierno_naucalpan,Gobierno de Naucalpan,facebook,Facebook,post_facebook,ciudadnaucalpan,Ciudad Naucalpan / Gobierno Municipal 2025-2027.,,"Perrito rescatado en la colonia San Rafael Chamapa 🐾🤝 El Gobierno de Ciudad Naucalpan atendió de manera inmediata el reporte recibido a través de redes sociales sobre un perrito herido, maltratado y abandonado en la colonia San Rafael Chamapa IV, mediante la Coordinación de Atención y Bienestar Animal. 🐾 Al acudir al lugar, personal municipal lo encontró entre la basura, visiblemente lastimado y en estado de vulnerabilidad. Fue resguardado de inmediato y actualmente se encuentra bajo cuidado, recibiendo atención médica, alimento y un espacio seguro donde puede recuperarse. Una vez que su estado de salud lo permita, será esterilizado y vacunado para posteriormente integrarse a un proceso de adopción responsable, con la esperanza de que pronto encuentre un hogar donde lo quieran y respeten como merece. En Ciudad Naucalpan, la vida de todo ser sintiente es prioridad. ❤️ #AquiGobiernaLaEsperanza #Naucalpan #BienestarAnimal #AdopcionResponsable #AdoptaNoCompres #NoAlMaltratoAnimal","Perrito rescatado en la colonia San Rafael Chamapa 🐾🤝 El Gobierno de Ciudad Naucalpan atendió de manera inmediata el reporte recibido a través de redes sociales sobre un perrito herido, maltratado y abandonado en la colonia San Rafael Chamapa IV, mediante la Coordinación de Atención y Bienestar Animal. 🐾 Al acudir al lugar, personal municipal lo encontró entre la basura, visiblemente lastimado y en estado de vulnerabilidad. Fue resguardado de inmediato y actualmente se encuentra bajo cuidado, recibiendo atención médica, alimento y un espacio seguro donde puede recuperarse. Una vez que su estado de salud lo permita, será esterilizado y vacunado para posteriormente integrarse a un proceso de adopción responsable, con la esperanza de que pronto encuentre un hogar donde lo quieran y respeten como merece. En Ciudad Naucalpan, la vida de todo ser sintiente es prioridad. ❤️ #AquiGobiernaLaEsperanza #Naucalpan #BienestarAnimal #AdopcionResponsable #AdoptaNoCompres #NoAlMaltratoAnimal",https://www.facebook.com/reel/2314490429031274/,https://www.facebook.com/reel/2314490429031274/,2026-02-13 17:18:52,2026-02-13,/home/emilio/Documentos/Naucalpan_Semanal_Reportes/Periodico/Enero_Mayo/2026-02-01_al_2026-02-15/Facebook/2026-02-01_al_2026-02-15_Facebook/2026-02-01_al_2026-02-15_Facebook_posts.csv
2026-02-01,2026-02-01_al_2026-02-15_Facebook,gobierno_naucalpan,Gobierno de Naucalpan,facebook,Facebook,post_facebook,ciudadnaucalpan,Ciudad Naucalpan / Gobierno Municipal 2025-2027.,,"Taller Facial y Spa de Manos💆‍♀️✨ El Gobierno de Ciudad Naucalpan invita a participar en este espacio de cuidado personal y bienestar, dirigido a mujeres. 📅 Martes 17 de febrero ⏰ 12:00 a 13:30 horas 📍 Oficinas del IMNIS Av. Juárez No. 39, Fracc. El Mirador, Naucalpan de Juárez 📞 Informes: 55 8789 5483 #AquiGobiernaLaEsperanza #Naucalpan #IMNIS","Taller Facial y Spa de Manos💆‍♀️✨ El Gobierno de Ciudad Naucalpan invita a participar en este espacio de cuidado personal y bienestar, dirigido a mujeres. 📅 Martes 17 de febrero ⏰ 12:00 a 13:30 horas 📍 Oficinas del IMNIS Av. Juárez No. 39, Fracc. El Mirador, Naucalpan de Juárez 📞 Informes: 55 8789 5483 #AquiGobiernaLaEsperanza #Naucalpan #IMNIS",https://www.facebook.com/CiudadNaucalpan/posts/pfbid02mx5C1WE2W4NJ6RX1pyavnZ8KiT9btEjuAbnr552xPMMjc65qGzwiCoPFAVip6xgTl,https://www.facebook.com/CiudadNaucalpan/posts/pfbid02mx5C1WE2W4NJ6RX1pyavnZ8KiT9btEjuAbnr552xPMMjc65qGzwiCoPFAVip6xgTl,2026-02-13 17:01:32,2026-02-13,/home/emilio/Documentos/Naucalpan_Semanal_Reportes/Periodico/Enero_Mayo/2026-02-01_al_2026-02-15/Facebook/2026-02-01_al_2026-02-15_Facebook/2026-02-01_al_2026-02-15_Facebook_posts.csv
2026-02-01,2026-02-01_al_2026-02-15_Facebook,gobierno_naucalpan,Gobierno de Naucalpan,facebook,Facebook,post_facebook,ciudadnaucalpan,Ciudad Naucalpan / Gobierno Municipal 2025-2027.,,"El Gobierno de Ciudad Naucalpan, encabezado por el Presidente Municipal Isaac Montoya, llevó a cabo la conferencia “Inteligencia Vivencial – Nivel Estructural vs. Estrés”, en el Centro Cultural Ágora del Parque Naucalli.🤝 La actividad, coordinada por la Dirección de Desarrollo y Fomento Económico, brindó un espacio gratuito de capacitación orientado a dotar a las y los asistentes de herramientas prácticas para gestionar el estrés, fortalecer el autocontrol y mejorar las relaciones familiares y cotidianas ante los desafíos de la vida moderna. La conferencia fue impartida por el Ing. Roberto Pérezcuervo Flores, reconocido conferencista y escritor, quien compartió estrategias basadas en la experiencia y la madurez vivencial, integrando ejemplos prácticos para la toma de decisiones con mayor conciencia y equilibrio. Con este tipo de iniciativas, el Gobierno Municipal reafirmamos nuestro compromiso con el bienestar integral de la ciudadanía, promoviendo una sociedad más resiliente, incluyente y emocionalmente fortalecida. #AquiGobiernaLaEsperanza #Naucalpan #Desarrollo #FomentoEconomico","El Gobierno de Ciudad Naucalpan, encabezado por el Presidente Municipal Isaac Montoya, llevó a cabo la conferencia “Inteligencia Vivencial – Nivel Estructural vs. Estrés”, en el Centro Cultural Ágora del Parque Naucalli.🤝 La actividad, coordinada por la Dirección de Desarrollo y Fomento Económico, brindó un espacio gratuito de capacitación orientado a dotar a las y los asistentes de herramientas prácticas para gestionar el estrés, fortalecer el autocontrol y mejorar las relaciones familiares y cotidianas ante los desafíos de la vida moderna. La conferencia fue impartida por el Ing. Roberto Pérezcuervo Flores, reconocido conferencista y escritor, quien compartió estrategias basadas en la experiencia y la madurez vivencial, integrando ejemplos prácticos para la toma de decisiones con mayor conciencia y equilibrio. Con este tipo de iniciativas, el Gobierno Municipal reafirmamos nuestro compromiso con el bienestar integral de la ciudadanía, promoviendo una sociedad más resiliente, incluyente y emocionalmente fortalecida. #AquiGobiernaLaEsperanza #Naucalpan #Desarrollo #FomentoEconomico",https://www.facebook.com/CiudadNaucalpan/posts/pfbid022JoRN4yikhtbaMNQ8chJVstQNT2Je16FB7fTfybDmWnrYV8oZvCDbp8xSvMUCisPl,https://www.facebook.com/CiudadNaucalpan/posts/pfbid022JoRN4yikhtbaMNQ8chJVstQNT2Je16FB7fTfybDmWnrYV8oZvCDbp8xSvMUCisPl,2026-02-13 16:01:55,2026-02-13,/home/emilio/Documentos/Naucalpan_Semanal_Reportes/Periodico/Enero_Mayo/2026-02-01_al_2026-02-15/Facebook/2026-02-01_al_2026-02-15_Facebook/2026-02-01_al_2026-02-15_Facebook_posts.csv
2026-02-01,2026-02-01_al_2026-02-15_Facebook,gobierno_naucalpan,Gobierno de Naucalpan,facebook,Facebook,post_facebook,ciudadnaucalpan,Ciudad Naucalpan / Gobierno Municipal 2025-2027.,,"Seguimos transformando Ciudad Naucalpan🏗️ ✨ En el Mercado del Molinito realizamos trabajos para mejorar su infraestructura y garantizar espacios más seguros y funcionales para comerciantes y visitantes. Entre los trabajos realizados se encuentran: ✨ Retiro de láminas, canaletas y cenefas metálicas deterioradas en las tres naves. ✨ Intervención y reforzamiento de la estructura metálica existente. ✨ Resane de muros exteriores y colocación de nueva techumbre de lámina galvanizada. ✨ Instalación de tubería de PVC para bajadas de agua pluvial. ✨ Aplicación de pintura en cortinas y muros. 📐 Superficie atendida: 2,161.82 m² 👥 Población beneficiada: 32,179 habitantes #AquiGobiernaLaEsperanza #Naucalpan #Mercado #ElMolinito","Seguimos transformando Ciudad Naucalpan🏗️ ✨ En el Mercado del Molinito realizamos trabajos para mejorar su infraestructura y garantizar espacios más seguros y funcionales para comerciantes y visitantes. Entre los trabajos realizados se encuentran: ✨ Retiro de láminas, canaletas y cenefas metálicas deterioradas en las tres naves. ✨ Intervención y reforzamiento de la estructura metálica existente. ✨ Resane de muros exteriores y colocación de nueva techumbre de lámina galvanizada. ✨ Instalación de tubería de PVC para bajadas de agua pluvial. ✨ Aplicación de pintura en cortinas y muros. 📐 Superficie atendida: 2,161.82 m² 👥 Población beneficiada: 32,179 habitantes #AquiGobiernaLaEsperanza #Naucalpan #Mercado #ElMolinito",https://www.facebook.com/CiudadNaucalpan/posts/pfbid0c53kU6PcwWj5VCgTXHa4LsMA2JJhMPYDW5X6PfRhBmMX1x7RPPPzWkDwovkqQmKnl,https://www.facebook.com/CiudadNaucalpan/posts/pfbid0c53kU6PcwWj5VCgTXHa4LsMA2JJhMPYDW5X6PfRhBmMX1x7RPPPzWkDwovkqQmKnl,2026-02-13 16:01:50,2026-02-13,/home/emilio/Documentos/Naucalpan_Semanal_Reportes/Periodico/Enero_Mayo/2026-02-01_al_2026-02-15/Facebook/2026-02-01_al_2026-02-15_Facebook/2026-02-01_al_2026-02-15_Facebook_posts.csv
2026-02-01,2026-02-01_al_2026-02-15_Facebook,gobierno_naucalpan,Gobierno de Naucalpan,facebook,Facebook,post_facebook,ciudadnaucalpan,Ciudad Naucalpan / Gobierno Municipal 2025-2027.,,"El Gobierno de Ciudad Naucalpan, encabezado por el Presidente Municipal Isaac Montoya, entregó la Unidad Médica “La Raquelito”, en la colonia La Raquelito, como parte del fortalecimiento de la infraestructura de salud en el municipio, a través del Sistema Municipal DIF.🏥 El trabajo se realizó con el objetivo de garantizar atención médica gratuita y permanente en medicina general, odontología, optometría y laboratorio clínico La unidad cuenta con equipamiento moderno, como sillón dental electrónico, rayos X, cámara intraoral, autorrefractómetro, esterilizador y área de laboratorio. Además, este año se integrará una impresora 3D para la elaboración gratuita de placas dentales. Con hechos concretos reafirmamos nuestro compromiso de garantizar el derecho a la atención médica para las y los naucalpenses.🤝 #AquiGobiernaLaEsperanza #Naucalpan #LaRaquelito #Salud #DIFNaucalpan","El Gobierno de Ciudad Naucalpan, encabezado por el Presidente Municipal Isaac Montoya, entregó la Unidad Médica “La Raquelito”, en la colonia La Raquelito, como parte del fortalecimiento de la infraestructura de salud en el municipio, a través del Sistema Municipal DIF.🏥 El trabajo se realizó con el objetivo de garantizar atención médica gratuita y permanente en medicina general, odontología, optometría y laboratorio clínico La unidad cuenta con equipamiento moderno, como sillón dental electrónico, rayos X, cámara intraoral, autorrefractómetro, esterilizador y área de laboratorio. Además, este año se integrará una impresora 3D para la elaboración gratuita de placas dentales. Con hechos concretos reafirmamos nuestro compromiso de garantizar el derecho a la atención médica para las y los naucalpenses.🤝 #AquiGobiernaLaEsperanza #Naucalpan #LaRaquelito #Salud #DIFNaucalpan",https://www.facebook.com/CiudadNaucalpan/posts/pfbid024vpcEBa13R982w8X3hi2LrrMtgvREmmV958TbPTkhsMQAvhmpQNrc9KyMctxj6WRl,https://www.facebook.com/CiudadNaucalpan/posts/pfbid024vpcEBa13R982w8X3hi2LrrMtgvREmmV958TbPTkhsMQAvhmpQNrc9KyMctxj6WRl,2026-02-13 15:55:38,2026-02-13,/home/emilio/Documentos/Naucalpan_Semanal_Reportes/Periodico/Enero_Mayo/2026-02-01_al_2026-02-15/Facebook/2026-02-01_al_2026-02-15_Facebook/2026-02-01_al_2026-02-15_Facebook_posts.csv
2026-02-01,2026-02-01_al_2026-02-15_Facebook,gobierno_naucalpan,Gobierno de Naucalpan,facebook,Facebook,post_facebook,ciudadnaucalpan,Ciudad Naucalpan / Gobierno Municipal 2025-2027.,,"El Gobierno de Ciudad Naucalpan, encabezado por el Presidente Municipal Isaac Montoya, dio inicio a la obra de Rehabilitación del Tanque de Agua Potable Jardines de La Florida, una instalación hídrica construida hace casi seis décadas y que permaneció olvidada por más de 10 años, periodo en el que dejó de funcionar y de abastecer del vital líquido a las y los vecinos.💧 Con recursos del PRODDER (50% federales y 50% municipales), el tanque será modernizado con un nuevo recubrimiento especializado, la sustitución de equipos de bombeo y la actualización del sistema de telemetría, lo que permitirá mejorar la distribución por gravedad hacia La Florida, Jardines de la Florida, Ex Hacienda y zonas aledañas. Esta obra forma parte del Plan Maestro Hídrico para fortalecer el suministro, reducir la dependencia del Sistema Cutzamala y garantizar mayor estabilidad en el servicio de agua para las familias naucalpenses. #AquiGobiernaLaEsperanza #Naucalpan #OAPAS #PRODDER #LaFlorida","El Gobierno de Ciudad Naucalpan, encabezado por el Presidente Municipal Isaac Montoya, dio inicio a la obra de Rehabilitación del Tanque de Agua Potable Jardines de La Florida, una instalación hídrica construida hace casi seis décadas y que permaneció olvidada por más de 10 años, periodo en el que dejó de funcionar y de abastecer del vital líquido a las y los vecinos.💧 Con recursos del PRODDER (50% federales y 50% municipales), el tanque será modernizado con un nuevo recubrimiento especializado, la sustitución de equipos de bombeo y la actualización del sistema de telemetría, lo que permitirá mejorar la distribución por gravedad hacia La Florida, Jardines de la Florida, Ex Hacienda y zonas aledañas. Esta obra forma parte del Plan Maestro Hídrico para fortalecer el suministro, reducir la dependencia del Sistema Cutzamala y garantizar mayor estabilidad en el servicio de agua para las familias naucalpenses. #AquiGobiernaLaEsperanza #Naucalpan #OAPAS #PRODDER #LaFlorida",https://www.facebook.com/CiudadNaucalpan/posts/pfbid0rymrx42DcMnvEWkVSsSkTjWzKbuUFFUjpW6sxNM6S2jDxkGL1dVR3LfB1dPqw5Xfl,https://www.facebook.com/CiudadNaucalpan/posts/pfbid0rymrx42DcMnvEWkVSsSkTjWzKbuUFFUjpW6sxNM6S2jDxkGL1dVR3LfB1dPqw5Xfl,2026-02-13 15:21:38,2026-02-13,/home/emilio/Documentos/Naucalpan_Semanal_Reportes/Periodico/Enero_Mayo/2026-02-01_al_2026-02-15/Facebook/2026-02-01_al_2026-02-15_Facebook/2026-02-01_al_2026-02-15_Facebook_posts.csv
2026-02-01,2026-02-01_al_2026-02-15_Facebook,gobierno_naucalpan,Gobierno de Naucalpan,facebook,Facebook,post_facebook,ciudadnaucalpan,Ciudad Naucalpan / Gobierno Municipal 2025-2027.,,"#EdoMexSeguro #Naucalpan │De enero de 2025 a enero de 2026, gracias a la Estrategia Operativo Oriente y en coordinación con los tres órdenes de gobierno, la Guardia Municipal logró disminuir los delitos de extorsión, homicidio doloso, robo a peatón, robo a transporte público, robo a casa habitación, robo de vehículo con y sin violencia, así como otros delitos de alto impacto. En coordinación con el Gobierno del Estado de México y la Secretaría de Seguridad del Estado de México, seguimos fortaleciendo la seguridad en nuestro municipio. #EdoMex #SSEM #ElPoderDeServir","#EdoMexSeguro #Naucalpan │De enero de 2025 a enero de 2026, gracias a la Estrategia Operativo Oriente y en coordinación con los tres órdenes de gobierno, la Guardia Municipal logró disminuir los delitos de extorsión, homicidio doloso, robo a peatón, robo a transporte público, robo a casa habitación, robo de vehículo con y sin violencia, así como otros delitos de alto impacto. En coordinación con el Gobierno del Estado de México y la Secretaría de Seguridad del Estado de México, seguimos fortaleciendo la seguridad en nuestro municipio. #EdoMex #SSEM #ElPoderDeServir",https://www.facebook.com/reel/922706450265473/,https://www.facebook.com/reel/922706450265473/,2026-02-13 14:32:10,2026-02-13,/home/emilio/Documentos/Naucalpan_Semanal_Reportes/Periodico/Enero_Mayo/2026-02-01_al_2026-02-15/Facebook/2026-02-01_al_2026-02-15_Facebook/2026-02-01_al_2026-02-15_Facebook_posts.csv
2026-02-01,2026-02-01_al_2026-02-15_Facebook,gobierno_naucalpan,Gobierno de Naucalpan,facebook,Facebook,post_facebook,ciudadnaucalpan,Ciudad Naucalpan / Gobierno Municipal 2025-2027.,,"El amor no tiene una sola forma 💜 El Gobierno de Ciudad Naucalpan invita al recorrido comunitario por el Cerro de Moctezuma, en el marco del Día del Amor y la Amistad, para reflexionar y convivir desde la diversidad y el respeto. 🧺 Picnic y taller “El amor no tiene una sola forma” 📅 Sábado 14 de febrero de 2026 ⏰ 8:00 horas 📍 Cerro de Moctezuma 📌 Entrada por Av. Circunvalación Poniente, frente a Plaza Jardines 🎟️ Actividad gratuita | Cupo limitado 📞 Informes e inscripciones: 55 8989 5483 #AquiGobiernaLaEsperanza #Naucalpan #IgualdadSustantiva #IMNIS","El amor no tiene una sola forma 💜 El Gobierno de Ciudad Naucalpan invita al recorrido comunitario por el Cerro de Moctezuma, en el marco del Día del Amor y la Amistad, para reflexionar y convivir desde la diversidad y el respeto. 🧺 Picnic y taller “El amor no tiene una sola forma” 📅 Sábado 14 de febrero de 2026 ⏰ 8:00 horas 📍 Cerro de Moctezuma 📌 Entrada por Av. Circunvalación Poniente, frente a Plaza Jardines 🎟️ Actividad gratuita | Cupo limitado 📞 Informes e inscripciones: 55 8989 5483 #AquiGobiernaLaEsperanza #Naucalpan #IgualdadSustantiva #IMNIS",https://www.facebook.com/CiudadNaucalpan/posts/pfbid02ygLp4gq5Uh5vzqX4pTNWTSeYckfVBqdzg2zfEqSW88ekdnKcKHBV2BtbryeZzVuDl,https://www.facebook.com/CiudadNaucalpan/posts/pfbid02ygLp4gq5Uh5vzqX4pTNWTSeYckfVBqdzg2zfEqSW88ekdnKcKHBV2BtbryeZzVuDl,2026-02-13 14:01:44,2026-02-13,/home/emilio/Documentos/Naucalpan_Semanal_Reportes/Periodico/Enero_Mayo/2026-02-01_al_2026-02-15/Facebook/2026-02-01_al_2026-02-15_Facebook/2026-02-01_al_2026-02-15_Facebook_posts.csv
2026-02-01,2026-02-01_al_2026-02-15_Facebook,gobierno_naucalpan,Gobierno de Naucalpan,facebook,Facebook,post_facebook,ciudadnaucalpan,Ciudad Naucalpan / Gobierno Municipal 2025-2027.,,"Como parte de la estrategia para fortalecer la autonomía económica y el desarrollo de habilidades creativas, el Gobierno de Ciudad Naucalpan, encabezado por el Presidente Municipal Isaac Montoya, realizó el taller “Decoupage: Arte con servilletas”.💜🎨 La actividad fue coordinada por el Instituto de las Mujeres Naucalpenses y la Igualdad Sustantiva (IMNIS), con el objetivo de brindar herramientas prácticas que permitan a las mujeres incursionar en el emprendimiento desde el hogar y generar ingresos propios. El taller se llevó a cabo en las instalaciones del IMNIS, en el Palacio Municipal, y fue impartido por Claudia Álvarez, vecina de la colonia Pastores, quien compartió su experiencia de más de 10 años en esta técnica artística, actualmente muy solicitada en el ámbito de la decoración. A través de este tipo de capacitaciones, el Gobierno Municipal fortalece el talento local y promueve oportunidades reales de desarrollo para las mujeres naucalpenses, contribuyendo al bienestar y crecimiento de sus familias y comunidades. #AquiGobiernaLaEsperanza #Naucalpan #IMNIS #Mujeres","Como parte de la estrategia para fortalecer la autonomía económica y el desarrollo de habilidades creativas, el Gobierno de Ciudad Naucalpan, encabezado por el Presidente Municipal Isaac Montoya, realizó el taller “Decoupage: Arte con servilletas”.💜🎨 La actividad fue coordinada por el Instituto de las Mujeres Naucalpenses y la Igualdad Sustantiva (IMNIS), con el objetivo de brindar herramientas prácticas que permitan a las mujeres incursionar en el emprendimiento desde el hogar y generar ingresos propios. El taller se llevó a cabo en las instalaciones del IMNIS, en el Palacio Municipal, y fue impartido por Claudia Álvarez, vecina de la colonia Pastores, quien compartió su experiencia de más de 10 años en esta técnica artística, actualmente muy solicitada en el ámbito de la decoración. A través de este tipo de capacitaciones, el Gobierno Municipal fortalece el talento local y promueve oportunidades reales de desarrollo para las mujeres naucalpenses, contribuyendo al bienestar y crecimiento de sus familias y comunidades. #AquiGobiernaLaEsperanza #Naucalpan #IMNIS #Mujeres",https://www.facebook.com/CiudadNaucalpan/posts/pfbid0BSubXoipepoFXvMHqvxAnJQbfbig8Qkg5bZyvWWBBZZefZw6mpmGamkc6uFH3Jsyl,https://www.facebook.com/CiudadNaucalpan/posts/pfbid0BSubXoipepoFXvMHqvxAnJQbfbig8Qkg5bZyvWWBBZZefZw6mpmGamkc6uFH3Jsyl,2026-02-13 12:54:00,2026-02-13,/home/emilio/Documentos/Naucalpan_Semanal_Reportes/Periodico/Enero_Mayo/2026-02-01_al_2026-02-15/Facebook/2026-02-01_al_2026-02-15_Facebook/2026-02-01_al_2026-02-15_Facebook_posts.csv
2026-02-01,2026-02-01_al_2026-02-15_Facebook,gobierno_naucalpan,Gobierno de Naucalpan,facebook,Facebook,post_facebook,ciudadnaucalpan,Ciudad Naucalpan / Gobierno Municipal 2025-2027.,,"El Gobierno de Ciudad Naucalpan, encabezado por el Presidente Municipal, Isaac Montoya, dio inicio de obra a la Rehabilitación y Equipamiento del Rebombeo Remedios, en Bosque de Los Remedios, a través del PRODDER 2025 (50% recursos federales y 50% municipales).💧 La obra contempla la instalación de equipos de bombeo vertical tipo turbina y la modernización del sistema de telemetría SCADA, lo que permitirá mejorar el monitoreo y la operación del sistema. Con esta intervención se fortalecerá el suministro de agua potable en colonias como Padre Figueroa, Los Remedios, La Rivera, Sierra Nevada y Ciudad de los Niños, además de reducir la dependencia del Sistema Cutzamala. La modernización de esta infraestructura, con más de 40 años de antigüedad, forma parte del plan integral para garantizar el derecho al agua y mejorar la cobertura hídrica en el municipio. #AquiGobiernaLaEsperanza #Naucalpan #OAPAS #PRODDER #BosqueDeLosRemedios","El Gobierno de Ciudad Naucalpan, encabezado por el Presidente Municipal, Isaac Montoya, dio inicio de obra a la Rehabilitación y Equipamiento del Rebombeo Remedios, en Bosque de Los Remedios, a través del PRODDER 2025 (50% recursos federales y 50% municipales).💧 La obra contempla la instalación de equipos de bombeo vertical tipo turbina y la modernización del sistema de telemetría SCADA, lo que permitirá mejorar el monitoreo y la operación del sistema. Con esta intervención se fortalecerá el suministro de agua potable en colonias como Padre Figueroa, Los Remedios, La Rivera, Sierra Nevada y Ciudad de los Niños, además de reducir la dependencia del Sistema Cutzamala. La modernización de esta infraestructura, con más de 40 años de antigüedad, forma parte del plan integral para garantizar el derecho al agua y mejorar la cobertura hídrica en el municipio. #AquiGobiernaLaEsperanza #Naucalpan #OAPAS #PRODDER #BosqueDeLosRemedios",https://www.facebook.com/CiudadNaucalpan/posts/pfbid0NDbAcJSnmNJxbnbSHxmmnUAoic8gAdkBWL2mfE3jfoKLPWzQ8XUVJooKK1V5KpTEl,https://www.facebook.com/CiudadNaucalpan/posts/pfbid0NDbAcJSnmNJxbnbSHxmmnUAoic8gAdkBWL2mfE3jfoKLPWzQ8XUVJooKK1V5KpTEl,2026-02-13 12:39:39,2026-02-13,/home/emilio/Documentos/Naucalpan_Semanal_Reportes/Periodico/Enero_Mayo/2026-02-01_al_2026-02-15/Facebook/2026-02-01_al_2026-02-15_Facebook/2026-02-01_al_2026-02-15_Facebook_posts.csv
2026-02-01,2026-02-01_al_2026-02-15_Facebook,gobierno_naucalpan,Gobierno de Naucalpan,facebook,Facebook,post_facebook,ciudadnaucalpan,Ciudad Naucalpan / Gobierno Municipal 2025-2027.,,"¿Sabías qué? ⚽🌍 Zakumi fue la mascota oficial del Mundial de Sudáfrica 2010. 🐆 Su nombre combina “ZA”, abreviatura internacional de Sudáfrica, y “kumi”, que significa diez en varios idiomas africanos. Representó energía, alegría y el espíritu del fútbol en el continente africano. #AquiGobiernaLaEsperanza #HuellasDelMundial #Naucalpan","¿Sabías qué? ⚽🌍 Zakumi fue la mascota oficial del Mundial de Sudáfrica 2010. 🐆 Su nombre combina “ZA”, abreviatura internacional de Sudáfrica, y “kumi”, que significa diez en varios idiomas africanos. Representó energía, alegría y el espíritu del fútbol en el continente africano. #AquiGobiernaLaEsperanza #HuellasDelMundial #Naucalpan",https://www.facebook.com/CiudadNaucalpan/posts/pfbid02vv8avcGoQ6RmFRxZEVL22M763f7GfhauazfTk5VK5ueiqHyRNkcjf7Dnp5i7Q7ptl,https://www.facebook.com/CiudadNaucalpan/posts/pfbid02vv8avcGoQ6RmFRxZEVL22M763f7GfhauazfTk5VK5ueiqHyRNkcjf7Dnp5i7Q7ptl,2026-02-13 11:27:26,2026-02-13,/home/emilio/Documentos/Naucalpan_Semanal_Reportes/Periodico/Enero_Mayo/2026-02-01_al_2026-02-15/Facebook/2026-02-01_al_2026-02-15_Facebook/2026-02-01_al_2026-02-15_Facebook_posts.csv
2026-02-01,2026-02-01_al_2026-02-15_Facebook,gobierno_naucalpan,Gobierno de Naucalpan,facebook,Facebook,post_facebook,ciudadnaucalpan,Ciudad Naucalpan / Gobierno Municipal 2025-2027.,,"Seguimos transformando Ciudad Naucalpan🏗️ ✨ En el Mercado del Molinito realizamos trabajos para mejorar su infraestructura y garantizar espacios más seguros y funcionales para comerciantes y visitantes. Entre los trabajos realizados se encuentran: ✨ Retiro de láminas, canaletas y cenefas metálicas deterioradas en las tres naves. ✨ Intervención y reforzamiento de la estructura metálica existente. ✨ Resane de muros exteriores y colocación de nueva techumbre de lámina galvanizada. ✨ Instalación de tubería de PVC para bajadas de agua pluvial. ✨ Aplicación de pintura en cortinas y muros. 📐 Superficie atendida: 2,161.82 m² 👥 Población beneficiada: 32,179 habitantes #AquiGobiernaLaEsperanza #Naucalpan #Mercado #ElMolinito","Seguimos transformando Ciudad Naucalpan🏗️ ✨ En el Mercado del Molinito realizamos trabajos para mejorar su infraestructura y garantizar espacios más seguros y funcionales para comerciantes y visitantes. Entre los trabajos realizados se encuentran: ✨ Retiro de láminas, canaletas y cenefas metálicas deterioradas en las tres naves. ✨ Intervención y reforzamiento de la estructura metálica existente. ✨ Resane de muros exteriores y colocación de nueva techumbre de lámina galvanizada. ✨ Instalación de tubería de PVC para bajadas de agua pluvial. ✨ Aplicación de pintura en cortinas y muros. 📐 Superficie atendida: 2,161.82 m² 👥 Población beneficiada: 32,179 habitantes #AquiGobiernaLaEsperanza #Naucalpan #Mercado #ElMolinito",https://www.facebook.com/CiudadNaucalpan/posts/pfbid0dicBrfRX734VTu4ZPx332wd5hwst7mBAs8tsgxJJAAp8nSDgabnxMTS8A7w3KPPjl,https://www.facebook.com/CiudadNaucalpan/posts/pfbid0dicBrfRX734VTu4ZPx332wd5hwst7mBAs8tsgxJJAAp8nSDgabnxMTS8A7w3KPPjl,2026-02-13 11:15:43,2026-02-13,/home/emilio/Documentos/Naucalpan_Semanal_Reportes/Periodico/Enero_Mayo/2026-02-01_al_2026-02-15/Facebook/2026-02-01_al_2026-02-15_Facebook/2026-02-01_al_2026-02-15_Facebook_posts.csv
2026-02-01,2026-02-01_al_2026-02-15_Facebook,gobierno_naucalpan,Gobierno de Naucalpan,facebook,Facebook,post_facebook,ciudadnaucalpan,Ciudad Naucalpan / Gobierno Municipal 2025-2027.,,"El Presidente Municipal, Isaac Montoya, acudió al Mercado Público del Molinito para constatar los trabajos realizados en este emblemático centro de abasto, con el objetivo de fortalecer su operación y consolidar su papel como motor de la economía local y fuente de empleo para cientos de familias naucalpenses.✨ La nueva techumbre y las mejoras al interior respetaron el diseño original del arquitecto Félix Candela, particularmente su estructura tipo “paraguas”, que forma parte de la identidad arquitectónica del municipio y ha acompañado a cuatro generaciones de comerciantes. Con estos trabajos se garantizan mejores condiciones de seguridad y funcionalidad para las y los comerciantes, así como para vecinas y vecinos que diariamente realizan aquí sus compras. Además, la zona se verá fortalecida con la próxima estación del Mexicable Línea 3, así como con obras complementarias como el saneamiento del Río Hondo, la repavimentación de vialidades y la implementación de senderos seguros conectados al C4 municipal. Seguimos trabajando por espacios más dignos, seguros y funcionales para la comunidad. #AquiGobiernaLaEsperanza #Naucalpan #Mercado #ElMolinito","El Presidente Municipal, Isaac Montoya, acudió al Mercado Público del Molinito para constatar los trabajos realizados en este emblemático centro de abasto, con el objetivo de fortalecer su operación y consolidar su papel como motor de la economía local y fuente de empleo para cientos de familias naucalpenses.✨ La nueva techumbre y las mejoras al interior respetaron el diseño original del arquitecto Félix Candela, particularmente su estructura tipo “paraguas”, que forma parte de la identidad arquitectónica del municipio y ha acompañado a cuatro generaciones de comerciantes. Con estos trabajos se garantizan mejores condiciones de seguridad y funcionalidad para las y los comerciantes, así como para vecinas y vecinos que diariamente realizan aquí sus compras. Además, la zona se verá fortalecida con la próxima estación del Mexicable Línea 3, así como con obras complementarias como el saneamiento del Río Hondo, la repavimentación de vialidades y la implementación de senderos seguros conectados al C4 municipal. Seguimos trabajando por espacios más dignos, seguros y funcionales para la comunidad. #AquiGobiernaLaEsperanza #Naucalpan #Mercado #ElMolinito",https://www.facebook.com/CiudadNaucalpan/posts/pfbid0qjhJJHtxtHrvDW1Ner6u7xmwSF9vLKZ2MCPebJCEbQx785FVPXFfkJVZVkUhox87l,https://www.facebook.com/CiudadNaucalpan/posts/pfbid0qjhJJHtxtHrvDW1Ner6u7xmwSF9vLKZ2MCPebJCEbQx785FVPXFfkJVZVkUhox87l,2026-02-13 11:13:44,2026-02-13,/home/emilio/Documentos/Naucalpan_Semanal_Reportes/Periodico/Enero_Mayo/2026-02-01_al_2026-02-15/Facebook/2026-02-01_al_2026-02-15_Facebook/2026-02-01_al_2026-02-15_Facebook_posts.csv
2026-02-01,2026-02-01_al_2026-02-15_Facebook,gobierno_naucalpan,Gobierno de Naucalpan,facebook,Facebook,post_facebook,ciudadnaucalpan,Ciudad Naucalpan / Gobierno Municipal 2025-2027.,,Se activa Contingencia Ambiental🚨 Este viernes 13 de febrero se aplicará el Doble Hoy No Circula. 👉Consulta en la imagen los vehículos que deberán suspender circulación. Cuidemos nuestra salud y el medio ambiente. #AquiGobiernaLaEsperanzan #Naucalpan,Se activa Contingencia Ambiental🚨 Este viernes 13 de febrero se aplicará el Doble Hoy No Circula. 👉Consulta en la imagen los vehículos que deberán suspender circulación. Cuidemos nuestra salud y el medio ambiente. #AquiGobiernaLaEsperanzan #Naucalpan,https://www.facebook.com/CiudadNaucalpan/posts/pfbid02Ckv8Ve7oNCe9KCQ3dNPmRCHqCJUN47orERYVBkV2mGS8LRUZdBRrhjznmWPJR5C8l,https://www.facebook.com/CiudadNaucalpan/posts/pfbid02Ckv8Ve7oNCe9KCQ3dNPmRCHqCJUN47orERYVBkV2mGS8LRUZdBRrhjznmWPJR5C8l,2026-02-13 11:04:56,2026-02-13,/home/emilio/Documentos/Naucalpan_Semanal_Reportes/Periodico/Enero_Mayo/2026-02-01_al_2026-02-15/Facebook/2026-02-01_al_2026-02-15_Facebook/2026-02-01_al_2026-02-15_Facebook_posts.csv
2026-02-01,2026-02-01_al_2026-02-15_Facebook,gobierno_naucalpan,Gobierno de Naucalpan,facebook,Facebook,post_facebook,ciudadnaucalpan,Ciudad Naucalpan / Gobierno Municipal 2025-2027.,,"El Tianquiztli Tlatilca llega a Ciudad Naucalpan como un espacio donde las tradiciones, el sabor y el talento local se encuentran.🤩✨ Durante esta jornada, vecinas y vecinos podrán disfrutar de productos artesanales, gastronomía tradicional y un ambiente cultural y familiar, impulsando directamente a las y los productores y artesanos del municipio.🇲🇽 📅 12 y 13 de febrero de 2026. ⏰ 9:00 a 16:00 horas. 📍 Explanada del Palacio Municipal (edificios anexos A y B). Desde el Gobierno de Ciudad Naucalpan seguimos fortaleciendo la economía local y celebrando nuestras raíces. #AquiGobiernaLaEsperanza #Naucalpan #TianquiztliTlatilca","El Tianquiztli Tlatilca llega a Ciudad Naucalpan como un espacio donde las tradiciones, el sabor y el talento local se encuentran.🤩✨ Durante esta jornada, vecinas y vecinos podrán disfrutar de productos artesanales, gastronomía tradicional y un ambiente cultural y familiar, impulsando directamente a las y los productores y artesanos del municipio.🇲🇽 📅 12 y 13 de febrero de 2026. ⏰ 9:00 a 16:00 horas. 📍 Explanada del Palacio Municipal (edificios anexos A y B). Desde el Gobierno de Ciudad Naucalpan seguimos fortaleciendo la economía local y celebrando nuestras raíces. #AquiGobiernaLaEsperanza #Naucalpan #TianquiztliTlatilca",https://www.facebook.com/CiudadNaucalpan/posts/pfbid0Z9t7wPwpjakL6dXYw8huqSvzuTjMnPA6UnDLNxAYG3uQWJcv6XnX1dgBLpCFNpY7l,https://www.facebook.com/CiudadNaucalpan/posts/pfbid0Z9t7wPwpjakL6dXYw8huqSvzuTjMnPA6UnDLNxAYG3uQWJcv6XnX1dgBLpCFNpY7l,2026-02-13 07:02:19,2026-02-13,/home/emilio/Documentos/Naucalpan_Semanal_Reportes/Periodico/Enero_Mayo/2026-02-01_al_2026-02-15/Facebook/2026-02-01_al_2026-02-15_Facebook/2026-02-01_al_2026-02-15_Facebook_posts.csv
2026-02-01,2026-02-01_al_2026-02-15_Facebook,gobierno_naucalpan,Gobierno de Naucalpan,facebook,Facebook,post_facebook,guardiamunicipalciudadnaucalpan,Guardia Municipal Ciudad Naucalpan,,"Mega Operativo Estrategia Oriente🚔 Con el objetivo de combatir de manera frontal los delitos de alto impacto, se puso en marcha el Mega Operativo “Estrategia Oriente”, en el que participan de manera coordinada los tres niveles de gobierno: federal, estatal y municipal. En estas acciones conjuntas intervienen la Secretaría de la Defensa Nacional, la Guardia Nacional, la Secretaría de Seguridad del Estado de México y la Guardia Municipal de Naucalpan, quienes realizan despliegues estratégicos, patrullajes preventivos, filtros de revisión y labores de proximidad social en puntos prioritarios del municipio. Esta estrategia fortalece la presencia operativa en territorio, inhibe conductas delictivas y refrenda el compromiso de trabajar de manera coordinada para proteger a las familias naucalpenses. La seguridad la construimos entre todas y todos. Seguiremos trabajando por tu bienestar, con toda seguridad. #AquiGobiernaLaEsperanza #GuardiaMunicipal #Naucalpan #GuardiaNacional #PolociaEstatal #Seguridad #EstrategiaOriente #SSEM","Mega Operativo Estrategia Oriente🚔 Con el objetivo de combatir de manera frontal los delitos de alto impacto, se puso en marcha el Mega Operativo “Estrategia Oriente”, en el que participan de manera coordinada los tres niveles de gobierno: federal, estatal y municipal. En estas acciones conjuntas intervienen la Secretaría de la Defensa Nacional, la Guardia Nacional, la Secretaría de Seguridad del Estado de México y la Guardia Municipal de Naucalpan, quienes realizan despliegues estratégicos, patrullajes preventivos, filtros de revisión y labores de proximidad social en puntos prioritarios del municipio. Esta estrategia fortalece la presencia operativa en territorio, inhibe conductas delictivas y refrenda el compromiso de trabajar de manera coordinada para proteger a las familias naucalpenses. La seguridad la construimos entre todas y todos. Seguiremos trabajando por tu bienestar, con toda seguridad. #AquiGobiernaLaEsperanza #GuardiaMunicipal #Naucalpan #GuardiaNacional #PolociaEstatal #Seguridad #EstrategiaOriente #SSEM",https://www.facebook.com/GuardiaMunicipalCiudadNaucalpan/posts/pfbid022oXK3NUSv3UxrTP1osWTSLhkPHYepk7bJ3tvD4RpVeUtkupnrEpaJfyHhUXHBx7yl,https://www.facebook.com/GuardiaMunicipalCiudadNaucalpan/posts/pfbid022oXK3NUSv3UxrTP1osWTSLhkPHYepk7bJ3tvD4RpVeUtkupnrEpaJfyHhUXHBx7yl,2026-02-13 17:44:30,2026-02-13,/home/emilio/Documentos/Naucalpan_Semanal_Reportes/Periodico/Enero_Mayo/2026-02-01_al_2026-02-15/Facebook/2026-02-01_al_2026-02-15_Facebook/2026-02-01_al_2026-02-15_Facebook_posts.csv
2026-02-01,2026-02-01_al_2026-02-15_Facebook,gobierno_naucalpan,Gobierno de Naucalpan,facebook,Facebook,post_facebook,guardiamunicipalciudadnaucalpan,Guardia Municipal Ciudad Naucalpan,,"Detenidos por presunto robo a casa habitación en Bosque de Echegaray🚨 Elementos de la Guardia Municipal de Ciudad Naucalpan realizaron la detención de cuatro personas, presuntamente relacionadas con el delito de robo a casa habitación en la calle Hacienda de la Huaracha, colonia Bosques de Echegaray. Derivado de un oportuno reporte vía radiofrecuencia del C4, se activó la intervención operativa que permitió la localización y aseguramiento de las personas involucradas. Posteriormente, fueron puestas a disposición de la Fiscalía Regional de Justicia del Estado de México, donde se determinará su situación jurídica conforme a derecho. En Naucalpan actuamos con firmeza para proteger el patrimonio y la tranquilidad de las familias. #AquiGobiernaLaEsperanza #GuardiaMunicipal #Naucalpan #Seguridad","Detenidos por presunto robo a casa habitación en Bosque de Echegaray🚨 Elementos de la Guardia Municipal de Ciudad Naucalpan realizaron la detención de cuatro personas, presuntamente relacionadas con el delito de robo a casa habitación en la calle Hacienda de la Huaracha, colonia Bosques de Echegaray. Derivado de un oportuno reporte vía radiofrecuencia del C4, se activó la intervención operativa que permitió la localización y aseguramiento de las personas involucradas. Posteriormente, fueron puestas a disposición de la Fiscalía Regional de Justicia del Estado de México, donde se determinará su situación jurídica conforme a derecho. En Naucalpan actuamos con firmeza para proteger el patrimonio y la tranquilidad de las familias. #AquiGobiernaLaEsperanza #GuardiaMunicipal #Naucalpan #Seguridad",https://www.facebook.com/GuardiaMunicipalCiudadNaucalpan/posts/pfbid02fJnBUVX9DSky8iJbeMAYneX6hDwtUYmZpA6jZpGGpRm5XpUzcRRRPyAeS9NgGJTXl,https://www.facebook.com/GuardiaMunicipalCiudadNaucalpan/posts/pfbid02fJnBUVX9DSky8iJbeMAYneX6hDwtUYmZpA6jZpGGpRm5XpUzcRRRPyAeS9NgGJTXl,2026-02-13 16:05:23,2026-02-13,/home/emilio/Documentos/Naucalpan_Semanal_Reportes/Periodico/Enero_Mayo/2026-02-01_al_2026-02-15/Facebook/2026-02-01_al_2026-02-15_Facebook/2026-02-01_al_2026-02-15_Facebook_posts.csv
2026-02-01,2026-02-01_al_2026-02-15_Twitter,gobierno_naucalpan,Gobierno de Naucalpan,twitter,Twitter/X,tweet,@GobNau,@GobNau,,"Taller Facial y Spa de Manos El Gobierno de Ciudad Naucalpan invita a participar en este espacio de cuidado personal y bienestar, dirigido a mujeres. Informes: 55 8789 5483 #AquiGobiernaLaEsperanza #Naucalpan #IMNIS","Taller Facial y Spa de Manos El Gobierno de Ciudad Naucalpan invita a participar en este espacio de cuidado personal y bienestar, dirigido a mujeres. Informes: 55 8789 5483 #AquiGobiernaLaEsperanza #Naucalpan #IMNIS",https://x.com/GobNau/status/2022446092525228167,https://x.com/GobNau/status/2022446092525228167,2026-02-13 23:01:38+00:00,2026-02-13,/home/emilio/Documentos/Naucalpan_Semanal_Reportes/Periodico/Enero_Mayo/2026-02-01_al_2026-02-15/Twitter/2026-02-01_al_2026-02-15_Twitter/2026-02-01_al_2026-02-15_Twitter_post_institucionales.csv
2026-02-01,2026-02-01_al_2026-02-15_Twitter,gobierno_naucalpan,Gobierno de Naucalpan,twitter,Twitter/X,tweet,@GobNau,@GobNau,,"El Gobierno de Ciudad #Naucalpan, encabezado por el Presidente Municipal Isaac Montoya, llevó a cabo la conferencia “Inteligencia Vivencial – Nivel Estructural vs. Estrés”, en el Centro Cultural Ágora del Parque Naucalli. #AquiGobiernaLaEsperanza","El Gobierno de Ciudad #Naucalpan, encabezado por el Presidente Municipal Isaac Montoya, llevó a cabo la conferencia “Inteligencia Vivencial – Nivel Estructural vs. Estrés”, en el Centro Cultural Ágora del Parque Naucalli. #AquiGobiernaLaEsperanza",https://x.com/GobNau/status/2022431358853726464,https://x.com/GobNau/status/2022431358853726464,2026-02-13 22:03:05+00:00,2026-02-13,/home/emilio/Documentos/Naucalpan_Semanal_Reportes/Periodico/Enero_Mayo/2026-02-01_al_2026-02-15/Twitter/2026-02-01_al_2026-02-15_Twitter/2026-02-01_al_2026-02-15_Twitter_post_institucionales.csv
2026-02-01,2026-02-01_al_2026-02-15_Twitter,gobierno_naucalpan,Gobierno de Naucalpan,twitter,Twitter/X,tweet,@GobNau,@GobNau,,Seguimos transformando Ciudad Naucalpan #AquiGobiernaLaEsperanza #Naucalpan #Mercado #ElMolinito,Seguimos transformando Ciudad Naucalpan #AquiGobiernaLaEsperanza #Naucalpan #Mercado #ElMolinito,https://x.com/GobNau/status/2022431123997864335,https://x.com/GobNau/status/2022431123997864335,2026-02-13 22:02:09+00:00,2026-02-13,/home/emilio/Documentos/Naucalpan_Semanal_Reportes/Periodico/Enero_Mayo/2026-02-01_al_2026-02-15/Twitter/2026-02-01_al_2026-02-15_Twitter/2026-02-01_al_2026-02-15_Twitter_post_institucionales.csv
2026-02-01,2026-02-01_al_2026-02-15_Twitter,gobierno_naucalpan,Gobierno de Naucalpan,twitter,Twitter/X,tweet,@GobNau,@GobNau,,"El Gobierno de Ciudad #Naucalpan, encabezado por el Alcalde Isaac Montoya, entregó la Unidad Médica “La #Raquelito”, como parte del fortalecimiento de la infraestructura de salud en el municipio, a través del Sistema Municipal DIF. #AquiGobiernaLaEsperanza","El Gobierno de Ciudad #Naucalpan, encabezado por el Alcalde Isaac Montoya, entregó la Unidad Médica “La #Raquelito”, como parte del fortalecimiento de la infraestructura de salud en el municipio, a través del Sistema Municipal DIF. #AquiGobiernaLaEsperanza",https://x.com/GobNau/status/2022429465041682786,https://x.com/GobNau/status/2022429465041682786,2026-02-13 21:55:34+00:00,2026-02-13,/home/emilio/Documentos/Naucalpan_Semanal_Reportes/Periodico/Enero_Mayo/2026-02-01_al_2026-02-15/Twitter/2026-02-01_al_2026-02-15_Twitter/2026-02-01_al_2026-02-15_Twitter_post_institucionales.csv
2026-02-01,2026-02-01_al_2026-02-15_Twitter,gobierno_naucalpan,Gobierno de Naucalpan,twitter,Twitter/X,tweet,@GobNau,@GobNau,,El Gobierno de Ciudad Naucalpan dio inicio a la rehabilitación del Tanque de Agua Potable Jardines de La Florida #AquiGobiernaLaEsperanza #Naucalpan #OAPAS #PRODDER #LaFlorida,El Gobierno de Ciudad Naucalpan dio inicio a la rehabilitación del Tanque de Agua Potable Jardines de La Florida #AquiGobiernaLaEsperanza #Naucalpan #OAPAS #PRODDER #LaFlorida,https://x.com/GobNau/status/2022420909114421469,https://x.com/GobNau/status/2022420909114421469,2026-02-13 21:21:34+00:00,2026-02-13,/home/emilio/Documentos/Naucalpan_Semanal_Reportes/Periodico/Enero_Mayo/2026-02-01_al_2026-02-15/Twitter/2026-02-01_al_2026-02-15_Twitter/2026-02-01_al_2026-02-15_Twitter_post_institucionales.csv
2026-02-01,2026-02-01_al_2026-02-15_Twitter,gobierno_naucalpan,Gobierno de Naucalpan,twitter,Twitter/X,tweet,@GobNau,@GobNau,,"El amor no tiene una sola forma El Gobierno de Ciudad #Naucalpan invita al recorrido comunitario por el Cerro de Moctezuma, en el marco del Día del Amor y la Amistad, para reflexionar y convivir desde la diversidad y el respeto. #AquiGobiernaLaEsperanza","El amor no tiene una sola forma El Gobierno de Ciudad #Naucalpan invita al recorrido comunitario por el Cerro de Moctezuma, en el marco del Día del Amor y la Amistad, para reflexionar y convivir desde la diversidad y el respeto. #AquiGobiernaLaEsperanza",https://x.com/GobNau/status/2022400962049048686,https://x.com/GobNau/status/2022400962049048686,2026-02-13 20:02:18+00:00,2026-02-13,/home/emilio/Documentos/Naucalpan_Semanal_Reportes/Periodico/Enero_Mayo/2026-02-01_al_2026-02-15/Twitter/2026-02-01_al_2026-02-15_Twitter/2026-02-01_al_2026-02-15_Twitter_post_institucionales.csv
2026-02-01,2026-02-01_al_2026-02-15_Twitter,gobierno_naucalpan,Gobierno de Naucalpan,twitter,Twitter/X,tweet,@GobNau,@GobNau,,"Como parte de la estrategia para fortalecer la autonomía económica y el desarrollo de habilidades creativas, el Gobierno de Ciudad #Naucalpan, encabezado por el Alcalde Isaac Montoya, realizó el taller “Decoupage: Arte con servilletas”. #AquiGobiernaLaEsperanza #Mujeres","Como parte de la estrategia para fortalecer la autonomía económica y el desarrollo de habilidades creativas, el Gobierno de Ciudad #Naucalpan, encabezado por el Alcalde Isaac Montoya, realizó el taller “Decoupage: Arte con servilletas”. #AquiGobiernaLaEsperanza #Mujeres",https://x.com/GobNau/status/2022383730417971361,https://x.com/GobNau/status/2022383730417971361,2026-02-13 18:53:50+00:00,2026-02-13,/home/emilio/Documentos/Naucalpan_Semanal_Reportes/Periodico/Enero_Mayo/2026-02-01_al_2026-02-15/Twitter/2026-02-01_al_2026-02-15_Twitter/2026-02-01_al_2026-02-15_Twitter_post_institucionales.csv
2026-02-01,2026-02-01_al_2026-02-15_Twitter,gobierno_naucalpan,Gobierno de Naucalpan,twitter,Twitter/X,tweet,@GobNau,@GobNau,,"El Gobierno de Ciudad Naucalpan, encabezado por el Presidente Municipal, Isaac Montoya, dio inicio de obra a la Rehabilitación y Equipamiento del Rebombeo Remedios, en Bosque de Los Remedios. #AquiGobiernaLaEsperanza #Naucalpan #OAPAS #PRODDER #BosqueDeLosRemedios","El Gobierno de Ciudad Naucalpan, encabezado por el Presidente Municipal, Isaac Montoya, dio inicio de obra a la Rehabilitación y Equipamiento del Rebombeo Remedios, en Bosque de Los Remedios. #AquiGobiernaLaEsperanza #Naucalpan #OAPAS #PRODDER #BosqueDeLosRemedios",https://x.com/GobNau/status/2022380164160598072,https://x.com/GobNau/status/2022380164160598072,2026-02-13 18:39:39+00:00,2026-02-13,/home/emilio/Documentos/Naucalpan_Semanal_Reportes/Periodico/Enero_Mayo/2026-02-01_al_2026-02-15/Twitter/2026-02-01_al_2026-02-15_Twitter/2026-02-01_al_2026-02-15_Twitter_post_institucionales.csv
2026-02-01,2026-02-01_al_2026-02-15_Twitter,gobierno_naucalpan,Gobierno de Naucalpan,twitter,Twitter/X,tweet,@GobNau,@GobNau,,"¿Sabías qué? Zakumi fue la mascota oficial del Mundial de Sudáfrica 2010. Su nombre combina “ZA”, abreviatura internacional de Sudáfrica, y “kumi”, que significa diez en varios idiomas africanos. #AquiGobiernaLaEsperanza #HuellasDelMundial #Naucalpan","¿Sabías qué? Zakumi fue la mascota oficial del Mundial de Sudáfrica 2010. Su nombre combina “ZA”, abreviatura internacional de Sudáfrica, y “kumi”, que significa diez en varios idiomas africanos. #AquiGobiernaLaEsperanza #HuellasDelMundial #Naucalpan",https://x.com/GobNau/status/2022362015222657530,https://x.com/GobNau/status/2022362015222657530,2026-02-13 17:27:32+00:00,2026-02-13,/home/emilio/Documentos/Naucalpan_Semanal_Reportes/Periodico/Enero_Mayo/2026-02-01_al_2026-02-15/Twitter/2026-02-01_al_2026-02-15_Twitter/2026-02-01_al_2026-02-15_Twitter_post_institucionales.csv
2026-02-01,2026-02-01_al_2026-02-15_Twitter,gobierno_naucalpan,Gobierno de Naucalpan,twitter,Twitter/X,tweet,@GobNau,@GobNau,,Seguimos transformando Ciudad Naucalpan En el Mercado del Molinito realizamos trabajos para mejorar su infraestructura y garantizar espacios más seguros y funcionales para comerciantes y visitantes. #AquiGobiernaLaEsperanza #Naucalpan #Mercado #ElMolinito,Seguimos transformando Ciudad Naucalpan En el Mercado del Molinito realizamos trabajos para mejorar su infraestructura y garantizar espacios más seguros y funcionales para comerciantes y visitantes. #AquiGobiernaLaEsperanza #Naucalpan #Mercado #ElMolinito,https://x.com/GobNau/status/2022359045982617605,https://x.com/GobNau/status/2022359045982617605,2026-02-13 17:15:44+00:00,2026-02-13,/home/emilio/Documentos/Naucalpan_Semanal_Reportes/Periodico/Enero_Mayo/2026-02-01_al_2026-02-15/Twitter/2026-02-01_al_2026-02-15_Twitter/2026-02-01_al_2026-02-15_Twitter_post_institucionales.csv
2026-02-01,2026-02-01_al_2026-02-15_Twitter,gobierno_naucalpan,Gobierno de Naucalpan,twitter,Twitter/X,tweet,@GobNau,@GobNau,,"El Presidente Municipal, Isaac Montoya, supervisó los trabajos en el Mercado Público del Molinito Más seguridad, funcionalidad y conectividad para la comunidad. #AquiGobiernaLaEsperanza #Naucalpan #ElMolinito","El Presidente Municipal, Isaac Montoya, supervisó los trabajos en el Mercado Público del Molinito Más seguridad, funcionalidad y conectividad para la comunidad. #AquiGobiernaLaEsperanza #Naucalpan #ElMolinito",https://x.com/GobNau/status/2022358487741682112,https://x.com/GobNau/status/2022358487741682112,2026-02-13 17:13:31+00:00,2026-02-13,/home/emilio/Documentos/Naucalpan_Semanal_Reportes/Periodico/Enero_Mayo/2026-02-01_al_2026-02-15/Twitter/2026-02-01_al_2026-02-15_Twitter/2026-02-01_al_2026-02-15_Twitter_post_institucionales.csv
2026-02-01,2026-02-01_al_2026-02-15_Twitter,gobierno_naucalpan,Gobierno de Naucalpan,twitter,Twitter/X,tweet,@GobNau,@GobNau,,"El Gobierno de Ciudad Naucalpan invita a vecinas y vecinos a participar en el torneo “Que ruede el balón por la paz”, un espacio de convivencia, deporte y construcción comunitaria. ¡Las y los esperamos! #AquiGobiernaLaEsperanza #Naucalpan #MesaDePaz #DeportePorLaPaz","El Gobierno de Ciudad Naucalpan invita a vecinas y vecinos a participar en el torneo “Que ruede el balón por la paz”, un espacio de convivencia, deporte y construcción comunitaria. ¡Las y los esperamos! #AquiGobiernaLaEsperanza #Naucalpan #MesaDePaz #DeportePorLaPaz",https://x.com/GobNau/status/2022148061032591423,https://x.com/GobNau/status/2022148061032591423,2026-02-13 03:17:22+00:00,2026-02-13,/home/emilio/Documentos/Naucalpan_Semanal_Reportes/Periodico/Enero_Mayo/2026-02-01_al_2026-02-15/Twitter/2026-02-01_al_2026-02-15_Twitter/2026-02-01_al_2026-02-15_Twitter_post_institucionales.csv
2026-02-01,2026-02-01_al_2026-02-15_Twitter,gobierno_naucalpan,Gobierno de Naucalpan,twitter,Twitter/X,tweet,@GobNau,@GobNau,,"Festival Feminista de Música: “Vivas, Libres y Sonando” Consulta las imágenes para conocer requisitos y datos de contacto para participar. #AquiGobiernaLaEsperanza #Naucalpan #Mujeres #Festival #Musica","Festival Feminista de Música: “Vivas, Libres y Sonando” Consulta las imágenes para conocer requisitos y datos de contacto para participar. #AquiGobiernaLaEsperanza #Naucalpan #Mujeres #Festival #Musica",https://x.com/GobNau/status/2022129026941296823,https://x.com/GobNau/status/2022129026941296823,2026-02-13 02:01:44+00:00,2026-02-13,/home/emilio/Documentos/Naucalpan_Semanal_Reportes/Periodico/Enero_Mayo/2026-02-01_al_2026-02-15/Twitter/2026-02-01_al_2026-02-15_Twitter/2026-02-01_al_2026-02-15_Twitter_post_institucionales.csv
2026-02-01,2026-02-01_al_2026-02-15_Twitter,gobierno_naucalpan,Gobierno de Naucalpan,twitter,Twitter/X,tweet,@GobNau,@GobNau,,"Conferencia: “El servicio como ventaja competitiva” Consulta sede, fecha, horario y datos de registro directamente en la imagen. #AquiGobiernaLaEsperanza #Naucalpan #FomentoEconomico","Conferencia: “El servicio como ventaja competitiva” Consulta sede, fecha, horario y datos de registro directamente en la imagen. #AquiGobiernaLaEsperanza #Naucalpan #FomentoEconomico",https://x.com/GobNau/status/2022121324026404951,https://x.com/GobNau/status/2022121324026404951,2026-02-13 01:31:07+00:00,2026-02-13,/home/emilio/Documentos/Naucalpan_Semanal_Reportes/Periodico/Enero_Mayo/2026-02-01_al_2026-02-15/Twitter/2026-02-01_al_2026-02-15_Twitter/2026-02-01_al_2026-02-15_Twitter_post_institucionales.csv
2026-02-01,2026-02-01_al_2026-02-15_Facebook,gobierno_naucalpan,Gobierno de Naucalpan,facebook,Facebook,post_facebook,ciudadnaucalpan,Ciudad Naucalpan / Gobierno Municipal 2025-2027.,,"El Gobierno de Ciudad Naucalpan invita a vecinas y vecinos a participar en el torneo “Que ruede el balón por la paz”, un espacio de convivencia, deporte y construcción comunitaria.⚽🤝 ¡Las y los esperamos! ✨ #AquiGobiernaLaEsperanza #Naucalpan #MesaDePaz #DeportePorLaPaz","El Gobierno de Ciudad Naucalpan invita a vecinas y vecinos a participar en el torneo “Que ruede el balón por la paz”, un espacio de convivencia, deporte y construcción comunitaria.⚽🤝 ¡Las y los esperamos! ✨ #AquiGobiernaLaEsperanza #Naucalpan #MesaDePaz #DeportePorLaPaz",https://www.facebook.com/CiudadNaucalpan/posts/pfbid02TdttrMg1BVQJx42So1YraTZfE1eqcYUS9inUs5zDM4fZH3CWhJRxieLjKtrmaga9l,https://www.facebook.com/CiudadNaucalpan/posts/pfbid02TdttrMg1BVQJx42So1YraTZfE1eqcYUS9inUs5zDM4fZH3CWhJRxieLjKtrmaga9l,2026-02-12 21:17:19,2026-02-12,/home/emilio/Documentos/Naucalpan_Semanal_Reportes/Periodico/Enero_Mayo/2026-02-01_al_2026-02-15/Facebook/2026-02-01_al_2026-02-15_Facebook/2026-02-01_al_2026-02-15_Facebook_posts.csv
2026-02-01,2026-02-01_al_2026-02-15_Facebook,gobierno_naucalpan,Gobierno de Naucalpan,facebook,Facebook,post_facebook,ciudadnaucalpan,Ciudad Naucalpan / Gobierno Municipal 2025-2027.,,"Festival Feminista de Música: “Vivas, Libres y Sonando”🎶💜 El Gobierno de Naucalpan, a través del Instituto de las Mujeres Naucalpenses y la Igualdad Sustantiva, convoca a mujeres músicas, cantautoras, bandas y creadoras sonoras a formar parte de este festival que celebra la fuerza, la diversidad y la potencia creativa de las mujeres. En el marco del Día Internacional de la Mujer, este escenario es para quienes hacen de la música una forma de expresión y resistencia. 👉 Consulta las imágenes para conocer requisitos y datos de contacto para participar. #AquiGobiernaLaEsperanza #Naucalpan #Mujeres #Festival #Musica","Festival Feminista de Música: “Vivas, Libres y Sonando”🎶💜 El Gobierno de Naucalpan, a través del Instituto de las Mujeres Naucalpenses y la Igualdad Sustantiva, convoca a mujeres músicas, cantautoras, bandas y creadoras sonoras a formar parte de este festival que celebra la fuerza, la diversidad y la potencia creativa de las mujeres. En el marco del Día Internacional de la Mujer, este escenario es para quienes hacen de la música una forma de expresión y resistencia. 👉 Consulta las imágenes para conocer requisitos y datos de contacto para participar. #AquiGobiernaLaEsperanza #Naucalpan #Mujeres #Festival #Musica",https://www.facebook.com/CiudadNaucalpan/posts/pfbid0cXuz5BhHA7VUVwrx8aqctU1XzFXHqVVvfdhSXRYy4gjDAYhtvLq86qgtymshhRzfl,https://www.facebook.com/CiudadNaucalpan/posts/pfbid0cXuz5BhHA7VUVwrx8aqctU1XzFXHqVVvfdhSXRYy4gjDAYhtvLq86qgtymshhRzfl,2026-02-12 20:01:36,2026-02-12,/home/emilio/Documentos/Naucalpan_Semanal_Reportes/Periodico/Enero_Mayo/2026-02-01_al_2026-02-15/Facebook/2026-02-01_al_2026-02-15_Facebook/2026-02-01_al_2026-02-15_Facebook_posts.csv
2026-02-01,2026-02-01_al_2026-02-15_Facebook,gobierno_naucalpan,Gobierno de Naucalpan,facebook,Facebook,post_facebook,ciudadnaucalpan,Ciudad Naucalpan / Gobierno Municipal 2025-2027.,,"Conferencia: “El servicio como ventaja competitiva”📢✨ El Gobierno de Ciudad Naucalpan, a través de la Dirección de Desarrollo y Fomento Económico, te invita a este evento gratuito donde conocerás herramientas clave para fortalecer tu servicio y hacerlo una ventaja competitiva. 📍👉Consulta sede, fecha, horario y datos de registro directamente en la imagen. #AquiGobiernaLaEsperanza #Naucalpan #FomentoEconomico","Conferencia: “El servicio como ventaja competitiva”📢✨ El Gobierno de Ciudad Naucalpan, a través de la Dirección de Desarrollo y Fomento Económico, te invita a este evento gratuito donde conocerás herramientas clave para fortalecer tu servicio y hacerlo una ventaja competitiva. 📍👉Consulta sede, fecha, horario y datos de registro directamente en la imagen. #AquiGobiernaLaEsperanza #Naucalpan #FomentoEconomico",https://www.facebook.com/CiudadNaucalpan/posts/pfbid02Ud81SZ9uePBsf7pPHPetGon4CcBH7NnFw1onWUT3yrCiTNDv4wzhW5BNhmBQUXFtl,https://www.facebook.com/CiudadNaucalpan/posts/pfbid02Ud81SZ9uePBsf7pPHPetGon4CcBH7NnFw1onWUT3yrCiTNDv4wzhW5BNhmBQUXFtl,2026-02-12 19:30:34,2026-02-12,/home/emilio/Documentos/Naucalpan_Semanal_Reportes/Periodico/Enero_Mayo/2026-02-01_al_2026-02-15/Facebook/2026-02-01_al_2026-02-15_Facebook/2026-02-01_al_2026-02-15_Facebook_posts.csv
2026-02-01,2026-02-01_al_2026-02-15_Facebook,gobierno_naucalpan,Gobierno de Naucalpan,facebook,Facebook,post_facebook,ciudadnaucalpan,Ciudad Naucalpan / Gobierno Municipal 2025-2027.,,"Naucalpan firma convenio para fortalecer la conciliación laboral 🤝 El Presidente Municipal Isaac Montoya Márquez, firmó el Convenio de Colaboración para las Jornadas de Conciliación Laboral junto a la Secretaría del Trabajo del Gobierno del Estado de México y los 25 gobiernos municipales competentes de la Sala Auxiliar de Tlalnepantla del Tribunal Estatal de Conciliación y Arbitraje. El alcalde destacó que este acuerdo será un parteaguas en la forma de atender las controversias laborales desde el ámbito local, al consolidar una red de colaboración interinstitucional que fortalece el estado de derecho y la justicia laboral en el Estado de México. Este convenio, impulsado por el Gobierno del Estado que encabeza la Gobernadora Delfina Gómez Álvarez, promueve la cultura de la conciliación y mecanismos alternos de solución de conflictos como vías eficaces, humanas y prontas para resolver laudos pendientes, brindando certeza jurídica a trabajadoras, trabajadores y ayuntamientos. Desde el Gobierno de Ciudad Naucalpan se asume un papel activo para privilegiar el diálogo, el entendimiento y los acuerdos, consolidando una administración pública responsable, cercana y comprometida con el trabajo digno. #AquiGobiernaLaEsperanza #Naucalpan #JusticiaLaboral #EstadoDeMexico","Naucalpan firma convenio para fortalecer la conciliación laboral 🤝 El Presidente Municipal Isaac Montoya Márquez, firmó el Convenio de Colaboración para las Jornadas de Conciliación Laboral junto a la Secretaría del Trabajo del Gobierno del Estado de México y los 25 gobiernos municipales competentes de la Sala Auxiliar de Tlalnepantla del Tribunal Estatal de Conciliación y Arbitraje. El alcalde destacó que este acuerdo será un parteaguas en la forma de atender las controversias laborales desde el ámbito local, al consolidar una red de colaboración interinstitucional que fortalece el estado de derecho y la justicia laboral en el Estado de México. Este convenio, impulsado por el Gobierno del Estado que encabeza la Gobernadora Delfina Gómez Álvarez, promueve la cultura de la conciliación y mecanismos alternos de solución de conflictos como vías eficaces, humanas y prontas para resolver laudos pendientes, brindando certeza jurídica a trabajadoras, trabajadores y ayuntamientos. Desde el Gobierno de Ciudad Naucalpan se asume un papel activo para privilegiar el diálogo, el entendimiento y los acuerdos, consolidando una administración pública responsable, cercana y comprometida con el trabajo digno. #AquiGobiernaLaEsperanza #Naucalpan #JusticiaLaboral #EstadoDeMexico",https://www.facebook.com/CiudadNaucalpan/posts/pfbid0Xx6aKtfqWUwbHVeBEC6XsSL7w4LSNxBphib2espTwtzM6Smo6oHsL4sMxMvNx3hql,https://www.facebook.com/CiudadNaucalpan/posts/pfbid0Xx6aKtfqWUwbHVeBEC6XsSL7w4LSNxBphib2espTwtzM6Smo6oHsL4sMxMvNx3hql,2026-02-12 17:45:36,2026-02-12,/home/emilio/Documentos/Naucalpan_Semanal_Reportes/Periodico/Enero_Mayo/2026-02-01_al_2026-02-15/Facebook/2026-02-01_al_2026-02-15_Facebook/2026-02-01_al_2026-02-15_Facebook_posts.csv
2026-02-01,2026-02-01_al_2026-02-15_Facebook,gobierno_naucalpan,Gobierno de Naucalpan,facebook,Facebook,post_facebook,ciudadnaucalpan,Ciudad Naucalpan / Gobierno Municipal 2025-2027.,,Cafecito Feminista☕💜 🤝✨💟 ¿Quieres llevarlo a tu colonia? ¡Organícense y lo hacemos posible! 📞 55 8789 5483. ☎️ 55 371 8300 | 55 371 8400 ext. 8437 #AquiGobiernaLaEsperanza #Naucalpan #CafecitoFeminista,Cafecito Feminista☕💜 🤝✨💟 ¿Quieres llevarlo a tu colonia? ¡Organícense y lo hacemos posible! 📞 55 8789 5483. ☎️ 55 371 8300 | 55 371 8400 ext. 8437 #AquiGobiernaLaEsperanza #Naucalpan #CafecitoFeminista,https://www.facebook.com/reel/899017449399258/,https://www.facebook.com/reel/899017449399258/,2026-02-12 17:02:31,2026-02-12,/home/emilio/Documentos/Naucalpan_Semanal_Reportes/Periodico/Enero_Mayo/2026-02-01_al_2026-02-15/Facebook/2026-02-01_al_2026-02-15_Facebook/2026-02-01_al_2026-02-15_Facebook_posts.csv
2026-02-01,2026-02-01_al_2026-02-15_Facebook,gobierno_naucalpan,Gobierno de Naucalpan,facebook,Facebook,post_facebook,ciudadnaucalpan,Ciudad Naucalpan / Gobierno Municipal 2025-2027.,,"Seguimos transformando Ciudad Naucalpan🏗️ Se realizaron mejoras en el Mercado Público Salvador Sánchez Colín, en Ahuizotla. ✨Nueva techumbre de lámina galvanizada. ✨Reforzamiento de estructura metálica. ✨Resane y pintura en muros y cortinas. 📐 2,026.29 m² atendidos. 👥 57,846 habitantes beneficiados. Espacios más dignos y seguros para las y los naucalpenses. 🤝 #AquiGobiernaLaEsperanza #Naucalpan #HuellasDeLaTransformacion","Seguimos transformando Ciudad Naucalpan🏗️ Se realizaron mejoras en el Mercado Público Salvador Sánchez Colín, en Ahuizotla. ✨Nueva techumbre de lámina galvanizada. ✨Reforzamiento de estructura metálica. ✨Resane y pintura en muros y cortinas. 📐 2,026.29 m² atendidos. 👥 57,846 habitantes beneficiados. Espacios más dignos y seguros para las y los naucalpenses. 🤝 #AquiGobiernaLaEsperanza #Naucalpan #HuellasDeLaTransformacion",https://www.facebook.com/CiudadNaucalpan/posts/pfbid0Txu6vqtx9d74APm39etKDk1yhJoNP4yshYG62VNNw4qTMd7R6irkSojp1SaQj1cgl,https://www.facebook.com/CiudadNaucalpan/posts/pfbid0Txu6vqtx9d74APm39etKDk1yhJoNP4yshYG62VNNw4qTMd7R6irkSojp1SaQj1cgl,2026-02-12 16:50:22,2026-02-12,/home/emilio/Documentos/Naucalpan_Semanal_Reportes/Periodico/Enero_Mayo/2026-02-01_al_2026-02-15/Facebook/2026-02-01_al_2026-02-15_Facebook/2026-02-01_al_2026-02-15_Facebook_posts.csv
2026-02-01,2026-02-01_al_2026-02-15_Facebook,gobierno_naucalpan,Gobierno de Naucalpan,facebook,Facebook,post_facebook,ciudadnaucalpan,Ciudad Naucalpan / Gobierno Municipal 2025-2027.,,"El Gobierno de Ciudad Naucalpan realizó una mejora integral en el Mercado Público Salvador Sánchez Colín, en la colonia Ahuizotla, un centro de abasto con más de cinco décadas de historia que por primera vez recibió trabajos de esta magnitud. El Presidente Municipal, Isaac Montoya, recorrió el inmueble para constatar las mejoras y reiteró que los mercados son pilares económicos para miles de familias, por lo que su dignificación representa una acción estratégica para fortalecer el comercio local y brindar espacios más seguros y funcionales. En total, se atendieron 2,026 metros cuadrados, con acciones como la colocación de nueva techumbre de acero galvanizado, reforzamiento de la estructura metálica, bajadas pluviales, resane de muros, impermeabilización y pintura en cortinas y fachadas. A nombre de las 132 locatarias y locatarios, representantes del mercado agradecieron los trabajos, destacando que nunca antes se había realizado una mejora integral en este espacio que es el corazón de La Ahuizotla. Desde el Gobierno de Naucalpan seguimos impulsando acciones que fortalecen la economía local y mejoran la calidad de vida de nuestra comunidad. 🤝 #AquiGobiernaLaEsperanza #Naucalpan #HuellasDeLaTransformacion","El Gobierno de Ciudad Naucalpan realizó una mejora integral en el Mercado Público Salvador Sánchez Colín, en la colonia Ahuizotla, un centro de abasto con más de cinco décadas de historia que por primera vez recibió trabajos de esta magnitud. El Presidente Municipal, Isaac Montoya, recorrió el inmueble para constatar las mejoras y reiteró que los mercados son pilares económicos para miles de familias, por lo que su dignificación representa una acción estratégica para fortalecer el comercio local y brindar espacios más seguros y funcionales. En total, se atendieron 2,026 metros cuadrados, con acciones como la colocación de nueva techumbre de acero galvanizado, reforzamiento de la estructura metálica, bajadas pluviales, resane de muros, impermeabilización y pintura en cortinas y fachadas. A nombre de las 132 locatarias y locatarios, representantes del mercado agradecieron los trabajos, destacando que nunca antes se había realizado una mejora integral en este espacio que es el corazón de La Ahuizotla. Desde el Gobierno de Naucalpan seguimos impulsando acciones que fortalecen la economía local y mejoran la calidad de vida de nuestra comunidad. 🤝 #AquiGobiernaLaEsperanza #Naucalpan #HuellasDeLaTransformacion",https://www.facebook.com/CiudadNaucalpan/posts/pfbid02M6VsYj9gXCVAdexP2362Xsiv8Bo7Nxh6MxCVNWHkuA3tJ8izBdv8dnHCRtFqQX2l,https://www.facebook.com/CiudadNaucalpan/posts/pfbid02M6VsYj9gXCVAdexP2362Xsiv8Bo7Nxh6MxCVNWHkuA3tJ8izBdv8dnHCRtFqQX2l,2026-02-12 16:46:52,2026-02-12,/home/emilio/Documentos/Naucalpan_Semanal_Reportes/Periodico/Enero_Mayo/2026-02-01_al_2026-02-15/Facebook/2026-02-01_al_2026-02-15_Facebook/2026-02-01_al_2026-02-15_Facebook_posts.csv
2026-02-01,2026-02-01_al_2026-02-15_Facebook,gobierno_naucalpan,Gobierno de Naucalpan,facebook,Facebook,post_facebook,ciudadnaucalpan,Ciudad Naucalpan / Gobierno Municipal 2025-2027.,,"Cafecito Feminista☕💜 Desde el Gobierno de Ciudad Naucalpan, a través del IMNIS, realizamos el Cafecito Feminista en el Deportivo 21 de Marzo, un espacio seguro y sororo, donde mujeres dialogan, se acompañan y fortalecen redes para prevenir la violencia de género. 🤝✨💟 ¿Quieres llevarlo a tu colonia? ¡Organícense y lo hacemos posible! 📞 55 8789 5483. 📞 55 371 8300 | 55 371 8400 ext. 8437. #AquiGobiernaLaEsperanza #Naucalpan #CafecitoFeminista","Cafecito Feminista☕💜 Desde el Gobierno de Ciudad Naucalpan, a través del IMNIS, realizamos el Cafecito Feminista en el Deportivo 21 de Marzo, un espacio seguro y sororo, donde mujeres dialogan, se acompañan y fortalecen redes para prevenir la violencia de género. 🤝✨💟 ¿Quieres llevarlo a tu colonia? ¡Organícense y lo hacemos posible! 📞 55 8789 5483. 📞 55 371 8300 | 55 371 8400 ext. 8437. #AquiGobiernaLaEsperanza #Naucalpan #CafecitoFeminista",https://www.facebook.com/CiudadNaucalpan/posts/pfbid036edzeCVr9FsuPF71zaLTv7uwbgpbWvyCFGyAv9AdDusyWS22i9xmwmJ53heXYqGrl,https://www.facebook.com/CiudadNaucalpan/posts/pfbid036edzeCVr9FsuPF71zaLTv7uwbgpbWvyCFGyAv9AdDusyWS22i9xmwmJ53heXYqGrl,2026-02-12 15:30:41,2026-02-12,/home/emilio/Documentos/Naucalpan_Semanal_Reportes/Periodico/Enero_Mayo/2026-02-01_al_2026-02-15/Facebook/2026-02-01_al_2026-02-15_Facebook/2026-02-01_al_2026-02-15_Facebook_posts.csv
2026-02-01,2026-02-01_al_2026-02-15_Facebook,gobierno_naucalpan,Gobierno de Naucalpan,facebook,Facebook,post_facebook,ciudadnaucalpan,Ciudad Naucalpan / Gobierno Municipal 2025-2027.,,"Unidades Móviles EDOMÉX en Ciudad Naucalpan🚐📄 Realiza tus trámites del Registro Civil cerca de tu hogar. 📅 Del 25 de febrero al 11 de marzo. 🕘 9:00 a 15:00 horas. Consulta fechas, sedes y servicios disponibles directamente en las imágenes. #AquiGobiernaLaEsperanza #Naucalpan #UnidadesMoviles #RegistroCivil","Unidades Móviles EDOMÉX en Ciudad Naucalpan🚐📄 Realiza tus trámites del Registro Civil cerca de tu hogar. 📅 Del 25 de febrero al 11 de marzo. 🕘 9:00 a 15:00 horas. Consulta fechas, sedes y servicios disponibles directamente en las imágenes. #AquiGobiernaLaEsperanza #Naucalpan #UnidadesMoviles #RegistroCivil",https://www.facebook.com/CiudadNaucalpan/posts/pfbid02Sk28arXxNCJ8iSj9CgarRmi7TeDhELytFig7K1xuNgy27fG1vE3UVBqyp63osJocl,https://www.facebook.com/CiudadNaucalpan/posts/pfbid02Sk28arXxNCJ8iSj9CgarRmi7TeDhELytFig7K1xuNgy27fG1vE3UVBqyp63osJocl,2026-02-12 15:01:53,2026-02-12,/home/emilio/Documentos/Naucalpan_Semanal_Reportes/Periodico/Enero_Mayo/2026-02-01_al_2026-02-15/Facebook/2026-02-01_al_2026-02-15_Facebook/2026-02-01_al_2026-02-15_Facebook_posts.csv
2026-02-01,2026-02-01_al_2026-02-15_Facebook,gobierno_naucalpan,Gobierno de Naucalpan,facebook,Facebook,post_facebook,ciudadnaucalpan,Ciudad Naucalpan / Gobierno Municipal 2025-2027.,,El trabajo en territorio y la rendición de cuentas siguen marcando el rumbo de Ciudad Naucalpan. 🤝✨ #Naucalpan,El trabajo en territorio y la rendición de cuentas siguen marcando el rumbo de Ciudad Naucalpan. 🤝✨ #Naucalpan,https://www.facebook.com/reel/881743771327160/,https://www.facebook.com/reel/881743771327160/,2026-02-12 14:41:22,2026-02-12,/home/emilio/Documentos/Naucalpan_Semanal_Reportes/Periodico/Enero_Mayo/2026-02-01_al_2026-02-15/Facebook/2026-02-01_al_2026-02-15_Facebook/2026-02-01_al_2026-02-15_Facebook_posts.csv
2026-02-01,2026-02-01_al_2026-02-15_Facebook,gobierno_naucalpan,Gobierno de Naucalpan,facebook,Facebook,post_facebook,ciudadnaucalpan,Ciudad Naucalpan / Gobierno Municipal 2025-2027.,,"Se logró la detención del presunto agresor de “Lobito”.🚨🤝 La Guardia Municipal de Ciudad Naucalpan, en coordinación con la Fiscalía General de Justicia del Estado de México y la Policía de Investigación, dio cumplimiento a una orden de cateo donde se logró la detención del probable agresor del canino “Lobito”. Continuamos reforzando la seguridad en Ciudad Naucalpan. #AquiGobiernaLaEsperanza #GuardiaMunicipal #Naucalpan #EdoMex #BienestarAnimal #Lobito #NoAlMaltratoAnimal","Se logró la detención del presunto agresor de “Lobito”.🚨🤝 La Guardia Municipal de Ciudad Naucalpan, en coordinación con la Fiscalía General de Justicia del Estado de México y la Policía de Investigación, dio cumplimiento a una orden de cateo donde se logró la detención del probable agresor del canino “Lobito”. Continuamos reforzando la seguridad en Ciudad Naucalpan. #AquiGobiernaLaEsperanza #GuardiaMunicipal #Naucalpan #EdoMex #BienestarAnimal #Lobito #NoAlMaltratoAnimal",https://www.facebook.com/reel/908874028283391/,https://www.facebook.com/reel/908874028283391/,2026-02-12 14:12:59,2026-02-12,/home/emilio/Documentos/Naucalpan_Semanal_Reportes/Periodico/Enero_Mayo/2026-02-01_al_2026-02-15/Facebook/2026-02-01_al_2026-02-15_Facebook/2026-02-01_al_2026-02-15_Facebook_posts.csv
2026-02-01,2026-02-01_al_2026-02-15_Facebook,gobierno_naucalpan,Gobierno de Naucalpan,facebook,Facebook,post_facebook,ciudadnaucalpan,Ciudad Naucalpan / Gobierno Municipal 2025-2027.,,"Taller de Elaboración de Joyería Fina 💍 El Gobierno de Ciudad Naucalpan, a través del Instituto de las Mujeres Naucalpenses y la Igualdad Sustantiva (IMNIS), invita a la ciudadanía a participar en el Taller de Elaboración de Joyería Fina. 📅 Martes 17 de febrero ⏰ 10:00 a 12:00 horas 📍 Oficinas del IMNIS Av. Juárez No. 39, Fracc. El Mirador, Naucalpan de Juárez. 📞 Informes: 55 8789 5483 #AquiGobiernaLaEsperanza #Naucalpan #IMNIS #JoyeriaFina #Taller","Taller de Elaboración de Joyería Fina 💍 El Gobierno de Ciudad Naucalpan, a través del Instituto de las Mujeres Naucalpenses y la Igualdad Sustantiva (IMNIS), invita a la ciudadanía a participar en el Taller de Elaboración de Joyería Fina. 📅 Martes 17 de febrero ⏰ 10:00 a 12:00 horas 📍 Oficinas del IMNIS Av. Juárez No. 39, Fracc. El Mirador, Naucalpan de Juárez. 📞 Informes: 55 8789 5483 #AquiGobiernaLaEsperanza #Naucalpan #IMNIS #JoyeriaFina #Taller",https://www.facebook.com/CiudadNaucalpan/posts/pfbid02VV2jPB4uurHZU8pPdXqdbJYFdh8VevaWYke3gxifgB4PTNXJwGvmXtLfGzs8geVzl,https://www.facebook.com/CiudadNaucalpan/posts/pfbid02VV2jPB4uurHZU8pPdXqdbJYFdh8VevaWYke3gxifgB4PTNXJwGvmXtLfGzs8geVzl,2026-02-12 12:10:34,2026-02-12,/home/emilio/Documentos/Naucalpan_Semanal_Reportes/Periodico/Enero_Mayo/2026-02-01_al_2026-02-15/Facebook/2026-02-01_al_2026-02-15_Facebook/2026-02-01_al_2026-02-15_Facebook_posts.csv
2026-02-01,2026-02-01_al_2026-02-15_Facebook,gobierno_naucalpan,Gobierno de Naucalpan,facebook,Facebook,post_facebook,ciudadnaucalpan,Ciudad Naucalpan / Gobierno Municipal 2025-2027.,,"GUARDIA MUNICIPAL DETIENE A PROBABLE AGRESOR DE “LOBITO” TRAS OPERATIVO COORDINADO🚨 La Guardia Municipal de Ciudad Naucalpan, en coordinación con la Fiscalía General de Justicia del Estado de México y la Policía de Investigación, dio cumplimiento a una orden de cateo donde se logró la detención del probable agresor del canino “Lobito”. El detenido fue puesto a disposición de la autoridad competente y trasladado al Centro Penitenciario y de Reinserción Social de Barrientos por su probable responsabilidad en el delito de maltrato animal. En Ciudad Naucalpan actuamos con firmeza y en apego a la ley para proteger a los seres sintientes y garantizar que estos hechos no queden impunes. #AquiGobiernaLaEsperanza #GuardiaMunicipal #Naucalpan #BienestarAnimal #Lobito #NoAlMaltratoAnimal","GUARDIA MUNICIPAL DETIENE A PROBABLE AGRESOR DE “LOBITO” TRAS OPERATIVO COORDINADO🚨 La Guardia Municipal de Ciudad Naucalpan, en coordinación con la Fiscalía General de Justicia del Estado de México y la Policía de Investigación, dio cumplimiento a una orden de cateo donde se logró la detención del probable agresor del canino “Lobito”. El detenido fue puesto a disposición de la autoridad competente y trasladado al Centro Penitenciario y de Reinserción Social de Barrientos por su probable responsabilidad en el delito de maltrato animal. En Ciudad Naucalpan actuamos con firmeza y en apego a la ley para proteger a los seres sintientes y garantizar que estos hechos no queden impunes. #AquiGobiernaLaEsperanza #GuardiaMunicipal #Naucalpan #BienestarAnimal #Lobito #NoAlMaltratoAnimal",https://www.facebook.com/CiudadNaucalpan/posts/pfbid0np6JoYny8WeM7DGWanHprsxenHrxSaNJJYKSs8BZPVCsg2mRX1LNj9HDuRvHp9Vzl,https://www.facebook.com/CiudadNaucalpan/posts/pfbid0np6JoYny8WeM7DGWanHprsxenHrxSaNJJYKSs8BZPVCsg2mRX1LNj9HDuRvHp9Vzl,2026-02-12 11:57:39,2026-02-12,/home/emilio/Documentos/Naucalpan_Semanal_Reportes/Periodico/Enero_Mayo/2026-02-01_al_2026-02-15/Facebook/2026-02-01_al_2026-02-15_Facebook/2026-02-01_al_2026-02-15_Facebook_posts.csv
2026-02-01,2026-02-01_al_2026-02-15_Facebook,gobierno_naucalpan,Gobierno de Naucalpan,facebook,Facebook,post_facebook,ciudadnaucalpan,Ciudad Naucalpan / Gobierno Municipal 2025-2027.,,"Realiza tu Servicio Social en el IMNIS📚💜 El Gobierno de Ciudad Naucalpan, a través del Instituto de las Mujeres Naucalpenses y la Igualdad Sustantiva (IMNIS), invita a estudiantes a realizar su servicio social en áreas que fortalecen la igualdad, el acompañamiento jurídico y psicológico, y el desarrollo integral de las mujeres. 👉Consulta requisitos, áreas y datos de contacto directamente en la imagen. ✨ #AquIGobiernaLaEsperanza #Naucalpan #IMNIS #ServicioSocial","Realiza tu Servicio Social en el IMNIS📚💜 El Gobierno de Ciudad Naucalpan, a través del Instituto de las Mujeres Naucalpenses y la Igualdad Sustantiva (IMNIS), invita a estudiantes a realizar su servicio social en áreas que fortalecen la igualdad, el acompañamiento jurídico y psicológico, y el desarrollo integral de las mujeres. 👉Consulta requisitos, áreas y datos de contacto directamente en la imagen. ✨ #AquIGobiernaLaEsperanza #Naucalpan #IMNIS #ServicioSocial",https://www.facebook.com/CiudadNaucalpan/posts/pfbid02YwKdSsFaYQnZwSNFuDHCt4XQ5yuub8UXYyNQd6D1pTrixFNiHTph9iPUXfLPWiuxl,https://www.facebook.com/CiudadNaucalpan/posts/pfbid02YwKdSsFaYQnZwSNFuDHCt4XQ5yuub8UXYyNQd6D1pTrixFNiHTph9iPUXfLPWiuxl,2026-02-12 11:30:48,2026-02-12,/home/emilio/Documentos/Naucalpan_Semanal_Reportes/Periodico/Enero_Mayo/2026-02-01_al_2026-02-15/Facebook/2026-02-01_al_2026-02-15_Facebook/2026-02-01_al_2026-02-15_Facebook_posts.csv
2026-02-01,2026-02-01_al_2026-02-15_Facebook,gobierno_naucalpan,Gobierno de Naucalpan,facebook,Facebook,post_facebook,ciudadnaucalpan,Ciudad Naucalpan / Gobierno Municipal 2025-2027.,,"El Gobierno de Naucalpan, encabezado por el Presidente Isaac Montoya, puso en marcha el torneo Equipos Mundial Social a través del IMCUFIDEN.⚽🌍 Inicia el 2 de marzo y concluirá el 11 de julio con 288 equipos en categorías Infantil, Juvenil y Libre. #AquiGobiernaLaEsperanza #Naucalpan #MundialSocial","El Gobierno de Naucalpan, encabezado por el Presidente Isaac Montoya, puso en marcha el torneo Equipos Mundial Social a través del IMCUFIDEN.⚽🌍 Inicia el 2 de marzo y concluirá el 11 de julio con 288 equipos en categorías Infantil, Juvenil y Libre. #AquiGobiernaLaEsperanza #Naucalpan #MundialSocial",https://www.facebook.com/reel/3173261796193904/,https://www.facebook.com/reel/3173261796193904/,2026-02-12 10:51:13,2026-02-12,/home/emilio/Documentos/Naucalpan_Semanal_Reportes/Periodico/Enero_Mayo/2026-02-01_al_2026-02-15/Facebook/2026-02-01_al_2026-02-15_Facebook/2026-02-01_al_2026-02-15_Facebook_posts.csv
2026-02-01,2026-02-01_al_2026-02-15_Facebook,gobierno_naucalpan,Gobierno de Naucalpan,facebook,Facebook,post_facebook,ciudadnaucalpan,Ciudad Naucalpan / Gobierno Municipal 2025-2027.,,"El Gobierno de Ciudad Naucalpan, encabezado por el Presidente Municipal Isaac Montoya, puso en marcha el torneo de fútbol Equipos Mundial Social, a través del Instituto Municipal de Cultura Física y Deporte de Naucalpan (IMCUFIDEN), con el objetivo de fortalecer la disciplina, la salud y el trabajo en equipo entre nuestras juventudes.⚽🌍✨ En el Frontón Municipal se realizó la primera reunión informativa, donde se presentaron las reglas oficiales del certamen, que se desarrollará en seis zonas: Centro, Río Hondo, Chamapa, México 86, San Mateo y Satélite. El torneo iniciará el 2 de marzo y concluirá el 11 de julio de 2026, con la participación de 288 equipos en categoría Libre, además de las ramas Infantil y Juvenil, tanto varonil como femenil. Seguimos impulsando el deporte como una herramienta de integración social y prevención de conductas de riesgo en nuestra comunidad. #AquiGobiernaLaEsperanza #Naucalpan #MundialSocial #IMCUFIDEN","El Gobierno de Ciudad Naucalpan, encabezado por el Presidente Municipal Isaac Montoya, puso en marcha el torneo de fútbol Equipos Mundial Social, a través del Instituto Municipal de Cultura Física y Deporte de Naucalpan (IMCUFIDEN), con el objetivo de fortalecer la disciplina, la salud y el trabajo en equipo entre nuestras juventudes.⚽🌍✨ En el Frontón Municipal se realizó la primera reunión informativa, donde se presentaron las reglas oficiales del certamen, que se desarrollará en seis zonas: Centro, Río Hondo, Chamapa, México 86, San Mateo y Satélite. El torneo iniciará el 2 de marzo y concluirá el 11 de julio de 2026, con la participación de 288 equipos en categoría Libre, además de las ramas Infantil y Juvenil, tanto varonil como femenil. Seguimos impulsando el deporte como una herramienta de integración social y prevención de conductas de riesgo en nuestra comunidad. #AquiGobiernaLaEsperanza #Naucalpan #MundialSocial #IMCUFIDEN",https://www.facebook.com/CiudadNaucalpan/posts/pfbid02mMLvH4DhHL7foSKYgj7F726G5mDegiAmTEUZd2vKVujNnLwhpezSVUyuQsqnpT8rl,https://www.facebook.com/CiudadNaucalpan/posts/pfbid02mMLvH4DhHL7foSKYgj7F726G5mDegiAmTEUZd2vKVujNnLwhpezSVUyuQsqnpT8rl,2026-02-12 10:31:15,2026-02-12,/home/emilio/Documentos/Naucalpan_Semanal_Reportes/Periodico/Enero_Mayo/2026-02-01_al_2026-02-15/Facebook/2026-02-01_al_2026-02-15_Facebook/2026-02-01_al_2026-02-15_Facebook_posts.csv
2026-02-01,2026-02-01_al_2026-02-15_Facebook,gobierno_naucalpan,Gobierno de Naucalpan,facebook,Facebook,post_facebook,ciudadnaucalpan,Ciudad Naucalpan / Gobierno Municipal 2025-2027.,,"Red de Mujeres Transformadoras de Ciudad Naucalpan💜✨ El Gobierno de Ciudad Naucalpan, a través del IMNIS, impulsa este espacio de participación y acompañamiento para fortalecer el liderazgo, el autocuidado y la sororidad entre mujeres del municipio.💟 La Red promueve la prevención de la violencia y la construcción de entornos seguros donde las mujeres puedan compartir experiencias, adquirir herramientas y potenciar sus capacidades personales y colectivas. Queremos que cada mujer sea agente de cambio en su comunidad. 🤝 Seguimos trabajando para fortalecer su autonomía y bienestar, #AquiGobiernaLaEsperanza #Naucalpan #IMNIS #Mujeres #MujeresTransformadoras","Red de Mujeres Transformadoras de Ciudad Naucalpan💜✨ El Gobierno de Ciudad Naucalpan, a través del IMNIS, impulsa este espacio de participación y acompañamiento para fortalecer el liderazgo, el autocuidado y la sororidad entre mujeres del municipio.💟 La Red promueve la prevención de la violencia y la construcción de entornos seguros donde las mujeres puedan compartir experiencias, adquirir herramientas y potenciar sus capacidades personales y colectivas. Queremos que cada mujer sea agente de cambio en su comunidad. 🤝 Seguimos trabajando para fortalecer su autonomía y bienestar, #AquiGobiernaLaEsperanza #Naucalpan #IMNIS #Mujeres #MujeresTransformadoras",https://www.facebook.com/reel/1697734181026121/,https://www.facebook.com/reel/1697734181026121/,2026-02-12 10:04:18,2026-02-12,/home/emilio/Documentos/Naucalpan_Semanal_Reportes/Periodico/Enero_Mayo/2026-02-01_al_2026-02-15/Facebook/2026-02-01_al_2026-02-15_Facebook/2026-02-01_al_2026-02-15_Facebook_posts.csv
2026-02-01,2026-02-01_al_2026-02-15_Facebook,gobierno_naucalpan,Gobierno de Naucalpan,facebook,Facebook,post_facebook,ciudadnaucalpan,Ciudad Naucalpan / Gobierno Municipal 2025-2027.,,"Un café puede abrir grandes conversaciones☕💜 En Ciudad Naucalpan creamos espacios seguros donde las mujeres se escuchan, se acompañan y construyen redes de apoyo para prevenir la violencia de género. 🤝✨💟 👉El Cafecito Feminista llega a tu colonia, barrio o comunidad. ¡Solicítalo y hagamos comunidad juntas! 📱55 8789 5483 #AquiGobiernaLaEsperanza #Naucalpan #Mujeres","Un café puede abrir grandes conversaciones☕💜 En Ciudad Naucalpan creamos espacios seguros donde las mujeres se escuchan, se acompañan y construyen redes de apoyo para prevenir la violencia de género. 🤝✨💟 👉El Cafecito Feminista llega a tu colonia, barrio o comunidad. ¡Solicítalo y hagamos comunidad juntas! 📱55 8789 5483 #AquiGobiernaLaEsperanza #Naucalpan #Mujeres",https://www.facebook.com/CiudadNaucalpan/posts/pfbid02Sy1vaCzEgWTT4jxvc8qVUwrxH4NnKPnNRh1Yamkfsv55eZi7XMhWDHTHfDiYDDVSl,https://www.facebook.com/CiudadNaucalpan/posts/pfbid02Sy1vaCzEgWTT4jxvc8qVUwrxH4NnKPnNRh1Yamkfsv55eZi7XMhWDHTHfDiYDDVSl,2026-02-12 08:30:46,2026-02-12,/home/emilio/Documentos/Naucalpan_Semanal_Reportes/Periodico/Enero_Mayo/2026-02-01_al_2026-02-15/Facebook/2026-02-01_al_2026-02-15_Facebook/2026-02-01_al_2026-02-15_Facebook_posts.csv
2026-02-01,2026-02-01_al_2026-02-15_Facebook,gobierno_naucalpan,Gobierno de Naucalpan,facebook,Facebook,post_facebook,ciudadnaucalpan,Ciudad Naucalpan / Gobierno Municipal 2025-2027.,,"Rehabilitación con concreto hidráulico de un 2° tramo de la lateral del Periférico Norte🚧✨ La transformación en nuestro municipio continúa consolidándose gracias a la gestión del Presidente Municipal, Isaac Montoya, en coordinación con el Gobierno del Estado de México, encabezado por la Gobernadora Delfina Gómez Álvarez. La rehabilitación abarcará desde Circuito Circunvalación Poniente hasta la calle Baden Powell, con una intervención total de 3.2 kilómetros. 👉Continúa al pendiente de nuestras redes sociales oficiales, donde estaremos informando sobre los avances de esta obra histórica para Ciudad Naucalpan. #AquiGobiernaLaEsperanza #Naucalpan #EdoMex #PerifericoNorte #SegundoTramo #ObraHistorica","Rehabilitación con concreto hidráulico de un 2° tramo de la lateral del Periférico Norte🚧✨ La transformación en nuestro municipio continúa consolidándose gracias a la gestión del Presidente Municipal, Isaac Montoya, en coordinación con el Gobierno del Estado de México, encabezado por la Gobernadora Delfina Gómez Álvarez. La rehabilitación abarcará desde Circuito Circunvalación Poniente hasta la calle Baden Powell, con una intervención total de 3.2 kilómetros. 👉Continúa al pendiente de nuestras redes sociales oficiales, donde estaremos informando sobre los avances de esta obra histórica para Ciudad Naucalpan. #AquiGobiernaLaEsperanza #Naucalpan #EdoMex #PerifericoNorte #SegundoTramo #ObraHistorica",https://www.facebook.com/reel/897523079854981/,https://www.facebook.com/reel/897523079854981/,2026-02-12 08:03:52,2026-02-12,/home/emilio/Documentos/Naucalpan_Semanal_Reportes/Periodico/Enero_Mayo/2026-02-01_al_2026-02-15/Facebook/2026-02-01_al_2026-02-15_Facebook/2026-02-01_al_2026-02-15_Facebook_posts.csv
2026-02-01,2026-02-01_al_2026-02-15_Facebook,gobierno_naucalpan,Gobierno de Naucalpan,facebook,Facebook,post_facebook,ciudadnaucalpan,Ciudad Naucalpan / Gobierno Municipal 2025-2027.,,"¿Sabías que? ⚽🌍 En el Mundial de Alemania 2006, las mascotas oficiales fueron Goleo VI & Pille, un león con camiseta blanca y un balón parlante que acompañaron la fiesta del fútbol en ese país. 🇩🇪🦁 #AquiGobiernaLaEsperanza #HuellasDelMundial #Naucalpan","¿Sabías que? ⚽🌍 En el Mundial de Alemania 2006, las mascotas oficiales fueron Goleo VI & Pille, un león con camiseta blanca y un balón parlante que acompañaron la fiesta del fútbol en ese país. 🇩🇪🦁 #AquiGobiernaLaEsperanza #HuellasDelMundial #Naucalpan",https://www.facebook.com/CiudadNaucalpan/posts/pfbid02dwiEKm6K5RPabrVLs3BqAqkSRkMXxu9q6SUnL34drj57zejWrqLAN9QjspzLTE8Al,https://www.facebook.com/CiudadNaucalpan/posts/pfbid02dwiEKm6K5RPabrVLs3BqAqkSRkMXxu9q6SUnL34drj57zejWrqLAN9QjspzLTE8Al,2026-02-12 07:05:20,2026-02-12,/home/emilio/Documentos/Naucalpan_Semanal_Reportes/Periodico/Enero_Mayo/2026-02-01_al_2026-02-15/Facebook/2026-02-01_al_2026-02-15_Facebook/2026-02-01_al_2026-02-15_Facebook_posts.csv
2026-02-01,2026-02-01_al_2026-02-15_Facebook,gobierno_naucalpan,Gobierno de Naucalpan,facebook,Facebook,post_facebook,ciudadnaucalpan,Ciudad Naucalpan / Gobierno Municipal 2025-2027.,,"El Tianquiztli Tlatilca llega a Ciudad Naucalpan como un espacio donde las tradiciones, el sabor y el talento local se encuentran.🤩✨ Durante esta jornada, vecinas y vecinos podrán disfrutar de productos artesanales, gastronomía tradicional y un ambiente cultural y familiar, impulsando directamente a las y los productores y artesanos del municipio.🇲🇽 📅 12 y 13 de febrero de 2026. ⏰ 9:00 a 16:00 horas. 📍 Explanada del Palacio Municipal (edificios anexos A y B). Desde el Gobierno de Ciudad Naucalpan seguimos fortaleciendo la economía local y celebrando nuestras raíces. #AquiGobiernaLaEsperanza #Naucalpan #TianquiztliTlatilca","El Tianquiztli Tlatilca llega a Ciudad Naucalpan como un espacio donde las tradiciones, el sabor y el talento local se encuentran.🤩✨ Durante esta jornada, vecinas y vecinos podrán disfrutar de productos artesanales, gastronomía tradicional y un ambiente cultural y familiar, impulsando directamente a las y los productores y artesanos del municipio.🇲🇽 📅 12 y 13 de febrero de 2026. ⏰ 9:00 a 16:00 horas. 📍 Explanada del Palacio Municipal (edificios anexos A y B). Desde el Gobierno de Ciudad Naucalpan seguimos fortaleciendo la economía local y celebrando nuestras raíces. #AquiGobiernaLaEsperanza #Naucalpan #TianquiztliTlatilca",https://www.facebook.com/CiudadNaucalpan/posts/pfbid02egxZv1y4iFQYdCuGs6pTc6dUxWu6GbhXWuBeL5D7eeBRDdkPZzCRNAv4xwSyNTWMl,https://www.facebook.com/CiudadNaucalpan/posts/pfbid02egxZv1y4iFQYdCuGs6pTc6dUxWu6GbhXWuBeL5D7eeBRDdkPZzCRNAv4xwSyNTWMl,2026-02-12 07:03:04,2026-02-12,/home/emilio/Documentos/Naucalpan_Semanal_Reportes/Periodico/Enero_Mayo/2026-02-01_al_2026-02-15/Facebook/2026-02-01_al_2026-02-15_Facebook/2026-02-01_al_2026-02-15_Facebook_posts.csv
2026-02-01,2026-02-01_al_2026-02-15_Facebook,gobierno_naucalpan,Gobierno de Naucalpan,facebook,Facebook,post_facebook,ciudadnaucalpan,Ciudad Naucalpan / Gobierno Municipal 2025-2027.,,"Conferencia: Inteligencia Vivencial – Nivel Estructural vs Estrés🧩✨ El Gobierno de Ciudad Naucalpan, a través de la Dirección de Desarrollo y Fomento Económico, te invita a este evento gratuito para fortalecer el autocontrol y la toma de decisiones en tiempos de cambio. 📍👉 Consulta sede, fecha, horario y datos de registro directamente en la imagen. #AquiGobiernaLaEsperanza #Naucalpan #DesarrolloEconomico","Conferencia: Inteligencia Vivencial – Nivel Estructural vs Estrés🧩✨ El Gobierno de Ciudad Naucalpan, a través de la Dirección de Desarrollo y Fomento Económico, te invita a este evento gratuito para fortalecer el autocontrol y la toma de decisiones en tiempos de cambio. 📍👉 Consulta sede, fecha, horario y datos de registro directamente en la imagen. #AquiGobiernaLaEsperanza #Naucalpan #DesarrolloEconomico",https://www.facebook.com/CiudadNaucalpan/posts/pfbid0244NBwKF2J88cJM8Xw1e34NcoAFT3GD4K5R2oNAziGsMrrGno1fmNdEBQymuAvu3nl,https://www.facebook.com/CiudadNaucalpan/posts/pfbid0244NBwKF2J88cJM8Xw1e34NcoAFT3GD4K5R2oNAziGsMrrGno1fmNdEBQymuAvu3nl,2026-02-12 06:31:33,2026-02-12,/home/emilio/Documentos/Naucalpan_Semanal_Reportes/Periodico/Enero_Mayo/2026-02-01_al_2026-02-15/Facebook/2026-02-01_al_2026-02-15_Facebook/2026-02-01_al_2026-02-15_Facebook_posts.csv
2026-02-01,2026-02-01_al_2026-02-15_Facebook,gobierno_naucalpan,Gobierno de Naucalpan,facebook,Facebook,post_facebook,guardiamunicipalciudadnaucalpan,Guardia Municipal Ciudad Naucalpan,,"Detención de probable agresor de “Lobito” tras operativo coordinado🚨 La Guardia Municipal de Ciudad Naucalpan, en coordinación con la Fiscalía General de Justicia del Estado de México y la Policía de Investigación, dio cumplimiento a una orden de cateo donde se logró la detención del probable agresor del canino “Lobito”. El detenido fue puesto a disposición de la autoridad competente y trasladado al Centro Penitenciario y de Reinserción Social de Barrientos por su probable responsabilidad en el delito de maltrato animal. En Ciudad Naucalpan actuamos con firmeza y en apego a la ley para proteger a los seres sintientes y garantizar que estos hechos no queden impunes. #AquiGobiernaLaEsperanza #GuardiaMunicipal #Naucalpan #BienestarAnimal #Lobito #NoAlMaltratoAnimal #SSEM #mexico #Edomex","Detención de probable agresor de “Lobito” tras operativo coordinado🚨 La Guardia Municipal de Ciudad Naucalpan, en coordinación con la Fiscalía General de Justicia del Estado de México y la Policía de Investigación, dio cumplimiento a una orden de cateo donde se logró la detención del probable agresor del canino “Lobito”. El detenido fue puesto a disposición de la autoridad competente y trasladado al Centro Penitenciario y de Reinserción Social de Barrientos por su probable responsabilidad en el delito de maltrato animal. En Ciudad Naucalpan actuamos con firmeza y en apego a la ley para proteger a los seres sintientes y garantizar que estos hechos no queden impunes. #AquiGobiernaLaEsperanza #GuardiaMunicipal #Naucalpan #BienestarAnimal #Lobito #NoAlMaltratoAnimal #SSEM #mexico #Edomex",https://www.facebook.com/GuardiaMunicipalCiudadNaucalpan/posts/pfbid02tGahGRUaGiE5sAgrmTvaTHmjxwR5mjANR8ceWJwSrvphKzLB3YgGzCdisJchLZkJl,https://www.facebook.com/GuardiaMunicipalCiudadNaucalpan/posts/pfbid02tGahGRUaGiE5sAgrmTvaTHmjxwR5mjANR8ceWJwSrvphKzLB3YgGzCdisJchLZkJl,2026-02-12 10:35:37,2026-02-12,/home/emilio/Documentos/Naucalpan_Semanal_Reportes/Periodico/Enero_Mayo/2026-02-01_al_2026-02-15/Facebook/2026-02-01_al_2026-02-15_Facebook/2026-02-01_al_2026-02-15_Facebook_posts.csv
2026-02-01,2026-02-01_al_2026-02-15_Facebook,gobierno_naucalpan,Gobierno de Naucalpan,facebook,Facebook,post_facebook,guardiamunicipalciudadnaucalpan,Guardia Municipal Ciudad Naucalpan,,"Detención de probable agresor de “Lobito” tras operativo coordinado🚨 La Guardia Municipal de Ciudad Naucalpan, en coordinación con la Fiscalía General de Justicia del Estado de México y la Policía de Investigación, dio cumplimiento a una orden de cateo en un domicilio donde se presumía la localización del probable agresor del canino “Lobito”. Como resultado de esta orden operativa, se logró la detención del probable responsable. Fue puesto a disposición de la autoridad correspondiente y trasladado al Centro Penitenciario y de Reinserción Social de Barrientos por su probable responsabilidad en el delito de maltrato animal. La Guardia Municipal refrenda su compromiso de actuar con firmeza, legalidad y coordinación institucional para proteger a los seres sintientes y garantizar que ninguna conducta de crueldad quede impune en Ciudad Naucalpan. #AquiGobiernaLaEsperanza #GuardiaMunicipal #Naucalpan #BienestarAnimal #Seguridad","Detención de probable agresor de “Lobito” tras operativo coordinado🚨 La Guardia Municipal de Ciudad Naucalpan, en coordinación con la Fiscalía General de Justicia del Estado de México y la Policía de Investigación, dio cumplimiento a una orden de cateo en un domicilio donde se presumía la localización del probable agresor del canino “Lobito”. Como resultado de esta orden operativa, se logró la detención del probable responsable. Fue puesto a disposición de la autoridad correspondiente y trasladado al Centro Penitenciario y de Reinserción Social de Barrientos por su probable responsabilidad en el delito de maltrato animal. La Guardia Municipal refrenda su compromiso de actuar con firmeza, legalidad y coordinación institucional para proteger a los seres sintientes y garantizar que ninguna conducta de crueldad quede impune en Ciudad Naucalpan. #AquiGobiernaLaEsperanza #GuardiaMunicipal #Naucalpan #BienestarAnimal #Seguridad",https://www.facebook.com/GuardiaMunicipalCiudadNaucalpan/posts/pfbid02WwZPg3EUUHFxa7bQkUR1ohRLZD9gSoLCfyt5mTfVAzRyfzzpaLykmXWAdh6rcew1l,https://www.facebook.com/GuardiaMunicipalCiudadNaucalpan/posts/pfbid02WwZPg3EUUHFxa7bQkUR1ohRLZD9gSoLCfyt5mTfVAzRyfzzpaLykmXWAdh6rcew1l,2026-02-12 09:58:35,2026-02-12,/home/emilio/Documentos/Naucalpan_Semanal_Reportes/Periodico/Enero_Mayo/2026-02-01_al_2026-02-15/Facebook/2026-02-01_al_2026-02-15_Facebook/2026-02-01_al_2026-02-15_Facebook_posts.csv
2026-02-01,2026-02-01_al_2026-02-15_Twitter,gobierno_naucalpan,Gobierno de Naucalpan,twitter,Twitter/X,tweet,@GobNau,@GobNau,,"#Naucalpan firmó el Convenio de Jornadas de Conciliación Laboral con la Secretaría del Trabajo del Edoméx y 25 municipios, para fortalecer el diálogo, resolver laudos pendientes y consolidar la justicia laboral desde el ámbito local. #AquiGobiernaLaEsperanza #JusticiaLaboral","#Naucalpan firmó el Convenio de Jornadas de Conciliación Laboral con la Secretaría del Trabajo del Edoméx y 25 municipios, para fortalecer el diálogo, resolver laudos pendientes y consolidar la justicia laboral desde el ámbito local. #AquiGobiernaLaEsperanza #JusticiaLaboral",https://x.com/GobNau/status/2022094739755901282,https://x.com/GobNau/status/2022094739755901282,2026-02-12 23:45:29+00:00,2026-02-12,/home/emilio/Documentos/Naucalpan_Semanal_Reportes/Periodico/Enero_Mayo/2026-02-01_al_2026-02-15/Twitter/2026-02-01_al_2026-02-15_Twitter/2026-02-01_al_2026-02-15_Twitter_post_institucionales.csv
2026-02-01,2026-02-01_al_2026-02-15_Twitter,gobierno_naucalpan,Gobierno de Naucalpan,twitter,Twitter/X,tweet,@GobNau,@GobNau,,"Seguimos transformando Ciudad Naucalpan Se realizaron mejoras en el Mercado Público Salvador Sánchez Colín, en Santiago Ahuizotla. 2,026.29 m² atendidos 57,846 habitantes beneficiados #AquiGobiernaLaEsperanza #Naucalpan #HuellasDeLaTransformacion","Seguimos transformando Ciudad Naucalpan Se realizaron mejoras en el Mercado Público Salvador Sánchez Colín, en Santiago Ahuizotla. 2,026.29 m² atendidos 57,846 habitantes beneficiados #AquiGobiernaLaEsperanza #Naucalpan #HuellasDeLaTransformacion",https://x.com/GobNau/status/2022080873856721041,https://x.com/GobNau/status/2022080873856721041,2026-02-12 22:50:23+00:00,2026-02-12,/home/emilio/Documentos/Naucalpan_Semanal_Reportes/Periodico/Enero_Mayo/2026-02-01_al_2026-02-15/Twitter/2026-02-01_al_2026-02-15_Twitter/2026-02-01_al_2026-02-15_Twitter_post_institucionales.csv
2026-02-01,2026-02-01_al_2026-02-15_Twitter,gobierno_naucalpan,Gobierno de Naucalpan,twitter,Twitter/X,tweet,@GobNau,@GobNau,,"Tras más de 50 años sin atención integral, hoy dignificamos 2,026 m² al mercado Salvador Sánchez Colín en Santiago Ahuizotla, con nueva techumbre y mejoras estructurales. Transformar es dejar huella. #AquiGobiernaLaEsperanza #Naucalpan #HuellasDeLaTransformacion","Tras más de 50 años sin atención integral, hoy dignificamos 2,026 m² al mercado Salvador Sánchez Colín en Santiago Ahuizotla, con nueva techumbre y mejoras estructurales. Transformar es dejar huella. #AquiGobiernaLaEsperanza #Naucalpan #HuellasDeLaTransformacion",https://x.com/GobNau/status/2022080234007269744,https://x.com/GobNau/status/2022080234007269744,2026-02-12 22:47:50+00:00,2026-02-12,/home/emilio/Documentos/Naucalpan_Semanal_Reportes/Periodico/Enero_Mayo/2026-02-01_al_2026-02-15/Twitter/2026-02-01_al_2026-02-15_Twitter/2026-02-01_al_2026-02-15_Twitter_post_institucionales.csv
2026-02-01,2026-02-01_al_2026-02-15_Twitter,gobierno_naucalpan,Gobierno de Naucalpan,twitter,Twitter/X,tweet,@GobNau,@GobNau,,"Cafecito Feminista Desde el Gobierno de #Naucalpan, a través del IMNIS, realizamos este espacio seguro y sororo, en el Deportivo 21 de Marzo. ¿Lo quieres en tu colonia? 55 8789 5483 #AquiGobiernaLaEsperanza #CafecitoFeminista","Cafecito Feminista Desde el Gobierno de #Naucalpan, a través del IMNIS, realizamos este espacio seguro y sororo, en el Deportivo 21 de Marzo. ¿Lo quieres en tu colonia? 55 8789 5483 #AquiGobiernaLaEsperanza #CafecitoFeminista",https://x.com/GobNau/status/2022060821556122045,https://x.com/GobNau/status/2022060821556122045,2026-02-12 21:30:42+00:00,2026-02-12,/home/emilio/Documentos/Naucalpan_Semanal_Reportes/Periodico/Enero_Mayo/2026-02-01_al_2026-02-15/Twitter/2026-02-01_al_2026-02-15_Twitter/2026-02-01_al_2026-02-15_Twitter_post_institucionales.csv
2026-02-01,2026-02-01_al_2026-02-15_Twitter,gobierno_naucalpan,Gobierno de Naucalpan,twitter,Twitter/X,tweet,@GobNau,@GobNau,,"Unidades Móviles EDOMÉX en Ciudad Naucalpan Del 25 de febrero al 11 de marzo. 9:00 a 15:00 horas. Consulta fechas, sedes y servicios disponibles directamente en las imágenes. #AquiGobiernaLaEsperanza #Naucalpan #UnidadesMoviles #RegistroCivil","Unidades Móviles EDOMÉX en Ciudad Naucalpan Del 25 de febrero al 11 de marzo. 9:00 a 15:00 horas. Consulta fechas, sedes y servicios disponibles directamente en las imágenes. #AquiGobiernaLaEsperanza #Naucalpan #UnidadesMoviles #RegistroCivil",https://x.com/GobNau/status/2022053611996352912,https://x.com/GobNau/status/2022053611996352912,2026-02-12 21:02:03+00:00,2026-02-12,/home/emilio/Documentos/Naucalpan_Semanal_Reportes/Periodico/Enero_Mayo/2026-02-01_al_2026-02-15/Twitter/2026-02-01_al_2026-02-15_Twitter/2026-02-01_al_2026-02-15_Twitter_post_institucionales.csv
2026-02-01,2026-02-01_al_2026-02-15_Twitter,gobierno_naucalpan,Gobierno de Naucalpan,twitter,Twitter/X,tweet,@GobNau,@GobNau,,"Taller de Elaboración de Joyería Fina Martes 17 de febrero 10:00 a 12:00 horas Oficinas del IMNIS Av. Juárez No. 39, Fracc. El Mirador, Naucalpan de Juárez. Informes: 55 8789 5483 #AquiGobiernaLaEsperanza #Naucalpan #IMNIS #JoyeriaFina #Taller","Taller de Elaboración de Joyería Fina Martes 17 de febrero 10:00 a 12:00 horas Oficinas del IMNIS Av. Juárez No. 39, Fracc. El Mirador, Naucalpan de Juárez. Informes: 55 8789 5483 #AquiGobiernaLaEsperanza #Naucalpan #IMNIS #JoyeriaFina #Taller",https://x.com/GobNau/status/2022010605566091627,https://x.com/GobNau/status/2022010605566091627,2026-02-12 18:11:10+00:00,2026-02-12,/home/emilio/Documentos/Naucalpan_Semanal_Reportes/Periodico/Enero_Mayo/2026-02-01_al_2026-02-15/Twitter/2026-02-01_al_2026-02-15_Twitter/2026-02-01_al_2026-02-15_Twitter_post_institucionales.csv
2026-02-01,2026-02-01_al_2026-02-15_Twitter,gobierno_naucalpan,Gobierno de Naucalpan,twitter,Twitter/X,tweet,@GobNau,@GobNau,,"Realiza tu Servicio Social en el IMNIS Consulta requisitos, áreas y datos de contacto directamente en la imagen. #AquIGobiernaLaEsperanza #Naucalpan #IMNIS #ServicioSocial","Realiza tu Servicio Social en el IMNIS Consulta requisitos, áreas y datos de contacto directamente en la imagen. #AquIGobiernaLaEsperanza #Naucalpan #IMNIS #ServicioSocial",https://x.com/GobNau/status/2022000488384700588,https://x.com/GobNau/status/2022000488384700588,2026-02-12 17:30:58+00:00,2026-02-12,/home/emilio/Documentos/Naucalpan_Semanal_Reportes/Periodico/Enero_Mayo/2026-02-01_al_2026-02-15/Twitter/2026-02-01_al_2026-02-15_Twitter/2026-02-01_al_2026-02-15_Twitter_post_institucionales.csv
2026-02-01,2026-02-01_al_2026-02-15_Twitter,gobierno_naucalpan,Gobierno de Naucalpan,twitter,Twitter/X,tweet,@GobNau,@GobNau,,"El Gobierno de Ciudad #Naucalpan, encabezado por el Presidente Isaac Montoya, puso en marcha el torneo Equipos #MundialSocial a través del #IMCUFIDEN. Inicia el 2 de marzo y concluirá el 11 de julio. #AquiGobiernaLaEsperanza","El Gobierno de Ciudad #Naucalpan, encabezado por el Presidente Isaac Montoya, puso en marcha el torneo Equipos #MundialSocial a través del #IMCUFIDEN. Inicia el 2 de marzo y concluirá el 11 de julio. #AquiGobiernaLaEsperanza",https://x.com/GobNau/status/2021990727647912306,https://x.com/GobNau/status/2021990727647912306,2026-02-12 16:52:10+00:00,2026-02-12,/home/emilio/Documentos/Naucalpan_Semanal_Reportes/Periodico/Enero_Mayo/2026-02-01_al_2026-02-15/Twitter/2026-02-01_al_2026-02-15_Twitter/2026-02-01_al_2026-02-15_Twitter_post_institucionales.csv
2026-02-01,2026-02-01_al_2026-02-15_Twitter,gobierno_naucalpan,Gobierno de Naucalpan,twitter,Twitter/X,tweet,@GobNau,@GobNau,,"El Gobierno de Ciudad #Naucalpan, encabezado por el Presidente Isaac Montoya, puso en marcha el torneo Equipos #MundialSocial a través del #IMCUFIDEN. Inicia el 2 de marzo y concluirá el 11 de julio. #AquiGobiernaLaEsperanza","El Gobierno de Ciudad #Naucalpan, encabezado por el Presidente Isaac Montoya, puso en marcha el torneo Equipos #MundialSocial a través del #IMCUFIDEN. Inicia el 2 de marzo y concluirá el 11 de julio. #AquiGobiernaLaEsperanza",https://x.com/GobNau/status/2021985446960541823,https://x.com/GobNau/status/2021985446960541823,2026-02-12 16:31:11+00:00,2026-02-12,/home/emilio/Documentos/Naucalpan_Semanal_Reportes/Periodico/Enero_Mayo/2026-02-01_al_2026-02-15/Twitter/2026-02-01_al_2026-02-15_Twitter/2026-02-01_al_2026-02-15_Twitter_post_institucionales.csv
2026-02-01,2026-02-01_al_2026-02-15_Twitter,gobierno_naucalpan,Gobierno de Naucalpan,twitter,Twitter/X,tweet,@GobNau,@GobNau,,"Red de Mujeres Transformadoras de Ciudad Naucalpan A través del IMNIS, impulsamos este espacio para fortalecer el liderazgo, el autocuidado y la sororidad entre mujeres del municipio. #AquiGobiernaLaEsperanza #Naucalpan #IMNIS #MujeresTransformadoras","Red de Mujeres Transformadoras de Ciudad Naucalpan A través del IMNIS, impulsamos este espacio para fortalecer el liderazgo, el autocuidado y la sororidad entre mujeres del municipio. #AquiGobiernaLaEsperanza #Naucalpan #IMNIS #MujeresTransformadoras",https://x.com/GobNau/status/2021979061703069926,https://x.com/GobNau/status/2021979061703069926,2026-02-12 16:05:49+00:00,2026-02-12,/home/emilio/Documentos/Naucalpan_Semanal_Reportes/Periodico/Enero_Mayo/2026-02-01_al_2026-02-15/Twitter/2026-02-01_al_2026-02-15_Twitter/2026-02-01_al_2026-02-15_Twitter_post_institucionales.csv
2026-02-01,2026-02-01_al_2026-02-15_Twitter,gobierno_naucalpan,Gobierno de Naucalpan,twitter,Twitter/X,tweet,@GobNau,@GobNau,,"¿Sabías que? En el Mundial de Alemania 2006, las mascotas oficiales fueron Goleo VI & Pille, un león con camiseta blanca y un balón parlante que acompañaron la fiesta del fútbol en ese país. #AquiGobiernaLaEsperanza #HuellasDelMundial #Naucalpan","¿Sabías que? En el Mundial de Alemania 2006, las mascotas oficiales fueron Goleo VI & Pille, un león con camiseta blanca y un balón parlante que acompañaron la fiesta del fútbol en ese país. #AquiGobiernaLaEsperanza #HuellasDelMundial #Naucalpan",https://x.com/GobNau/status/2021933639005606141,https://x.com/GobNau/status/2021933639005606141,2026-02-12 13:05:19+00:00,2026-02-12,/home/emilio/Documentos/Naucalpan_Semanal_Reportes/Periodico/Enero_Mayo/2026-02-01_al_2026-02-15/Twitter/2026-02-01_al_2026-02-15_Twitter/2026-02-01_al_2026-02-15_Twitter_post_institucionales.csv
2026-02-01,2026-02-01_al_2026-02-15_Twitter,gobierno_naucalpan,Gobierno de Naucalpan,twitter,Twitter/X,tweet,@GobNau,@GobNau,,"El Gobierno de Ciudad Naucalpan invita a la conmemoración del Día Nacional del Águila Real , símbolo de identidad, fuerza y conservación. 13 feb 2026 | 9:30 hrs. Dirección de Medio Ambiente, Av. Morelos 61. #AquiGobiernaLaEsperanza #Naucalpan #AguilaReal #MedioAmbiente","El Gobierno de Ciudad Naucalpan invita a la conmemoración del Día Nacional del Águila Real , símbolo de identidad, fuerza y conservación. 13 feb 2026 | 9:30 hrs. Dirección de Medio Ambiente, Av. Morelos 61. #AquiGobiernaLaEsperanza #Naucalpan #AguilaReal #MedioAmbiente",https://x.com/GobNau/status/2021933226978083106,https://x.com/GobNau/status/2021933226978083106,2026-02-12 13:03:41+00:00,2026-02-12,/home/emilio/Documentos/Naucalpan_Semanal_Reportes/Periodico/Enero_Mayo/2026-02-01_al_2026-02-15/Twitter/2026-02-01_al_2026-02-15_Twitter/2026-02-01_al_2026-02-15_Twitter_post_institucionales.csv
2026-02-01,2026-02-01_al_2026-02-15_Twitter,gobierno_naucalpan,Gobierno de Naucalpan,twitter,Twitter/X,tweet,@GobNau,@GobNau,,"Conferencia: Inteligencia Vivencial – Nivel Estructural vs Estrés Consulta sede, fecha, horario y datos de registro directamente en la imagen. #AquiGobiernaLaEsperanza #Naucalpan #DesarrolloEconomico","Conferencia: Inteligencia Vivencial – Nivel Estructural vs Estrés Consulta sede, fecha, horario y datos de registro directamente en la imagen. #AquiGobiernaLaEsperanza #Naucalpan #DesarrolloEconomico",https://x.com/GobNau/status/2021814906643697691,https://x.com/GobNau/status/2021814906643697691,2026-02-12 05:13:31+00:00,2026-02-12,/home/emilio/Documentos/Naucalpan_Semanal_Reportes/Periodico/Enero_Mayo/2026-02-01_al_2026-02-15/Twitter/2026-02-01_al_2026-02-15_Twitter/2026-02-01_al_2026-02-15_Twitter_post_institucionales.csv
2026-02-01,2026-02-01_al_2026-02-15_Twitter,gobierno_naucalpan,Gobierno de Naucalpan,twitter,Twitter/X,tweet,@GobNau,@GobNau,,"Vacantes de empleo en #Naucalpan Si tienes experiencia en fibra óptica, esta es tu oportunidad. Consulta perfiles, requisitos, salario y datos de contacto directamente en las imágenes de esta publicación. #AquiGobiernaLaEsperanza","Vacantes de empleo en #Naucalpan Si tienes experiencia en fibra óptica, esta es tu oportunidad. Consulta perfiles, requisitos, salario y datos de contacto directamente en las imágenes de esta publicación. #AquiGobiernaLaEsperanza",https://x.com/GobNau/status/2021789143634677909,https://x.com/GobNau/status/2021789143634677909,2026-02-12 03:31:09+00:00,2026-02-12,/home/emilio/Documentos/Naucalpan_Semanal_Reportes/Periodico/Enero_Mayo/2026-02-01_al_2026-02-15/Twitter/2026-02-01_al_2026-02-15_Twitter/2026-02-01_al_2026-02-15_Twitter_post_institucionales.csv
2026-02-01,2026-02-01_al_2026-02-15_Twitter,gobierno_naucalpan,Gobierno de Naucalpan,twitter,Twitter/X,tweet,@GobNau,@GobNau,,"El Gobierno de Ciudad Naucalpan, a través del Instituto de las Mujeres Naucalpenses y la Igualdad Sustantiva, invita al Bazar de San Valentín de Mujeres Emprendedoras Naucalpenses. #AquiGobiernaLaEsperanza #Naucalpan #Mujeres #Emprendimiento #SanValentín","El Gobierno de Ciudad Naucalpan, a través del Instituto de las Mujeres Naucalpenses y la Igualdad Sustantiva, invita al Bazar de San Valentín de Mujeres Emprendedoras Naucalpenses. #AquiGobiernaLaEsperanza #Naucalpan #Mujeres #Emprendimiento #SanValentín",https://x.com/GobNau/status/2021766653822808456,https://x.com/GobNau/status/2021766653822808456,2026-02-12 02:01:47+00:00,2026-02-12,/home/emilio/Documentos/Naucalpan_Semanal_Reportes/Periodico/Enero_Mayo/2026-02-01_al_2026-02-15/Twitter/2026-02-01_al_2026-02-15_Twitter/2026-02-01_al_2026-02-15_Twitter_post_institucionales.csv
2026-02-01,2026-02-01_al_2026-02-15_Twitter,gobierno_naucalpan,Gobierno de Naucalpan,twitter,Twitter/X,tweet,@GobNau,@GobNau,,"Caravana “Estamos Contigo” de Ciudad Naucalpan 10:00 a 14:30 horas. Calle C, Retorno Reforma Agraria, Pueblo San Juan Totoltepec. Seguimos trabajando por el bienestar y los derechos de las mujeres naucalpenses. #AquiGobiernaLaEsperanza #Naucalpan #Caravana","Caravana “Estamos Contigo” de Ciudad Naucalpan 10:00 a 14:30 horas. Calle C, Retorno Reforma Agraria, Pueblo San Juan Totoltepec. Seguimos trabajando por el bienestar y los derechos de las mujeres naucalpenses. #AquiGobiernaLaEsperanza #Naucalpan #Caravana",https://x.com/GobNau/status/2021762271593087482,https://x.com/GobNau/status/2021762271593087482,2026-02-12 01:44:22+00:00,2026-02-12,/home/emilio/Documentos/Naucalpan_Semanal_Reportes/Periodico/Enero_Mayo/2026-02-01_al_2026-02-15/Twitter/2026-02-01_al_2026-02-15_Twitter/2026-02-01_al_2026-02-15_Twitter_post_institucionales.csv
2026-02-01,2026-02-01_al_2026-02-15_Facebook,gobierno_naucalpan,Gobierno de Naucalpan,facebook,Facebook,post_facebook,ciudadnaucalpan,Ciudad Naucalpan / Gobierno Municipal 2025-2027.,,"Conferencia: Inteligencia Vivencial – Nivel Estructural vs Estrés🧩✨ El Gobierno de Ciudad Naucalpan, a través de la Dirección de Desarrollo y Fomento Económico, te invita a este evento gratuito para fortalecer el autocontrol y la toma de decisiones en tiempos de cambio. 📍👉 Consulta sede, fecha, horario y datos de registro directamente en la imagen. #AquiGobiernaLaEsperanza #Naucalpan #DesarrolloEconomico","Conferencia: Inteligencia Vivencial – Nivel Estructural vs Estrés🧩✨ El Gobierno de Ciudad Naucalpan, a través de la Dirección de Desarrollo y Fomento Económico, te invita a este evento gratuito para fortalecer el autocontrol y la toma de decisiones en tiempos de cambio. 📍👉 Consulta sede, fecha, horario y datos de registro directamente en la imagen. #AquiGobiernaLaEsperanza #Naucalpan #DesarrolloEconomico",https://www.facebook.com/CiudadNaucalpan/posts/pfbid0AXPsPjYMb6tDHyZPEgCzeVm2dh2REzLCt5WuAzxwi2y9jTk9pjjHHhepkPXmaUcZl,https://www.facebook.com/CiudadNaucalpan/posts/pfbid0AXPsPjYMb6tDHyZPEgCzeVm2dh2REzLCt5WuAzxwi2y9jTk9pjjHHhepkPXmaUcZl,2026-02-11 23:13:33,2026-02-11,/home/emilio/Documentos/Naucalpan_Semanal_Reportes/Periodico/Enero_Mayo/2026-02-01_al_2026-02-15/Facebook/2026-02-01_al_2026-02-15_Facebook/2026-02-01_al_2026-02-15_Facebook_posts.csv
2026-02-01,2026-02-01_al_2026-02-15_Facebook,gobierno_naucalpan,Gobierno de Naucalpan,facebook,Facebook,post_facebook,ciudadnaucalpan,Ciudad Naucalpan / Gobierno Municipal 2025-2027.,,"Vacantes de empleo en Naucalpan💼 👉Si tienes experiencia en fibra óptica, esta es tu oportunidad. Consulta perfiles, requisitos, salario y datos de contacto directamente en las imágenes de esta publicación. Desde el Gobierno de Ciudad Naucalpan seguimos impulsando el empleo y el desarrollo económico en nuestras comunidades. #AquiGobiernaLaEsperanza #Naucalpan #Empleo #DesarrolloEconomico","Vacantes de empleo en Naucalpan💼 👉Si tienes experiencia en fibra óptica, esta es tu oportunidad. Consulta perfiles, requisitos, salario y datos de contacto directamente en las imágenes de esta publicación. Desde el Gobierno de Ciudad Naucalpan seguimos impulsando el empleo y el desarrollo económico en nuestras comunidades. #AquiGobiernaLaEsperanza #Naucalpan #Empleo #DesarrolloEconomico",https://www.facebook.com/CiudadNaucalpan/posts/pfbid0VtBca8LCKNEYHX9AyNiqzkJzQsLyqjXMirm9mYFK4teDueukojdBBjcdMFMiyKHhl,https://www.facebook.com/CiudadNaucalpan/posts/pfbid0VtBca8LCKNEYHX9AyNiqzkJzQsLyqjXMirm9mYFK4teDueukojdBBjcdMFMiyKHhl,2026-02-11 21:30:30,2026-02-11,/home/emilio/Documentos/Naucalpan_Semanal_Reportes/Periodico/Enero_Mayo/2026-02-01_al_2026-02-15/Facebook/2026-02-01_al_2026-02-15_Facebook/2026-02-01_al_2026-02-15_Facebook_posts.csv
2026-02-01,2026-02-01_al_2026-02-15_Facebook,gobierno_naucalpan,Gobierno de Naucalpan,facebook,Facebook,post_facebook,ciudadnaucalpan,Ciudad Naucalpan / Gobierno Municipal 2025-2027.,,"El Gobierno de Ciudad Naucalpan, a través del Instituto de las Mujeres Naucalpenses y la Igualdad Sustantiva, invita al Bazar de San Valentín de Mujeres Emprendedoras Naucalpenses, un espacio para impulsar el talento, el emprendimiento y la autonomía económica de las mujeres.❤️ 🗓️ Viernes 13 de febrero ⏰ 10:00 a 16:00 horas 📍 Patio Central del Palacio Municipal Av. Juárez No. 39, Fracc. El Mirador, Naucalpan de Juárez. 📞 Informes: 55 8789 5483 Durante la jornada se contará con un calendario de actividades que incluye presentación musical, inauguración, plática financiera, curso de primeros auxilios, taller de chocolatería y clase de zumba con cierre. Seguimos generando espacios que fortalecen el emprendimiento, la participación y el bienestar de las mujeres naucalpenses. #AquiGobiernaLaEsperanza #Naucalpan #Mujeres #Emprendimiento #SanValentín","El Gobierno de Ciudad Naucalpan, a través del Instituto de las Mujeres Naucalpenses y la Igualdad Sustantiva, invita al Bazar de San Valentín de Mujeres Emprendedoras Naucalpenses, un espacio para impulsar el talento, el emprendimiento y la autonomía económica de las mujeres.❤️ 🗓️ Viernes 13 de febrero ⏰ 10:00 a 16:00 horas 📍 Patio Central del Palacio Municipal Av. Juárez No. 39, Fracc. El Mirador, Naucalpan de Juárez. 📞 Informes: 55 8789 5483 Durante la jornada se contará con un calendario de actividades que incluye presentación musical, inauguración, plática financiera, curso de primeros auxilios, taller de chocolatería y clase de zumba con cierre. Seguimos generando espacios que fortalecen el emprendimiento, la participación y el bienestar de las mujeres naucalpenses. #AquiGobiernaLaEsperanza #Naucalpan #Mujeres #Emprendimiento #SanValentín",https://www.facebook.com/CiudadNaucalpan/posts/pfbid02Qs2cYbJsrWWxNHui97PqUkVXv1Fj6CWe6VpWePUgSRoZ2nsiUMfUDU2CTAiWWd4Kl,https://www.facebook.com/CiudadNaucalpan/posts/pfbid02Qs2cYbJsrWWxNHui97PqUkVXv1Fj6CWe6VpWePUgSRoZ2nsiUMfUDU2CTAiWWd4Kl,2026-02-11 20:01:37,2026-02-11,/home/emilio/Documentos/Naucalpan_Semanal_Reportes/Periodico/Enero_Mayo/2026-02-01_al_2026-02-15/Facebook/2026-02-01_al_2026-02-15_Facebook/2026-02-01_al_2026-02-15_Facebook_posts.csv
2026-02-01,2026-02-01_al_2026-02-15_Facebook,gobierno_naucalpan,Gobierno de Naucalpan,facebook,Facebook,post_facebook,ciudadnaucalpan,Ciudad Naucalpan / Gobierno Municipal 2025-2027.,,"Caravana “Estamos Contigo” en Naucalpan💜✨ Este jueves 12 de febrero, el Gobierno de Naucalpan, a través del Instituto de las Mujeres Naucalpenses y la Igualdad Sustantiva, acerca servicios gratuitos como asesoría jurídica y psicológica con perspectiva de género, módulo de Policía de Género, preparatoria abierta, vinculación educativa y a microcréditos, además de cortes de cabello. 🕙 10:00 a 14:30 horas. 📍 Calle C, Retorno Reforma Agraria, Pueblo San Juan Totoltepec. Seguimos trabajando por el bienestar y los derechos de las mujeres naucalpenses. #AquiGobiernaLaEsperanza #Naucalpan #EstamosContigo","Caravana “Estamos Contigo” en Naucalpan💜✨ Este jueves 12 de febrero, el Gobierno de Naucalpan, a través del Instituto de las Mujeres Naucalpenses y la Igualdad Sustantiva, acerca servicios gratuitos como asesoría jurídica y psicológica con perspectiva de género, módulo de Policía de Género, preparatoria abierta, vinculación educativa y a microcréditos, además de cortes de cabello. 🕙 10:00 a 14:30 horas. 📍 Calle C, Retorno Reforma Agraria, Pueblo San Juan Totoltepec. Seguimos trabajando por el bienestar y los derechos de las mujeres naucalpenses. #AquiGobiernaLaEsperanza #Naucalpan #EstamosContigo",https://www.facebook.com/CiudadNaucalpan/posts/pfbid037CkFBnPb5qStxqFuk1oKNZ3TULbyRd49EAty8yaWNKkPMWd6h8SB8NnFWgyoxjUCl,https://www.facebook.com/CiudadNaucalpan/posts/pfbid037CkFBnPb5qStxqFuk1oKNZ3TULbyRd49EAty8yaWNKkPMWd6h8SB8NnFWgyoxjUCl,2026-02-11 19:44:21,2026-02-11,/home/emilio/Documentos/Naucalpan_Semanal_Reportes/Periodico/Enero_Mayo/2026-02-01_al_2026-02-15/Facebook/2026-02-01_al_2026-02-15_Facebook/2026-02-01_al_2026-02-15_Facebook_posts.csv
2026-02-01,2026-02-01_al_2026-02-15_Facebook,gobierno_naucalpan,Gobierno de Naucalpan,facebook,Facebook,post_facebook,ciudadnaucalpan,Ciudad Naucalpan / Gobierno Municipal 2025-2027.,,"Más de 1,000 niñas, niños y familias llenaron la Plaza Revolución para disfrutar de Otedama, un espectáculo de magia, circo y sonrisas.🎭✨ Gracias al trabajo conjunto con el Gobierno del Estado de México, seguimos acercando el arte a nuestras comunidades como parte de “Cultivamos Arte, Cosechamos Cultura”. #AquiGobiernaLaEsperanza #Naucalpan #Cultura #BienestarSocial","Más de 1,000 niñas, niños y familias llenaron la Plaza Revolución para disfrutar de Otedama, un espectáculo de magia, circo y sonrisas.🎭✨ Gracias al trabajo conjunto con el Gobierno del Estado de México, seguimos acercando el arte a nuestras comunidades como parte de “Cultivamos Arte, Cosechamos Cultura”. #AquiGobiernaLaEsperanza #Naucalpan #Cultura #BienestarSocial",https://www.facebook.com/reel/2011048706138232/,https://www.facebook.com/reel/2011048706138232/,2026-02-11 18:02:12,2026-02-11,/home/emilio/Documentos/Naucalpan_Semanal_Reportes/Periodico/Enero_Mayo/2026-02-01_al_2026-02-15/Facebook/2026-02-01_al_2026-02-15_Facebook/2026-02-01_al_2026-02-15_Facebook_posts.csv
2026-02-01,2026-02-01_al_2026-02-15_Facebook,gobierno_naucalpan,Gobierno de Naucalpan,facebook,Facebook,post_facebook,ciudadnaucalpan,Ciudad Naucalpan / Gobierno Municipal 2025-2027.,,"#EdoMexSeguro #Naucalpan, gracias a trabajos de inteligencia y la coordinación con la Fiscalía Especializada del Delito de Robo de Vehículos, la Policía Estatal y Secretaría de Seguridad del Estado de México, la Guardia Municipal logró la detención de cuatro presuntos integrantes de una banda dedicada al robo de vehículos. 🚔 En coordinación con el Gobierno del Estado de México y la Secretaría de Seguridad del Estado de México, seguimos fortaleciendo la seguridad en nuestro municipio. #ElPoderDeServir","#EdoMexSeguro #Naucalpan, gracias a trabajos de inteligencia y la coordinación con la Fiscalía Especializada del Delito de Robo de Vehículos, la Policía Estatal y Secretaría de Seguridad del Estado de México, la Guardia Municipal logró la detención de cuatro presuntos integrantes de una banda dedicada al robo de vehículos. 🚔 En coordinación con el Gobierno del Estado de México y la Secretaría de Seguridad del Estado de México, seguimos fortaleciendo la seguridad en nuestro municipio. #ElPoderDeServir",https://www.facebook.com/reel/2296270390883171/,https://www.facebook.com/reel/2296270390883171/,2026-02-11 15:57:11,2026-02-11,/home/emilio/Documentos/Naucalpan_Semanal_Reportes/Periodico/Enero_Mayo/2026-02-01_al_2026-02-15/Facebook/2026-02-01_al_2026-02-15_Facebook/2026-02-01_al_2026-02-15_Facebook_posts.csv
2026-02-01,2026-02-01_al_2026-02-15_Facebook,gobierno_naucalpan,Gobierno de Naucalpan,facebook,Facebook,post_facebook,ciudadnaucalpan,Ciudad Naucalpan / Gobierno Municipal 2025-2027.,,"El amor no tiene una sola forma 💜 El Gobierno de Ciudad Naucalpan invita al recorrido comunitario por el Cerro de Moctezuma, en el marco del Día del Amor y la Amistad, para reflexionar y convivir desde la diversidad y el respeto. 🧺 Picnic y taller “El amor no tiene una sola forma” 📅 Sábado 14 de febrero de 2026 ⏰ 8:00 horas 📍 Cerro de Moctezuma 📌 Entrada por Av. Circunvalación Poniente, frente a Plaza Jardines 🎟️ Actividad gratuita | Cupo limitado 📞 Informes e inscripciones: 55 8989 5483 #AquiGobiernaLaEsperanza #Naucalpan #IgualdadSustantiva #IMNIS","El amor no tiene una sola forma 💜 El Gobierno de Ciudad Naucalpan invita al recorrido comunitario por el Cerro de Moctezuma, en el marco del Día del Amor y la Amistad, para reflexionar y convivir desde la diversidad y el respeto. 🧺 Picnic y taller “El amor no tiene una sola forma” 📅 Sábado 14 de febrero de 2026 ⏰ 8:00 horas 📍 Cerro de Moctezuma 📌 Entrada por Av. Circunvalación Poniente, frente a Plaza Jardines 🎟️ Actividad gratuita | Cupo limitado 📞 Informes e inscripciones: 55 8989 5483 #AquiGobiernaLaEsperanza #Naucalpan #IgualdadSustantiva #IMNIS",https://www.facebook.com/CiudadNaucalpan/posts/pfbid023pH6zQXCNtqvVbZiGb4ek1tqCnLrNAv48TWaBsCQQZKevQ1XoVhbd4wsJAGPfKoDl,https://www.facebook.com/CiudadNaucalpan/posts/pfbid023pH6zQXCNtqvVbZiGb4ek1tqCnLrNAv48TWaBsCQQZKevQ1XoVhbd4wsJAGPfKoDl,2026-02-11 14:01:45,2026-02-11,/home/emilio/Documentos/Naucalpan_Semanal_Reportes/Periodico/Enero_Mayo/2026-02-01_al_2026-02-15/Facebook/2026-02-01_al_2026-02-15_Facebook/2026-02-01_al_2026-02-15_Facebook_posts.csv
2026-02-01,2026-02-01_al_2026-02-15_Facebook,gobierno_naucalpan,Gobierno de Naucalpan,facebook,Facebook,post_facebook,ciudadnaucalpan,Ciudad Naucalpan / Gobierno Municipal 2025-2027.,,"57 años del Mercado de la Cabecera Municipal de Ciudad Naucalpan 🍒🍇🍉🤼‍♀️🎶✨ El Presidente Municipal Isaac Montoya, acompañó a las y los 688 locatarios en la celebración del 57 aniversario del principal centro de abasto del municipio, que genera empleo para cientos de familias naucalpenses. El Alcalde reiteró el compromiso de fortalecer este espacio emblemático. #AquiGobiernaLaEsperanza #Naucalpan #Mercado #Pueblo #SanBartolo","57 años del Mercado de la Cabecera Municipal de Ciudad Naucalpan 🍒🍇🍉🤼‍♀️🎶✨ El Presidente Municipal Isaac Montoya, acompañó a las y los 688 locatarios en la celebración del 57 aniversario del principal centro de abasto del municipio, que genera empleo para cientos de familias naucalpenses. El Alcalde reiteró el compromiso de fortalecer este espacio emblemático. #AquiGobiernaLaEsperanza #Naucalpan #Mercado #Pueblo #SanBartolo",https://www.facebook.com/CiudadNaucalpan/posts/pfbid02r25NFUCziFDcWFsv3si9dqngxHGPHiUtk4vLWwZf6zhpT4DJKfPXgCNgWQ2PQASAl,https://www.facebook.com/CiudadNaucalpan/posts/pfbid02r25NFUCziFDcWFsv3si9dqngxHGPHiUtk4vLWwZf6zhpT4DJKfPXgCNgWQ2PQASAl,2026-02-11 13:21:50,2026-02-11,/home/emilio/Documentos/Naucalpan_Semanal_Reportes/Periodico/Enero_Mayo/2026-02-01_al_2026-02-15/Facebook/2026-02-01_al_2026-02-15_Facebook/2026-02-01_al_2026-02-15_Facebook_posts.csv
2026-02-01,2026-02-01_al_2026-02-15_Facebook,gobierno_naucalpan,Gobierno de Naucalpan,facebook,Facebook,post_facebook,ciudadnaucalpan,Ciudad Naucalpan / Gobierno Municipal 2025-2027.,,"11 de febrero | Día Internacional de la Mujer y la Niña en la Ciencia🔬✨ Desde el Gobierno de Ciudad Naucalpan, a través del Instituto de las Mujeres Naucalpenses y la Igualdad Sustantiva, reconocemos la contribución de las mujeres y las niñas en el ámbito científico. Impulsamos su participación en condiciones de igualdad, promoviendo su acceso, permanencia y desarrollo en la ciencia y la tecnología. 💜 #AquiGobiernaLaEsperanza #Naucalpan #MujeresEnLaCiencia","11 de febrero | Día Internacional de la Mujer y la Niña en la Ciencia🔬✨ Desde el Gobierno de Ciudad Naucalpan, a través del Instituto de las Mujeres Naucalpenses y la Igualdad Sustantiva, reconocemos la contribución de las mujeres y las niñas en el ámbito científico. Impulsamos su participación en condiciones de igualdad, promoviendo su acceso, permanencia y desarrollo en la ciencia y la tecnología. 💜 #AquiGobiernaLaEsperanza #Naucalpan #MujeresEnLaCiencia",https://www.facebook.com/CiudadNaucalpan/posts/pfbid0361j3FhQ2MTJ9yRHxrN5qqyBPJPHsmBonjnAVhup1PezJ1ywit9v9iGYSXHAL7gWjl,https://www.facebook.com/CiudadNaucalpan/posts/pfbid0361j3FhQ2MTJ9yRHxrN5qqyBPJPHsmBonjnAVhup1PezJ1ywit9v9iGYSXHAL7gWjl,2026-02-11 12:43:30,2026-02-11,/home/emilio/Documentos/Naucalpan_Semanal_Reportes/Periodico/Enero_Mayo/2026-02-01_al_2026-02-15/Facebook/2026-02-01_al_2026-02-15_Facebook/2026-02-01_al_2026-02-15_Facebook_posts.csv
2026-02-01,2026-02-01_al_2026-02-15_Facebook,gobierno_naucalpan,Gobierno de Naucalpan,facebook,Facebook,post_facebook,ciudadnaucalpan,Ciudad Naucalpan / Gobierno Municipal 2025-2027.,,"Mitos que pesan, realidades que importan🤍 Hablar de la depresión en las mujeres es una forma de cuidado, de justicia y de defensa del derecho a una vida con bienestar emocional. La depresión no siempre se ve. No siempre es llanto; a veces es cansancio constante, falta de energía o pérdida de interés. También tiene causas sociales como la sobrecarga de cuidados, la violencia y la desigualdad. Romper mitos es el primer paso para acompañar y escuchar sin juzgar. Pedir ayuda es un acto de valentía y autocuidado. Si tú o alguien que conoces necesita orientación, el Instituto de las Mujeres Naucalpenses y la Igualdad Sustantiva brinda atención y acompañamiento: 📞 Atención y Prevención de la Violencia de Género: 55 8789 5483 📞 Desarrollo Integral de las Mujeres: 55 8789 5482 🚨 Emergencias C4 Policía de Género: 55 5363 4574 En Ciudad Naucalpan trabajamos por el bienestar y la salud emocional de las mujeres. #AquiGobiernaLaEsperanza #Naucalpan #Depresion #Mujeres","Mitos que pesan, realidades que importan🤍 Hablar de la depresión en las mujeres es una forma de cuidado, de justicia y de defensa del derecho a una vida con bienestar emocional. La depresión no siempre se ve. No siempre es llanto; a veces es cansancio constante, falta de energía o pérdida de interés. También tiene causas sociales como la sobrecarga de cuidados, la violencia y la desigualdad. Romper mitos es el primer paso para acompañar y escuchar sin juzgar. Pedir ayuda es un acto de valentía y autocuidado. Si tú o alguien que conoces necesita orientación, el Instituto de las Mujeres Naucalpenses y la Igualdad Sustantiva brinda atención y acompañamiento: 📞 Atención y Prevención de la Violencia de Género: 55 8789 5483 📞 Desarrollo Integral de las Mujeres: 55 8789 5482 🚨 Emergencias C4 Policía de Género: 55 5363 4574 En Ciudad Naucalpan trabajamos por el bienestar y la salud emocional de las mujeres. #AquiGobiernaLaEsperanza #Naucalpan #Depresion #Mujeres",https://www.facebook.com/CiudadNaucalpan/posts/pfbid02hfjFWdxXPYqYLFC89raSazTxAWyVNhZYA8rH8WkJTWuDP9QjafNbooaRQHy8zomXl,https://www.facebook.com/CiudadNaucalpan/posts/pfbid02hfjFWdxXPYqYLFC89raSazTxAWyVNhZYA8rH8WkJTWuDP9QjafNbooaRQHy8zomXl,2026-02-11 12:30:51,2026-02-11,/home/emilio/Documentos/Naucalpan_Semanal_Reportes/Periodico/Enero_Mayo/2026-02-01_al_2026-02-15/Facebook/2026-02-01_al_2026-02-15_Facebook/2026-02-01_al_2026-02-15_Facebook_posts.csv
2026-02-01,2026-02-01_al_2026-02-15_Facebook,gobierno_naucalpan,Gobierno de Naucalpan,facebook,Facebook,post_facebook,ciudadnaucalpan,Ciudad Naucalpan / Gobierno Municipal 2025-2027.,,Impulsando a nuestros artesanos naucalpenses. ✨🎨 #AquiGobiernaLaEsperanza #Naucalpan #ArtesanosNaucalpenses #TalentoLocal,Impulsando a nuestros artesanos naucalpenses. ✨🎨 #AquiGobiernaLaEsperanza #Naucalpan #ArtesanosNaucalpenses #TalentoLocal,https://www.facebook.com/CiudadNaucalpan/posts/pfbid0inVTYomwWQWmDJJENg2pMGFs6zSkdziBrGv1Gfzm2XZur73zZmFxNP56fudPBmNgl,https://www.facebook.com/CiudadNaucalpan/posts/pfbid0inVTYomwWQWmDJJENg2pMGFs6zSkdziBrGv1Gfzm2XZur73zZmFxNP56fudPBmNgl,2026-02-11 11:45:58,2026-02-11,/home/emilio/Documentos/Naucalpan_Semanal_Reportes/Periodico/Enero_Mayo/2026-02-01_al_2026-02-15/Facebook/2026-02-01_al_2026-02-15_Facebook/2026-02-01_al_2026-02-15_Facebook_posts.csv
2026-02-01,2026-02-01_al_2026-02-15_Facebook,gobierno_naucalpan,Gobierno de Naucalpan,facebook,Facebook,post_facebook,ciudadnaucalpan,Ciudad Naucalpan / Gobierno Municipal 2025-2027.,,"En #Naucalpan, el delito de extorsión registró una disminución del 100% en el comparativo enero 2026 vs enero 2025, al pasar de 10 casos a 0, de acuerdo con los registros del periodo. Estos resultados son producto de la estrategia conjunta en materia de seguridad entre el Gobierno del Estado de México la Secretaría de Seguridad del Estado de México y el Gobierno de Naucalpan. #EdoMexSeguro #ElPoderDeServir","En #Naucalpan, el delito de extorsión registró una disminución del 100% en el comparativo enero 2026 vs enero 2025, al pasar de 10 casos a 0, de acuerdo con los registros del periodo. Estos resultados son producto de la estrategia conjunta en materia de seguridad entre el Gobierno del Estado de México la Secretaría de Seguridad del Estado de México y el Gobierno de Naucalpan. #EdoMexSeguro #ElPoderDeServir",https://www.facebook.com/CiudadNaucalpan/posts/pfbid02CMSJdJVMc2Nu8fmiqr7skqivGNDaoG7iF4QTyLPJbyxNMFer4ybaSgautrCr1L6Vl,https://www.facebook.com/CiudadNaucalpan/posts/pfbid02CMSJdJVMc2Nu8fmiqr7skqivGNDaoG7iF4QTyLPJbyxNMFer4ybaSgautrCr1L6Vl,2026-02-11 11:03:38,2026-02-11,/home/emilio/Documentos/Naucalpan_Semanal_Reportes/Periodico/Enero_Mayo/2026-02-01_al_2026-02-15/Facebook/2026-02-01_al_2026-02-15_Facebook/2026-02-01_al_2026-02-15_Facebook_posts.csv
2026-02-01,2026-02-01_al_2026-02-15_Facebook,gobierno_naucalpan,Gobierno de Naucalpan,facebook,Facebook,post_facebook,ciudadnaucalpan,Ciudad Naucalpan / Gobierno Municipal 2025-2027.,,"Registro Civil de Ciudad Naucalpan📄 ✒️ El Gobierno de Ciudad Naucalpan pone a disposición de la ciudadanía los servicios del Registro Civil, con atención cercana y orientación para ti y tu familia. En las Oficialías del Registro Civil puedes realizar trámites como: 👉 Expedición de copias certificadas. 👉 CURP certificada y correcciones. 👉 Registro de nacimiento (oportuno y extemporáneo). 👉 Matrimonios. 👉 Reconocimiento de hijas e hijos. 👉 Registro de divorcio judicial. 👉 Aclaración y complementación de actas. 📍 Naucalpan cuenta con diversas Oficialías ubicadas en Cabecera Municipal, Satélite, El Molinito, Loma Linda y San Mateo Nopala, con horarios de atención de lunes a viernes, de 9:00 a 15:00 horas. ℹ️👉 Consulta en las imágenes la ubicación exacta, direcciones y teléfonos de cada Oficialía. Seguimos trabajando para acercar servicios esenciales con atención digna, clara y accesible para todas y todos. #AquiGobiernaLaEsperanza #Naucalpan #RegistroCivil","Registro Civil de Ciudad Naucalpan📄 ✒️ El Gobierno de Ciudad Naucalpan pone a disposición de la ciudadanía los servicios del Registro Civil, con atención cercana y orientación para ti y tu familia. En las Oficialías del Registro Civil puedes realizar trámites como: 👉 Expedición de copias certificadas. 👉 CURP certificada y correcciones. 👉 Registro de nacimiento (oportuno y extemporáneo). 👉 Matrimonios. 👉 Reconocimiento de hijas e hijos. 👉 Registro de divorcio judicial. 👉 Aclaración y complementación de actas. 📍 Naucalpan cuenta con diversas Oficialías ubicadas en Cabecera Municipal, Satélite, El Molinito, Loma Linda y San Mateo Nopala, con horarios de atención de lunes a viernes, de 9:00 a 15:00 horas. ℹ️👉 Consulta en las imágenes la ubicación exacta, direcciones y teléfonos de cada Oficialía. Seguimos trabajando para acercar servicios esenciales con atención digna, clara y accesible para todas y todos. #AquiGobiernaLaEsperanza #Naucalpan #RegistroCivil",https://www.facebook.com/CiudadNaucalpan/posts/pfbid02fjThzJ6D2cfncWMVZG2NvEbcsqVTSja1uMww8w1Tynf2Kr9UiW5VTciVkgESvy1vl,https://www.facebook.com/CiudadNaucalpan/posts/pfbid02fjThzJ6D2cfncWMVZG2NvEbcsqVTSja1uMww8w1Tynf2Kr9UiW5VTciVkgESvy1vl,2026-02-11 10:31:34,2026-02-11,/home/emilio/Documentos/Naucalpan_Semanal_Reportes/Periodico/Enero_Mayo/2026-02-01_al_2026-02-15/Facebook/2026-02-01_al_2026-02-15_Facebook/2026-02-01_al_2026-02-15_Facebook_posts.csv
2026-02-01,2026-02-01_al_2026-02-15_Facebook,gobierno_naucalpan,Gobierno de Naucalpan,facebook,Facebook,post_facebook,ciudadnaucalpan,Ciudad Naucalpan / Gobierno Municipal 2025-2027.,,"Conoce los Módulos Hospitalarios y sus servicios de Ciudad Naucalpan🏥🩺 El Gobierno de Ciudad Naucalpan informa a las familias naucalpenses sobre la operación de los Módulos Hospitalarios, donde se realizan registros oportunos de nacimiento de bebés nacidos en hospitales, facilitando este trámite desde el primer momento. Actualmente, este servicio se brinda en los siguientes puntos: 📍 Módulo Hospitalario 06 Hospital General Dr. Maximiliano Ruiz Castañeda 📍 Calle Vagones 53–65, Industrial Tlatilco, C.P. 53529 📍 Módulo Hospitalario 04 IMSS Hospital General de Zona 194 📍 Avenida Vía Gustavo Baz Sur 28, Col. San Bartolo, C.P. 53000 Desde el Gobierno de Ciudad Naucalpan seguimos trabajando para acercar servicios esenciales, garantizar el derecho a la identidad y brindar atención cercana a las familias naucalpense. #AquiGobiernaLaEsperanza #Naucalpan #Salud #RegistroCivil","Conoce los Módulos Hospitalarios y sus servicios de Ciudad Naucalpan🏥🩺 El Gobierno de Ciudad Naucalpan informa a las familias naucalpenses sobre la operación de los Módulos Hospitalarios, donde se realizan registros oportunos de nacimiento de bebés nacidos en hospitales, facilitando este trámite desde el primer momento. Actualmente, este servicio se brinda en los siguientes puntos: 📍 Módulo Hospitalario 06 Hospital General Dr. Maximiliano Ruiz Castañeda 📍 Calle Vagones 53–65, Industrial Tlatilco, C.P. 53529 📍 Módulo Hospitalario 04 IMSS Hospital General de Zona 194 📍 Avenida Vía Gustavo Baz Sur 28, Col. San Bartolo, C.P. 53000 Desde el Gobierno de Ciudad Naucalpan seguimos trabajando para acercar servicios esenciales, garantizar el derecho a la identidad y brindar atención cercana a las familias naucalpense. #AquiGobiernaLaEsperanza #Naucalpan #Salud #RegistroCivil",https://www.facebook.com/CiudadNaucalpan/posts/pfbid0fRYxgHDLCrBkAvmiJriyjgKkqFWzxr44Soi6dzUMnWbFDneE9JLHSTGfJpG5E6KWl,https://www.facebook.com/CiudadNaucalpan/posts/pfbid0fRYxgHDLCrBkAvmiJriyjgKkqFWzxr44Soi6dzUMnWbFDneE9JLHSTGfJpG5E6KWl,2026-02-11 10:01:50,2026-02-11,/home/emilio/Documentos/Naucalpan_Semanal_Reportes/Periodico/Enero_Mayo/2026-02-01_al_2026-02-15/Facebook/2026-02-01_al_2026-02-15_Facebook/2026-02-01_al_2026-02-15_Facebook_posts.csv
2026-02-01,2026-02-01_al_2026-02-15_Facebook,gobierno_naucalpan,Gobierno de Naucalpan,facebook,Facebook,post_facebook,ciudadnaucalpan,Ciudad Naucalpan / Gobierno Municipal 2025-2027.,,"En #Naucalpan, el delito de robo a transporte público registró una disminución del 100% en enero de 2026, en comparación con enero de 2025, al pasar de 58 casos a 0, de acuerdo con los registros del periodo. Estos resultados son producto de la estrategia conjunta en materia de seguridad entre el Gobierno del Estado de México, la Secretaría de Seguridad del Estado de México y el Gobierno de Naucalpan. #EdoMexSeguro #ElPoderDeServir","En #Naucalpan, el delito de robo a transporte público registró una disminución del 100% en enero de 2026, en comparación con enero de 2025, al pasar de 58 casos a 0, de acuerdo con los registros del periodo. Estos resultados son producto de la estrategia conjunta en materia de seguridad entre el Gobierno del Estado de México, la Secretaría de Seguridad del Estado de México y el Gobierno de Naucalpan. #EdoMexSeguro #ElPoderDeServir",https://www.facebook.com/CiudadNaucalpan/posts/pfbid07sJLFmcMfAokXkaWEotL2TvbJjDX4CRRqtvbewZTGZiucqofWjDLQR15RLDg3rf7l,https://www.facebook.com/CiudadNaucalpan/posts/pfbid07sJLFmcMfAokXkaWEotL2TvbJjDX4CRRqtvbewZTGZiucqofWjDLQR15RLDg3rf7l,2026-02-11 09:45:32,2026-02-11,/home/emilio/Documentos/Naucalpan_Semanal_Reportes/Periodico/Enero_Mayo/2026-02-01_al_2026-02-15/Facebook/2026-02-01_al_2026-02-15_Facebook/2026-02-01_al_2026-02-15_Facebook_posts.csv
2026-02-01,2026-02-01_al_2026-02-15_Facebook,gobierno_naucalpan,Gobierno de Naucalpan,facebook,Facebook,post_facebook,ciudadnaucalpan,Ciudad Naucalpan / Gobierno Municipal 2025-2027.,,"En #Naucalpan, con operativos de seguridad y mayor presencia policial, el homicidio doloso disminuyó 40%. Estos resultados son producto de la estrategia conjunta en materia de seguridad entre el Gobierno del Estado de México, la Secretaría de Seguridad del Estado de México y el Gobierno de Naucalpan. #EdoMexSeguro #ElPoderDeServir","En #Naucalpan, con operativos de seguridad y mayor presencia policial, el homicidio doloso disminuyó 40%. Estos resultados son producto de la estrategia conjunta en materia de seguridad entre el Gobierno del Estado de México, la Secretaría de Seguridad del Estado de México y el Gobierno de Naucalpan. #EdoMexSeguro #ElPoderDeServir",https://www.facebook.com/CiudadNaucalpan/posts/pfbid0B5cTKXBsTfamBqpQyid8sC8eRSXB6SRCR4CBj4yMEmraMLeprAHBbxnSrYAEcGZil,https://www.facebook.com/CiudadNaucalpan/posts/pfbid0B5cTKXBsTfamBqpQyid8sC8eRSXB6SRCR4CBj4yMEmraMLeprAHBbxnSrYAEcGZil,2026-02-11 08:30:35,2026-02-11,/home/emilio/Documentos/Naucalpan_Semanal_Reportes/Periodico/Enero_Mayo/2026-02-01_al_2026-02-15/Facebook/2026-02-01_al_2026-02-15_Facebook/2026-02-01_al_2026-02-15_Facebook_posts.csv
2026-02-01,2026-02-01_al_2026-02-15_Facebook,gobierno_naucalpan,Gobierno de Naucalpan,facebook,Facebook,post_facebook,ciudadnaucalpan,Ciudad Naucalpan / Gobierno Municipal 2025-2027.,,"¿Sabías qué? ⚽🌍 En 2002 las mascotas oficiales fueron Ato, Kaz y Nik, un trío futurista que jugaba “Atmoball”. 🇰🇷🇯🇵 #AquiGobiernaLaEsperanza #HuellasDelMundial #Naucalpan","¿Sabías qué? ⚽🌍 En 2002 las mascotas oficiales fueron Ato, Kaz y Nik, un trío futurista que jugaba “Atmoball”. 🇰🇷🇯🇵 #AquiGobiernaLaEsperanza #HuellasDelMundial #Naucalpan",https://www.facebook.com/CiudadNaucalpan/posts/pfbid02PMzGT4nVwW88CgxNoDXzuTwaQpvXNUfraEkNpFJyMyQyFwKvMJHrjnrZe1yS2jgQl,https://www.facebook.com/CiudadNaucalpan/posts/pfbid02PMzGT4nVwW88CgxNoDXzuTwaQpvXNUfraEkNpFJyMyQyFwKvMJHrjnrZe1yS2jgQl,2026-02-11 07:30:50,2026-02-11,/home/emilio/Documentos/Naucalpan_Semanal_Reportes/Periodico/Enero_Mayo/2026-02-01_al_2026-02-15/Facebook/2026-02-01_al_2026-02-15_Facebook/2026-02-01_al_2026-02-15_Facebook_posts.csv
2026-02-01,2026-02-01_al_2026-02-15_Facebook,gobierno_naucalpan,Gobierno de Naucalpan,facebook,Facebook,post_facebook,ciudadnaucalpan,Ciudad Naucalpan / Gobierno Municipal 2025-2027.,,"El Tianquiztli Tlatilca llega a Ciudad Naucalpan como un espacio donde las tradiciones, el sabor y el talento local se encuentran.🤩✨ Durante esta jornada, vecinas y vecinos podrán disfrutar de productos artesanales, gastronomía tradicional y un ambiente cultural y familiar, impulsando directamente a las y los productores y artesanos del municipio.🇲🇽 📅 12 y 13 de febrero de 2026. ⏰ 9:00 a 16:00 horas. 📍 Explanada del Palacio Municipal (edificios anexos A y B). Desde el Gobierno de Ciudad Naucalpan seguimos fortaleciendo la economía local y celebrando nuestras raíces. #AquiGobiernaLaEsperanza #Naucalpan #TianquiztliTlatilca","El Tianquiztli Tlatilca llega a Ciudad Naucalpan como un espacio donde las tradiciones, el sabor y el talento local se encuentran.🤩✨ Durante esta jornada, vecinas y vecinos podrán disfrutar de productos artesanales, gastronomía tradicional y un ambiente cultural y familiar, impulsando directamente a las y los productores y artesanos del municipio.🇲🇽 📅 12 y 13 de febrero de 2026. ⏰ 9:00 a 16:00 horas. 📍 Explanada del Palacio Municipal (edificios anexos A y B). Desde el Gobierno de Ciudad Naucalpan seguimos fortaleciendo la economía local y celebrando nuestras raíces. #AquiGobiernaLaEsperanza #Naucalpan #TianquiztliTlatilca",https://www.facebook.com/CiudadNaucalpan/posts/pfbid02cTetg4MuX86mdLsd1TL2CDgZrHH8USWqxYGGmbdua2xjmdQvhpLjyFzgvcbK32ptl,https://www.facebook.com/CiudadNaucalpan/posts/pfbid02cTetg4MuX86mdLsd1TL2CDgZrHH8USWqxYGGmbdua2xjmdQvhpLjyFzgvcbK32ptl,2026-02-11 07:01:53,2026-02-11,/home/emilio/Documentos/Naucalpan_Semanal_Reportes/Periodico/Enero_Mayo/2026-02-01_al_2026-02-15/Facebook/2026-02-01_al_2026-02-15_Facebook/2026-02-01_al_2026-02-15_Facebook_posts.csv
2026-02-01,2026-02-01_al_2026-02-15_Facebook,gobierno_naucalpan,Gobierno de Naucalpan,facebook,Facebook,post_facebook,guardiamunicipalciudadnaucalpan,Guardia Municipal Ciudad Naucalpan,,"Coordinación por un transporte más seguro en Ciudad Naucalpan🚔 Por instrucciones del Presidente Municipal, Isaac Montoya Márquez, el Comisario de la Guardia Municipal sostuvo una reunión de trabajo con autoridades del Ayuntamiento y representantes del sector transportista. Durante el encuentro se establecieron canales de comunicación directa y acuerdos de coordinación para impulsar acciones conjuntas en materia de prevención del delito, movilidad segura y protección de las y los usuarios del transporte público. La colaboración entre gobierno y transportistas es clave para fortalecer la seguridad y la confianza ciudadana. En Naucalpan, la Guardia Municipal trabaja todos los días por la seguridad de todas y todos. #AquiGobiernaLaEsperanza #GuardiaMunicipal #Naucalpan #Seguridad","Coordinación por un transporte más seguro en Ciudad Naucalpan🚔 Por instrucciones del Presidente Municipal, Isaac Montoya Márquez, el Comisario de la Guardia Municipal sostuvo una reunión de trabajo con autoridades del Ayuntamiento y representantes del sector transportista. Durante el encuentro se establecieron canales de comunicación directa y acuerdos de coordinación para impulsar acciones conjuntas en materia de prevención del delito, movilidad segura y protección de las y los usuarios del transporte público. La colaboración entre gobierno y transportistas es clave para fortalecer la seguridad y la confianza ciudadana. En Naucalpan, la Guardia Municipal trabaja todos los días por la seguridad de todas y todos. #AquiGobiernaLaEsperanza #GuardiaMunicipal #Naucalpan #Seguridad",https://www.facebook.com/GuardiaMunicipalCiudadNaucalpan/posts/pfbid0L7bt1vQXn5LpfD3bUDGtgCR7ZVckWYkfbjYz6A5HajJaDd6kB1GygYwxJb4mMPSil,https://www.facebook.com/GuardiaMunicipalCiudadNaucalpan/posts/pfbid0L7bt1vQXn5LpfD3bUDGtgCR7ZVckWYkfbjYz6A5HajJaDd6kB1GygYwxJb4mMPSil,2026-02-11 20:02:29,2026-02-11,/home/emilio/Documentos/Naucalpan_Semanal_Reportes/Periodico/Enero_Mayo/2026-02-01_al_2026-02-15/Facebook/2026-02-01_al_2026-02-15_Facebook/2026-02-01_al_2026-02-15_Facebook_posts.csv
2026-02-01,2026-02-01_al_2026-02-15_Facebook,gobierno_naucalpan,Gobierno de Naucalpan,facebook,Facebook,post_facebook,ciudadnaucalpan,Ciudad Naucalpan / Gobierno Municipal 2025-2027.,,"Las Huellas de la Transformación siguen recorriendo nuestras comunidades. 👣✨ Este viernes 13 de febrero, a las 11:30 horas, estaremos en Paseos del Bosque, trabajando desde el territorio y junto a la comunidad para seguir mejorando nuestros espacios. 📍 Calle Bosques de Arabedes 16, C.P. 53297, Naucalpan de Juárez Desde el Gobierno de Ciudad Naucalpan seguimos construyendo un municipio más ordenado, digno y cercano a su gente. 🤝🌿 ¡Te esperamos! #AquiGobiernaLaEsperanza #Naucalpan #HuellasDeLaTransformacion","Las Huellas de la Transformación siguen recorriendo nuestras comunidades. 👣✨ Este viernes 13 de febrero, a las 11:30 horas, estaremos en Paseos del Bosque, trabajando desde el territorio y junto a la comunidad para seguir mejorando nuestros espacios. 📍 Calle Bosques de Arabedes 16, C.P. 53297, Naucalpan de Juárez Desde el Gobierno de Ciudad Naucalpan seguimos construyendo un municipio más ordenado, digno y cercano a su gente. 🤝🌿 ¡Te esperamos! #AquiGobiernaLaEsperanza #Naucalpan #HuellasDeLaTransformacion",https://www.facebook.com/CiudadNaucalpan/posts/pfbid02vn3qANnNrvaY393EpZEoJhneWZrua492KTcWQufh3YmN7Zz9vFcRhT3xkRCz6KqMl,https://www.facebook.com/CiudadNaucalpan/posts/pfbid02vn3qANnNrvaY393EpZEoJhneWZrua492KTcWQufh3YmN7Zz9vFcRhT3xkRCz6KqMl,2026-02-10 21:01:31,2026-02-10,/home/emilio/Documentos/Naucalpan_Semanal_Reportes/Periodico/Enero_Mayo/2026-02-01_al_2026-02-15/Facebook/2026-02-01_al_2026-02-15_Facebook/2026-02-01_al_2026-02-15_Facebook_posts.csv
2026-02-01,2026-02-01_al_2026-02-15_Facebook,gobierno_naucalpan,Gobierno de Naucalpan,facebook,Facebook,post_facebook,ciudadnaucalpan,Ciudad Naucalpan / Gobierno Municipal 2025-2027.,,Las Huellas de la Transformación siguen llegando a las comunidades de Ciudad Naucalpan.✨ 📍 Colonia Rosa de Castilla. 🗓 Miércoles 11 de febrero. ⏰ 16:30 horas. Seguimos trabajando en territorio para fortalecer la vida comunitaria. #AquiGobiernaLaEsperanza #Naucalpan #HuellasDeLaTransformacion,Las Huellas de la Transformación siguen llegando a las comunidades de Ciudad Naucalpan.✨ 📍 Colonia Rosa de Castilla. 🗓 Miércoles 11 de febrero. ⏰ 16:30 horas. Seguimos trabajando en territorio para fortalecer la vida comunitaria. #AquiGobiernaLaEsperanza #Naucalpan #HuellasDeLaTransformacion,https://www.facebook.com/CiudadNaucalpan/posts/pfbid0p1srR44xMghupodxQyGzK4W3Hd5EmPTVcffhGSFRq6ywyrE5s5yN6vid3MsYTkryl,https://www.facebook.com/CiudadNaucalpan/posts/pfbid0p1srR44xMghupodxQyGzK4W3Hd5EmPTVcffhGSFRq6ywyrE5s5yN6vid3MsYTkryl,2026-02-10 20:43:20,2026-02-10,/home/emilio/Documentos/Naucalpan_Semanal_Reportes/Periodico/Enero_Mayo/2026-02-01_al_2026-02-15/Facebook/2026-02-01_al_2026-02-15_Facebook/2026-02-01_al_2026-02-15_Facebook_posts.csv
2026-02-01,2026-02-01_al_2026-02-15_Facebook,gobierno_naucalpan,Gobierno de Naucalpan,facebook,Facebook,post_facebook,ciudadnaucalpan,Ciudad Naucalpan / Gobierno Municipal 2025-2027.,,"Caravana “Estamos Contigo” de Ciudad Naucalpan💜 Atención integral, acompañamiento y servicios gratuitos para mujeres y sus familias. 📅 Miércoles 11 de febrero. ⏰ 10:00 a 14:30 hrs. 📍 Campo de Fútbol, Santiago Tepatlaxco. ¡No te lo pierdas! #AquiGobiernaLaEsperanza #Naucalpan #IMNIS","Caravana “Estamos Contigo” de Ciudad Naucalpan💜 Atención integral, acompañamiento y servicios gratuitos para mujeres y sus familias. 📅 Miércoles 11 de febrero. ⏰ 10:00 a 14:30 hrs. 📍 Campo de Fútbol, Santiago Tepatlaxco. ¡No te lo pierdas! #AquiGobiernaLaEsperanza #Naucalpan #IMNIS",https://www.facebook.com/CiudadNaucalpan/posts/pfbid038PDnCrcHArNfvS17RE7PukL568kP3k5Zo8J8pNTLVpg7EQvGcmyk4U8eSuKhVUopl,https://www.facebook.com/CiudadNaucalpan/posts/pfbid038PDnCrcHArNfvS17RE7PukL568kP3k5Zo8J8pNTLVpg7EQvGcmyk4U8eSuKhVUopl,2026-02-10 17:32:23,2026-02-10,/home/emilio/Documentos/Naucalpan_Semanal_Reportes/Periodico/Enero_Mayo/2026-02-01_al_2026-02-15/Facebook/2026-02-01_al_2026-02-15_Facebook/2026-02-01_al_2026-02-15_Facebook_posts.csv
2026-02-01,2026-02-01_al_2026-02-15_Facebook,gobierno_naucalpan,Gobierno de Naucalpan,facebook,Facebook,post_facebook,ciudadnaucalpan,Ciudad Naucalpan / Gobierno Municipal 2025-2027.,,"Taller Facial y Spa de Manos💆‍♀️✨ El Gobierno de Ciudad Naucalpan invita a participar en este espacio de cuidado personal y bienestar, dirigido a mujeres. 📅 Martes 17 de febrero ⏰ 12:00 a 13:30 horas 📍 Oficinas del IMNIS Av. Juárez No. 39, Fracc. El Mirador, Naucalpan de Juárez 📞 Informes: 55 8789 5483 #AquiGobiernaLaEsperanza #Naucalpan #IMNIS","Taller Facial y Spa de Manos💆‍♀️✨ El Gobierno de Ciudad Naucalpan invita a participar en este espacio de cuidado personal y bienestar, dirigido a mujeres. 📅 Martes 17 de febrero ⏰ 12:00 a 13:30 horas 📍 Oficinas del IMNIS Av. Juárez No. 39, Fracc. El Mirador, Naucalpan de Juárez 📞 Informes: 55 8789 5483 #AquiGobiernaLaEsperanza #Naucalpan #IMNIS",https://www.facebook.com/CiudadNaucalpan/posts/pfbid035p9cgDPuwtnppg5LDmbrBREtJpXKUBfhLPWJN69KNE7yMBXnh51D2wbxvPga9GHEl,https://www.facebook.com/CiudadNaucalpan/posts/pfbid035p9cgDPuwtnppg5LDmbrBREtJpXKUBfhLPWJN69KNE7yMBXnh51D2wbxvPga9GHEl,2026-02-10 17:01:35,2026-02-10,/home/emilio/Documentos/Naucalpan_Semanal_Reportes/Periodico/Enero_Mayo/2026-02-01_al_2026-02-15/Facebook/2026-02-01_al_2026-02-15_Facebook/2026-02-01_al_2026-02-15_Facebook_posts.csv
2026-02-01,2026-02-01_al_2026-02-15_Facebook,gobierno_naucalpan,Gobierno de Naucalpan,facebook,Facebook,post_facebook,ciudadnaucalpan,Ciudad Naucalpan / Gobierno Municipal 2025-2027.,,"El Gobierno de Ciudad Naucalpan, a través de la Dirección de Medio Ambiente, invita a la ciudadanía a la conmemoración del Día Nacional del Águila Real, símbolo de identidad, fuerza y conservación.🦅 🗓 13 de febrero de 2026 ⏰ 9:30 horas 📍 Dirección de Medio Ambiente Av. Morelos 61, Col. Bosque de los Remedios, Naucalpan de Juárez. Seguimos impulsando la conciencia ambiental y la protección de nuestra biodiversidad. #AquiGobiernaLaEsperanza #Naucalpan #AguilaReal #MedioAmbiente #Conservacion","El Gobierno de Ciudad Naucalpan, a través de la Dirección de Medio Ambiente, invita a la ciudadanía a la conmemoración del Día Nacional del Águila Real, símbolo de identidad, fuerza y conservación.🦅 🗓 13 de febrero de 2026 ⏰ 9:30 horas 📍 Dirección de Medio Ambiente Av. Morelos 61, Col. Bosque de los Remedios, Naucalpan de Juárez. Seguimos impulsando la conciencia ambiental y la protección de nuestra biodiversidad. #AquiGobiernaLaEsperanza #Naucalpan #AguilaReal #MedioAmbiente #Conservacion",https://www.facebook.com/CiudadNaucalpan/posts/pfbid02jP12Us1fH5K1zjQc1NGEq8eL94AwrJVkqPWZX8csxbooixYbdYfvaXWLQB4Ayy5ul,https://www.facebook.com/CiudadNaucalpan/posts/pfbid02jP12Us1fH5K1zjQc1NGEq8eL94AwrJVkqPWZX8csxbooixYbdYfvaXWLQB4Ayy5ul,2026-02-10 13:30:35,2026-02-10,/home/emilio/Documentos/Naucalpan_Semanal_Reportes/Periodico/Enero_Mayo/2026-02-01_al_2026-02-15/Facebook/2026-02-01_al_2026-02-15_Facebook/2026-02-01_al_2026-02-15_Facebook_posts.csv
2026-02-01,2026-02-01_al_2026-02-15_Facebook,gobierno_naucalpan,Gobierno de Naucalpan,facebook,Facebook,post_facebook,ciudadnaucalpan,Ciudad Naucalpan / Gobierno Municipal 2025-2027.,,"Taller de Elaboración de Joyería Fina 💍 El Gobierno de Ciudad Naucalpan, a través del Instituto de las Mujeres Naucalpenses y la Igualdad Sustantiva (IMNIS), invita a la ciudadanía a participar en el Taller de Elaboración de Joyería Fina. 📅 Martes 17 de febrero ⏰ 10:00 a 12:00 horas 📍 Oficinas del IMNIS Av. Juárez No. 39, Fracc. El Mirador, Naucalpan de Juárez. 📞 Informes: 55 8789 5483 #AquiGobiernaLaEsperanza #Naucalpan #IMNIS #JoyeriaFina #Taller","Taller de Elaboración de Joyería Fina 💍 El Gobierno de Ciudad Naucalpan, a través del Instituto de las Mujeres Naucalpenses y la Igualdad Sustantiva (IMNIS), invita a la ciudadanía a participar en el Taller de Elaboración de Joyería Fina. 📅 Martes 17 de febrero ⏰ 10:00 a 12:00 horas 📍 Oficinas del IMNIS Av. Juárez No. 39, Fracc. El Mirador, Naucalpan de Juárez. 📞 Informes: 55 8789 5483 #AquiGobiernaLaEsperanza #Naucalpan #IMNIS #JoyeriaFina #Taller",https://www.facebook.com/CiudadNaucalpan/posts/pfbid034mkoz92YZELfe6rtyrmUvwQSqchhDrWyrgNMNRhefuL4JYmiyaNS1nYW26fEHdcwl,https://www.facebook.com/CiudadNaucalpan/posts/pfbid034mkoz92YZELfe6rtyrmUvwQSqchhDrWyrgNMNRhefuL4JYmiyaNS1nYW26fEHdcwl,2026-02-10 12:10:38,2026-02-10,/home/emilio/Documentos/Naucalpan_Semanal_Reportes/Periodico/Enero_Mayo/2026-02-01_al_2026-02-15/Facebook/2026-02-01_al_2026-02-15_Facebook/2026-02-01_al_2026-02-15_Facebook_posts.csv
2026-02-01,2026-02-01_al_2026-02-15_Facebook,gobierno_naucalpan,Gobierno de Naucalpan,facebook,Facebook,post_facebook,ciudadnaucalpan,Ciudad Naucalpan / Gobierno Municipal 2025-2027.,,"El Tianquiztli Tlatilca llega a Ciudad Naucalpan como un espacio donde las tradiciones, el sabor y el talento local se encuentran.🤩✨ Durante esta jornada, vecinas y vecinos podrán disfrutar de productos artesanales, gastronomía tradicional y un ambiente cultural y familiar, impulsando directamente a las y los productores y artesanos del municipio.🇲🇽 📅 12 y 13 de febrero de 2026. ⏰ 9:00 a 16:00 horas. 📍 Explanada del Palacio Municipal (edificios anexos A y B). Desde el Gobierno de Ciudad Naucalpan seguimos fortaleciendo la economía local y celebrando nuestras raíces. #AquiGobiernaLaEsperanza #Naucalpan #TianquiztliTlatilca","El Tianquiztli Tlatilca llega a Ciudad Naucalpan como un espacio donde las tradiciones, el sabor y el talento local se encuentran.🤩✨ Durante esta jornada, vecinas y vecinos podrán disfrutar de productos artesanales, gastronomía tradicional y un ambiente cultural y familiar, impulsando directamente a las y los productores y artesanos del municipio.🇲🇽 📅 12 y 13 de febrero de 2026. ⏰ 9:00 a 16:00 horas. 📍 Explanada del Palacio Municipal (edificios anexos A y B). Desde el Gobierno de Ciudad Naucalpan seguimos fortaleciendo la economía local y celebrando nuestras raíces. #AquiGobiernaLaEsperanza #Naucalpan #TianquiztliTlatilca",https://www.facebook.com/CiudadNaucalpan/posts/pfbid0uNoFppADaxTr9KAwVwFwkPxXpmnsYtGoVSa9TXk6gBs6YQmMcguQmw8g2RxPC6phl,https://www.facebook.com/CiudadNaucalpan/posts/pfbid0uNoFppADaxTr9KAwVwFwkPxXpmnsYtGoVSa9TXk6gBs6YQmMcguQmw8g2RxPC6phl,2026-02-10 11:31:51,2026-02-10,/home/emilio/Documentos/Naucalpan_Semanal_Reportes/Periodico/Enero_Mayo/2026-02-01_al_2026-02-15/Facebook/2026-02-01_al_2026-02-15_Facebook/2026-02-01_al_2026-02-15_Facebook_posts.csv
2026-02-01,2026-02-01_al_2026-02-15_Facebook,gobierno_naucalpan,Gobierno de Naucalpan,facebook,Facebook,post_facebook,ciudadnaucalpan,Ciudad Naucalpan / Gobierno Municipal 2025-2027.,,"Taller de Decoupage: Arte con Servilletas🎨✨ El Gobierno de Ciudad Naucalpan, a través del Instituto de las Mujeres Naucalpenses y la Igualdad Sustantiva (IMNIS), invita a la ciudadanía a participar en el Taller de Decoupage, una técnica artística que permite transformar objetos mediante el uso creativo de servilletas decorativas. 📅 Miércoles 11 de febrero ⏰ 10:00 a 11:30 horas 📍 Oficinas del IMNIS Av. Benito Juárez 39, Naucalpan. Este taller promueve la creatividad, el aprendizaje de nuevas habilidades y el fortalecimiento del desarrollo personal, impulsando espacios de convivencia y expresión artística en la comunidad. Seguimos trabajando para acercar actividades que fomenten el bienestar y la participación en Ciudad Naucalpan. #AquiGobiernaLaEsperanza #Naucalpan #IMNIS #Talleres","Taller de Decoupage: Arte con Servilletas🎨✨ El Gobierno de Ciudad Naucalpan, a través del Instituto de las Mujeres Naucalpenses y la Igualdad Sustantiva (IMNIS), invita a la ciudadanía a participar en el Taller de Decoupage, una técnica artística que permite transformar objetos mediante el uso creativo de servilletas decorativas. 📅 Miércoles 11 de febrero ⏰ 10:00 a 11:30 horas 📍 Oficinas del IMNIS Av. Benito Juárez 39, Naucalpan. Este taller promueve la creatividad, el aprendizaje de nuevas habilidades y el fortalecimiento del desarrollo personal, impulsando espacios de convivencia y expresión artística en la comunidad. Seguimos trabajando para acercar actividades que fomenten el bienestar y la participación en Ciudad Naucalpan. #AquiGobiernaLaEsperanza #Naucalpan #IMNIS #Talleres",https://www.facebook.com/CiudadNaucalpan/posts/pfbid02tt5L7XQRq8HmtQHfkxZXT1sWQBH1XbvJe411T1YaxX964F6rDv9DLxCij9ZMjEVyl,https://www.facebook.com/CiudadNaucalpan/posts/pfbid02tt5L7XQRq8HmtQHfkxZXT1sWQBH1XbvJe411T1YaxX964F6rDv9DLxCij9ZMjEVyl,2026-02-10 10:01:53,2026-02-10,/home/emilio/Documentos/Naucalpan_Semanal_Reportes/Periodico/Enero_Mayo/2026-02-01_al_2026-02-15/Facebook/2026-02-01_al_2026-02-15_Facebook/2026-02-01_al_2026-02-15_Facebook_posts.csv
2026-02-01,2026-02-01_al_2026-02-15_Facebook,gobierno_naucalpan,Gobierno de Naucalpan,facebook,Facebook,post_facebook,ciudadnaucalpan,Ciudad Naucalpan / Gobierno Municipal 2025-2027.,,"¿Sabías que…? ⚽🌍 En el Mundial de Francia 1998, la mascota oficial fue Footix, un gallo azul con cresta roja y pico amarillo. 🇫🇷 #AquiGobiernaLaEsperanza #HuellasDelMundial #Naucalpan","¿Sabías que…? ⚽🌍 En el Mundial de Francia 1998, la mascota oficial fue Footix, un gallo azul con cresta roja y pico amarillo. 🇫🇷 #AquiGobiernaLaEsperanza #HuellasDelMundial #Naucalpan",https://www.facebook.com/CiudadNaucalpan/posts/pfbid026GuYw6CrpyYTJBgirjxMrpz8TkgRPEQUyb1arYiPvJaijSkDvRYeXhwbTt6fspNtl,https://www.facebook.com/CiudadNaucalpan/posts/pfbid026GuYw6CrpyYTJBgirjxMrpz8TkgRPEQUyb1arYiPvJaijSkDvRYeXhwbTt6fspNtl,2026-02-10 08:03:43,2026-02-10,/home/emilio/Documentos/Naucalpan_Semanal_Reportes/Periodico/Enero_Mayo/2026-02-01_al_2026-02-15/Facebook/2026-02-01_al_2026-02-15_Facebook/2026-02-01_al_2026-02-15_Facebook_posts.csv
2026-02-01,2026-02-01_al_2026-02-15_Facebook,gobierno_naucalpan,Gobierno de Naucalpan,facebook,Facebook,post_facebook,guardiamunicipalciudadnaucalpan,Guardia Municipal Ciudad Naucalpan,,"Derivado de los recorridos de vigilancia y labores preventivas realizados por elementos de la Guardia Municipal, se logró la recuperación de una motocicleta en la colonia San Mateo.🚨 El vehículo fue localizado mediante el seguimiento de videovigilancia del C4 y, conforme a los protocolos de actuación policial, fue recuperado y entregado a su propietario, quien acreditó legalmente la posesión. Seguimos trabajando por la seguridad de las y los naucalpenses. #AquiGobiernaLaEsperanza #GuardiaMunicipal #Naucalpan #seguridad #ConTodaSeguridad","Derivado de los recorridos de vigilancia y labores preventivas realizados por elementos de la Guardia Municipal, se logró la recuperación de una motocicleta en la colonia San Mateo.🚨 El vehículo fue localizado mediante el seguimiento de videovigilancia del C4 y, conforme a los protocolos de actuación policial, fue recuperado y entregado a su propietario, quien acreditó legalmente la posesión. Seguimos trabajando por la seguridad de las y los naucalpenses. #AquiGobiernaLaEsperanza #GuardiaMunicipal #Naucalpan #seguridad #ConTodaSeguridad",https://www.facebook.com/reel/1247664793526026/,https://www.facebook.com/reel/1247664793526026/,2026-02-10 17:25:59,2026-02-10,/home/emilio/Documentos/Naucalpan_Semanal_Reportes/Periodico/Enero_Mayo/2026-02-01_al_2026-02-15/Facebook/2026-02-01_al_2026-02-15_Facebook/2026-02-01_al_2026-02-15_Facebook_posts.csv
2026-02-01,2026-02-01_al_2026-02-15_Facebook,gobierno_naucalpan,Gobierno de Naucalpan,facebook,Facebook,post_facebook,guardiamunicipalciudadnaucalpan,Guardia Municipal Ciudad Naucalpan,,"Las y los cadetes de la Guardia Municipal ya se encuentran en campo realizando recorridos de proximidad social, acercándose a la ciudadanía para escuchar, orientar y fortalecer la confianza comunitaria.🚔 Con estas iniciativas, seguimos formando servidoras y servidores públicos comprometidos con la seguridad y el bienestar de las familias de Ciudad Naucalpan. #AquiGobiernaLaEsperanza #GuardiaMunicipal #Naucalpan","Las y los cadetes de la Guardia Municipal ya se encuentran en campo realizando recorridos de proximidad social, acercándose a la ciudadanía para escuchar, orientar y fortalecer la confianza comunitaria.🚔 Con estas iniciativas, seguimos formando servidoras y servidores públicos comprometidos con la seguridad y el bienestar de las familias de Ciudad Naucalpan. #AquiGobiernaLaEsperanza #GuardiaMunicipal #Naucalpan",https://www.facebook.com/GuardiaMunicipalCiudadNaucalpan/posts/pfbid0cYZxwAaptYf4voGjDgS3ZhksY7eFuN5MS6uk4Ht3uw8fKPm9kPi66bzjj3wXMtCgl,https://www.facebook.com/GuardiaMunicipalCiudadNaucalpan/posts/pfbid0cYZxwAaptYf4voGjDgS3ZhksY7eFuN5MS6uk4Ht3uw8fKPm9kPi66bzjj3wXMtCgl,2026-02-10 14:06:31,2026-02-10,/home/emilio/Documentos/Naucalpan_Semanal_Reportes/Periodico/Enero_Mayo/2026-02-01_al_2026-02-15/Facebook/2026-02-01_al_2026-02-15_Facebook/2026-02-01_al_2026-02-15_Facebook_posts.csv
2026-02-01,2026-02-01_al_2026-02-15_Facebook,gobierno_naucalpan,Gobierno de Naucalpan,facebook,Facebook,post_facebook,ciudadnaucalpan,Ciudad Naucalpan / Gobierno Municipal 2025-2027.,,"¿Sabías que Ciudad Naucalpan fue parte de los Juegos Olímpicos de 1968? Durante aquella justa histórica, la prueba de ciclismo en ruta recorrió vialidades del municipio, pasando por las Torres de Satélite, como parte del trazado oficial que mostró al mundo la modernidad del Valle de México. En Ciudad Naucalpan, la historia y el presente del deporte se conectan. #AquiGobiernaLaEsperanza #Naucalpan","¿Sabías que Ciudad Naucalpan fue parte de los Juegos Olímpicos de 1968? Durante aquella justa histórica, la prueba de ciclismo en ruta recorrió vialidades del municipio, pasando por las Torres de Satélite, como parte del trazado oficial que mostró al mundo la modernidad del Valle de México. En Ciudad Naucalpan, la historia y el presente del deporte se conectan. #AquiGobiernaLaEsperanza #Naucalpan",https://www.facebook.com/reel/1216891240565893/,https://www.facebook.com/reel/1216891240565893/,2026-02-09 18:12:50,2026-02-09,/home/emilio/Documentos/Naucalpan_Semanal_Reportes/Periodico/Enero_Mayo/2026-02-01_al_2026-02-15/Facebook/2026-02-01_al_2026-02-15_Facebook/2026-02-01_al_2026-02-15_Facebook_posts.csv
2026-02-01,2026-02-01_al_2026-02-15_Facebook,gobierno_naucalpan,Gobierno de Naucalpan,facebook,Facebook,post_facebook,ciudadnaucalpan,Ciudad Naucalpan / Gobierno Municipal 2025-2027.,,"El Gobierno de Naucalpan invita al Taller de Globoflexia y Decorado con Globos (Nivel Básico), una actividad formativa dirigida a la comunidad interesada en aprender técnicas básicas de decoración con globos. 🎈 📅 Inicio del taller: 25 de febrero de 2026 ⏰ Horario: 10:00 a 12:00 horas 📆 Fechas: 25 y 27 de febrero; 4, 6, 11, 13, 18 y 20 de marzo 📍 Sede: Auditorio Isidro Fabela Calle Benito Juárez, Av. Benito Juárez 39, El Mirador, Naucalpan de Juárez. 👤 Impartido por: José Antonio Reyes Becerra 📝 Inscripciones: Subdirección de Cultura, Departamento de Fomento a las Bellas Artes. Del día de la publicación al 24 de febrero. Requisitos: copia del INE y comprobante de domicilio. 🎟️ Convocatoria gratuita. ✨ #AquiGobiernaLaEsperanza #Naucalpan #Cultura #Bienestar","El Gobierno de Naucalpan invita al Taller de Globoflexia y Decorado con Globos (Nivel Básico), una actividad formativa dirigida a la comunidad interesada en aprender técnicas básicas de decoración con globos. 🎈 📅 Inicio del taller: 25 de febrero de 2026 ⏰ Horario: 10:00 a 12:00 horas 📆 Fechas: 25 y 27 de febrero; 4, 6, 11, 13, 18 y 20 de marzo 📍 Sede: Auditorio Isidro Fabela Calle Benito Juárez, Av. Benito Juárez 39, El Mirador, Naucalpan de Juárez. 👤 Impartido por: José Antonio Reyes Becerra 📝 Inscripciones: Subdirección de Cultura, Departamento de Fomento a las Bellas Artes. Del día de la publicación al 24 de febrero. Requisitos: copia del INE y comprobante de domicilio. 🎟️ Convocatoria gratuita. ✨ #AquiGobiernaLaEsperanza #Naucalpan #Cultura #Bienestar",https://www.facebook.com/CiudadNaucalpan/posts/pfbid09hLpxZTX7Cd6xEpfAPpf8br9kBJk45RGYN7dUjefZuCS3ASRS9tmeue2iT1xhUz1l,https://www.facebook.com/CiudadNaucalpan/posts/pfbid09hLpxZTX7Cd6xEpfAPpf8br9kBJk45RGYN7dUjefZuCS3ASRS9tmeue2iT1xhUz1l,2026-02-09 15:01:42,2026-02-09,/home/emilio/Documentos/Naucalpan_Semanal_Reportes/Periodico/Enero_Mayo/2026-02-01_al_2026-02-15/Facebook/2026-02-01_al_2026-02-15_Facebook/2026-02-01_al_2026-02-15_Facebook_posts.csv
2026-02-01,2026-02-01_al_2026-02-15_Facebook,gobierno_naucalpan,Gobierno de Naucalpan,facebook,Facebook,post_facebook,ciudadnaucalpan,Ciudad Naucalpan / Gobierno Municipal 2025-2027.,,"El Gobierno de Ciudad Naucalpan, a través de la Secretaría del Ayuntamiento, convoca a las vecinas y vecinos a participar en la Séptima Sesión de Cabildo Abierto, un espacio de diálogo y participación ciudadana. 📅 Fecha, horario, sede, requisitos y bases de participación pueden consultarse directamente en las imágenes de esta publicación. 👉La participación ciudadana fortalece la vida democrática y permite construir acuerdos desde la voz del pueblo. #AquiGobiernaLaEsperanza #Naucalpan #CabildoAbierto #ParticipacionCiudadana","El Gobierno de Ciudad Naucalpan, a través de la Secretaría del Ayuntamiento, convoca a las vecinas y vecinos a participar en la Séptima Sesión de Cabildo Abierto, un espacio de diálogo y participación ciudadana. 📅 Fecha, horario, sede, requisitos y bases de participación pueden consultarse directamente en las imágenes de esta publicación. 👉La participación ciudadana fortalece la vida democrática y permite construir acuerdos desde la voz del pueblo. #AquiGobiernaLaEsperanza #Naucalpan #CabildoAbierto #ParticipacionCiudadana",https://www.facebook.com/CiudadNaucalpan/posts/pfbid02ASb5eMo1UAd1Vj6tQqRUDMqLTR62oVNwu5uzkHD4P2U2ikgctMuaTfQQoKi88yETl,https://www.facebook.com/CiudadNaucalpan/posts/pfbid02ASb5eMo1UAd1Vj6tQqRUDMqLTR62oVNwu5uzkHD4P2U2ikgctMuaTfQQoKi88yETl,2026-02-09 14:57:28,2026-02-09,/home/emilio/Documentos/Naucalpan_Semanal_Reportes/Periodico/Enero_Mayo/2026-02-01_al_2026-02-15/Facebook/2026-02-01_al_2026-02-15_Facebook/2026-02-01_al_2026-02-15_Facebook_posts.csv
2026-02-01,2026-02-01_al_2026-02-15_Facebook,gobierno_naucalpan,Gobierno de Naucalpan,facebook,Facebook,post_facebook,ciudadnaucalpan,Ciudad Naucalpan / Gobierno Municipal 2025-2027.,,"El Gobierno de Ciudad Naucalpan, encabezado por el Presidente Municipal Isaac Montoya Márquez, dio inicio a los trabajos de sustitución del Tanque de Agua Potable Chiluca, en Ciudad Brisa, como parte del plan de reingeniería hídrica del municipio.💧 La obra se ejecuta bajo un esquema de 50% recursos del Programa PRODDER y 50% recursos propios municipales, en coordinación con el Gobierno de México, el Gobierno del Estado de México, CONAGUA, OCAVM y OAPAS Naucalpan, y permitirá mejorar la distribución y la calidad del agua potable para más de 8 mil vecinas y vecinos, así como para comunidades aledañas como San Juan Totoltepec y Vista del Valle. El tanque Chiluca, con cerca de 60 años de antigüedad, operaba al 50% de su capacidad y presentaba filtraciones y fallas estructurales. Su sustitución integral garantizará un suministro más estable, reducirá fugas y contribuirá a disminuir la dependencia del Sistema Cutzamala, fortaleciendo las fuentes propias de abastecimiento. Con esta obra, el Gobierno de Ciudad Naucalpan avanza en la atención de infraestructura hidráulica prioritaria y en la garantía del derecho al agua para las familias naucalpenses. #AquiGobiernaLaEsperanza #Naucalpan #OAPAS #HuellasDeLaTransformacion","El Gobierno de Ciudad Naucalpan, encabezado por el Presidente Municipal Isaac Montoya Márquez, dio inicio a los trabajos de sustitución del Tanque de Agua Potable Chiluca, en Ciudad Brisa, como parte del plan de reingeniería hídrica del municipio.💧 La obra se ejecuta bajo un esquema de 50% recursos del Programa PRODDER y 50% recursos propios municipales, en coordinación con el Gobierno de México, el Gobierno del Estado de México, CONAGUA, OCAVM y OAPAS Naucalpan, y permitirá mejorar la distribución y la calidad del agua potable para más de 8 mil vecinas y vecinos, así como para comunidades aledañas como San Juan Totoltepec y Vista del Valle. El tanque Chiluca, con cerca de 60 años de antigüedad, operaba al 50% de su capacidad y presentaba filtraciones y fallas estructurales. Su sustitución integral garantizará un suministro más estable, reducirá fugas y contribuirá a disminuir la dependencia del Sistema Cutzamala, fortaleciendo las fuentes propias de abastecimiento. Con esta obra, el Gobierno de Ciudad Naucalpan avanza en la atención de infraestructura hidráulica prioritaria y en la garantía del derecho al agua para las familias naucalpenses. #AquiGobiernaLaEsperanza #Naucalpan #OAPAS #HuellasDeLaTransformacion",https://www.facebook.com/CiudadNaucalpan/posts/pfbid026oGTMS2Cv3AL7FmCYFRcWsPBVKRgaGFkEZ5b1zLaXbjEozxZLb7JJE3iL2pguweRl,https://www.facebook.com/CiudadNaucalpan/posts/pfbid026oGTMS2Cv3AL7FmCYFRcWsPBVKRgaGFkEZ5b1zLaXbjEozxZLb7JJE3iL2pguweRl,2026-02-09 14:35:37,2026-02-09,/home/emilio/Documentos/Naucalpan_Semanal_Reportes/Periodico/Enero_Mayo/2026-02-01_al_2026-02-15/Facebook/2026-02-01_al_2026-02-15_Facebook/2026-02-01_al_2026-02-15_Facebook_posts.csv
2026-02-01,2026-02-01_al_2026-02-15_Facebook,gobierno_naucalpan,Gobierno de Naucalpan,facebook,Facebook,post_facebook,ciudadnaucalpan,Ciudad Naucalpan / Gobierno Municipal 2025-2027.,,"Gracias a la estrategia Más Seguridad Edoméx, impulsada por el Gobierno del Estado de México y en coordinación con el C5, el robo de vehículos se redujo 39% entre diciembre de 2025 y enero de 2026.🚨 Desde el Gobierno de Naucalpan, seguimos sumando esfuerzos por la seguridad. #MasSeguridadEdomex #Edomex #Naucalpan #Seguridad","Gracias a la estrategia Más Seguridad Edoméx, impulsada por el Gobierno del Estado de México y en coordinación con el C5, el robo de vehículos se redujo 39% entre diciembre de 2025 y enero de 2026.🚨 Desde el Gobierno de Naucalpan, seguimos sumando esfuerzos por la seguridad. #MasSeguridadEdomex #Edomex #Naucalpan #Seguridad",https://www.facebook.com/CiudadNaucalpan/posts/pfbid074fdoELbFGiXVzxFuG7FKZKmQo8AjxyUtpz8a2XD3xBNvSELNzxieyxSTwwfyWaNl,https://www.facebook.com/CiudadNaucalpan/posts/pfbid074fdoELbFGiXVzxFuG7FKZKmQo8AjxyUtpz8a2XD3xBNvSELNzxieyxSTwwfyWaNl,2026-02-09 13:34:41,2026-02-09,/home/emilio/Documentos/Naucalpan_Semanal_Reportes/Periodico/Enero_Mayo/2026-02-01_al_2026-02-15/Facebook/2026-02-01_al_2026-02-15_Facebook/2026-02-01_al_2026-02-15_Facebook_posts.csv
2026-02-01,2026-02-01_al_2026-02-15_Facebook,gobierno_naucalpan,Gobierno de Naucalpan,facebook,Facebook,post_facebook,ciudadnaucalpan,Ciudad Naucalpan / Gobierno Municipal 2025-2027.,,"Junta Municipal de Reclutamiento | #SMN📌🇲🇽 El Gobierno de Ciudad #Naucalpan, en coordinación con SEDENA, informa a los jóvenes Clase 2008 y remisos sobre el trámite del Servicio Militar Nacional. ℹ️ Consulta requisitos y documentos en la imagen. #AquiGobiernaLaEsperanza","Junta Municipal de Reclutamiento | #SMN📌🇲🇽 El Gobierno de Ciudad #Naucalpan, en coordinación con SEDENA, informa a los jóvenes Clase 2008 y remisos sobre el trámite del Servicio Militar Nacional. ℹ️ Consulta requisitos y documentos en la imagen. #AquiGobiernaLaEsperanza",https://www.facebook.com/CiudadNaucalpan/posts/pfbid022j9vJ2eMwagHUKp3kuKZq4riKhWxdT1yKxdtAHebotAFg3yfYzrUESF6BbTwgNvBl,https://www.facebook.com/CiudadNaucalpan/posts/pfbid022j9vJ2eMwagHUKp3kuKZq4riKhWxdT1yKxdtAHebotAFg3yfYzrUESF6BbTwgNvBl,2026-02-09 09:04:52,2026-02-09,/home/emilio/Documentos/Naucalpan_Semanal_Reportes/Periodico/Enero_Mayo/2026-02-01_al_2026-02-15/Facebook/2026-02-01_al_2026-02-15_Facebook/2026-02-01_al_2026-02-15_Facebook_posts.csv
2026-02-01,2026-02-01_al_2026-02-15_Facebook,gobierno_naucalpan,Gobierno de Naucalpan,facebook,Facebook,post_facebook,guardiamunicipalciudadnaucalpan,Guardia Municipal Ciudad Naucalpan,,"La Guardia Municipal se fortalece con la salida a campo de 100 elementos académicos, quienes concluyeron 1,080 horas de formación inicial, conforme a lo establecido en el programa de capacitación.🚔 Las y los nuevos elementos realizarán labores de proximidad social en los distintos sectores y cuadrantes del municipio, fortaleciendo el vínculo entre vecinas, vecinos y autoridades, con el objetivo de servir con profesionalismo, compromiso y vocación de servicio. La seguridad la construimos todas y todos. #AquiGobiernaLaEsperanza #GuardiaMunicipal #Naucalpan","La Guardia Municipal se fortalece con la salida a campo de 100 elementos académicos, quienes concluyeron 1,080 horas de formación inicial, conforme a lo establecido en el programa de capacitación.🚔 Las y los nuevos elementos realizarán labores de proximidad social en los distintos sectores y cuadrantes del municipio, fortaleciendo el vínculo entre vecinas, vecinos y autoridades, con el objetivo de servir con profesionalismo, compromiso y vocación de servicio. La seguridad la construimos todas y todos. #AquiGobiernaLaEsperanza #GuardiaMunicipal #Naucalpan",https://www.facebook.com/GuardiaMunicipalCiudadNaucalpan/posts/pfbid02ujz2cugLFu5VvemC9fzz3dFUb2MALntUeshRS6C9yhgco337cAjpyT8cbUa6oYDcl,https://www.facebook.com/GuardiaMunicipalCiudadNaucalpan/posts/pfbid02ujz2cugLFu5VvemC9fzz3dFUb2MALntUeshRS6C9yhgco337cAjpyT8cbUa6oYDcl,2026-02-09 18:28:26,2026-02-09,/home/emilio/Documentos/Naucalpan_Semanal_Reportes/Periodico/Enero_Mayo/2026-02-01_al_2026-02-15/Facebook/2026-02-01_al_2026-02-15_Facebook/2026-02-01_al_2026-02-15_Facebook_posts.csv
2026-02-01,2026-02-01_al_2026-02-15_Facebook,gobierno_naucalpan,Gobierno de Naucalpan,facebook,Facebook,post_facebook,guardiamunicipalciudadnaucalpan,Guardia Municipal Ciudad Naucalpan,,"La Policía Ética acompaña y vigila el actuar del personal de Movilidad Segura para garantizar un desempeño legal, transparente y con respeto a la ciudadanía.🚔 En Ciudad Naucalpan, la seguridad se ejerce con ética y responsabilidad. #AquiGobiernaLaEsperanza #GuardiaMunicipal #Naucalpan #PoliciaEtica #MovilidadSegura","La Policía Ética acompaña y vigila el actuar del personal de Movilidad Segura para garantizar un desempeño legal, transparente y con respeto a la ciudadanía.🚔 En Ciudad Naucalpan, la seguridad se ejerce con ética y responsabilidad. #AquiGobiernaLaEsperanza #GuardiaMunicipal #Naucalpan #PoliciaEtica #MovilidadSegura",https://www.facebook.com/reel/1566990837683834/,https://www.facebook.com/reel/1566990837683834/,2026-02-09 09:02:38,2026-02-09,/home/emilio/Documentos/Naucalpan_Semanal_Reportes/Periodico/Enero_Mayo/2026-02-01_al_2026-02-15/Facebook/2026-02-01_al_2026-02-15_Facebook/2026-02-01_al_2026-02-15_Facebook_posts.csv
2026-02-01,2026-02-01_al_2026-02-15_Facebook,gobierno_naucalpan,Gobierno de Naucalpan,facebook,Facebook,post_facebook,ciudadnaucalpan,Ciudad Naucalpan / Gobierno Municipal 2025-2027.,,"Taller de Gelish | Efecto Ojo de Gato💅 El Gobierno de Ciudad Naucalpan invita a las mujeres del municipio a participar en el Taller de Gelish: Efecto Ojo de Gato, una actividad formativa que impulsa el autoempleo y el desarrollo de habilidades productivas. 🗓 Martes 10 de febrero ⏰ 10:00 a 12:00 horas 📍 Oficinas del IMNIS Av. Juárez No. 39, Fracc. El Mirador, Naucalpan de Juárez 📞 Informes: 55 8789 5483 📌 Consulta todos los detalles en la imagen. Seguimos trabajando para generar más oportunidades de capacitación para las mujeres de Naucalpan. #AquiGobiernaLaEsperanza #Naucalpan #IMNIS #Mujeres","Taller de Gelish | Efecto Ojo de Gato💅 El Gobierno de Ciudad Naucalpan invita a las mujeres del municipio a participar en el Taller de Gelish: Efecto Ojo de Gato, una actividad formativa que impulsa el autoempleo y el desarrollo de habilidades productivas. 🗓 Martes 10 de febrero ⏰ 10:00 a 12:00 horas 📍 Oficinas del IMNIS Av. Juárez No. 39, Fracc. El Mirador, Naucalpan de Juárez 📞 Informes: 55 8789 5483 📌 Consulta todos los detalles en la imagen. Seguimos trabajando para generar más oportunidades de capacitación para las mujeres de Naucalpan. #AquiGobiernaLaEsperanza #Naucalpan #IMNIS #Mujeres",https://www.facebook.com/CiudadNaucalpan/posts/pfbid0xunXMDoC8tA3b79XgvUZZDuwb6miqbfhm8XckXkmYvXK11G3bzjqCiK3jaE1PYv1l,https://www.facebook.com/CiudadNaucalpan/posts/pfbid0xunXMDoC8tA3b79XgvUZZDuwb6miqbfhm8XckXkmYvXK11G3bzjqCiK3jaE1PYv1l,2026-02-08 21:01:28,2026-02-08,/home/emilio/Documentos/Naucalpan_Semanal_Reportes/Periodico/Enero_Mayo/2026-02-01_al_2026-02-15/Facebook/2026-02-01_al_2026-02-15_Facebook/2026-02-01_al_2026-02-15_Facebook_posts.csv
2026-02-01,2026-02-01_al_2026-02-15_Facebook,gobierno_naucalpan,Gobierno de Naucalpan,facebook,Facebook,post_facebook,ciudadnaucalpan,Ciudad Naucalpan / Gobierno Municipal 2025-2027.,,"Taller Facial y Spa de Manos💆‍♀️✨ El Gobierno de Ciudad Naucalpan invita a participar en este espacio de cuidado personal y bienestar, dirigido a mujeres. 📅 Martes 17 de febrero ⏰ 12:00 a 13:30 horas 📍 Oficinas del IMNIS Av. Juárez No. 39, Fracc. El Mirador, Naucalpan de Juárez 📞 Informes: 55 8789 5483 #AquiGobiernaLaEsperanza #Naucalpan #IMNIS","Taller Facial y Spa de Manos💆‍♀️✨ El Gobierno de Ciudad Naucalpan invita a participar en este espacio de cuidado personal y bienestar, dirigido a mujeres. 📅 Martes 17 de febrero ⏰ 12:00 a 13:30 horas 📍 Oficinas del IMNIS Av. Juárez No. 39, Fracc. El Mirador, Naucalpan de Juárez 📞 Informes: 55 8789 5483 #AquiGobiernaLaEsperanza #Naucalpan #IMNIS",https://www.facebook.com/CiudadNaucalpan/posts/pfbid02Rcbyih647MTdDcCM3zWSrGydbk96E6U1iXBdDnJmMyUzG4HVxxSjYTiV1NxdNr9ml,https://www.facebook.com/CiudadNaucalpan/posts/pfbid02Rcbyih647MTdDcCM3zWSrGydbk96E6U1iXBdDnJmMyUzG4HVxxSjYTiV1NxdNr9ml,2026-02-08 17:01:27,2026-02-08,/home/emilio/Documentos/Naucalpan_Semanal_Reportes/Periodico/Enero_Mayo/2026-02-01_al_2026-02-15/Facebook/2026-02-01_al_2026-02-15_Facebook/2026-02-01_al_2026-02-15_Facebook_posts.csv
2026-02-01,2026-02-01_al_2026-02-15_Facebook,gobierno_naucalpan,Gobierno de Naucalpan,facebook,Facebook,post_facebook,ciudadnaucalpan,Ciudad Naucalpan / Gobierno Municipal 2025-2027.,,"El Gobierno de Ciudad Naucalpan, a través del Instituto de las Mujeres Naucalpenses y la Igualdad Sustantiva, impulsa iniciativas que fortalecen la autonomía y el desarrollo personal de las mujeres.💜 Como parte de este esfuerzo, se pone a disposición un vale de descuento para las beneficiarias del programa Academia / Estudio de Belleza, en la Academia de Belleza Elizabeth Ibarra, orientado a la formación profesional en cuidado personal y estética. Este apoyo busca ampliar oportunidades de capacitación, promover el bienestar y acompañar los proyectos de vida de las mujeres naucalpenses. 📌 Consulta los detalles directamente en la imagen. #AquiGobiernaLaEsperanza #Naucalpan #Mujeres #IgualdadSustantiva #Bienestar","El Gobierno de Ciudad Naucalpan, a través del Instituto de las Mujeres Naucalpenses y la Igualdad Sustantiva, impulsa iniciativas que fortalecen la autonomía y el desarrollo personal de las mujeres.💜 Como parte de este esfuerzo, se pone a disposición un vale de descuento para las beneficiarias del programa Academia / Estudio de Belleza, en la Academia de Belleza Elizabeth Ibarra, orientado a la formación profesional en cuidado personal y estética. Este apoyo busca ampliar oportunidades de capacitación, promover el bienestar y acompañar los proyectos de vida de las mujeres naucalpenses. 📌 Consulta los detalles directamente en la imagen. #AquiGobiernaLaEsperanza #Naucalpan #Mujeres #IgualdadSustantiva #Bienestar",https://www.facebook.com/CiudadNaucalpan/posts/pfbid027nvuUSXD6WRm6sffHbWBsNBz13RZRvbsoxTu3uWBtutAUmoLt93rN8KevASuwE3cl,https://www.facebook.com/CiudadNaucalpan/posts/pfbid027nvuUSXD6WRm6sffHbWBsNBz13RZRvbsoxTu3uWBtutAUmoLt93rN8KevASuwE3cl,2026-02-08 12:30:38,2026-02-08,/home/emilio/Documentos/Naucalpan_Semanal_Reportes/Periodico/Enero_Mayo/2026-02-01_al_2026-02-15/Facebook/2026-02-01_al_2026-02-15_Facebook/2026-02-01_al_2026-02-15_Facebook_posts.csv
2026-02-01,2026-02-01_al_2026-02-15_Facebook,gobierno_naucalpan,Gobierno de Naucalpan,facebook,Facebook,post_facebook,ciudadnaucalpan,Ciudad Naucalpan / Gobierno Municipal 2025-2027.,,"Cartelera Cultural y de Actividades de la Casa de la Cultura Chamapa.🎸🎨✨ A lo largo de la semana y los fines de semana, se ofrecen talleres, clases y servicios pensados para fortalecer el bienestar, el aprendizaje y la convivencia comunitaria: actividades culturales, educativas, artísticas, deportivas y de salud, para niñas, niños, jóvenes y personas adultas.🤸‍♀️ 📍 Consulta horarios, días y detalles de cada actividad directamente en la imagen. 📞 Para más información, los datos de contacto también se encuentran en la cartelera. Desde el Gobierno de Naucalpan seguimos impulsando espacios que acercan la cultura, el conocimiento y el bienestar a nuestras comunidades. #AquiGobiernaLaEsperanza #Naucalpan #Cultura #Bienestar","Cartelera Cultural y de Actividades de la Casa de la Cultura Chamapa.🎸🎨✨ A lo largo de la semana y los fines de semana, se ofrecen talleres, clases y servicios pensados para fortalecer el bienestar, el aprendizaje y la convivencia comunitaria: actividades culturales, educativas, artísticas, deportivas y de salud, para niñas, niños, jóvenes y personas adultas.🤸‍♀️ 📍 Consulta horarios, días y detalles de cada actividad directamente en la imagen. 📞 Para más información, los datos de contacto también se encuentran en la cartelera. Desde el Gobierno de Naucalpan seguimos impulsando espacios que acercan la cultura, el conocimiento y el bienestar a nuestras comunidades. #AquiGobiernaLaEsperanza #Naucalpan #Cultura #Bienestar",https://www.facebook.com/CiudadNaucalpan/posts/pfbid02cXNFgx2F5wasv8ZRxsPBYtUw2RgkdzJBz8r35CD4NeeR67m8K3jfYDh689F88dkql,https://www.facebook.com/CiudadNaucalpan/posts/pfbid02cXNFgx2F5wasv8ZRxsPBYtUw2RgkdzJBz8r35CD4NeeR67m8K3jfYDh689F88dkql,2026-02-08 12:25:31,2026-02-08,/home/emilio/Documentos/Naucalpan_Semanal_Reportes/Periodico/Enero_Mayo/2026-02-01_al_2026-02-15/Facebook/2026-02-01_al_2026-02-15_Facebook/2026-02-01_al_2026-02-15_Facebook_posts.csv
2026-02-01,2026-02-01_al_2026-02-15_Facebook,gobierno_naucalpan,Gobierno de Naucalpan,facebook,Facebook,post_facebook,ciudadnaucalpan,Ciudad Naucalpan / Gobierno Municipal 2025-2027.,,"Círculo Juvenil Literario y de Cine “La Cuarta Dimensión”📚🎬 El Gobierno de Ciudad Naucalpan, a través de la Dirección de Bienestar e Inclusión Social y el Instituto de las Juventudes Naucalpenses, impulsa este espacio de reflexión, participación y diversión dirigido a las juventudes, donde la literatura y el cine se convierten en herramientas para el diálogo y el pensamiento crítico. 🗓 22 y 29 de enero | 5 y 9 de febrero ⏰ 10:30 a 12:30 horas 📍 Oficinas del Instituto de las Juventudes Naucalpenses Av. Universidad S/N, Las Américas, Naucalpan de Juárez. 📞 Informes: 55 7814 4783 ✉️ belem.hernandez@naucalpan.gob.mx #AquiGobiernaLaEsperanza #Naucalpan #BienestarEInclusiónSocial","Círculo Juvenil Literario y de Cine “La Cuarta Dimensión”📚🎬 El Gobierno de Ciudad Naucalpan, a través de la Dirección de Bienestar e Inclusión Social y el Instituto de las Juventudes Naucalpenses, impulsa este espacio de reflexión, participación y diversión dirigido a las juventudes, donde la literatura y el cine se convierten en herramientas para el diálogo y el pensamiento crítico. 🗓 22 y 29 de enero | 5 y 9 de febrero ⏰ 10:30 a 12:30 horas 📍 Oficinas del Instituto de las Juventudes Naucalpenses Av. Universidad S/N, Las Américas, Naucalpan de Juárez. 📞 Informes: 55 7814 4783 ✉️ belem.hernandez@naucalpan.gob.mx #AquiGobiernaLaEsperanza #Naucalpan #BienestarEInclusiónSocial",https://www.facebook.com/CiudadNaucalpan/posts/pfbid027f4qurBSFZ4HGoUq56bnSETm2BtSTrba6RQ9XCPtSrm9W1djiDdthqcwz58nxod7l,https://www.facebook.com/CiudadNaucalpan/posts/pfbid027f4qurBSFZ4HGoUq56bnSETm2BtSTrba6RQ9XCPtSrm9W1djiDdthqcwz58nxod7l,2026-02-08 08:01:28,2026-02-08,/home/emilio/Documentos/Naucalpan_Semanal_Reportes/Periodico/Enero_Mayo/2026-02-01_al_2026-02-15/Facebook/2026-02-01_al_2026-02-15_Facebook/2026-02-01_al_2026-02-15_Facebook_posts.csv
2026-02-01,2026-02-01_al_2026-02-15_Facebook,gobierno_naucalpan,Gobierno de Naucalpan,facebook,Facebook,post_facebook,ciudadnaucalpan,Ciudad Naucalpan / Gobierno Municipal 2025-2027.,,"¿Sabías qué? ⚽🌍 Striker fue la mascota oficial del Mundial de Estados Unidos 1994. Se trató de un perro futbolero con uniforme rojo, blanco y azul, creado para acercar el fútbol a nuevas audiencias y reforzar la identidad del torneo. #AquiGobiernaLaEsperanza #HuellasDelMundial #Naucalpan","¿Sabías qué? ⚽🌍 Striker fue la mascota oficial del Mundial de Estados Unidos 1994. Se trató de un perro futbolero con uniforme rojo, blanco y azul, creado para acercar el fútbol a nuevas audiencias y reforzar la identidad del torneo. #AquiGobiernaLaEsperanza #HuellasDelMundial #Naucalpan",https://www.facebook.com/CiudadNaucalpan/posts/pfbid0qwvjAzRis8z8qY2AAQ3QbFcdvpFQMuEt25Wycp9siZNWeLDJjfD426h5zXo8BZTfl,https://www.facebook.com/CiudadNaucalpan/posts/pfbid0qwvjAzRis8z8qY2AAQ3QbFcdvpFQMuEt25Wycp9siZNWeLDJjfD426h5zXo8BZTfl,2026-02-08 07:01:29,2026-02-08,/home/emilio/Documentos/Naucalpan_Semanal_Reportes/Periodico/Enero_Mayo/2026-02-01_al_2026-02-15/Facebook/2026-02-01_al_2026-02-15_Facebook/2026-02-01_al_2026-02-15_Facebook_posts.csv
2026-02-01,2026-02-01_al_2026-02-15_Facebook,gobierno_naucalpan,Gobierno de Naucalpan,facebook,Facebook,post_facebook,guardiamunicipalciudadnaucalpan,Guardia Municipal Ciudad Naucalpan,,Detenido por posible abuso sexual en Lomas de Sotelo🚨 #AquiGobiernaLaEsperanza #GuardiaMunicipal #Naucalpan #Seguridad,Detenido por posible abuso sexual en Lomas de Sotelo🚨 #AquiGobiernaLaEsperanza #GuardiaMunicipal #Naucalpan #Seguridad,https://www.facebook.com/reel/1228800485894056/,https://www.facebook.com/reel/1228800485894056/,2026-02-08 22:25:44,2026-02-08,/home/emilio/Documentos/Naucalpan_Semanal_Reportes/Periodico/Enero_Mayo/2026-02-01_al_2026-02-15/Facebook/2026-02-01_al_2026-02-15_Facebook/2026-02-01_al_2026-02-15_Facebook_posts.csv
2026-02-01,2026-02-01_al_2026-02-15_Facebook,gobierno_naucalpan,Gobierno de Naucalpan,facebook,Facebook,post_facebook,ciudadnaucalpan,Ciudad Naucalpan / Gobierno Municipal 2025-2027.,,"El Gobierno de Ciudad Naucalpan informa a la comunidad estudiantil sobre los Cursos de Nivelación de Febrero de la Universidad Nacional Rosario Castellanos (UNRC), dirigidos a estudiantes de nuevo ingreso de la carrera de Inteligencia Artificial. 📅 Fechas: 9, 10, 11, 12, 13, 16, 17, 18, 19, 20, 23, 24, 25, 26 y 27 de febrero ⏰ Horario: 12:00 a 16:00 horas 📍 Sede: Plantel Naucalpan 🚌 Transporte disponible con salidas desde Metro Cuatro Caminos y Arcos de los Remedios a las 11:00 horas, y regreso al punto de salida a las 16:00 horas. Estas iniciativas fortalecen la preparación académica y el desarrollo profesional de las y los jóvenes naucalpenses. #AquiGobiernaLaEsperanza #Naucalpan #UNRC #Educacion","El Gobierno de Ciudad Naucalpan informa a la comunidad estudiantil sobre los Cursos de Nivelación de Febrero de la Universidad Nacional Rosario Castellanos (UNRC), dirigidos a estudiantes de nuevo ingreso de la carrera de Inteligencia Artificial. 📅 Fechas: 9, 10, 11, 12, 13, 16, 17, 18, 19, 20, 23, 24, 25, 26 y 27 de febrero ⏰ Horario: 12:00 a 16:00 horas 📍 Sede: Plantel Naucalpan 🚌 Transporte disponible con salidas desde Metro Cuatro Caminos y Arcos de los Remedios a las 11:00 horas, y regreso al punto de salida a las 16:00 horas. Estas iniciativas fortalecen la preparación académica y el desarrollo profesional de las y los jóvenes naucalpenses. #AquiGobiernaLaEsperanza #Naucalpan #UNRC #Educacion",https://www.facebook.com/CiudadNaucalpan/posts/pfbid02aM1bnTnzxem1mkBPzN4BDSzWAs1eyNuHuH9zRsf4StHkESLrT9bn8uvjj1hLuWFUl,https://www.facebook.com/CiudadNaucalpan/posts/pfbid02aM1bnTnzxem1mkBPzN4BDSzWAs1eyNuHuH9zRsf4StHkESLrT9bn8uvjj1hLuWFUl,2026-02-07 19:01:36,2026-02-07,/home/emilio/Documentos/Naucalpan_Semanal_Reportes/Periodico/Enero_Mayo/2026-02-01_al_2026-02-15/Facebook/2026-02-01_al_2026-02-15_Facebook/2026-02-01_al_2026-02-15_Facebook_posts.csv
2026-02-01,2026-02-01_al_2026-02-15_Facebook,gobierno_naucalpan,Gobierno de Naucalpan,facebook,Facebook,post_facebook,ciudadnaucalpan,Ciudad Naucalpan / Gobierno Municipal 2025-2027.,,"El Gobierno de Ciudad Naucalpan, encabezado por el Presidente Municipal Isaac Montoya, regresó al Parque La Punta, en la colonia Alfredo del Mazo, para cumplir un compromiso con la comunidad y recuperar este espacio público. ✨ A través de Huellas de la Transformación, se realizaron trabajos de iluminación, rescate de canchas y juegos, así como labores de limpieza, devolviendo el parque a niñas, niños, jóvenes y familias. 🌱 Así se transforma Ciudad Naucalpan: desde el territorio y en coordinación con la comunidad. Seguimos devolviendo el brillo a nuestras colonias. ✨ #AquiGobiernaLaEsperanza #Naucalpan #HuellasDeLaTransformacion","El Gobierno de Ciudad Naucalpan, encabezado por el Presidente Municipal Isaac Montoya, regresó al Parque La Punta, en la colonia Alfredo del Mazo, para cumplir un compromiso con la comunidad y recuperar este espacio público. ✨ A través de Huellas de la Transformación, se realizaron trabajos de iluminación, rescate de canchas y juegos, así como labores de limpieza, devolviendo el parque a niñas, niños, jóvenes y familias. 🌱 Así se transforma Ciudad Naucalpan: desde el territorio y en coordinación con la comunidad. Seguimos devolviendo el brillo a nuestras colonias. ✨ #AquiGobiernaLaEsperanza #Naucalpan #HuellasDeLaTransformacion",https://www.facebook.com/reel/1680123543366052/,https://www.facebook.com/reel/1680123543366052/,2026-02-07 17:02:31,2026-02-07,/home/emilio/Documentos/Naucalpan_Semanal_Reportes/Periodico/Enero_Mayo/2026-02-01_al_2026-02-15/Facebook/2026-02-01_al_2026-02-15_Facebook/2026-02-01_al_2026-02-15_Facebook_posts.csv
2026-02-01,2026-02-01_al_2026-02-15_Facebook,gobierno_naucalpan,Gobierno de Naucalpan,facebook,Facebook,post_facebook,ciudadnaucalpan,Ciudad Naucalpan / Gobierno Municipal 2025-2027.,,"Resultados que fortalecen la seguridad en Ciudad Naucalpan🚨 Durante 2025 se registró una disminución significativa en diversos delitos de alto impacto, como extorsión, homicidio doloso, robo de vehículo, robo con violencia, delitos sexuales y otros ilícitos que afectan directamente la tranquilidad de las familias. Estos resultados reflejan el trabajo permanente en territorio, la coordinación interinstitucional y el fortalecimiento de la Guardia Municipal, con una estrategia enfocada en la prevención, la proximidad social y la atención oportuna. Seguimos trabajando todos los días para construir un municipio más seguro. #AquiGobiernaLaEsperanza #Naucalpan #GuardiaMunicipal #Seguridad #SSEM #mexico #Edomex","Resultados que fortalecen la seguridad en Ciudad Naucalpan🚨 Durante 2025 se registró una disminución significativa en diversos delitos de alto impacto, como extorsión, homicidio doloso, robo de vehículo, robo con violencia, delitos sexuales y otros ilícitos que afectan directamente la tranquilidad de las familias. Estos resultados reflejan el trabajo permanente en territorio, la coordinación interinstitucional y el fortalecimiento de la Guardia Municipal, con una estrategia enfocada en la prevención, la proximidad social y la atención oportuna. Seguimos trabajando todos los días para construir un municipio más seguro. #AquiGobiernaLaEsperanza #Naucalpan #GuardiaMunicipal #Seguridad #SSEM #mexico #Edomex",https://www.facebook.com/CiudadNaucalpan/posts/pfbid02z5iMRHywzHwXK6W5bR8tp7rwwHUpx5VmijrP9yYs77EUbLw8yvkNhwaugDbPtCq3l,https://www.facebook.com/CiudadNaucalpan/posts/pfbid02z5iMRHywzHwXK6W5bR8tp7rwwHUpx5VmijrP9yYs77EUbLw8yvkNhwaugDbPtCq3l,2026-02-07 16:51:37,2026-02-07,/home/emilio/Documentos/Naucalpan_Semanal_Reportes/Periodico/Enero_Mayo/2026-02-01_al_2026-02-15/Facebook/2026-02-01_al_2026-02-15_Facebook/2026-02-01_al_2026-02-15_Facebook_posts.csv
2026-02-01,2026-02-01_al_2026-02-15_Facebook,gobierno_naucalpan,Gobierno de Naucalpan,facebook,Facebook,post_facebook,ciudadnaucalpan,Ciudad Naucalpan / Gobierno Municipal 2025-2027.,,"El Gobierno de Ciudad Naucalpan, a través del Instituto de las Mujeres Naucalpenses y la Igualdad Sustantiva, invita al Bazar de San Valentín de Mujeres Emprendedoras Naucalpenses, un espacio para impulsar el talento, el emprendimiento y la autonomía económica de las mujeres.❤️ 🗓️ Viernes 13 de febrero ⏰ 10:00 a 16:00 horas 📍 Patio Central del Palacio Municipal Av. Juárez No. 39, Fracc. El Mirador, Naucalpan de Juárez. 📞 Informes: 55 8789 5483 Durante la jornada se contará con un calendario de actividades que incluye presentación musical, inauguración, plática financiera, curso de primeros auxilios, taller de chocolatería y clase de zumba con cierre. Seguimos generando espacios que fortalecen el emprendimiento, la participación y el bienestar de las mujeres naucalpenses. #AquiGobiernaLaEsperanza #Naucalpan #Mujeres #Emprendimiento #SanValentín","El Gobierno de Ciudad Naucalpan, a través del Instituto de las Mujeres Naucalpenses y la Igualdad Sustantiva, invita al Bazar de San Valentín de Mujeres Emprendedoras Naucalpenses, un espacio para impulsar el talento, el emprendimiento y la autonomía económica de las mujeres.❤️ 🗓️ Viernes 13 de febrero ⏰ 10:00 a 16:00 horas 📍 Patio Central del Palacio Municipal Av. Juárez No. 39, Fracc. El Mirador, Naucalpan de Juárez. 📞 Informes: 55 8789 5483 Durante la jornada se contará con un calendario de actividades que incluye presentación musical, inauguración, plática financiera, curso de primeros auxilios, taller de chocolatería y clase de zumba con cierre. Seguimos generando espacios que fortalecen el emprendimiento, la participación y el bienestar de las mujeres naucalpenses. #AquiGobiernaLaEsperanza #Naucalpan #Mujeres #Emprendimiento #SanValentín",https://www.facebook.com/CiudadNaucalpan/posts/pfbid02kJBmuZZuPs5RioqgQbrNfhZcLCu5ghwm7xmnZzQJ8GLeKQqWeWPXh1r3DnYcrJ8Yl,https://www.facebook.com/CiudadNaucalpan/posts/pfbid02kJBmuZZuPs5RioqgQbrNfhZcLCu5ghwm7xmnZzQJ8GLeKQqWeWPXh1r3DnYcrJ8Yl,2026-02-07 08:01:35,2026-02-07,/home/emilio/Documentos/Naucalpan_Semanal_Reportes/Periodico/Enero_Mayo/2026-02-01_al_2026-02-15/Facebook/2026-02-01_al_2026-02-15_Facebook/2026-02-01_al_2026-02-15_Facebook_posts.csv
2026-02-01,2026-02-01_al_2026-02-15_Facebook,gobierno_naucalpan,Gobierno de Naucalpan,facebook,Facebook,post_facebook,ciudadnaucalpan,Ciudad Naucalpan / Gobierno Municipal 2025-2027.,,"¿Sabías qué? ⚽🌍 Ciao fue la mascota oficial del Mundial de Italia 1990. Destacó por su diseño geométrico con los colores de la bandera italiana y un balón como cabeza, marcando un estilo moderno e innovador en las Copas del Mundo. #AquiGobiernaLaEsperanza #HuellasDelMundial #Naucalpan","¿Sabías qué? ⚽🌍 Ciao fue la mascota oficial del Mundial de Italia 1990. Destacó por su diseño geométrico con los colores de la bandera italiana y un balón como cabeza, marcando un estilo moderno e innovador en las Copas del Mundo. #AquiGobiernaLaEsperanza #HuellasDelMundial #Naucalpan",https://www.facebook.com/CiudadNaucalpan/posts/pfbid029U1yMNqkaQFPeqNXhzndTYbMSGhLBBDeA1cAZ8V7FnYnUXAvTjVaD3nw1gEnSXHQl,https://www.facebook.com/CiudadNaucalpan/posts/pfbid029U1yMNqkaQFPeqNXhzndTYbMSGhLBBDeA1cAZ8V7FnYnUXAvTjVaD3nw1gEnSXHQl,2026-02-07 07:01:30,2026-02-07,/home/emilio/Documentos/Naucalpan_Semanal_Reportes/Periodico/Enero_Mayo/2026-02-01_al_2026-02-15/Facebook/2026-02-01_al_2026-02-15_Facebook/2026-02-01_al_2026-02-15_Facebook_posts.csv
2026-02-01,2026-02-01_al_2026-02-15_Facebook,gobierno_naucalpan,Gobierno de Naucalpan,facebook,Facebook,post_facebook,guardiamunicipalciudadnaucalpan,Guardia Municipal Ciudad Naucalpan,,"Detenidos por daños al municipio y portación de arma prohibida, en Vista del Valle 🚨👮🏻‍♂️ Durante un recorrido de vigilancia, elementos de la Guardia Municipal identificaron un vehículo que, al percatarse de la presencia policial, intentó darse a la fuga, impactándose contra una unidad oficial. Al realizar la inspección correspondiente, se localizó una réplica de arma de fuego y una herramienta conocida como cizalla, por lo que se procedió a la detención conforme a los protocolos establecidos. Las personas fueron puestas a disposición del Agente del Ministerio Público de la Fiscalía Regional en Naucalpan, autoridad que determinará su situación jurídica. La Guardia Municipal reitera su compromiso de actuar con firmeza para proteger la seguridad, el orden y la legalidad en el municipio. #AquiGobiernaLaEsperanza #GuardiaMunicipal #Naucalpan #Seguridad","Detenidos por daños al municipio y portación de arma prohibida, en Vista del Valle 🚨👮🏻‍♂️ Durante un recorrido de vigilancia, elementos de la Guardia Municipal identificaron un vehículo que, al percatarse de la presencia policial, intentó darse a la fuga, impactándose contra una unidad oficial. Al realizar la inspección correspondiente, se localizó una réplica de arma de fuego y una herramienta conocida como cizalla, por lo que se procedió a la detención conforme a los protocolos establecidos. Las personas fueron puestas a disposición del Agente del Ministerio Público de la Fiscalía Regional en Naucalpan, autoridad que determinará su situación jurídica. La Guardia Municipal reitera su compromiso de actuar con firmeza para proteger la seguridad, el orden y la legalidad en el municipio. #AquiGobiernaLaEsperanza #GuardiaMunicipal #Naucalpan #Seguridad",https://www.facebook.com/GuardiaMunicipalCiudadNaucalpan/posts/pfbid03X8hMovk4AWWgoW7Dejc3yJQyZJDAsSoD7mhvJeraHAm6UBPg7Lcp1EUiGfBFdLzl,https://www.facebook.com/GuardiaMunicipalCiudadNaucalpan/posts/pfbid03X8hMovk4AWWgoW7Dejc3yJQyZJDAsSoD7mhvJeraHAm6UBPg7Lcp1EUiGfBFdLzl,2026-02-07 20:01:27,2026-02-07,/home/emilio/Documentos/Naucalpan_Semanal_Reportes/Periodico/Enero_Mayo/2026-02-01_al_2026-02-15/Facebook/2026-02-01_al_2026-02-15_Facebook/2026-02-01_al_2026-02-15_Facebook_posts.csv
2026-02-01,2026-02-01_al_2026-02-15_Facebook,gobierno_naucalpan,Gobierno de Naucalpan,facebook,Facebook,post_facebook,guardiamunicipalciudadnaucalpan,Guardia Municipal Ciudad Naucalpan,,"Detenidos por delitos contra la salud, en Santa Cruz Acatlán 🚨👮🏻‍♂️ Durante un recorrido de vigilancia sobre la avenida Mexicas, en el pueblo de Santa Cruz Acatlán, elementos de la Guardia Municipal detectaron a tres hombres alterando el orden público. Al realizar contacto, los sujetos intentaron retirarse del lugar a bordo de una motocicleta, siendo interceptados metros más adelante. Durante la inspección preventiva, se localizaron envoltorios con características de probables sustancias ilícitas, por lo que se procedió a su detención conforme a los protocolos establecidos y fueron puestos a disposición del Agente del Ministerio Público, autoridad que determinará su situación jurídica. La Guardia Municipal reitera su compromiso de actuar con firmeza para proteger la seguridad, el orden y la legalidad en el municipio. #AquiGobiernaLaEsperanza #GuardiaMunicipal #Naucalpan","Detenidos por delitos contra la salud, en Santa Cruz Acatlán 🚨👮🏻‍♂️ Durante un recorrido de vigilancia sobre la avenida Mexicas, en el pueblo de Santa Cruz Acatlán, elementos de la Guardia Municipal detectaron a tres hombres alterando el orden público. Al realizar contacto, los sujetos intentaron retirarse del lugar a bordo de una motocicleta, siendo interceptados metros más adelante. Durante la inspección preventiva, se localizaron envoltorios con características de probables sustancias ilícitas, por lo que se procedió a su detención conforme a los protocolos establecidos y fueron puestos a disposición del Agente del Ministerio Público, autoridad que determinará su situación jurídica. La Guardia Municipal reitera su compromiso de actuar con firmeza para proteger la seguridad, el orden y la legalidad en el municipio. #AquiGobiernaLaEsperanza #GuardiaMunicipal #Naucalpan",https://www.facebook.com/GuardiaMunicipalCiudadNaucalpan/posts/pfbid0L6HsRVMEdmzrNHXCQnqdvEvXK5LHXZ1appe6ntp7TLPeMrm4rGZ1uHNwhBtG6Scil,https://www.facebook.com/GuardiaMunicipalCiudadNaucalpan/posts/pfbid0L6HsRVMEdmzrNHXCQnqdvEvXK5LHXZ1appe6ntp7TLPeMrm4rGZ1uHNwhBtG6Scil,2026-02-07 19:01:29,2026-02-07,/home/emilio/Documentos/Naucalpan_Semanal_Reportes/Periodico/Enero_Mayo/2026-02-01_al_2026-02-15/Facebook/2026-02-01_al_2026-02-15_Facebook/2026-02-01_al_2026-02-15_Facebook_posts.csv
2026-02-01,2026-02-01_al_2026-02-15_Facebook,gobierno_naucalpan,Gobierno de Naucalpan,facebook,Facebook,post_facebook,guardiamunicipalciudadnaucalpan,Guardia Municipal Ciudad Naucalpan,,"Resultados que fortalecen la seguridad en Ciudad Naucalpan🚨 Durante 2025 se registró una disminución significativa en diversos delitos de alto impacto, como extorsión, homicidio doloso, robo de vehículo, robo con violencia, delitos sexuales y otros ilícitos que afectan directamente la tranquilidad de las familias. Estos resultados reflejan el trabajo permanente en territorio, la coordinación interinstitucional y el fortalecimiento de la Guardia Municipal, con una estrategia enfocada en la prevención, la proximidad social y la atención oportuna. Seguimos trabajando todos los días para construir un municipio más seguro. #AquiGobiernaLaEsperanza #Naucalpan #GuardiaMunicipal #Seguridad #SSEM #EdoMex #mexico","Resultados que fortalecen la seguridad en Ciudad Naucalpan🚨 Durante 2025 se registró una disminución significativa en diversos delitos de alto impacto, como extorsión, homicidio doloso, robo de vehículo, robo con violencia, delitos sexuales y otros ilícitos que afectan directamente la tranquilidad de las familias. Estos resultados reflejan el trabajo permanente en territorio, la coordinación interinstitucional y el fortalecimiento de la Guardia Municipal, con una estrategia enfocada en la prevención, la proximidad social y la atención oportuna. Seguimos trabajando todos los días para construir un municipio más seguro. #AquiGobiernaLaEsperanza #Naucalpan #GuardiaMunicipal #Seguridad #SSEM #EdoMex #mexico",https://www.facebook.com/GuardiaMunicipalCiudadNaucalpan/posts/pfbid0ctLUf5q8mLZb5M68qKpoZjwJLAoE18qEvk96ktNU8damAQwbLG9TvUadNRiGYVnyl,https://www.facebook.com/GuardiaMunicipalCiudadNaucalpan/posts/pfbid0ctLUf5q8mLZb5M68qKpoZjwJLAoE18qEvk96ktNU8damAQwbLG9TvUadNRiGYVnyl,2026-02-07 16:49:37,2026-02-07,/home/emilio/Documentos/Naucalpan_Semanal_Reportes/Periodico/Enero_Mayo/2026-02-01_al_2026-02-15/Facebook/2026-02-01_al_2026-02-15_Facebook/2026-02-01_al_2026-02-15_Facebook_posts.csv
2026-02-01,2026-02-01_al_2026-02-15_Facebook,gobierno_naucalpan,Gobierno de Naucalpan,facebook,Facebook,post_facebook,guardiamunicipalciudadnaucalpan,Guardia Municipal Ciudad Naucalpan,,"Detenidos por delitos contra la salud, en San Esteban 🚨👮🏻‍♂️ Durante un recorrido de vigilancia, elementos de la Guardia Municipal aseguraron a dos hombres, quienes presuntamente habrían sustraído de manera ilegal la batería de un vehículo. Durante una inspección preventiva se les localizaron bolsas con características de probables sustancias ilícitas, por lo que se procedió a su detención conforme a los protocolos establecidos y fueron puestos a disposición del Agente del Ministerio Público, autoridad que determinará su situación jurídica. La Guardia Municipal reitera su compromiso de actuar con firmeza para proteger la seguridad en el municipio. #AquiGobiernaLaEsperanza #GuardiaMunicipal #Naucalpan #Seguridad","Detenidos por delitos contra la salud, en San Esteban 🚨👮🏻‍♂️ Durante un recorrido de vigilancia, elementos de la Guardia Municipal aseguraron a dos hombres, quienes presuntamente habrían sustraído de manera ilegal la batería de un vehículo. Durante una inspección preventiva se les localizaron bolsas con características de probables sustancias ilícitas, por lo que se procedió a su detención conforme a los protocolos establecidos y fueron puestos a disposición del Agente del Ministerio Público, autoridad que determinará su situación jurídica. La Guardia Municipal reitera su compromiso de actuar con firmeza para proteger la seguridad en el municipio. #AquiGobiernaLaEsperanza #GuardiaMunicipal #Naucalpan #Seguridad",https://www.facebook.com/GuardiaMunicipalCiudadNaucalpan/posts/pfbid0uwfr3pLP2KrTpHi5YJoRNiTpy69XBqV9kQktLS33jYHD6DrkgFVfSttzKvB1hm84l,https://www.facebook.com/GuardiaMunicipalCiudadNaucalpan/posts/pfbid0uwfr3pLP2KrTpHi5YJoRNiTpy69XBqV9kQktLS33jYHD6DrkgFVfSttzKvB1hm84l,2026-02-07 16:32:25,2026-02-07,/home/emilio/Documentos/Naucalpan_Semanal_Reportes/Periodico/Enero_Mayo/2026-02-01_al_2026-02-15/Facebook/2026-02-01_al_2026-02-15_Facebook/2026-02-01_al_2026-02-15_Facebook_posts.csv
2026-02-01,2026-02-01_al_2026-02-15_Facebook,gobierno_naucalpan,Gobierno de Naucalpan,facebook,Facebook,post_facebook,guardiamunicipalciudadnaucalpan,Guardia Municipal Ciudad Naucalpan,,"La Policía Ética acompaña y vigila el actuar del personal de Movilidad Segura para garantizar un desempeño legal, transparente y con respeto a la ciudadanía.🚔 En Ciudad Naucalpan, la seguridad se ejerce con ética y responsabilidad. #AquiGobiernaLaEsperanza #GuardiaMunicipal #Naucalpan #PoliciaEtica #MovilidadSegura","La Policía Ética acompaña y vigila el actuar del personal de Movilidad Segura para garantizar un desempeño legal, transparente y con respeto a la ciudadanía.🚔 En Ciudad Naucalpan, la seguridad se ejerce con ética y responsabilidad. #AquiGobiernaLaEsperanza #GuardiaMunicipal #Naucalpan #PoliciaEtica #MovilidadSegura",https://www.facebook.com/reel/26449759014628602/,https://www.facebook.com/reel/26449759014628602/,2026-02-07 09:02:23,2026-02-07,/home/emilio/Documentos/Naucalpan_Semanal_Reportes/Periodico/Enero_Mayo/2026-02-01_al_2026-02-15/Facebook/2026-02-01_al_2026-02-15_Facebook/2026-02-01_al_2026-02-15_Facebook_posts.csv
2026-02-01,2026-02-01_al_2026-02-15_Facebook,gobierno_naucalpan,Gobierno de Naucalpan,facebook,Facebook,post_facebook,ciudadnaucalpan,Ciudad Naucalpan / Gobierno Municipal 2025-2027.,,"Las Huellas de la Transformación llegaron a la Segunda Cerrada de Santa Úrsula, en San Lorenzo Totolinga. 🐾❤️ #AquiGobiernaLaEsperanza #HuellasDeLaTransformacion #Naucalpan #SeresSintientes #ProteccionAnimal #MundoPatitas","Las Huellas de la Transformación llegaron a la Segunda Cerrada de Santa Úrsula, en San Lorenzo Totolinga. 🐾❤️ #AquiGobiernaLaEsperanza #HuellasDeLaTransformacion #Naucalpan #SeresSintientes #ProteccionAnimal #MundoPatitas",https://www.facebook.com/reel/1952981615649168/,https://www.facebook.com/reel/1952981615649168/,2026-02-06 21:09:13,2026-02-06,/home/emilio/Documentos/Naucalpan_Semanal_Reportes/Periodico/Enero_Mayo/2026-02-01_al_2026-02-15/Facebook/2026-02-01_al_2026-02-15_Facebook/2026-02-01_al_2026-02-15_Facebook_posts.csv
2026-02-01,2026-02-01_al_2026-02-15_Facebook,gobierno_naucalpan,Gobierno de Naucalpan,facebook,Facebook,post_facebook,ciudadnaucalpan,Ciudad Naucalpan / Gobierno Municipal 2025-2027.,,"Taller de Gelish | Efecto Ojo de Gato💅 El Gobierno de Ciudad Naucalpan invita a las mujeres del municipio a participar en el Taller de Gelish: Efecto Ojo de Gato, una actividad formativa que impulsa el autoempleo y el desarrollo de habilidades productivas. 🗓 Martes 10 de febrero ⏰ 10:00 a 12:00 horas 📍 Oficinas del IMNIS Av. Juárez No. 39, Fracc. El Mirador, Naucalpan de Juárez 📞 Informes: 55 8789 5483 📌 Consulta todos los detalles en la imagen. Seguimos trabajando para generar más oportunidades de capacitación para las mujeres de Naucalpan. #AquiGobiernaLaEsperanza #Naucalpan #IMNIS #Mujeres","Taller de Gelish | Efecto Ojo de Gato💅 El Gobierno de Ciudad Naucalpan invita a las mujeres del municipio a participar en el Taller de Gelish: Efecto Ojo de Gato, una actividad formativa que impulsa el autoempleo y el desarrollo de habilidades productivas. 🗓 Martes 10 de febrero ⏰ 10:00 a 12:00 horas 📍 Oficinas del IMNIS Av. Juárez No. 39, Fracc. El Mirador, Naucalpan de Juárez 📞 Informes: 55 8789 5483 📌 Consulta todos los detalles en la imagen. Seguimos trabajando para generar más oportunidades de capacitación para las mujeres de Naucalpan. #AquiGobiernaLaEsperanza #Naucalpan #IMNIS #Mujeres",https://www.facebook.com/CiudadNaucalpan/posts/pfbid02cZ7bpC6dwTWp6qg3a82raTAYqs3ngHRrpKPvKWJBn3vubtrT89TjUuxXcc2MsQ3Pl,https://www.facebook.com/CiudadNaucalpan/posts/pfbid02cZ7bpC6dwTWp6qg3a82raTAYqs3ngHRrpKPvKWJBn3vubtrT89TjUuxXcc2MsQ3Pl,2026-02-06 21:01:26,2026-02-06,/home/emilio/Documentos/Naucalpan_Semanal_Reportes/Periodico/Enero_Mayo/2026-02-01_al_2026-02-15/Facebook/2026-02-01_al_2026-02-15_Facebook/2026-02-01_al_2026-02-15_Facebook_posts.csv
2026-02-01,2026-02-01_al_2026-02-15_Facebook,gobierno_naucalpan,Gobierno de Naucalpan,facebook,Facebook,post_facebook,ciudadnaucalpan,Ciudad Naucalpan / Gobierno Municipal 2025-2027.,,Impulsando a nuestros artesanos naucalpenses. ✨🎨 #AquiGobiernaLaEsperanza #Naucalpan #ArtesanosNaucalpenses #TalentoLocal,Impulsando a nuestros artesanos naucalpenses. ✨🎨 #AquiGobiernaLaEsperanza #Naucalpan #ArtesanosNaucalpenses #TalentoLocal,https://www.facebook.com/CiudadNaucalpan/posts/pfbid032K22fFb7BMC7ccqnoCKgcVViWq9BfhNwpzXqMmsmxTR2VJfQntw26BQvspPDo3XZl,https://www.facebook.com/CiudadNaucalpan/posts/pfbid032K22fFb7BMC7ccqnoCKgcVViWq9BfhNwpzXqMmsmxTR2VJfQntw26BQvspPDo3XZl,2026-02-06 18:36:36,2026-02-06,/home/emilio/Documentos/Naucalpan_Semanal_Reportes/Periodico/Enero_Mayo/2026-02-01_al_2026-02-15/Facebook/2026-02-01_al_2026-02-15_Facebook/2026-02-01_al_2026-02-15_Facebook_posts.csv
2026-02-01,2026-02-01_al_2026-02-15_Facebook,gobierno_naucalpan,Gobierno de Naucalpan,facebook,Facebook,post_facebook,guardiamunicipalciudadnaucalpan,Guardia Municipal Ciudad Naucalpan,,"COMUNICADO OFICIAL La Guardia Municipal de Naucalpan informa que esta mañana se recibió un reporte ciudadano sobre la localización de una bolsa de color negro con contenido orgánico en su interior, en la avenida Cipreses, por lo que de manera inmediata se activaron los protocolos correspondientes de atención y resguardo del lugar. Al arribar al sitio, elementos de la Guardia Municipal aseguraron el perímetro y notificaron a las autoridades competentes, a fin de que se realicen las diligencias e investigaciones conforme a la normatividad vigente. Es importante precisar que hasta este momento no se cuenta con información confirmada que permita determinar la naturaleza, origen o correspondencia del contenido localizado, por lo que serán las instancias especializadas las encargadas de realizar los análisis correspondientes y establecer los hechos. Asimismo, se informa que en el lugar fue localizado un mensaje con señalamientos. La Guardia Municipal de Naucalpan exhorta a la ciudadanía a evitar la difusión de versiones no oficiales y a mantenerse informada a través de los canales institucionales. La Guardia Municipal se mantiene en coordinación permanente con las autoridades investigadoras correspondientes y refrenda su compromiso con la transparencia","COMUNICADO OFICIAL La Guardia Municipal de Naucalpan informa que esta mañana se recibió un reporte ciudadano sobre la localización de una bolsa de color negro con contenido orgánico en su interior, en la avenida Cipreses, por lo que de manera inmediata se activaron los protocolos correspondientes de atención y resguardo del lugar. Al arribar al sitio, elementos de la Guardia Municipal aseguraron el perímetro y notificaron a las autoridades competentes, a fin de que se realicen las diligencias e investigaciones conforme a la normatividad vigente. Es importante precisar que hasta este momento no se cuenta con información confirmada que permita determinar la naturaleza, origen o correspondencia del contenido localizado, por lo que serán las instancias especializadas las encargadas de realizar los análisis correspondientes y establecer los hechos. Asimismo, se informa que en el lugar fue localizado un mensaje con señalamientos. La Guardia Municipal de Naucalpan exhorta a la ciudadanía a evitar la difusión de versiones no oficiales y a mantenerse informada a través de los canales institucionales. La Guardia Municipal se mantiene en coordinación permanente con las autoridades investigadoras correspondientes y refrenda su compromiso con la transparencia",https://www.facebook.com/GuardiaMunicipalCiudadNaucalpan/posts/pfbid0EK8FbW4uUJKSZtytoxT57jtMVPv7JCAtBH1ZkezKL7asdRzT1cpgxvkbsTpBm6cVl,https://www.facebook.com/GuardiaMunicipalCiudadNaucalpan/posts/pfbid0EK8FbW4uUJKSZtytoxT57jtMVPv7JCAtBH1ZkezKL7asdRzT1cpgxvkbsTpBm6cVl,2026-02-06 16:04:56,2026-02-06,/home/emilio/Documentos/Naucalpan_Semanal_Reportes/Periodico/Enero_Mayo/2026-02-01_al_2026-02-15/Facebook/2026-02-01_al_2026-02-15_Facebook/2026-02-01_al_2026-02-15_Facebook_posts.csv
2026-02-01,2026-02-01_al_2026-02-15_Facebook,gobierno_naucalpan,Gobierno de Naucalpan,facebook,Facebook,post_facebook,guardiamunicipalciudadnaucalpan,Guardia Municipal Ciudad Naucalpan,,"Derivado de la coordinación interinstitucional y como parte del reforzamiento a la Estrategia Operativa Oriente, la Guardia Municipal dio inicio al Operativo Fuerza de Reacción Naucalpan, en conjunto con elementos de la Guardia Nacional y la Fuerza Especial de Seguridad de la Secretaría de Seguridad del Estado de México. Este despliegue contempla la participación de más de 100 elementos altamente capacitados y unidades tácticas, con el objetivo de fortalecer las acciones de combate a los homicidios y al robo de vehículo en el municipio, mediante operativos estratégicos y presencia permanente en puntos prioritarios. En Ciudad Naucalpan, la seguridad se construye con coordinación, estrategia y resultados. #AquiGobiernaLaEsperanza #Naucalpan #GuardiaMunicipal #Seguridad #Operativo #SSEM #mexico #Edomex","Derivado de la coordinación interinstitucional y como parte del reforzamiento a la Estrategia Operativa Oriente, la Guardia Municipal dio inicio al Operativo Fuerza de Reacción Naucalpan, en conjunto con elementos de la Guardia Nacional y la Fuerza Especial de Seguridad de la Secretaría de Seguridad del Estado de México. Este despliegue contempla la participación de más de 100 elementos altamente capacitados y unidades tácticas, con el objetivo de fortalecer las acciones de combate a los homicidios y al robo de vehículo en el municipio, mediante operativos estratégicos y presencia permanente en puntos prioritarios. En Ciudad Naucalpan, la seguridad se construye con coordinación, estrategia y resultados. #AquiGobiernaLaEsperanza #Naucalpan #GuardiaMunicipal #Seguridad #Operativo #SSEM #mexico #Edomex",https://www.facebook.com/GuardiaMunicipalCiudadNaucalpan/posts/pfbid02tkkv2iCRnqjLVpeSsroBuPndJ6T3k63k3ajXXjDSPJUoXhKH4Tt86qjLYotpsip6l,https://www.facebook.com/GuardiaMunicipalCiudadNaucalpan/posts/pfbid02tkkv2iCRnqjLVpeSsroBuPndJ6T3k63k3ajXXjDSPJUoXhKH4Tt86qjLYotpsip6l,2026-02-06 13:04:34,2026-02-06,/home/emilio/Documentos/Naucalpan_Semanal_Reportes/Periodico/Enero_Mayo/2026-02-01_al_2026-02-15/Facebook/2026-02-01_al_2026-02-15_Facebook/2026-02-01_al_2026-02-15_Facebook_posts.csv
2026-02-01,2026-02-01_al_2026-02-15_Facebook,gobierno_naucalpan,Gobierno de Naucalpan,facebook,Facebook,post_facebook,guardiamunicipalciudadnaucalpan,Guardia Municipal Ciudad Naucalpan,,"Detenido por posible abuso sexual en Lomas de Sotelo🚨 Durante un recorrido de vigilancia, elementos de la Guardia Municipal de Ciudad Naucalpan detectaron a un hombre y una mujer que forcejeaban y gritaban en la vía pública. Al realizar contacto, la mujer solicitó el apoyo de la corporación, al señalar que presuntamente estaba siendo víctima de tocamientos sin su consentimiento. Al intentar darse a la fuga, el masculino fue detenido conforme a los protocolos de actuación y puesto a disposición del Agente del Ministerio Público, autoridad que determinará su situación jurídica. La Guardia Municipal reitera su compromiso de actuar con firmeza para proteger la seguridad, el orden y la legalidad en el municipio. #AquiGobiernaLaEsperanza #GuardiaMunicipal #Naucalpan #Seguridad","Detenido por posible abuso sexual en Lomas de Sotelo🚨 Durante un recorrido de vigilancia, elementos de la Guardia Municipal de Ciudad Naucalpan detectaron a un hombre y una mujer que forcejeaban y gritaban en la vía pública. Al realizar contacto, la mujer solicitó el apoyo de la corporación, al señalar que presuntamente estaba siendo víctima de tocamientos sin su consentimiento. Al intentar darse a la fuga, el masculino fue detenido conforme a los protocolos de actuación y puesto a disposición del Agente del Ministerio Público, autoridad que determinará su situación jurídica. La Guardia Municipal reitera su compromiso de actuar con firmeza para proteger la seguridad, el orden y la legalidad en el municipio. #AquiGobiernaLaEsperanza #GuardiaMunicipal #Naucalpan #Seguridad",https://www.facebook.com/GuardiaMunicipalCiudadNaucalpan/posts/pfbid034XzgKNHqk4CwEJ1caoaYUQr7YmbucAHdpjMBKjYH2nYjNBJiz483K6Y3Q6LsnSarl,https://www.facebook.com/GuardiaMunicipalCiudadNaucalpan/posts/pfbid034XzgKNHqk4CwEJ1caoaYUQr7YmbucAHdpjMBKjYH2nYjNBJiz483K6Y3Q6LsnSarl,2026-02-06 09:53:28,2026-02-06,/home/emilio/Documentos/Naucalpan_Semanal_Reportes/Periodico/Enero_Mayo/2026-02-01_al_2026-02-15/Facebook/2026-02-01_al_2026-02-15_Facebook/2026-02-01_al_2026-02-15_Facebook_posts.csv
2026-02-01,2026-02-01_al_2026-02-15_Facebook,gobierno_naucalpan,Gobierno de Naucalpan,facebook,Facebook,post_facebook,guardiamunicipalciudadnaucalpan,Guardia Municipal Ciudad Naucalpan,,"El Gobierno de Ciudad Naucalpan, a través de la Guardia Municipal, refuerza la prevención y la seguridad vial para motociclistas. 🏍️ El uso de casco es obligatorio, debe ser certificado y correctamente abrochado, tanto para el conductor como para el acompañante, conforme al Reglamento de Tránsito del Estado de México. Usar casco salva vidas y reduce el riesgo de lesiones graves. Trabajamos por una movilidad segura, con prevención y respeto a la ley. #AquiGobiernaLaEsperanza #Naucalpan #GuardiaMunicipal #SeguridadVial #MovilidadSegura","El Gobierno de Ciudad Naucalpan, a través de la Guardia Municipal, refuerza la prevención y la seguridad vial para motociclistas. 🏍️ El uso de casco es obligatorio, debe ser certificado y correctamente abrochado, tanto para el conductor como para el acompañante, conforme al Reglamento de Tránsito del Estado de México. Usar casco salva vidas y reduce el riesgo de lesiones graves. Trabajamos por una movilidad segura, con prevención y respeto a la ley. #AquiGobiernaLaEsperanza #Naucalpan #GuardiaMunicipal #SeguridadVial #MovilidadSegura",https://www.facebook.com/GuardiaMunicipalCiudadNaucalpan/posts/pfbid02eKfNqG9uqbrU7uCjks3QB4zU7F7Rw4H96bG5NbPoEEaT3H1bArggEiDzTwzrJ2tWl,https://www.facebook.com/GuardiaMunicipalCiudadNaucalpan/posts/pfbid02eKfNqG9uqbrU7uCjks3QB4zU7F7Rw4H96bG5NbPoEEaT3H1bArggEiDzTwzrJ2tWl,2026-02-06 09:01:47,2026-02-06,/home/emilio/Documentos/Naucalpan_Semanal_Reportes/Periodico/Enero_Mayo/2026-02-01_al_2026-02-15/Facebook/2026-02-01_al_2026-02-15_Facebook/2026-02-01_al_2026-02-15_Facebook_posts.csv
2026-02-01,2026-02-01_al_2026-02-15_Facebook,gobierno_naucalpan,Gobierno de Naucalpan,facebook,Facebook,post_facebook,guardiamunicipalciudadnaucalpan,Guardia Municipal Ciudad Naucalpan,,"El Gobierno de Ciudad Naucalpan informa que, derivado de una denuncia recibida a través de la Policía Ética, se detectó la presunta conducta indebida de un elemento de la Subdirección de Movilidad Segura. De manera inmediata, el elemento fue separado de su cargo, conforme a los protocolos establecidos. De forma paralela, se iniciaron las investigaciones correspondientes para esclarecer los hechos y determinar las responsabilidades que procedan. En Ciudad Naucalpan hay tolerancia cero a la corrupción. No se encubre, no se justifica ni se solapa ninguna conducta que vulnere la ética, la integridad y la honorabilidad del servicio público. Cualquier servidor público que actúe fuera de la ley o en contra de los principios del servicio público será investigado y sancionado, sin excepciones ni privilegios. Invitamos a las vecinas y vecinos a denunciar cualquier conducta indebida a través de los canales institucionales. La participación ciudadana es fundamental para construir una policía ética, más confiable y al servicio de la comunidad. 📞 Unidad de Asuntos Internos de Seguridad Pública de Naucalpan de Juárez 55 21 95 41 60 #AquiGobiernaLaEsperanza #Naucalpan #Seguridad #CeroTolerancia","El Gobierno de Ciudad Naucalpan informa que, derivado de una denuncia recibida a través de la Policía Ética, se detectó la presunta conducta indebida de un elemento de la Subdirección de Movilidad Segura. De manera inmediata, el elemento fue separado de su cargo, conforme a los protocolos establecidos. De forma paralela, se iniciaron las investigaciones correspondientes para esclarecer los hechos y determinar las responsabilidades que procedan. En Ciudad Naucalpan hay tolerancia cero a la corrupción. No se encubre, no se justifica ni se solapa ninguna conducta que vulnere la ética, la integridad y la honorabilidad del servicio público. Cualquier servidor público que actúe fuera de la ley o en contra de los principios del servicio público será investigado y sancionado, sin excepciones ni privilegios. Invitamos a las vecinas y vecinos a denunciar cualquier conducta indebida a través de los canales institucionales. La participación ciudadana es fundamental para construir una policía ética, más confiable y al servicio de la comunidad. 📞 Unidad de Asuntos Internos de Seguridad Pública de Naucalpan de Juárez 55 21 95 41 60 #AquiGobiernaLaEsperanza #Naucalpan #Seguridad #CeroTolerancia",https://www.facebook.com/reel/1437692617761222/,https://www.facebook.com/reel/1437692617761222/,2026-02-06 08:51:19,2026-02-06,/home/emilio/Documentos/Naucalpan_Semanal_Reportes/Periodico/Enero_Mayo/2026-02-01_al_2026-02-15/Facebook/2026-02-01_al_2026-02-15_Facebook/2026-02-01_al_2026-02-15_Facebook_posts.csv
2026-02-01,2026-02-01_al_2026-02-15_Facebook,gobierno_naucalpan,Gobierno de Naucalpan,facebook,Facebook,post_facebook,guardiamunicipalciudadnaucalpan,Guardia Municipal Ciudad Naucalpan,,Comunicado Oficial.📌 #AquiGobiernaLaEsperanza #GuardiaMunicipal #Naucalpan #Seguridad,Comunicado Oficial.📌 #AquiGobiernaLaEsperanza #GuardiaMunicipal #Naucalpan #Seguridad,https://www.facebook.com/GuardiaMunicipalCiudadNaucalpan/posts/pfbid0mGecHZfYo1P6wxfcqqd4cMjhrPSF3Td6oTaRyYCtSBbLo2auMnyPg6m51kDwWvUtl,https://www.facebook.com/GuardiaMunicipalCiudadNaucalpan/posts/pfbid0mGecHZfYo1P6wxfcqqd4cMjhrPSF3Td6oTaRyYCtSBbLo2auMnyPg6m51kDwWvUtl,2026-02-05 20:17:20,2026-02-05,/home/emilio/Documentos/Naucalpan_Semanal_Reportes/Periodico/Enero_Mayo/2026-02-01_al_2026-02-15/Facebook/2026-02-01_al_2026-02-15_Facebook/2026-02-01_al_2026-02-15_Facebook_posts.csv
2026-02-01,2026-02-01_al_2026-02-15_Facebook,gobierno_naucalpan,Gobierno de Naucalpan,facebook,Facebook,post_facebook,guardiamunicipalciudadnaucalpan,Guardia Municipal Ciudad Naucalpan,,"FGJEM reconoce colaboración del Gobierno de Naucalpan en localización de personas desaparecidas en Jilotzingo 👮🏻‍♂️🚨 La Fiscalía General de Justicia del Estado de México (FGJEM) agradeció el apoyo y la colaboración del Gobierno de Ciudad Naucalpan, a través de la Célula de Búsqueda de la Guardia Municipal y Protección Civil, en las acciones realizadas tras el reporte de dos personas desaparecidas en el municipio de Jilotzingo. Gracias al trabajo coordinado y a la activación oportuna de los protocolos de búsqueda, ambas personas fueron localizadas con vida. La Guardia Municipal de Ciudad Naucalpan refrenda su compromiso de actuar con profesionalismo, responsabilidad y coordinación para proteger la vida y la integridad de las personas. #AquiGobiernaLaEsperanza #GuardiaMunicipal #Naucalpan #Seguridad #Jilotzingo #FGJEM #EdoMex","FGJEM reconoce colaboración del Gobierno de Naucalpan en localización de personas desaparecidas en Jilotzingo 👮🏻‍♂️🚨 La Fiscalía General de Justicia del Estado de México (FGJEM) agradeció el apoyo y la colaboración del Gobierno de Ciudad Naucalpan, a través de la Célula de Búsqueda de la Guardia Municipal y Protección Civil, en las acciones realizadas tras el reporte de dos personas desaparecidas en el municipio de Jilotzingo. Gracias al trabajo coordinado y a la activación oportuna de los protocolos de búsqueda, ambas personas fueron localizadas con vida. La Guardia Municipal de Ciudad Naucalpan refrenda su compromiso de actuar con profesionalismo, responsabilidad y coordinación para proteger la vida y la integridad de las personas. #AquiGobiernaLaEsperanza #GuardiaMunicipal #Naucalpan #Seguridad #Jilotzingo #FGJEM #EdoMex",https://www.facebook.com/GuardiaMunicipalCiudadNaucalpan/posts/pfbid02q9HyFEFo1z4N56zQ8Ueyt9z6LgDzyLaTbf379u3PtUyvKfi9WaA7gMfzJ9vPKz1xl,https://www.facebook.com/GuardiaMunicipalCiudadNaucalpan/posts/pfbid02q9HyFEFo1z4N56zQ8Ueyt9z6LgDzyLaTbf379u3PtUyvKfi9WaA7gMfzJ9vPKz1xl,2026-02-05 14:02:48,2026-02-05,/home/emilio/Documentos/Naucalpan_Semanal_Reportes/Periodico/Enero_Mayo/2026-02-01_al_2026-02-15/Facebook/2026-02-01_al_2026-02-15_Facebook/2026-02-01_al_2026-02-15_Facebook_posts.csv
2026-02-01,2026-02-01_al_2026-02-15_Facebook,gobierno_naucalpan,Gobierno de Naucalpan,facebook,Facebook,post_facebook,guardiamunicipalciudadnaucalpan,Guardia Municipal Ciudad Naucalpan,,"Localiza Célula de Búsqueda de la Guardia Municipal a dos menores🚨 La pronta actuación de la Célula de Búsqueda de la Guardia Municipal de Ciudad Naucalpan permitió la localización de dos menores que se encontraban extraviados. En todo momento, las y los menores fueron resguardados conforme a los protocolos de actuación y posteriormente reintegrados con sus familias, salvaguardando su integridad. La Guardia Municipal reafirma su compromiso de trabajar con sensibilidad, profesionalismo y responsabilidad para proteger lo más valioso de nuestra comunidad: nuestras niñas y niños. #AquiGobiernaLaEsperanza #GuardiaMunicipal #Naucalpan #seguridad","Localiza Célula de Búsqueda de la Guardia Municipal a dos menores🚨 La pronta actuación de la Célula de Búsqueda de la Guardia Municipal de Ciudad Naucalpan permitió la localización de dos menores que se encontraban extraviados. En todo momento, las y los menores fueron resguardados conforme a los protocolos de actuación y posteriormente reintegrados con sus familias, salvaguardando su integridad. La Guardia Municipal reafirma su compromiso de trabajar con sensibilidad, profesionalismo y responsabilidad para proteger lo más valioso de nuestra comunidad: nuestras niñas y niños. #AquiGobiernaLaEsperanza #GuardiaMunicipal #Naucalpan #seguridad",https://www.facebook.com/GuardiaMunicipalCiudadNaucalpan/posts/pfbid02JATaXVxkiPugpk6pk1uaZnfvJihjrgSAqTtbdGEeosC4fCmLihpKxnnxFpUa2fUgl,https://www.facebook.com/GuardiaMunicipalCiudadNaucalpan/posts/pfbid02JATaXVxkiPugpk6pk1uaZnfvJihjrgSAqTtbdGEeosC4fCmLihpKxnnxFpUa2fUgl,2026-02-05 12:14:30,2026-02-05,/home/emilio/Documentos/Naucalpan_Semanal_Reportes/Periodico/Enero_Mayo/2026-02-01_al_2026-02-15/Facebook/2026-02-01_al_2026-02-15_Facebook/2026-02-01_al_2026-02-15_Facebook_posts.csv
2026-02-01,2026-02-01_al_2026-02-15_Facebook,gobierno_naucalpan,Gobierno de Naucalpan,facebook,Facebook,post_facebook,guardiamunicipalciudadnaucalpan,Guardia Municipal Ciudad Naucalpan,,"Detenidos por robo a transeúnte en Avenida de Los Arcos 🚨 Durante un recorrido de vigilancia, elementos de la Guardia Municipal atendieron un llamado de auxilio por parte de un hombre, quien señaló que varios masculinos presuntamente lo habían despojado de sus pertenencias y lo habían agredido físicamente. Con apoyo del grupo GOE, se logró la detención de cuatro masculinos, a quienes se les aseguraron las pertenencias del denunciante, así como cuchillos y una lámina dentada con terminación en punta. Los detenidos fueron trasladados y puestos a disposición del Agente del Ministerio Público de la Fiscalía Regional en Naucalpan, a fin de que se determine su situación jurídica. La Guardia Municipal reitera su compromiso de actuar con firmeza para proteger la seguridad, el orden y la legalidad en el municipio. #AquiGobiernaLaEsperanza #GuardiaMunicipal #Naucalpan #Seguridad","Detenidos por robo a transeúnte en Avenida de Los Arcos 🚨 Durante un recorrido de vigilancia, elementos de la Guardia Municipal atendieron un llamado de auxilio por parte de un hombre, quien señaló que varios masculinos presuntamente lo habían despojado de sus pertenencias y lo habían agredido físicamente. Con apoyo del grupo GOE, se logró la detención de cuatro masculinos, a quienes se les aseguraron las pertenencias del denunciante, así como cuchillos y una lámina dentada con terminación en punta. Los detenidos fueron trasladados y puestos a disposición del Agente del Ministerio Público de la Fiscalía Regional en Naucalpan, a fin de que se determine su situación jurídica. La Guardia Municipal reitera su compromiso de actuar con firmeza para proteger la seguridad, el orden y la legalidad en el municipio. #AquiGobiernaLaEsperanza #GuardiaMunicipal #Naucalpan #Seguridad",https://www.facebook.com/GuardiaMunicipalCiudadNaucalpan/posts/pfbid02KLpobc4miKV8s7dUPak9g13aoKFczi4kcddSFrPM11RPeMu1aCjcNd9Y4qbRHPGkl,https://www.facebook.com/GuardiaMunicipalCiudadNaucalpan/posts/pfbid02KLpobc4miKV8s7dUPak9g13aoKFczi4kcddSFrPM11RPeMu1aCjcNd9Y4qbRHPGkl,2026-02-05 11:04:33,2026-02-05,/home/emilio/Documentos/Naucalpan_Semanal_Reportes/Periodico/Enero_Mayo/2026-02-01_al_2026-02-15/Facebook/2026-02-01_al_2026-02-15_Facebook/2026-02-01_al_2026-02-15_Facebook_posts.csv
2026-02-01,2026-02-01_al_2026-02-15_Facebook,gobierno_naucalpan,Gobierno de Naucalpan,facebook,Facebook,post_facebook,guardiamunicipalciudadnaucalpan,Guardia Municipal Ciudad Naucalpan,,"Detenido por robo de vehículo con violencia en Calzada San Esteban 🚨👮🏻‍♂️ Durante un recorrido de vigilancia, elementos de la Guardia Municipal de Ciudad Naucalpan fueron alertados sobre el robo de una motocicleta, lo que dio pie a una persecución que culminó con la detención de un masculino. Al realizarle una inspección preventiva, se localizó en su posesión una réplica de arma de fuego tipo revólver, por lo que, conforme a los protocolos de actuación, fue puesto a disposición del Agente del Ministerio Público para determinar su situación jurídica. La Guardia Municipal reitera su compromiso de actuar con firmeza para proteger la seguridad, el orden y la legalidad en el municipio. #AquiGobiernaLaEsperanza #GuardiaMunicipal #Naucalpan #Seguridad","Detenido por robo de vehículo con violencia en Calzada San Esteban 🚨👮🏻‍♂️ Durante un recorrido de vigilancia, elementos de la Guardia Municipal de Ciudad Naucalpan fueron alertados sobre el robo de una motocicleta, lo que dio pie a una persecución que culminó con la detención de un masculino. Al realizarle una inspección preventiva, se localizó en su posesión una réplica de arma de fuego tipo revólver, por lo que, conforme a los protocolos de actuación, fue puesto a disposición del Agente del Ministerio Público para determinar su situación jurídica. La Guardia Municipal reitera su compromiso de actuar con firmeza para proteger la seguridad, el orden y la legalidad en el municipio. #AquiGobiernaLaEsperanza #GuardiaMunicipal #Naucalpan #Seguridad",https://www.facebook.com/GuardiaMunicipalCiudadNaucalpan/posts/pfbid02Rk2gKEmdQG9L2bQqqUCR32dnkeYSQe5mo6ZMfaHb3RuemkbAPrr6c5gGiYAGRu2vl,https://www.facebook.com/GuardiaMunicipalCiudadNaucalpan/posts/pfbid02Rk2gKEmdQG9L2bQqqUCR32dnkeYSQe5mo6ZMfaHb3RuemkbAPrr6c5gGiYAGRu2vl,2026-02-05 10:47:29,2026-02-05,/home/emilio/Documentos/Naucalpan_Semanal_Reportes/Periodico/Enero_Mayo/2026-02-01_al_2026-02-15/Facebook/2026-02-01_al_2026-02-15_Facebook/2026-02-01_al_2026-02-15_Facebook_posts.csv
2026-02-01,2026-02-01_al_2026-02-15_Facebook,gobierno_naucalpan,Gobierno de Naucalpan,facebook,Facebook,post_facebook,guardiamunicipalciudadnaucalpan,Guardia Municipal Ciudad Naucalpan,,"Detenido pro daño al Medio Ambiente en San Francisco Chimalpa🚨 Durante un recorrido de vigilancia elementos de la Guardia Municipal atendieron un reporte ciudadano por posible daño al medio ambiente, relacionado con trabajos no autorizados en el paraje El Zopilote. En el lugar se localizó maquinaria pesada realizando labores de remoción de terreno. Tras la verificación correspondiente, una persona fue detenida y trasladada a la Agencia Especializada en Delitos Cometidos por Fraccionadores y Contra el Medio Ambiente, con sede en Tlalnepantla, a fin de que se determine su situación jurídica conforme a la ley. La Guardia Municipal refrenda su compromiso con la protección del medio ambiente, el respeto al territorio comunitario y la atención oportuna a los reportes ciudadanos. Seguimos trabajando con toda seguridad. 🌱🚔 #AquiGobiernaLaEsperanza #GuardiaMunicipal #Naucalpan #Seguridad","Detenido pro daño al Medio Ambiente en San Francisco Chimalpa🚨 Durante un recorrido de vigilancia elementos de la Guardia Municipal atendieron un reporte ciudadano por posible daño al medio ambiente, relacionado con trabajos no autorizados en el paraje El Zopilote. En el lugar se localizó maquinaria pesada realizando labores de remoción de terreno. Tras la verificación correspondiente, una persona fue detenida y trasladada a la Agencia Especializada en Delitos Cometidos por Fraccionadores y Contra el Medio Ambiente, con sede en Tlalnepantla, a fin de que se determine su situación jurídica conforme a la ley. La Guardia Municipal refrenda su compromiso con la protección del medio ambiente, el respeto al territorio comunitario y la atención oportuna a los reportes ciudadanos. Seguimos trabajando con toda seguridad. 🌱🚔 #AquiGobiernaLaEsperanza #GuardiaMunicipal #Naucalpan #Seguridad",https://www.facebook.com/GuardiaMunicipalCiudadNaucalpan/posts/pfbid0XhTjbAxmZ7exavNwPFonFPeRDLoV36FJFbywaWThb7CjBWhrRY6PyUx7cwy2U7ml,https://www.facebook.com/GuardiaMunicipalCiudadNaucalpan/posts/pfbid0XhTjbAxmZ7exavNwPFonFPeRDLoV36FJFbywaWThb7CjBWhrRY6PyUx7cwy2U7ml,2026-02-04 13:17:27,2026-02-04,/home/emilio/Documentos/Naucalpan_Semanal_Reportes/Periodico/Enero_Mayo/2026-02-01_al_2026-02-15/Facebook/2026-02-01_al_2026-02-15_Facebook/2026-02-01_al_2026-02-15_Facebook_posts.csv
2026-02-01,2026-02-01_al_2026-02-15_Facebook,gobierno_naucalpan,Gobierno de Naucalpan,facebook,Facebook,post_facebook,guardiamunicipalciudadnaucalpan,Guardia Municipal Ciudad Naucalpan,,"Gracias a la oportuna coordinación entre vecinas, vecinos y la Guardia Municipal, se logró la localización, resguardo y traslado seguro de una menor de edad que se encontraba desorientada, salvaguardando en todo momento su integridad.🚨 La atención se realizó conforme a los protocolos de protección, reafirmando nuestro compromiso con el bienestar y los derechos de niñas, niños y adolescentes. #AquiGobiernaLaEsperanza #Naucalpan #GuardiaMunicipal #Seguridad","Gracias a la oportuna coordinación entre vecinas, vecinos y la Guardia Municipal, se logró la localización, resguardo y traslado seguro de una menor de edad que se encontraba desorientada, salvaguardando en todo momento su integridad.🚨 La atención se realizó conforme a los protocolos de protección, reafirmando nuestro compromiso con el bienestar y los derechos de niñas, niños y adolescentes. #AquiGobiernaLaEsperanza #Naucalpan #GuardiaMunicipal #Seguridad",https://www.facebook.com/reel/1649693606198729/,https://www.facebook.com/reel/1649693606198729/,2026-02-03 16:02:21,2026-02-03,/home/emilio/Documentos/Naucalpan_Semanal_Reportes/Periodico/Enero_Mayo/2026-02-01_al_2026-02-15/Facebook/2026-02-01_al_2026-02-15_Facebook/2026-02-01_al_2026-02-15_Facebook_posts.csv
2026-02-01,2026-02-01_al_2026-02-15_Facebook,gobierno_naucalpan,Gobierno de Naucalpan,facebook,Facebook,post_facebook,guardiamunicipalciudadnaucalpan,Guardia Municipal Ciudad Naucalpan,,"Gracias a la rápida intervención de la Guardia Municipal, se logró la localización y recuperación de un vehículo con reporte de robo, el cual fue devuelto a su propietario.🚓🛡️ Este resultado refleja el compromiso, la coordinación operativa y la cercanía con la ciudadanía para fortalecer la seguridad en el municipio. #AquiGobiernaLaEsperanza #Naucalpan #GuardiaMunicipal #Seguridad","Gracias a la rápida intervención de la Guardia Municipal, se logró la localización y recuperación de un vehículo con reporte de robo, el cual fue devuelto a su propietario.🚓🛡️ Este resultado refleja el compromiso, la coordinación operativa y la cercanía con la ciudadanía para fortalecer la seguridad en el municipio. #AquiGobiernaLaEsperanza #Naucalpan #GuardiaMunicipal #Seguridad",https://www.facebook.com/reel/2004272466810602/,https://www.facebook.com/reel/2004272466810602/,2026-02-03 12:14:08,2026-02-03,/home/emilio/Documentos/Naucalpan_Semanal_Reportes/Periodico/Enero_Mayo/2026-02-01_al_2026-02-15/Facebook/2026-02-01_al_2026-02-15_Facebook/2026-02-01_al_2026-02-15_Facebook_posts.csv
2026-02-01,2026-02-01_al_2026-02-15_Facebook,gobierno_naucalpan,Gobierno de Naucalpan,facebook,Facebook,post_facebook,guardiamunicipalciudadnaucalpan,Guardia Municipal Ciudad Naucalpan,,"Gracias a la pronta intervención de la Guardia Municipal de Ciudad Naucalpan, se logró la localización y resguardo de una persona adulta mayor en el Parque Naucalli, quien fue acompañada y entregada sana y salva a su familiar.🚨 Seguimos trabajando por el bienestar de las y los naucalpenses. #AquiGobiernaLaEsperanza #GuardiaMunicipal #Naucalpan #Seguridad","Gracias a la pronta intervención de la Guardia Municipal de Ciudad Naucalpan, se logró la localización y resguardo de una persona adulta mayor en el Parque Naucalli, quien fue acompañada y entregada sana y salva a su familiar.🚨 Seguimos trabajando por el bienestar de las y los naucalpenses. #AquiGobiernaLaEsperanza #GuardiaMunicipal #Naucalpan #Seguridad",https://www.facebook.com/reel/1428997138761759/,https://www.facebook.com/reel/1428997138761759/,2026-02-03 11:57:55,2026-02-03,/home/emilio/Documentos/Naucalpan_Semanal_Reportes/Periodico/Enero_Mayo/2026-02-01_al_2026-02-15/Facebook/2026-02-01_al_2026-02-15_Facebook/2026-02-01_al_2026-02-15_Facebook_posts.csv
2026-02-01,2026-02-01_al_2026-02-15_Facebook,gobierno_naucalpan,Gobierno de Naucalpan,facebook,Facebook,post_facebook,guardiamunicipalciudadnaucalpan,Guardia Municipal Ciudad Naucalpan,,"Un clic puede ser la diferencia 🚗🔒 Te recordamos que el cinturón de seguridad salva vidas. Reduce hasta 50% el riesgo de muerte, disminuye lesiones graves en choques y volcaduras y es obligatorio para todas y todos los ocupantes, en asientos delanteros y traseros. Úsalo siempre, incluso en trayectos cortos, y colócalo correctamente. En niñas y niños, utiliza sistemas de retención infantil adecuados a su edad, peso y estatura.✅ 👉 Prevenir es responsabilidad de todas y todos. Seguimos trabajando por tu bienestar con toda seguridad. #AquiGobiernaLaEsperanza #Naucalpan #GuardiaMunicipal #Seguridad","Un clic puede ser la diferencia 🚗🔒 Te recordamos que el cinturón de seguridad salva vidas. Reduce hasta 50% el riesgo de muerte, disminuye lesiones graves en choques y volcaduras y es obligatorio para todas y todos los ocupantes, en asientos delanteros y traseros. Úsalo siempre, incluso en trayectos cortos, y colócalo correctamente. En niñas y niños, utiliza sistemas de retención infantil adecuados a su edad, peso y estatura.✅ 👉 Prevenir es responsabilidad de todas y todos. Seguimos trabajando por tu bienestar con toda seguridad. #AquiGobiernaLaEsperanza #Naucalpan #GuardiaMunicipal #Seguridad",https://www.facebook.com/GuardiaMunicipalCiudadNaucalpan/posts/pfbid02DbJCWf74UQfZH7qHHhpA8wodDHQ8TeVuFmm6XEybvboTNgftFwxXJhyduz4C1qCCl,https://www.facebook.com/GuardiaMunicipalCiudadNaucalpan/posts/pfbid02DbJCWf74UQfZH7qHHhpA8wodDHQ8TeVuFmm6XEybvboTNgftFwxXJhyduz4C1qCCl,2026-02-02 13:19:37,2026-02-02,/home/emilio/Documentos/Naucalpan_Semanal_Reportes/Periodico/Enero_Mayo/2026-02-01_al_2026-02-15/Facebook/2026-02-01_al_2026-02-15_Facebook/2026-02-01_al_2026-02-15_Facebook_posts.csv
2026-02-01,2026-02-01_al_2026-02-15_Facebook,gobierno_naucalpan,Gobierno de Naucalpan,facebook,Facebook,post_facebook,guardiamunicipalciudadnaucalpan,Guardia Municipal Ciudad Naucalpan,,"La Policía Ética acompaña y vigila el actuar del personal de Movilidad Segura para garantizar un desempeño legal, transparente y con respeto a la ciudadanía.🚔 En Ciudad Naucalpan, la seguridad se ejerce con ética y responsabilidad. #AquiGobiernaLaEsperanza #GuardiaMunicipal #Naucalpan #PoliciaEtica #MovilidadSegura","La Policía Ética acompaña y vigila el actuar del personal de Movilidad Segura para garantizar un desempeño legal, transparente y con respeto a la ciudadanía.🚔 En Ciudad Naucalpan, la seguridad se ejerce con ética y responsabilidad. #AquiGobiernaLaEsperanza #GuardiaMunicipal #Naucalpan #PoliciaEtica #MovilidadSegura",https://www.facebook.com/reel/1564470607994294/,https://www.facebook.com/reel/1564470607994294/,2026-02-02 09:02:45,2026-02-02,/home/emilio/Documentos/Naucalpan_Semanal_Reportes/Periodico/Enero_Mayo/2026-02-01_al_2026-02-15/Facebook/2026-02-01_al_2026-02-15_Facebook/2026-02-01_al_2026-02-15_Facebook_posts.csv
2026-02-01,2026-02-01_al_2026-02-15_Facebook,gobierno_naucalpan,Gobierno de Naucalpan,facebook,Facebook,post_facebook,guardiamunicipalciudadnaucalpan,Guardia Municipal Ciudad Naucalpan,,"El Gobierno de Ciudad Naucalpan, a través de la Guardia Municipal, refuerza la prevención y la seguridad vial para motociclistas. 🏍️ El uso de casco es obligatorio, debe ser certificado y correctamente abrochado, tanto para el conductor como para el acompañante, conforme al Reglamento de Tránsito del Estado de México. Usar casco salva vidas y reduce el riesgo de lesiones graves. Trabajamos por una movilidad segura, con prevención y respeto a la ley. #AquiGobiernaLaEsperanza #Naucalpan #GuardiaMunicipal #SeguridadVial #MovilidadSegura","El Gobierno de Ciudad Naucalpan, a través de la Guardia Municipal, refuerza la prevención y la seguridad vial para motociclistas. 🏍️ El uso de casco es obligatorio, debe ser certificado y correctamente abrochado, tanto para el conductor como para el acompañante, conforme al Reglamento de Tránsito del Estado de México. Usar casco salva vidas y reduce el riesgo de lesiones graves. Trabajamos por una movilidad segura, con prevención y respeto a la ley. #AquiGobiernaLaEsperanza #Naucalpan #GuardiaMunicipal #SeguridadVial #MovilidadSegura",https://www.facebook.com/GuardiaMunicipalCiudadNaucalpan/posts/pfbid02xi6hvK99NF1oaYDt8ougAXEiGLdZxs5Luj1B8exiVU8DYSF9DHdxPmKuE5tACH8il,https://www.facebook.com/GuardiaMunicipalCiudadNaucalpan/posts/pfbid02xi6hvK99NF1oaYDt8ougAXEiGLdZxs5Luj1B8exiVU8DYSF9DHdxPmKuE5tACH8il,2026-02-02 09:01:58,2026-02-02,/home/emilio/Documentos/Naucalpan_Semanal_Reportes/Periodico/Enero_Mayo/2026-02-01_al_2026-02-15/Facebook/2026-02-01_al_2026-02-15_Facebook/2026-02-01_al_2026-02-15_Facebook_posts.csv
2026-02-01,2026-02-01_al_2026-02-15_Facebook,isaac_montoya,Isaac Montoya,facebook,Facebook,post_facebook,isaacmontoya24,Isaac Montoya,,Trabajamos en coordinación con la Jurisdicción Sanitaria del ISEM para reforzar la prevención y proteger la salud de la ciudadanía. Seguiremos trabajando de manera conjunta para fortalecer la vigilancia sanitaria y atender de forma oportuna cualquier situación que represente un riesgo para las y los naucalpenses. #Naucalpan #Salud #Prevencion #ISEM #Edomex #Sarampion,Trabajamos en coordinación con la Jurisdicción Sanitaria del ISEM para reforzar la prevención y proteger la salud de la ciudadanía. Seguiremos trabajando de manera conjunta para fortalecer la vigilancia sanitaria y atender de forma oportuna cualquier situación que represente un riesgo para las y los naucalpenses. #Naucalpan #Salud #Prevencion #ISEM #Edomex #Sarampion,https://www.facebook.com/isaacmontoya24/posts/pfbid02UsY7yJnABxBC6U7mJF5xjiJTNFjihfgtbqnHDF5cTWNJuwo3df5KvNnjrhbwBqm2l,https://www.facebook.com/isaacmontoya24/posts/pfbid02UsY7yJnABxBC6U7mJF5xjiJTNFjihfgtbqnHDF5cTWNJuwo3df5KvNnjrhbwBqm2l,2026-02-14 14:40:31,2026-02-14,/home/emilio/Documentos/Naucalpan_Semanal_Reportes/Periodico/Enero_Mayo/2026-02-01_al_2026-02-15/Facebook/2026-02-01_al_2026-02-15_Facebook/2026-02-01_al_2026-02-15_Facebook_posts.csv
2026-02-01,2026-02-01_al_2026-02-15_Facebook,isaac_montoya,Isaac Montoya,facebook,Facebook,post_facebook,isaacmontoya24,Isaac Montoya,,"Perrito rescatado en la colonia San Rafael Chamapa 🐾🤝 El Gobierno de Ciudad Naucalpan atendió de manera inmediata el reporte recibido a través de redes sociales sobre un perrito herido, maltratado y abandonado en la colonia San Rafael Chamapa IV, mediante la Coordinación de Atención y Bienestar Animal. 🐾 Al acudir al lugar, personal municipal lo encontró entre la basura, visiblemente lastimado y en estado de vulnerabilidad. Fue resguardado de inmediato y actualmente se encuentra bajo cuidado, recibiendo atención médica, alimento y un espacio seguro donde puede recuperarse. Una vez que su estado de salud lo permita, será esterilizado y vacunado para posteriormente integrarse a un proceso de adopción responsable, con la esperanza de que pronto encuentre un hogar donde lo quieran y respeten como merece. En Ciudad Naucalpan, la vida de todo ser sintiente es prioridad. ❤️ #AquiGobiernaLaEsperanza #Naucalpan #BienestarAnimal #AdopcionResponsable #AdoptaNoCompres #NoAlMaltratoAnimal","Perrito rescatado en la colonia San Rafael Chamapa 🐾🤝 El Gobierno de Ciudad Naucalpan atendió de manera inmediata el reporte recibido a través de redes sociales sobre un perrito herido, maltratado y abandonado en la colonia San Rafael Chamapa IV, mediante la Coordinación de Atención y Bienestar Animal. 🐾 Al acudir al lugar, personal municipal lo encontró entre la basura, visiblemente lastimado y en estado de vulnerabilidad. Fue resguardado de inmediato y actualmente se encuentra bajo cuidado, recibiendo atención médica, alimento y un espacio seguro donde puede recuperarse. Una vez que su estado de salud lo permita, será esterilizado y vacunado para posteriormente integrarse a un proceso de adopción responsable, con la esperanza de que pronto encuentre un hogar donde lo quieran y respeten como merece. En Ciudad Naucalpan, la vida de todo ser sintiente es prioridad. ❤️ #AquiGobiernaLaEsperanza #Naucalpan #BienestarAnimal #AdopcionResponsable #AdoptaNoCompres #NoAlMaltratoAnimal",https://www.facebook.com/reel/1324918649657186/,https://www.facebook.com/reel/1324918649657186/,2026-02-14 13:53:12,2026-02-14,/home/emilio/Documentos/Naucalpan_Semanal_Reportes/Periodico/Enero_Mayo/2026-02-01_al_2026-02-15/Facebook/2026-02-01_al_2026-02-15_Facebook/2026-02-01_al_2026-02-15_Facebook_posts.csv
2026-02-01,2026-02-01_al_2026-02-15_Facebook,isaac_montoya,Isaac Montoya,facebook,Facebook,post_facebook,isaacmontoya24,Isaac Montoya,,"Huellas de la Transformación en Rosa de Castilla. 🤝 Con Huellas de la Transformación renovamos el andador de Las Torres: 60 luminarias nuevas, asfalto, cancha rehabilitada y más de 11 toneladas de residuos retirados. Hoy es un espacio más iluminado, seguro y digno para las familias. 💡 En Ciudad Naucalpan no prometemos, cumplimos. #AquiGobiernaLaEsperanza #Naucalpan #HuellasDeLaTransformacion","Huellas de la Transformación en Rosa de Castilla. 🤝 Con Huellas de la Transformación renovamos el andador de Las Torres: 60 luminarias nuevas, asfalto, cancha rehabilitada y más de 11 toneladas de residuos retirados. Hoy es un espacio más iluminado, seguro y digno para las familias. 💡 En Ciudad Naucalpan no prometemos, cumplimos. #AquiGobiernaLaEsperanza #Naucalpan #HuellasDeLaTransformacion",https://www.facebook.com/reel/1561347891609971/,https://www.facebook.com/reel/1561347891609971/,2026-02-14 12:43:00,2026-02-14,/home/emilio/Documentos/Naucalpan_Semanal_Reportes/Periodico/Enero_Mayo/2026-02-01_al_2026-02-15/Facebook/2026-02-01_al_2026-02-15_Facebook/2026-02-01_al_2026-02-15_Facebook_posts.csv
2026-02-01,2026-02-01_al_2026-02-15_Facebook,isaac_montoya,Isaac Montoya,facebook,Facebook,post_facebook,isaacmontoya24,Isaac Montoya,,"Huella de la Transformación en Rosa de Castilla✨ El Gobierno de Naucalpan rehabilitó el andador de Las Torres con 60 luminarias nuevas, 24 toneladas de asfalto caliente, 300 costales de asfalto frío, pintura de guarniciones y canchas, además de podas y recolección de más de 11 toneladas de residuos.🤝 De un espacio en abandono, a un lugar seguro y digno para la comunidad. #AquiGobiernaLaEsperanza #Naucalpan #HuellasDeLaTransformación #RosaDeCastilla","Huella de la Transformación en Rosa de Castilla✨ El Gobierno de Naucalpan rehabilitó el andador de Las Torres con 60 luminarias nuevas, 24 toneladas de asfalto caliente, 300 costales de asfalto frío, pintura de guarniciones y canchas, además de podas y recolección de más de 11 toneladas de residuos.🤝 De un espacio en abandono, a un lugar seguro y digno para la comunidad. #AquiGobiernaLaEsperanza #Naucalpan #HuellasDeLaTransformación #RosaDeCastilla",https://www.facebook.com/isaacmontoya24/posts/pfbid02aXc1v8191kEoKcXQ6peVoHNDuhoSp1mwx1f4cDYGDmqAKj7o4Zzhi7Fk73TRQynUl,https://www.facebook.com/isaacmontoya24/posts/pfbid02aXc1v8191kEoKcXQ6peVoHNDuhoSp1mwx1f4cDYGDmqAKj7o4Zzhi7Fk73TRQynUl,2026-02-14 12:37:25,2026-02-14,/home/emilio/Documentos/Naucalpan_Semanal_Reportes/Periodico/Enero_Mayo/2026-02-01_al_2026-02-15/Facebook/2026-02-01_al_2026-02-15_Facebook/2026-02-01_al_2026-02-15_Facebook_posts.csv
2026-02-01,2026-02-01_al_2026-02-15_Facebook,isaac_montoya,Isaac Montoya,facebook,Facebook,post_facebook,isaacmontoya24,Isaac Montoya,,"Regresamos a Rosa de Castilla para dejar una huella más del programa Huellas de la Transformación, donde rehabilitamos el andador de Las Torres con resultados concretos: instalamos 60 luminarias nuevas, aplicamos 24 toneladas de asfalto caliente y 300 costales de asfalto frío; pintamos guarniciones, marcamos la cancha y rehabilitamos sus cuatro canastas. Además, realizamos podas, clareos, chaponeo, desorille, barrido manual y retiramos más de 11 toneladas de residuos. Recuperar un espacio público es recuperar la tranquilidad de las familias. Por eso confirmamos la habilitación de un Sendero Seguro y Luminoso en la colonia, para que niñas, niños, jóvenes y personas adultas puedan transitar con mayor confianza. 💡 Somos vecinos y sabemos lo que duele el abandono. Por eso actuamos con convicción y resultados. #AquiGobiernaLaEsperanza #Naucalpan #HuellasDeLaTransformacion","Regresamos a Rosa de Castilla para dejar una huella más del programa Huellas de la Transformación, donde rehabilitamos el andador de Las Torres con resultados concretos: instalamos 60 luminarias nuevas, aplicamos 24 toneladas de asfalto caliente y 300 costales de asfalto frío; pintamos guarniciones, marcamos la cancha y rehabilitamos sus cuatro canastas. Además, realizamos podas, clareos, chaponeo, desorille, barrido manual y retiramos más de 11 toneladas de residuos. Recuperar un espacio público es recuperar la tranquilidad de las familias. Por eso confirmamos la habilitación de un Sendero Seguro y Luminoso en la colonia, para que niñas, niños, jóvenes y personas adultas puedan transitar con mayor confianza. 💡 Somos vecinos y sabemos lo que duele el abandono. Por eso actuamos con convicción y resultados. #AquiGobiernaLaEsperanza #Naucalpan #HuellasDeLaTransformacion",https://www.facebook.com/isaacmontoya24/posts/pfbid02XZbeZgezzQEJSCXBzWujtjTYBHx5616pnEZb2stmw85zWoja5gvL4AiBAGUnEG3ol,https://www.facebook.com/isaacmontoya24/posts/pfbid02XZbeZgezzQEJSCXBzWujtjTYBHx5616pnEZb2stmw85zWoja5gvL4AiBAGUnEG3ol,2026-02-14 12:36:39,2026-02-14,/home/emilio/Documentos/Naucalpan_Semanal_Reportes/Periodico/Enero_Mayo/2026-02-01_al_2026-02-15/Facebook/2026-02-01_al_2026-02-15_Facebook/2026-02-01_al_2026-02-15_Facebook_posts.csv
2026-02-01,2026-02-01_al_2026-02-15_Twitter,isaac_montoya,Isaac Montoya,twitter,Twitter/X,tweet,@isaacsolar,@isaacsolar,,Trabajamos en coordinación con la Jurisdicción Sanitaria del ISEM para reforzar la prevención y proteger la salud de la ciudadanía. Seguiremos trabajando de manera conjunta para fortalecer la vigilancia sanitaria y atender de forma oportuna cualquier situación que represente un riesgo para las y los naucalpenses. #Naucalpan #Salud #Prevencion #ISEM #Edomex #Sarampion,Trabajamos en coordinación con la Jurisdicción Sanitaria del ISEM para reforzar la prevención y proteger la salud de la ciudadanía. Seguiremos trabajando de manera conjunta para fortalecer la vigilancia sanitaria y atender de forma oportuna cualquier situación que represente un riesgo para las y los naucalpenses. #Naucalpan #Salud #Prevencion #ISEM #Edomex #Sarampion,https://x.com/isaacsolar/status/2022773097296708064,https://x.com/isaacsolar/status/2022773097296708064,2026-02-14 20:41:02+00:00,2026-02-14,/home/emilio/Documentos/Naucalpan_Semanal_Reportes/Periodico/Enero_Mayo/2026-02-01_al_2026-02-15/Twitter/2026-02-01_al_2026-02-15_Twitter/2026-02-01_al_2026-02-15_Twitter_post_institucionales.csv
2026-02-01,2026-02-01_al_2026-02-15_Twitter,isaac_montoya,Isaac Montoya,twitter,Twitter/X,tweet,@isaacsolar,@isaacsolar,,"El Gobierno de Ciudad #Naucalpan, a través de la Coordinación de Atención y Bienestar Animal, resguardó a un perrito herido y abandonado en San Rafael Chamapa IV Recibe atención médica y será esterilizado para integrarse a adopción responsable #AquiGobiernaLaEsperanza","El Gobierno de Ciudad #Naucalpan, a través de la Coordinación de Atención y Bienestar Animal, resguardó a un perrito herido y abandonado en San Rafael Chamapa IV Recibe atención médica y será esterilizado para integrarse a adopción responsable #AquiGobiernaLaEsperanza",https://x.com/isaacsolar/status/2022761005600657518,https://x.com/isaacsolar/status/2022761005600657518,2026-02-14 19:52:59+00:00,2026-02-14,/home/emilio/Documentos/Naucalpan_Semanal_Reportes/Periodico/Enero_Mayo/2026-02-01_al_2026-02-15/Twitter/2026-02-01_al_2026-02-15_Twitter/2026-02-01_al_2026-02-15_Twitter_post_institucionales.csv
2026-02-01,2026-02-01_al_2026-02-15_Twitter,isaac_montoya,Isaac Montoya,twitter,Twitter/X,tweet,@isaacsolar,@isaacsolar,,"Huellas de la Transformación en Rosa de Castilla. Con Huellas de la Transformación renovamos el andador de Las Torres: 60 luminarias nuevas, asfalto, cancha rehabilitada y más de 11 toneladas de residuos retirados. Hoy es un espacio más iluminado, seguro y digno para las familias. En Ciudad Naucalpan no prometemos, cumplimos. #AquiGobiernaLaEsperanza #Naucalpan #HuellasDeLaTransformacion","Huellas de la Transformación en Rosa de Castilla. Con Huellas de la Transformación renovamos el andador de Las Torres: 60 luminarias nuevas, asfalto, cancha rehabilitada y más de 11 toneladas de residuos retirados. Hoy es un espacio más iluminado, seguro y digno para las familias. En Ciudad Naucalpan no prometemos, cumplimos. #AquiGobiernaLaEsperanza #Naucalpan #HuellasDeLaTransformacion",https://x.com/isaacsolar/status/2022743145344045552,https://x.com/isaacsolar/status/2022743145344045552,2026-02-14 18:42:01+00:00,2026-02-14,/home/emilio/Documentos/Naucalpan_Semanal_Reportes/Periodico/Enero_Mayo/2026-02-01_al_2026-02-15/Twitter/2026-02-01_al_2026-02-15_Twitter/2026-02-01_al_2026-02-15_Twitter_post_institucionales.csv
2026-02-01,2026-02-01_al_2026-02-15_Twitter,isaac_montoya,Isaac Montoya,twitter,Twitter/X,tweet,@isaacsolar,@isaacsolar,,"Regresamos a Rosa de Castilla para dejar una huella más del programa Huellas de la Transformación, donde rehabilitamos el andador de Las Torres con resultados concretos: instalamos 60 luminarias nuevas, aplicamos 24 toneladas de asfalto caliente y 300 costales de asfalto frío; pintamos guarniciones, marcamos la cancha y rehabilitamos sus cuatro canastas. Además, realizamos podas, clareos, chaponeo, desorille, barrido manual y retiramos más de 11 toneladas de residuos. #AquiGobiernaLaEsperanza #Naucalpan #HuellasDeLaTransformacion","Regresamos a Rosa de Castilla para dejar una huella más del programa Huellas de la Transformación, donde rehabilitamos el andador de Las Torres con resultados concretos: instalamos 60 luminarias nuevas, aplicamos 24 toneladas de asfalto caliente y 300 costales de asfalto frío; pintamos guarniciones, marcamos la cancha y rehabilitamos sus cuatro canastas. Además, realizamos podas, clareos, chaponeo, desorille, barrido manual y retiramos más de 11 toneladas de residuos. #AquiGobiernaLaEsperanza #Naucalpan #HuellasDeLaTransformacion",https://x.com/isaacsolar/status/2022742043227742676,https://x.com/isaacsolar/status/2022742043227742676,2026-02-14 18:37:38+00:00,2026-02-14,/home/emilio/Documentos/Naucalpan_Semanal_Reportes/Periodico/Enero_Mayo/2026-02-01_al_2026-02-15/Twitter/2026-02-01_al_2026-02-15_Twitter/2026-02-01_al_2026-02-15_Twitter_post_institucionales.csv
2026-02-01,2026-02-01_al_2026-02-15_Twitter,isaac_montoya,Isaac Montoya,twitter,Twitter/X,tweet,@isaacsolar,@isaacsolar,,"Huella de la Transformación en Rosa de Castilla El Gobierno de Naucalpan rehabilitó el andador de Las Torres con 60 luminarias nuevas, 24 toneladas de asfalto caliente, 300 costales de asfalto frío, pintura de guarniciones y canchas, además de podas y recolección de más de 11 toneladas de residuos. De un espacio en abandono, a un lugar seguro y digno para la comunidad. #AquiGobiernaLaEsperanza #Naucalpan #HuellasDeLaTransformación #RosaDeCastilla","Huella de la Transformación en Rosa de Castilla El Gobierno de Naucalpan rehabilitó el andador de Las Torres con 60 luminarias nuevas, 24 toneladas de asfalto caliente, 300 costales de asfalto frío, pintura de guarniciones y canchas, además de podas y recolección de más de 11 toneladas de residuos. De un espacio en abandono, a un lugar seguro y digno para la comunidad. #AquiGobiernaLaEsperanza #Naucalpan #HuellasDeLaTransformación #RosaDeCastilla",https://x.com/isaacsolar/status/2022741984431989188,https://x.com/isaacsolar/status/2022741984431989188,2026-02-14 18:37:24+00:00,2026-02-14,/home/emilio/Documentos/Naucalpan_Semanal_Reportes/Periodico/Enero_Mayo/2026-02-01_al_2026-02-15/Twitter/2026-02-01_al_2026-02-15_Twitter/2026-02-01_al_2026-02-15_Twitter_post_institucionales.csv
2026-02-01,2026-02-01_al_2026-02-15_Facebook,isaac_montoya,Isaac Montoya,facebook,Facebook,post_facebook,isaacmontoya24,Isaac Montoya,,"Hoy llevamos Impulsando tu Salud a la Presa Totolinga, en la colonia Los Cuartos 2ª Sección. 🤝🏥 Estoy convencido de que la salud no puede ser un privilegio, debe ser un derecho garantizado para todas y todos. Por eso, a través del DIF Naucalpan, acercamos servicios médicos gratuitos directamente a las comunidades, eliminando barreras y priorizando la prevención. Desde que iniciamos este programa el 4 de septiembre de 2025, hemos recorrido 21 comunidades y logrado más de 4,500 afiliaciones para atención médica gratuita. Y vamos por más. Anuncié que triplicaremos la capacidad del programa, con consulta médica general ilimitada, más de 200 medicamentos disponibles, servicios odontológicos, exámenes de laboratorio y hasta dos pares de lentes al año sin costo. Además, comenzamos el proceso de credencialización oficial para que las y los vecinos accedan de manera ordenada y transparente a estos servicios. También estamos rescatando instalaciones del DIF Naucalpan que estuvieron en abandono, porque brindar atención digna implica espacios adecuados y servidores públicos comprometidos. En este gobierno no hay lugar para la indiferencia ni el mal trato; aquí se sirve con calidez, respeto y responsabilidad. Seguimos trabajando en territorio, construyendo bienestar desde abajo y garantizando que ninguna familia se quede sin respaldo en materia de salud. #AquiGobiernaLaEsperanza #Naucalpan #ImpulsandoTuSalud #Salud","Hoy llevamos Impulsando tu Salud a la Presa Totolinga, en la colonia Los Cuartos 2ª Sección. 🤝🏥 Estoy convencido de que la salud no puede ser un privilegio, debe ser un derecho garantizado para todas y todos. Por eso, a través del DIF Naucalpan, acercamos servicios médicos gratuitos directamente a las comunidades, eliminando barreras y priorizando la prevención. Desde que iniciamos este programa el 4 de septiembre de 2025, hemos recorrido 21 comunidades y logrado más de 4,500 afiliaciones para atención médica gratuita. Y vamos por más. Anuncié que triplicaremos la capacidad del programa, con consulta médica general ilimitada, más de 200 medicamentos disponibles, servicios odontológicos, exámenes de laboratorio y hasta dos pares de lentes al año sin costo. Además, comenzamos el proceso de credencialización oficial para que las y los vecinos accedan de manera ordenada y transparente a estos servicios. También estamos rescatando instalaciones del DIF Naucalpan que estuvieron en abandono, porque brindar atención digna implica espacios adecuados y servidores públicos comprometidos. En este gobierno no hay lugar para la indiferencia ni el mal trato; aquí se sirve con calidez, respeto y responsabilidad. Seguimos trabajando en territorio, construyendo bienestar desde abajo y garantizando que ninguna familia se quede sin respaldo en materia de salud. #AquiGobiernaLaEsperanza #Naucalpan #ImpulsandoTuSalud #Salud",https://www.facebook.com/isaacmontoya24/posts/pfbid02sLQxq8mTe1jhfo8N6PoX4CJ5fBn4NkzY42LvXVgDsF4QbhRuyGq7hndkkg3fDJyRl,https://www.facebook.com/isaacmontoya24/posts/pfbid02sLQxq8mTe1jhfo8N6PoX4CJ5fBn4NkzY42LvXVgDsF4QbhRuyGq7hndkkg3fDJyRl,2026-02-13 21:03:47,2026-02-13,/home/emilio/Documentos/Naucalpan_Semanal_Reportes/Periodico/Enero_Mayo/2026-02-01_al_2026-02-15/Facebook/2026-02-01_al_2026-02-15_Facebook/2026-02-01_al_2026-02-15_Facebook_posts.csv
2026-02-01,2026-02-01_al_2026-02-15_Facebook,isaac_montoya,Isaac Montoya,facebook,Facebook,post_facebook,isaacmontoya24,Isaac Montoya,,"¡Que ruede el balón por La Paz! 🕊️✨ Encabecé la Mesa de Paz itinerante y dimos la patada inicial al torneo “Que Ruede el Balón por la Paz”, actividad que se realizó como parte de la estrategia nacional Atención a las Causas del Gobierno de México que encabeza nuestra Presidenta Claudia Sheinbaum. Para mí, no es solo fútbol: es comunidad, es esperanza y es recuperar lo que por años se les negó a nuestras niñas, niños y jóvenes.⚽ #AquiGobiernaLaEsperanza #Naucalpan #HuellasDeLaTransformacion #MesaDePaz #Torneo #IMCUFIDEN #SenderoSeguro #ServiciosPublicos","¡Que ruede el balón por La Paz! 🕊️✨ Encabecé la Mesa de Paz itinerante y dimos la patada inicial al torneo “Que Ruede el Balón por la Paz”, actividad que se realizó como parte de la estrategia nacional Atención a las Causas del Gobierno de México que encabeza nuestra Presidenta Claudia Sheinbaum. Para mí, no es solo fútbol: es comunidad, es esperanza y es recuperar lo que por años se les negó a nuestras niñas, niños y jóvenes.⚽ #AquiGobiernaLaEsperanza #Naucalpan #HuellasDeLaTransformacion #MesaDePaz #Torneo #IMCUFIDEN #SenderoSeguro #ServiciosPublicos",https://www.facebook.com/reel/2010080559926523/,https://www.facebook.com/reel/2010080559926523/,2026-02-13 18:28:04,2026-02-13,/home/emilio/Documentos/Naucalpan_Semanal_Reportes/Periodico/Enero_Mayo/2026-02-01_al_2026-02-15/Facebook/2026-02-01_al_2026-02-15_Facebook/2026-02-01_al_2026-02-15_Facebook_posts.csv
2026-02-01,2026-02-01_al_2026-02-15_Facebook,isaac_montoya,Isaac Montoya,facebook,Facebook,post_facebook,isaacmontoya24,Isaac Montoya,,"Encabecé la Mesa de Paz itinerante y dimos la patada inicial al torneo “Que Ruede el Balón por la Paz”, actividad que se realizó como parte de la estrategia nacional Atención a las Causas del Gobierno de México que encabeza nuestra Presidenta Claudia Sheinbaum. Para mí, no es solo fútbol: es comunidad, es esperanza y es recuperar lo que por años se les negó a nuestras niñas, niños y jóvenes.⚽🕊️ Volver a este parque no es cualquier cosa para mí. Soy el primer alcalde que proviene de las colonias, y conozco lo que significa caminar estas calles cuando estaban en el abandono. Por eso me llena de orgullo escuchar que hoy este espacio “de noche se ve mejor que de día”. Eso habla de seguridad, de dignidad y de esperanza. Instalamos 30 luminarias, realizamos podas, aplicamos 25 toneladas de mezcla asfáltica, retiramos 15 toneladas de basura y rehabilitamos las canchas de fútbol, voleibol, patinaje y básquetbol. Con el programa Huellas de la Transformación y el talento del artista Canek Leyva, este lugar hoy tiene identidad, luz y vida. El torneo, coordinado por el IMCUFIDEN, reunió a equipos de la comunidad para fortalecer la convivencia y demostrar que el deporte también construye paz. Recibimos una administración en ruinas, pero en un año destinamos más de mil millones de pesos para recuperar espacios. Hoy las comunidades que antes eran las últimas, son las primeras. Estoy convencido de que cuando gobierno y ciudadanía caminamos juntos, el cambio no solo se promete… se nota y se vive. #AquiGobiernaLaEsperanza #Naucalpan #HuellasDeLaTransformacion #MesaDePaz #Torneo #IMCUFIDEN #SenderoSeguro #ServiciosPublicos","Encabecé la Mesa de Paz itinerante y dimos la patada inicial al torneo “Que Ruede el Balón por la Paz”, actividad que se realizó como parte de la estrategia nacional Atención a las Causas del Gobierno de México que encabeza nuestra Presidenta Claudia Sheinbaum. Para mí, no es solo fútbol: es comunidad, es esperanza y es recuperar lo que por años se les negó a nuestras niñas, niños y jóvenes.⚽🕊️ Volver a este parque no es cualquier cosa para mí. Soy el primer alcalde que proviene de las colonias, y conozco lo que significa caminar estas calles cuando estaban en el abandono. Por eso me llena de orgullo escuchar que hoy este espacio “de noche se ve mejor que de día”. Eso habla de seguridad, de dignidad y de esperanza. Instalamos 30 luminarias, realizamos podas, aplicamos 25 toneladas de mezcla asfáltica, retiramos 15 toneladas de basura y rehabilitamos las canchas de fútbol, voleibol, patinaje y básquetbol. Con el programa Huellas de la Transformación y el talento del artista Canek Leyva, este lugar hoy tiene identidad, luz y vida. El torneo, coordinado por el IMCUFIDEN, reunió a equipos de la comunidad para fortalecer la convivencia y demostrar que el deporte también construye paz. Recibimos una administración en ruinas, pero en un año destinamos más de mil millones de pesos para recuperar espacios. Hoy las comunidades que antes eran las últimas, son las primeras. Estoy convencido de que cuando gobierno y ciudadanía caminamos juntos, el cambio no solo se promete… se nota y se vive. #AquiGobiernaLaEsperanza #Naucalpan #HuellasDeLaTransformacion #MesaDePaz #Torneo #IMCUFIDEN #SenderoSeguro #ServiciosPublicos",https://www.facebook.com/isaacmontoya24/posts/pfbid02Tqaep3RtWrYruu56hcRRu1aZqrYCLL2A83wFcMZBxPM8HebF6hw8jWiZbvvqAi5Ql,https://www.facebook.com/isaacmontoya24/posts/pfbid02Tqaep3RtWrYruu56hcRRu1aZqrYCLL2A83wFcMZBxPM8HebF6hw8jWiZbvvqAi5Ql,2026-02-13 18:13:35,2026-02-13,/home/emilio/Documentos/Naucalpan_Semanal_Reportes/Periodico/Enero_Mayo/2026-02-01_al_2026-02-15/Facebook/2026-02-01_al_2026-02-15_Facebook/2026-02-01_al_2026-02-15_Facebook_posts.csv
2026-02-01,2026-02-01_al_2026-02-15_Facebook,isaac_montoya,Isaac Montoya,facebook,Facebook,post_facebook,isaacmontoya24,Isaac Montoya,,"¡Que ruede el balón por La Paz! ⚽🕊️ Como vecino que proviene de las colonias, sé lo que significa recuperar espacios que durante años estuvieron en el abandono. Hoy este parque, que divide Minas San Martín y Ampliación Olímpica, vuelve a ser punto de encuentro para nuestras familias. Estoy convencido de que rescatar espacios es también construir paz. Seguimos trabajando en seguridad, obra pública y bienestar, porque las comunidades que antes eran las últimas, hoy son las primeras. #AquiGobiernaLaEsperanza #Naucalpan #HuellasDeLaTransformacion #MedaDePaz","¡Que ruede el balón por La Paz! ⚽🕊️ Como vecino que proviene de las colonias, sé lo que significa recuperar espacios que durante años estuvieron en el abandono. Hoy este parque, que divide Minas San Martín y Ampliación Olímpica, vuelve a ser punto de encuentro para nuestras familias. Estoy convencido de que rescatar espacios es también construir paz. Seguimos trabajando en seguridad, obra pública y bienestar, porque las comunidades que antes eran las últimas, hoy son las primeras. #AquiGobiernaLaEsperanza #Naucalpan #HuellasDeLaTransformacion #MedaDePaz",https://www.facebook.com/reel/915599784245621/,https://www.facebook.com/reel/915599784245621/,2026-02-13 17:31:10,2026-02-13,/home/emilio/Documentos/Naucalpan_Semanal_Reportes/Periodico/Enero_Mayo/2026-02-01_al_2026-02-15/Facebook/2026-02-01_al_2026-02-15_Facebook/2026-02-01_al_2026-02-15_Facebook_posts.csv
2026-02-01,2026-02-01_al_2026-02-15_Facebook,isaac_montoya,Isaac Montoya,facebook,Facebook,post_facebook,isaacmontoya24,Isaac Montoya,,"Dimos un paso firme para fortalecer el derecho a la salud en Ciudad Naucalpan: la entrega de la Unidad Médica “La Raquelito”, en la colonia La Raquelito, un espacio que encontramos en abandono y que hoy se transforma en una clínica digna, equipada y al servicio de quienes más lo necesitan. 🏥✨ El trabajo se realizó a través del DIF Municipal, con el objetivo de garantizar atención médica gratuita y permanente en medicina general, odontología, optometría y laboratorio clínico. No se trata solo de una remodelación; se trata de hacer valer un derecho humano fundamental. “La Raquelito” ahora cuenta con equipo moderno, como sillón dental electrónico, rayos X, cámara intraoral, autorrefractómetro, esterilizador y laboratorio clínico, entre otros. Además, este año integraremos una impresora 3D para generar placas dentales de alta tecnología de manera gratuita. Aquí no hay cuotas de recuperación ni barreras económicas: la salud no es un privilegio, es un derecho. Estoy convencido de que las comunidades más necesitadas merecen servicios de la mejor calidad. Seguimos demostrando que, cuando se gobierna con compromiso social, los resultados se ven y se sienten en cada colonia. Seguimos trabajando por el bienestar de las y los naucalpenses. #AquiGobiernaLaEsperanza #Naucalpan #LaRaquelito #Salud #DIFNaucalpan","Dimos un paso firme para fortalecer el derecho a la salud en Ciudad Naucalpan: la entrega de la Unidad Médica “La Raquelito”, en la colonia La Raquelito, un espacio que encontramos en abandono y que hoy se transforma en una clínica digna, equipada y al servicio de quienes más lo necesitan. 🏥✨ El trabajo se realizó a través del DIF Municipal, con el objetivo de garantizar atención médica gratuita y permanente en medicina general, odontología, optometría y laboratorio clínico. No se trata solo de una remodelación; se trata de hacer valer un derecho humano fundamental. “La Raquelito” ahora cuenta con equipo moderno, como sillón dental electrónico, rayos X, cámara intraoral, autorrefractómetro, esterilizador y laboratorio clínico, entre otros. Además, este año integraremos una impresora 3D para generar placas dentales de alta tecnología de manera gratuita. Aquí no hay cuotas de recuperación ni barreras económicas: la salud no es un privilegio, es un derecho. Estoy convencido de que las comunidades más necesitadas merecen servicios de la mejor calidad. Seguimos demostrando que, cuando se gobierna con compromiso social, los resultados se ven y se sienten en cada colonia. Seguimos trabajando por el bienestar de las y los naucalpenses. #AquiGobiernaLaEsperanza #Naucalpan #LaRaquelito #Salud #DIFNaucalpan",https://www.facebook.com/isaacmontoya24/posts/pfbid0K6X5vH6TXdXpF7Dcv1uRRuoKW8pYgbTdZgkrnxYvbCtpkPAtcjDKFmC7qCvDXK28l,https://www.facebook.com/isaacmontoya24/posts/pfbid0K6X5vH6TXdXpF7Dcv1uRRuoKW8pYgbTdZgkrnxYvbCtpkPAtcjDKFmC7qCvDXK28l,2026-02-13 15:43:39,2026-02-13,/home/emilio/Documentos/Naucalpan_Semanal_Reportes/Periodico/Enero_Mayo/2026-02-01_al_2026-02-15/Facebook/2026-02-01_al_2026-02-15_Facebook/2026-02-01_al_2026-02-15_Facebook_posts.csv
2026-02-01,2026-02-01_al_2026-02-15_Facebook,isaac_montoya,Isaac Montoya,facebook,Facebook,post_facebook,isaacmontoya24,Isaac Montoya,,"Inicio de la rehabilitación del Tanque de Agua Potable Jardines de La Florida, una infraestructura construida hace casi seis décadas y que durante más de 10 años dejó de funcionar. Estamos interviniendo un punto estratégico de nuestro sistema hídrico como parte del plan maestro para fortalecer la cobertura y garantizar el suministro constante en los hogares. Esta obra se realiza a través del PRODDER, bajo un esquema 50% federal y 50% municipal. 💧 Seguimos trabajando para garantizar el derecho al agua en Ciudad Naucalpan. #AquiGobiernaLaEsperanza #Naucalpan #OAPAS #PRODDER #LaFlorida","Inicio de la rehabilitación del Tanque de Agua Potable Jardines de La Florida, una infraestructura construida hace casi seis décadas y que durante más de 10 años dejó de funcionar. Estamos interviniendo un punto estratégico de nuestro sistema hídrico como parte del plan maestro para fortalecer la cobertura y garantizar el suministro constante en los hogares. Esta obra se realiza a través del PRODDER, bajo un esquema 50% federal y 50% municipal. 💧 Seguimos trabajando para garantizar el derecho al agua en Ciudad Naucalpan. #AquiGobiernaLaEsperanza #Naucalpan #OAPAS #PRODDER #LaFlorida",https://www.facebook.com/reel/1454594452961725/,https://www.facebook.com/reel/1454594452961725/,2026-02-13 15:07:49,2026-02-13,/home/emilio/Documentos/Naucalpan_Semanal_Reportes/Periodico/Enero_Mayo/2026-02-01_al_2026-02-15/Facebook/2026-02-01_al_2026-02-15_Facebook/2026-02-01_al_2026-02-15_Facebook_posts.csv
2026-02-01,2026-02-01_al_2026-02-15_Facebook,isaac_montoya,Isaac Montoya,facebook,Facebook,post_facebook,isaacmontoya24,Isaac Montoya,,"Visité Jardines de La Florida para sumar una renovación hídrica más con el inicio de la rehabilitación del Tanque de Agua Potable Jardines de La Florida, una infraestructura construida hace casi seis décadas y que durante más de 10 años dejó de funcionar. Estamos interviniendo un punto estratégico de nuestro sistema hídrico como parte del plan maestro para fortalecer la cobertura y garantizar el suministro constante en los hogares. Esta obra se realiza a través del PRODDER, bajo un esquema 50% federal y 50% municipal. 💧 El tanque será rehabilitado con recubrimiento anticorrosivo especializado, sustitución de equipos de bombeo y modernización del sistema de telemetría SCADA. Esto permitirá mejorar la distribución por gravedad hacia colonias como La Florida, Jardines de la Florida y Ex Hacienda, además de contar con alternativas ante posibles bajas del Sistema Cutzamala. No se trata de soluciones temporales, sino de renovar la infraestructura en puntos neurálgicos del municipio para que el agua llegue con mayor regularidad y estabilidad. Esta inversión forma parte de una estrategia integral que incluye modernización de redes, fortalecimiento de servicios públicos y mayor seguridad en nuestras comunidades. #AquiGobiernaLaEsperanza #Naucalpan #OAPAS #PRODDER #LaFlorida","Visité Jardines de La Florida para sumar una renovación hídrica más con el inicio de la rehabilitación del Tanque de Agua Potable Jardines de La Florida, una infraestructura construida hace casi seis décadas y que durante más de 10 años dejó de funcionar. Estamos interviniendo un punto estratégico de nuestro sistema hídrico como parte del plan maestro para fortalecer la cobertura y garantizar el suministro constante en los hogares. Esta obra se realiza a través del PRODDER, bajo un esquema 50% federal y 50% municipal. 💧 El tanque será rehabilitado con recubrimiento anticorrosivo especializado, sustitución de equipos de bombeo y modernización del sistema de telemetría SCADA. Esto permitirá mejorar la distribución por gravedad hacia colonias como La Florida, Jardines de la Florida y Ex Hacienda, además de contar con alternativas ante posibles bajas del Sistema Cutzamala. No se trata de soluciones temporales, sino de renovar la infraestructura en puntos neurálgicos del municipio para que el agua llegue con mayor regularidad y estabilidad. Esta inversión forma parte de una estrategia integral que incluye modernización de redes, fortalecimiento de servicios públicos y mayor seguridad en nuestras comunidades. #AquiGobiernaLaEsperanza #Naucalpan #OAPAS #PRODDER #LaFlorida",https://www.facebook.com/isaacmontoya24/posts/pfbid02FANumgZ6jNthd4r7uiooMuh1wScZtQiArdMQL9exJscsjvt4eX6G9owZ97yh1bKxl,https://www.facebook.com/isaacmontoya24/posts/pfbid02FANumgZ6jNthd4r7uiooMuh1wScZtQiArdMQL9exJscsjvt4eX6G9owZ97yh1bKxl,2026-02-13 14:53:47,2026-02-13,/home/emilio/Documentos/Naucalpan_Semanal_Reportes/Periodico/Enero_Mayo/2026-02-01_al_2026-02-15/Facebook/2026-02-01_al_2026-02-15_Facebook/2026-02-01_al_2026-02-15_Facebook_posts.csv
2026-02-01,2026-02-01_al_2026-02-15_Facebook,isaac_montoya,Isaac Montoya,facebook,Facebook,post_facebook,isaacmontoya24,Isaac Montoya,,"Inicio a la Rehabilitación y Equipamiento del Rebombeo Remedios💧 Esta obra forma parte de las Huellas de la Transformación del municipio. El rebombeo, con más de 40 años de antigüedad, será modernizado con tecnología de punta, lo que permitirá garantizar un mejor abasto de agua potable y una menor dependencia del Sistema Cutzamala. #AquiGobiernaLaEsperanza #Naucalpan #OAPAS #PRODDER #BosqueDeLosRemedios","Inicio a la Rehabilitación y Equipamiento del Rebombeo Remedios💧 Esta obra forma parte de las Huellas de la Transformación del municipio. El rebombeo, con más de 40 años de antigüedad, será modernizado con tecnología de punta, lo que permitirá garantizar un mejor abasto de agua potable y una menor dependencia del Sistema Cutzamala. #AquiGobiernaLaEsperanza #Naucalpan #OAPAS #PRODDER #BosqueDeLosRemedios",https://www.facebook.com/reel/1421234866050594/,https://www.facebook.com/reel/1421234866050594/,2026-02-13 12:18:02,2026-02-13,/home/emilio/Documentos/Naucalpan_Semanal_Reportes/Periodico/Enero_Mayo/2026-02-01_al_2026-02-15/Facebook/2026-02-01_al_2026-02-15_Facebook/2026-02-01_al_2026-02-15_Facebook_posts.csv
2026-02-01,2026-02-01_al_2026-02-15_Facebook,isaac_montoya,Isaac Montoya,facebook,Facebook,post_facebook,isaacmontoya24,Isaac Montoya,,"Acudí a la colonia Bosque de Los Remedios para dar el banderazo de inicio a la Rehabilitación y Equipamiento de Rebombeo Remedios, una obra estratégica dentro del plan maestro de aumento de cobertura hídrica y renovación de infraestructura hidráulica en Ciudad Naucalpan. Esta intervención, financiada a través del PRODDER 2025 en un esquema 50% federal y 50% municipal, contempla la instalación de equipos de bombeo vertical tipo turbina y la modernización del sistema de telemetría SCADA, lo que permitirá un monitoreo permanente y más eficiente de esta instalación operada por OAPAS. Durante años, nuestra infraestructura hidráulica sufrió rezagos importantes. Hoy estamos recuperando el tiempo perdido con una inversión histórica que busca saldar demandas acumuladas y garantizar mayor caudal para las comunidades de esta zona. Esta obra beneficiará directamente a colonias como Padre Figueroa, Los Remedios, La Rivera, Sierra Nevada, Ciudad de los Niños, entre otras. Además, estas iniciativas permitirán disminuir la dependencia del sistema Cutzamala, fortalecer el derecho al agua para todas y todos y modernizar instalaciones que tienen más de cuatro décadas de antigüedad. También seguimos avanzando en el mantenimiento de la red hidráulica, sustitución de drenaje y rescate de cuerpos de agua como el Río Hondo, el Río Verde y la Presa Los Cuartos, en coordinación con CONAGUA y la OCAVM. Estamos pensando en el presente, pero trabajando para las próximas décadas. Gobernar con responsabilidad implica anticiparnos, invertir con visión y devolverle dignidad a nuestras comunidades. #AquiGobiernaLaEsperanza #Naucalpan #OAPAS #PRODDER #BosqueDeLosRemedios","Acudí a la colonia Bosque de Los Remedios para dar el banderazo de inicio a la Rehabilitación y Equipamiento de Rebombeo Remedios, una obra estratégica dentro del plan maestro de aumento de cobertura hídrica y renovación de infraestructura hidráulica en Ciudad Naucalpan. Esta intervención, financiada a través del PRODDER 2025 en un esquema 50% federal y 50% municipal, contempla la instalación de equipos de bombeo vertical tipo turbina y la modernización del sistema de telemetría SCADA, lo que permitirá un monitoreo permanente y más eficiente de esta instalación operada por OAPAS. Durante años, nuestra infraestructura hidráulica sufrió rezagos importantes. Hoy estamos recuperando el tiempo perdido con una inversión histórica que busca saldar demandas acumuladas y garantizar mayor caudal para las comunidades de esta zona. Esta obra beneficiará directamente a colonias como Padre Figueroa, Los Remedios, La Rivera, Sierra Nevada, Ciudad de los Niños, entre otras. Además, estas iniciativas permitirán disminuir la dependencia del sistema Cutzamala, fortalecer el derecho al agua para todas y todos y modernizar instalaciones que tienen más de cuatro décadas de antigüedad. También seguimos avanzando en el mantenimiento de la red hidráulica, sustitución de drenaje y rescate de cuerpos de agua como el Río Hondo, el Río Verde y la Presa Los Cuartos, en coordinación con CONAGUA y la OCAVM. Estamos pensando en el presente, pero trabajando para las próximas décadas. Gobernar con responsabilidad implica anticiparnos, invertir con visión y devolverle dignidad a nuestras comunidades. #AquiGobiernaLaEsperanza #Naucalpan #OAPAS #PRODDER #BosqueDeLosRemedios",https://www.facebook.com/isaacmontoya24/posts/pfbid02D6geDZN7EtANmdwP4djQr3zPm1zWQPas9SSKpX49L7U7ZeVyujAqk89Snw6RGS3gl,https://www.facebook.com/isaacmontoya24/posts/pfbid02D6geDZN7EtANmdwP4djQr3zPm1zWQPas9SSKpX49L7U7ZeVyujAqk89Snw6RGS3gl,2026-02-13 12:10:58,2026-02-13,/home/emilio/Documentos/Naucalpan_Semanal_Reportes/Periodico/Enero_Mayo/2026-02-01_al_2026-02-15/Facebook/2026-02-01_al_2026-02-15_Facebook/2026-02-01_al_2026-02-15_Facebook_posts.csv
2026-02-01,2026-02-01_al_2026-02-15_Facebook,isaac_montoya,Isaac Montoya,facebook,Facebook,post_facebook,isaacmontoya24,Isaac Montoya,,"Seguimos transformando Ciudad Naucalpan🏗️ ✨ En el Mercado del Molinito realizamos trabajos para mejorar su infraestructura y garantizar espacios más seguros y funcionales para comerciantes y visitantes. Entre los trabajos realizados se encuentran: ✨ Retiro de láminas, canaletas y cenefas metálicas deterioradas en las tres naves. ✨ Intervención y reforzamiento de la estructura metálica existente. ✨ Resane de muros exteriores y colocación de nueva techumbre de lámina galvanizada. ✨ Instalación de tubería de PVC para bajadas de agua pluvial. ✨ Aplicación de pintura en cortinas y muros. 📐 Superficie atendida: 2,161.82 m² 👥 Población beneficiada: 32,179 habitantes #AquiGobiernaLaEsperanza #Naucalpan #Mercado #ElMolinito","Seguimos transformando Ciudad Naucalpan🏗️ ✨ En el Mercado del Molinito realizamos trabajos para mejorar su infraestructura y garantizar espacios más seguros y funcionales para comerciantes y visitantes. Entre los trabajos realizados se encuentran: ✨ Retiro de láminas, canaletas y cenefas metálicas deterioradas en las tres naves. ✨ Intervención y reforzamiento de la estructura metálica existente. ✨ Resane de muros exteriores y colocación de nueva techumbre de lámina galvanizada. ✨ Instalación de tubería de PVC para bajadas de agua pluvial. ✨ Aplicación de pintura en cortinas y muros. 📐 Superficie atendida: 2,161.82 m² 👥 Población beneficiada: 32,179 habitantes #AquiGobiernaLaEsperanza #Naucalpan #Mercado #ElMolinito",https://www.facebook.com/isaacmontoya24/posts/pfbid033AbkTGEnf5HhMrLG1o2or5MAhCJfxNrhnnLhXWAmccPKAyH1R16YfCuZhJ42y4wdl,https://www.facebook.com/isaacmontoya24/posts/pfbid033AbkTGEnf5HhMrLG1o2or5MAhCJfxNrhnnLhXWAmccPKAyH1R16YfCuZhJ42y4wdl,2026-02-13 10:49:27,2026-02-13,/home/emilio/Documentos/Naucalpan_Semanal_Reportes/Periodico/Enero_Mayo/2026-02-01_al_2026-02-15/Facebook/2026-02-01_al_2026-02-15_Facebook/2026-02-01_al_2026-02-15_Facebook_posts.csv
2026-02-01,2026-02-01_al_2026-02-15_Facebook,isaac_montoya,Isaac Montoya,facebook,Facebook,post_facebook,isaacmontoya24,Isaac Montoya,,"Transformamos el Mercado Público del Molinito 🏗️ Se realizaron trabajos para mejorar sus condiciones y garantizar mayor seguridad y funcionalidad para las y los comerciantes. ✨ Nueva techumbre de lámina galvanizada. ✨ Limpieza y reforzamiento de la estructura metálica. ✨ Resane de muros exteriores. ✨ Instalación de bajadas pluviales. ✨ Pintura en cortinas y muros... Con la próxima estación del Mexicable Línea 3, esta zona tendrá mayor conectividad y dinamismo comercial.🚡 Un mercado más seguro, funcional y digno para las y los naucalpenses. 🤝 #AquiGobiernaLaEsperanza #Naucalpan #Mercado #ElMolinito","Transformamos el Mercado Público del Molinito 🏗️ Se realizaron trabajos para mejorar sus condiciones y garantizar mayor seguridad y funcionalidad para las y los comerciantes. ✨ Nueva techumbre de lámina galvanizada. ✨ Limpieza y reforzamiento de la estructura metálica. ✨ Resane de muros exteriores. ✨ Instalación de bajadas pluviales. ✨ Pintura en cortinas y muros... Con la próxima estación del Mexicable Línea 3, esta zona tendrá mayor conectividad y dinamismo comercial.🚡 Un mercado más seguro, funcional y digno para las y los naucalpenses. 🤝 #AquiGobiernaLaEsperanza #Naucalpan #Mercado #ElMolinito",https://www.facebook.com/reel/3871910872942018/,https://www.facebook.com/reel/3871910872942018/,2026-02-13 10:48:24,2026-02-13,/home/emilio/Documentos/Naucalpan_Semanal_Reportes/Periodico/Enero_Mayo/2026-02-01_al_2026-02-15/Facebook/2026-02-01_al_2026-02-15_Facebook/2026-02-01_al_2026-02-15_Facebook_posts.csv
2026-02-01,2026-02-01_al_2026-02-15_Facebook,isaac_montoya,Isaac Montoya,facebook,Facebook,post_facebook,isaacmontoya24,Isaac Montoya,,"Acudí al Mercado Público del Molinito para constatar los trabajos de remodelación realizados en este espacio emblemático de nuestro municipio. Estos trabajos son fundamentales para que el mercado continúe impulsando la economía local y siga siendo sustento y fuente de empleo para cientos de familias naucalpenses.✨ La nueva techumbre respeta el diseño original del arquitecto Félix Candela, particularmente su estructura conocida como “paraguas”, que forma parte de la identidad arquitectónica de Ciudad Naucalpan. Aquí ya suman cuatro generaciones de comerciantes que han sostenido, con esfuerzo y dignidad, la economía popular de nuestra comunidad. Con estos trabajos garantizamos mejores condiciones de seguridad, funcionalidad y operación para las y los comerciantes, así como para vecinas y vecinos que diariamente realizan sus compras para el hogar o sus negocios. El Molinito tenía una deuda histórica. Es un mercado icónico, pero sobre todo es tierra de trabajo. Aquí hay historias de mujeres y hombres que migraron buscando un mejor futuro y que construyeron Naucalpan con esfuerzo y perseverancia. Gobernar implica reconocer esa historia y dignificarla. Además, este lugar se resignificará con la próxima estación de la Mexicable Línea 3. Esto permitirá mayor conectividad, un flujo más amplio de personas y mejores oportunidades para la actividad comercial de la zona. A ello se suman acciones integrales como el saneamiento del Río Hondo, la repavimentación de la avenida Río Hondo y del Camino Viejo a Zomeyucan, así como la recuperación de espacios públicos que mejoran la movilidad peatonal y vehicular. El Plan Maestro de los Triángulos del Bienestar contempla senderos seguros y luminosos entre Naucalpan Centro, el Molinito y Cuatro Caminos, con cámaras conectadas al C4 municipal. También se realizaron labores de limpieza y mantenimiento en el entorno, incluyendo la liberación de un chinchero a través de la Dirección de Servicios Públicos. #AquiGobiernaLaEsperanza #Naucalpan #Mercado #ElMolinito","Acudí al Mercado Público del Molinito para constatar los trabajos de remodelación realizados en este espacio emblemático de nuestro municipio. Estos trabajos son fundamentales para que el mercado continúe impulsando la economía local y siga siendo sustento y fuente de empleo para cientos de familias naucalpenses.✨ La nueva techumbre respeta el diseño original del arquitecto Félix Candela, particularmente su estructura conocida como “paraguas”, que forma parte de la identidad arquitectónica de Ciudad Naucalpan. Aquí ya suman cuatro generaciones de comerciantes que han sostenido, con esfuerzo y dignidad, la economía popular de nuestra comunidad. Con estos trabajos garantizamos mejores condiciones de seguridad, funcionalidad y operación para las y los comerciantes, así como para vecinas y vecinos que diariamente realizan sus compras para el hogar o sus negocios. El Molinito tenía una deuda histórica. Es un mercado icónico, pero sobre todo es tierra de trabajo. Aquí hay historias de mujeres y hombres que migraron buscando un mejor futuro y que construyeron Naucalpan con esfuerzo y perseverancia. Gobernar implica reconocer esa historia y dignificarla. Además, este lugar se resignificará con la próxima estación de la Mexicable Línea 3. Esto permitirá mayor conectividad, un flujo más amplio de personas y mejores oportunidades para la actividad comercial de la zona. A ello se suman acciones integrales como el saneamiento del Río Hondo, la repavimentación de la avenida Río Hondo y del Camino Viejo a Zomeyucan, así como la recuperación de espacios públicos que mejoran la movilidad peatonal y vehicular. El Plan Maestro de los Triángulos del Bienestar contempla senderos seguros y luminosos entre Naucalpan Centro, el Molinito y Cuatro Caminos, con cámaras conectadas al C4 municipal. También se realizaron labores de limpieza y mantenimiento en el entorno, incluyendo la liberación de un chinchero a través de la Dirección de Servicios Públicos. #AquiGobiernaLaEsperanza #Naucalpan #Mercado #ElMolinito",https://www.facebook.com/isaacmontoya24/posts/pfbid02HM4Zpn3feEmFbSQaPqEZQ74BLMMhy9E87e6dsv9GKgQpeqCUKpnZeY77rsmsniKZl,https://www.facebook.com/isaacmontoya24/posts/pfbid02HM4Zpn3feEmFbSQaPqEZQ74BLMMhy9E87e6dsv9GKgQpeqCUKpnZeY77rsmsniKZl,2026-02-13 10:39:01,2026-02-13,/home/emilio/Documentos/Naucalpan_Semanal_Reportes/Periodico/Enero_Mayo/2026-02-01_al_2026-02-15/Facebook/2026-02-01_al_2026-02-15_Facebook/2026-02-01_al_2026-02-15_Facebook_posts.csv
2026-02-01,2026-02-01_al_2026-02-15_Facebook,isaac_montoya,Isaac Montoya,facebook,Facebook,post_facebook,isaacmontoya24,Isaac Montoya,,"Seguimos transformando Ciudad Naucalpan🏗️ Se realizaron mejoras en el Mercado Público Salvador Sánchez Colín, en Ahuizotla. ✨Nueva techumbre de lámina galvanizada. ✨Reforzamiento de estructura metálica. ✨Resane y pintura en muros y cortinas. 📐 2,026.29 m² atendidos. 👥 57,846 habitantes beneficiados. #AquiGobiernaLaEsperanza #Naucalpan #HuellasDeLaTransformacion","Seguimos transformando Ciudad Naucalpan🏗️ Se realizaron mejoras en el Mercado Público Salvador Sánchez Colín, en Ahuizotla. ✨Nueva techumbre de lámina galvanizada. ✨Reforzamiento de estructura metálica. ✨Resane y pintura en muros y cortinas. 📐 2,026.29 m² atendidos. 👥 57,846 habitantes beneficiados. #AquiGobiernaLaEsperanza #Naucalpan #HuellasDeLaTransformacion",https://www.facebook.com/reel/1982467005683741/,https://www.facebook.com/reel/1982467005683741/,2026-02-12 21:47:23,2026-02-12,/home/emilio/Documentos/Naucalpan_Semanal_Reportes/Periodico/Enero_Mayo/2026-02-01_al_2026-02-15/Facebook/2026-02-01_al_2026-02-15_Facebook/2026-02-01_al_2026-02-15_Facebook_posts.csv
2026-02-01,2026-02-01_al_2026-02-15_Facebook,isaac_montoya,Isaac Montoya,facebook,Facebook,post_facebook,isaacmontoya24,Isaac Montoya,,Hoy firmamos un Convenio de Colaboración con la Secretaría del Trabajo del Gobierno del Estado de México y los 25 Gobiernos Municipales Competentes de la Sala Auxiliar de Tlalnepantla del Tribunal Estatal de Conciliación y Arbitraje.🤝 #AquiGobiernaLaEsperanza #Naucalpan #EdoMex #FirmaDeConvenioDeColaboracion,Hoy firmamos un Convenio de Colaboración con la Secretaría del Trabajo del Gobierno del Estado de México y los 25 Gobiernos Municipales Competentes de la Sala Auxiliar de Tlalnepantla del Tribunal Estatal de Conciliación y Arbitraje.🤝 #AquiGobiernaLaEsperanza #Naucalpan #EdoMex #FirmaDeConvenioDeColaboracion,https://www.facebook.com/reel/1459568922443532/,https://www.facebook.com/reel/1459568922443532/,2026-02-12 18:00:48,2026-02-12,/home/emilio/Documentos/Naucalpan_Semanal_Reportes/Periodico/Enero_Mayo/2026-02-01_al_2026-02-15/Facebook/2026-02-01_al_2026-02-15_Facebook/2026-02-01_al_2026-02-15_Facebook_posts.csv
2026-02-01,2026-02-01_al_2026-02-15_Facebook,isaac_montoya,Isaac Montoya,facebook,Facebook,post_facebook,isaacmontoya24,Isaac Montoya,,"Hoy firmamos un Convenio de Colaboración con la Secretaría del Trabajo del Gobierno del Estado de México y los 25 Gobiernos Municipales Competentes de la Sala Auxiliar de Tlalnepantla del Tribunal Estatal de Conciliación y Arbitraje.🤝 Con estas jornadas fortalecemos el diálogo como la mejor vía para resolver conflictos, sin afectar los derechos laborales ni la estabilidad de los municipios. En coordinación con el Gobierno del Estado de México, encabezado por la Maestra Delfina Gómez Álvarez, construimos soluciones responsables. Estoy convencido de que este paso permitirá dar certeza jurídica, evitar crisis financieras y dignificar la justicia laboral en beneficio de las familias mexiquenses. #AquiGobiernaLaEsperanza #Naucalpan #EdoMex #FirmaDeConvenioDeColaboración","Hoy firmamos un Convenio de Colaboración con la Secretaría del Trabajo del Gobierno del Estado de México y los 25 Gobiernos Municipales Competentes de la Sala Auxiliar de Tlalnepantla del Tribunal Estatal de Conciliación y Arbitraje.🤝 Con estas jornadas fortalecemos el diálogo como la mejor vía para resolver conflictos, sin afectar los derechos laborales ni la estabilidad de los municipios. En coordinación con el Gobierno del Estado de México, encabezado por la Maestra Delfina Gómez Álvarez, construimos soluciones responsables. Estoy convencido de que este paso permitirá dar certeza jurídica, evitar crisis financieras y dignificar la justicia laboral en beneficio de las familias mexiquenses. #AquiGobiernaLaEsperanza #Naucalpan #EdoMex #FirmaDeConvenioDeColaboración",https://www.facebook.com/isaacmontoya24/posts/pfbid0ajcp4QHQj1jyhrFaCj3fWffpJqaeK92AkqNcJryNgKn3vY24WGv1VrEBRVvfCGp3l,https://www.facebook.com/isaacmontoya24/posts/pfbid0ajcp4QHQj1jyhrFaCj3fWffpJqaeK92AkqNcJryNgKn3vY24WGv1VrEBRVvfCGp3l,2026-02-12 17:10:34,2026-02-12,/home/emilio/Documentos/Naucalpan_Semanal_Reportes/Periodico/Enero_Mayo/2026-02-01_al_2026-02-15/Facebook/2026-02-01_al_2026-02-15_Facebook/2026-02-01_al_2026-02-15_Facebook_posts.csv
2026-02-01,2026-02-01_al_2026-02-15_Facebook,isaac_montoya,Isaac Montoya,facebook,Facebook,post_facebook,isaacmontoya24,Isaac Montoya,,"Seguimos transformando Ciudad Naucalpan🏗️ Se realizaron mejoras en el Mercado Público Salvador Sánchez Colín, en Ahuizotla. ✨Nueva techumbre de lámina galvanizada. ✨Reforzamiento de estructura metálica. ✨Resane y pintura en muros y cortinas. 📐 2,026.29 m² atendidos 👥 57,846 habitantes beneficiados Espacios más dignos y seguros para las y los naucalpenses. 🤝 #AquiGobiernaLaEsperanza #Naucalpan #HuellasDeLaTransformacion","Seguimos transformando Ciudad Naucalpan🏗️ Se realizaron mejoras en el Mercado Público Salvador Sánchez Colín, en Ahuizotla. ✨Nueva techumbre de lámina galvanizada. ✨Reforzamiento de estructura metálica. ✨Resane y pintura en muros y cortinas. 📐 2,026.29 m² atendidos 👥 57,846 habitantes beneficiados Espacios más dignos y seguros para las y los naucalpenses. 🤝 #AquiGobiernaLaEsperanza #Naucalpan #HuellasDeLaTransformacion",https://www.facebook.com/isaacmontoya24/posts/pfbid02FHuwkRzSx1jQaGKnJzATE1evPmTiGBigmD4ZDtjhaeA7jN4oF1LVXoqTbgGZxRsil,https://www.facebook.com/isaacmontoya24/posts/pfbid02FHuwkRzSx1jQaGKnJzATE1evPmTiGBigmD4ZDtjhaeA7jN4oF1LVXoqTbgGZxRsil,2026-02-12 15:35:25,2026-02-12,/home/emilio/Documentos/Naucalpan_Semanal_Reportes/Periodico/Enero_Mayo/2026-02-01_al_2026-02-15/Facebook/2026-02-01_al_2026-02-15_Facebook/2026-02-01_al_2026-02-15_Facebook_posts.csv
2026-02-01,2026-02-01_al_2026-02-15_Facebook,isaac_montoya,Isaac Montoya,facebook,Facebook,post_facebook,isaacmontoya24,Isaac Montoya,,"Regresé al mercado público Salvador Sánchez Colín, en Ahuizotla. Volví con la memoria clara de cómo estaban sus techos: deteriorados, vencidos por el tiempo, reflejo de un espacio que durante décadas no fue atendido. Un lugar que, sin embargo, siempre ha sido el corazón económico y social de la colonia. Este mercado tiene más de 50 años de historia. Nació con cartones, piedras y palos. Y en todo ese tiempo jamás había recibido una intervención integral. Hoy eso cambió.✨ Dignificamos 2,026 metros cuadrados con una nueva techumbre de lámina galvanizada, reforzamos la estructura metálica, colocamos bajadas pluviales, renovamos pisos, aplicamos impermeabilizante y pintura en muros y cortinas. No es solo una obra: es dignidad para 132 locatarias y locatarios, y un espacio más seguro y funcional para miles de familias que aquí compran todos los días. Estoy convencido de que cuando llegamos a una colonia es para dejar huella, no para pasearnos. Dignificar este mercado es reconocer que La Ahuizotla es un barrio ancestral, vibrante y trabajador, que merece infraestructura a la altura de su historia. Porque transformar también es ordenar y rescatar nuestros espacios. #AquiGobiernaLaEsperanza #Naucalpan #HuellasDeLaTransformacion","Regresé al mercado público Salvador Sánchez Colín, en Ahuizotla. Volví con la memoria clara de cómo estaban sus techos: deteriorados, vencidos por el tiempo, reflejo de un espacio que durante décadas no fue atendido. Un lugar que, sin embargo, siempre ha sido el corazón económico y social de la colonia. Este mercado tiene más de 50 años de historia. Nació con cartones, piedras y palos. Y en todo ese tiempo jamás había recibido una intervención integral. Hoy eso cambió.✨ Dignificamos 2,026 metros cuadrados con una nueva techumbre de lámina galvanizada, reforzamos la estructura metálica, colocamos bajadas pluviales, renovamos pisos, aplicamos impermeabilizante y pintura en muros y cortinas. No es solo una obra: es dignidad para 132 locatarias y locatarios, y un espacio más seguro y funcional para miles de familias que aquí compran todos los días. Estoy convencido de que cuando llegamos a una colonia es para dejar huella, no para pasearnos. Dignificar este mercado es reconocer que La Ahuizotla es un barrio ancestral, vibrante y trabajador, que merece infraestructura a la altura de su historia. Porque transformar también es ordenar y rescatar nuestros espacios. #AquiGobiernaLaEsperanza #Naucalpan #HuellasDeLaTransformacion",https://www.facebook.com/isaacmontoya24/posts/pfbid02FWajbBBQUnxDdqk62536sX7Gp9SK7X2BGB2VyTB3NueTQKEQR4pvtXDSTC1ASxx9l,https://www.facebook.com/isaacmontoya24/posts/pfbid02FWajbBBQUnxDdqk62536sX7Gp9SK7X2BGB2VyTB3NueTQKEQR4pvtXDSTC1ASxx9l,2026-02-12 15:33:38,2026-02-12,/home/emilio/Documentos/Naucalpan_Semanal_Reportes/Periodico/Enero_Mayo/2026-02-01_al_2026-02-15/Facebook/2026-02-01_al_2026-02-15_Facebook/2026-02-01_al_2026-02-15_Facebook_posts.csv
2026-02-01,2026-02-01_al_2026-02-15_Facebook,isaac_montoya,Isaac Montoya,facebook,Facebook,post_facebook,isaacmontoya24,Isaac Montoya,,"Detención del presunto agresor de “Lobito”.📌 La Guardia Municipal de Ciudad Naucalpan, en coordinación con la Fiscalía General de Justicia del Estado de México, la Policía de Investigacióny la Secretaría de Seguridad del Estado de México, dio cumplimiento a una orden de cateo donde se logró la detención del probable agresor del canino “Lobito”. Continuamos reforzando la seguridad en Ciudad Naucalpan. #AquiGobiernaLaEsperanza #GuardiaMunicipal #Naucalpan #BienestarAnimal #Lobito #NoAlMaltratoAnimal #Edomex #SSEM","Detención del presunto agresor de “Lobito”.📌 La Guardia Municipal de Ciudad Naucalpan, en coordinación con la Fiscalía General de Justicia del Estado de México, la Policía de Investigacióny la Secretaría de Seguridad del Estado de México, dio cumplimiento a una orden de cateo donde se logró la detención del probable agresor del canino “Lobito”. Continuamos reforzando la seguridad en Ciudad Naucalpan. #AquiGobiernaLaEsperanza #GuardiaMunicipal #Naucalpan #BienestarAnimal #Lobito #NoAlMaltratoAnimal #Edomex #SSEM",https://www.facebook.com/reel/1551124172847637/,https://www.facebook.com/reel/1551124172847637/,2026-02-12 12:27:04,2026-02-12,/home/emilio/Documentos/Naucalpan_Semanal_Reportes/Periodico/Enero_Mayo/2026-02-01_al_2026-02-15/Facebook/2026-02-01_al_2026-02-15_Facebook/2026-02-01_al_2026-02-15_Facebook_posts.csv
2026-02-01,2026-02-01_al_2026-02-15_Facebook,isaac_montoya,Isaac Montoya,facebook,Facebook,post_facebook,isaacmontoya24,Isaac Montoya,,"Rehabilitación con concreto hidráulico de un segundo tramo de la lateral del Periférico Norte🚧✨ Esta transformación se consolida gracias al trabajo coordinado con el Gobierno del Estado de México, encabezado por la Gobernadora Delfina Gómez Álvarez. En Ciudad Naucalpan seguimos impulsando obras que mejoren la movilidad y la calidad de vida de nuestra gente. #AquiGobiernaLaEsperanza #Naucalpan #EdoMex #PerifericoNorte #SegundoTramo","Rehabilitación con concreto hidráulico de un segundo tramo de la lateral del Periférico Norte🚧✨ Esta transformación se consolida gracias al trabajo coordinado con el Gobierno del Estado de México, encabezado por la Gobernadora Delfina Gómez Álvarez. En Ciudad Naucalpan seguimos impulsando obras que mejoren la movilidad y la calidad de vida de nuestra gente. #AquiGobiernaLaEsperanza #Naucalpan #EdoMex #PerifericoNorte #SegundoTramo",https://www.facebook.com/reel/1253095156734034/,https://www.facebook.com/reel/1253095156734034/,2026-02-12 09:04:01,2026-02-12,/home/emilio/Documentos/Naucalpan_Semanal_Reportes/Periodico/Enero_Mayo/2026-02-01_al_2026-02-15/Facebook/2026-02-01_al_2026-02-15_Facebook/2026-02-01_al_2026-02-15_Facebook_posts.csv
2026-02-01,2026-02-01_al_2026-02-15_Twitter,isaac_montoya,Isaac Montoya,twitter,Twitter/X,tweet,@isaacsolar,@isaacsolar,,"Tercera Mesa de Coordinación para la Reconstrucción del Periférico Norte, realizada en Cuautitlán Izcalli, junto al Director General de la Junta de Caminos del Estado de México, Joel González Toral, presidentas y presidentes municipales de la región, y representantes de la","Tercera Mesa de Coordinación para la Reconstrucción del Periférico Norte, realizada en Cuautitlán Izcalli, junto al Director General de la Junta de Caminos del Estado de México, Joel González Toral, presidentas y presidentes municipales de la región, y representantes de la",https://x.com/isaacsolar/status/2021761459772912084,https://x.com/isaacsolar/status/2021761459772912084,2026-02-12 01:41:09+00:00,2026-02-12,/home/emilio/Documentos/Naucalpan_Semanal_Reportes/Periodico/Enero_Mayo/2026-02-01_al_2026-02-15/Twitter/2026-02-01_al_2026-02-15_Twitter/2026-02-01_al_2026-02-15_Twitter_post_institucionales.csv
2026-02-01,2026-02-01_al_2026-02-15_Facebook,isaac_montoya,Isaac Montoya,facebook,Facebook,post_facebook,isaacmontoya24,Isaac Montoya,,"Tercera Mesa de Coordinación para la Reconstrucción del Periférico Norte, realizada en Cuautitlán Izcalli, junto al Director General de la Junta de Caminos del Estado de México, Joel González Toral, presidentas y presidentes municipales de la región, y representantes de la empresa Aleatica.🛣️🚗 #Naucalpan #PerifericoNorte #JuntaDeCaminos #EdoMex #Aleatica #Movilidad","Tercera Mesa de Coordinación para la Reconstrucción del Periférico Norte, realizada en Cuautitlán Izcalli, junto al Director General de la Junta de Caminos del Estado de México, Joel González Toral, presidentas y presidentes municipales de la región, y representantes de la empresa Aleatica.🛣️🚗 #Naucalpan #PerifericoNorte #JuntaDeCaminos #EdoMex #Aleatica #Movilidad",https://www.facebook.com/reel/786766731129214/,https://www.facebook.com/reel/786766731129214/,2026-02-11 19:43:01,2026-02-11,/home/emilio/Documentos/Naucalpan_Semanal_Reportes/Periodico/Enero_Mayo/2026-02-01_al_2026-02-15/Facebook/2026-02-01_al_2026-02-15_Facebook/2026-02-01_al_2026-02-15_Facebook_posts.csv
2026-02-01,2026-02-01_al_2026-02-15_Facebook,isaac_montoya,Isaac Montoya,facebook,Facebook,post_facebook,isaacmontoya24,Isaac Montoya,,"Participé en la tercera Mesa de Coordinación para la Reconstrucción del Periférico Norte, realizada en Cuautitlán Izcalli, junto al Director General de la Junta de Caminos del Estado de México, Joel González Toral, presidentas y presidentes municipales de la región, y representantes de la empresa Aleatica. Se trata de una intervención estructural sin precedentes en una vía por la que diariamente transitan más de 204 mil vehículos, entre transporte público, privado y de carga. Esta transformación no solo mejorará la movilidad, sino que reducirá tiempos de traslado, fortalecerá la seguridad vial y disminuirá emisiones contaminantes. Agradezco el respaldo del Gobierno del Estado de México, encabezado por la Maestra Delfina Gómez Álvarez, y el trabajo coordinado con los municipios vecinos. Las obras traerán beneficios permanentes para miles de familias naucalpenses y para toda la zona metropolitana.🛣️🚗 #Naucalpan #PerifericoNorte #JuntaDeCaminos #EdoMex #Aleatica #Movilidad","Participé en la tercera Mesa de Coordinación para la Reconstrucción del Periférico Norte, realizada en Cuautitlán Izcalli, junto al Director General de la Junta de Caminos del Estado de México, Joel González Toral, presidentas y presidentes municipales de la región, y representantes de la empresa Aleatica. Se trata de una intervención estructural sin precedentes en una vía por la que diariamente transitan más de 204 mil vehículos, entre transporte público, privado y de carga. Esta transformación no solo mejorará la movilidad, sino que reducirá tiempos de traslado, fortalecerá la seguridad vial y disminuirá emisiones contaminantes. Agradezco el respaldo del Gobierno del Estado de México, encabezado por la Maestra Delfina Gómez Álvarez, y el trabajo coordinado con los municipios vecinos. Las obras traerán beneficios permanentes para miles de familias naucalpenses y para toda la zona metropolitana.🛣️🚗 #Naucalpan #PerifericoNorte #JuntaDeCaminos #EdoMex #Aleatica #Movilidad",https://www.facebook.com/isaacmontoya24/posts/pfbid0ea5aGUKRf1g1jbNE23GFkxwzeVX1SVT7ARS3B2RVqAw23JFA46nGYYH9siBxoko8l,https://www.facebook.com/isaacmontoya24/posts/pfbid0ea5aGUKRf1g1jbNE23GFkxwzeVX1SVT7ARS3B2RVqAw23JFA46nGYYH9siBxoko8l,2026-02-11 18:38:03,2026-02-11,/home/emilio/Documentos/Naucalpan_Semanal_Reportes/Periodico/Enero_Mayo/2026-02-01_al_2026-02-15/Facebook/2026-02-01_al_2026-02-15_Facebook/2026-02-01_al_2026-02-15_Facebook_posts.csv
2026-02-01,2026-02-01_al_2026-02-15_Facebook,isaac_montoya,Isaac Montoya,facebook,Facebook,post_facebook,isaacmontoya24,Isaac Montoya,,"Celebré con enorme alegría los 57 años del Mercado de la Cabecera Municipal, el corazón comercial y comunitario de Ciudad Naucalpan. 🎉🏬🍍🍐🍉🤼‍♀️🎶🤝✨ En un ambiente lleno de lucha libre, música y baile, reconocimos a sus 688 locatarias y locatarios, mujeres y hombres que todos los días levantan sus cortinas para sostener a cientos de familias y mantener viva una tradición que ha pasado por generaciones. Este mercado no solo es el más grande de nuestro municipio, es un espacio icónico donde miles de familias vienen a surtir su despensa, a encontrarse, a disfrutar de nuestros antojitos y a fortalecer el comercio local. Entre semana recibe cerca de 10 mil personas y los fines de semana hasta 18 mil visitantes. Eso habla de su fuerza y de su historia. Sé que han superado momentos difíciles, como la pandemia, y que resistieron con unidad y responsabilidad. Por eso mi compromiso es claro: vamos a seguir fortaleciendo este mercado, estamos trabajando en un proyecto para ampliar su estacionamiento y mejorar su capacidad para recibir a más visitantes. Gracias por mantener viva la esencia de Ciudad Naucalpan.✨ #AquiGobiernaLaEsperanza #Naucalpan #Mercado #Pueblo #SanBartolo","Celebré con enorme alegría los 57 años del Mercado de la Cabecera Municipal, el corazón comercial y comunitario de Ciudad Naucalpan. 🎉🏬🍍🍐🍉🤼‍♀️🎶🤝✨ En un ambiente lleno de lucha libre, música y baile, reconocimos a sus 688 locatarias y locatarios, mujeres y hombres que todos los días levantan sus cortinas para sostener a cientos de familias y mantener viva una tradición que ha pasado por generaciones. Este mercado no solo es el más grande de nuestro municipio, es un espacio icónico donde miles de familias vienen a surtir su despensa, a encontrarse, a disfrutar de nuestros antojitos y a fortalecer el comercio local. Entre semana recibe cerca de 10 mil personas y los fines de semana hasta 18 mil visitantes. Eso habla de su fuerza y de su historia. Sé que han superado momentos difíciles, como la pandemia, y que resistieron con unidad y responsabilidad. Por eso mi compromiso es claro: vamos a seguir fortaleciendo este mercado, estamos trabajando en un proyecto para ampliar su estacionamiento y mejorar su capacidad para recibir a más visitantes. Gracias por mantener viva la esencia de Ciudad Naucalpan.✨ #AquiGobiernaLaEsperanza #Naucalpan #Mercado #Pueblo #SanBartolo",https://www.facebook.com/isaacmontoya24/posts/pfbid0jdJs6dnJKrhN7QwqSPwWEbuaoWUetSYGBA8ubUBGmTq6Vw3XBaBBnVEqq6oaWXJUl,https://www.facebook.com/isaacmontoya24/posts/pfbid0jdJs6dnJKrhN7QwqSPwWEbuaoWUetSYGBA8ubUBGmTq6Vw3XBaBBnVEqq6oaWXJUl,2026-02-11 12:13:40,2026-02-11,/home/emilio/Documentos/Naucalpan_Semanal_Reportes/Periodico/Enero_Mayo/2026-02-01_al_2026-02-15/Facebook/2026-02-01_al_2026-02-15_Facebook/2026-02-01_al_2026-02-15_Facebook_posts.csv
2026-02-01,2026-02-01_al_2026-02-15_Twitter,isaac_montoya,Isaac Montoya,twitter,Twitter/X,tweet,@isaacsolar,@isaacsolar,,"Hoy celebramos 57 años del Mercado de la Cabecera Municipal de Naucalpan. El Mercado de San Bartolo es un espacio que representa trabajo, identidad y sustento para cientos de familias naucalpenses. ¡No olviden visitarlo! #AquiGobiernaLaEsperanza #Naucalpan","Hoy celebramos 57 años del Mercado de la Cabecera Municipal de Naucalpan. El Mercado de San Bartolo es un espacio que representa trabajo, identidad y sustento para cientos de familias naucalpenses. ¡No olviden visitarlo! #AquiGobiernaLaEsperanza #Naucalpan",https://x.com/isaacsolar/status/2021415935001706671,https://x.com/isaacsolar/status/2021415935001706671,2026-02-11 02:48:09+00:00,2026-02-11,/home/emilio/Documentos/Naucalpan_Semanal_Reportes/Periodico/Enero_Mayo/2026-02-01_al_2026-02-15/Twitter/2026-02-01_al_2026-02-15_Twitter/2026-02-01_al_2026-02-15_Twitter_post_institucionales.csv
2026-02-01,2026-02-01_al_2026-02-15_Facebook,isaac_montoya,Isaac Montoya,facebook,Facebook,post_facebook,isaacmontoya24,Isaac Montoya,,"Hoy celebramos 57 años del Mercado de la Cabecera Municipal de Naucalpan. El Mercado de San Bartolo es un espacio que representa trabajo, identidad y sustento para cientos de familias naucalpenses. 🍍🍐🍉🤼‍♀️🎶🤝✨ ¡No olviden visitarlo! #AquiGobiernaLaEsperanza #Naucalpan #Mercado #Pueblo #SanBartolo","Hoy celebramos 57 años del Mercado de la Cabecera Municipal de Naucalpan. El Mercado de San Bartolo es un espacio que representa trabajo, identidad y sustento para cientos de familias naucalpenses. 🍍🍐🍉🤼‍♀️🎶🤝✨ ¡No olviden visitarlo! #AquiGobiernaLaEsperanza #Naucalpan #Mercado #Pueblo #SanBartolo",https://www.facebook.com/reel/921561000330410/,https://www.facebook.com/reel/921561000330410/,2026-02-10 20:51:18,2026-02-10,/home/emilio/Documentos/Naucalpan_Semanal_Reportes/Periodico/Enero_Mayo/2026-02-01_al_2026-02-15/Facebook/2026-02-01_al_2026-02-15_Facebook/2026-02-01_al_2026-02-15_Facebook_posts.csv
2026-02-01,2026-02-01_al_2026-02-15_Facebook,isaac_montoya,Isaac Montoya,facebook,Facebook,post_facebook,isaacmontoya24,Isaac Montoya,,"Hoy celebramos 57 años del Mercado de la Cabecera Municipal de Naucalpan. El Mercado de San Bartolo, es un espacio que representa trabajo, identidad y sustento para cientos de familias naucalpenses.🍍🍐🍉✨ En un ambiente de fiesta, con música, baile y lucha libre, reconocimos a las y los 688 locatarios que, generación tras generación, han mantenido vivo este mercado que diariamente abastece a miles de personas. Este mercado es parte del corazón de Ciudad Naucalpan y tenemos el compromiso de fortalecerlo y mejorar sus condiciones para que siga creciendo y recibiendo a más visitantes. Gracias por su esfuerzo y por cuidar un espacio que es orgullo de nuestro municipio. #AquiGobiernaLaEsperanza #Naucalpan #Mercado #SanBartolo #Tradicion","Hoy celebramos 57 años del Mercado de la Cabecera Municipal de Naucalpan. El Mercado de San Bartolo, es un espacio que representa trabajo, identidad y sustento para cientos de familias naucalpenses.🍍🍐🍉✨ En un ambiente de fiesta, con música, baile y lucha libre, reconocimos a las y los 688 locatarios que, generación tras generación, han mantenido vivo este mercado que diariamente abastece a miles de personas. Este mercado es parte del corazón de Ciudad Naucalpan y tenemos el compromiso de fortalecerlo y mejorar sus condiciones para que siga creciendo y recibiendo a más visitantes. Gracias por su esfuerzo y por cuidar un espacio que es orgullo de nuestro municipio. #AquiGobiernaLaEsperanza #Naucalpan #Mercado #SanBartolo #Tradicion",https://www.facebook.com/reel/1441465637554905/,https://www.facebook.com/reel/1441465637554905/,2026-02-10 20:39:17,2026-02-10,/home/emilio/Documentos/Naucalpan_Semanal_Reportes/Periodico/Enero_Mayo/2026-02-01_al_2026-02-15/Facebook/2026-02-01_al_2026-02-15_Facebook/2026-02-01_al_2026-02-15_Facebook_posts.csv
2026-02-01,2026-02-01_al_2026-02-15_Facebook,isaac_montoya,Isaac Montoya,facebook,Facebook,post_facebook,isaacmontoya24,Isaac Montoya,,"Rueda de Prensa🎤 Compartí avances y trabajos que estamos impulsando en Ciudad Naucalpan, con el objetivo de atender temas prioritarios: ▪️Es irrefutable la disminución de la incidencia delictiva de alto impacto, con base en las cifras oficiales. ▪️ Presentamos los avances del Plan de Reingeniería Hídrica. ▪️ Dimos cuenta de las intervenciones del programa Huellas de la Transformación, orientadas a la recuperación de espacios públicos y al fortalecimiento de la vida comunitaria. Seguimos informando con transparencia, escuchando a la gente y trabajando en territorio por el bienestar de las familias naucalpenses. #AquiGobiernaLaEsperanza #Naucalpan #RuedaDePrensa","Rueda de Prensa🎤 Compartí avances y trabajos que estamos impulsando en Ciudad Naucalpan, con el objetivo de atender temas prioritarios: ▪️Es irrefutable la disminución de la incidencia delictiva de alto impacto, con base en las cifras oficiales. ▪️ Presentamos los avances del Plan de Reingeniería Hídrica. ▪️ Dimos cuenta de las intervenciones del programa Huellas de la Transformación, orientadas a la recuperación de espacios públicos y al fortalecimiento de la vida comunitaria. Seguimos informando con transparencia, escuchando a la gente y trabajando en territorio por el bienestar de las familias naucalpenses. #AquiGobiernaLaEsperanza #Naucalpan #RuedaDePrensa",https://www.facebook.com/isaacmontoya24/posts/pfbid0239qUF4rXb9AM5sMMsqhgj51nsGbgQ9tbf8RqErf2rMFdgHcfx1RoJjQgq5hBwDEHl,https://www.facebook.com/isaacmontoya24/posts/pfbid0239qUF4rXb9AM5sMMsqhgj51nsGbgQ9tbf8RqErf2rMFdgHcfx1RoJjQgq5hBwDEHl,2026-02-10 16:26:33,2026-02-10,/home/emilio/Documentos/Naucalpan_Semanal_Reportes/Periodico/Enero_Mayo/2026-02-01_al_2026-02-15/Facebook/2026-02-01_al_2026-02-15_Facebook/2026-02-01_al_2026-02-15_Facebook_posts.csv
2026-02-01,2026-02-01_al_2026-02-15_Twitter,isaac_montoya,Isaac Montoya,twitter,Twitter/X,tweet,@isaacsolar,@isaacsolar,,"Rueda de Prensa Compartí avances y trabajos que estamos impulsando en Ciudad Naucalpan, con el objetivo de atender temas prioritarios: Es irrefutable la disminución de la incidencia delictiva de alto impacto, con base en las cifras oficiales. Presentamos los avances del Plan de Reingeniería Hídrica. Dimos cuenta de las intervenciones del programa Huellas de la Transformación, orientadas a la recuperación de espacios públicos y al fortalecimiento de la vida comunitaria. Seguimos informando con transparencia, escuchando a la gente y trabajando en territorio por el bienestar de las familias naucalpenses. #AquiGobiernaLaEsperanza #Naucalpan #RuedaDePrensa","Rueda de Prensa Compartí avances y trabajos que estamos impulsando en Ciudad Naucalpan, con el objetivo de atender temas prioritarios: Es irrefutable la disminución de la incidencia delictiva de alto impacto, con base en las cifras oficiales. Presentamos los avances del Plan de Reingeniería Hídrica. Dimos cuenta de las intervenciones del programa Huellas de la Transformación, orientadas a la recuperación de espacios públicos y al fortalecimiento de la vida comunitaria. Seguimos informando con transparencia, escuchando a la gente y trabajando en territorio por el bienestar de las familias naucalpenses. #AquiGobiernaLaEsperanza #Naucalpan #RuedaDePrensa",https://x.com/isaacsolar/status/2021350343649472970,https://x.com/isaacsolar/status/2021350343649472970,2026-02-10 22:27:31+00:00,2026-02-10,/home/emilio/Documentos/Naucalpan_Semanal_Reportes/Periodico/Enero_Mayo/2026-02-01_al_2026-02-15/Twitter/2026-02-01_al_2026-02-15_Twitter/2026-02-01_al_2026-02-15_Twitter_post_institucionales.csv
2026-02-01,2026-02-01_al_2026-02-15_Facebook,isaac_montoya,Isaac Montoya,facebook,Facebook,post_facebook,isaacmontoya24,Isaac Montoya,,"Desde Ciudad Naucalpan seguimos acompañando las políticas de bienestar que ponen al centro a quienes más lo necesitan. En coordinación con el Gobierno de México y la Secretaría de Bienestar, se lleva a cabo la entrega de Tarjetas Bienestar para personas adultas mayores y mujeres que se registraron en el mes de diciembre. #Naucalpan #Bienestar #TarjetaBienestar #AdultosMayores #MujeresBienestar","Desde Ciudad Naucalpan seguimos acompañando las políticas de bienestar que ponen al centro a quienes más lo necesitan. En coordinación con el Gobierno de México y la Secretaría de Bienestar, se lleva a cabo la entrega de Tarjetas Bienestar para personas adultas mayores y mujeres que se registraron en el mes de diciembre. #Naucalpan #Bienestar #TarjetaBienestar #AdultosMayores #MujeresBienestar",https://www.facebook.com/isaacmontoya24/posts/pfbid0sFieqeDK9jD6cHfw7ts5n8HRqmBXMWGSLfM3WD3WyDLnXJFyxQ4Gw9UXJCgwDg4pl,https://www.facebook.com/isaacmontoya24/posts/pfbid0sFieqeDK9jD6cHfw7ts5n8HRqmBXMWGSLfM3WD3WyDLnXJFyxQ4Gw9UXJCgwDg4pl,2026-02-09 11:56:06,2026-02-09,/home/emilio/Documentos/Naucalpan_Semanal_Reportes/Periodico/Enero_Mayo/2026-02-01_al_2026-02-15/Facebook/2026-02-01_al_2026-02-15_Facebook/2026-02-01_al_2026-02-15_Facebook_posts.csv
2026-02-01,2026-02-01_al_2026-02-15_Twitter,isaac_montoya,Isaac Montoya,twitter,Twitter/X,tweet,@isaacsolar,@isaacsolar,,"Hoy felicito con aprecio y respeto a mi amigo José Luis Cervantes, Fiscal General de Justicia del Estado de México, con motivo de su cumpleaños. Que este nuevo año venga acompañado de bienestar personal y de muchos motivos para seguir avanzando, juntas y juntos, en la ruta de la transformación, por la dignificación y el bienestar del pueblo de México. Recibe mis mejores deseos. #Naucalpan","Hoy felicito con aprecio y respeto a mi amigo José Luis Cervantes, Fiscal General de Justicia del Estado de México, con motivo de su cumpleaños. Que este nuevo año venga acompañado de bienestar personal y de muchos motivos para seguir avanzando, juntas y juntos, en la ruta de la transformación, por la dignificación y el bienestar del pueblo de México. Recibe mis mejores deseos. #Naucalpan",https://x.com/isaacsolar/status/2020722864115126597,https://x.com/isaacsolar/status/2020722864115126597,2026-02-09 04:54:08+00:00,2026-02-09,/home/emilio/Documentos/Naucalpan_Semanal_Reportes/Periodico/Enero_Mayo/2026-02-01_al_2026-02-15/Twitter/2026-02-01_al_2026-02-15_Twitter/2026-02-01_al_2026-02-15_Twitter_post_institucionales.csv
2026-02-01,2026-02-01_al_2026-02-15_Facebook,isaac_montoya,Isaac Montoya,facebook,Facebook,post_facebook,isaacmontoya24,Isaac Montoya,,"Hoy felicito con aprecio y respeto a mi amigo José Luis Cervantes, Fiscal General de Justicia del Estado de México, con motivo de su cumpleaños. 🎉 Que este nuevo año venga acompañado de bienestar personal y de muchos motivos para seguir avanzando, juntas y juntos, en la ruta de la transformación, por la dignificación y el bienestar del pueblo de México.🤝 Recibe mis mejores deseos. #Naucalpan","Hoy felicito con aprecio y respeto a mi amigo José Luis Cervantes, Fiscal General de Justicia del Estado de México, con motivo de su cumpleaños. 🎉 Que este nuevo año venga acompañado de bienestar personal y de muchos motivos para seguir avanzando, juntas y juntos, en la ruta de la transformación, por la dignificación y el bienestar del pueblo de México.🤝 Recibe mis mejores deseos. #Naucalpan",https://www.facebook.com/isaacmontoya24/posts/pfbid0fmD7am4mKBUJBcjMBzxqAXJE7MonzTWqWasyWVVL3cTxucWAJLThhLNoXKhqi6QEl,https://www.facebook.com/isaacmontoya24/posts/pfbid0fmD7am4mKBUJBcjMBzxqAXJE7MonzTWqWasyWVVL3cTxucWAJLThhLNoXKhqi6QEl,2026-02-08 22:46:06,2026-02-08,/home/emilio/Documentos/Naucalpan_Semanal_Reportes/Periodico/Enero_Mayo/2026-02-01_al_2026-02-15/Facebook/2026-02-01_al_2026-02-15_Facebook/2026-02-01_al_2026-02-15_Facebook_posts.csv
2026-02-01,2026-02-01_al_2026-02-15_Facebook,isaac_montoya,Isaac Montoya,facebook,Facebook,post_facebook,isaacmontoya24,Isaac Montoya,,"Regresamos al Parque La Punta, en la colonia Alfredo del Mazo, para cumplir una deuda con una comunidad que nunca dejó de creer. Con Huellas de la Transformación, recuperamos este espacio con nuevas luminarias, canchas, juegos y trabajos de limpieza, devolviéndolo a niñas, niños, jóvenes y familias. Así transformamos Ciudad Naucalpan: desde el territorio y junto a la gente. Seguimos devolviendo el brillo a nuestras colonias. ✨ #AquiGobiernaLaEsperanza #Naucalpan #HuellasDeLaTransformacion","Regresamos al Parque La Punta, en la colonia Alfredo del Mazo, para cumplir una deuda con una comunidad que nunca dejó de creer. Con Huellas de la Transformación, recuperamos este espacio con nuevas luminarias, canchas, juegos y trabajos de limpieza, devolviéndolo a niñas, niños, jóvenes y familias. Así transformamos Ciudad Naucalpan: desde el territorio y junto a la gente. Seguimos devolviendo el brillo a nuestras colonias. ✨ #AquiGobiernaLaEsperanza #Naucalpan #HuellasDeLaTransformacion",https://www.facebook.com/reel/911263607942077/,https://www.facebook.com/reel/911263607942077/,2026-02-07 16:24:30,2026-02-07,/home/emilio/Documentos/Naucalpan_Semanal_Reportes/Periodico/Enero_Mayo/2026-02-01_al_2026-02-15/Facebook/2026-02-01_al_2026-02-15_Facebook/2026-02-01_al_2026-02-15_Facebook_posts.csv
2026-02-01,2026-02-01_al_2026-02-15_Twitter,isaac_montoya,Isaac Montoya,twitter,Twitter/X,tweet,@isaacsolar,@isaacsolar,,"Regresamos al Parque La Punta, en la colonia Alfredo del Mazo, para cumplir una deuda con una comunidad que nunca dejó de creer. Con Huellas de la Transformación, recuperamos este espacio con nuevas luminarias, canchas, juegos y trabajos de limpieza, devolviéndolo a niñas,","Regresamos al Parque La Punta, en la colonia Alfredo del Mazo, para cumplir una deuda con una comunidad que nunca dejó de creer. Con Huellas de la Transformación, recuperamos este espacio con nuevas luminarias, canchas, juegos y trabajos de limpieza, devolviéndolo a niñas,",https://x.com/isaacsolar/status/2020262097813139851,https://x.com/isaacsolar/status/2020262097813139851,2026-02-07 22:23:13+00:00,2026-02-07,/home/emilio/Documentos/Naucalpan_Semanal_Reportes/Periodico/Enero_Mayo/2026-02-01_al_2026-02-15/Twitter/2026-02-01_al_2026-02-15_Twitter/2026-02-01_al_2026-02-15_Twitter_post_institucionales.csv
2026-02-01,2026-02-01_al_2026-02-15_Twitter,isaac_montoya,Isaac Montoya,twitter,Twitter/X,tweet,@isaacsolar,@isaacsolar,,"Las Huellas de la Transformación llegaron a la Segunda Cerrada de Santa Úrsula, en San Lorenzo Totolinga. #AquiGobiernaLaEsperanza #HuellasDeLaTransformacion #Naucalpan #SeresSintientes #ProteccionAnimal #MundoPatitas","Las Huellas de la Transformación llegaron a la Segunda Cerrada de Santa Úrsula, en San Lorenzo Totolinga. #AquiGobiernaLaEsperanza #HuellasDeLaTransformacion #Naucalpan #SeresSintientes #ProteccionAnimal #MundoPatitas",https://x.com/isaacsolar/status/2019969452154994886,https://x.com/isaacsolar/status/2019969452154994886,2026-02-07 03:00:21+00:00,2026-02-07,/home/emilio/Documentos/Naucalpan_Semanal_Reportes/Periodico/Enero_Mayo/2026-02-01_al_2026-02-15/Twitter/2026-02-01_al_2026-02-15_Twitter/2026-02-01_al_2026-02-15_Twitter_post_institucionales.csv
2026-02-01,2026-02-01_al_2026-02-15_Facebook,isaac_montoya,Isaac Montoya,facebook,Facebook,post_facebook,isaacmontoya24,Isaac Montoya,,"Las Huellas de la Transformación llegaron a la Segunda Cerrada de Santa Úrsula, en San Lorenzo Totolinga. 🐾❤️ #AquiGobiernaLaEsperanza #HuellasDeLaTransformacion #Naucalpan #SeresSintientes #ProteccionAnimal #MundoPatitas","Las Huellas de la Transformación llegaron a la Segunda Cerrada de Santa Úrsula, en San Lorenzo Totolinga. 🐾❤️ #AquiGobiernaLaEsperanza #HuellasDeLaTransformacion #Naucalpan #SeresSintientes #ProteccionAnimal #MundoPatitas",https://www.facebook.com/reel/1249140583808715/,https://www.facebook.com/reel/1249140583808715/,2026-02-06 21:01:06,2026-02-06,/home/emilio/Documentos/Naucalpan_Semanal_Reportes/Periodico/Enero_Mayo/2026-02-01_al_2026-02-15/Facebook/2026-02-01_al_2026-02-15_Facebook/2026-02-01_al_2026-02-15_Facebook_posts.csv
2026-02-01,2026-02-01_al_2026-02-15_Facebook,isaac_montoya,Isaac Montoya,facebook,Facebook,post_facebook,isaacmontoya24,Isaac Montoya,,La Unidad Médica DIF Santa Lilia hoy brinda atención en condiciones dignas y seguras.🏥 #AquiGobiernaLaEsperanza #Naucalpan #Salud #DIFNaucalpan,La Unidad Médica DIF Santa Lilia hoy brinda atención en condiciones dignas y seguras.🏥 #AquiGobiernaLaEsperanza #Naucalpan #Salud #DIFNaucalpan,https://www.facebook.com/reel/1407137917453426/,https://www.facebook.com/reel/1407137917453426/,2026-02-06 14:08:08,2026-02-06,/home/emilio/Documentos/Naucalpan_Semanal_Reportes/Periodico/Enero_Mayo/2026-02-01_al_2026-02-15/Facebook/2026-02-01_al_2026-02-15_Facebook/2026-02-01_al_2026-02-15_Facebook_posts.csv
2026-02-01,2026-02-01_al_2026-02-15_Facebook,isaac_montoya,Isaac Montoya,facebook,Facebook,post_facebook,isaacmontoya24,Isaac Montoya,,"Unidad Médica DIF Santa Lilia renovada: espacios dignos, seguros y funcionales para más de 21 mil vecinas y vecinos.🏥🤝 Seguimos transformando Ciudad Naucalpan. #AquiGobiernaLaEsperanza #Naucalpan #Salud #DIFNaucalpan","Unidad Médica DIF Santa Lilia renovada: espacios dignos, seguros y funcionales para más de 21 mil vecinas y vecinos.🏥🤝 Seguimos transformando Ciudad Naucalpan. #AquiGobiernaLaEsperanza #Naucalpan #Salud #DIFNaucalpan",https://www.facebook.com/isaacmontoya24/posts/pfbid08b8JSA2wPLy7cSyM7R8MvYR7YJacoxh1TmPrneD5KWYupuU9svbcBKCAR17XSQvbl,https://www.facebook.com/isaacmontoya24/posts/pfbid08b8JSA2wPLy7cSyM7R8MvYR7YJacoxh1TmPrneD5KWYupuU9svbcBKCAR17XSQvbl,2026-02-06 13:17:07,2026-02-06,/home/emilio/Documentos/Naucalpan_Semanal_Reportes/Periodico/Enero_Mayo/2026-02-01_al_2026-02-15/Facebook/2026-02-01_al_2026-02-15_Facebook/2026-02-01_al_2026-02-15_Facebook_posts.csv
2026-02-01,2026-02-01_al_2026-02-15_Facebook,isaac_montoya,Isaac Montoya,facebook,Facebook,post_facebook,isaacmontoya24,Isaac Montoya,,"Servicio de Relevo🧏‍♀️ En el Palacio Municipal de Ciudad Naucalpan ya contamos con el servicio gratuito de interpretación en Lengua de Señas Mexicana, para la atención y realización de trámites. Este servicio está disponible en los módulos de atención directa al público, con el objetivo de garantizar una comunicación accesible e incluyente. 📍 Palacio Municipal de Naucalpan 🗓️ Lunes a viernes ⏰ De 10:00 a 15:00 horas ¡Este servicio es para ti! Úsalo cuando lo necesites. #AquiGobiernaLaEsperanza #Naucalpan #Inclusion #LenguaDeSeñas #ServicioDeRelevo","Servicio de Relevo🧏‍♀️ En el Palacio Municipal de Ciudad Naucalpan ya contamos con el servicio gratuito de interpretación en Lengua de Señas Mexicana, para la atención y realización de trámites. Este servicio está disponible en los módulos de atención directa al público, con el objetivo de garantizar una comunicación accesible e incluyente. 📍 Palacio Municipal de Naucalpan 🗓️ Lunes a viernes ⏰ De 10:00 a 15:00 horas ¡Este servicio es para ti! Úsalo cuando lo necesites. #AquiGobiernaLaEsperanza #Naucalpan #Inclusion #LenguaDeSeñas #ServicioDeRelevo",https://www.facebook.com/reel/924835236785934/,https://www.facebook.com/reel/924835236785934/,2026-02-06 11:03:05,2026-02-06,/home/emilio/Documentos/Naucalpan_Semanal_Reportes/Periodico/Enero_Mayo/2026-02-01_al_2026-02-15/Facebook/2026-02-01_al_2026-02-15_Facebook/2026-02-01_al_2026-02-15_Facebook_posts.csv
2026-02-01,2026-02-01_al_2026-02-15_Facebook,isaac_montoya,Isaac Montoya,facebook,Facebook,post_facebook,isaacmontoya24,Isaac Montoya,,"Las Huellas de la Transformación llegaron a la Segunda Cerrada de Santa Úrsula, en San Lorenzo Totolinga. Intervenimos este espacio para honrar la vida de Lobito y dejar claro que en Ciudad Naucalpan la violencia no se normaliza y la vida de los seres sintientes importa. 🐾❤️ #AquiGobiernaLaEsperanza #HuellasDeLaTransformacion #Naucalpan #SeresSintientes #ProteccionAnimal #MundoPatitas","Las Huellas de la Transformación llegaron a la Segunda Cerrada de Santa Úrsula, en San Lorenzo Totolinga. Intervenimos este espacio para honrar la vida de Lobito y dejar claro que en Ciudad Naucalpan la violencia no se normaliza y la vida de los seres sintientes importa. 🐾❤️ #AquiGobiernaLaEsperanza #HuellasDeLaTransformacion #Naucalpan #SeresSintientes #ProteccionAnimal #MundoPatitas",https://www.facebook.com/reel/838851985873036/,https://www.facebook.com/reel/838851985873036/,2026-02-06 09:07:00,2026-02-06,/home/emilio/Documentos/Naucalpan_Semanal_Reportes/Periodico/Enero_Mayo/2026-02-01_al_2026-02-15/Facebook/2026-02-01_al_2026-02-15_Facebook/2026-02-01_al_2026-02-15_Facebook_posts.csv
2026-02-01,2026-02-01_al_2026-02-15_Facebook,isaac_montoya,Isaac Montoya,facebook,Facebook,post_facebook,isaacmontoya24,Isaac Montoya,,"Las Huellas de la Transformación llegaron a un lugar que nos dolió como comunidad, pero que hoy empieza a sanar. En la Segunda Cerrada de Santa Úrsula, en San Lorenzo Totolinga, intervenimos un espacio marcado por un acto de crueldad que indignó a Ciudad Naucalpan entero. Aquí, hace unas semanas, Lobito, un perrito comunitario de edad avanzada, fue víctima de una agresión que nunca debió ocurrir. Por eso esta obra tiene un significado especial. No solo rescatamos un andador; resignificamos un espacio para honrar la vida de Lobito y enviar un mensaje claro: en Naucalpan la violencia no se normaliza y la vida de los seres sintientes importa. 🐾 Realizamos trabajos de iluminación, pavimentación, limpieza, seguridad y arte urbano, porque creemos que la transformación también se construye desde la memoria, la conciencia y el respeto. Este lugar será conocido como el “Callejón del Lobito”, como símbolo de justicia, empatía y unión comunitaria. Agradezco profundamente a las vecinas y vecinos, a quienes cuidaron de Lobito, a las organizaciones protectoras y al personal médico veterinario que no soltó su mano. La fortaleza de Lobito nos recuerda que incluso después del dolor, es posible levantarse y unir a toda una comunidad. Seguiremos transformando el territorio con hechos, para construir un municipio donde la vida (en todas sus formas) sea respetada. #AquiGobiernaLaEsperanza #SeresSintientes #ProteccionAnimal #ServiciosPublicos #BienestarAnimal #MundoPatitas","Las Huellas de la Transformación llegaron a un lugar que nos dolió como comunidad, pero que hoy empieza a sanar. En la Segunda Cerrada de Santa Úrsula, en San Lorenzo Totolinga, intervenimos un espacio marcado por un acto de crueldad que indignó a Ciudad Naucalpan entero. Aquí, hace unas semanas, Lobito, un perrito comunitario de edad avanzada, fue víctima de una agresión que nunca debió ocurrir. Por eso esta obra tiene un significado especial. No solo rescatamos un andador; resignificamos un espacio para honrar la vida de Lobito y enviar un mensaje claro: en Naucalpan la violencia no se normaliza y la vida de los seres sintientes importa. 🐾 Realizamos trabajos de iluminación, pavimentación, limpieza, seguridad y arte urbano, porque creemos que la transformación también se construye desde la memoria, la conciencia y el respeto. Este lugar será conocido como el “Callejón del Lobito”, como símbolo de justicia, empatía y unión comunitaria. Agradezco profundamente a las vecinas y vecinos, a quienes cuidaron de Lobito, a las organizaciones protectoras y al personal médico veterinario que no soltó su mano. La fortaleza de Lobito nos recuerda que incluso después del dolor, es posible levantarse y unir a toda una comunidad. Seguiremos transformando el territorio con hechos, para construir un municipio donde la vida (en todas sus formas) sea respetada. #AquiGobiernaLaEsperanza #SeresSintientes #ProteccionAnimal #ServiciosPublicos #BienestarAnimal #MundoPatitas",https://www.facebook.com/isaacmontoya24/posts/pfbid033sE4rezx1ckLTdSKzAA2pySbwsz5ckjh4FCLdQoZQPZpZ7EhXTZy11jYGpgpW21hl,https://www.facebook.com/isaacmontoya24/posts/pfbid033sE4rezx1ckLTdSKzAA2pySbwsz5ckjh4FCLdQoZQPZpZ7EhXTZy11jYGpgpW21hl,2026-02-06 08:30:58,2026-02-06,/home/emilio/Documentos/Naucalpan_Semanal_Reportes/Periodico/Enero_Mayo/2026-02-01_al_2026-02-15/Facebook/2026-02-01_al_2026-02-15_Facebook/2026-02-01_al_2026-02-15_Facebook_posts.csv
2026-02-01,2026-02-01_al_2026-02-15_Twitter,isaac_montoya,Isaac Montoya,twitter,Twitter/X,tweet,@isaacsolar,@isaacsolar,,La Unidad Médica DIF Santa Lilia hoy brinda atención en condiciones dignas y seguras. #AquiGobiernaLaEsperanza #Naucalpan #Salud #DIFNaucalpan,La Unidad Médica DIF Santa Lilia hoy brinda atención en condiciones dignas y seguras. #AquiGobiernaLaEsperanza #Naucalpan #Salud #DIFNaucalpan,https://x.com/isaacsolar/status/2019865569952965053,https://x.com/isaacsolar/status/2019865569952965053,2026-02-06 20:07:33+00:00,2026-02-06,/home/emilio/Documentos/Naucalpan_Semanal_Reportes/Periodico/Enero_Mayo/2026-02-01_al_2026-02-15/Twitter/2026-02-01_al_2026-02-15_Twitter/2026-02-01_al_2026-02-15_Twitter_post_institucionales.csv
2026-02-01,2026-02-01_al_2026-02-15_Twitter,isaac_montoya,Isaac Montoya,twitter,Twitter/X,tweet,@isaacsolar,@isaacsolar,,"Unidad Médica DIF Santa Lilia renovada: espacios dignos, seguros y funcionales para más de 21 mil vecinas y vecinos. Seguimos transformando Ciudad Naucalpan. #AquiGobiernaLaEsperanza #Naucalpan #Salud #DIFNaucalpan","Unidad Médica DIF Santa Lilia renovada: espacios dignos, seguros y funcionales para más de 21 mil vecinas y vecinos. Seguimos transformando Ciudad Naucalpan. #AquiGobiernaLaEsperanza #Naucalpan #Salud #DIFNaucalpan",https://x.com/isaacsolar/status/2019852858171044187,https://x.com/isaacsolar/status/2019852858171044187,2026-02-06 19:17:03+00:00,2026-02-06,/home/emilio/Documentos/Naucalpan_Semanal_Reportes/Periodico/Enero_Mayo/2026-02-01_al_2026-02-15/Twitter/2026-02-01_al_2026-02-15_Twitter/2026-02-01_al_2026-02-15_Twitter_post_institucionales.csv
2026-02-01,2026-02-01_al_2026-02-15_Twitter,isaac_montoya,Isaac Montoya,twitter,Twitter/X,tweet,@isaacsolar,@isaacsolar,,"Servicio de Relevo En el Palacio Municipal de Ciudad Naucalpan ya contamos con el servicio gratuito de interpretación en Lengua de Señas Mexicana, para la atención y realización de trámites. Este servicio está disponible en los módulos de atención directa al público, con el objetivo de garantizar una comunicación accesible e incluyente. Palacio Municipal de Naucalpan Lunes a viernes De 10:00 a 15:00 horas ¡Este servicio es para ti! Úsalo cuando lo necesites. #AquiGobiernaLaEsperanza #Naucalpan #Inclusion #LenguaDeSeñas #ServicioDeRelevo","Servicio de Relevo En el Palacio Municipal de Ciudad Naucalpan ya contamos con el servicio gratuito de interpretación en Lengua de Señas Mexicana, para la atención y realización de trámites. Este servicio está disponible en los módulos de atención directa al público, con el objetivo de garantizar una comunicación accesible e incluyente. Palacio Municipal de Naucalpan Lunes a viernes De 10:00 a 15:00 horas ¡Este servicio es para ti! Úsalo cuando lo necesites. #AquiGobiernaLaEsperanza #Naucalpan #Inclusion #LenguaDeSeñas #ServicioDeRelevo",https://x.com/isaacsolar/status/2019818947491615155,https://x.com/isaacsolar/status/2019818947491615155,2026-02-06 17:02:18+00:00,2026-02-06,/home/emilio/Documentos/Naucalpan_Semanal_Reportes/Periodico/Enero_Mayo/2026-02-01_al_2026-02-15/Twitter/2026-02-01_al_2026-02-15_Twitter/2026-02-01_al_2026-02-15_Twitter_post_institucionales.csv
2026-02-01,2026-02-01_al_2026-02-15_Twitter,isaac_montoya,Isaac Montoya,twitter,Twitter/X,tweet,@isaacsolar,@isaacsolar,,"Después de años de abandono, hoy entregamos la Unidad Médica DIF Santa Lilia, en Lomas de San Agustín, a través del DIF Municipal de Naucalpan, para que vuelva a servir con dignidad a la comunidad. Rescatamos más de 300 m² con recursos federales del FAISMUN, para brindar medicina general y odontología en condiciones seguras y funcionales, beneficiando a más de 21 mil vecinas y vecinos. Este espacio forma parte de nuestro compromiso por fortalecer la salud comunitaria, atender rezagos históricos y seguir avanzando hacia una Clínica de Especialidades y, en el futuro, un hospital público municipal. Seguimos trabajando por el bienestar de las y los naucalpenses. #AquiGobiernaLaEsperanza #Naucalpan #DIFNaucalpan #Salud","Después de años de abandono, hoy entregamos la Unidad Médica DIF Santa Lilia, en Lomas de San Agustín, a través del DIF Municipal de Naucalpan, para que vuelva a servir con dignidad a la comunidad. Rescatamos más de 300 m² con recursos federales del FAISMUN, para brindar medicina general y odontología en condiciones seguras y funcionales, beneficiando a más de 21 mil vecinas y vecinos. Este espacio forma parte de nuestro compromiso por fortalecer la salud comunitaria, atender rezagos históricos y seguir avanzando hacia una Clínica de Especialidades y, en el futuro, un hospital público municipal. Seguimos trabajando por el bienestar de las y los naucalpenses. #AquiGobiernaLaEsperanza #Naucalpan #DIFNaucalpan #Salud",https://x.com/isaacsolar/status/2019804542074843510,https://x.com/isaacsolar/status/2019804542074843510,2026-02-06 16:05:03+00:00,2026-02-06,/home/emilio/Documentos/Naucalpan_Semanal_Reportes/Periodico/Enero_Mayo/2026-02-01_al_2026-02-15/Twitter/2026-02-01_al_2026-02-15_Twitter/2026-02-01_al_2026-02-15_Twitter_post_institucionales.csv
2026-02-01,2026-02-01_al_2026-02-15_Twitter,isaac_montoya,Isaac Montoya,twitter,Twitter/X,tweet,@isaacsolar,@isaacsolar,,"Las #HuellasDelaTransformación llegaron a la Segunda Cerrada de Santa Úrsula, en San Lorenzo Totolinga. Intervenimos este espacio para honrar la vida de Lobito y dejar claro que en Ciudad #Naucalpan la violencia no se normaliza y la vida de los seres sintientes importa. #AquiGobiernaLaEsperanza #SeresSintientes #ProteccionAnimal #ServiciosPublicos #BienestarAnimal #MundoPatitas","Las #HuellasDelaTransformación llegaron a la Segunda Cerrada de Santa Úrsula, en San Lorenzo Totolinga. Intervenimos este espacio para honrar la vida de Lobito y dejar claro que en Ciudad #Naucalpan la violencia no se normaliza y la vida de los seres sintientes importa. #AquiGobiernaLaEsperanza #SeresSintientes #ProteccionAnimal #ServiciosPublicos #BienestarAnimal #MundoPatitas",https://x.com/isaacsolar/status/2019781090957771116,https://x.com/isaacsolar/status/2019781090957771116,2026-02-06 14:31:52+00:00,2026-02-06,/home/emilio/Documentos/Naucalpan_Semanal_Reportes/Periodico/Enero_Mayo/2026-02-01_al_2026-02-15/Twitter/2026-02-01_al_2026-02-15_Twitter/2026-02-01_al_2026-02-15_Twitter_post_institucionales.csv
2026-02-01,2026-02-01_al_2026-02-15_Twitter,isaac_montoya,Isaac Montoya,twitter,Twitter/X,tweet,@isaacsolar,@isaacsolar,,Arrancamos obras clave para mejorar el abasto de agua en Ciudad Naucalpan. #AquiGobiernaLaEsperanza #Naucalpan #PRODDER #CONAGUA #OCAVM #OAPASNaucalpan,Arrancamos obras clave para mejorar el abasto de agua en Ciudad Naucalpan. #AquiGobiernaLaEsperanza #Naucalpan #PRODDER #CONAGUA #OCAVM #OAPASNaucalpan,https://x.com/isaacsolar/status/2019608419787837872,https://x.com/isaacsolar/status/2019608419787837872,2026-02-06 03:05:44+00:00,2026-02-06,/home/emilio/Documentos/Naucalpan_Semanal_Reportes/Periodico/Enero_Mayo/2026-02-01_al_2026-02-15/Twitter/2026-02-01_al_2026-02-15_Twitter/2026-02-01_al_2026-02-15_Twitter_post_institucionales.csv
2026-02-01,2026-02-01_al_2026-02-15_Twitter,isaac_montoya,Isaac Montoya,twitter,Twitter/X,tweet,@isaacsolar,@isaacsolar,,"Junto a Citlalli Peraza Camacho, Directora General del Organismo de Cuenca Aguas del Valle de México (OCAVM), dimos inicio a los trabajos de Reposición del Pozo Framboyanes y a la modernización y equipamiento del Rebombeo Moctezuma La Cascada, como parte de nuestro plan de reingeniería hídrica para mejorar el abasto y la distribución del vital líquido. Estas obras, realizadas con recursos federales y municipales, beneficiarán a más de 20 mil personas y permitirán duplicar la dotación de agua en esta zona, además de incorporar tecnología de telemetría para un funcionamiento más eficiente y transparente. Durante décadas, la infraestructura hidráulica fue abandonada. Hoy estamos saldando esa deuda histórica con un plan maestro que no contempla acciones aisladas, sino soluciones que generan un efecto positivo para muchas comunidades. Nuestro compromiso es claro: invertir en infraestructura que se quede como legado, reducir la dependencia del Sistema Cutzamala y garantizar agua para hoy y para las generaciones que vienen. Seguimos trabajando en territorio, con soluciones reales, para garantizar más agua y una mejor calidad de vida en Ciudad Naucalpan. #AquiGobiernaLaEsperanza #Naucalpan #PRODDER #CONAGUA #OCAVM #OAPASNaucalpan","Junto a Citlalli Peraza Camacho, Directora General del Organismo de Cuenca Aguas del Valle de México (OCAVM), dimos inicio a los trabajos de Reposición del Pozo Framboyanes y a la modernización y equipamiento del Rebombeo Moctezuma La Cascada, como parte de nuestro plan de reingeniería hídrica para mejorar el abasto y la distribución del vital líquido. Estas obras, realizadas con recursos federales y municipales, beneficiarán a más de 20 mil personas y permitirán duplicar la dotación de agua en esta zona, además de incorporar tecnología de telemetría para un funcionamiento más eficiente y transparente. Durante décadas, la infraestructura hidráulica fue abandonada. Hoy estamos saldando esa deuda histórica con un plan maestro que no contempla acciones aisladas, sino soluciones que generan un efecto positivo para muchas comunidades. Nuestro compromiso es claro: invertir en infraestructura que se quede como legado, reducir la dependencia del Sistema Cutzamala y garantizar agua para hoy y para las generaciones que vienen. Seguimos trabajando en territorio, con soluciones reales, para garantizar más agua y una mejor calidad de vida en Ciudad Naucalpan. #AquiGobiernaLaEsperanza #Naucalpan #PRODDER #CONAGUA #OCAVM #OAPASNaucalpan",https://x.com/isaacsolar/status/2019596085128200522,https://x.com/isaacsolar/status/2019596085128200522,2026-02-06 02:16:43+00:00,2026-02-06,/home/emilio/Documentos/Naucalpan_Semanal_Reportes/Periodico/Enero_Mayo/2026-02-01_al_2026-02-15/Twitter/2026-02-01_al_2026-02-15_Twitter/2026-02-01_al_2026-02-15_Twitter_post_institucionales.csv
2026-02-01,2026-02-01_al_2026-02-15_Facebook,isaac_montoya,Isaac Montoya,facebook,Facebook,post_facebook,isaacmontoya24,Isaac Montoya,,"Después de años de abandono, hoy entregamos la Unidad Médica DIF Santa Lilia, en Lomas de San Agustín, a través del DIF Municipal de Naucalpan, para que vuelva a servir con dignidad a la comunidad. 🏥 Rescatamos más de 300 m² con recursos federales del FAISMUN, para brindar medicina general y odontología en condiciones seguras y funcionales, beneficiando a más de 21 mil vecinas y vecinos. Este espacio forma parte de nuestro compromiso por fortalecer la salud comunitaria, atender rezagos históricos y seguir avanzando hacia una Clínica de Especialidades y, en el futuro, un hospital público municipal. Seguimos trabajando por el bienestar de las y los naucalpenses.🤝 #AquiGobiernaLaEsperanza #Naucalpan #DIFNaucalpan #Salud","Después de años de abandono, hoy entregamos la Unidad Médica DIF Santa Lilia, en Lomas de San Agustín, a través del DIF Municipal de Naucalpan, para que vuelva a servir con dignidad a la comunidad. 🏥 Rescatamos más de 300 m² con recursos federales del FAISMUN, para brindar medicina general y odontología en condiciones seguras y funcionales, beneficiando a más de 21 mil vecinas y vecinos. Este espacio forma parte de nuestro compromiso por fortalecer la salud comunitaria, atender rezagos históricos y seguir avanzando hacia una Clínica de Especialidades y, en el futuro, un hospital público municipal. Seguimos trabajando por el bienestar de las y los naucalpenses.🤝 #AquiGobiernaLaEsperanza #Naucalpan #DIFNaucalpan #Salud",https://www.facebook.com/reel/768174653006350/,https://www.facebook.com/reel/768174653006350/,2026-02-05 22:57:51,2026-02-05,/home/emilio/Documentos/Naucalpan_Semanal_Reportes/Periodico/Enero_Mayo/2026-02-01_al_2026-02-15/Facebook/2026-02-01_al_2026-02-15_Facebook/2026-02-01_al_2026-02-15_Facebook_posts.csv
2026-02-01,2026-02-01_al_2026-02-15_Facebook,isaac_montoya,Isaac Montoya,facebook,Facebook,post_facebook,isaacmontoya24,Isaac Montoya,,"Tras décadas de olvido y deterioro entregamos la Unidad Médica DIF Santa Lilia, en la colonia Lomas de San Agustín, un espacio que hoy vuelve a servir con dignidad a la comunidad. Gracias al trabajo coordinado con el Sistema Municipal DIF, a la Dirección de Obras Públicas y al uso responsable de recursos federales del FAISMUN, rescatamos más de 300 metros cuadrados de infraestructura para que aquí se brinden servicios de medicina general y odontología en condiciones seguras y funcionales. Beneficiará directamente a más de 21 mil vecinas y vecinos de comunidades como San Agustín, Santa Lilia, Santa Úrsula, San Lorenzo Totolinga y Loma Linda, fortaleciendo la salud comunitaria y la atención preventiva. Quiero reconocer el trabajo diario del personal del DIF, así como el acompañamiento de su presidenta honoraria y de todo el equipo médico, porque la salud no solo se construye con obra, sino con vocación y compromiso social. Nuestra visión es clara: llegar a las comunidades con soluciones reales, saldar rezagos históricos y dignificar los espacios públicos. Esta unidad médica es parte de ese camino y también del compromiso de seguir avanzando hacia una Clínica de Especialidades y, en el futuro, un hospital público municipal para Ciudad Naucalpan. #AquiGobiernaLaEsperanza #Naucalpan #DIFNaucalpan #Salud","Tras décadas de olvido y deterioro entregamos la Unidad Médica DIF Santa Lilia, en la colonia Lomas de San Agustín, un espacio que hoy vuelve a servir con dignidad a la comunidad. Gracias al trabajo coordinado con el Sistema Municipal DIF, a la Dirección de Obras Públicas y al uso responsable de recursos federales del FAISMUN, rescatamos más de 300 metros cuadrados de infraestructura para que aquí se brinden servicios de medicina general y odontología en condiciones seguras y funcionales. Beneficiará directamente a más de 21 mil vecinas y vecinos de comunidades como San Agustín, Santa Lilia, Santa Úrsula, San Lorenzo Totolinga y Loma Linda, fortaleciendo la salud comunitaria y la atención preventiva. Quiero reconocer el trabajo diario del personal del DIF, así como el acompañamiento de su presidenta honoraria y de todo el equipo médico, porque la salud no solo se construye con obra, sino con vocación y compromiso social. Nuestra visión es clara: llegar a las comunidades con soluciones reales, saldar rezagos históricos y dignificar los espacios públicos. Esta unidad médica es parte de ese camino y también del compromiso de seguir avanzando hacia una Clínica de Especialidades y, en el futuro, un hospital público municipal para Ciudad Naucalpan. #AquiGobiernaLaEsperanza #Naucalpan #DIFNaucalpan #Salud",https://www.facebook.com/isaacmontoya24/posts/pfbid02TKSPisUzSrfnU1qNhiXDmJ7bPiGPWJFBvaavbSuyC46Vx5kCpauz5m2WahtRRTHxl,https://www.facebook.com/isaacmontoya24/posts/pfbid02TKSPisUzSrfnU1qNhiXDmJ7bPiGPWJFBvaavbSuyC46Vx5kCpauz5m2WahtRRTHxl,2026-02-05 22:36:33,2026-02-05,/home/emilio/Documentos/Naucalpan_Semanal_Reportes/Periodico/Enero_Mayo/2026-02-01_al_2026-02-15/Facebook/2026-02-01_al_2026-02-15_Facebook/2026-02-01_al_2026-02-15_Facebook_posts.csv
2026-02-01,2026-02-01_al_2026-02-15_Facebook,isaac_montoya,Isaac Montoya,facebook,Facebook,post_facebook,isaacmontoya24,Isaac Montoya,,"Arrancamos obras clave para mejorar el abasto de agua en Ciudad Naucalpan.💧🚧 Junto a Citlalli Peraza Camacho (OCAVM) iniciamos la Reposición del Pozo Framboyanes y la modernización del Rebombeo Moctezuma La Cascada. Con recursos federales y municipales, estas acciones beneficiarán a más de 20 mil personas, permitirán duplicar la dotación de agua e incorporar telemetría para mayor eficiencia y transparencia. Seguimos trabajando en territorio para garantizar una mejor calidad de vida. #AquiGobiernaLaEsperanza #Naucalpan #PRODDER #CONAGUA #OCAVM #OAPASNaucalpan","Arrancamos obras clave para mejorar el abasto de agua en Ciudad Naucalpan.💧🚧 Junto a Citlalli Peraza Camacho (OCAVM) iniciamos la Reposición del Pozo Framboyanes y la modernización del Rebombeo Moctezuma La Cascada. Con recursos federales y municipales, estas acciones beneficiarán a más de 20 mil personas, permitirán duplicar la dotación de agua e incorporar telemetría para mayor eficiencia y transparencia. Seguimos trabajando en territorio para garantizar una mejor calidad de vida. #AquiGobiernaLaEsperanza #Naucalpan #PRODDER #CONAGUA #OCAVM #OAPASNaucalpan",https://www.facebook.com/reel/3983825098416167/,https://www.facebook.com/reel/3983825098416167/,2026-02-05 21:06:53,2026-02-05,/home/emilio/Documentos/Naucalpan_Semanal_Reportes/Periodico/Enero_Mayo/2026-02-01_al_2026-02-15/Facebook/2026-02-01_al_2026-02-15_Facebook/2026-02-01_al_2026-02-15_Facebook_posts.csv
2026-02-01,2026-02-01_al_2026-02-15_Facebook,isaac_montoya,Isaac Montoya,facebook,Facebook,post_facebook,isaacmontoya24,Isaac Montoya,,"Junto a Citlalli Peraza Camacho, Directora General del Organismo de Cuenca Aguas del Valle de México (OCAVM), dimos inicio a los trabajos de Reposición del Pozo Framboyanes y a la modernización y equipamiento del Rebombeo Moctezuma La Cascada, como parte de nuestro plan de reingeniería hídrica para mejorar el abasto y la distribución del vital líquido. Estas obras, realizadas con recursos federales y municipales, beneficiarán a más de 20 mil personas y permitirán duplicar la dotación de agua en esta zona, además de incorporar tecnología de telemetría para un funcionamiento más eficiente y transparente. Durante décadas, la infraestructura hidráulica fue abandonada. Hoy estamos saldando esa deuda histórica con un plan maestro que no contempla acciones aisladas, sino soluciones que generan un efecto positivo para muchas comunidades. Nuestro compromiso es claro: invertir en infraestructura que se quede como legado, reducir la dependencia del Sistema Cutzamala y garantizar agua para hoy y para las generaciones que vienen. Seguimos trabajando en territorio, con soluciones reales, para garantizar más agua y una mejor calidad de vida en Ciudad Naucalpan. #AquiGobiernaLaEsperanza #Naucalpan #PRODDER #CONAGUA #OCAVM #OAPASNaucalpan","Junto a Citlalli Peraza Camacho, Directora General del Organismo de Cuenca Aguas del Valle de México (OCAVM), dimos inicio a los trabajos de Reposición del Pozo Framboyanes y a la modernización y equipamiento del Rebombeo Moctezuma La Cascada, como parte de nuestro plan de reingeniería hídrica para mejorar el abasto y la distribución del vital líquido. Estas obras, realizadas con recursos federales y municipales, beneficiarán a más de 20 mil personas y permitirán duplicar la dotación de agua en esta zona, además de incorporar tecnología de telemetría para un funcionamiento más eficiente y transparente. Durante décadas, la infraestructura hidráulica fue abandonada. Hoy estamos saldando esa deuda histórica con un plan maestro que no contempla acciones aisladas, sino soluciones que generan un efecto positivo para muchas comunidades. Nuestro compromiso es claro: invertir en infraestructura que se quede como legado, reducir la dependencia del Sistema Cutzamala y garantizar agua para hoy y para las generaciones que vienen. Seguimos trabajando en territorio, con soluciones reales, para garantizar más agua y una mejor calidad de vida en Ciudad Naucalpan. #AquiGobiernaLaEsperanza #Naucalpan #PRODDER #CONAGUA #OCAVM #OAPASNaucalpan",https://www.facebook.com/isaacmontoya24/posts/pfbid06gw8cu9SW2RyYgf7ugkTbXTsPmBQYDiMN7i9HN6S9Tg7MUZxp4bFXyMF1Xff4N1bl,https://www.facebook.com/isaacmontoya24/posts/pfbid06gw8cu9SW2RyYgf7ugkTbXTsPmBQYDiMN7i9HN6S9Tg7MUZxp4bFXyMF1Xff4N1bl,2026-02-05 20:16:56,2026-02-05,/home/emilio/Documentos/Naucalpan_Semanal_Reportes/Periodico/Enero_Mayo/2026-02-01_al_2026-02-15/Facebook/2026-02-01_al_2026-02-15_Facebook/2026-02-01_al_2026-02-15_Facebook_posts.csv
2026-02-01,2026-02-01_al_2026-02-15_Facebook,isaac_montoya,Isaac Montoya,facebook,Facebook,post_facebook,isaacmontoya24,Isaac Montoya,,"Hoy regresamos al Parque La Punta, en la colonia Alfredo del Mazo, para cumplir una deuda con una comunidad que nunca dejó de creer ni de acompañarnos. A través de Huellas de la Transformación, y con el trabajo de la Dirección de Servicios Públicos en coordinación con las autoridades auxiliares, recuperamos este espacio para que vuelva a ser un lugar de encuentro, juego y convivencia para niñas, niños, jóvenes y familias. Instalamos 45 luminarias nuevas, realizamos trabajos de rehabilitación vial con asfalto, colocamos columpios y malla de protección, pintamos canchas y muros, dimos mantenimiento al arbolado y retiramos más de 12 toneladas de residuos. Mi compromiso con la comunidad es estar presente, cuidar cada espacio recuperado y garantizar que nuestras juventudes encuentren aquí seguridad, deporte y oportunidades para construir un mejor futuro para las familias naucalpenses. Además, avanzamos con decisiones firmes: la instalación de más de 1,000 nuevas cámaras para fortalecer la seguridad y un Bando Municipal que sanciona con mayor rigor a quien dañe el entorno común. Así es como transformamos Ciudad Naucalpan: desde el territorio, escuchando y trabajando junto a la gente. Seguimos devolviendo el brillo a nuestras colonias. ✨ #AquiGobiernaLaEsperanza #Naucalpan #HuellasDeLaTransformacion","Hoy regresamos al Parque La Punta, en la colonia Alfredo del Mazo, para cumplir una deuda con una comunidad que nunca dejó de creer ni de acompañarnos. A través de Huellas de la Transformación, y con el trabajo de la Dirección de Servicios Públicos en coordinación con las autoridades auxiliares, recuperamos este espacio para que vuelva a ser un lugar de encuentro, juego y convivencia para niñas, niños, jóvenes y familias. Instalamos 45 luminarias nuevas, realizamos trabajos de rehabilitación vial con asfalto, colocamos columpios y malla de protección, pintamos canchas y muros, dimos mantenimiento al arbolado y retiramos más de 12 toneladas de residuos. Mi compromiso con la comunidad es estar presente, cuidar cada espacio recuperado y garantizar que nuestras juventudes encuentren aquí seguridad, deporte y oportunidades para construir un mejor futuro para las familias naucalpenses. Además, avanzamos con decisiones firmes: la instalación de más de 1,000 nuevas cámaras para fortalecer la seguridad y un Bando Municipal que sanciona con mayor rigor a quien dañe el entorno común. Así es como transformamos Ciudad Naucalpan: desde el territorio, escuchando y trabajando junto a la gente. Seguimos devolviendo el brillo a nuestras colonias. ✨ #AquiGobiernaLaEsperanza #Naucalpan #HuellasDeLaTransformacion",https://www.facebook.com/isaacmontoya24/posts/pfbid0B3eQzdxpueSVBALjZiHi8TGxNrkFsJVCCbUChyPjQo7JBMxfz27ARroM5kDCujWVl,https://www.facebook.com/isaacmontoya24/posts/pfbid0B3eQzdxpueSVBALjZiHi8TGxNrkFsJVCCbUChyPjQo7JBMxfz27ARroM5kDCujWVl,2026-02-05 19:07:52,2026-02-05,/home/emilio/Documentos/Naucalpan_Semanal_Reportes/Periodico/Enero_Mayo/2026-02-01_al_2026-02-15/Facebook/2026-02-01_al_2026-02-15_Facebook/2026-02-01_al_2026-02-15_Facebook_posts.csv
2026-02-01,2026-02-01_al_2026-02-15_Facebook,isaac_montoya,Isaac Montoya,facebook,Facebook,post_facebook,isaacmontoya24,Isaac Montoya,,"En el marco del 109 aniversario de la Constitución Política de los Estados Unidos Mexicanos, promulgamos el Bando Municipal 2026, un instrumento normativo que enfatiza el lenguaje inclusivo, visibiliza y reconoce de manera expresa a las mujeres, además de fortalecer los principios de transparencia y la rendición de cuentas, la simplificación administrativa y el respeto a los seres sintientes, como parte de la convivencia comunitaria.🇲🇽 #AquiGobiernaLaEsperanza #Naucalpan #BandoMunicipal2026","En el marco del 109 aniversario de la Constitución Política de los Estados Unidos Mexicanos, promulgamos el Bando Municipal 2026, un instrumento normativo que enfatiza el lenguaje inclusivo, visibiliza y reconoce de manera expresa a las mujeres, además de fortalecer los principios de transparencia y la rendición de cuentas, la simplificación administrativa y el respeto a los seres sintientes, como parte de la convivencia comunitaria.🇲🇽 #AquiGobiernaLaEsperanza #Naucalpan #BandoMunicipal2026",https://www.facebook.com/reel/1228886932018286/,https://www.facebook.com/reel/1228886932018286/,2026-02-05 17:54:47,2026-02-05,/home/emilio/Documentos/Naucalpan_Semanal_Reportes/Periodico/Enero_Mayo/2026-02-01_al_2026-02-15/Facebook/2026-02-01_al_2026-02-15_Facebook/2026-02-01_al_2026-02-15_Facebook_posts.csv
2026-02-01,2026-02-01_al_2026-02-15_Facebook,isaac_montoya,Isaac Montoya,facebook,Facebook,post_facebook,isaacmontoya24,Isaac Montoya,,"En el marco del 109 aniversario de la Constitución Política de los Estados Unidos Mexicanos, promulgamos el Bando Municipal 2026, un instrumento normativo que enfatiza el lenguaje inclusivo, visibiliza y reconoce de manera expresa a las mujeres, además de fortalecer los principios de transparencia y la rendición de cuentas, la simplificación administrativa y el respeto a los seres sintientes, como parte de la convivencia comunitaria. Este acto contó con la presencia y acompañamiento, servidoras y servidores públicos estatales y municipales, vecinas y vecinos, que fueron parte de este momento fundamental para la vida institucional del municipio. El Bando Municipal 2026 visibiliza de manera expresa a las mujeres, fortalece el lenguaje inclusivo, reafirma el respeto a los derechos humanos y reconoce a los seres sintientes como parte de nuestra convivencia comunitaria. También refuerza la transparencia, la rendición de cuentas y el derecho de la ciudadanía a conocer y evaluar el actuar de sus autoridades, porque gobernar bien implica informar, explicar y responder. Asimismo, impulsa la simplificación administrativa para facilitar la vida de la gente y combatir la corrupción, apostando por una gestión pública moderna y cercana. Con este Bando, Ciudad Naucalpan avanza hacia una ciudad más ordenada, justa y humana. Seguimos construyendo un gobierno que escucha, que obedece al pueblo y que transforma desde el territorio. #AquiGobiernaLaEsperanza #Naucalpan #BandoMunicipal2026","En el marco del 109 aniversario de la Constitución Política de los Estados Unidos Mexicanos, promulgamos el Bando Municipal 2026, un instrumento normativo que enfatiza el lenguaje inclusivo, visibiliza y reconoce de manera expresa a las mujeres, además de fortalecer los principios de transparencia y la rendición de cuentas, la simplificación administrativa y el respeto a los seres sintientes, como parte de la convivencia comunitaria. Este acto contó con la presencia y acompañamiento, servidoras y servidores públicos estatales y municipales, vecinas y vecinos, que fueron parte de este momento fundamental para la vida institucional del municipio. El Bando Municipal 2026 visibiliza de manera expresa a las mujeres, fortalece el lenguaje inclusivo, reafirma el respeto a los derechos humanos y reconoce a los seres sintientes como parte de nuestra convivencia comunitaria. También refuerza la transparencia, la rendición de cuentas y el derecho de la ciudadanía a conocer y evaluar el actuar de sus autoridades, porque gobernar bien implica informar, explicar y responder. Asimismo, impulsa la simplificación administrativa para facilitar la vida de la gente y combatir la corrupción, apostando por una gestión pública moderna y cercana. Con este Bando, Ciudad Naucalpan avanza hacia una ciudad más ordenada, justa y humana. Seguimos construyendo un gobierno que escucha, que obedece al pueblo y que transforma desde el territorio. #AquiGobiernaLaEsperanza #Naucalpan #BandoMunicipal2026",https://www.facebook.com/isaacmontoya24/posts/pfbid0ddanp74nZPjdmguFnPvNgkpByUJVozhiiQiLEseRdVC2cGtchtZ3aTw8Vq6oaPXUl,https://www.facebook.com/isaacmontoya24/posts/pfbid0ddanp74nZPjdmguFnPvNgkpByUJVozhiiQiLEseRdVC2cGtchtZ3aTw8Vq6oaPXUl,2026-02-05 16:56:29,2026-02-05,/home/emilio/Documentos/Naucalpan_Semanal_Reportes/Periodico/Enero_Mayo/2026-02-01_al_2026-02-15/Facebook/2026-02-01_al_2026-02-15_Facebook/2026-02-01_al_2026-02-15_Facebook_posts.csv
2026-02-01,2026-02-01_al_2026-02-15_Facebook,isaac_montoya,Isaac Montoya,facebook,Facebook,post_facebook,isaacmontoya24,Isaac Montoya,,"El Mexicable Línea 3 en Ciudad Naucalpan sigue adelante sin contratiempos. 🚠✨ Esta obra estratégica registra casi 70% de avance, y representa un cambio profundo en la movilidad para miles de familias que durante años enfrentaron traslados largos, costosos y complicados. El Mexicable no solo es infraestructura: es justicia social, es acceso a oportunidades y es una forma distinta de conectar a nuestras comunidades con dignidad y seguridad. Seguimos trabajando de manera coordinada para que esta obra transforme la vida cotidiana de las y los naucalpenses. #AquiGobiernaLaEsperanza #Naucalpan #Mexicable #Movilidad #Edomex #Linea3","El Mexicable Línea 3 en Ciudad Naucalpan sigue adelante sin contratiempos. 🚠✨ Esta obra estratégica registra casi 70% de avance, y representa un cambio profundo en la movilidad para miles de familias que durante años enfrentaron traslados largos, costosos y complicados. El Mexicable no solo es infraestructura: es justicia social, es acceso a oportunidades y es una forma distinta de conectar a nuestras comunidades con dignidad y seguridad. Seguimos trabajando de manera coordinada para que esta obra transforme la vida cotidiana de las y los naucalpenses. #AquiGobiernaLaEsperanza #Naucalpan #Mexicable #Movilidad #Edomex #Linea3",https://www.facebook.com/isaacmontoya24/posts/pfbid031n7TKtztSwKNfBeySHJhYM6nxktERxAFF1NwiihDqFrBFU1SmpCi3ERZxcsYARAql,https://www.facebook.com/isaacmontoya24/posts/pfbid031n7TKtztSwKNfBeySHJhYM6nxktERxAFF1NwiihDqFrBFU1SmpCi3ERZxcsYARAql,2026-02-05 12:09:50,2026-02-05,/home/emilio/Documentos/Naucalpan_Semanal_Reportes/Periodico/Enero_Mayo/2026-02-01_al_2026-02-15/Facebook/2026-02-01_al_2026-02-15_Facebook/2026-02-01_al_2026-02-15_Facebook_posts.csv
2026-02-01,2026-02-01_al_2026-02-15_Facebook,isaac_montoya,Isaac Montoya,facebook,Facebook,post_facebook,isaacmontoya24,Isaac Montoya,,"Gracias a la rápida intervención de la Guardia Municipal, se logró la localización y recuperación de un vehículo con reporte de robo, el cual fue devuelto a su propietario.🚓🛡️ Este resultado refleja el compromiso, la coordinación operativa y la cercanía con la ciudadanía para fortalecer la seguridad en el municipio. #AquiGobiernaLaEsperanza #Naucalpan #GuardiaMunicipal #Seguridad","Gracias a la rápida intervención de la Guardia Municipal, se logró la localización y recuperación de un vehículo con reporte de robo, el cual fue devuelto a su propietario.🚓🛡️ Este resultado refleja el compromiso, la coordinación operativa y la cercanía con la ciudadanía para fortalecer la seguridad en el municipio. #AquiGobiernaLaEsperanza #Naucalpan #GuardiaMunicipal #Seguridad",https://www.facebook.com/reel/3464227843729613/,https://www.facebook.com/reel/3464227843729613/,2026-02-05 11:14:04,2026-02-05,/home/emilio/Documentos/Naucalpan_Semanal_Reportes/Periodico/Enero_Mayo/2026-02-01_al_2026-02-15/Facebook/2026-02-01_al_2026-02-15_Facebook/2026-02-01_al_2026-02-15_Facebook_posts.csv
2026-02-01,2026-02-01_al_2026-02-15_Facebook,isaac_montoya,Isaac Montoya,facebook,Facebook,post_facebook,isaacmontoya24,Isaac Montoya,,"Gracias a la oportuna coordinación entre vecinas, vecinos y la Guardia Municipal, se logró la localización, resguardo y traslado seguro de una menor de edad que se encontraba desorientada, salvaguardando en todo momento su integridad.🚨 La atención se realizó conforme a los protocolos de protección, reafirmando nuestro compromiso con el bienestar y los derechos de niñas, niños y adolescentes. #AquiGobiernaLaEsperanza #Naucalpan #GuardiaMunicipal #Seguridad","Gracias a la oportuna coordinación entre vecinas, vecinos y la Guardia Municipal, se logró la localización, resguardo y traslado seguro de una menor de edad que se encontraba desorientada, salvaguardando en todo momento su integridad.🚨 La atención se realizó conforme a los protocolos de protección, reafirmando nuestro compromiso con el bienestar y los derechos de niñas, niños y adolescentes. #AquiGobiernaLaEsperanza #Naucalpan #GuardiaMunicipal #Seguridad",https://www.facebook.com/reel/25724567990499536/,https://www.facebook.com/reel/25724567990499536/,2026-02-05 10:30:51,2026-02-05,/home/emilio/Documentos/Naucalpan_Semanal_Reportes/Periodico/Enero_Mayo/2026-02-01_al_2026-02-15/Facebook/2026-02-01_al_2026-02-15_Facebook/2026-02-01_al_2026-02-15_Facebook_posts.csv
2026-02-01,2026-02-01_al_2026-02-15_Facebook,isaac_montoya,Isaac Montoya,facebook,Facebook,post_facebook,isaacmontoya24,Isaac Montoya,,"REMUS en marcha en nuestras comunidades.🔊 El Gobierno de Ciudad Naucalpan, encabezado por el Presidente Municipal Isaac Montoya, impulsa la Red Municipal de Seguridad (REMUS), una estrategia innovadora que conecta directamente a las y los vecinos con las autoridades municipales a través de la aplicación gratuita REMUS Naucalpan. 📲 Con solo dos clics, las y los naucalpenses pueden activar una alarma vecinal, alertar al C4 y recibir apoyo inmediato de la patrulla más cercana, fortaleciendo la coordinación entre ciudadanía y gobierno. 🤝🚨 Gracias a este sistema, ya son decenas de colonias las que cuentan con alarmas activas y redes vecinales conectadas, haciendo de Naucalpan un municipio más seguro, organizado. #AquiGobiernaLaEsperanza #REMUS #Seguridad #Naucalpan","REMUS en marcha en nuestras comunidades.🔊 El Gobierno de Ciudad Naucalpan, encabezado por el Presidente Municipal Isaac Montoya, impulsa la Red Municipal de Seguridad (REMUS), una estrategia innovadora que conecta directamente a las y los vecinos con las autoridades municipales a través de la aplicación gratuita REMUS Naucalpan. 📲 Con solo dos clics, las y los naucalpenses pueden activar una alarma vecinal, alertar al C4 y recibir apoyo inmediato de la patrulla más cercana, fortaleciendo la coordinación entre ciudadanía y gobierno. 🤝🚨 Gracias a este sistema, ya son decenas de colonias las que cuentan con alarmas activas y redes vecinales conectadas, haciendo de Naucalpan un municipio más seguro, organizado. #AquiGobiernaLaEsperanza #REMUS #Seguridad #Naucalpan",https://www.facebook.com/reel/1833479184036140/,https://www.facebook.com/reel/1833479184036140/,2026-02-05 10:12:07,2026-02-05,/home/emilio/Documentos/Naucalpan_Semanal_Reportes/Periodico/Enero_Mayo/2026-02-01_al_2026-02-15/Facebook/2026-02-01_al_2026-02-15_Facebook/2026-02-01_al_2026-02-15_Facebook_posts.csv
2026-02-01,2026-02-01_al_2026-02-15_Facebook,isaac_montoya,Isaac Montoya,facebook,Facebook,post_facebook,isaacmontoya24,Isaac Montoya,,"En el marco del Día de la Candelaria, compartimos tamales en nuestras comunidades.✨ A través de las OASyS fortalecemos los lazos entre vecinas y vecinos, haciendo comunidad desde el corazón y desde el territorio.🤍 #Naucalpan #DiaDeLaCandelaria","En el marco del Día de la Candelaria, compartimos tamales en nuestras comunidades.✨ A través de las OASyS fortalecemos los lazos entre vecinas y vecinos, haciendo comunidad desde el corazón y desde el territorio.🤍 #Naucalpan #DiaDeLaCandelaria",https://www.facebook.com/reel/2097881990979482/,https://www.facebook.com/reel/2097881990979482/,2026-02-04 21:58:18,2026-02-04,/home/emilio/Documentos/Naucalpan_Semanal_Reportes/Periodico/Enero_Mayo/2026-02-01_al_2026-02-15/Facebook/2026-02-01_al_2026-02-15_Facebook/2026-02-01_al_2026-02-15_Facebook_posts.csv
2026-02-01,2026-02-01_al_2026-02-15_Facebook,isaac_montoya,Isaac Montoya,facebook,Facebook,post_facebook,isaacmontoya24,Isaac Montoya,,"En el marco del Día de la Candelaria, compartimos una tamaliza en distintas comunidades de Ciudad Naucalpan, porque nuestras tradiciones también son una forma de hacer comunidad.✨ A través de los OASyS (Organización Administrativa Social y Solidaria), llevamos este alimento que nos identifica como pueblo, y que nos recuerda que cuando cumplimos la palabra, también fortalecemos los lazos entre vecinas y vecinos. En Ciudad Naucalpan, preservamos lo que nos da identidad, pero sobre todo, lo que nos une: la convivencia. #Naucalpan #DiaDeLaCandelaria","En el marco del Día de la Candelaria, compartimos una tamaliza en distintas comunidades de Ciudad Naucalpan, porque nuestras tradiciones también son una forma de hacer comunidad.✨ A través de los OASyS (Organización Administrativa Social y Solidaria), llevamos este alimento que nos identifica como pueblo, y que nos recuerda que cuando cumplimos la palabra, también fortalecemos los lazos entre vecinas y vecinos. En Ciudad Naucalpan, preservamos lo que nos da identidad, pero sobre todo, lo que nos une: la convivencia. #Naucalpan #DiaDeLaCandelaria",https://www.facebook.com/isaacmontoya24/posts/pfbid02srLWHRvcB1LdCTosYLzB4zaxraDwMaqVKG5AMHNdNUwgyFgXMk69Hztx9133qsShl,https://www.facebook.com/isaacmontoya24/posts/pfbid02srLWHRvcB1LdCTosYLzB4zaxraDwMaqVKG5AMHNdNUwgyFgXMk69Hztx9133qsShl,2026-02-04 16:30:53,2026-02-04,/home/emilio/Documentos/Naucalpan_Semanal_Reportes/Periodico/Enero_Mayo/2026-02-01_al_2026-02-15/Facebook/2026-02-01_al_2026-02-15_Facebook/2026-02-01_al_2026-02-15_Facebook_posts.csv
2026-02-01,2026-02-01_al_2026-02-15_Facebook,isaac_montoya,Isaac Montoya,facebook,Facebook,post_facebook,isaacmontoya24,Isaac Montoya,,"Hoy envío una felicitación fraterna a Roberto Bautista, Presidente Municipal de Tenango del Valle, por su cumpleaños. 🎉 Que su camino siga lleno de salud y fortaleza, para que juntas y juntos continuemos la ruta de la transformación, trabajando con convicción por la dignificación y el bienestar del pueblo de México. Mis mejores deseos. #Naucalpan","Hoy envío una felicitación fraterna a Roberto Bautista, Presidente Municipal de Tenango del Valle, por su cumpleaños. 🎉 Que su camino siga lleno de salud y fortaleza, para que juntas y juntos continuemos la ruta de la transformación, trabajando con convicción por la dignificación y el bienestar del pueblo de México. Mis mejores deseos. #Naucalpan",https://www.facebook.com/isaacmontoya24/posts/pfbid0EzzEKUYeKjxJCvkEpBwJ2PB4gQt2KuLTiwv7LCGVd2EPhzyzwzmKBz6iNQrAEeK5l,https://www.facebook.com/isaacmontoya24/posts/pfbid0EzzEKUYeKjxJCvkEpBwJ2PB4gQt2KuLTiwv7LCGVd2EPhzyzwzmKBz6iNQrAEeK5l,2026-02-04 13:51:30,2026-02-04,/home/emilio/Documentos/Naucalpan_Semanal_Reportes/Periodico/Enero_Mayo/2026-02-01_al_2026-02-15/Facebook/2026-02-01_al_2026-02-15_Facebook/2026-02-01_al_2026-02-15_Facebook_posts.csv
2026-02-01,2026-02-01_al_2026-02-15_Facebook,isaac_montoya,Isaac Montoya,facebook,Facebook,post_facebook,isaacmontoya24,Isaac Montoya,,"En un año de gestión, Ciudad Naucalpan ha fortalecido su estabilidad financiera y mejorado de manera sustantiva sus calificaciones crediticias, resultado de una administración responsable y con visión de largo plazo. El reconocimiento de agencias especializadas confirma que el manejo ordenado de los recursos públicos reduce riesgos, genera confianza y amplía la capacidad del municipio para invertir en obras y servicios que benefician directamente a la ciudadanía. Seguimos trabajando con disciplina financiera y transparencia, porque finanzas sanas significan más confianza, más inversión y mejores condiciones de vida para las y los naucalpenses. #AquiGobiernaLaEsperanza #Naucalpan","En un año de gestión, Ciudad Naucalpan ha fortalecido su estabilidad financiera y mejorado de manera sustantiva sus calificaciones crediticias, resultado de una administración responsable y con visión de largo plazo. El reconocimiento de agencias especializadas confirma que el manejo ordenado de los recursos públicos reduce riesgos, genera confianza y amplía la capacidad del municipio para invertir en obras y servicios que benefician directamente a la ciudadanía. Seguimos trabajando con disciplina financiera y transparencia, porque finanzas sanas significan más confianza, más inversión y mejores condiciones de vida para las y los naucalpenses. #AquiGobiernaLaEsperanza #Naucalpan",https://www.facebook.com/isaacmontoya24/posts/pfbid0oCUpH6WmSotmXYCdS733P5u7cXsxkJ47ZMgMXArxaq15bouTPbJgDFBG4jAxGkEwl,https://www.facebook.com/isaacmontoya24/posts/pfbid0oCUpH6WmSotmXYCdS733P5u7cXsxkJ47ZMgMXArxaq15bouTPbJgDFBG4jAxGkEwl,2026-02-04 12:48:02,2026-02-04,/home/emilio/Documentos/Naucalpan_Semanal_Reportes/Periodico/Enero_Mayo/2026-02-01_al_2026-02-15/Facebook/2026-02-01_al_2026-02-15_Facebook/2026-02-01_al_2026-02-15_Facebook_posts.csv
2026-02-01,2026-02-01_al_2026-02-15_Facebook,isaac_montoya,Isaac Montoya,facebook,Facebook,post_facebook,isaacmontoya24,Isaac Montoya,,"Servicio de Relevo🧏‍♀️ En el Palacio Municipal de Ciudad Naucalpan ya contamos con el servicio gratuito de interpretación en Lengua de Señas Mexicana, para la atención y realización de trámites. Este servicio está disponible en los módulos de atención directa al público, con el objetivo de garantizar una comunicación accesible e incluyente. 📍 Palacio Municipal de Naucalpan 🗓️ Lunes a viernes ⏰ De 10:00 a 15:00 horas ¡Este servicio es para ti! Úsalo cuando lo necesites. #AquiGobiernaLaEsperanza #Naucalpan #Inclusion #LenguaDeSeñas #ServicioDeRelevo","Servicio de Relevo🧏‍♀️ En el Palacio Municipal de Ciudad Naucalpan ya contamos con el servicio gratuito de interpretación en Lengua de Señas Mexicana, para la atención y realización de trámites. Este servicio está disponible en los módulos de atención directa al público, con el objetivo de garantizar una comunicación accesible e incluyente. 📍 Palacio Municipal de Naucalpan 🗓️ Lunes a viernes ⏰ De 10:00 a 15:00 horas ¡Este servicio es para ti! Úsalo cuando lo necesites. #AquiGobiernaLaEsperanza #Naucalpan #Inclusion #LenguaDeSeñas #ServicioDeRelevo",https://www.facebook.com/reel/1397315638513443/,https://www.facebook.com/reel/1397315638513443/,2026-02-03 18:22:05,2026-02-03,/home/emilio/Documentos/Naucalpan_Semanal_Reportes/Periodico/Enero_Mayo/2026-02-01_al_2026-02-15/Facebook/2026-02-01_al_2026-02-15_Facebook/2026-02-01_al_2026-02-15_Facebook_posts.csv
2026-02-01,2026-02-01_al_2026-02-15_Facebook,isaac_montoya,Isaac Montoya,facebook,Facebook,post_facebook,isaacmontoya24,Isaac Montoya,,"Este 2 de febrero celebramos el Día de la Candelaria, una tradición que nos reúne en familia, fortalece la convivencia y enaltece la riqueza cultural y gastronómica de nuestro país. 🇲🇽 En Ciudad Naucalpan, nuestras tradiciones se mantienen vivas gracias a la unión y la comunidad. ✨ Este día, consigue tus tamales en: • Tamales ""Aconcagua"": Calle Aconcagua, colonia Bonfil. • Tamales ""Gourmet"": Lomas de San Agustín. • Tamales ""El Capi"": Naucalpan Centro, Parque Revolución. • Tamales ""Izcalli"": Izcalli Chamapa, Poetas Mexiquenses. • Tamales ""El Rey"": Loma Linda. • Tamales ""Los Gordos"": Colonia López Mateos. • Tamales ""Walmart San Mateo"": Colonia Boulevares. • Tamales ""Doña Roker"": Interior del Mercado El Molinito. #AquiGobiernaLaEsperanza #Naucalpan #DiaDeLaCandelaria #DIFNaucalpan #OrgulloNaucalpense","Este 2 de febrero celebramos el Día de la Candelaria, una tradición que nos reúne en familia, fortalece la convivencia y enaltece la riqueza cultural y gastronómica de nuestro país. 🇲🇽 En Ciudad Naucalpan, nuestras tradiciones se mantienen vivas gracias a la unión y la comunidad. ✨ Este día, consigue tus tamales en: • Tamales ""Aconcagua"": Calle Aconcagua, colonia Bonfil. • Tamales ""Gourmet"": Lomas de San Agustín. • Tamales ""El Capi"": Naucalpan Centro, Parque Revolución. • Tamales ""Izcalli"": Izcalli Chamapa, Poetas Mexiquenses. • Tamales ""El Rey"": Loma Linda. • Tamales ""Los Gordos"": Colonia López Mateos. • Tamales ""Walmart San Mateo"": Colonia Boulevares. • Tamales ""Doña Roker"": Interior del Mercado El Molinito. #AquiGobiernaLaEsperanza #Naucalpan #DiaDeLaCandelaria #DIFNaucalpan #OrgulloNaucalpense",https://www.facebook.com/reel/902448265659559/,https://www.facebook.com/reel/902448265659559/,2026-02-02 11:38:13,2026-02-02,/home/emilio/Documentos/Naucalpan_Semanal_Reportes/Periodico/Enero_Mayo/2026-02-01_al_2026-02-15/Facebook/2026-02-01_al_2026-02-15_Facebook/2026-02-01_al_2026-02-15_Facebook_posts.csv
2026-02-01,2026-02-01_al_2026-02-15_Facebook,isaac_montoya,Isaac Montoya,facebook,Facebook,post_facebook,isaacmontoya24,Isaac Montoya,,"El Servicio de Relevo es un mecanismo que brinda un puente de comunicación entre las personas sordas y las dependencias municipales, garantizando su derecho a la comunicación y al acceso a los servicios públicos. A través del intérprete de Lengua de Señas Mexicana y el uso de herramientas tecnológicas, las y los ciudadanos pueden realizar trámites y gestiones de manera autónoma, digna y en igualdad de condiciones. Este servicio ya está disponible en el Palacio Municipal. La inclusión no es un privilegio, es un derecho. #AquiGobiernaLaEsperanza #Naucalpan #Inclusion #ServicioDeRelevo","El Servicio de Relevo es un mecanismo que brinda un puente de comunicación entre las personas sordas y las dependencias municipales, garantizando su derecho a la comunicación y al acceso a los servicios públicos. A través del intérprete de Lengua de Señas Mexicana y el uso de herramientas tecnológicas, las y los ciudadanos pueden realizar trámites y gestiones de manera autónoma, digna y en igualdad de condiciones. Este servicio ya está disponible en el Palacio Municipal. La inclusión no es un privilegio, es un derecho. #AquiGobiernaLaEsperanza #Naucalpan #Inclusion #ServicioDeRelevo",https://www.facebook.com/reel/2312472229263731/,https://www.facebook.com/reel/2312472229263731/,2026-02-02 11:03:33,2026-02-02,/home/emilio/Documentos/Naucalpan_Semanal_Reportes/Periodico/Enero_Mayo/2026-02-01_al_2026-02-15/Facebook/2026-02-01_al_2026-02-15_Facebook/2026-02-01_al_2026-02-15_Facebook_posts.csv
2026-02-16,2026-02-16_al_2026-02-28_Facebook,gobierno_naucalpan,Gobierno de Naucalpan,facebook,Facebook,post_facebook,ciudadnaucalpan,Ciudad Naucalpan / Gobierno Municipal 2025-2027.,,Impulsando a nuestros artesanos naucalpenses. ✨🎨 ¡Conóceles! #AquiGobiernaLaEsperanza #Naucalpan #ArtesanosNaucalpenses #TalentoLocal,Impulsando a nuestros artesanos naucalpenses. ✨🎨 ¡Conóceles! #AquiGobiernaLaEsperanza #Naucalpan #ArtesanosNaucalpenses #TalentoLocal,https://www.facebook.com/CiudadNaucalpan/posts/pfbid02dvBYxvXU5U2UFcqH6nUjkyma5xU8q8wGJ3xZRYCdwncv4rCcgjdvDvmWhnxTPQq6l,https://www.facebook.com/CiudadNaucalpan/posts/pfbid02dvBYxvXU5U2UFcqH6nUjkyma5xU8q8wGJ3xZRYCdwncv4rCcgjdvDvmWhnxTPQq6l,2026-02-27 17:01:53,2026-02-27,/home/emilio/Documentos/Naucalpan_Semanal_Reportes/Periodico/Enero_Mayo/2026-02-16_al_2026-02-28/Facebook/2026-02-16_al_2026-02-28_Facebook/2026-02-16_al_2026-02-28_Facebook_posts.csv
2026-02-16,2026-02-16_al_2026-02-28_Facebook,gobierno_naucalpan,Gobierno de Naucalpan,facebook,Facebook,post_facebook,ciudadnaucalpan,Ciudad Naucalpan / Gobierno Municipal 2025-2027.,,"Curso de Preparación para el Ingreso a la Educación Media Superior🎓 El Gobierno de Ciudad Naucalpan invita a las y los estudiantes a participar en el Curso de Preparación para el ingreso a instituciones adscritas a la UNAM e IPN. Este programa tiene como objetivo fortalecer las competencias académicas en la transición de secundaria a preparatoria, así como impulsar el bienestar juvenil conforme al Plan de Desarrollo Municipal 2025–2027. 📚 Incluye: • Clases presenciales programadas • Ejercicios guiados • Resolución de reactivos tipo examen • Evaluaciones diagnósticas • Simulacros de examen 🗓️ Del 3 de marzo al 29 de mayo de 2026 (lunes, martes y miércoles). ⚠️ El curso inicia el martes 3 de marzo, debido a que el lunes 2 es día de asueto. ⏰ Turno matutino: 10:00 a 12:30 horas ⏰ Turno vespertino: 15:00 a 17:30 horas 📍 Instituto de las Juventudes Naucalpenses Av. Norteamérica, Las Américas, Naucalpan. 📝 Inscripciones del 11 al 28 de febrero 📞 Informes y pre registro: 72 9318 0766 📧 belem.hernandez@naucalpan.gob.mx ⚠️ Cupo limitado. #AquiGobiernaLaEsperanza #Naucalpan #Juventudes #Bienestar #Educacion","Curso de Preparación para el Ingreso a la Educación Media Superior🎓 El Gobierno de Ciudad Naucalpan invita a las y los estudiantes a participar en el Curso de Preparación para el ingreso a instituciones adscritas a la UNAM e IPN. Este programa tiene como objetivo fortalecer las competencias académicas en la transición de secundaria a preparatoria, así como impulsar el bienestar juvenil conforme al Plan de Desarrollo Municipal 2025–2027. 📚 Incluye: • Clases presenciales programadas • Ejercicios guiados • Resolución de reactivos tipo examen • Evaluaciones diagnósticas • Simulacros de examen 🗓️ Del 3 de marzo al 29 de mayo de 2026 (lunes, martes y miércoles). ⚠️ El curso inicia el martes 3 de marzo, debido a que el lunes 2 es día de asueto. ⏰ Turno matutino: 10:00 a 12:30 horas ⏰ Turno vespertino: 15:00 a 17:30 horas 📍 Instituto de las Juventudes Naucalpenses Av. Norteamérica, Las Américas, Naucalpan. 📝 Inscripciones del 11 al 28 de febrero 📞 Informes y pre registro: 72 9318 0766 📧 belem.hernandez@naucalpan.gob.mx ⚠️ Cupo limitado. #AquiGobiernaLaEsperanza #Naucalpan #Juventudes #Bienestar #Educacion",https://www.facebook.com/CiudadNaucalpan/posts/pfbid0vv8ePqAxqDLc9ZHj3DyHY4TTE3u5Xih4xDqUWmGSJ7Yf1hctfR1qYs4idxJLx9sEl,https://www.facebook.com/CiudadNaucalpan/posts/pfbid0vv8ePqAxqDLc9ZHj3DyHY4TTE3u5Xih4xDqUWmGSJ7Yf1hctfR1qYs4idxJLx9sEl,2026-02-27 15:01:44,2026-02-27,/home/emilio/Documentos/Naucalpan_Semanal_Reportes/Periodico/Enero_Mayo/2026-02-16_al_2026-02-28/Facebook/2026-02-16_al_2026-02-28_Facebook/2026-02-16_al_2026-02-28_Facebook_posts.csv
2026-02-16,2026-02-16_al_2026-02-28_Facebook,gobierno_naucalpan,Gobierno de Naucalpan,facebook,Facebook,post_facebook,ciudadnaucalpan,Ciudad Naucalpan / Gobierno Municipal 2025-2027.,,"Inician clases presenciales en la Universidad Nacional Rosario Castellanos (UNRC), Campus Naucalpan🎓📚 Este 2 de marzo a las 7:00 am, estudiantes de segundo semestre y de nuevo ingreso comienzan clases presenciales. 🚌 Habrá transporte disponible con salidas a las 6:00 horas desde Metro Cuatro Caminos, San Bartolo (Glorieta de Morelos) y Los Arcos de los Remedios. #AquiGobiernaLaEsperanza #Naucalpan #UNRC #Mexico #EdoMex","Inician clases presenciales en la Universidad Nacional Rosario Castellanos (UNRC), Campus Naucalpan🎓📚 Este 2 de marzo a las 7:00 am, estudiantes de segundo semestre y de nuevo ingreso comienzan clases presenciales. 🚌 Habrá transporte disponible con salidas a las 6:00 horas desde Metro Cuatro Caminos, San Bartolo (Glorieta de Morelos) y Los Arcos de los Remedios. #AquiGobiernaLaEsperanza #Naucalpan #UNRC #Mexico #EdoMex",https://www.facebook.com/CiudadNaucalpan/posts/pfbid032J9MbdYukS1TrCQQRMN2qjmSBSaSgZMjr7F9d61dmJXhjNtc7jvo3KWynL8Nz2mJl,https://www.facebook.com/CiudadNaucalpan/posts/pfbid032J9MbdYukS1TrCQQRMN2qjmSBSaSgZMjr7F9d61dmJXhjNtc7jvo3KWynL8Nz2mJl,2026-02-27 14:22:24,2026-02-27,/home/emilio/Documentos/Naucalpan_Semanal_Reportes/Periodico/Enero_Mayo/2026-02-16_al_2026-02-28/Facebook/2026-02-16_al_2026-02-28_Facebook/2026-02-16_al_2026-02-28_Facebook_posts.csv
2026-02-16,2026-02-16_al_2026-02-28_Facebook,gobierno_naucalpan,Gobierno de Naucalpan,facebook,Facebook,post_facebook,ciudadnaucalpan,Ciudad Naucalpan / Gobierno Municipal 2025-2027.,,"🎶💜 Festival Feminista de Música: Naucalpan, Vivas, Libres y Sonando 💜🎶 Conoce a La Cora de Cuidadoras DIF🤝 La Brigada de Cuidadoras de tu comunidad surge del compromiso del DIF para implementar un Sistema de Cuidados donde se reconozca, reduzca y remunere el trabajo que históricamente ha recaído principalmente en las mujeres. ✨👩‍👧‍👦 Impulsada por la presidenta honoraria del SMDIF Naucalpan, esta brigada tiene presencia permanente en el territorio municipal, realizando diversas actividades para acercar el gobierno a las calles. 🏡🌸 📲 Redes sociales: Facebook: DIF Naucalpan Instagram: https://www.instagram.com/difnaucalpan/ #AquiGobiernaLaEsperanza #Naucalpan #VivasLibresYSonando #DIFNaucalpan","🎶💜 Festival Feminista de Música: Naucalpan, Vivas, Libres y Sonando 💜🎶 Conoce a La Cora de Cuidadoras DIF🤝 La Brigada de Cuidadoras de tu comunidad surge del compromiso del DIF para implementar un Sistema de Cuidados donde se reconozca, reduzca y remunere el trabajo que históricamente ha recaído principalmente en las mujeres. ✨👩‍👧‍👦 Impulsada por la presidenta honoraria del SMDIF Naucalpan, esta brigada tiene presencia permanente en el territorio municipal, realizando diversas actividades para acercar el gobierno a las calles. 🏡🌸 📲 Redes sociales: Facebook: DIF Naucalpan Instagram: https://www.instagram.com/difnaucalpan/ #AquiGobiernaLaEsperanza #Naucalpan #VivasLibresYSonando #DIFNaucalpan",https://www.facebook.com/CiudadNaucalpan/posts/pfbid0t7JQ4tW6UREbwkQkeUbTeTzzHfcenZqgQVB93MgLatMKZ84873qamshLStemuDx8l,https://www.facebook.com/CiudadNaucalpan/posts/pfbid0t7JQ4tW6UREbwkQkeUbTeTzzHfcenZqgQVB93MgLatMKZ84873qamshLStemuDx8l,2026-02-27 13:27:25,2026-02-27,/home/emilio/Documentos/Naucalpan_Semanal_Reportes/Periodico/Enero_Mayo/2026-02-16_al_2026-02-28/Facebook/2026-02-16_al_2026-02-28_Facebook/2026-02-16_al_2026-02-28_Facebook_posts.csv
2026-02-16,2026-02-16_al_2026-02-28_Facebook,gobierno_naucalpan,Gobierno de Naucalpan,facebook,Facebook,post_facebook,ciudadnaucalpan,Ciudad Naucalpan / Gobierno Municipal 2025-2027.,,"🎶💜 Festival Feminista de Música: Naucalpan, Vivas, Libres y Sonando 💜🎶 Conoce a Mariana Flores: Cantautora que encuentra en el folk un espacio para transformar. 🌿✨🎤🎶 La música es su lenguaje propio: en 6 años ha escrito alrededor de 60 canciones, cada una nacida de emociones, recuerdos y vivencias que se convierten en historias compartidas. 🎸💫 📲 Redes sociales: Instagram: https://www.instagram.com/mflrsdom/ 💜 #AquiGobiernaLaEsperanza #Naucalpan #VivasLibresYSonando","🎶💜 Festival Feminista de Música: Naucalpan, Vivas, Libres y Sonando 💜🎶 Conoce a Mariana Flores: Cantautora que encuentra en el folk un espacio para transformar. 🌿✨🎤🎶 La música es su lenguaje propio: en 6 años ha escrito alrededor de 60 canciones, cada una nacida de emociones, recuerdos y vivencias que se convierten en historias compartidas. 🎸💫 📲 Redes sociales: Instagram: https://www.instagram.com/mflrsdom/ 💜 #AquiGobiernaLaEsperanza #Naucalpan #VivasLibresYSonando",https://www.facebook.com/CiudadNaucalpan/posts/pfbid02p5vA7L6TGtTLvKzkkyaf1NUxYsEP1dAfsumpR2tNvG6UTKZE9M7x4geHQDy6i8h7l,https://www.facebook.com/CiudadNaucalpan/posts/pfbid02p5vA7L6TGtTLvKzkkyaf1NUxYsEP1dAfsumpR2tNvG6UTKZE9M7x4geHQDy6i8h7l,2026-02-27 13:20:31,2026-02-27,/home/emilio/Documentos/Naucalpan_Semanal_Reportes/Periodico/Enero_Mayo/2026-02-16_al_2026-02-28/Facebook/2026-02-16_al_2026-02-28_Facebook/2026-02-16_al_2026-02-28_Facebook_posts.csv
2026-02-16,2026-02-16_al_2026-02-28_Facebook,gobierno_naucalpan,Gobierno de Naucalpan,facebook,Facebook,post_facebook,ciudadnaucalpan,Ciudad Naucalpan / Gobierno Municipal 2025-2027.,,Impulsando a nuestros artesanos naucalpenses. ✨🎨 ¡Conóceles! #AquiGobiernaLaEsperanza #Naucalpan #ArtesanosNaucalpenses #TalentoLocal,Impulsando a nuestros artesanos naucalpenses. ✨🎨 ¡Conóceles! #AquiGobiernaLaEsperanza #Naucalpan #ArtesanosNaucalpenses #TalentoLocal,https://www.facebook.com/CiudadNaucalpan/posts/pfbid036MPCABFTTVfkZUQRshYJbqc8zdkXQ2tWy5T7W1jbFxHzuMfi5BLPoEPsD5Q1CMh8l,https://www.facebook.com/CiudadNaucalpan/posts/pfbid036MPCABFTTVfkZUQRshYJbqc8zdkXQ2tWy5T7W1jbFxHzuMfi5BLPoEPsD5Q1CMh8l,2026-02-27 13:02:37,2026-02-27,/home/emilio/Documentos/Naucalpan_Semanal_Reportes/Periodico/Enero_Mayo/2026-02-16_al_2026-02-28/Facebook/2026-02-16_al_2026-02-28_Facebook/2026-02-16_al_2026-02-28_Facebook_posts.csv
2026-02-16,2026-02-16_al_2026-02-28_Facebook,gobierno_naucalpan,Gobierno de Naucalpan,facebook,Facebook,post_facebook,ciudadnaucalpan,Ciudad Naucalpan / Gobierno Municipal 2025-2027.,,"🎶💜 Festival Feminista de Música: Naucalpan, Vivas, Libres y Sonando 💜🎶 El Gobierno de Ciudad Naucalpan, a través del IMNIS, te invita a ser parte de un espacio donde la música, el arte y la sororidad se unen para celebrar la fuerza y el talento de las mujeres. Disfruta la participación de: 🎤 La Cora de Cuidadoras DIF 🎶 Prania Esponda 🎵 Vanni Moon 🎼 Andamar Castillo 🎙️ Nidia Barajas 🎸 Mariana Flores 🎹 Leticia Servín 🎧 Yes S. Molina 🔊 Musas Sonideras Y más… Te esperamos: 7 de marzo de 2026 🕙 10:00 horas 📍 Explanada del Palacio Municipal (Av. Juárez No. 39, Fracc. El Mirador, Naucalpan de Juárez). Porque estamos vivas, porque somos libres y porque juntas seguimos sonando. ¡No te lo puedes perder! 🎤🌸 #AquiGobiernaLaEsperanza #Naucalpan #VivasLibresYSonando","🎶💜 Festival Feminista de Música: Naucalpan, Vivas, Libres y Sonando 💜🎶 El Gobierno de Ciudad Naucalpan, a través del IMNIS, te invita a ser parte de un espacio donde la música, el arte y la sororidad se unen para celebrar la fuerza y el talento de las mujeres. Disfruta la participación de: 🎤 La Cora de Cuidadoras DIF 🎶 Prania Esponda 🎵 Vanni Moon 🎼 Andamar Castillo 🎙️ Nidia Barajas 🎸 Mariana Flores 🎹 Leticia Servín 🎧 Yes S. Molina 🔊 Musas Sonideras Y más… Te esperamos: 7 de marzo de 2026 🕙 10:00 horas 📍 Explanada del Palacio Municipal (Av. Juárez No. 39, Fracc. El Mirador, Naucalpan de Juárez). Porque estamos vivas, porque somos libres y porque juntas seguimos sonando. ¡No te lo puedes perder! 🎤🌸 #AquiGobiernaLaEsperanza #Naucalpan #VivasLibresYSonando",https://www.facebook.com/CiudadNaucalpan/posts/pfbid022tL1tHgXmJXDt8463gFDuos8cMMwZPkJRZLzWb3aCPChkJpcdbZdDZrSRZBvQQrhl,https://www.facebook.com/CiudadNaucalpan/posts/pfbid022tL1tHgXmJXDt8463gFDuos8cMMwZPkJRZLzWb3aCPChkJpcdbZdDZrSRZBvQQrhl,2026-02-27 10:17:25,2026-02-27,/home/emilio/Documentos/Naucalpan_Semanal_Reportes/Periodico/Enero_Mayo/2026-02-16_al_2026-02-28/Facebook/2026-02-16_al_2026-02-28_Facebook/2026-02-16_al_2026-02-28_Facebook_posts.csv
2026-02-16,2026-02-16_al_2026-02-28_Facebook,gobierno_naucalpan,Gobierno de Naucalpan,facebook,Facebook,post_facebook,ciudadnaucalpan,Ciudad Naucalpan / Gobierno Municipal 2025-2027.,,"El Gobierno de Ciudad Naucalpan, a través del IMCUFIDEN, invita a niñas y niños a formar parte del Torneo Infantil 2026.🏈✨ 📢 Durante febrero, obtén 50% de descuento en tu inscripción y asegura tu lugar en esta gran experiencia deportiva. Impulsamos el deporte como herramienta para fortalecer valores, disciplina y trabajo en equipo en nuestras juventudes. 📞 Informes e inscripciones: 55 3574 5832 No dejes pasar esta oportunidad. ¡Aparta tu lugar y sé parte del torneo!✨ #AquiGobiernaLaEsperanza #Naucalpan #IMCUFIDEN #Deporte","El Gobierno de Ciudad Naucalpan, a través del IMCUFIDEN, invita a niñas y niños a formar parte del Torneo Infantil 2026.🏈✨ 📢 Durante febrero, obtén 50% de descuento en tu inscripción y asegura tu lugar en esta gran experiencia deportiva. Impulsamos el deporte como herramienta para fortalecer valores, disciplina y trabajo en equipo en nuestras juventudes. 📞 Informes e inscripciones: 55 3574 5832 No dejes pasar esta oportunidad. ¡Aparta tu lugar y sé parte del torneo!✨ #AquiGobiernaLaEsperanza #Naucalpan #IMCUFIDEN #Deporte",https://www.facebook.com/CiudadNaucalpan/posts/pfbid0RxGC6PqeefhYKVu3dx9QSiBuXWmJBRYUSzc4kvLAwwhTNQgH36bPueZE5rPF65YHl,https://www.facebook.com/CiudadNaucalpan/posts/pfbid0RxGC6PqeefhYKVu3dx9QSiBuXWmJBRYUSzc4kvLAwwhTNQgH36bPueZE5rPF65YHl,2026-02-27 08:25:25,2026-02-27,/home/emilio/Documentos/Naucalpan_Semanal_Reportes/Periodico/Enero_Mayo/2026-02-16_al_2026-02-28/Facebook/2026-02-16_al_2026-02-28_Facebook/2026-02-16_al_2026-02-28_Facebook_posts.csv
2026-02-16,2026-02-16_al_2026-02-28_Facebook,gobierno_naucalpan,Gobierno de Naucalpan,facebook,Facebook,post_facebook,ciudadnaucalpan,Ciudad Naucalpan / Gobierno Municipal 2025-2027.,,"Tianquiztli Tlatilca: el mercado de las tradiciones llega a Ciudad Naucalpan🎨🧵 A través de la Dirección de Bienestar e Inclusión Social, invita a la ciudadanía al Tianquiztli Tlatilca, un espacio dedicado a impulsar a las y los productores y artesanos locales, fortaleciendo nuestra identidad cultural y la economía comunitaria. 🤝 📅 26 y 27 de febrero de 2026 ⏰ 9:00 a 16:00 horas 📍 Palacio Municipal, en la explanada ubicada en los edificios anexos (A y B). Durante estos dos días, las y los asistentes podrán disfrutar de exposición y venta de productos artesanales, gastronomía tradicional y un ambiente cultural y familiar que enaltece nuestras raíces. 🌺🫶 Seguimos generando espacios para promover el talento local y fortalecer el consumo responsable en nuestra comunidad. ➡️Consulta más detalles en la imagen y acompáñanos. #AquiGobiernaLaEsperanza #Naucalpan #Bienesta","Tianquiztli Tlatilca: el mercado de las tradiciones llega a Ciudad Naucalpan🎨🧵 A través de la Dirección de Bienestar e Inclusión Social, invita a la ciudadanía al Tianquiztli Tlatilca, un espacio dedicado a impulsar a las y los productores y artesanos locales, fortaleciendo nuestra identidad cultural y la economía comunitaria. 🤝 📅 26 y 27 de febrero de 2026 ⏰ 9:00 a 16:00 horas 📍 Palacio Municipal, en la explanada ubicada en los edificios anexos (A y B). Durante estos dos días, las y los asistentes podrán disfrutar de exposición y venta de productos artesanales, gastronomía tradicional y un ambiente cultural y familiar que enaltece nuestras raíces. 🌺🫶 Seguimos generando espacios para promover el talento local y fortalecer el consumo responsable en nuestra comunidad. ➡️Consulta más detalles en la imagen y acompáñanos. #AquiGobiernaLaEsperanza #Naucalpan #Bienesta",https://www.facebook.com/CiudadNaucalpan/posts/pfbid02e5FHjkAm8fXXw2w3QfEnm3UrJ6aQyK9z3qHpbcPDxUcnq3VV2Co2vzq5gvsGP8iUl,https://www.facebook.com/CiudadNaucalpan/posts/pfbid02e5FHjkAm8fXXw2w3QfEnm3UrJ6aQyK9z3qHpbcPDxUcnq3VV2Co2vzq5gvsGP8iUl,2026-02-27 08:15:38,2026-02-27,/home/emilio/Documentos/Naucalpan_Semanal_Reportes/Periodico/Enero_Mayo/2026-02-16_al_2026-02-28/Facebook/2026-02-16_al_2026-02-28_Facebook/2026-02-16_al_2026-02-28_Facebook_posts.csv
2026-02-16,2026-02-16_al_2026-02-28_Facebook,gobierno_naucalpan,Gobierno de Naucalpan,facebook,Facebook,post_facebook,ciudadnaucalpan,Ciudad Naucalpan / Gobierno Municipal 2025-2027.,,"Curso de Preparación para el Ingreso a la Educación Media Superior🎓 El Gobierno de Ciudad Naucalpan invita a las y los estudiantes a participar en el Curso de Preparación para el ingreso a instituciones adscritas a la UNAM e IPN. Este programa tiene como objetivo fortalecer las competencias académicas en la transición de secundaria a preparatoria, así como impulsar el bienestar juvenil conforme al Plan de Desarrollo Municipal 2025–2027. 📚 Incluye: • Clases presenciales programadas • Ejercicios guiados • Resolución de reactivos tipo examen • Evaluaciones diagnósticas • Simulacros de examen 🗓️ Del 3 de marzo al 29 de mayo de 2026 (lunes, martes y miércoles). ⚠️ El curso inicia el martes 3 de marzo, debido a que el lunes 2 es día de asueto. ⏰ Turno matutino: 10:00 a 12:30 horas ⏰ Turno vespertino: 15:00 a 17:30 horas 📍 Instituto de las Juventudes Naucalpenses Av. Norteamérica, Las Américas, Naucalpan. 📝 Inscripciones del 11 al 28 de febrero 📞 Informes y pre registro: 72 9318 0766 📧 belem.hernandez@naucalpan.gob.mx ⚠️ Cupo limitado. #AquiGobiernaLaEsperanza #Naucalpan #Juventudes #Bienestar #Educacion","Curso de Preparación para el Ingreso a la Educación Media Superior🎓 El Gobierno de Ciudad Naucalpan invita a las y los estudiantes a participar en el Curso de Preparación para el ingreso a instituciones adscritas a la UNAM e IPN. Este programa tiene como objetivo fortalecer las competencias académicas en la transición de secundaria a preparatoria, así como impulsar el bienestar juvenil conforme al Plan de Desarrollo Municipal 2025–2027. 📚 Incluye: • Clases presenciales programadas • Ejercicios guiados • Resolución de reactivos tipo examen • Evaluaciones diagnósticas • Simulacros de examen 🗓️ Del 3 de marzo al 29 de mayo de 2026 (lunes, martes y miércoles). ⚠️ El curso inicia el martes 3 de marzo, debido a que el lunes 2 es día de asueto. ⏰ Turno matutino: 10:00 a 12:30 horas ⏰ Turno vespertino: 15:00 a 17:30 horas 📍 Instituto de las Juventudes Naucalpenses Av. Norteamérica, Las Américas, Naucalpan. 📝 Inscripciones del 11 al 28 de febrero 📞 Informes y pre registro: 72 9318 0766 📧 belem.hernandez@naucalpan.gob.mx ⚠️ Cupo limitado. #AquiGobiernaLaEsperanza #Naucalpan #Juventudes #Bienestar #Educacion",https://www.facebook.com/CiudadNaucalpan/posts/pfbid0AEaQSXK4d2Z4SCEvmvqU8soDL7Mb5MggBTvcd6yXQs8EHLDGzvYES8d8VTXAKnYGl,https://www.facebook.com/CiudadNaucalpan/posts/pfbid0AEaQSXK4d2Z4SCEvmvqU8soDL7Mb5MggBTvcd6yXQs8EHLDGzvYES8d8VTXAKnYGl,2026-02-27 07:31:29,2026-02-27,/home/emilio/Documentos/Naucalpan_Semanal_Reportes/Periodico/Enero_Mayo/2026-02-16_al_2026-02-28/Facebook/2026-02-16_al_2026-02-28_Facebook/2026-02-16_al_2026-02-28_Facebook_posts.csv
2026-02-16,2026-02-16_al_2026-02-28_Facebook,gobierno_naucalpan,Gobierno de Naucalpan,facebook,Facebook,post_facebook,ciudadnaucalpan,Ciudad Naucalpan / Gobierno Municipal 2025-2027.,,"¿Sabías qué? ⚽ El Adidas Telstar fue utilizado en Alemania 1974 y también estuvo presente en la edición de 1970. Su nombre hace referencia al satélite Telstar, marcando una época en la historia del fútbol internacional. 🌍✨ Un balón que se convirtió en símbolo de una generación. #AquiGobiernaLaEsperanza #HuellasDelMundial #Naucalpan","¿Sabías qué? ⚽ El Adidas Telstar fue utilizado en Alemania 1974 y también estuvo presente en la edición de 1970. Su nombre hace referencia al satélite Telstar, marcando una época en la historia del fútbol internacional. 🌍✨ Un balón que se convirtió en símbolo de una generación. #AquiGobiernaLaEsperanza #HuellasDelMundial #Naucalpan",https://www.facebook.com/CiudadNaucalpan/posts/pfbid0275kvA2zB6byfTsM4ypvr2Zj4hXcqrvUTShdwWXVznGNa1FZBSdpb5nDzRjBbsT22l,https://www.facebook.com/CiudadNaucalpan/posts/pfbid0275kvA2zB6byfTsM4ypvr2Zj4hXcqrvUTShdwWXVznGNa1FZBSdpb5nDzRjBbsT22l,2026-02-27 07:02:22,2026-02-27,/home/emilio/Documentos/Naucalpan_Semanal_Reportes/Periodico/Enero_Mayo/2026-02-16_al_2026-02-28/Facebook/2026-02-16_al_2026-02-28_Facebook/2026-02-16_al_2026-02-28_Facebook_posts.csv
2026-02-16,2026-02-16_al_2026-02-28_Twitter,gobierno_naucalpan,Gobierno de Naucalpan,twitter,Twitter/X,tweet,@GobNau,@GobNau,,"Curso de Preparación para el Ingreso a la Educación Media Superior El curso inicia el martes 3 de marzo, debido a que el lunes 2 es día de asueto. #AquiGobiernaLaEsperanza #Naucalpan #Juventudes #Bienestar #Educacion","Curso de Preparación para el Ingreso a la Educación Media Superior El curso inicia el martes 3 de marzo, debido a que el lunes 2 es día de asueto. #AquiGobiernaLaEsperanza #Naucalpan #Juventudes #Bienestar #Educacion",https://x.com/GobNau/status/2027489351110652077,https://x.com/GobNau/status/2027489351110652077,2026-02-27 21:01:44+00:00,2026-02-27,/home/emilio/Documentos/Naucalpan_Semanal_Reportes/Periodico/Enero_Mayo/2026-02-16_al_2026-02-28/Twitter/2026-02-16_al_2026-02-28_Twitter/2026-02-16_al_2026-02-28_Twitter_post_institucionales.csv
2026-02-16,2026-02-16_al_2026-02-28_Twitter,gobierno_naucalpan,Gobierno de Naucalpan,twitter,Twitter/X,tweet,@GobNau,@GobNau,,"Inician clases presenciales en la Universidad Nacional Rosario Castellanos (UNRC), Campus Naucalpan #AquiGobiernaLaEsperanza #Naucalpan #UNRC #Mexico #EdoMex","Inician clases presenciales en la Universidad Nacional Rosario Castellanos (UNRC), Campus Naucalpan #AquiGobiernaLaEsperanza #Naucalpan #UNRC #Mexico #EdoMex",https://x.com/GobNau/status/2027479455954866312,https://x.com/GobNau/status/2027479455954866312,2026-02-27 20:22:25+00:00,2026-02-27,/home/emilio/Documentos/Naucalpan_Semanal_Reportes/Periodico/Enero_Mayo/2026-02-16_al_2026-02-28/Twitter/2026-02-16_al_2026-02-28_Twitter/2026-02-16_al_2026-02-28_Twitter_post_institucionales.csv
2026-02-16,2026-02-16_al_2026-02-28_Twitter,gobierno_naucalpan,Gobierno de Naucalpan,twitter,Twitter/X,tweet,@GobNau,@GobNau,,La Cora de Cuidadoras DIF La Brigada de Cuidadoras de tu comunidad impulsa un Sistema de Cuidados que reconoce y dignifica el trabajo que históricamente ha recaído en las mujeres. @difnaucalpan #AquiGobiernaLaEsperanza #Naucalpan #VivasLibresYSonando,La Cora de Cuidadoras DIF La Brigada de Cuidadoras de tu comunidad impulsa un Sistema de Cuidados que reconoce y dignifica el trabajo que históricamente ha recaído en las mujeres. @difnaucalpan #AquiGobiernaLaEsperanza #Naucalpan #VivasLibresYSonando,https://x.com/GobNau/status/2027465617486364726,https://x.com/GobNau/status/2027465617486364726,2026-02-27 19:27:26+00:00,2026-02-27,/home/emilio/Documentos/Naucalpan_Semanal_Reportes/Periodico/Enero_Mayo/2026-02-16_al_2026-02-28/Twitter/2026-02-16_al_2026-02-28_Twitter/2026-02-16_al_2026-02-28_Twitter_post_institucionales.csv
2026-02-16,2026-02-16_al_2026-02-28_Twitter,gobierno_naucalpan,Gobierno de Naucalpan,twitter,Twitter/X,tweet,@GobNau,@GobNau,,Conoce a Mariana Flores Cantautora de folk que transforma emociones en canciones. En 6 años ha escrito alrededor de 60 temas llenos de recuerdos y vivencias que se vuelven historias compartidas. Instagram: @mflrsdom #AquiGobiernaLaEsperanza #Naucalpan,Conoce a Mariana Flores Cantautora de folk que transforma emociones en canciones. En 6 años ha escrito alrededor de 60 temas llenos de recuerdos y vivencias que se vuelven historias compartidas. Instagram: @mflrsdom #AquiGobiernaLaEsperanza #Naucalpan,https://x.com/GobNau/status/2027464006546469126,https://x.com/GobNau/status/2027464006546469126,2026-02-27 19:21:02+00:00,2026-02-27,/home/emilio/Documentos/Naucalpan_Semanal_Reportes/Periodico/Enero_Mayo/2026-02-16_al_2026-02-28/Twitter/2026-02-16_al_2026-02-28_Twitter/2026-02-16_al_2026-02-28_Twitter_post_institucionales.csv
2026-02-16,2026-02-16_al_2026-02-28_Twitter,gobierno_naucalpan,Gobierno de Naucalpan,twitter,Twitter/X,tweet,@GobNau,@GobNau,,"Festival Feminista de Música: Naucalpan, Vivas, Libres y Sonando Porque estamos vivas, porque somos libres y porque juntas seguimos sonando. ¡Te esperamos! #AquiGobiernaLaEsperanza #Naucalpan #VivasLibresYSonando","Festival Feminista de Música: Naucalpan, Vivas, Libres y Sonando Porque estamos vivas, porque somos libres y porque juntas seguimos sonando. ¡Te esperamos! #AquiGobiernaLaEsperanza #Naucalpan #VivasLibresYSonando",https://x.com/GobNau/status/2027418453619916924,https://x.com/GobNau/status/2027418453619916924,2026-02-27 16:20:01+00:00,2026-02-27,/home/emilio/Documentos/Naucalpan_Semanal_Reportes/Periodico/Enero_Mayo/2026-02-16_al_2026-02-28/Twitter/2026-02-16_al_2026-02-28_Twitter/2026-02-16_al_2026-02-28_Twitter_post_institucionales.csv
2026-02-16,2026-02-16_al_2026-02-28_Twitter,gobierno_naucalpan,Gobierno de Naucalpan,twitter,Twitter/X,tweet,@GobNau,@GobNau,,"El Gobierno de Ciudad Naucalpan, a través del IMCUFIDEN, invita a niñas y niños a formar parte del Torneo Infantil 2026. No dejes pasar esta oportunidad. ¡Aparta tu lugar y sé parte del torneo! #AquiGobiernaLaEsperanza #Naucalpan #IMCUFIDEN #Deporte","El Gobierno de Ciudad Naucalpan, a través del IMCUFIDEN, invita a niñas y niños a formar parte del Torneo Infantil 2026. No dejes pasar esta oportunidad. ¡Aparta tu lugar y sé parte del torneo! #AquiGobiernaLaEsperanza #Naucalpan #IMCUFIDEN #Deporte",https://x.com/GobNau/status/2027389617591271723,https://x.com/GobNau/status/2027389617591271723,2026-02-27 14:25:26+00:00,2026-02-27,/home/emilio/Documentos/Naucalpan_Semanal_Reportes/Periodico/Enero_Mayo/2026-02-16_al_2026-02-28/Twitter/2026-02-16_al_2026-02-28_Twitter/2026-02-16_al_2026-02-28_Twitter_post_institucionales.csv
2026-02-16,2026-02-16_al_2026-02-28_Twitter,gobierno_naucalpan,Gobierno de Naucalpan,twitter,Twitter/X,tweet,@GobNau,@GobNau,,Tianquiztli Tlatilca: el mercado de las tradiciones llega a Ciudad Naucalpan Consulta más detalles en la imagen y acompáñanos. #AquiGobiernaLaEsperanza #Naucalpan #Bienesta,Tianquiztli Tlatilca: el mercado de las tradiciones llega a Ciudad Naucalpan Consulta más detalles en la imagen y acompáñanos. #AquiGobiernaLaEsperanza #Naucalpan #Bienesta,https://x.com/GobNau/status/2027387155421524411,https://x.com/GobNau/status/2027387155421524411,2026-02-27 14:15:39+00:00,2026-02-27,/home/emilio/Documentos/Naucalpan_Semanal_Reportes/Periodico/Enero_Mayo/2026-02-16_al_2026-02-28/Twitter/2026-02-16_al_2026-02-28_Twitter/2026-02-16_al_2026-02-28_Twitter_post_institucionales.csv
2026-02-16,2026-02-16_al_2026-02-28_Twitter,gobierno_naucalpan,Gobierno de Naucalpan,twitter,Twitter/X,tweet,@GobNau,@GobNau,,"Curso de Preparación para el Ingreso a la Educación Media Superior El curso inicia el martes 3 de marzo, debido a que el lunes 2 es día de asueto. #AquiGobiernaLaEsperanza #Naucalpan #Juventudes #Bienestar #Educacion","Curso de Preparación para el Ingreso a la Educación Media Superior El curso inicia el martes 3 de marzo, debido a que el lunes 2 es día de asueto. #AquiGobiernaLaEsperanza #Naucalpan #Juventudes #Bienestar #Educacion",https://x.com/GobNau/status/2027376039316382192,https://x.com/GobNau/status/2027376039316382192,2026-02-27 13:31:29+00:00,2026-02-27,/home/emilio/Documentos/Naucalpan_Semanal_Reportes/Periodico/Enero_Mayo/2026-02-16_al_2026-02-28/Twitter/2026-02-16_al_2026-02-28_Twitter/2026-02-16_al_2026-02-28_Twitter_post_institucionales.csv
2026-02-16,2026-02-16_al_2026-02-28_Twitter,gobierno_naucalpan,Gobierno de Naucalpan,twitter,Twitter/X,tweet,@GobNau,@GobNau,,¿Sabías qué? El Adidas Telstar fue utilizado en Alemania 1974 y también en 1970. Su nombre hace referencia al satélite Telstar y se convirtió en un ícono del fútbol internacional. #AquiGobiernaLaEsperanza #HuellasDelMundial #Naucalpan,¿Sabías qué? El Adidas Telstar fue utilizado en Alemania 1974 y también en 1970. Su nombre hace referencia al satélite Telstar y se convirtió en un ícono del fútbol internacional. #AquiGobiernaLaEsperanza #HuellasDelMundial #Naucalpan,https://x.com/GobNau/status/2027368861918429539,https://x.com/GobNau/status/2027368861918429539,2026-02-27 13:02:58+00:00,2026-02-27,/home/emilio/Documentos/Naucalpan_Semanal_Reportes/Periodico/Enero_Mayo/2026-02-16_al_2026-02-28/Twitter/2026-02-16_al_2026-02-28_Twitter/2026-02-16_al_2026-02-28_Twitter_post_institucionales.csv
2026-02-16,2026-02-16_al_2026-02-28_Twitter,gobierno_naucalpan,Gobierno de Naucalpan,twitter,Twitter/X,tweet,@GobNau,@GobNau,,"Te invitamos a la Mesa por la Paz, donde se realizará una Jornada de Esterilización y la Entrega de Becas Rita Cetina. #AquiGobiernaLaEsperanza #Naucalpan #MesaPorLaPaz","Te invitamos a la Mesa por la Paz, donde se realizará una Jornada de Esterilización y la Entrega de Becas Rita Cetina. #AquiGobiernaLaEsperanza #Naucalpan #MesaPorLaPaz",https://x.com/GobNau/status/2027242116825457084,https://x.com/GobNau/status/2027242116825457084,2026-02-27 04:39:19+00:00,2026-02-27,/home/emilio/Documentos/Naucalpan_Semanal_Reportes/Periodico/Enero_Mayo/2026-02-16_al_2026-02-28/Twitter/2026-02-16_al_2026-02-28_Twitter/2026-02-16_al_2026-02-28_Twitter_post_institucionales.csv
2026-02-16,2026-02-16_al_2026-02-28_Twitter,gobierno_naucalpan,Gobierno de Naucalpan,twitter,Twitter/X,tweet,@GobNau,@GobNau,,"El Alcalde, Isaac Montoya Márquez, encabezó la entrega de más de 200 testamentos en el Patio Central del Palacio Municipal, como parte de una estrategia para fortalecer el patrimonio familiar y la paz social en Ciudad #Naucalpan. #AquiGobiernaLaEsperanza #DesarrolloUrbano","El Alcalde, Isaac Montoya Márquez, encabezó la entrega de más de 200 testamentos en el Patio Central del Palacio Municipal, como parte de una estrategia para fortalecer el patrimonio familiar y la paz social en Ciudad #Naucalpan. #AquiGobiernaLaEsperanza #DesarrolloUrbano",https://x.com/GobNau/status/2027224812075073944,https://x.com/GobNau/status/2027224812075073944,2026-02-27 03:30:33+00:00,2026-02-27,/home/emilio/Documentos/Naucalpan_Semanal_Reportes/Periodico/Enero_Mayo/2026-02-16_al_2026-02-28/Twitter/2026-02-16_al_2026-02-28_Twitter/2026-02-16_al_2026-02-28_Twitter_post_institucionales.csv
2026-02-16,2026-02-16_al_2026-02-28_Facebook,gobierno_naucalpan,Gobierno de Naucalpan,facebook,Facebook,post_facebook,ciudadnaucalpan,Ciudad Naucalpan / Gobierno Municipal 2025-2027.,,"Te invitamos a la Mesa por la Paz, donde se realizará una Jornada de Esterilización y la Entrega de Becas Rita Cetina.🕊️ 🗓 Viernes 27 de febrero de 2026 🕘 9:00 horas 📍 Hospital Público Veterinario Av. Primero de Mayo s/n, Col. San Luis Tlatilco, Naucalpan de Juárez, Méx. #AquiGobiernaLaEsperanza #Naucalpan #MesaPorLaPaz","Te invitamos a la Mesa por la Paz, donde se realizará una Jornada de Esterilización y la Entrega de Becas Rita Cetina.🕊️ 🗓 Viernes 27 de febrero de 2026 🕘 9:00 horas 📍 Hospital Público Veterinario Av. Primero de Mayo s/n, Col. San Luis Tlatilco, Naucalpan de Juárez, Méx. #AquiGobiernaLaEsperanza #Naucalpan #MesaPorLaPaz",https://www.facebook.com/CiudadNaucalpan/posts/pfbid0g6RvxRu6hshKT2bar5exDTvTPSjxcTmwksHpjNS5x2qPfzGGWm3Ud1D6vHwbrv6Bl,https://www.facebook.com/CiudadNaucalpan/posts/pfbid0g6RvxRu6hshKT2bar5exDTvTPSjxcTmwksHpjNS5x2qPfzGGWm3Ud1D6vHwbrv6Bl,2026-02-26 22:39:18,2026-02-26,/home/emilio/Documentos/Naucalpan_Semanal_Reportes/Periodico/Enero_Mayo/2026-02-16_al_2026-02-28/Facebook/2026-02-16_al_2026-02-28_Facebook/2026-02-16_al_2026-02-28_Facebook_posts.csv
2026-02-16,2026-02-16_al_2026-02-28_Facebook,gobierno_naucalpan,Gobierno de Naucalpan,facebook,Facebook,post_facebook,ciudadnaucalpan,Ciudad Naucalpan / Gobierno Municipal 2025-2027.,,"El Presidente Municipal, Isaac Montoya Márquez, encabezó la entrega de más de 200 testamentos en el Patio Central del Palacio Municipal, como parte de una estrategia para fortalecer el patrimonio familiar y la paz social en Ciudad Naucalpan. La iniciativa busca reducir el rezago en materia de legalidad testamentaria y brindar certeza jurídica a las familias naucalpenses, facilitando el acceso a un trámite que durante años fue percibido como lejano, costoso o complicado. Durante el evento, el presidente municipal destacó que realizar un testamento es un acto de responsabilidad que protege el esfuerzo de toda una vida y evita futuros conflictos legales, garantizando tranquilidad a las familias. Refrendamos nuestro compromiso de acercar la legalidad, los servicios y los derechos a la ciudadanía. #AquiGobiernaLaEsperanza #Naucalpan #DesarrolloUrbano","El Presidente Municipal, Isaac Montoya Márquez, encabezó la entrega de más de 200 testamentos en el Patio Central del Palacio Municipal, como parte de una estrategia para fortalecer el patrimonio familiar y la paz social en Ciudad Naucalpan. La iniciativa busca reducir el rezago en materia de legalidad testamentaria y brindar certeza jurídica a las familias naucalpenses, facilitando el acceso a un trámite que durante años fue percibido como lejano, costoso o complicado. Durante el evento, el presidente municipal destacó que realizar un testamento es un acto de responsabilidad que protege el esfuerzo de toda una vida y evita futuros conflictos legales, garantizando tranquilidad a las familias. Refrendamos nuestro compromiso de acercar la legalidad, los servicios y los derechos a la ciudadanía. #AquiGobiernaLaEsperanza #Naucalpan #DesarrolloUrbano",https://www.facebook.com/CiudadNaucalpan/posts/pfbid038KQ5omCAgLKW2DDevZxu5etQVAwiLK1DHwndwuqozkTDzroRT1jwkSmF6ABnC2AMl,https://www.facebook.com/CiudadNaucalpan/posts/pfbid038KQ5omCAgLKW2DDevZxu5etQVAwiLK1DHwndwuqozkTDzroRT1jwkSmF6ABnC2AMl,2026-02-26 21:29:32,2026-02-26,/home/emilio/Documentos/Naucalpan_Semanal_Reportes/Periodico/Enero_Mayo/2026-02-16_al_2026-02-28/Facebook/2026-02-16_al_2026-02-28_Facebook/2026-02-16_al_2026-02-28_Facebook_posts.csv
2026-02-16,2026-02-16_al_2026-02-28_Facebook,gobierno_naucalpan,Gobierno de Naucalpan,facebook,Facebook,post_facebook,ciudadnaucalpan,Ciudad Naucalpan / Gobierno Municipal 2025-2027.,,"El Gobierno de Ciudad Naucalpan, invita al curso gratuito “Más allá del Plan de Negocios”, un espacio de formación diseñado para fortalecer las capacidades de empresarias, empresarios y emprendedores del municipio. 📈 Este curso brindará herramientas prácticas y un diagnóstico estratégico para identificar bloqueos, mejorar la toma de decisiones y promover negocios sostenibles con impacto económico local. 🗓 12 de marzo. ⏰ 10:00 a 14:00 horas. 📍 Foro Sor Juana Inés de la Cruz, Parque Naucalli (entrada por Periférico. 👩‍🏫 Impartido por la Dra. Irma Castañeda Peña. 📲 Informes y registro vía WhatsApp: 55 8570 0924 #AquiGobiernaLaEsperanza #Naucalpan #DesarrolloEconomico","El Gobierno de Ciudad Naucalpan, invita al curso gratuito “Más allá del Plan de Negocios”, un espacio de formación diseñado para fortalecer las capacidades de empresarias, empresarios y emprendedores del municipio. 📈 Este curso brindará herramientas prácticas y un diagnóstico estratégico para identificar bloqueos, mejorar la toma de decisiones y promover negocios sostenibles con impacto económico local. 🗓 12 de marzo. ⏰ 10:00 a 14:00 horas. 📍 Foro Sor Juana Inés de la Cruz, Parque Naucalli (entrada por Periférico. 👩‍🏫 Impartido por la Dra. Irma Castañeda Peña. 📲 Informes y registro vía WhatsApp: 55 8570 0924 #AquiGobiernaLaEsperanza #Naucalpan #DesarrolloEconomico",https://www.facebook.com/CiudadNaucalpan/posts/pfbid02gUviLxUWX37Q9sPhyjq1tMTMgG4uX2oR1gq358EMjYLXJKzgNgL8sa1Dyg6mVtGel,https://www.facebook.com/CiudadNaucalpan/posts/pfbid02gUviLxUWX37Q9sPhyjq1tMTMgG4uX2oR1gq358EMjYLXJKzgNgL8sa1Dyg6mVtGel,2026-02-26 17:45:23,2026-02-26,/home/emilio/Documentos/Naucalpan_Semanal_Reportes/Periodico/Enero_Mayo/2026-02-16_al_2026-02-28/Facebook/2026-02-16_al_2026-02-28_Facebook/2026-02-16_al_2026-02-28_Facebook_posts.csv
2026-02-16,2026-02-16_al_2026-02-28_Facebook,gobierno_naucalpan,Gobierno de Naucalpan,facebook,Facebook,post_facebook,ciudadnaucalpan,Ciudad Naucalpan / Gobierno Municipal 2025-2027.,,"Curso de Preparación para el Ingreso a la Educación Media Superior🎓 El Gobierno de Ciudad Naucalpan invita a las y los estudiantes a participar en el Curso de Preparación para el ingreso a instituciones adscritas a la UNAM e IPN. Este programa tiene como objetivo fortalecer las competencias académicas en la transición de secundaria a preparatoria, así como impulsar el bienestar juvenil conforme al Plan de Desarrollo Municipal 2025–2027. 📚 Incluye: • Clases presenciales programadas • Ejercicios guiados • Resolución de reactivos tipo examen • Evaluaciones diagnósticas • Simulacros de examen 🗓️ Del 3 de marzo al 29 de mayo de 2026 (lunes, martes y miércoles). ⚠️ El curso inicia el martes 3 de marzo, debido a que el lunes 2 es día de asueto. ⏰ Turno matutino: 10:00 a 12:30 horas ⏰ Turno vespertino: 15:00 a 17:30 horas 📍 Instituto de las Juventudes Naucalpenses Av. Norteamérica, Las Américas, Naucalpan. 📝 Inscripciones del 11 al 28 de febrero 📞 Informes y pre registro: 72 9318 0766 📧 belem.hernandez@naucalpan.gob.mx ⚠️ Cupo limitado. #AquiGobiernaLaEsperanza #Naucalpan #Juventudes #Bienestar #Educacion","Curso de Preparación para el Ingreso a la Educación Media Superior🎓 El Gobierno de Ciudad Naucalpan invita a las y los estudiantes a participar en el Curso de Preparación para el ingreso a instituciones adscritas a la UNAM e IPN. Este programa tiene como objetivo fortalecer las competencias académicas en la transición de secundaria a preparatoria, así como impulsar el bienestar juvenil conforme al Plan de Desarrollo Municipal 2025–2027. 📚 Incluye: • Clases presenciales programadas • Ejercicios guiados • Resolución de reactivos tipo examen • Evaluaciones diagnósticas • Simulacros de examen 🗓️ Del 3 de marzo al 29 de mayo de 2026 (lunes, martes y miércoles). ⚠️ El curso inicia el martes 3 de marzo, debido a que el lunes 2 es día de asueto. ⏰ Turno matutino: 10:00 a 12:30 horas ⏰ Turno vespertino: 15:00 a 17:30 horas 📍 Instituto de las Juventudes Naucalpenses Av. Norteamérica, Las Américas, Naucalpan. 📝 Inscripciones del 11 al 28 de febrero 📞 Informes y pre registro: 72 9318 0766 📧 belem.hernandez@naucalpan.gob.mx ⚠️ Cupo limitado. #AquiGobiernaLaEsperanza #Naucalpan #Juventudes #Bienestar #Educacion",https://www.facebook.com/CiudadNaucalpan/posts/pfbid0iuNWfaKjzcfR1zsibR5yDRrzbaA7vjEUxs86Pcwa3GnxLaCSR3bqDG9qaUqwBgW1l,https://www.facebook.com/CiudadNaucalpan/posts/pfbid0iuNWfaKjzcfR1zsibR5yDRrzbaA7vjEUxs86Pcwa3GnxLaCSR3bqDG9qaUqwBgW1l,2026-02-26 17:02:46,2026-02-26,/home/emilio/Documentos/Naucalpan_Semanal_Reportes/Periodico/Enero_Mayo/2026-02-16_al_2026-02-28/Facebook/2026-02-16_al_2026-02-28_Facebook/2026-02-16_al_2026-02-28_Facebook_posts.csv
2026-02-16,2026-02-16_al_2026-02-28_Facebook,gobierno_naucalpan,Gobierno de Naucalpan,facebook,Facebook,post_facebook,ciudadnaucalpan,Ciudad Naucalpan / Gobierno Municipal 2025-2027.,,Impulsando a nuestros artesanos naucalpenses. ✨🎨 ¡Conóceles! #AquiGobiernaLaEsperanza #Naucalpan #ArtesanosNaucalpenses #TalentoLocal,Impulsando a nuestros artesanos naucalpenses. ✨🎨 ¡Conóceles! #AquiGobiernaLaEsperanza #Naucalpan #ArtesanosNaucalpenses #TalentoLocal,https://www.facebook.com/CiudadNaucalpan/posts/pfbid0s2cVTm56EzkC2SxpswN3BQHjYXpeQpUHh9xzNtsXjJqTFU7mKoi1nPzAHWADaT7l,https://www.facebook.com/CiudadNaucalpan/posts/pfbid0s2cVTm56EzkC2SxpswN3BQHjYXpeQpUHh9xzNtsXjJqTFU7mKoi1nPzAHWADaT7l,2026-02-26 16:01:58,2026-02-26,/home/emilio/Documentos/Naucalpan_Semanal_Reportes/Periodico/Enero_Mayo/2026-02-16_al_2026-02-28/Facebook/2026-02-16_al_2026-02-28_Facebook/2026-02-16_al_2026-02-28_Facebook_posts.csv
2026-02-16,2026-02-16_al_2026-02-28_Facebook,gobierno_naucalpan,Gobierno de Naucalpan,facebook,Facebook,post_facebook,ciudadnaucalpan,Ciudad Naucalpan / Gobierno Municipal 2025-2027.,,En San Rafael Chamapa fueron rescatados 4 seres sintientes en condiciones de abandono y maltrato.🐾🚨 Hoy ya reciben atención veterinaria y resguardo conforme a protocolo. Reafirmamos nuestro compromiso con el bienestar animal.❤️ 👉La protección animal es tarea de todas y todos. Denuncia. #AquiGobiernaLaEsperanza #Naucalpan #BienestarAnimal #Rescate,En San Rafael Chamapa fueron rescatados 4 seres sintientes en condiciones de abandono y maltrato.🐾🚨 Hoy ya reciben atención veterinaria y resguardo conforme a protocolo. Reafirmamos nuestro compromiso con el bienestar animal.❤️ 👉La protección animal es tarea de todas y todos. Denuncia. #AquiGobiernaLaEsperanza #Naucalpan #BienestarAnimal #Rescate,https://www.facebook.com/reel/4301774500069082/,https://www.facebook.com/reel/4301774500069082/,2026-02-26 15:35:14,2026-02-26,/home/emilio/Documentos/Naucalpan_Semanal_Reportes/Periodico/Enero_Mayo/2026-02-16_al_2026-02-28/Facebook/2026-02-16_al_2026-02-28_Facebook/2026-02-16_al_2026-02-28_Facebook_posts.csv
2026-02-16,2026-02-16_al_2026-02-28_Facebook,gobierno_naucalpan,Gobierno de Naucalpan,facebook,Facebook,post_facebook,ciudadnaucalpan,Ciudad Naucalpan / Gobierno Municipal 2025-2027.,,"Curso de Preparación para el Ingreso a la Educación Media Superior🎓 El Gobierno de Ciudad Naucalpan invita a las y los estudiantes a participar en el Curso de Preparación para el ingreso a instituciones adscritas a la UNAM e IPN. Este programa tiene como objetivo fortalecer las competencias académicas en la transición de secundaria a preparatoria, así como impulsar el bienestar juvenil conforme al Plan de Desarrollo Municipal 2025–2027. 📚 Incluye: • Clases presenciales programadas • Ejercicios guiados • Resolución de reactivos tipo examen • Evaluaciones diagnósticas • Simulacros de examen 🗓️ Del 3 de marzo al 29 de mayo de 2026 (lunes, martes y miércoles). ⚠️ El curso inicia el martes 3 de marzo, debido a que el lunes 2 es día de asueto. ⏰ Turno matutino: 10:00 a 12:30 horas ⏰ Turno vespertino: 15:00 a 17:30 horas 📍 Instituto de las Juventudes Naucalpenses Av. Norteamérica, Las Américas, Naucalpan. 📝 Inscripciones del 11 al 28 de febrero 📞 Informes y pre registro: 72 9318 0766 📧 belem.hernandez@naucalpan.gob.mx ⚠️ Cupo limitado. #AquiGobiernaLaEsperanza #Naucalpan #Juventudes #Bienestar #Educacion","Curso de Preparación para el Ingreso a la Educación Media Superior🎓 El Gobierno de Ciudad Naucalpan invita a las y los estudiantes a participar en el Curso de Preparación para el ingreso a instituciones adscritas a la UNAM e IPN. Este programa tiene como objetivo fortalecer las competencias académicas en la transición de secundaria a preparatoria, así como impulsar el bienestar juvenil conforme al Plan de Desarrollo Municipal 2025–2027. 📚 Incluye: • Clases presenciales programadas • Ejercicios guiados • Resolución de reactivos tipo examen • Evaluaciones diagnósticas • Simulacros de examen 🗓️ Del 3 de marzo al 29 de mayo de 2026 (lunes, martes y miércoles). ⚠️ El curso inicia el martes 3 de marzo, debido a que el lunes 2 es día de asueto. ⏰ Turno matutino: 10:00 a 12:30 horas ⏰ Turno vespertino: 15:00 a 17:30 horas 📍 Instituto de las Juventudes Naucalpenses Av. Norteamérica, Las Américas, Naucalpan. 📝 Inscripciones del 11 al 28 de febrero 📞 Informes y pre registro: 72 9318 0766 📧 belem.hernandez@naucalpan.gob.mx ⚠️ Cupo limitado. #AquiGobiernaLaEsperanza #Naucalpan #Juventudes #Bienestar #Educacion",https://www.facebook.com/CiudadNaucalpan/posts/pfbid02G9w15FfE9PeEuEyU8NwtFyHuJEHpNobzgQFQMLUWnF96dY2j9q8iX1CU69azqmrul,https://www.facebook.com/CiudadNaucalpan/posts/pfbid02G9w15FfE9PeEuEyU8NwtFyHuJEHpNobzgQFQMLUWnF96dY2j9q8iX1CU69azqmrul,2026-02-26 14:41:30,2026-02-26,/home/emilio/Documentos/Naucalpan_Semanal_Reportes/Periodico/Enero_Mayo/2026-02-16_al_2026-02-28/Facebook/2026-02-16_al_2026-02-28_Facebook/2026-02-16_al_2026-02-28_Facebook_posts.csv
2026-02-16,2026-02-16_al_2026-02-28_Facebook,gobierno_naucalpan,Gobierno de Naucalpan,facebook,Facebook,post_facebook,ciudadnaucalpan,Ciudad Naucalpan / Gobierno Municipal 2025-2027.,,"Oficina Móvil en Zomeyucan🚐 El Gobierno de Naucalpan, a través del Instituto de las Mujeres Naucalpenses y la Igualdad Sustantiva (IMNIS), llevará la Oficina Móvil a la colonia Zomeyucan para acercar servicios gratuitos a la comunidad. 🗓 Viernes 27 de febrero ⏰ 10:00 a 14:00 horas 📍 Av. Centenario 90, San Antonio Zomeyucan Durante la jornada se brindarán: ⚖️ Asesorías jurídicas y atenciones psicológicas con perspectiva de género. ℹ️ Información para la atención y prevención de la violencia de género. 🧼 Taller de jabones artesanales. 💇‍♀️ Cortes de cabello. Desde el Gobierno de Naucalpan seguimos acercando servicios a las colonias para fortalecer el bienestar y la igualdad en nuestro municipio. #AquiGobiernaLaEsperanza #Naucalpan #IMNIS","Oficina Móvil en Zomeyucan🚐 El Gobierno de Naucalpan, a través del Instituto de las Mujeres Naucalpenses y la Igualdad Sustantiva (IMNIS), llevará la Oficina Móvil a la colonia Zomeyucan para acercar servicios gratuitos a la comunidad. 🗓 Viernes 27 de febrero ⏰ 10:00 a 14:00 horas 📍 Av. Centenario 90, San Antonio Zomeyucan Durante la jornada se brindarán: ⚖️ Asesorías jurídicas y atenciones psicológicas con perspectiva de género. ℹ️ Información para la atención y prevención de la violencia de género. 🧼 Taller de jabones artesanales. 💇‍♀️ Cortes de cabello. Desde el Gobierno de Naucalpan seguimos acercando servicios a las colonias para fortalecer el bienestar y la igualdad en nuestro municipio. #AquiGobiernaLaEsperanza #Naucalpan #IMNIS",https://www.facebook.com/CiudadNaucalpan/posts/pfbid02sWTi3nCj3r9en8jF2PLdNnmD4PpWtNGiD2CVF6H5Vnq7xcBBy43QkBg65YN7HDkCl,https://www.facebook.com/CiudadNaucalpan/posts/pfbid02sWTi3nCj3r9en8jF2PLdNnmD4PpWtNGiD2CVF6H5Vnq7xcBBy43QkBg65YN7HDkCl,2026-02-26 13:42:27,2026-02-26,/home/emilio/Documentos/Naucalpan_Semanal_Reportes/Periodico/Enero_Mayo/2026-02-16_al_2026-02-28/Facebook/2026-02-16_al_2026-02-28_Facebook/2026-02-16_al_2026-02-28_Facebook_posts.csv
2026-02-16,2026-02-16_al_2026-02-28_Facebook,gobierno_naucalpan,Gobierno de Naucalpan,facebook,Facebook,post_facebook,ciudadnaucalpan,Ciudad Naucalpan / Gobierno Municipal 2025-2027.,,"Huellas de la Transformación en Miramar✨ Renovamos un espacio que durante décadas estuvo en el abandono y que representaba un riesgo diario para nuestras vecinas y vecinos. A través del programa Huellas de la Transformación balizamos el puente, instalamos luminarias nuevas, colocamos malla de protección, construimos banquetas, pintamos guarniciones, aplicamos mezcla asfáltica y realizamos limpieza general. Seguimos dejando huella en cada rincón de Ciudad Naucalpan. 🤝✨ #AquiGobiernaLaEsperanza #Naucalpan #HuellasDeLaTransformacion","Huellas de la Transformación en Miramar✨ Renovamos un espacio que durante décadas estuvo en el abandono y que representaba un riesgo diario para nuestras vecinas y vecinos. A través del programa Huellas de la Transformación balizamos el puente, instalamos luminarias nuevas, colocamos malla de protección, construimos banquetas, pintamos guarniciones, aplicamos mezcla asfáltica y realizamos limpieza general. Seguimos dejando huella en cada rincón de Ciudad Naucalpan. 🤝✨ #AquiGobiernaLaEsperanza #Naucalpan #HuellasDeLaTransformacion",https://www.facebook.com/reel/1946846569535429/,https://www.facebook.com/reel/1946846569535429/,2026-02-26 12:23:23,2026-02-26,/home/emilio/Documentos/Naucalpan_Semanal_Reportes/Periodico/Enero_Mayo/2026-02-16_al_2026-02-28/Facebook/2026-02-16_al_2026-02-28_Facebook/2026-02-16_al_2026-02-28_Facebook_posts.csv
2026-02-16,2026-02-16_al_2026-02-28_Facebook,gobierno_naucalpan,Gobierno de Naucalpan,facebook,Facebook,post_facebook,ciudadnaucalpan,Ciudad Naucalpan / Gobierno Municipal 2025-2027.,,"El Presidente Municipal de Ciudad Naucalpan, Isaac Montoya, regresó a la colonia Miramar para entregar mejoras urbanas a través del programa Huellas de la Transformación. ✨ Mediante este programa y el operativo Construyendo Bienestar para el Pueblo, se realizaron trabajos de balizamiento, instalación de luminarias nuevas, colocación de malla de protección, construcción de banquetas, pinta de guarniciones, aplicación de mezcla asfáltica y limpieza general. Estos trabajos atienden un espacio que durante décadas permaneció en el abandono y que representaba un riesgo constante para vecinas y vecinos que transitan diariamente hacia sus centros de trabajo y escuelas. #AquiGobiernaLaEsperanza #Naucalpan #HuellasDeLaTransformacion","El Presidente Municipal de Ciudad Naucalpan, Isaac Montoya, regresó a la colonia Miramar para entregar mejoras urbanas a través del programa Huellas de la Transformación. ✨ Mediante este programa y el operativo Construyendo Bienestar para el Pueblo, se realizaron trabajos de balizamiento, instalación de luminarias nuevas, colocación de malla de protección, construcción de banquetas, pinta de guarniciones, aplicación de mezcla asfáltica y limpieza general. Estos trabajos atienden un espacio que durante décadas permaneció en el abandono y que representaba un riesgo constante para vecinas y vecinos que transitan diariamente hacia sus centros de trabajo y escuelas. #AquiGobiernaLaEsperanza #Naucalpan #HuellasDeLaTransformacion",https://www.facebook.com/CiudadNaucalpan/posts/pfbid02PzMbo2PemRheKDu4Wz9uUXFxYZhACnmU9XTRBemfcbV5efpwmE5gXQNNKLj8Qhtml,https://www.facebook.com/CiudadNaucalpan/posts/pfbid02PzMbo2PemRheKDu4Wz9uUXFxYZhACnmU9XTRBemfcbV5efpwmE5gXQNNKLj8Qhtml,2026-02-26 12:18:40,2026-02-26,/home/emilio/Documentos/Naucalpan_Semanal_Reportes/Periodico/Enero_Mayo/2026-02-16_al_2026-02-28/Facebook/2026-02-16_al_2026-02-28_Facebook/2026-02-16_al_2026-02-28_Facebook_posts.csv
2026-02-16,2026-02-16_al_2026-02-28_Facebook,gobierno_naucalpan,Gobierno de Naucalpan,facebook,Facebook,post_facebook,ciudadnaucalpan,Ciudad Naucalpan / Gobierno Municipal 2025-2027.,,Impulsando a nuestros artesanos naucalpenses. ✨🎨 ¡Conóceles! #AquiGobiernaLaEsperanza #Naucalpan #ArtesanosNaucalpenses #TalentoLocal,Impulsando a nuestros artesanos naucalpenses. ✨🎨 ¡Conóceles! #AquiGobiernaLaEsperanza #Naucalpan #ArtesanosNaucalpenses #TalentoLocal,https://www.facebook.com/CiudadNaucalpan/posts/pfbid02KzimRvxZrghUWJ8dwLNVYvTcH5PE7b67awnVLUx65Zy1zLS2amWEYr54Nf8NrAu8l,https://www.facebook.com/CiudadNaucalpan/posts/pfbid02KzimRvxZrghUWJ8dwLNVYvTcH5PE7b67awnVLUx65Zy1zLS2amWEYr54Nf8NrAu8l,2026-02-26 12:03:14,2026-02-26,/home/emilio/Documentos/Naucalpan_Semanal_Reportes/Periodico/Enero_Mayo/2026-02-16_al_2026-02-28/Facebook/2026-02-16_al_2026-02-28_Facebook/2026-02-16_al_2026-02-28_Facebook_posts.csv
2026-02-16,2026-02-16_al_2026-02-28_Facebook,gobierno_naucalpan,Gobierno de Naucalpan,facebook,Facebook,post_facebook,ciudadnaucalpan,Ciudad Naucalpan / Gobierno Municipal 2025-2027.,,"¡Duelo de Titanes en Ciudad Naucalpan!⚽ El Gobierno de Ciudad Naucalpan, a través del IMCUFIDEN, invita al cuadrangular rumbo al Mundial Social Naucalpan, donde equipos semi profesionales demostrarán su talento y pasión por el fútbol. 📅 Viernes 27 de febrero de 2026 🕕 18:00 horas 📍 Cancha del Deportivo La Curva Av. Minas Palacio, San Rafael Chamapa, Primera Sección. Seguimos impulsando el deporte como herramienta de unidad, identidad y reconstrucción del tejido social en nuestras comunidades. ¡Te esperamos para vivir una gran jornada deportiva en familia! #AquiGobiernaLaEsperanza #Naucalpan #IMCUFIDEN #HuellasDelMundial #Deporte","¡Duelo de Titanes en Ciudad Naucalpan!⚽ El Gobierno de Ciudad Naucalpan, a través del IMCUFIDEN, invita al cuadrangular rumbo al Mundial Social Naucalpan, donde equipos semi profesionales demostrarán su talento y pasión por el fútbol. 📅 Viernes 27 de febrero de 2026 🕕 18:00 horas 📍 Cancha del Deportivo La Curva Av. Minas Palacio, San Rafael Chamapa, Primera Sección. Seguimos impulsando el deporte como herramienta de unidad, identidad y reconstrucción del tejido social en nuestras comunidades. ¡Te esperamos para vivir una gran jornada deportiva en familia! #AquiGobiernaLaEsperanza #Naucalpan #IMCUFIDEN #HuellasDelMundial #Deporte",https://www.facebook.com/CiudadNaucalpan/posts/pfbid02vpnBjSek4vmpAmFqtAArdkG1tvAnedQkgmvADbW5sT8nYvWMqJy6xnU3x3tqimUhl,https://www.facebook.com/CiudadNaucalpan/posts/pfbid02vpnBjSek4vmpAmFqtAArdkG1tvAnedQkgmvADbW5sT8nYvWMqJy6xnU3x3tqimUhl,2026-02-26 08:40:32,2026-02-26,/home/emilio/Documentos/Naucalpan_Semanal_Reportes/Periodico/Enero_Mayo/2026-02-16_al_2026-02-28/Facebook/2026-02-16_al_2026-02-28_Facebook/2026-02-16_al_2026-02-28_Facebook_posts.csv
2026-02-16,2026-02-16_al_2026-02-28_Facebook,gobierno_naucalpan,Gobierno de Naucalpan,facebook,Facebook,post_facebook,ciudadnaucalpan,Ciudad Naucalpan / Gobierno Municipal 2025-2027.,,"El Gobierno de Ciudad Naucalpan, a través del IMCUFIDEN, invita a niñas y niños a formar parte del Torneo Infantil 2026.🏈✨ 📢 Durante febrero, obtén 50% de descuento en tu inscripción y asegura tu lugar en esta gran experiencia deportiva. Impulsamos el deporte como herramienta para fortalecer valores, disciplina y trabajo en equipo en nuestras juventudes. 📞 Informes e inscripciones: 55 3574 5832 No dejes pasar esta oportunidad. ¡Aparta tu lugar y sé parte del torneo!✨ #AquiGobiernaLaEsperanza #Naucalpan #IMCUFIDEN #Deporte","El Gobierno de Ciudad Naucalpan, a través del IMCUFIDEN, invita a niñas y niños a formar parte del Torneo Infantil 2026.🏈✨ 📢 Durante febrero, obtén 50% de descuento en tu inscripción y asegura tu lugar en esta gran experiencia deportiva. Impulsamos el deporte como herramienta para fortalecer valores, disciplina y trabajo en equipo en nuestras juventudes. 📞 Informes e inscripciones: 55 3574 5832 No dejes pasar esta oportunidad. ¡Aparta tu lugar y sé parte del torneo!✨ #AquiGobiernaLaEsperanza #Naucalpan #IMCUFIDEN #Deporte",https://www.facebook.com/CiudadNaucalpan/posts/pfbid0Cb6AP6NSvPcD6FjZCKik6zqthRK3xBvNnCF7MG9RywoQNwMkAjzCyQnj5Zq98mtCl,https://www.facebook.com/CiudadNaucalpan/posts/pfbid0Cb6AP6NSvPcD6FjZCKik6zqthRK3xBvNnCF7MG9RywoQNwMkAjzCyQnj5Zq98mtCl,2026-02-26 08:26:24,2026-02-26,/home/emilio/Documentos/Naucalpan_Semanal_Reportes/Periodico/Enero_Mayo/2026-02-16_al_2026-02-28/Facebook/2026-02-16_al_2026-02-28_Facebook/2026-02-16_al_2026-02-28_Facebook_posts.csv
2026-02-16,2026-02-16_al_2026-02-28_Facebook,gobierno_naucalpan,Gobierno de Naucalpan,facebook,Facebook,post_facebook,ciudadnaucalpan,Ciudad Naucalpan / Gobierno Municipal 2025-2027.,,"Tianquiztli Tlatilca: el mercado de las tradiciones llega a Ciudad Naucalpan🎨🧵 A través de la Dirección de Bienestar e Inclusión Social, invita a la ciudadanía al Tianquiztli Tlatilca, un espacio dedicado a impulsar a las y los productores y artesanos locales, fortaleciendo nuestra identidad cultural y la economía comunitaria. 🤝 📅 26 y 27 de febrero de 2026 ⏰ 9:00 a 16:00 horas 📍 Palacio Municipal, en la explanada ubicada en los edificios anexos (A y B). Durante estos dos días, las y los asistentes podrán disfrutar de exposición y venta de productos artesanales, gastronomía tradicional y un ambiente cultural y familiar que enaltece nuestras raíces. 🌺🫶 Seguimos generando espacios para promover el talento local y fortalecer el consumo responsable en nuestra comunidad. ➡️Consulta más detalles en la imagen y acompáñanos. #AquiGobiernaLaEsperanza #Naucalpan #Bienesta","Tianquiztli Tlatilca: el mercado de las tradiciones llega a Ciudad Naucalpan🎨🧵 A través de la Dirección de Bienestar e Inclusión Social, invita a la ciudadanía al Tianquiztli Tlatilca, un espacio dedicado a impulsar a las y los productores y artesanos locales, fortaleciendo nuestra identidad cultural y la economía comunitaria. 🤝 📅 26 y 27 de febrero de 2026 ⏰ 9:00 a 16:00 horas 📍 Palacio Municipal, en la explanada ubicada en los edificios anexos (A y B). Durante estos dos días, las y los asistentes podrán disfrutar de exposición y venta de productos artesanales, gastronomía tradicional y un ambiente cultural y familiar que enaltece nuestras raíces. 🌺🫶 Seguimos generando espacios para promover el talento local y fortalecer el consumo responsable en nuestra comunidad. ➡️Consulta más detalles en la imagen y acompáñanos. #AquiGobiernaLaEsperanza #Naucalpan #Bienesta",https://www.facebook.com/CiudadNaucalpan/posts/pfbid0PmuYBucQXXkJSTvnNfxJFz3j5VBKg2QCnrMUucmrNiXbaJSZJojZXzCatXPL6fbJl,https://www.facebook.com/CiudadNaucalpan/posts/pfbid0PmuYBucQXXkJSTvnNfxJFz3j5VBKg2QCnrMUucmrNiXbaJSZJojZXzCatXPL6fbJl,2026-02-26 08:16:28,2026-02-26,/home/emilio/Documentos/Naucalpan_Semanal_Reportes/Periodico/Enero_Mayo/2026-02-16_al_2026-02-28/Facebook/2026-02-16_al_2026-02-28_Facebook/2026-02-16_al_2026-02-28_Facebook_posts.csv
2026-02-16,2026-02-16_al_2026-02-28_Facebook,gobierno_naucalpan,Gobierno de Naucalpan,facebook,Facebook,post_facebook,ciudadnaucalpan,Ciudad Naucalpan / Gobierno Municipal 2025-2027.,,"¿Sabías qué? ⚽ El balón Adidas Telstar fue el protagonista en México 1970. Su diseño de icosaedro truncado, conformado por 20 hexágonos blancos y 12 pentágonos negros, mejoró su visibilidad en los televisores y se convirtió en un ícono del fútbol internacional. 📺✨ Un clásico que marcó una nueva era en la historia del balón. #AquiGobiernaLaEsperanza #HuellasDelMundial #Naucalpan","¿Sabías qué? ⚽ El balón Adidas Telstar fue el protagonista en México 1970. Su diseño de icosaedro truncado, conformado por 20 hexágonos blancos y 12 pentágonos negros, mejoró su visibilidad en los televisores y se convirtió en un ícono del fútbol internacional. 📺✨ Un clásico que marcó una nueva era en la historia del balón. #AquiGobiernaLaEsperanza #HuellasDelMundial #Naucalpan",https://www.facebook.com/CiudadNaucalpan/posts/pfbid02BQ4sYYqcvUMw8pFUN4bLewfWcH28AfG5xfuCpZV2xATFt8bTBUGm4zRhSuXJg4mRl,https://www.facebook.com/CiudadNaucalpan/posts/pfbid02BQ4sYYqcvUMw8pFUN4bLewfWcH28AfG5xfuCpZV2xATFt8bTBUGm4zRhSuXJg4mRl,2026-02-26 07:02:49,2026-02-26,/home/emilio/Documentos/Naucalpan_Semanal_Reportes/Periodico/Enero_Mayo/2026-02-16_al_2026-02-28/Facebook/2026-02-16_al_2026-02-28_Facebook/2026-02-16_al_2026-02-28_Facebook_posts.csv
2026-02-16,2026-02-16_al_2026-02-28_Twitter,gobierno_naucalpan,Gobierno de Naucalpan,twitter,Twitter/X,tweet,@GobNau,@GobNau,,"El Gobierno de Ciudad Naucalpan, invita al curso gratuito “Más allá del Plan de Negocios”. Informes y registro vía WhatsApp: 55 8570 0924 #AquiGobiernaLaEsperanza #Naucalpan #DesarrolloEconomico","El Gobierno de Ciudad Naucalpan, invita al curso gratuito “Más allá del Plan de Negocios”. Informes y registro vía WhatsApp: 55 8570 0924 #AquiGobiernaLaEsperanza #Naucalpan #DesarrolloEconomico",https://x.com/GobNau/status/2027168158902055250,https://x.com/GobNau/status/2027168158902055250,2026-02-26 23:45:26+00:00,2026-02-26,/home/emilio/Documentos/Naucalpan_Semanal_Reportes/Periodico/Enero_Mayo/2026-02-16_al_2026-02-28/Twitter/2026-02-16_al_2026-02-28_Twitter/2026-02-16_al_2026-02-28_Twitter_post_institucionales.csv
2026-02-16,2026-02-16_al_2026-02-28_Twitter,gobierno_naucalpan,Gobierno de Naucalpan,twitter,Twitter/X,tweet,@GobNau,@GobNau,,"Curso de Preparación para el Ingreso a la Educación Media Superior El curso inicia el martes 3 de marzo, debido a que el lunes 2 es día de asueto. #AquiGobiernaLaEsperanza #Naucalpan #Juventudes #Bienestar #Educacion","Curso de Preparación para el Ingreso a la Educación Media Superior El curso inicia el martes 3 de marzo, debido a que el lunes 2 es día de asueto. #AquiGobiernaLaEsperanza #Naucalpan #Juventudes #Bienestar #Educacion",https://x.com/GobNau/status/2027157512512778613,https://x.com/GobNau/status/2027157512512778613,2026-02-26 23:03:08+00:00,2026-02-26,/home/emilio/Documentos/Naucalpan_Semanal_Reportes/Periodico/Enero_Mayo/2026-02-16_al_2026-02-28/Twitter/2026-02-16_al_2026-02-28_Twitter/2026-02-16_al_2026-02-28_Twitter_post_institucionales.csv
2026-02-16,2026-02-16_al_2026-02-28_Twitter,gobierno_naucalpan,Gobierno de Naucalpan,twitter,Twitter/X,tweet,@GobNau,@GobNau,,"Curso de Preparación para el Ingreso a la Educación Media Superior El curso inicia el martes 3 de marzo, debido a que el lunes 2 es día de asueto. #AquiGobiernaLaEsperanza #Naucalpan #Juventudes #Bienestar #Educacion","Curso de Preparación para el Ingreso a la Educación Media Superior El curso inicia el martes 3 de marzo, debido a que el lunes 2 es día de asueto. #AquiGobiernaLaEsperanza #Naucalpan #Juventudes #Bienestar #Educacion",https://x.com/GobNau/status/2027122005204517147,https://x.com/GobNau/status/2027122005204517147,2026-02-26 20:42:02+00:00,2026-02-26,/home/emilio/Documentos/Naucalpan_Semanal_Reportes/Periodico/Enero_Mayo/2026-02-16_al_2026-02-28/Twitter/2026-02-16_al_2026-02-28_Twitter/2026-02-16_al_2026-02-28_Twitter_post_institucionales.csv
2026-02-16,2026-02-16_al_2026-02-28_Twitter,gobierno_naucalpan,Gobierno de Naucalpan,twitter,Twitter/X,tweet,@GobNau,@GobNau,,Oficina Móvil en Zomeyucan #AquiGobiernaLaEsperanza #Naucalpan #IMNIS,Oficina Móvil en Zomeyucan #AquiGobiernaLaEsperanza #Naucalpan #IMNIS,https://x.com/GobNau/status/2027107018226421776,https://x.com/GobNau/status/2027107018226421776,2026-02-26 19:42:29+00:00,2026-02-26,/home/emilio/Documentos/Naucalpan_Semanal_Reportes/Periodico/Enero_Mayo/2026-02-16_al_2026-02-28/Twitter/2026-02-16_al_2026-02-28_Twitter/2026-02-16_al_2026-02-28_Twitter_post_institucionales.csv
2026-02-16,2026-02-16_al_2026-02-28_Twitter,gobierno_naucalpan,Gobierno de Naucalpan,twitter,Twitter/X,tweet,@GobNau,@GobNau,,"Huellas de la Transformación en #Miramar Renovamos un espacio que durante décadas estuvo en el abandono y que representaba un riesgo diario para nuestras vecinas y vecinos, a través del programa #HuellasDeLaTransformación. #AquiGobiernaLaEsperanza #Naucalpan","Huellas de la Transformación en #Miramar Renovamos un espacio que durante décadas estuvo en el abandono y que representaba un riesgo diario para nuestras vecinas y vecinos, a través del programa #HuellasDeLaTransformación. #AquiGobiernaLaEsperanza #Naucalpan",https://x.com/GobNau/status/2027087137208676436,https://x.com/GobNau/status/2027087137208676436,2026-02-26 18:23:29+00:00,2026-02-26,/home/emilio/Documentos/Naucalpan_Semanal_Reportes/Periodico/Enero_Mayo/2026-02-16_al_2026-02-28/Twitter/2026-02-16_al_2026-02-28_Twitter/2026-02-16_al_2026-02-28_Twitter_post_institucionales.csv
2026-02-16,2026-02-16_al_2026-02-28_Twitter,gobierno_naucalpan,Gobierno de Naucalpan,twitter,Twitter/X,tweet,@GobNau,@GobNau,,"El Presidente Municipal de Ciudad Naucalpan, Isaac Montoya, regresó a la colonia Miramar para entregar mejoras urbanas a través del programa Huellas de la Transformación. #AquiGobiernaLaEsperanza #Naucalpan #HuellasDeLaTransformacion","El Presidente Municipal de Ciudad Naucalpan, Isaac Montoya, regresó a la colonia Miramar para entregar mejoras urbanas a través del programa Huellas de la Transformación. #AquiGobiernaLaEsperanza #Naucalpan #HuellasDeLaTransformacion",https://x.com/GobNau/status/2027086176088166742,https://x.com/GobNau/status/2027086176088166742,2026-02-26 18:19:40+00:00,2026-02-26,/home/emilio/Documentos/Naucalpan_Semanal_Reportes/Periodico/Enero_Mayo/2026-02-16_al_2026-02-28/Twitter/2026-02-16_al_2026-02-28_Twitter/2026-02-16_al_2026-02-28_Twitter_post_institucionales.csv
2026-02-16,2026-02-16_al_2026-02-28_Twitter,gobierno_naucalpan,Gobierno de Naucalpan,twitter,Twitter/X,tweet,@GobNau,@GobNau,,"¡Duelo de Titanes en Ciudad #Naucalpan! El Gobierno de Ciudad Naucalpan, a través del #IMCUFIDEN, invita al cuadrangular rumbo al Mundial Social Naucalpan. ¡Te esperamos para vivir una gran jornada deportiva en familia! #AquiGobiernaLaEsperanza","¡Duelo de Titanes en Ciudad #Naucalpan! El Gobierno de Ciudad Naucalpan, a través del #IMCUFIDEN, invita al cuadrangular rumbo al Mundial Social Naucalpan. ¡Te esperamos para vivir una gran jornada deportiva en familia! #AquiGobiernaLaEsperanza",https://x.com/GobNau/status/2027031048769376619,https://x.com/GobNau/status/2027031048769376619,2026-02-26 14:40:37+00:00,2026-02-26,/home/emilio/Documentos/Naucalpan_Semanal_Reportes/Periodico/Enero_Mayo/2026-02-16_al_2026-02-28/Twitter/2026-02-16_al_2026-02-28_Twitter/2026-02-16_al_2026-02-28_Twitter_post_institucionales.csv
2026-02-16,2026-02-16_al_2026-02-28_Twitter,gobierno_naucalpan,Gobierno de Naucalpan,twitter,Twitter/X,tweet,@GobNau,@GobNau,,"El Gobierno de Ciudad Naucalpan, a través del IMCUFIDEN, invita a niñas y niños a formar parte del Torneo Infantil 2026. No dejes pasar esta oportunidad. ¡Aparta tu lugar y sé parte del torneo! #AquiGobiernaLaEsperanza #Naucalpan #IMCUFIDEN #Deporte","El Gobierno de Ciudad Naucalpan, a través del IMCUFIDEN, invita a niñas y niños a formar parte del Torneo Infantil 2026. No dejes pasar esta oportunidad. ¡Aparta tu lugar y sé parte del torneo! #AquiGobiernaLaEsperanza #Naucalpan #IMCUFIDEN #Deporte",https://x.com/GobNau/status/2027027228026958168,https://x.com/GobNau/status/2027027228026958168,2026-02-26 14:25:26+00:00,2026-02-26,/home/emilio/Documentos/Naucalpan_Semanal_Reportes/Periodico/Enero_Mayo/2026-02-16_al_2026-02-28/Twitter/2026-02-16_al_2026-02-28_Twitter/2026-02-16_al_2026-02-28_Twitter_post_institucionales.csv
2026-02-16,2026-02-16_al_2026-02-28_Twitter,gobierno_naucalpan,Gobierno de Naucalpan,twitter,Twitter/X,tweet,@GobNau,@GobNau,,Tianquiztli Tlatilca: el mercado de las tradiciones llega a Ciudad Naucalpan Consulta más detalles en la imagen y acompáñanos. #AquiGobiernaLaEsperanza #Naucalpan #Bienesta,Tianquiztli Tlatilca: el mercado de las tradiciones llega a Ciudad Naucalpan Consulta más detalles en la imagen y acompáñanos. #AquiGobiernaLaEsperanza #Naucalpan #Bienesta,https://x.com/GobNau/status/2027024752901058597,https://x.com/GobNau/status/2027024752901058597,2026-02-26 14:15:36+00:00,2026-02-26,/home/emilio/Documentos/Naucalpan_Semanal_Reportes/Periodico/Enero_Mayo/2026-02-16_al_2026-02-28/Twitter/2026-02-16_al_2026-02-28_Twitter/2026-02-16_al_2026-02-28_Twitter_post_institucionales.csv
2026-02-16,2026-02-16_al_2026-02-28_Twitter,gobierno_naucalpan,Gobierno de Naucalpan,twitter,Twitter/X,tweet,@GobNau,@GobNau,,"¿Sabías qué? El Adidas Telstar, utilizado en México 1970, tenía un diseño de icosaedro truncado con 20 hexágonos blancos y 12 pentágonos negros, pensado para mejorar su visibilidad en televisión. #AquiGobiernaLaEsperanza #HuellasDelMundial #Naucalpan","¿Sabías qué? El Adidas Telstar, utilizado en México 1970, tenía un diseño de icosaedro truncado con 20 hexágonos blancos y 12 pentágonos negros, pensado para mejorar su visibilidad en televisión. #AquiGobiernaLaEsperanza #HuellasDelMundial #Naucalpan",https://x.com/GobNau/status/2027006590457454763,https://x.com/GobNau/status/2027006590457454763,2026-02-26 13:03:25+00:00,2026-02-26,/home/emilio/Documentos/Naucalpan_Semanal_Reportes/Periodico/Enero_Mayo/2026-02-16_al_2026-02-28/Twitter/2026-02-16_al_2026-02-28_Twitter/2026-02-16_al_2026-02-28_Twitter_post_institucionales.csv
2026-02-16,2026-02-16_al_2026-02-28_Facebook,gobierno_naucalpan,Gobierno de Naucalpan,facebook,Facebook,post_facebook,ciudadnaucalpan,Ciudad Naucalpan / Gobierno Municipal 2025-2027.,,"En el Parque Naucalli, el Presidente Municipal Isaac Montoya, entregó la renovación de más de 298 vehículos de Servicios Públicos, para fortalecer las labores de recolección de residuos, podas, bacheo, cambio de luminarias y mantenimiento en nuestras comunidades. 🚛 Esta acción dignifica el trabajo de las y los servidores públicos y mejora la capacidad de respuesta en territorio, garantizando servicios más eficientes para las y los naucalpenses. Seguimos recuperando el brillo de Ciudad Naucalpan con trabajos concretos y resultados visibles. #AquiGobiernaLaEsperanza #Naucalpan #ServiciosPublicos","En el Parque Naucalli, el Presidente Municipal Isaac Montoya, entregó la renovación de más de 298 vehículos de Servicios Públicos, para fortalecer las labores de recolección de residuos, podas, bacheo, cambio de luminarias y mantenimiento en nuestras comunidades. 🚛 Esta acción dignifica el trabajo de las y los servidores públicos y mejora la capacidad de respuesta en territorio, garantizando servicios más eficientes para las y los naucalpenses. Seguimos recuperando el brillo de Ciudad Naucalpan con trabajos concretos y resultados visibles. #AquiGobiernaLaEsperanza #Naucalpan #ServiciosPublicos",https://www.facebook.com/CiudadNaucalpan/posts/pfbid02SknVhWTUhhWKfcdYTXyAvzwu2RJgLTPwGsTKK817MoWrYLkuTNfe4xx2CUwzcw2jl,https://www.facebook.com/CiudadNaucalpan/posts/pfbid02SknVhWTUhhWKfcdYTXyAvzwu2RJgLTPwGsTKK817MoWrYLkuTNfe4xx2CUwzcw2jl,2026-02-25 19:23:53,2026-02-25,/home/emilio/Documentos/Naucalpan_Semanal_Reportes/Periodico/Enero_Mayo/2026-02-16_al_2026-02-28/Facebook/2026-02-16_al_2026-02-28_Facebook/2026-02-16_al_2026-02-28_Facebook_posts.csv
2026-02-16,2026-02-16_al_2026-02-28_Facebook,gobierno_naucalpan,Gobierno de Naucalpan,facebook,Facebook,post_facebook,ciudadnaucalpan,Ciudad Naucalpan / Gobierno Municipal 2025-2027.,,Impulsando a nuestros artesanos naucalpenses. ✨🎨 ¡Conóceles! #AquiGobiernaLaEsperanza #Naucalpan #ArtesanosNaucalpenses #TalentoLocal,Impulsando a nuestros artesanos naucalpenses. ✨🎨 ¡Conóceles! #AquiGobiernaLaEsperanza #Naucalpan #ArtesanosNaucalpenses #TalentoLocal,https://www.facebook.com/CiudadNaucalpan/posts/pfbid02oJp91dPXroAiAHZsditddB7gQAjNCv1kVxp6ciAf9XrDyd2EzZt2kD7HECUqCYoDl,https://www.facebook.com/CiudadNaucalpan/posts/pfbid02oJp91dPXroAiAHZsditddB7gQAjNCv1kVxp6ciAf9XrDyd2EzZt2kD7HECUqCYoDl,2026-02-25 17:02:20,2026-02-25,/home/emilio/Documentos/Naucalpan_Semanal_Reportes/Periodico/Enero_Mayo/2026-02-16_al_2026-02-28/Facebook/2026-02-16_al_2026-02-28_Facebook/2026-02-16_al_2026-02-28_Facebook_posts.csv
2026-02-16,2026-02-16_al_2026-02-28_Facebook,gobierno_naucalpan,Gobierno de Naucalpan,facebook,Facebook,post_facebook,ciudadnaucalpan,Ciudad Naucalpan / Gobierno Municipal 2025-2027.,,"El Gobierno de Ciudad Naucalpan, a través del IMCUFIDEN, invita a niñas y niños a formar parte del Torneo Infantil 2026.🏈✨ 📢 Durante febrero, obtén 50% de descuento en tu inscripción y asegura tu lugar en esta gran experiencia deportiva. Impulsamos el deporte como herramienta para fortalecer valores, disciplina y trabajo en equipo en nuestras juventudes. 📞 Informes e inscripciones: 55 3574 5832 No dejes pasar esta oportunidad. ¡Aparta tu lugar y sé parte del torneo!✨ #AquiGobiernaLaEsperanza #Naucalpan #IMCUFIDEN #Deporte","El Gobierno de Ciudad Naucalpan, a través del IMCUFIDEN, invita a niñas y niños a formar parte del Torneo Infantil 2026.🏈✨ 📢 Durante febrero, obtén 50% de descuento en tu inscripción y asegura tu lugar en esta gran experiencia deportiva. Impulsamos el deporte como herramienta para fortalecer valores, disciplina y trabajo en equipo en nuestras juventudes. 📞 Informes e inscripciones: 55 3574 5832 No dejes pasar esta oportunidad. ¡Aparta tu lugar y sé parte del torneo!✨ #AquiGobiernaLaEsperanza #Naucalpan #IMCUFIDEN #Deporte",https://www.facebook.com/CiudadNaucalpan/posts/pfbid02okog7s1tow7g8G9fBEwekPz72xyWxK9twjzHjVjamjjB7gZAistFH2rQDWkrCdwBl,https://www.facebook.com/CiudadNaucalpan/posts/pfbid02okog7s1tow7g8G9fBEwekPz72xyWxK9twjzHjVjamjjB7gZAistFH2rQDWkrCdwBl,2026-02-25 14:31:40,2026-02-25,/home/emilio/Documentos/Naucalpan_Semanal_Reportes/Periodico/Enero_Mayo/2026-02-16_al_2026-02-28/Facebook/2026-02-16_al_2026-02-28_Facebook/2026-02-16_al_2026-02-28_Facebook_posts.csv
2026-02-16,2026-02-16_al_2026-02-28_Facebook,gobierno_naucalpan,Gobierno de Naucalpan,facebook,Facebook,post_facebook,ciudadnaucalpan,Ciudad Naucalpan / Gobierno Municipal 2025-2027.,,Impulsando a nuestros artesanos naucalpenses. ✨🎨 ¡Conóceles! #AquiGobiernaLaEsperanza #Naucalpan #ArtesanosNaucalpenses #TalentoLocal,Impulsando a nuestros artesanos naucalpenses. ✨🎨 ¡Conóceles! #AquiGobiernaLaEsperanza #Naucalpan #ArtesanosNaucalpenses #TalentoLocal,https://www.facebook.com/CiudadNaucalpan/posts/pfbid0RxvCPcNJDgKfRmVXZwtiY7tCGAf7EHXRJ1kesGnFSLKDPHxhtiEoxKb7N4jMYsW4l,https://www.facebook.com/CiudadNaucalpan/posts/pfbid0RxvCPcNJDgKfRmVXZwtiY7tCGAf7EHXRJ1kesGnFSLKDPHxhtiEoxKb7N4jMYsW4l,2026-02-25 14:22:36,2026-02-25,/home/emilio/Documentos/Naucalpan_Semanal_Reportes/Periodico/Enero_Mayo/2026-02-16_al_2026-02-28/Facebook/2026-02-16_al_2026-02-28_Facebook/2026-02-16_al_2026-02-28_Facebook_posts.csv
2026-02-16,2026-02-16_al_2026-02-28_Facebook,gobierno_naucalpan,Gobierno de Naucalpan,facebook,Facebook,post_facebook,ciudadnaucalpan,Ciudad Naucalpan / Gobierno Municipal 2025-2027.,,"🎶Festival Feminista de Música: Naucalpan, Vivas, Libres y Sonando🎶💜 El Gobierno de Ciudad Naucalpan, a través del IMNIS, te invita a ser parte de un espacio donde la música, el arte y la sororidad se unen para celebrar la fuerza y el talento de las mujeres.🎸🎼🎷 Te esperamos: 📅 7 de marzo de 2026 🕙 10:00 horas 📍 Explanada del Palacio Municipal (Av. Juárez No. 39, Fracc. El Mirador, Naucalpan de Juárez). Porque estamos vivas, porque somos libres y porque juntas seguimos sonando. ¡No te lo puedes perder!🎤🌸 #AquiGobiernaLaEsperanza #Naucalpan #FestivalFeminista #VivasLibresYSonando","🎶Festival Feminista de Música: Naucalpan, Vivas, Libres y Sonando🎶💜 El Gobierno de Ciudad Naucalpan, a través del IMNIS, te invita a ser parte de un espacio donde la música, el arte y la sororidad se unen para celebrar la fuerza y el talento de las mujeres.🎸🎼🎷 Te esperamos: 📅 7 de marzo de 2026 🕙 10:00 horas 📍 Explanada del Palacio Municipal (Av. Juárez No. 39, Fracc. El Mirador, Naucalpan de Juárez). Porque estamos vivas, porque somos libres y porque juntas seguimos sonando. ¡No te lo puedes perder!🎤🌸 #AquiGobiernaLaEsperanza #Naucalpan #FestivalFeminista #VivasLibresYSonando",https://www.facebook.com/CiudadNaucalpan/posts/pfbid0onZ5iKzT6WHux2HHUspgS5QyRKhRg2nHHR22Z1mL3FjKb8Ci8fJU4XW1XPjgvJ7Wl,https://www.facebook.com/CiudadNaucalpan/posts/pfbid0onZ5iKzT6WHux2HHUspgS5QyRKhRg2nHHR22Z1mL3FjKb8Ci8fJU4XW1XPjgvJ7Wl,2026-02-25 14:13:27,2026-02-25,/home/emilio/Documentos/Naucalpan_Semanal_Reportes/Periodico/Enero_Mayo/2026-02-16_al_2026-02-28/Facebook/2026-02-16_al_2026-02-28_Facebook/2026-02-16_al_2026-02-28_Facebook_posts.csv
2026-02-16,2026-02-16_al_2026-02-28_Facebook,gobierno_naucalpan,Gobierno de Naucalpan,facebook,Facebook,post_facebook,ciudadnaucalpan,Ciudad Naucalpan / Gobierno Municipal 2025-2027.,,"Huellas de la Transformación en Manuel Ávila Camacho📍✨ Continuamos trabajando en territorio para mejorar nuestros espacios y fortalecer la vida comunitaria en cada colonia. 📅 Jueves 26 de febrero de 2026 🕕 18:00 horas 📌 Colonia Manuel Ávila Camacho (Calle 19 de Febrero #6, Manuel Ávila Camacho). Seguimos impulsando trabajos que dejan huellas de transformación en beneficio de las familias naucalpenses. ¡Te esperamos! 🤝 #AquiGobiernaLaEsperanza #Naucalpan #HuellasDeLaTransformacion","Huellas de la Transformación en Manuel Ávila Camacho📍✨ Continuamos trabajando en territorio para mejorar nuestros espacios y fortalecer la vida comunitaria en cada colonia. 📅 Jueves 26 de febrero de 2026 🕕 18:00 horas 📌 Colonia Manuel Ávila Camacho (Calle 19 de Febrero #6, Manuel Ávila Camacho). Seguimos impulsando trabajos que dejan huellas de transformación en beneficio de las familias naucalpenses. ¡Te esperamos! 🤝 #AquiGobiernaLaEsperanza #Naucalpan #HuellasDeLaTransformacion",https://www.facebook.com/CiudadNaucalpan/posts/pfbid02hzWjMVmm4xr4r6UYfGN2a9nvGiEfNsKzNMp3smydnKB8Wmb9soQy9PqdHtu4AEdFl,https://www.facebook.com/CiudadNaucalpan/posts/pfbid02hzWjMVmm4xr4r6UYfGN2a9nvGiEfNsKzNMp3smydnKB8Wmb9soQy9PqdHtu4AEdFl,2026-02-25 13:53:25,2026-02-25,/home/emilio/Documentos/Naucalpan_Semanal_Reportes/Periodico/Enero_Mayo/2026-02-16_al_2026-02-28/Facebook/2026-02-16_al_2026-02-28_Facebook/2026-02-16_al_2026-02-28_Facebook_posts.csv
2026-02-16,2026-02-16_al_2026-02-28_Facebook,gobierno_naucalpan,Gobierno de Naucalpan,facebook,Facebook,post_facebook,ciudadnaucalpan,Ciudad Naucalpan / Gobierno Municipal 2025-2027.,,"Las Huellas de la Transformación regresan a territorio ✨ El Gobierno de Naucalpan continúa acercando acciones que mejoran nuestros espacios y fortalecen la comunidad. 📅 Jueves 26 de febrero de 2026 🕟 16:30 horas 📍 Colonia Ampliación Loma Linda (México 134 #110, Parque F.C. Instituto de las Mujeres Naucalpenses, 53619, Naucalpan de Juárez). Seguimos trabajando de manera cercana para escuchar y atender las necesidades de cada colonia, dejando huellas reales de transformación para las y los naucalpenses. ¡Te esperamos! 🤝 #AquiGobiernaLaEsperanza #Naucalpan #HuellasDeLaTransformacion","Las Huellas de la Transformación regresan a territorio ✨ El Gobierno de Naucalpan continúa acercando acciones que mejoran nuestros espacios y fortalecen la comunidad. 📅 Jueves 26 de febrero de 2026 🕟 16:30 horas 📍 Colonia Ampliación Loma Linda (México 134 #110, Parque F.C. Instituto de las Mujeres Naucalpenses, 53619, Naucalpan de Juárez). Seguimos trabajando de manera cercana para escuchar y atender las necesidades de cada colonia, dejando huellas reales de transformación para las y los naucalpenses. ¡Te esperamos! 🤝 #AquiGobiernaLaEsperanza #Naucalpan #HuellasDeLaTransformacion",https://www.facebook.com/CiudadNaucalpan/posts/pfbid0q711gCJgxFc4HNQvoiyZbegrrBoEKeSXkbehwraMpRULj3joDgFuitK1CkiUr71Jl,https://www.facebook.com/CiudadNaucalpan/posts/pfbid0q711gCJgxFc4HNQvoiyZbegrrBoEKeSXkbehwraMpRULj3joDgFuitK1CkiUr71Jl,2026-02-25 13:50:27,2026-02-25,/home/emilio/Documentos/Naucalpan_Semanal_Reportes/Periodico/Enero_Mayo/2026-02-16_al_2026-02-28/Facebook/2026-02-16_al_2026-02-28_Facebook/2026-02-16_al_2026-02-28_Facebook_posts.csv
2026-02-16,2026-02-16_al_2026-02-28_Facebook,gobierno_naucalpan,Gobierno de Naucalpan,facebook,Facebook,post_facebook,ciudadnaucalpan,Ciudad Naucalpan / Gobierno Municipal 2025-2027.,,"Tianquiztli Tlatilca: el mercado de las tradiciones llega a Ciudad Naucalpan🎨🧵 A través de la Dirección de Bienestar e Inclusión Social, invita a la ciudadanía al Tianquiztli Tlatilca, un espacio dedicado a impulsar a las y los productores y artesanos locales, fortaleciendo nuestra identidad cultural y la economía comunitaria. 🤝 📅 26 y 27 de febrero de 2026 ⏰ 9:00 a 16:00 horas 📍 Palacio Municipal, en la explanada ubicada en los edificios anexos (A y B). Durante estos dos días, las y los asistentes podrán disfrutar de exposición y venta de productos artesanales, gastronomía tradicional y un ambiente cultural y familiar que enaltece nuestras raíces. 🌺🫶 Seguimos generando espacios para promover el talento local y fortalecer el consumo responsable en nuestra comunidad. ➡️Consulta más detalles en la imagen y acompáñanos. #AquiGobiernaLaEsperanza #Naucalpan #Bienesta","Tianquiztli Tlatilca: el mercado de las tradiciones llega a Ciudad Naucalpan🎨🧵 A través de la Dirección de Bienestar e Inclusión Social, invita a la ciudadanía al Tianquiztli Tlatilca, un espacio dedicado a impulsar a las y los productores y artesanos locales, fortaleciendo nuestra identidad cultural y la economía comunitaria. 🤝 📅 26 y 27 de febrero de 2026 ⏰ 9:00 a 16:00 horas 📍 Palacio Municipal, en la explanada ubicada en los edificios anexos (A y B). Durante estos dos días, las y los asistentes podrán disfrutar de exposición y venta de productos artesanales, gastronomía tradicional y un ambiente cultural y familiar que enaltece nuestras raíces. 🌺🫶 Seguimos generando espacios para promover el talento local y fortalecer el consumo responsable en nuestra comunidad. ➡️Consulta más detalles en la imagen y acompáñanos. #AquiGobiernaLaEsperanza #Naucalpan #Bienesta",https://www.facebook.com/CiudadNaucalpan/posts/pfbid02LC5XF1T8QWN5g8C7BuheoRLHvfWj1n1XnPa7S9dDWbD5skMqt1i5kNbBukoHnHcel,https://www.facebook.com/CiudadNaucalpan/posts/pfbid02LC5XF1T8QWN5g8C7BuheoRLHvfWj1n1XnPa7S9dDWbD5skMqt1i5kNbBukoHnHcel,2026-02-25 12:04:34,2026-02-25,/home/emilio/Documentos/Naucalpan_Semanal_Reportes/Periodico/Enero_Mayo/2026-02-16_al_2026-02-28/Facebook/2026-02-16_al_2026-02-28_Facebook/2026-02-16_al_2026-02-28_Facebook_posts.csv
2026-02-16,2026-02-16_al_2026-02-28_Facebook,gobierno_naucalpan,Gobierno de Naucalpan,facebook,Facebook,post_facebook,ciudadnaucalpan,Ciudad Naucalpan / Gobierno Municipal 2025-2027.,,"¿Sabías qué? ⚽🌍 El balón Slazenger Challenge 4-Star fue el protagonista del Mundial de 1966 en Inglaterra. Su diseño estaba conformado por 25 paneles rectangulares de cuero con cuatro formas distintas, y se presentó en versiones naranja, amarillo y blanco. 🏟️ Un balón clásico que marcó una época y que hoy forma parte de la historia del fútbol mundial. #AquiGobiernaLaEsperanza #HuellasDelMundial #Naucalpan","¿Sabías qué? ⚽🌍 El balón Slazenger Challenge 4-Star fue el protagonista del Mundial de 1966 en Inglaterra. Su diseño estaba conformado por 25 paneles rectangulares de cuero con cuatro formas distintas, y se presentó en versiones naranja, amarillo y blanco. 🏟️ Un balón clásico que marcó una época y que hoy forma parte de la historia del fútbol mundial. #AquiGobiernaLaEsperanza #HuellasDelMundial #Naucalpan",https://www.facebook.com/CiudadNaucalpan/posts/pfbid045MHHbaFvf8UDbLG2Xu8yTZsutqJgN3bVN65RwmZiQ4bLvk43WSyX1c7tvib6kb8l,https://www.facebook.com/CiudadNaucalpan/posts/pfbid045MHHbaFvf8UDbLG2Xu8yTZsutqJgN3bVN65RwmZiQ4bLvk43WSyX1c7tvib6kb8l,2026-02-25 10:54:29,2026-02-25,/home/emilio/Documentos/Naucalpan_Semanal_Reportes/Periodico/Enero_Mayo/2026-02-16_al_2026-02-28/Facebook/2026-02-16_al_2026-02-28_Facebook/2026-02-16_al_2026-02-28_Facebook_posts.csv
2026-02-16,2026-02-16_al_2026-02-28_Facebook,gobierno_naucalpan,Gobierno de Naucalpan,facebook,Facebook,post_facebook,ciudadnaucalpan,Ciudad Naucalpan / Gobierno Municipal 2025-2027.,,"Registro Civil de Ciudad Naucalpan📄 ✒️ El Gobierno de Ciudad Naucalpan pone a disposición de la ciudadanía los servicios del Registro Civil, con atención cercana y orientación para ti y tu familia. En las Oficialías del Registro Civil puedes realizar trámites como: 👉 Expedición de copias certificadas. 👉 CURP certificada y correcciones. 👉 Registro de nacimiento (oportuno y extemporáneo). 👉 Matrimonios. 👉 Reconocimiento de hijas e hijos. 👉 Registro de divorcio judicial. 👉 Aclaración y complementación de actas. 📍 Naucalpan cuenta con diversas Oficialías ubicadas en Cabecera Municipal, Satélite, El Molinito, Loma Linda y San Mateo Nopala, con horarios de atención de lunes a viernes, de 9:00 a 15:00 horas. ℹ️👉 Consulta en las imágenes la ubicación exacta, direcciones y teléfonos de cada Oficialía. Seguimos trabajando para acercar servicios esenciales con atención digna, clara y accesible para todas y todos. #AquiGobiernaLaEsperanza #Naucalpan #RegistroCivil","Registro Civil de Ciudad Naucalpan📄 ✒️ El Gobierno de Ciudad Naucalpan pone a disposición de la ciudadanía los servicios del Registro Civil, con atención cercana y orientación para ti y tu familia. En las Oficialías del Registro Civil puedes realizar trámites como: 👉 Expedición de copias certificadas. 👉 CURP certificada y correcciones. 👉 Registro de nacimiento (oportuno y extemporáneo). 👉 Matrimonios. 👉 Reconocimiento de hijas e hijos. 👉 Registro de divorcio judicial. 👉 Aclaración y complementación de actas. 📍 Naucalpan cuenta con diversas Oficialías ubicadas en Cabecera Municipal, Satélite, El Molinito, Loma Linda y San Mateo Nopala, con horarios de atención de lunes a viernes, de 9:00 a 15:00 horas. ℹ️👉 Consulta en las imágenes la ubicación exacta, direcciones y teléfonos de cada Oficialía. Seguimos trabajando para acercar servicios esenciales con atención digna, clara y accesible para todas y todos. #AquiGobiernaLaEsperanza #Naucalpan #RegistroCivil",https://www.facebook.com/CiudadNaucalpan/posts/pfbid02uo9iinZoBQP6MUnZzkKY2tZpkbu7T7YRpwCqskUvgYkwLH4is3S2GFCAz8LFkfJKl,https://www.facebook.com/CiudadNaucalpan/posts/pfbid02uo9iinZoBQP6MUnZzkKY2tZpkbu7T7YRpwCqskUvgYkwLH4is3S2GFCAz8LFkfJKl,2026-02-25 10:31:42,2026-02-25,/home/emilio/Documentos/Naucalpan_Semanal_Reportes/Periodico/Enero_Mayo/2026-02-16_al_2026-02-28/Facebook/2026-02-16_al_2026-02-28_Facebook/2026-02-16_al_2026-02-28_Facebook_posts.csv
2026-02-16,2026-02-16_al_2026-02-28_Facebook,gobierno_naucalpan,Gobierno de Naucalpan,facebook,Facebook,post_facebook,ciudadnaucalpan,Ciudad Naucalpan / Gobierno Municipal 2025-2027.,,"Conoce los Módulos Hospitalarios y sus servicios de Ciudad Naucalpan🏥🩺 El Gobierno de Ciudad Naucalpan informa a las familias naucalpenses sobre la operación de los Módulos Hospitalarios, donde se realizan registros oportunos de nacimiento de bebés nacidos en hospitales, facilitando este trámite desde el primer momento. Actualmente, este servicio se brinda en los siguientes puntos: 📍 Módulo Hospitalario 06 Hospital General Dr. Maximiliano Ruiz Castañeda 📍 Calle Vagones 53–65, Industrial Tlatilco, C.P. 53529 📍 Módulo Hospitalario 04 IMSS Hospital General de Zona 194 📍 Avenida Vía Gustavo Baz Sur 28, Col. San Bartolo, C.P. 53000 Desde el Gobierno de Ciudad Naucalpan seguimos trabajando para acercar servicios esenciales, garantizar el derecho a la identidad y brindar atención cercana a las familias naucalpense. #AquiGobiernaLaEsperanza #Naucalpan #Salud #RegistroCivil","Conoce los Módulos Hospitalarios y sus servicios de Ciudad Naucalpan🏥🩺 El Gobierno de Ciudad Naucalpan informa a las familias naucalpenses sobre la operación de los Módulos Hospitalarios, donde se realizan registros oportunos de nacimiento de bebés nacidos en hospitales, facilitando este trámite desde el primer momento. Actualmente, este servicio se brinda en los siguientes puntos: 📍 Módulo Hospitalario 06 Hospital General Dr. Maximiliano Ruiz Castañeda 📍 Calle Vagones 53–65, Industrial Tlatilco, C.P. 53529 📍 Módulo Hospitalario 04 IMSS Hospital General de Zona 194 📍 Avenida Vía Gustavo Baz Sur 28, Col. San Bartolo, C.P. 53000 Desde el Gobierno de Ciudad Naucalpan seguimos trabajando para acercar servicios esenciales, garantizar el derecho a la identidad y brindar atención cercana a las familias naucalpense. #AquiGobiernaLaEsperanza #Naucalpan #Salud #RegistroCivil",https://www.facebook.com/CiudadNaucalpan/posts/pfbid02nw5dqJCP7WYTZajTDKqrcudAs1zjGgddAkQAhhh1UAcGnekQqe83sKJFEnwcrmhBl,https://www.facebook.com/CiudadNaucalpan/posts/pfbid02nw5dqJCP7WYTZajTDKqrcudAs1zjGgddAkQAhhh1UAcGnekQqe83sKJFEnwcrmhBl,2026-02-25 10:01:43,2026-02-25,/home/emilio/Documentos/Naucalpan_Semanal_Reportes/Periodico/Enero_Mayo/2026-02-16_al_2026-02-28/Facebook/2026-02-16_al_2026-02-28_Facebook/2026-02-16_al_2026-02-28_Facebook_posts.csv
2026-02-16,2026-02-16_al_2026-02-28_Facebook,gobierno_naucalpan,Gobierno de Naucalpan,facebook,Facebook,post_facebook,ciudadnaucalpan,Ciudad Naucalpan / Gobierno Municipal 2025-2027.,,"Huellas de la Transformación en el Parque Naucalli. 🚛✨ Te invitamos a la entrega de parque vehicular, enllantado y rotulado, como parte de las acciones para fortalecer los servicios y la atención a la ciudadanía. 🗓 Miércoles 25 de febrero de 2026 🕚 11:00 horas 📍 Parque Naucalli, Avenida Lomas Verdes, Santa Cruz Acatlán Seguimos trabajando con hechos que fortalecen la capacidad operativa y mejoran la respuesta en cada comunidad. #AquiGobiernaLaEsperanza #Naucalpan #HuellasDeLaTransformación","Huellas de la Transformación en el Parque Naucalli. 🚛✨ Te invitamos a la entrega de parque vehicular, enllantado y rotulado, como parte de las acciones para fortalecer los servicios y la atención a la ciudadanía. 🗓 Miércoles 25 de febrero de 2026 🕚 11:00 horas 📍 Parque Naucalli, Avenida Lomas Verdes, Santa Cruz Acatlán Seguimos trabajando con hechos que fortalecen la capacidad operativa y mejoran la respuesta en cada comunidad. #AquiGobiernaLaEsperanza #Naucalpan #HuellasDeLaTransformación",https://www.facebook.com/CiudadNaucalpan/posts/pfbid02abyQfTqDzD5skFChDfEkxeL4GKwZRXkKo1mgiMQrxkCkhvTfE7hFBVYayvJuufShl,https://www.facebook.com/CiudadNaucalpan/posts/pfbid02abyQfTqDzD5skFChDfEkxeL4GKwZRXkKo1mgiMQrxkCkhvTfE7hFBVYayvJuufShl,2026-02-25 08:45:32,2026-02-25,/home/emilio/Documentos/Naucalpan_Semanal_Reportes/Periodico/Enero_Mayo/2026-02-16_al_2026-02-28/Facebook/2026-02-16_al_2026-02-28_Facebook/2026-02-16_al_2026-02-28_Facebook_posts.csv
2026-02-16,2026-02-16_al_2026-02-28_Facebook,gobierno_naucalpan,Gobierno de Naucalpan,facebook,Facebook,post_facebook,ciudadnaucalpan,Ciudad Naucalpan / Gobierno Municipal 2025-2027.,,"¡Duelo de Titanes en Ciudad Naucalpan!⚽ El Gobierno de Ciudad Naucalpan, a través del IMCUFIDEN, invita al cuadrangular rumbo al Mundial Social Naucalpan, donde equipos semi profesionales demostrarán su talento y pasión por el fútbol. 📅 Viernes 27 de febrero de 2026 🕕 18:00 horas 📍 Cancha del Deportivo La Curva Av. Minas Palacio, San Rafael Chamapa, Primera Sección. Seguimos impulsando el deporte como herramienta de unidad, identidad y reconstrucción del tejido social en nuestras comunidades. ¡Te esperamos para vivir una gran jornada deportiva en familia! #AquiGobiernaLaEsperanza #Naucalpan #IMCUFIDEN #HuellasDelMundial #Deporte","¡Duelo de Titanes en Ciudad Naucalpan!⚽ El Gobierno de Ciudad Naucalpan, a través del IMCUFIDEN, invita al cuadrangular rumbo al Mundial Social Naucalpan, donde equipos semi profesionales demostrarán su talento y pasión por el fútbol. 📅 Viernes 27 de febrero de 2026 🕕 18:00 horas 📍 Cancha del Deportivo La Curva Av. Minas Palacio, San Rafael Chamapa, Primera Sección. Seguimos impulsando el deporte como herramienta de unidad, identidad y reconstrucción del tejido social en nuestras comunidades. ¡Te esperamos para vivir una gran jornada deportiva en familia! #AquiGobiernaLaEsperanza #Naucalpan #IMCUFIDEN #HuellasDelMundial #Deporte",https://www.facebook.com/CiudadNaucalpan/posts/pfbid0CnLZNjU8houMTF9F49FAwRcQSKaAo9Q4HspVXR9xeGkrmeJMxWK1233T1GypMS15l,https://www.facebook.com/CiudadNaucalpan/posts/pfbid0CnLZNjU8houMTF9F49FAwRcQSKaAo9Q4HspVXR9xeGkrmeJMxWK1233T1GypMS15l,2026-02-25 08:40:35,2026-02-25,/home/emilio/Documentos/Naucalpan_Semanal_Reportes/Periodico/Enero_Mayo/2026-02-16_al_2026-02-28/Facebook/2026-02-16_al_2026-02-28_Facebook/2026-02-16_al_2026-02-28_Facebook_posts.csv
2026-02-16,2026-02-16_al_2026-02-28_Facebook,gobierno_naucalpan,Gobierno de Naucalpan,facebook,Facebook,post_facebook,ciudadnaucalpan,Ciudad Naucalpan / Gobierno Municipal 2025-2027.,,"25 de febrero | Día Naranja🧡 Cada mes cuenta para prevenir y erradicar la violencia contra las mujeres, niñas y adolescentes. Desde el Gobierno de Ciudad Naucalpan impulsamos una agenda permanente por la igualdad, la justicia y la protección de los derechos de las mujeres, convencidas de que la prevención y la concientización son claves para construir entornos seguros y libres de violencia. #AquiGobiernaLaEsperanza #Naucalpan #DiaNaranja #Prevencion","25 de febrero | Día Naranja🧡 Cada mes cuenta para prevenir y erradicar la violencia contra las mujeres, niñas y adolescentes. Desde el Gobierno de Ciudad Naucalpan impulsamos una agenda permanente por la igualdad, la justicia y la protección de los derechos de las mujeres, convencidas de que la prevención y la concientización son claves para construir entornos seguros y libres de violencia. #AquiGobiernaLaEsperanza #Naucalpan #DiaNaranja #Prevencion",https://www.facebook.com/CiudadNaucalpan/posts/pfbid02KZGsoUTyi2zR1yd2cVFvCEVLvFPRLxJFeg2rzsJcGWwmpJi3vszQyRpR5VRLi162l,https://www.facebook.com/CiudadNaucalpan/posts/pfbid02KZGsoUTyi2zR1yd2cVFvCEVLvFPRLxJFeg2rzsJcGWwmpJi3vszQyRpR5VRLi162l,2026-02-25 07:01:39,2026-02-25,/home/emilio/Documentos/Naucalpan_Semanal_Reportes/Periodico/Enero_Mayo/2026-02-16_al_2026-02-28/Facebook/2026-02-16_al_2026-02-28_Facebook/2026-02-16_al_2026-02-28_Facebook_posts.csv
2026-02-16,2026-02-16_al_2026-02-28_Facebook,gobierno_naucalpan,Gobierno de Naucalpan,facebook,Facebook,post_facebook,guardiamunicipalciudadnaucalpan,Guardia Municipal Ciudad Naucalpan,,"Cuatro personas detenidas por probable robo a casa habitación en Bosque de Echegaray🚨 Tras un reporte recibido vía C4 por robo a casa habitación con violencia, elementos de la Guardia Municipal acudieron a Hacienda de la Huerta, en Bosque de Echegaray. En el lugar, un ciudadano señaló que varias personas salían del domicilio tras forzar la puerta. De inmediato se implementó un operativo de seguimiento que permitió darles alcance metros adelante y asegurar objetos presuntamente relacionados con los hechos. Las cuatro personas fueron puestas a disposición de la Fiscalía Regional de Naucalpan, donde se determinará su situación jurídica conforme a derecho. En la Guardia Municipal actuamos con oportunidad, coordinación y apego a la ley para proteger la tranquilidad de las familias naucalpenses. #AquiGobiernaLaEsperanza #Naucalpan #Seguridad #GuardiaMunicipal #SSEdoMex #Edomex #mexico","Cuatro personas detenidas por probable robo a casa habitación en Bosque de Echegaray🚨 Tras un reporte recibido vía C4 por robo a casa habitación con violencia, elementos de la Guardia Municipal acudieron a Hacienda de la Huerta, en Bosque de Echegaray. En el lugar, un ciudadano señaló que varias personas salían del domicilio tras forzar la puerta. De inmediato se implementó un operativo de seguimiento que permitió darles alcance metros adelante y asegurar objetos presuntamente relacionados con los hechos. Las cuatro personas fueron puestas a disposición de la Fiscalía Regional de Naucalpan, donde se determinará su situación jurídica conforme a derecho. En la Guardia Municipal actuamos con oportunidad, coordinación y apego a la ley para proteger la tranquilidad de las familias naucalpenses. #AquiGobiernaLaEsperanza #Naucalpan #Seguridad #GuardiaMunicipal #SSEdoMex #Edomex #mexico",https://www.facebook.com/GuardiaMunicipalCiudadNaucalpan/posts/pfbid0ZmA4arj2bbyrW4zVGJ5sRwgZzk6PXvHNrc8qvKtWCqNh3rsDwmBdFkcWMx9hoUfWl,https://www.facebook.com/GuardiaMunicipalCiudadNaucalpan/posts/pfbid0ZmA4arj2bbyrW4zVGJ5sRwgZzk6PXvHNrc8qvKtWCqNh3rsDwmBdFkcWMx9hoUfWl,2026-02-25 20:01:36,2026-02-25,/home/emilio/Documentos/Naucalpan_Semanal_Reportes/Periodico/Enero_Mayo/2026-02-16_al_2026-02-28/Facebook/2026-02-16_al_2026-02-28_Facebook/2026-02-16_al_2026-02-28_Facebook_posts.csv
2026-02-16,2026-02-16_al_2026-02-28_Facebook,gobierno_naucalpan,Gobierno de Naucalpan,facebook,Facebook,post_facebook,guardiamunicipalciudadnaucalpan,Guardia Municipal Ciudad Naucalpan,,🧡25N l Dia Naranja #AquiGobiernaLaEsperanza #GuardiaMunicipal #Naucalpan,🧡25N l Dia Naranja #AquiGobiernaLaEsperanza #GuardiaMunicipal #Naucalpan,https://www.facebook.com/GuardiaMunicipalCiudadNaucalpan/posts/pfbid06V2htot1JtcYAqijrzp8z4NkBRg8oHqtJdxyaGEkjribqRpWe81HHpuLK2iFgKEgl,https://www.facebook.com/GuardiaMunicipalCiudadNaucalpan/posts/pfbid06V2htot1JtcYAqijrzp8z4NkBRg8oHqtJdxyaGEkjribqRpWe81HHpuLK2iFgKEgl,2026-02-25 18:15:16,2026-02-25,/home/emilio/Documentos/Naucalpan_Semanal_Reportes/Periodico/Enero_Mayo/2026-02-16_al_2026-02-28/Facebook/2026-02-16_al_2026-02-28_Facebook/2026-02-16_al_2026-02-28_Facebook_posts.csv
2026-02-16,2026-02-16_al_2026-02-28_Facebook,gobierno_naucalpan,Gobierno de Naucalpan,facebook,Facebook,post_facebook,guardiamunicipalciudadnaucalpan,Guardia Municipal Ciudad Naucalpan,,"Detenido por probable encubrimiento por receptación en Industrial Alce Blanco;🚨 A través de la coordinación interinstitucional, fue detenido un hombre señalado por su probable participación en el delito de encubrimiento por receptación, en hechos registrados en Industrial Alce Blanco. El implicado fue puesto a disposición de la autoridad competente, quien determinará su situación jurídica conforme a derecho. Reiteramos nuestro compromiso de trabajar con responsabilidad y apego a la ley para fortalecer la seguridad en Naucalpan. #AquiGobiernaLaEsperanza #Naucalpan #Seguridad #GuardiaMunicipal #SSEdoMex","Detenido por probable encubrimiento por receptación en Industrial Alce Blanco;🚨 A través de la coordinación interinstitucional, fue detenido un hombre señalado por su probable participación en el delito de encubrimiento por receptación, en hechos registrados en Industrial Alce Blanco. El implicado fue puesto a disposición de la autoridad competente, quien determinará su situación jurídica conforme a derecho. Reiteramos nuestro compromiso de trabajar con responsabilidad y apego a la ley para fortalecer la seguridad en Naucalpan. #AquiGobiernaLaEsperanza #Naucalpan #Seguridad #GuardiaMunicipal #SSEdoMex",https://www.facebook.com/GuardiaMunicipalCiudadNaucalpan/posts/pfbid07fqF4VN2BShNbAhK6eBRC47dfULwM9koVoGoWPQpPUSTeNzGCX3jP5vvKR5ZMt3Fl,https://www.facebook.com/GuardiaMunicipalCiudadNaucalpan/posts/pfbid07fqF4VN2BShNbAhK6eBRC47dfULwM9koVoGoWPQpPUSTeNzGCX3jP5vvKR5ZMt3Fl,2026-02-25 16:01:57,2026-02-25,/home/emilio/Documentos/Naucalpan_Semanal_Reportes/Periodico/Enero_Mayo/2026-02-16_al_2026-02-28/Facebook/2026-02-16_al_2026-02-28_Facebook/2026-02-16_al_2026-02-28_Facebook_posts.csv
2026-02-16,2026-02-16_al_2026-02-28_Facebook,gobierno_naucalpan,Gobierno de Naucalpan,facebook,Facebook,post_facebook,guardiamunicipalciudadnaucalpan,Guardia Municipal Ciudad Naucalpan,,"Detenido por presunto robo de vehículo con violencia en San Antonio Zomeyucan🚨 Durante un recorrido de vigilancia, elementos de la Guardia Municipal detectaron una situación inusual y atendieron de inmediato el reporte. En el lugar, se señaló a un hombre por su probable participación en el despojo de un vehículo mediante el uso de violencia y amenazas. Tras la intervención y la inspección correspondiente, se le localizó arma de fuego presuntamente relacionada con los hechos. El detenido fue puesto a disposición de la Fiscalía Regional de Naucalpan, autoridad que determinará su situación jurídica conforme a derecho. En la Guardia Municipal actuamos con oportunidad y apego a la ley para proteger la seguridad y el patrimonio de las familias naucalpenses. #AquiGobiernaLaEsperanza #Naucalpan #Seguridad #GuardiaMunicipal #SSEdoMex","Detenido por presunto robo de vehículo con violencia en San Antonio Zomeyucan🚨 Durante un recorrido de vigilancia, elementos de la Guardia Municipal detectaron una situación inusual y atendieron de inmediato el reporte. En el lugar, se señaló a un hombre por su probable participación en el despojo de un vehículo mediante el uso de violencia y amenazas. Tras la intervención y la inspección correspondiente, se le localizó arma de fuego presuntamente relacionada con los hechos. El detenido fue puesto a disposición de la Fiscalía Regional de Naucalpan, autoridad que determinará su situación jurídica conforme a derecho. En la Guardia Municipal actuamos con oportunidad y apego a la ley para proteger la seguridad y el patrimonio de las familias naucalpenses. #AquiGobiernaLaEsperanza #Naucalpan #Seguridad #GuardiaMunicipal #SSEdoMex",https://www.facebook.com/GuardiaMunicipalCiudadNaucalpan/posts/pfbid0KTVFRC1Bn1g2nMADZFFrvsrBDLdtMt7JqSnkoYeaqug69aWEHgEXy21eAZu71KqUl,https://www.facebook.com/GuardiaMunicipalCiudadNaucalpan/posts/pfbid0KTVFRC1Bn1g2nMADZFFrvsrBDLdtMt7JqSnkoYeaqug69aWEHgEXy21eAZu71KqUl,2026-02-25 13:32:26,2026-02-25,/home/emilio/Documentos/Naucalpan_Semanal_Reportes/Periodico/Enero_Mayo/2026-02-16_al_2026-02-28/Facebook/2026-02-16_al_2026-02-28_Facebook/2026-02-16_al_2026-02-28_Facebook_posts.csv
2026-02-16,2026-02-16_al_2026-02-28_Facebook,gobierno_naucalpan,Gobierno de Naucalpan,facebook,Facebook,post_facebook,guardiamunicipalciudadnaucalpan,Guardia Municipal Ciudad Naucalpan,,"Detenido por probable robo de vehículo con violencia en la colonia 10 de Abril🚨 Con la coordinación interinstitucional, fue detenido un hombre señalado por su probable participación en el robo de un vehículo con violencia. El implicado fue puesto a disposición de la autoridad competente, quien determinará su situación jurídica conforme a derecho. Seguimos trabajando con firmeza y apego a la ley para proteger el patrimonio y la seguridad de las familias naucalpenses. #AquiGobiernaLaEsperanza #Naucalpan #Seguridad #GuardiaMunicipal #SSEdoMex","Detenido por probable robo de vehículo con violencia en la colonia 10 de Abril🚨 Con la coordinación interinstitucional, fue detenido un hombre señalado por su probable participación en el robo de un vehículo con violencia. El implicado fue puesto a disposición de la autoridad competente, quien determinará su situación jurídica conforme a derecho. Seguimos trabajando con firmeza y apego a la ley para proteger el patrimonio y la seguridad de las familias naucalpenses. #AquiGobiernaLaEsperanza #Naucalpan #Seguridad #GuardiaMunicipal #SSEdoMex",https://www.facebook.com/GuardiaMunicipalCiudadNaucalpan/posts/pfbid05QZYvtAvHMQA3SXH27H1ENoPGznKnd5pcvbMkqhoipTvp5nJrzzsE91GMjPu8Zcwl,https://www.facebook.com/GuardiaMunicipalCiudadNaucalpan/posts/pfbid05QZYvtAvHMQA3SXH27H1ENoPGznKnd5pcvbMkqhoipTvp5nJrzzsE91GMjPu8Zcwl,2026-02-25 13:04:06,2026-02-25,/home/emilio/Documentos/Naucalpan_Semanal_Reportes/Periodico/Enero_Mayo/2026-02-16_al_2026-02-28/Facebook/2026-02-16_al_2026-02-28_Facebook/2026-02-16_al_2026-02-28_Facebook_posts.csv
2026-02-16,2026-02-16_al_2026-02-28_Facebook,gobierno_naucalpan,Gobierno de Naucalpan,facebook,Facebook,post_facebook,guardiamunicipalciudadnaucalpan,Guardia Municipal Ciudad Naucalpan,,"Detenido por probable robo con violencia en la Benito Juárez 🚨 Como parte de la Estrategia Mando Unificado Oriente y del “Despliegue Operativo ARGOS”, en coordinación con la Policía Estatal, realizamos la detención de un hombre señalado por su probable participación en un robo con violencia en la colonia Benito Juárez. De acuerdo con el reporte, la persona habría amagado a la víctima con un objeto punzocortante para despojarla de sus pertenencias. Tras recibir la alerta, se implementó un operativo de búsqueda en la zona que permitió ubicar al señalado y realizar una inspección conforme a protocolo, asegurando objetos presuntamente relacionados con los hechos. El detenido fue puesto a disposición del Ministerio Público, autoridad que determinará su situación jurídica conforme a derecho. En la Guardia Municipal reiteramos nuestro compromiso de actuar con responsabilidad, profesionalismo y estricto apego a la ley, priorizando en todo momento la seguridad de las y los naucalpenses. #AquiGobiernaLaEsperanza #Naucalpan #Seguridad #GuardiaMunicipal #SSEdoMex #Edomex #mexico","Detenido por probable robo con violencia en la Benito Juárez 🚨 Como parte de la Estrategia Mando Unificado Oriente y del “Despliegue Operativo ARGOS”, en coordinación con la Policía Estatal, realizamos la detención de un hombre señalado por su probable participación en un robo con violencia en la colonia Benito Juárez. De acuerdo con el reporte, la persona habría amagado a la víctima con un objeto punzocortante para despojarla de sus pertenencias. Tras recibir la alerta, se implementó un operativo de búsqueda en la zona que permitió ubicar al señalado y realizar una inspección conforme a protocolo, asegurando objetos presuntamente relacionados con los hechos. El detenido fue puesto a disposición del Ministerio Público, autoridad que determinará su situación jurídica conforme a derecho. En la Guardia Municipal reiteramos nuestro compromiso de actuar con responsabilidad, profesionalismo y estricto apego a la ley, priorizando en todo momento la seguridad de las y los naucalpenses. #AquiGobiernaLaEsperanza #Naucalpan #Seguridad #GuardiaMunicipal #SSEdoMex #Edomex #mexico",https://www.facebook.com/GuardiaMunicipalCiudadNaucalpan/posts/pfbid0anMC4hnsmvpdv6KHEzrYH3kHB6qib3Ui6y1wg3Kum6saoPWsgNHHXs2bFQKbyiBnl,https://www.facebook.com/GuardiaMunicipalCiudadNaucalpan/posts/pfbid0anMC4hnsmvpdv6KHEzrYH3kHB6qib3Ui6y1wg3Kum6saoPWsgNHHXs2bFQKbyiBnl,2026-02-25 12:49:27,2026-02-25,/home/emilio/Documentos/Naucalpan_Semanal_Reportes/Periodico/Enero_Mayo/2026-02-16_al_2026-02-28/Facebook/2026-02-16_al_2026-02-28_Facebook/2026-02-16_al_2026-02-28_Facebook_posts.csv
2026-02-16,2026-02-16_al_2026-02-28_Twitter,gobierno_naucalpan,Gobierno de Naucalpan,twitter,Twitter/X,tweet,@GobNau,@GobNau,,Las Huellas de la Transformación regresan a territorio ¡Te esperamos! #AquiGobiernaLaEsperanza #Naucalpan #HuellasDeLaTransformacion,Las Huellas de la Transformación regresan a territorio ¡Te esperamos! #AquiGobiernaLaEsperanza #Naucalpan #HuellasDeLaTransformacion,https://x.com/GobNau/status/2026792834230051077,https://x.com/GobNau/status/2026792834230051077,2026-02-25 22:54:02+00:00,2026-02-25,/home/emilio/Documentos/Naucalpan_Semanal_Reportes/Periodico/Enero_Mayo/2026-02-16_al_2026-02-28/Twitter/2026-02-16_al_2026-02-28_Twitter/2026-02-16_al_2026-02-28_Twitter_post_institucionales.csv
2026-02-16,2026-02-16_al_2026-02-28_Twitter,gobierno_naucalpan,Gobierno de Naucalpan,twitter,Twitter/X,tweet,@GobNau,@GobNau,,"El Gobierno de Ciudad Naucalpan, a través del IMCUFIDEN, invita a niñas y niños a formar parte del Torneo Infantil 2026. No dejes pasar esta oportunidad. ¡Aparta tu lugar y sé parte del torneo! #AquiGobiernaLaEsperanza #Naucalpan #IMCUFIDEN #Deporte","El Gobierno de Ciudad Naucalpan, a través del IMCUFIDEN, invita a niñas y niños a formar parte del Torneo Infantil 2026. No dejes pasar esta oportunidad. ¡Aparta tu lugar y sé parte del torneo! #AquiGobiernaLaEsperanza #Naucalpan #IMCUFIDEN #Deporte",https://x.com/GobNau/status/2026757011082273183,https://x.com/GobNau/status/2026757011082273183,2026-02-25 20:31:41+00:00,2026-02-25,/home/emilio/Documentos/Naucalpan_Semanal_Reportes/Periodico/Enero_Mayo/2026-02-16_al_2026-02-28/Twitter/2026-02-16_al_2026-02-28_Twitter/2026-02-16_al_2026-02-28_Twitter_post_institucionales.csv
2026-02-16,2026-02-16_al_2026-02-28_Twitter,gobierno_naucalpan,Gobierno de Naucalpan,twitter,Twitter/X,tweet,@GobNau,@GobNau,,"Festival Feminista de Música: Naucalpan, Vivas, Libres y Sonando ¡No te lo puedes perder! #AquiGobiernaLaEsperanza #Naucalpan #FestivalFeminista #VivasLibresYSonando","Festival Feminista de Música: Naucalpan, Vivas, Libres y Sonando ¡No te lo puedes perder! #AquiGobiernaLaEsperanza #Naucalpan #FestivalFeminista #VivasLibresYSonando",https://x.com/GobNau/status/2026752564276961575,https://x.com/GobNau/status/2026752564276961575,2026-02-25 20:14:01+00:00,2026-02-25,/home/emilio/Documentos/Naucalpan_Semanal_Reportes/Periodico/Enero_Mayo/2026-02-16_al_2026-02-28/Twitter/2026-02-16_al_2026-02-28_Twitter/2026-02-16_al_2026-02-28_Twitter_post_institucionales.csv
2026-02-16,2026-02-16_al_2026-02-28_Twitter,gobierno_naucalpan,Gobierno de Naucalpan,twitter,Twitter/X,tweet,@GobNau,@GobNau,,Huellas de la Transformación en Manuel Ávila Camacho ¡Te esperamos! #AquiGobiernaLaEsperanza #Naucalpan #HuellasDeLaTransformacion,Huellas de la Transformación en Manuel Ávila Camacho ¡Te esperamos! #AquiGobiernaLaEsperanza #Naucalpan #HuellasDeLaTransformacion,https://x.com/GobNau/status/2026747385947308092,https://x.com/GobNau/status/2026747385947308092,2026-02-25 19:53:26+00:00,2026-02-25,/home/emilio/Documentos/Naucalpan_Semanal_Reportes/Periodico/Enero_Mayo/2026-02-16_al_2026-02-28/Twitter/2026-02-16_al_2026-02-28_Twitter/2026-02-16_al_2026-02-28_Twitter_post_institucionales.csv
2026-02-16,2026-02-16_al_2026-02-28_Twitter,gobierno_naucalpan,Gobierno de Naucalpan,twitter,Twitter/X,tweet,@GobNau,@GobNau,,Tianquiztli Tlatilca: el mercado de las tradiciones llega a Ciudad Naucalpan Consulta más detalles en la imagen y acompáñanos. #AquiGobiernaLaEsperanza #Naucalpan #Bienesta,Tianquiztli Tlatilca: el mercado de las tradiciones llega a Ciudad Naucalpan Consulta más detalles en la imagen y acompáñanos. #AquiGobiernaLaEsperanza #Naucalpan #Bienesta,https://x.com/GobNau/status/2026720172455698913,https://x.com/GobNau/status/2026720172455698913,2026-02-25 18:05:18+00:00,2026-02-25,/home/emilio/Documentos/Naucalpan_Semanal_Reportes/Periodico/Enero_Mayo/2026-02-16_al_2026-02-28/Twitter/2026-02-16_al_2026-02-28_Twitter/2026-02-16_al_2026-02-28_Twitter_post_institucionales.csv
2026-02-16,2026-02-16_al_2026-02-28_Twitter,gobierno_naucalpan,Gobierno de Naucalpan,twitter,Twitter/X,tweet,@GobNau,@GobNau,,"¿Sabías qué? El balón Slazenger Challenge 4-Star se utilizó en 1966 en Inglaterra. Tenía 25 paneles rectangulares de cuero y se presentó en color naranja, amarillo y blanco. #AquiGobiernaLaEsperanza #HuellasDelMundial #Naucalpan","¿Sabías qué? El balón Slazenger Challenge 4-Star se utilizó en 1966 en Inglaterra. Tenía 25 paneles rectangulares de cuero y se presentó en color naranja, amarillo y blanco. #AquiGobiernaLaEsperanza #HuellasDelMundial #Naucalpan",https://x.com/GobNau/status/2026702372768977082,https://x.com/GobNau/status/2026702372768977082,2026-02-25 16:54:34+00:00,2026-02-25,/home/emilio/Documentos/Naucalpan_Semanal_Reportes/Periodico/Enero_Mayo/2026-02-16_al_2026-02-28/Twitter/2026-02-16_al_2026-02-28_Twitter/2026-02-16_al_2026-02-28_Twitter_post_institucionales.csv
2026-02-16,2026-02-16_al_2026-02-28_Twitter,gobierno_naucalpan,Gobierno de Naucalpan,twitter,Twitter/X,tweet,@GobNau,@GobNau,,Registro Civil de Ciudad Naucalpan Consulta toda la información en las imágenes. #AquiGobiernaLaEsperanza #Naucalpan #RegistroCivil,Registro Civil de Ciudad Naucalpan Consulta toda la información en las imágenes. #AquiGobiernaLaEsperanza #Naucalpan #RegistroCivil,https://x.com/GobNau/status/2026696612634874071,https://x.com/GobNau/status/2026696612634874071,2026-02-25 16:31:41+00:00,2026-02-25,/home/emilio/Documentos/Naucalpan_Semanal_Reportes/Periodico/Enero_Mayo/2026-02-16_al_2026-02-28/Twitter/2026-02-16_al_2026-02-28_Twitter/2026-02-16_al_2026-02-28_Twitter_post_institucionales.csv
2026-02-16,2026-02-16_al_2026-02-28_Twitter,gobierno_naucalpan,Gobierno de Naucalpan,twitter,Twitter/X,tweet,@GobNau,@GobNau,,Conoce los Módulos Hospitalarios de Ciudad Naucalpan Consulta toda la información en las imágenes. #AquiGobiernaLaEsperanza #Naucalpan #Salud #RegistroCivil,Conoce los Módulos Hospitalarios de Ciudad Naucalpan Consulta toda la información en las imágenes. #AquiGobiernaLaEsperanza #Naucalpan #Salud #RegistroCivil,https://x.com/GobNau/status/2026689206467125626,https://x.com/GobNau/status/2026689206467125626,2026-02-25 16:02:15+00:00,2026-02-25,/home/emilio/Documentos/Naucalpan_Semanal_Reportes/Periodico/Enero_Mayo/2026-02-16_al_2026-02-28/Twitter/2026-02-16_al_2026-02-28_Twitter/2026-02-16_al_2026-02-28_Twitter_post_institucionales.csv
2026-02-16,2026-02-16_al_2026-02-28_Twitter,gobierno_naucalpan,Gobierno de Naucalpan,twitter,Twitter/X,tweet,@GobNau,@GobNau,,"Huellas de la Transformación Este miércoles 25 de febrero a las 11:00 horas se realizará la entrega de parque vehicular, enllantado y rotulado en el Parque Naucalli. #AquiGobiernaLaEsperanza #Naucalpan","Huellas de la Transformación Este miércoles 25 de febrero a las 11:00 horas se realizará la entrega de parque vehicular, enllantado y rotulado en el Parque Naucalli. #AquiGobiernaLaEsperanza #Naucalpan",https://x.com/GobNau/status/2026669904032563643,https://x.com/GobNau/status/2026669904032563643,2026-02-25 14:45:33+00:00,2026-02-25,/home/emilio/Documentos/Naucalpan_Semanal_Reportes/Periodico/Enero_Mayo/2026-02-16_al_2026-02-28/Twitter/2026-02-16_al_2026-02-28_Twitter/2026-02-16_al_2026-02-28_Twitter_post_institucionales.csv
2026-02-16,2026-02-16_al_2026-02-28_Twitter,gobierno_naucalpan,Gobierno de Naucalpan,twitter,Twitter/X,tweet,@GobNau,@GobNau,,"¡Duelo de Titanes en Ciudad #Naucalpan! El Gobierno de Ciudad Naucalpan, a través del #IMCUFIDEN, invita al cuadrangular rumbo al Mundial Social Naucalpan. ¡Te esperamos para vivir una gran jornada deportiva en familia! #AquiGobiernaLaEsperanza","¡Duelo de Titanes en Ciudad #Naucalpan! El Gobierno de Ciudad Naucalpan, a través del #IMCUFIDEN, invita al cuadrangular rumbo al Mundial Social Naucalpan. ¡Te esperamos para vivir una gran jornada deportiva en familia! #AquiGobiernaLaEsperanza",https://x.com/GobNau/status/2026668667467907277,https://x.com/GobNau/status/2026668667467907277,2026-02-25 14:40:38+00:00,2026-02-25,/home/emilio/Documentos/Naucalpan_Semanal_Reportes/Periodico/Enero_Mayo/2026-02-16_al_2026-02-28/Twitter/2026-02-16_al_2026-02-28_Twitter/2026-02-16_al_2026-02-28_Twitter_post_institucionales.csv
2026-02-16,2026-02-16_al_2026-02-28_Twitter,gobierno_naucalpan,Gobierno de Naucalpan,twitter,Twitter/X,tweet,@GobNau,@GobNau,,25 de febrero | Día Naranja #AquiGobiernaLaEsperanza #Naucalpan #DiaNaranja #Prevencion,25 de febrero | Día Naranja #AquiGobiernaLaEsperanza #Naucalpan #DiaNaranja #Prevencion,https://x.com/GobNau/status/2026643900409041379,https://x.com/GobNau/status/2026643900409041379,2026-02-25 13:02:13+00:00,2026-02-25,/home/emilio/Documentos/Naucalpan_Semanal_Reportes/Periodico/Enero_Mayo/2026-02-16_al_2026-02-28/Twitter/2026-02-16_al_2026-02-28_Twitter/2026-02-16_al_2026-02-28_Twitter_post_institucionales.csv
2026-02-16,2026-02-16_al_2026-02-28_Twitter,gobierno_naucalpan,Gobierno de Naucalpan,twitter,Twitter/X,tweet,@GobNau,@GobNau,,"Julieta Fierro, ejemplo de inspiración #AquiGobiernaLaEsperanza #Naucalpan #IgualdadSustantiva #MujeresEnLaCiencia","Julieta Fierro, ejemplo de inspiración #AquiGobiernaLaEsperanza #Naucalpan #IgualdadSustantiva #MujeresEnLaCiencia",https://x.com/GobNau/status/2026523282699075727,https://x.com/GobNau/status/2026523282699075727,2026-02-25 05:02:56+00:00,2026-02-25,/home/emilio/Documentos/Naucalpan_Semanal_Reportes/Periodico/Enero_Mayo/2026-02-16_al_2026-02-28/Twitter/2026-02-16_al_2026-02-28_Twitter/2026-02-16_al_2026-02-28_Twitter_post_institucionales.csv
2026-02-16,2026-02-16_al_2026-02-28_Twitter,gobierno_naucalpan,Gobierno de Naucalpan,twitter,Twitter/X,tweet,@GobNau,@GobNau,,"En el marco del Día de la Bandera, el Presidente Municipal, Isaac Montoya Márquez, encabezó la ceremonia de izamiento del lábaro patrio en la Explanada Municipal de Ciudad Naucalpan. #AquiGobiernaLaEsperanza #Naucalpan #DiaDeLaBandera","En el marco del Día de la Bandera, el Presidente Municipal, Isaac Montoya Márquez, encabezó la ceremonia de izamiento del lábaro patrio en la Explanada Municipal de Ciudad Naucalpan. #AquiGobiernaLaEsperanza #Naucalpan #DiaDeLaBandera",https://x.com/GobNau/status/2026470325811110145,https://x.com/GobNau/status/2026470325811110145,2026-02-25 01:32:30+00:00,2026-02-25,/home/emilio/Documentos/Naucalpan_Semanal_Reportes/Periodico/Enero_Mayo/2026-02-16_al_2026-02-28/Twitter/2026-02-16_al_2026-02-28_Twitter/2026-02-16_al_2026-02-28_Twitter_post_institucionales.csv
2026-02-16,2026-02-16_al_2026-02-28_Facebook,gobierno_naucalpan,Gobierno de Naucalpan,facebook,Facebook,post_facebook,ciudadnaucalpan,Ciudad Naucalpan / Gobierno Municipal 2025-2027.,,"Julieta Fierro, ejemplo de inspiración🔭✨ El Gobierno de Ciudad Naucalpan, a través del Instituto de las Mujeres Naucalpenses y la Igualdad Sustantiva, reconoce la trayectoria de Julieta Fierro, astrónoma y divulgadora científica mexicana que ha acercado el universo a niñas, niños y jóvenes. 🌎⭐ Su legado impulsa la participación de más mujeres en la ciencia y fortalece el camino hacia la igualdad de oportunidades. Seguimos trabajando por una ciudad más incluyente y con futuro para todas y todos. ✨ #AquiGobiernaLaEsperanza #Naucalpan #IgualdadSustantiva #MujeresEnLaCiencia","Julieta Fierro, ejemplo de inspiración🔭✨ El Gobierno de Ciudad Naucalpan, a través del Instituto de las Mujeres Naucalpenses y la Igualdad Sustantiva, reconoce la trayectoria de Julieta Fierro, astrónoma y divulgadora científica mexicana que ha acercado el universo a niñas, niños y jóvenes. 🌎⭐ Su legado impulsa la participación de más mujeres en la ciencia y fortalece el camino hacia la igualdad de oportunidades. Seguimos trabajando por una ciudad más incluyente y con futuro para todas y todos. ✨ #AquiGobiernaLaEsperanza #Naucalpan #IgualdadSustantiva #MujeresEnLaCiencia",https://www.facebook.com/CiudadNaucalpan/posts/pfbid02Zo1gd5f2x5bGUvURrmwDHAS6VawXapZyq4955Yphd6VxDBBAxpwmgaubKbJVUpQPl,https://www.facebook.com/CiudadNaucalpan/posts/pfbid02Zo1gd5f2x5bGUvURrmwDHAS6VawXapZyq4955Yphd6VxDBBAxpwmgaubKbJVUpQPl,2026-02-24 23:02:20,2026-02-24,/home/emilio/Documentos/Naucalpan_Semanal_Reportes/Periodico/Enero_Mayo/2026-02-16_al_2026-02-28/Facebook/2026-02-16_al_2026-02-28_Facebook/2026-02-16_al_2026-02-28_Facebook_posts.csv
2026-02-16,2026-02-16_al_2026-02-28_Facebook,gobierno_naucalpan,Gobierno de Naucalpan,facebook,Facebook,post_facebook,ciudadnaucalpan,Ciudad Naucalpan / Gobierno Municipal 2025-2027.,,"En el marco del Día de la Bandera, el Presidente Municipal, Isaac Montoya Márquez, encabezó la ceremonia de izamiento del lábaro patrio en la Explanada Municipal de Ciudad Naucalpan. 🇲🇽 Desde el Gobierno de Ciudad Naucalpan se continúa trabajando para construir la paz desde las comunidades, atender las causas y fortalecer la coordinación entre los tres órdenes de gobierno, priorizando siempre el bienestar de todas y todos. #AquiGobiernaLaEsperanza #Naucalpan #DiaDeLaBandera","En el marco del Día de la Bandera, el Presidente Municipal, Isaac Montoya Márquez, encabezó la ceremonia de izamiento del lábaro patrio en la Explanada Municipal de Ciudad Naucalpan. 🇲🇽 Desde el Gobierno de Ciudad Naucalpan se continúa trabajando para construir la paz desde las comunidades, atender las causas y fortalecer la coordinación entre los tres órdenes de gobierno, priorizando siempre el bienestar de todas y todos. #AquiGobiernaLaEsperanza #Naucalpan #DiaDeLaBandera",https://www.facebook.com/CiudadNaucalpan/posts/pfbid0GYYGDfRqb7BMjNdjxDtNrZpfvvGQEtddNicaC7XDHhYVxbdnSkF5Q1Pv2vx2esfWl,https://www.facebook.com/CiudadNaucalpan/posts/pfbid0GYYGDfRqb7BMjNdjxDtNrZpfvvGQEtddNicaC7XDHhYVxbdnSkF5Q1Pv2vx2esfWl,2026-02-24 19:31:55,2026-02-24,/home/emilio/Documentos/Naucalpan_Semanal_Reportes/Periodico/Enero_Mayo/2026-02-16_al_2026-02-28/Facebook/2026-02-16_al_2026-02-28_Facebook/2026-02-16_al_2026-02-28_Facebook_posts.csv
2026-02-16,2026-02-16_al_2026-02-28_Facebook,gobierno_naucalpan,Gobierno de Naucalpan,facebook,Facebook,post_facebook,ciudadnaucalpan,Ciudad Naucalpan / Gobierno Municipal 2025-2027.,,"Transformación en Ciudad Naucalpan. 🌳🚧 Con trabajos integrales de mejoramiento urbano intervenimos los Circuitos de Científicos, Arquitectos y Actores, en coordinación con las delegaciones Echegaray, Satélite y Lomas Verdes. Realizamos limpieza, deshierbe, clareo y balizamiento para mejorar la imagen urbana y fortalecer la seguridad vial. Seguimos recuperando y dignificando el espacio público para todas y todos. #AquiGobiernaLaEsperanza #Naucalpan #CiudadSatelite #ServiciosPúblicos","Transformación en Ciudad Naucalpan. 🌳🚧 Con trabajos integrales de mejoramiento urbano intervenimos los Circuitos de Científicos, Arquitectos y Actores, en coordinación con las delegaciones Echegaray, Satélite y Lomas Verdes. Realizamos limpieza, deshierbe, clareo y balizamiento para mejorar la imagen urbana y fortalecer la seguridad vial. Seguimos recuperando y dignificando el espacio público para todas y todos. #AquiGobiernaLaEsperanza #Naucalpan #CiudadSatelite #ServiciosPúblicos",https://www.facebook.com/reel/1356879146193798/,https://www.facebook.com/reel/1356879146193798/,2026-02-24 17:10:03,2026-02-24,/home/emilio/Documentos/Naucalpan_Semanal_Reportes/Periodico/Enero_Mayo/2026-02-16_al_2026-02-28/Facebook/2026-02-16_al_2026-02-28_Facebook/2026-02-16_al_2026-02-28_Facebook_posts.csv
2026-02-16,2026-02-16_al_2026-02-28_Facebook,gobierno_naucalpan,Gobierno de Naucalpan,facebook,Facebook,post_facebook,ciudadnaucalpan,Ciudad Naucalpan / Gobierno Municipal 2025-2027.,,"Transformación en Ciudad Satélite. 🌳✨🚛 Con el Operativo Circuitos Satélite realizamos limpieza integral, mantenimiento de áreas verdes y balizamiento en Circuito Cirujanos, Diplomáticos y Cronistas. Trabajamos en equipo para que nuestras calles estén más limpias, seguras y ordenadas. Seguimos recuperando y dignificando el espacio público para todas y todos. #AquiGobiernaLaEsperanza #Naucalpan #CiudadSatelite #ServiciosPublicos","Transformación en Ciudad Satélite. 🌳✨🚛 Con el Operativo Circuitos Satélite realizamos limpieza integral, mantenimiento de áreas verdes y balizamiento en Circuito Cirujanos, Diplomáticos y Cronistas. Trabajamos en equipo para que nuestras calles estén más limpias, seguras y ordenadas. Seguimos recuperando y dignificando el espacio público para todas y todos. #AquiGobiernaLaEsperanza #Naucalpan #CiudadSatelite #ServiciosPublicos",https://www.facebook.com/reel/894349150022817/,https://www.facebook.com/reel/894349150022817/,2026-02-24 14:10:08,2026-02-24,/home/emilio/Documentos/Naucalpan_Semanal_Reportes/Periodico/Enero_Mayo/2026-02-16_al_2026-02-28/Facebook/2026-02-16_al_2026-02-28_Facebook/2026-02-16_al_2026-02-28_Facebook_posts.csv
2026-02-16,2026-02-16_al_2026-02-28_Facebook,gobierno_naucalpan,Gobierno de Naucalpan,facebook,Facebook,post_facebook,ciudadnaucalpan,Ciudad Naucalpan / Gobierno Municipal 2025-2027.,,"Detención derivada de atención inmediata a reporte ciudadano🚨 Durante un recorrido de vigilancia sobre Avenida Transmisiones e Ingenieros Militares, una mujer solicitó apoyo policial. Al dialogar con ella, señaló que un hombre que se dirigía a una taquería le realizó tocamientos indebidos. En atención a su señalamiento, se procedió a verificar la situación. Al avanzar hacia la taquería, se hizo contacto con el hombre; la mujer lo identificó plenamente como la persona que realizó la conducta referida, por lo que se le informó el motivo de su detención. Finalmente, fue trasladado a la Fiscalía Regional de Naucalpan, donde, mediante confronta, dos víctimas más de agresión sexual lo identificaron como su agresor, por lo que quedó a disposición de la autoridad competente, quien determinará su situación jurídica. Con esta acción se saca de las calles a un agresor sexual que se había convertido en objetivo prioritario. Seguimos trabajando por la seguridad de las y los naucalpenses. #AquiGobiernaLaEsperanza #Naucalpan #Seguridad #SSEdoMex #GuardiaMunicipal","Detención derivada de atención inmediata a reporte ciudadano🚨 Durante un recorrido de vigilancia sobre Avenida Transmisiones e Ingenieros Militares, una mujer solicitó apoyo policial. Al dialogar con ella, señaló que un hombre que se dirigía a una taquería le realizó tocamientos indebidos. En atención a su señalamiento, se procedió a verificar la situación. Al avanzar hacia la taquería, se hizo contacto con el hombre; la mujer lo identificó plenamente como la persona que realizó la conducta referida, por lo que se le informó el motivo de su detención. Finalmente, fue trasladado a la Fiscalía Regional de Naucalpan, donde, mediante confronta, dos víctimas más de agresión sexual lo identificaron como su agresor, por lo que quedó a disposición de la autoridad competente, quien determinará su situación jurídica. Con esta acción se saca de las calles a un agresor sexual que se había convertido en objetivo prioritario. Seguimos trabajando por la seguridad de las y los naucalpenses. #AquiGobiernaLaEsperanza #Naucalpan #Seguridad #SSEdoMex #GuardiaMunicipal",https://www.facebook.com/reel/1590922492237343/,https://www.facebook.com/reel/1590922492237343/,2026-02-24 13:16:13,2026-02-24,/home/emilio/Documentos/Naucalpan_Semanal_Reportes/Periodico/Enero_Mayo/2026-02-16_al_2026-02-28/Facebook/2026-02-16_al_2026-02-28_Facebook/2026-02-16_al_2026-02-28_Facebook_posts.csv
2026-02-16,2026-02-16_al_2026-02-28_Facebook,gobierno_naucalpan,Gobierno de Naucalpan,facebook,Facebook,post_facebook,ciudadnaucalpan,Ciudad Naucalpan / Gobierno Municipal 2025-2027.,,En Ciudad Naucalpan se promueve un desarrollo urbano ordenado. #AquiGobiernaLaEsperanza #Naucalpan,En Ciudad Naucalpan se promueve un desarrollo urbano ordenado. #AquiGobiernaLaEsperanza #Naucalpan,https://www.facebook.com/reel/2146533469535942/,https://www.facebook.com/reel/2146533469535942/,2026-02-24 13:08:30,2026-02-24,/home/emilio/Documentos/Naucalpan_Semanal_Reportes/Periodico/Enero_Mayo/2026-02-16_al_2026-02-28/Facebook/2026-02-16_al_2026-02-28_Facebook/2026-02-16_al_2026-02-28_Facebook_posts.csv
2026-02-16,2026-02-16_al_2026-02-28_Facebook,gobierno_naucalpan,Gobierno de Naucalpan,facebook,Facebook,post_facebook,ciudadnaucalpan,Ciudad Naucalpan / Gobierno Municipal 2025-2027.,,"Pago Predial Naucalpan 2026🏠 Paga en Tesorería, receptorías, bancos o en línea. 💻 Pago en línea: 👉 https://f.mtr.cool/fybqjefxcq Cumplir fortalece tu colonia y tu municipio. #AquiGobiernaLaEsperanza #Naucalpan #Predial2026 #TesoreriaMunicipal","Pago Predial Naucalpan 2026🏠 Paga en Tesorería, receptorías, bancos o en línea. 💻 Pago en línea: 👉 https://f.mtr.cool/fybqjefxcq Cumplir fortalece tu colonia y tu municipio. #AquiGobiernaLaEsperanza #Naucalpan #Predial2026 #TesoreriaMunicipal",https://www.facebook.com/CiudadNaucalpan/posts/pfbid02UW8cwarLEKTobc7wUafKAHbwHqeCSYdAL59mHMdsNPPGX9S7BFEHpJTqeqkWpGhVl,https://www.facebook.com/CiudadNaucalpan/posts/pfbid02UW8cwarLEKTobc7wUafKAHbwHqeCSYdAL59mHMdsNPPGX9S7BFEHpJTqeqkWpGhVl,2026-02-24 13:03:51,2026-02-24,/home/emilio/Documentos/Naucalpan_Semanal_Reportes/Periodico/Enero_Mayo/2026-02-16_al_2026-02-28/Facebook/2026-02-16_al_2026-02-28_Facebook/2026-02-16_al_2026-02-28_Facebook_posts.csv
2026-02-16,2026-02-16_al_2026-02-28_Facebook,gobierno_naucalpan,Gobierno de Naucalpan,facebook,Facebook,post_facebook,ciudadnaucalpan,Ciudad Naucalpan / Gobierno Municipal 2025-2027.,,"El Gobierno de Ciudad Naucalpan, a través del IMCUFIDEN, invita a niñas, niños y jóvenes a formar parte del Torneo Infantil 2026.🏈✨ 📣👉Durante febrero, obtén 50% de descuento al inscribir a tu equipo. #AquiGobiernaLaEsperanza #Naucalpan #IMCUFIDEN","El Gobierno de Ciudad Naucalpan, a través del IMCUFIDEN, invita a niñas, niños y jóvenes a formar parte del Torneo Infantil 2026.🏈✨ 📣👉Durante febrero, obtén 50% de descuento al inscribir a tu equipo. #AquiGobiernaLaEsperanza #Naucalpan #IMCUFIDEN",https://www.facebook.com/CiudadNaucalpan/posts/pfbid02Y1hYVMgEiJ3V95or4ef8GMZ9St9hRiW35unzPQbXGfschAUQNzK8SXf9w3ZDrWn1l,https://www.facebook.com/CiudadNaucalpan/posts/pfbid02Y1hYVMgEiJ3V95or4ef8GMZ9St9hRiW35unzPQbXGfschAUQNzK8SXf9w3ZDrWn1l,2026-02-24 13:02:00,2026-02-24,/home/emilio/Documentos/Naucalpan_Semanal_Reportes/Periodico/Enero_Mayo/2026-02-16_al_2026-02-28/Facebook/2026-02-16_al_2026-02-28_Facebook/2026-02-16_al_2026-02-28_Facebook_posts.csv
2026-02-16,2026-02-16_al_2026-02-28_Facebook,gobierno_naucalpan,Gobierno de Naucalpan,facebook,Facebook,post_facebook,ciudadnaucalpan,Ciudad Naucalpan / Gobierno Municipal 2025-2027.,,"Desde el Gobierno de Ciudad Naucalpan te invitamos a aprovechar los descuentos vigentes en el pago del Predial y Agua 2026. 💳🏡 Contribuir a tiempo fortalece los servicios públicos y permite seguir invirtiendo en obras y bienestar para nuestras comunidades. 📍 Consulta en la imagen los descuentos, sedes de pago, horarios y la opción de pago en línea. 💻 Pago en línea: 👉 https://f.mtr.cool/ojcbbsjqeu Seguimos trabajando con responsabilidad, transparencia y cercanía para todas y todos. #AquiGobiernaLaEsperanza #Naucalpan #Predial2026 #TesoreriaMunicipal","Desde el Gobierno de Ciudad Naucalpan te invitamos a aprovechar los descuentos vigentes en el pago del Predial y Agua 2026. 💳🏡 Contribuir a tiempo fortalece los servicios públicos y permite seguir invirtiendo en obras y bienestar para nuestras comunidades. 📍 Consulta en la imagen los descuentos, sedes de pago, horarios y la opción de pago en línea. 💻 Pago en línea: 👉 https://f.mtr.cool/ojcbbsjqeu Seguimos trabajando con responsabilidad, transparencia y cercanía para todas y todos. #AquiGobiernaLaEsperanza #Naucalpan #Predial2026 #TesoreriaMunicipal",https://www.facebook.com/CiudadNaucalpan/posts/pfbid0Tz6n95CUMxC8cVJvVt8Z2fNxXW9mYwKa6HZRdCFEjd8mt6WqTS3mG3natrkQCY25l,https://www.facebook.com/CiudadNaucalpan/posts/pfbid0Tz6n95CUMxC8cVJvVt8Z2fNxXW9mYwKa6HZRdCFEjd8mt6WqTS3mG3natrkQCY25l,2026-02-24 11:04:11,2026-02-24,/home/emilio/Documentos/Naucalpan_Semanal_Reportes/Periodico/Enero_Mayo/2026-02-16_al_2026-02-28/Facebook/2026-02-16_al_2026-02-28_Facebook/2026-02-16_al_2026-02-28_Facebook_posts.csv
2026-02-16,2026-02-16_al_2026-02-28_Facebook,gobierno_naucalpan,Gobierno de Naucalpan,facebook,Facebook,post_facebook,ciudadnaucalpan,Ciudad Naucalpan / Gobierno Municipal 2025-2027.,,"Unidades Móviles EDOMÉX en Ciudad Naucalpan🚐📄 Realiza tus trámites del Registro Civil cerca de tu hogar. 📅 Del 25 de febrero al 11 de marzo. 🕘 9:00 a 15:00 horas. Consulta fechas, sedes y servicios disponibles directamente en las imágenes. #AquiGobiernaLaEsperanza #Naucalpan #UnidadesMoviles #RegistroCivil","Unidades Móviles EDOMÉX en Ciudad Naucalpan🚐📄 Realiza tus trámites del Registro Civil cerca de tu hogar. 📅 Del 25 de febrero al 11 de marzo. 🕘 9:00 a 15:00 horas. Consulta fechas, sedes y servicios disponibles directamente en las imágenes. #AquiGobiernaLaEsperanza #Naucalpan #UnidadesMoviles #RegistroCivil",https://www.facebook.com/CiudadNaucalpan/posts/pfbid034w9YuZwAQ4xPSJGEf6zgV3Y1JE6d73yXtY2jCi3LMkUwqGjRyhdPJt2Y5oSsiiuGl,https://www.facebook.com/CiudadNaucalpan/posts/pfbid034w9YuZwAQ4xPSJGEf6zgV3Y1JE6d73yXtY2jCi3LMkUwqGjRyhdPJt2Y5oSsiiuGl,2026-02-24 11:02:11,2026-02-24,/home/emilio/Documentos/Naucalpan_Semanal_Reportes/Periodico/Enero_Mayo/2026-02-16_al_2026-02-28/Facebook/2026-02-16_al_2026-02-28_Facebook/2026-02-16_al_2026-02-28_Facebook_posts.csv
2026-02-16,2026-02-16_al_2026-02-28_Facebook,gobierno_naucalpan,Gobierno de Naucalpan,facebook,Facebook,post_facebook,ciudadnaucalpan,Ciudad Naucalpan / Gobierno Municipal 2025-2027.,,"Guía Ciudadana para el Pago del Impuesto Predial 2026🧾🏠 En el Gobierno de Ciudad Naucalpan trabajamos para que cada trámite sea más claro, sencillo y accesible para todas y todos. 👉Consulta en las imágenes la guía completa con los requisitos, opciones de pago y descuentos vigentes, y realiza tu contribución de forma fácil y sin contratiempos. Tu predial se transforma en obras, servicios y mejores espacios para nuestra comunidad. #AquiGobiernaLaEsperanza #Naucalpan #Predial2026 #TesoreriaMunicipal","Guía Ciudadana para el Pago del Impuesto Predial 2026🧾🏠 En el Gobierno de Ciudad Naucalpan trabajamos para que cada trámite sea más claro, sencillo y accesible para todas y todos. 👉Consulta en las imágenes la guía completa con los requisitos, opciones de pago y descuentos vigentes, y realiza tu contribución de forma fácil y sin contratiempos. Tu predial se transforma en obras, servicios y mejores espacios para nuestra comunidad. #AquiGobiernaLaEsperanza #Naucalpan #Predial2026 #TesoreriaMunicipal",https://www.facebook.com/CiudadNaucalpan/posts/pfbid0tAgjVwG1QpC119QhRhw2F7bpXGtvMhmxFBVz4ab2xM5LRZdqbEBedHU3uTD563v9l,https://www.facebook.com/CiudadNaucalpan/posts/pfbid0tAgjVwG1QpC119QhRhw2F7bpXGtvMhmxFBVz4ab2xM5LRZdqbEBedHU3uTD563v9l,2026-02-24 09:41:39,2026-02-24,/home/emilio/Documentos/Naucalpan_Semanal_Reportes/Periodico/Enero_Mayo/2026-02-16_al_2026-02-28/Facebook/2026-02-16_al_2026-02-28_Facebook/2026-02-16_al_2026-02-28_Facebook_posts.csv
2026-02-16,2026-02-16_al_2026-02-28_Facebook,gobierno_naucalpan,Gobierno de Naucalpan,facebook,Facebook,post_facebook,ciudadnaucalpan,Ciudad Naucalpan / Gobierno Municipal 2025-2027.,,"¡Duelo de Titanes en Ciudad Naucalpan!⚽ El Gobierno de Ciudad Naucalpan, a través del IMCUFIDEN, invita al cuadrangular rumbo al Mundial Social Naucalpan, donde equipos semi profesionales demostrarán su talento y pasión por el fútbol. 📅 Viernes 27 de febrero de 2026 🕕 18:00 horas 📍 Cancha del Deportivo La Curva Av. Minas Palacio, San Rafael Chamapa, Primera Sección. Seguimos impulsando el deporte como herramienta de unidad, identidad y reconstrucción del tejido social en nuestras comunidades. ¡Te esperamos para vivir una gran jornada deportiva en familia! #AquiGobiernaLaEsperanza #Naucalpan #IMCUFIDEN #HuellasDelMundial #Deporte","¡Duelo de Titanes en Ciudad Naucalpan!⚽ El Gobierno de Ciudad Naucalpan, a través del IMCUFIDEN, invita al cuadrangular rumbo al Mundial Social Naucalpan, donde equipos semi profesionales demostrarán su talento y pasión por el fútbol. 📅 Viernes 27 de febrero de 2026 🕕 18:00 horas 📍 Cancha del Deportivo La Curva Av. Minas Palacio, San Rafael Chamapa, Primera Sección. Seguimos impulsando el deporte como herramienta de unidad, identidad y reconstrucción del tejido social en nuestras comunidades. ¡Te esperamos para vivir una gran jornada deportiva en familia! #AquiGobiernaLaEsperanza #Naucalpan #IMCUFIDEN #HuellasDelMundial #Deporte",https://www.facebook.com/CiudadNaucalpan/posts/pfbid02LjXmVNpDmyB7WAgaW5n3518p3m5fmH9d1YPNuiz2211TFZ9HSPcY2PgN89KF2vvpl,https://www.facebook.com/CiudadNaucalpan/posts/pfbid02LjXmVNpDmyB7WAgaW5n3518p3m5fmH9d1YPNuiz2211TFZ9HSPcY2PgN89KF2vvpl,2026-02-24 09:10:40,2026-02-24,/home/emilio/Documentos/Naucalpan_Semanal_Reportes/Periodico/Enero_Mayo/2026-02-16_al_2026-02-28/Facebook/2026-02-16_al_2026-02-28_Facebook/2026-02-16_al_2026-02-28_Facebook_posts.csv
2026-02-16,2026-02-16_al_2026-02-28_Facebook,gobierno_naucalpan,Gobierno de Naucalpan,facebook,Facebook,post_facebook,ciudadnaucalpan,Ciudad Naucalpan / Gobierno Municipal 2025-2027.,,"Cada 24 de febrero celebramos el Día de la Bandera, símbolo de unidad, identidad y orgullo nacional. 🇲🇽 Nuestros colores representan la historia, la esperanza y el compromiso de quienes han construido México. En Ciudad Naucalpan honramos nuestros símbolos patrios como expresión de identidad y pertenencia nacional. #AquiGobiernaLaEsperanza #Naucalpan #DiaDeLaBandera #Mexico","Cada 24 de febrero celebramos el Día de la Bandera, símbolo de unidad, identidad y orgullo nacional. 🇲🇽 Nuestros colores representan la historia, la esperanza y el compromiso de quienes han construido México. En Ciudad Naucalpan honramos nuestros símbolos patrios como expresión de identidad y pertenencia nacional. #AquiGobiernaLaEsperanza #Naucalpan #DiaDeLaBandera #Mexico",https://www.facebook.com/CiudadNaucalpan/posts/pfbid0V2Vaq9ZqkXFTZX2cVXxuRTbs9mvFwbnjoa8tmLavSZWrhdnKgUyUU6qLEJU6GyHil,https://www.facebook.com/CiudadNaucalpan/posts/pfbid0V2Vaq9ZqkXFTZX2cVXxuRTbs9mvFwbnjoa8tmLavSZWrhdnKgUyUU6qLEJU6GyHil,2026-02-24 09:03:43,2026-02-24,/home/emilio/Documentos/Naucalpan_Semanal_Reportes/Periodico/Enero_Mayo/2026-02-16_al_2026-02-28/Facebook/2026-02-16_al_2026-02-28_Facebook/2026-02-16_al_2026-02-28_Facebook_posts.csv
2026-02-16,2026-02-16_al_2026-02-28_Facebook,gobierno_naucalpan,Gobierno de Naucalpan,facebook,Facebook,post_facebook,ciudadnaucalpan,Ciudad Naucalpan / Gobierno Municipal 2025-2027.,,"¿Sabías que? ⚽🌍 El balón Crack, utilizado en Chile 1962, marcó una etapa importante en la historia de los mundiales de fútbol. #AquiGobiernaLaEsperanza #HuellasDelMundial #Naucalpan","¿Sabías que? ⚽🌍 El balón Crack, utilizado en Chile 1962, marcó una etapa importante en la historia de los mundiales de fútbol. #AquiGobiernaLaEsperanza #HuellasDelMundial #Naucalpan",https://www.facebook.com/CiudadNaucalpan/posts/pfbid0nGkNW9YYr3rcJZW5V9g41jU2t7cM8siPfAzeh1iBtynNu3muFhQueTxcNKrxWvdUl,https://www.facebook.com/CiudadNaucalpan/posts/pfbid0nGkNW9YYr3rcJZW5V9g41jU2t7cM8siPfAzeh1iBtynNu3muFhQueTxcNKrxWvdUl,2026-02-24 08:31:12,2026-02-24,/home/emilio/Documentos/Naucalpan_Semanal_Reportes/Periodico/Enero_Mayo/2026-02-16_al_2026-02-28/Facebook/2026-02-16_al_2026-02-28_Facebook/2026-02-16_al_2026-02-28_Facebook_posts.csv
2026-02-16,2026-02-16_al_2026-02-28_Facebook,gobierno_naucalpan,Gobierno de Naucalpan,facebook,Facebook,post_facebook,guardiamunicipalciudadnaucalpan,Guardia Municipal Ciudad Naucalpan,,"El Gobierno de Naucalpan de Juárez, encabezado por el Presidente Municipal Isaac Montoya Márquez, y la Guardia Municipal, expresan sus más profundas condolencias por el sensible fallecimiento del Policía Mujica Muñoz Eulalio Sergio. Durante 26 años se desempeñó con entrega, compromiso y profesionalismo como armero de la Guardia Municipal, contribuyendo de manera fundamental al fortalecimiento de la seguridad en nuestro municipio. Su vocación de servicio y dedicación dejan una huella en esta institución y en la comunidad naucalpense. Desde el Gobierno de Naucalpan compartimos el dolor de su familia, amistades y compañeros, y reiteramos nuestro acompañamiento en estos momentos difíciles, con el orgullo de haber contado con un servidor público ejemplar. Descanse en paz. 🕊️ #AquíGobiernaLaEsperanza #Naucalpan #GuardiaMunicipal","El Gobierno de Naucalpan de Juárez, encabezado por el Presidente Municipal Isaac Montoya Márquez, y la Guardia Municipal, expresan sus más profundas condolencias por el sensible fallecimiento del Policía Mujica Muñoz Eulalio Sergio. Durante 26 años se desempeñó con entrega, compromiso y profesionalismo como armero de la Guardia Municipal, contribuyendo de manera fundamental al fortalecimiento de la seguridad en nuestro municipio. Su vocación de servicio y dedicación dejan una huella en esta institución y en la comunidad naucalpense. Desde el Gobierno de Naucalpan compartimos el dolor de su familia, amistades y compañeros, y reiteramos nuestro acompañamiento en estos momentos difíciles, con el orgullo de haber contado con un servidor público ejemplar. Descanse en paz. 🕊️ #AquíGobiernaLaEsperanza #Naucalpan #GuardiaMunicipal",https://www.facebook.com/GuardiaMunicipalCiudadNaucalpan/posts/pfbid02HBtVfkebf1tF5ddDLLPzGcLBA5GN5RLbEvbY1fdTsQKovLeC2RRdYcgJtCeH5Rgxl,https://www.facebook.com/GuardiaMunicipalCiudadNaucalpan/posts/pfbid02HBtVfkebf1tF5ddDLLPzGcLBA5GN5RLbEvbY1fdTsQKovLeC2RRdYcgJtCeH5Rgxl,2026-02-24 15:49:22,2026-02-24,/home/emilio/Documentos/Naucalpan_Semanal_Reportes/Periodico/Enero_Mayo/2026-02-16_al_2026-02-28/Facebook/2026-02-16_al_2026-02-28_Facebook/2026-02-16_al_2026-02-28_Facebook_posts.csv
2026-02-16,2026-02-16_al_2026-02-28_Facebook,gobierno_naucalpan,Gobierno de Naucalpan,facebook,Facebook,post_facebook,guardiamunicipalciudadnaucalpan,Guardia Municipal Ciudad Naucalpan,,24 de febrero | Día de la Bandera 🇲🇽 #AquiGobiernaLaEsperanza #GuardiaMunicipal #Naucalpan,24 de febrero | Día de la Bandera 🇲🇽 #AquiGobiernaLaEsperanza #GuardiaMunicipal #Naucalpan,https://www.facebook.com/GuardiaMunicipalCiudadNaucalpan/posts/pfbid0yqQcJjNXxo3ADfGb7sD3cZndSA8cu21pdbNj4ZxEdwXUUFvF6H92TVJm4hnWAsUrl,https://www.facebook.com/GuardiaMunicipalCiudadNaucalpan/posts/pfbid0yqQcJjNXxo3ADfGb7sD3cZndSA8cu21pdbNj4ZxEdwXUUFvF6H92TVJm4hnWAsUrl,2026-02-24 14:33:33,2026-02-24,/home/emilio/Documentos/Naucalpan_Semanal_Reportes/Periodico/Enero_Mayo/2026-02-16_al_2026-02-28/Facebook/2026-02-16_al_2026-02-28_Facebook/2026-02-16_al_2026-02-28_Facebook_posts.csv
2026-02-16,2026-02-16_al_2026-02-28_Facebook,gobierno_naucalpan,Gobierno de Naucalpan,facebook,Facebook,post_facebook,guardiamunicipalciudadnaucalpan,Guardia Municipal Ciudad Naucalpan,,Comunicado informativo. 📌 #AquiGobiernaLaEsperanza #GuardiaMunicipal #Naucalpan,Comunicado informativo. 📌 #AquiGobiernaLaEsperanza #GuardiaMunicipal #Naucalpan,https://www.facebook.com/GuardiaMunicipalCiudadNaucalpan/posts/pfbid0XPYzFVkzrU2Xq4iUdZhPQKDpTkEdUTiNy41LYqfWGU6c4uDCXnZUoxtWDTc4fuDgl,https://www.facebook.com/GuardiaMunicipalCiudadNaucalpan/posts/pfbid0XPYzFVkzrU2Xq4iUdZhPQKDpTkEdUTiNy41LYqfWGU6c4uDCXnZUoxtWDTc4fuDgl,2026-02-24 14:27:28,2026-02-24,/home/emilio/Documentos/Naucalpan_Semanal_Reportes/Periodico/Enero_Mayo/2026-02-16_al_2026-02-28/Facebook/2026-02-16_al_2026-02-28_Facebook/2026-02-16_al_2026-02-28_Facebook_posts.csv
2026-02-16,2026-02-16_al_2026-02-28_Facebook,gobierno_naucalpan,Gobierno de Naucalpan,facebook,Facebook,post_facebook,guardiamunicipalciudadnaucalpan,Guardia Municipal Ciudad Naucalpan,,"Detención derivada de atención inmediata a reporte ciudadano🚨 Durante un recorrido de vigilancia sobre Avenida Transmisiones e Ingenieros Militares, una mujer solicitó apoyo policial. Al dialogar con ella, señaló que un hombre que se dirigía a una taquería le realizó tocamientos indebidos. En atención a su señalamiento, se procedió a verificar la situación. Al avanzar hacia la taquería, se hizo contacto con el hombre; la mujer lo identificó plenamente como la persona que realizó la conducta referida, por lo que se le informó el motivo de su detención. Finalmente, fue trasladado a la Fiscalía Regional de Naucalpan, donde, mediante confronta, dos víctimas más de agresión sexual lo identificaron como su agresor, por lo que quedó a disposición de la autoridad competente, quien determinará su situación jurídica. Con esta acción se saca de las calles a un agresor sexual que se había convertido en objetivo prioritario. Seguimos trabajando por la seguridad de las y los naucalpenses. #AquiGobiernaLaEsperanza #Naucalpan #Seguridad #SSEdoMex #GuardiaMunicipal #Edomex #mexico","Detención derivada de atención inmediata a reporte ciudadano🚨 Durante un recorrido de vigilancia sobre Avenida Transmisiones e Ingenieros Militares, una mujer solicitó apoyo policial. Al dialogar con ella, señaló que un hombre que se dirigía a una taquería le realizó tocamientos indebidos. En atención a su señalamiento, se procedió a verificar la situación. Al avanzar hacia la taquería, se hizo contacto con el hombre; la mujer lo identificó plenamente como la persona que realizó la conducta referida, por lo que se le informó el motivo de su detención. Finalmente, fue trasladado a la Fiscalía Regional de Naucalpan, donde, mediante confronta, dos víctimas más de agresión sexual lo identificaron como su agresor, por lo que quedó a disposición de la autoridad competente, quien determinará su situación jurídica. Con esta acción se saca de las calles a un agresor sexual que se había convertido en objetivo prioritario. Seguimos trabajando por la seguridad de las y los naucalpenses. #AquiGobiernaLaEsperanza #Naucalpan #Seguridad #SSEdoMex #GuardiaMunicipal #Edomex #mexico",https://www.facebook.com/reel/4244944985821472/,https://www.facebook.com/reel/4244944985821472/,2026-02-24 12:11:30,2026-02-24,/home/emilio/Documentos/Naucalpan_Semanal_Reportes/Periodico/Enero_Mayo/2026-02-16_al_2026-02-28/Facebook/2026-02-16_al_2026-02-28_Facebook/2026-02-16_al_2026-02-28_Facebook_posts.csv
2026-02-16,2026-02-16_al_2026-02-28_Facebook,gobierno_naucalpan,Gobierno de Naucalpan,facebook,Facebook,post_facebook,guardiamunicipalciudadnaucalpan,Guardia Municipal Ciudad Naucalpan,,"Detenido por presunto abuso sexual en Ciudad Satélite 🚨 Derivado de una solicitud de apoyo vía telefónica, elementos de la Guardia Municipal acudieron de inmediato al lugar, donde el personal de seguridad informó sobre la presencia de un masculino en los baños públicos para mujeres. Tras el señalamiento de una persona afectada, se procedió conforme a protocolo con la detención del individuo, a fin de salvaguardar la integridad de las personas presentes y evitar mayores incidentes. El asegurado fue puesto a disposición de la Fiscalía Regional de Naucalpan, autoridad competente que determinará su situación jurídica conforme a derecho. Refrendamos nuestro compromiso de actuar con responsabilidad, profesionalismo y estricto apego al debido proceso, garantizando la protección de las y los naucalpenses. #AquiGobiernaLaEsperanza #Naucalpan #GuardiaMunicipal","Detenido por presunto abuso sexual en Ciudad Satélite 🚨 Derivado de una solicitud de apoyo vía telefónica, elementos de la Guardia Municipal acudieron de inmediato al lugar, donde el personal de seguridad informó sobre la presencia de un masculino en los baños públicos para mujeres. Tras el señalamiento de una persona afectada, se procedió conforme a protocolo con la detención del individuo, a fin de salvaguardar la integridad de las personas presentes y evitar mayores incidentes. El asegurado fue puesto a disposición de la Fiscalía Regional de Naucalpan, autoridad competente que determinará su situación jurídica conforme a derecho. Refrendamos nuestro compromiso de actuar con responsabilidad, profesionalismo y estricto apego al debido proceso, garantizando la protección de las y los naucalpenses. #AquiGobiernaLaEsperanza #Naucalpan #GuardiaMunicipal",https://www.facebook.com/GuardiaMunicipalCiudadNaucalpan/posts/pfbid0J9azNLTpZKeascsuN9L2FxSwEgZHKTtwNbsHzeMrVxKKuH1QQnqdDvTHzTwcHX23l,https://www.facebook.com/GuardiaMunicipalCiudadNaucalpan/posts/pfbid0J9azNLTpZKeascsuN9L2FxSwEgZHKTtwNbsHzeMrVxKKuH1QQnqdDvTHzTwcHX23l,2026-02-24 10:04:38,2026-02-24,/home/emilio/Documentos/Naucalpan_Semanal_Reportes/Periodico/Enero_Mayo/2026-02-16_al_2026-02-28/Facebook/2026-02-16_al_2026-02-28_Facebook/2026-02-16_al_2026-02-28_Facebook_posts.csv
2026-02-16,2026-02-16_al_2026-02-28_Facebook,gobierno_naucalpan,Gobierno de Naucalpan,facebook,Facebook,post_facebook,guardiamunicipalciudadnaucalpan,Guardia Municipal Ciudad Naucalpan,,"Servicio de acompañamiento a cajeros👮‍♂️💳 Trabajamos para proteger tu patrimonio. Por ello, ponemos a disposición de la ciudadanía el servicio de acompañamiento preventivo para retiros en cajeros. 👉Este servicio es gratuito y tiene como objetivo brindar mayor seguridad al momento de realizar movimientos de efectivo o concretar una transacción, reduciendo riesgos y fortaleciendo la prevención del delito. 📱Solicítalo con anticipación a través del C4 y realiza tus operaciones con mayor tranquilidad. En la Guardia Municipal actuamos con responsabilidad, proximidad y compromiso con la seguridad de las y los naucalpenses. #GuardiaMunicipal #Naucalpan #Seguridad #Prevención","Servicio de acompañamiento a cajeros👮‍♂️💳 Trabajamos para proteger tu patrimonio. Por ello, ponemos a disposición de la ciudadanía el servicio de acompañamiento preventivo para retiros en cajeros. 👉Este servicio es gratuito y tiene como objetivo brindar mayor seguridad al momento de realizar movimientos de efectivo o concretar una transacción, reduciendo riesgos y fortaleciendo la prevención del delito. 📱Solicítalo con anticipación a través del C4 y realiza tus operaciones con mayor tranquilidad. En la Guardia Municipal actuamos con responsabilidad, proximidad y compromiso con la seguridad de las y los naucalpenses. #GuardiaMunicipal #Naucalpan #Seguridad #Prevención",https://www.facebook.com/reel/1411970390371336/,https://www.facebook.com/reel/1411970390371336/,2026-02-24 09:04:39,2026-02-24,/home/emilio/Documentos/Naucalpan_Semanal_Reportes/Periodico/Enero_Mayo/2026-02-16_al_2026-02-28/Facebook/2026-02-16_al_2026-02-28_Facebook/2026-02-16_al_2026-02-28_Facebook_posts.csv
2026-02-16,2026-02-16_al_2026-02-28_Twitter,gobierno_naucalpan,Gobierno de Naucalpan,twitter,Twitter/X,tweet,@GobNau,@GobNau,,"Unidades Móviles EDOMÉX en Ciudad Naucalpan Del 25 de febrero al 11 de marzo. 9:00 a 15:00 horas. Consulta fechas, sedes y servicios disponibles directamente en las imágenes. #AquiGobiernaLaEsperanza #Naucalpan #UnidadesMoviles #RegistroCivil","Unidades Móviles EDOMÉX en Ciudad Naucalpan Del 25 de febrero al 11 de marzo. 9:00 a 15:00 horas. Consulta fechas, sedes y servicios disponibles directamente en las imágenes. #AquiGobiernaLaEsperanza #Naucalpan #UnidadesMoviles #RegistroCivil",https://x.com/GobNau/status/2026375054540325218,https://x.com/GobNau/status/2026375054540325218,2026-02-24 19:13:55+00:00,2026-02-24,/home/emilio/Documentos/Naucalpan_Semanal_Reportes/Periodico/Enero_Mayo/2026-02-16_al_2026-02-28/Twitter/2026-02-16_al_2026-02-28_Twitter/2026-02-16_al_2026-02-28_Twitter_post_institucionales.csv
2026-02-16,2026-02-16_al_2026-02-28_Twitter,gobierno_naucalpan,Gobierno de Naucalpan,twitter,Twitter/X,tweet,@GobNau,@GobNau,,En Ciudad Naucalpan se promueve un desarrollo urbano ordenado. #AquiGobiernaLaEsperanza #Naucalpan,En Ciudad Naucalpan se promueve un desarrollo urbano ordenado. #AquiGobiernaLaEsperanza #Naucalpan,https://x.com/GobNau/status/2026374062562226601,https://x.com/GobNau/status/2026374062562226601,2026-02-24 19:09:59+00:00,2026-02-24,/home/emilio/Documentos/Naucalpan_Semanal_Reportes/Periodico/Enero_Mayo/2026-02-16_al_2026-02-28/Twitter/2026-02-16_al_2026-02-28_Twitter/2026-02-16_al_2026-02-28_Twitter_post_institucionales.csv
2026-02-16,2026-02-16_al_2026-02-28_Twitter,gobierno_naucalpan,Gobierno de Naucalpan,twitter,Twitter/X,tweet,@GobNau,@GobNau,,"Pago Predial Naucalpan 2026 Paga en Tesorería, receptorías, bancos o en línea. Pago en línea: https://f.mtr.cool/fybqjefxcq Cumplir fortalece tu colonia y tu municipio. #AquiGobiernaLaEsperanza #Naucalpan #Predial2026 #TesoreriaMunicipal","Pago Predial Naucalpan 2026 Paga en Tesorería, receptorías, bancos o en línea. Pago en línea: https://f.mtr.cool/fybqjefxcq Cumplir fortalece tu colonia y tu municipio. #AquiGobiernaLaEsperanza #Naucalpan #Predial2026 #TesoreriaMunicipal",https://x.com/GobNau/status/2026372497898123403,https://x.com/GobNau/status/2026372497898123403,2026-02-24 19:03:46+00:00,2026-02-24,/home/emilio/Documentos/Naucalpan_Semanal_Reportes/Periodico/Enero_Mayo/2026-02-16_al_2026-02-28/Twitter/2026-02-16_al_2026-02-28_Twitter/2026-02-16_al_2026-02-28_Twitter_post_institucionales.csv
2026-02-16,2026-02-16_al_2026-02-28_Twitter,gobierno_naucalpan,Gobierno de Naucalpan,twitter,Twitter/X,tweet,@GobNau,@GobNau,,"El Gobierno de Ciudad Naucalpan, a través del IMCUFIDEN, invita a niñas, niños y jóvenes a formar parte del Torneo Infantil 2026. Durante febrero, obtén 50% de descuento al inscribir a tu equipo. #AquiGobiernaLaEsperanza #Naucalpan #IMCUFIDEN","El Gobierno de Ciudad Naucalpan, a través del IMCUFIDEN, invita a niñas, niños y jóvenes a formar parte del Torneo Infantil 2026. Durante febrero, obtén 50% de descuento al inscribir a tu equipo. #AquiGobiernaLaEsperanza #Naucalpan #IMCUFIDEN",https://x.com/GobNau/status/2026372045588648330,https://x.com/GobNau/status/2026372045588648330,2026-02-24 19:01:58+00:00,2026-02-24,/home/emilio/Documentos/Naucalpan_Semanal_Reportes/Periodico/Enero_Mayo/2026-02-16_al_2026-02-28/Twitter/2026-02-16_al_2026-02-28_Twitter/2026-02-16_al_2026-02-28_Twitter_post_institucionales.csv
2026-02-16,2026-02-16_al_2026-02-28_Twitter,gobierno_naucalpan,Gobierno de Naucalpan,twitter,Twitter/X,tweet,@GobNau,@GobNau,,Detención derivada de atención inmediata a reporte ciudadano #AquiGobiernaLaEsperanza #Naucalpan #Seguridad #SSEdoMex #GuardiaMunicipal,Detención derivada de atención inmediata a reporte ciudadano #AquiGobiernaLaEsperanza #Naucalpan #Seguridad #SSEdoMex #GuardiaMunicipal,https://x.com/GobNau/status/2026357472219349009,https://x.com/GobNau/status/2026357472219349009,2026-02-24 18:04:03+00:00,2026-02-24,/home/emilio/Documentos/Naucalpan_Semanal_Reportes/Periodico/Enero_Mayo/2026-02-16_al_2026-02-28/Twitter/2026-02-16_al_2026-02-28_Twitter/2026-02-16_al_2026-02-28_Twitter_post_institucionales.csv
2026-02-16,2026-02-16_al_2026-02-28_Twitter,gobierno_naucalpan,Gobierno de Naucalpan,twitter,Twitter/X,tweet,@GobNau,@GobNau,,Desde el Gobierno de Ciudad Naucalpan te invitamos a aprovechar los descuentos vigentes en el pago del Predial y Agua 2026. #AquiGobiernaLaEsperanza #Naucalpan #Predial2026 #TesoreriaMunicipal,Desde el Gobierno de Ciudad Naucalpan te invitamos a aprovechar los descuentos vigentes en el pago del Predial y Agua 2026. #AquiGobiernaLaEsperanza #Naucalpan #Predial2026 #TesoreriaMunicipal,https://x.com/GobNau/status/2026342302260531257,https://x.com/GobNau/status/2026342302260531257,2026-02-24 17:03:47+00:00,2026-02-24,/home/emilio/Documentos/Naucalpan_Semanal_Reportes/Periodico/Enero_Mayo/2026-02-16_al_2026-02-28/Twitter/2026-02-16_al_2026-02-28_Twitter/2026-02-16_al_2026-02-28_Twitter_post_institucionales.csv
2026-02-16,2026-02-16_al_2026-02-28_Twitter,gobierno_naucalpan,Gobierno de Naucalpan,twitter,Twitter/X,tweet,@GobNau,@GobNau,,"¡Duelo de Titanes en Ciudad #Naucalpan! El Gobierno de Ciudad Naucalpan, a través del #IMCUFIDEN, invita al cuadrangular rumbo al Mundial Social Naucalpan. ¡Te esperamos para vivir una gran jornada deportiva en familia! #AquiGobiernaLaEsperanza","¡Duelo de Titanes en Ciudad #Naucalpan! El Gobierno de Ciudad Naucalpan, a través del #IMCUFIDEN, invita al cuadrangular rumbo al Mundial Social Naucalpan. ¡Te esperamos para vivir una gran jornada deportiva en familia! #AquiGobiernaLaEsperanza",https://x.com/GobNau/status/2026314142596960618,https://x.com/GobNau/status/2026314142596960618,2026-02-24 15:11:53+00:00,2026-02-24,/home/emilio/Documentos/Naucalpan_Semanal_Reportes/Periodico/Enero_Mayo/2026-02-16_al_2026-02-28/Twitter/2026-02-16_al_2026-02-28_Twitter/2026-02-16_al_2026-02-28_Twitter_post_institucionales.csv
2026-02-16,2026-02-16_al_2026-02-28_Twitter,gobierno_naucalpan,Gobierno de Naucalpan,twitter,Twitter/X,tweet,@GobNau,@GobNau,,"Cada 24 de febrero celebramos el Día de la Bandera, símbolo de unidad, identidad y orgullo nacional. #AquiGobiernaLaEsperanza #Naucalpan #DiaDeLaBandera #Mexico","Cada 24 de febrero celebramos el Día de la Bandera, símbolo de unidad, identidad y orgullo nacional. #AquiGobiernaLaEsperanza #Naucalpan #DiaDeLaBandera #Mexico",https://x.com/GobNau/status/2026312205440893037,https://x.com/GobNau/status/2026312205440893037,2026-02-24 15:04:11+00:00,2026-02-24,/home/emilio/Documentos/Naucalpan_Semanal_Reportes/Periodico/Enero_Mayo/2026-02-16_al_2026-02-28/Twitter/2026-02-16_al_2026-02-28_Twitter/2026-02-16_al_2026-02-28_Twitter_post_institucionales.csv
2026-02-16,2026-02-16_al_2026-02-28_Facebook,gobierno_naucalpan,Gobierno de Naucalpan,facebook,Facebook,post_facebook,ciudadnaucalpan,Ciudad Naucalpan / Gobierno Municipal 2025-2027.,,"Este martes 24 de febrero inauguramos la construcción del Puente Vehicular y Peatonal en Av. Naucalpan, Col. Miramar.🌉 🕖 19:00 hrs. ¡Te esperamos! #AquiGobiernaLaEsperanza #Naucalpan #HuellasDeLaTransformacion","Este martes 24 de febrero inauguramos la construcción del Puente Vehicular y Peatonal en Av. Naucalpan, Col. Miramar.🌉 🕖 19:00 hrs. ¡Te esperamos! #AquiGobiernaLaEsperanza #Naucalpan #HuellasDeLaTransformacion",https://www.facebook.com/CiudadNaucalpan/posts/pfbid025yYR4sChDcVnLqfYvtbMzoHM7jW5ZMNtjhFoMf84RW5m6gRR5G97zJfpaY8f5uXol,https://www.facebook.com/CiudadNaucalpan/posts/pfbid025yYR4sChDcVnLqfYvtbMzoHM7jW5ZMNtjhFoMf84RW5m6gRR5G97zJfpaY8f5uXol,2026-02-23 22:03:52,2026-02-23,/home/emilio/Documentos/Naucalpan_Semanal_Reportes/Periodico/Enero_Mayo/2026-02-16_al_2026-02-28/Facebook/2026-02-16_al_2026-02-28_Facebook/2026-02-16_al_2026-02-28_Facebook_posts.csv
2026-02-16,2026-02-16_al_2026-02-28_Facebook,gobierno_naucalpan,Gobierno de Naucalpan,facebook,Facebook,post_facebook,ciudadnaucalpan,Ciudad Naucalpan / Gobierno Municipal 2025-2027.,,"Con el programa Huellas de la Transformación rehabilitamos integralmente el Parque El Chamizal, un espacio que durante años estuvo en el abandono y que hoy vuelve a ser digno y seguro para las familias naucalpenses. Instalamos 27 luminarias nuevas, realizamos podas y limpieza integral, y rehabilitamos los juegos infantiles para que niñas y niños disfruten con mayor seguridad. 💡🛝 A través del OAPAS atendimos 16 reparaciones por fugas y desazolve, resolviendo problemas que por años afectaron a la comunidad. 💧 #AquiGobiernaLaEsperanza #HuellasDeLaTransformacion #Naucalpan #ElChamizal","Con el programa Huellas de la Transformación rehabilitamos integralmente el Parque El Chamizal, un espacio que durante años estuvo en el abandono y que hoy vuelve a ser digno y seguro para las familias naucalpenses. Instalamos 27 luminarias nuevas, realizamos podas y limpieza integral, y rehabilitamos los juegos infantiles para que niñas y niños disfruten con mayor seguridad. 💡🛝 A través del OAPAS atendimos 16 reparaciones por fugas y desazolve, resolviendo problemas que por años afectaron a la comunidad. 💧 #AquiGobiernaLaEsperanza #HuellasDeLaTransformacion #Naucalpan #ElChamizal",https://www.facebook.com/reel/2574936202907623/,https://www.facebook.com/reel/2574936202907623/,2026-02-23 17:46:54,2026-02-23,/home/emilio/Documentos/Naucalpan_Semanal_Reportes/Periodico/Enero_Mayo/2026-02-16_al_2026-02-28/Facebook/2026-02-16_al_2026-02-28_Facebook/2026-02-16_al_2026-02-28_Facebook_posts.csv
2026-02-16,2026-02-16_al_2026-02-28_Facebook,gobierno_naucalpan,Gobierno de Naucalpan,facebook,Facebook,post_facebook,ciudadnaucalpan,Ciudad Naucalpan / Gobierno Municipal 2025-2027.,,"El Gobierno de Ciudad Naucalpan, encabezado por el Presidente Municipal Isaac Montoya Márquez, realizó la rehabilitación integral del Parque El Chamizal como parte del programa Huellas de la Transformación, devolviendo a la comunidad un espacio que durante años permaneció en el abandono. 🌳✨ Se instalaron 27 luminarias nuevas, se llevaron a cabo podas y limpieza integral, y se rehabilitaron los juegos infantiles. Además, a través del OAPAS se atendieron 16 reparaciones por fugas y trabajos de desazolve, resolviendo problemáticas que afectaban directamente a las y los vecinos. 💡💧 #AquiGobiernaLaEsperanza #HuellasDeLaTransformacion #Naucalpan #ElChamizal","El Gobierno de Ciudad Naucalpan, encabezado por el Presidente Municipal Isaac Montoya Márquez, realizó la rehabilitación integral del Parque El Chamizal como parte del programa Huellas de la Transformación, devolviendo a la comunidad un espacio que durante años permaneció en el abandono. 🌳✨ Se instalaron 27 luminarias nuevas, se llevaron a cabo podas y limpieza integral, y se rehabilitaron los juegos infantiles. Además, a través del OAPAS se atendieron 16 reparaciones por fugas y trabajos de desazolve, resolviendo problemáticas que afectaban directamente a las y los vecinos. 💡💧 #AquiGobiernaLaEsperanza #HuellasDeLaTransformacion #Naucalpan #ElChamizal",https://www.facebook.com/CiudadNaucalpan/posts/pfbid0uSqczK5swGeshvozKR1CFxFiWwURL8K2ahNYfXS14d7fKryTsBmBUwCp7Y4qMPR7l,https://www.facebook.com/CiudadNaucalpan/posts/pfbid0uSqczK5swGeshvozKR1CFxFiWwURL8K2ahNYfXS14d7fKryTsBmBUwCp7Y4qMPR7l,2026-02-23 17:46:39,2026-02-23,/home/emilio/Documentos/Naucalpan_Semanal_Reportes/Periodico/Enero_Mayo/2026-02-16_al_2026-02-28/Facebook/2026-02-16_al_2026-02-28_Facebook/2026-02-16_al_2026-02-28_Facebook_posts.csv
2026-02-16,2026-02-16_al_2026-02-28_Facebook,gobierno_naucalpan,Gobierno de Naucalpan,facebook,Facebook,post_facebook,ciudadnaucalpan,Ciudad Naucalpan / Gobierno Municipal 2025-2027.,,"La Universal fue, durante décadas, una colonia olvidada. Hoy empieza a verse distinta.🛝✨🚧 #AquiGobiernaLaEsperanza #Naucalpan #HuellasDeLaTransformacion #LaUniversal","La Universal fue, durante décadas, una colonia olvidada. Hoy empieza a verse distinta.🛝✨🚧 #AquiGobiernaLaEsperanza #Naucalpan #HuellasDeLaTransformacion #LaUniversal",https://www.facebook.com/reel/2339839606442619/,https://www.facebook.com/reel/2339839606442619/,2026-02-23 16:34:57,2026-02-23,/home/emilio/Documentos/Naucalpan_Semanal_Reportes/Periodico/Enero_Mayo/2026-02-16_al_2026-02-28/Facebook/2026-02-16_al_2026-02-28_Facebook/2026-02-16_al_2026-02-28_Facebook_posts.csv
2026-02-16,2026-02-16_al_2026-02-28_Facebook,gobierno_naucalpan,Gobierno de Naucalpan,facebook,Facebook,post_facebook,ciudadnaucalpan,Ciudad Naucalpan / Gobierno Municipal 2025-2027.,,"La transformación ya se nota en La Universal. ✨ A través del programa Huellas de la Transformación, realizamos trabajos integrales para dignificar esta comunidad que por años enfrentó rezago en servicios públicos y espacios urbanos. Se renovó el parque con una nueva área de juegos infantiles, se sustituyeron 25 luminarias, se aplicaron 78 toneladas de asfalto para bacheo y se llevaron a cabo labores de balizamiento, poda y limpieza integral, retirando más de 2 toneladas de residuos sólidos. El Presidente Municipal, Isaac Montoya Márquez, ha reiterado que gobernar es caminar el territorio y atender de manera directa las necesidades de cada colonia. Seguimos trabajando para mejorar la calidad de vida de las y los naucalpenses. #AquiGobiernaLaEsperanza #HuellasDeLaTransformacion #Naucalpan #LaUniversal","La transformación ya se nota en La Universal. ✨ A través del programa Huellas de la Transformación, realizamos trabajos integrales para dignificar esta comunidad que por años enfrentó rezago en servicios públicos y espacios urbanos. Se renovó el parque con una nueva área de juegos infantiles, se sustituyeron 25 luminarias, se aplicaron 78 toneladas de asfalto para bacheo y se llevaron a cabo labores de balizamiento, poda y limpieza integral, retirando más de 2 toneladas de residuos sólidos. El Presidente Municipal, Isaac Montoya Márquez, ha reiterado que gobernar es caminar el territorio y atender de manera directa las necesidades de cada colonia. Seguimos trabajando para mejorar la calidad de vida de las y los naucalpenses. #AquiGobiernaLaEsperanza #HuellasDeLaTransformacion #Naucalpan #LaUniversal",https://www.facebook.com/CiudadNaucalpan/posts/pfbid0BLga9VLmaAMuPT6emtMEGCjENo3yKGDMApMvvQ65GvnaTRGCA5GxHk6YV9W95aTWl,https://www.facebook.com/CiudadNaucalpan/posts/pfbid0BLga9VLmaAMuPT6emtMEGCjENo3yKGDMApMvvQ65GvnaTRGCA5GxHk6YV9W95aTWl,2026-02-23 16:30:33,2026-02-23,/home/emilio/Documentos/Naucalpan_Semanal_Reportes/Periodico/Enero_Mayo/2026-02-16_al_2026-02-28/Facebook/2026-02-16_al_2026-02-28_Facebook/2026-02-16_al_2026-02-28_Facebook_posts.csv
2026-02-16,2026-02-16_al_2026-02-28_Facebook,gobierno_naucalpan,Gobierno de Naucalpan,facebook,Facebook,post_facebook,ciudadnaucalpan,Ciudad Naucalpan / Gobierno Municipal 2025-2027.,,"Festival del Agua | Evento Gratuito💧 El Gobierno de Ciudad Naucalpan a través del OAPAS Naucalpan te invita este domingo 22 de marzo al Festival del Agua, que se llevará a cabo en la Unidad Cuauhtémoc. Disfruta de: 🏃 Carrera deportiva 3K y caminata recreativa ⚽ Actividades de fútbol 💧 Stands informativos y de cultura del agua 🎶 Música en vivo 🍽️ Zona de comida ¡Y muchas sorpresas más! 👉Inscríbete en: https://f.mtr.cool/weettmurjf Te esperamos para vivir una jornada familiar, deportiva y de concientización sobre el cuidado del agua. #AquiGobiernaLaEsperanza #OAPAS #Naucalpan #Festival","Festival del Agua | Evento Gratuito💧 El Gobierno de Ciudad Naucalpan a través del OAPAS Naucalpan te invita este domingo 22 de marzo al Festival del Agua, que se llevará a cabo en la Unidad Cuauhtémoc. Disfruta de: 🏃 Carrera deportiva 3K y caminata recreativa ⚽ Actividades de fútbol 💧 Stands informativos y de cultura del agua 🎶 Música en vivo 🍽️ Zona de comida ¡Y muchas sorpresas más! 👉Inscríbete en: https://f.mtr.cool/weettmurjf Te esperamos para vivir una jornada familiar, deportiva y de concientización sobre el cuidado del agua. #AquiGobiernaLaEsperanza #OAPAS #Naucalpan #Festival",https://www.facebook.com/reel/1907944149821760/,https://www.facebook.com/reel/1907944149821760/,2026-02-23 16:07:59,2026-02-23,/home/emilio/Documentos/Naucalpan_Semanal_Reportes/Periodico/Enero_Mayo/2026-02-16_al_2026-02-28/Facebook/2026-02-16_al_2026-02-28_Facebook/2026-02-16_al_2026-02-28_Facebook_posts.csv
2026-02-16,2026-02-16_al_2026-02-28_Facebook,gobierno_naucalpan,Gobierno de Naucalpan,facebook,Facebook,post_facebook,ciudadnaucalpan,Ciudad Naucalpan / Gobierno Municipal 2025-2027.,,"Avance de la intervención en el Boulevard Manuel Ávila Camacho (Periférico Norte), donde ya se realizan trabajos de retiro de carpeta asfáltica y preparación de la superficie en distintos frentes de obra.🛣️ La rehabilitación se ejecuta desde los límites con Tlalnepantla hasta la zona del Parque Naucalli, con el objetivo de optimizar tiempos y reducir afectaciones a la circulación. La obra contempla la colocación de concreto hidráulico MR45 con 25 centímetros de espesor, material de alta resistencia que requiere un periodo específico de fraguado para garantizar mayor durabilidad y seguridad vial. #AquiGobiernaLaEsperanza #Naucalpan #Edomex #Obrahistorica #PerifericoNorte","Avance de la intervención en el Boulevard Manuel Ávila Camacho (Periférico Norte), donde ya se realizan trabajos de retiro de carpeta asfáltica y preparación de la superficie en distintos frentes de obra.🛣️ La rehabilitación se ejecuta desde los límites con Tlalnepantla hasta la zona del Parque Naucalli, con el objetivo de optimizar tiempos y reducir afectaciones a la circulación. La obra contempla la colocación de concreto hidráulico MR45 con 25 centímetros de espesor, material de alta resistencia que requiere un periodo específico de fraguado para garantizar mayor durabilidad y seguridad vial. #AquiGobiernaLaEsperanza #Naucalpan #Edomex #Obrahistorica #PerifericoNorte",https://www.facebook.com/reel/3275843605906214/,https://www.facebook.com/reel/3275843605906214/,2026-02-23 14:04:31,2026-02-23,/home/emilio/Documentos/Naucalpan_Semanal_Reportes/Periodico/Enero_Mayo/2026-02-16_al_2026-02-28/Facebook/2026-02-16_al_2026-02-28_Facebook/2026-02-16_al_2026-02-28_Facebook_posts.csv
2026-02-16,2026-02-16_al_2026-02-28_Facebook,gobierno_naucalpan,Gobierno de Naucalpan,facebook,Facebook,post_facebook,ciudadnaucalpan,Ciudad Naucalpan / Gobierno Municipal 2025-2027.,,"Conmemoración del Día de la Bandera 🇲🇽 El Gobierno Municipal de Ciudad Naucalpan invita a las y los naucalpenses a participar en la ceremonia conmemorativa del Día de la Bandera, símbolo de nuestra identidad, historia y unidad nacional. 📅 24 de febrero de 2026 🕘 9:00 horas 📍 Explanada del Palacio Municipal Av. Juárez No. 39, Fracc. El Mirador, Naucalpan de Juárez. ¡No puedes faltar! #AquiGobiernaLaEsperanza #Naucalpan #DiaDeLaBandera","Conmemoración del Día de la Bandera 🇲🇽 El Gobierno Municipal de Ciudad Naucalpan invita a las y los naucalpenses a participar en la ceremonia conmemorativa del Día de la Bandera, símbolo de nuestra identidad, historia y unidad nacional. 📅 24 de febrero de 2026 🕘 9:00 horas 📍 Explanada del Palacio Municipal Av. Juárez No. 39, Fracc. El Mirador, Naucalpan de Juárez. ¡No puedes faltar! #AquiGobiernaLaEsperanza #Naucalpan #DiaDeLaBandera",https://www.facebook.com/CiudadNaucalpan/posts/pfbid02Py9u9ZT2iTua2AQYjztGFtVQvzuTDNXYCpqHBZAejB4rpNKiakqQbXd6sFemecbUl,https://www.facebook.com/CiudadNaucalpan/posts/pfbid02Py9u9ZT2iTua2AQYjztGFtVQvzuTDNXYCpqHBZAejB4rpNKiakqQbXd6sFemecbUl,2026-02-23 13:57:25,2026-02-23,/home/emilio/Documentos/Naucalpan_Semanal_Reportes/Periodico/Enero_Mayo/2026-02-16_al_2026-02-28/Facebook/2026-02-16_al_2026-02-28_Facebook/2026-02-16_al_2026-02-28_Facebook_posts.csv
2026-02-16,2026-02-16_al_2026-02-28_Facebook,gobierno_naucalpan,Gobierno de Naucalpan,facebook,Facebook,post_facebook,ciudadnaucalpan,Ciudad Naucalpan / Gobierno Municipal 2025-2027.,,"Clases de Estimulación Temprana en Ciudad Naucalpan👶✨ El Gobierno Municipal, a través del Instituto de las Mujeres Naucalpenses y la Igualdad Sustantiva (IMNIS), en colaboración con el Centro de Estimulación Temprana Nüna, invita a madres, padres y personas cuidadoras a participar en las clases muestra gratuitas de estimulación temprana. Estas actividades están dirigidas a niñas y niños desde los 6 meses hasta los 3 años 10 meses, con el objetivo de fortalecer su desarrollo físico, cognitivo y emocional en una etapa clave de su crecimiento. 📅 23 de febrero • 6 meses a 1 año | 12:00 a 13:00 hrs. • 1 a 2 años | 13:00 a 14:00 hrs. 📅 24 de febrero • 2 a 3 años | 12:00 a 13:00 hrs. • 3 a 3 años 10 meses | 13:00 a 14:00 hrs. 📍 IMNIS Naucalpan Av. Juárez No. 39, Col. El Mirador 📞 Informes: 55 8789 5483 #AquiGobiernaLaEsperanza #Naucalpan #IMNIS #DIFNaucalpan #DesarrolloInfantil","Clases de Estimulación Temprana en Ciudad Naucalpan👶✨ El Gobierno Municipal, a través del Instituto de las Mujeres Naucalpenses y la Igualdad Sustantiva (IMNIS), en colaboración con el Centro de Estimulación Temprana Nüna, invita a madres, padres y personas cuidadoras a participar en las clases muestra gratuitas de estimulación temprana. Estas actividades están dirigidas a niñas y niños desde los 6 meses hasta los 3 años 10 meses, con el objetivo de fortalecer su desarrollo físico, cognitivo y emocional en una etapa clave de su crecimiento. 📅 23 de febrero • 6 meses a 1 año | 12:00 a 13:00 hrs. • 1 a 2 años | 13:00 a 14:00 hrs. 📅 24 de febrero • 2 a 3 años | 12:00 a 13:00 hrs. • 3 a 3 años 10 meses | 13:00 a 14:00 hrs. 📍 IMNIS Naucalpan Av. Juárez No. 39, Col. El Mirador 📞 Informes: 55 8789 5483 #AquiGobiernaLaEsperanza #Naucalpan #IMNIS #DIFNaucalpan #DesarrolloInfantil",https://www.facebook.com/CiudadNaucalpan/posts/pfbid0jEvMd64W1cRoKZmrUtLyaKsaXCUBGnvc16FcBFi2Erz31ZM7xmwzQiTA3VMWi3X7l,https://www.facebook.com/CiudadNaucalpan/posts/pfbid0jEvMd64W1cRoKZmrUtLyaKsaXCUBGnvc16FcBFi2Erz31ZM7xmwzQiTA3VMWi3X7l,2026-02-23 13:42:29,2026-02-23,/home/emilio/Documentos/Naucalpan_Semanal_Reportes/Periodico/Enero_Mayo/2026-02-16_al_2026-02-28/Facebook/2026-02-16_al_2026-02-28_Facebook/2026-02-16_al_2026-02-28_Facebook_posts.csv
2026-02-16,2026-02-16_al_2026-02-28_Facebook,gobierno_naucalpan,Gobierno de Naucalpan,facebook,Facebook,post_facebook,ciudadnaucalpan,Ciudad Naucalpan / Gobierno Municipal 2025-2027.,,"¿Sabías qué? ⚽🌍 El balón Top Star fue el protagonista del Mundial de 1958 en Suecia. Su diseño estaba compuesto por 24 paneles rectangulares de cuero, con impresión negra y costuras entrelazadas en zigzag, marcando una evolución en la historia del fútbol. #AquiGobiernaLaEsperanza #Naucalpan #HuellasDelMundial","¿Sabías qué? ⚽🌍 El balón Top Star fue el protagonista del Mundial de 1958 en Suecia. Su diseño estaba compuesto por 24 paneles rectangulares de cuero, con impresión negra y costuras entrelazadas en zigzag, marcando una evolución en la historia del fútbol. #AquiGobiernaLaEsperanza #Naucalpan #HuellasDelMundial",https://www.facebook.com/CiudadNaucalpan/posts/pfbid0kZUcyA8WoJj1esLCxGCBsvgayZJLvBEUZNTP2uUtNYLtYxEqrRoC5Mmh9kxQZAKxl,https://www.facebook.com/CiudadNaucalpan/posts/pfbid0kZUcyA8WoJj1esLCxGCBsvgayZJLvBEUZNTP2uUtNYLtYxEqrRoC5Mmh9kxQZAKxl,2026-02-23 13:08:25,2026-02-23,/home/emilio/Documentos/Naucalpan_Semanal_Reportes/Periodico/Enero_Mayo/2026-02-16_al_2026-02-28/Facebook/2026-02-16_al_2026-02-28_Facebook/2026-02-16_al_2026-02-28_Facebook_posts.csv
2026-02-16,2026-02-16_al_2026-02-28_Facebook,gobierno_naucalpan,Gobierno de Naucalpan,facebook,Facebook,post_facebook,ciudadnaucalpan,Ciudad Naucalpan / Gobierno Municipal 2025-2027.,,"Cartelera Cultural y de Actividades de la Casa de la Cultura Chamapa.🎸🎨✨ A lo largo de la semana y los fines de semana, se ofrecen talleres, clases y servicios pensados para fortalecer el bienestar, el aprendizaje y la convivencia comunitaria: actividades culturales, educativas, artísticas, deportivas y de salud, para niñas, niños, jóvenes y personas adultas.🤸‍♀️ 📍 Consulta horarios, días y detalles de cada actividad directamente en la imagen. 📞 Para más información, los datos de contacto también se encuentran en la cartelera. Desde el Gobierno de Naucalpan seguimos impulsando espacios que acercan la cultura, el conocimiento y el bienestar a nuestras comunidades. #AquiGobiernaLaEsperanza #Naucalpan #Cultura #Bienestar","Cartelera Cultural y de Actividades de la Casa de la Cultura Chamapa.🎸🎨✨ A lo largo de la semana y los fines de semana, se ofrecen talleres, clases y servicios pensados para fortalecer el bienestar, el aprendizaje y la convivencia comunitaria: actividades culturales, educativas, artísticas, deportivas y de salud, para niñas, niños, jóvenes y personas adultas.🤸‍♀️ 📍 Consulta horarios, días y detalles de cada actividad directamente en la imagen. 📞 Para más información, los datos de contacto también se encuentran en la cartelera. Desde el Gobierno de Naucalpan seguimos impulsando espacios que acercan la cultura, el conocimiento y el bienestar a nuestras comunidades. #AquiGobiernaLaEsperanza #Naucalpan #Cultura #Bienestar",https://www.facebook.com/CiudadNaucalpan/posts/pfbid029RqK8ZPMr4Pm9ZjfmQH9CjKhLd5kCxkWRUkPE2CqdZpzxhKFmzScEq6kdQZ97X6Ll,https://www.facebook.com/CiudadNaucalpan/posts/pfbid029RqK8ZPMr4Pm9ZjfmQH9CjKhLd5kCxkWRUkPE2CqdZpzxhKFmzScEq6kdQZ97X6Ll,2026-02-23 13:01:57,2026-02-23,/home/emilio/Documentos/Naucalpan_Semanal_Reportes/Periodico/Enero_Mayo/2026-02-16_al_2026-02-28/Facebook/2026-02-16_al_2026-02-28_Facebook/2026-02-16_al_2026-02-28_Facebook_posts.csv
2026-02-16,2026-02-16_al_2026-02-28_Facebook,gobierno_naucalpan,Gobierno de Naucalpan,facebook,Facebook,post_facebook,ciudadnaucalpan,Ciudad Naucalpan / Gobierno Municipal 2025-2027.,,"¡Duelo de Titanes en Ciudad Naucalpan!⚽ El Gobierno de Ciudad Naucalpan, a través del IMCUFIDEN, invita al cuadrangular rumbo al Mundial Social Naucalpan, donde equipos semi profesionales demostrarán su talento y pasión por el fútbol. 📅 Viernes 27 de febrero de 2026 🕕 18:00 horas 📍 Cancha del Deportivo La Curva Av. Minas Palacio, San Rafael Chamapa, Primera Sección. Seguimos impulsando el deporte como herramienta de unidad, identidad y reconstrucción del tejido social en nuestras comunidades. ¡Te esperamos para vivir una gran jornada deportiva en familia! #AquiGobiernaLaEsperanza #Naucalpan #IMCUFIDEN #HuellasDelMundial #Deporte","¡Duelo de Titanes en Ciudad Naucalpan!⚽ El Gobierno de Ciudad Naucalpan, a través del IMCUFIDEN, invita al cuadrangular rumbo al Mundial Social Naucalpan, donde equipos semi profesionales demostrarán su talento y pasión por el fútbol. 📅 Viernes 27 de febrero de 2026 🕕 18:00 horas 📍 Cancha del Deportivo La Curva Av. Minas Palacio, San Rafael Chamapa, Primera Sección. Seguimos impulsando el deporte como herramienta de unidad, identidad y reconstrucción del tejido social en nuestras comunidades. ¡Te esperamos para vivir una gran jornada deportiva en familia! #AquiGobiernaLaEsperanza #Naucalpan #IMCUFIDEN #HuellasDelMundial #Deporte",https://www.facebook.com/CiudadNaucalpan/posts/pfbid0X7cCMuZuK3xxegNvGUkPLxfNv5nZN8HVnPAhkhhJLGe1LBubXeLwX1S1bin86SZcl,https://www.facebook.com/CiudadNaucalpan/posts/pfbid0X7cCMuZuK3xxegNvGUkPLxfNv5nZN8HVnPAhkhhJLGe1LBubXeLwX1S1bin86SZcl,2026-02-23 12:56:30,2026-02-23,/home/emilio/Documentos/Naucalpan_Semanal_Reportes/Periodico/Enero_Mayo/2026-02-16_al_2026-02-28/Facebook/2026-02-16_al_2026-02-28_Facebook/2026-02-16_al_2026-02-28_Facebook_posts.csv
2026-02-16,2026-02-16_al_2026-02-28_Facebook,gobierno_naucalpan,Gobierno de Naucalpan,facebook,Facebook,post_facebook,ciudadnaucalpan,Ciudad Naucalpan / Gobierno Municipal 2025-2027.,,"Desde el Gobierno de Ciudad Naucalpan reconocemos el trabajo que realiza la Secretaría de la Defensa Nacional en favor de la seguridad del país. En nuestro municipio mantenemos una coordinación permanente con las autoridades federales y estatales, en el marco de la estrategia conjunta de seguridad. Gracias a este trabajo coordinado, en Ciudad Naucalpan se han logrado resultados, priorizando en todo momento la protección de las y los naucalpenses. #GuardiaMunicipal #Naucalpan #Seguridad #Mexico #EdoMex #SEDENA","Desde el Gobierno de Ciudad Naucalpan reconocemos el trabajo que realiza la Secretaría de la Defensa Nacional en favor de la seguridad del país. En nuestro municipio mantenemos una coordinación permanente con las autoridades federales y estatales, en el marco de la estrategia conjunta de seguridad. Gracias a este trabajo coordinado, en Ciudad Naucalpan se han logrado resultados, priorizando en todo momento la protección de las y los naucalpenses. #GuardiaMunicipal #Naucalpan #Seguridad #Mexico #EdoMex #SEDENA",https://www.facebook.com/reel/750428498148171/,https://www.facebook.com/reel/750428498148171/,2026-02-23 12:25:11,2026-02-23,/home/emilio/Documentos/Naucalpan_Semanal_Reportes/Periodico/Enero_Mayo/2026-02-16_al_2026-02-28/Facebook/2026-02-16_al_2026-02-28_Facebook/2026-02-16_al_2026-02-28_Facebook_posts.csv
2026-02-16,2026-02-16_al_2026-02-28_Facebook,gobierno_naucalpan,Gobierno de Naucalpan,facebook,Facebook,post_facebook,ciudadnaucalpan,Ciudad Naucalpan / Gobierno Municipal 2025-2027.,,"Policía de Proximidad Vecinal de la Guardia Municipal localiza a menor con alerta de búsqueda🚨 Derivado de los patrullajes permanentes implementados en sectores y cuadrantes del municipio, elementos de la Policía de Proximidad Vecinal lograron la localización de una menor de 14 años de edad, quien contaba con una alerta de búsqueda vigente. Gracias a la oportuna intervención y a las labores de vigilancia preventiva, la adolescente fue ubicada sana y salva. En todo momento fue resguardada por el personal policial y posteriormente reunida con su familia. Asimismo, se realizaron las diligencias correspondientes en coordinación con la Policía de Género, la Célula de Búsqueda de la Guardia Municipal y la Fiscalía Especializada en Personas Desaparecidas, a fin de dar seguimiento al caso y determinar lo conducente dentro de la investigación. La Guardia Municipal refrenda su compromiso de trabajar de manera permanente por la seguridad y el bienestar de las familias. #AquiGobiernaLaEsperanza #Naucalpan #GuardiaMunicipal #seguridad","Policía de Proximidad Vecinal de la Guardia Municipal localiza a menor con alerta de búsqueda🚨 Derivado de los patrullajes permanentes implementados en sectores y cuadrantes del municipio, elementos de la Policía de Proximidad Vecinal lograron la localización de una menor de 14 años de edad, quien contaba con una alerta de búsqueda vigente. Gracias a la oportuna intervención y a las labores de vigilancia preventiva, la adolescente fue ubicada sana y salva. En todo momento fue resguardada por el personal policial y posteriormente reunida con su familia. Asimismo, se realizaron las diligencias correspondientes en coordinación con la Policía de Género, la Célula de Búsqueda de la Guardia Municipal y la Fiscalía Especializada en Personas Desaparecidas, a fin de dar seguimiento al caso y determinar lo conducente dentro de la investigación. La Guardia Municipal refrenda su compromiso de trabajar de manera permanente por la seguridad y el bienestar de las familias. #AquiGobiernaLaEsperanza #Naucalpan #GuardiaMunicipal #seguridad",https://www.facebook.com/CiudadNaucalpan/posts/pfbid0TuqkDAmG9uTXk5WTbJTx5PtnpyqjqobE7vMf9MFeZLahAG3qF6WJvM1TqM5cp4nwl,https://www.facebook.com/CiudadNaucalpan/posts/pfbid0TuqkDAmG9uTXk5WTbJTx5PtnpyqjqobE7vMf9MFeZLahAG3qF6WJvM1TqM5cp4nwl,2026-02-23 11:44:37,2026-02-23,/home/emilio/Documentos/Naucalpan_Semanal_Reportes/Periodico/Enero_Mayo/2026-02-16_al_2026-02-28/Facebook/2026-02-16_al_2026-02-28_Facebook/2026-02-16_al_2026-02-28_Facebook_posts.csv
2026-02-16,2026-02-16_al_2026-02-28_Facebook,gobierno_naucalpan,Gobierno de Naucalpan,facebook,Facebook,post_facebook,ciudadnaucalpan,Ciudad Naucalpan / Gobierno Municipal 2025-2027.,,"El Gobierno de Naucalpan invita al Taller de Globoflexia y Decorado con Globos (Nivel Básico), una actividad formativa dirigida a la comunidad interesada en aprender técnicas básicas de decoración con globos. 🎈 📅 Inicio del taller: 25 de febrero de 2026 ⏰ Horario: 10:00 a 12:00 horas 📆 Fechas: 25 y 27 de febrero; 4, 6, 11, 13, 18 y 20 de marzo 📍 Sede: Auditorio Isidro Fabela Calle Benito Juárez, Av. Benito Juárez 39, El Mirador, Naucalpan de Juárez. 👤 Impartido por: José Antonio Reyes Becerra 📝 Inscripciones: Subdirección de Cultura, Departamento de Fomento a las Bellas Artes. Del día de la publicación al 24 de febrero. Requisitos: copia del INE y comprobante de domicilio. 🎟️ Convocatoria gratuita. ✨ #AquiGobiernaLaEsperanza #Naucalpan #Cultura #Bienestar","El Gobierno de Naucalpan invita al Taller de Globoflexia y Decorado con Globos (Nivel Básico), una actividad formativa dirigida a la comunidad interesada en aprender técnicas básicas de decoración con globos. 🎈 📅 Inicio del taller: 25 de febrero de 2026 ⏰ Horario: 10:00 a 12:00 horas 📆 Fechas: 25 y 27 de febrero; 4, 6, 11, 13, 18 y 20 de marzo 📍 Sede: Auditorio Isidro Fabela Calle Benito Juárez, Av. Benito Juárez 39, El Mirador, Naucalpan de Juárez. 👤 Impartido por: José Antonio Reyes Becerra 📝 Inscripciones: Subdirección de Cultura, Departamento de Fomento a las Bellas Artes. Del día de la publicación al 24 de febrero. Requisitos: copia del INE y comprobante de domicilio. 🎟️ Convocatoria gratuita. ✨ #AquiGobiernaLaEsperanza #Naucalpan #Cultura #Bienestar",https://www.facebook.com/CiudadNaucalpan/posts/pfbid02GbpEEXAv1GV82gQ1nsJVQBfG4RswdMKCBsi4wdnCAfaVeM5owixzd5rmBYeCubL6l,https://www.facebook.com/CiudadNaucalpan/posts/pfbid02GbpEEXAv1GV82gQ1nsJVQBfG4RswdMKCBsi4wdnCAfaVeM5owixzd5rmBYeCubL6l,2026-02-23 11:30:44,2026-02-23,/home/emilio/Documentos/Naucalpan_Semanal_Reportes/Periodico/Enero_Mayo/2026-02-16_al_2026-02-28/Facebook/2026-02-16_al_2026-02-28_Facebook/2026-02-16_al_2026-02-28_Facebook_posts.csv
2026-02-16,2026-02-16_al_2026-02-28_Facebook,gobierno_naucalpan,Gobierno de Naucalpan,facebook,Facebook,post_facebook,ciudadnaucalpan,Ciudad Naucalpan / Gobierno Municipal 2025-2027.,,"A través de la Guardia Municipal de Ciudad Naucalpan seguimos trabajando en estrecha coordinación con autoridades federales y estatales, en el marco de la estrategia conjunta de seguridad. La colaboración entre los tres órdenes de gobierno ha sido fundamental para preservar el orden y la tranquilidad. Continuamos fortaleciendo la presencia operativa y la vigilancia en el territorio, priorizando la seguridad de nuestras vecinas y vecinos. #GuardiaMunicipal #Naucalpan #Seguridad #SSEM #EdoMex #Mex","A través de la Guardia Municipal de Ciudad Naucalpan seguimos trabajando en estrecha coordinación con autoridades federales y estatales, en el marco de la estrategia conjunta de seguridad. La colaboración entre los tres órdenes de gobierno ha sido fundamental para preservar el orden y la tranquilidad. Continuamos fortaleciendo la presencia operativa y la vigilancia en el territorio, priorizando la seguridad de nuestras vecinas y vecinos. #GuardiaMunicipal #Naucalpan #Seguridad #SSEM #EdoMex #Mex",https://www.facebook.com/reel/26081991328129705/,https://www.facebook.com/reel/26081991328129705/,2026-02-23 10:51:11,2026-02-23,/home/emilio/Documentos/Naucalpan_Semanal_Reportes/Periodico/Enero_Mayo/2026-02-16_al_2026-02-28/Facebook/2026-02-16_al_2026-02-28_Facebook/2026-02-16_al_2026-02-28_Facebook_posts.csv
2026-02-16,2026-02-16_al_2026-02-28_Facebook,gobierno_naucalpan,Gobierno de Naucalpan,facebook,Facebook,post_facebook,ciudadnaucalpan,Ciudad Naucalpan / Gobierno Municipal 2025-2027.,,"Junta Municipal de Reclutamiento | #SMN📌🇲🇽 El Gobierno de Ciudad #Naucalpan, en coordinación con SEDENA, informa a los jóvenes Clase 2008 y remisos sobre el trámite del Servicio Militar Nacional. ℹ️ Consulta requisitos y documentos en la imagen. #AquiGobiernaLaEsperanza","Junta Municipal de Reclutamiento | #SMN📌🇲🇽 El Gobierno de Ciudad #Naucalpan, en coordinación con SEDENA, informa a los jóvenes Clase 2008 y remisos sobre el trámite del Servicio Militar Nacional. ℹ️ Consulta requisitos y documentos en la imagen. #AquiGobiernaLaEsperanza",https://www.facebook.com/CiudadNaucalpan/posts/pfbid02qYzWkSfzKFgsKmkEWBnRqc223cqFsoek3RBZEsz6KEpRGscfLfmXdHakgFzdFEFTl,https://www.facebook.com/CiudadNaucalpan/posts/pfbid02qYzWkSfzKFgsKmkEWBnRqc223cqFsoek3RBZEsz6KEpRGscfLfmXdHakgFzdFEFTl,2026-02-23 10:02:27,2026-02-23,/home/emilio/Documentos/Naucalpan_Semanal_Reportes/Periodico/Enero_Mayo/2026-02-16_al_2026-02-28/Facebook/2026-02-16_al_2026-02-28_Facebook/2026-02-16_al_2026-02-28_Facebook_posts.csv
2026-02-16,2026-02-16_al_2026-02-28_Facebook,gobierno_naucalpan,Gobierno de Naucalpan,facebook,Facebook,post_facebook,guardiamunicipalciudadnaucalpan,Guardia Municipal Ciudad Naucalpan,,"Desde la Guardia Municipal de Ciudad Naucalpan seguimos trabajando en estrecha coordinación con autoridades federales y estatales, en el marco de la estrategia conjunta de seguridad. La colaboración entre los tres órdenes de gobierno ha sido fundamental para preservar el orden y la tranquilidad. Continuamos fortaleciendo la presencia operativa y la vigilancia en el territorio, priorizando la seguridad de nuestras vecinas y vecinos. #GuardiaMunicipal #Naucalpan #Seguridad #SSEM #EdoMex #Mex","Desde la Guardia Municipal de Ciudad Naucalpan seguimos trabajando en estrecha coordinación con autoridades federales y estatales, en el marco de la estrategia conjunta de seguridad. La colaboración entre los tres órdenes de gobierno ha sido fundamental para preservar el orden y la tranquilidad. Continuamos fortaleciendo la presencia operativa y la vigilancia en el territorio, priorizando la seguridad de nuestras vecinas y vecinos. #GuardiaMunicipal #Naucalpan #Seguridad #SSEM #EdoMex #Mex",https://www.facebook.com/reel/900674202714724/,https://www.facebook.com/reel/900674202714724/,2026-02-23 11:44:14,2026-02-23,/home/emilio/Documentos/Naucalpan_Semanal_Reportes/Periodico/Enero_Mayo/2026-02-16_al_2026-02-28/Facebook/2026-02-16_al_2026-02-28_Facebook/2026-02-16_al_2026-02-28_Facebook_posts.csv
2026-02-16,2026-02-16_al_2026-02-28_Facebook,gobierno_naucalpan,Gobierno de Naucalpan,facebook,Facebook,post_facebook,guardiamunicipalciudadnaucalpan,Guardia Municipal Ciudad Naucalpan,,"La Policía Ética acompaña y vigila el actuar del personal de Movilidad Segura para garantizar un desempeño legal, transparente y con respeto a la ciudadanía.🚔 En Ciudad Naucalpan, la seguridad se ejerce con ética y responsabilidad. #AquiGobiernaLaEsperanza #GuardiaMunicipal #Naucalpan #PoliciaEtica #MovilidadSegura","La Policía Ética acompaña y vigila el actuar del personal de Movilidad Segura para garantizar un desempeño legal, transparente y con respeto a la ciudadanía.🚔 En Ciudad Naucalpan, la seguridad se ejerce con ética y responsabilidad. #AquiGobiernaLaEsperanza #GuardiaMunicipal #Naucalpan #PoliciaEtica #MovilidadSegura",https://www.facebook.com/reel/2334318053640394/,https://www.facebook.com/reel/2334318053640394/,2026-02-23 09:02:32,2026-02-23,/home/emilio/Documentos/Naucalpan_Semanal_Reportes/Periodico/Enero_Mayo/2026-02-16_al_2026-02-28/Facebook/2026-02-16_al_2026-02-28_Facebook/2026-02-16_al_2026-02-28_Facebook_posts.csv
2026-02-16,2026-02-16_al_2026-02-28_Facebook,gobierno_naucalpan,Gobierno de Naucalpan,facebook,Facebook,post_facebook,ciudadnaucalpan,Ciudad Naucalpan / Gobierno Municipal 2025-2027.,,"Conferencia: “El servicio como ventaja competitiva”📢✨ El Gobierno de Ciudad Naucalpan, a través de la Dirección de Desarrollo y Fomento Económico, te invita a este evento gratuito donde conocerás herramientas clave para fortalecer tu servicio y hacerlo una ventaja competitiva. 📍👉Consulta sede, fecha, horario y datos de registro directamente en la imagen. #AquiGobiernaLaEsperanza #Naucalpan #FomentoEconomico","Conferencia: “El servicio como ventaja competitiva”📢✨ El Gobierno de Ciudad Naucalpan, a través de la Dirección de Desarrollo y Fomento Económico, te invita a este evento gratuito donde conocerás herramientas clave para fortalecer tu servicio y hacerlo una ventaja competitiva. 📍👉Consulta sede, fecha, horario y datos de registro directamente en la imagen. #AquiGobiernaLaEsperanza #Naucalpan #FomentoEconomico",https://www.facebook.com/CiudadNaucalpan/posts/pfbid02AfNCsJjjvpkzkS8VZYkFPj5RvzE3N6qwBZq1pHn2agURjQCAHkoaNpr4M7GeeEGRl,https://www.facebook.com/CiudadNaucalpan/posts/pfbid02AfNCsJjjvpkzkS8VZYkFPj5RvzE3N6qwBZq1pHn2agURjQCAHkoaNpr4M7GeeEGRl,2026-02-22 19:01:36,2026-02-22,/home/emilio/Documentos/Naucalpan_Semanal_Reportes/Periodico/Enero_Mayo/2026-02-16_al_2026-02-28/Facebook/2026-02-16_al_2026-02-28_Facebook/2026-02-16_al_2026-02-28_Facebook_posts.csv
2026-02-16,2026-02-16_al_2026-02-28_Facebook,gobierno_naucalpan,Gobierno de Naucalpan,facebook,Facebook,post_facebook,ciudadnaucalpan,Ciudad Naucalpan / Gobierno Municipal 2025-2027.,,¿Sabías qué? ⚽🌍 El balón Swiss World Champion fue utilizado en Suiza 1954 y fue el primero en el campeonato con un estilo similar al de voleibol y teñido de un color más visible para el ojo humano. #AquiGobiernaLaEsperanza #Naucalpan #HuellasDelMundial,¿Sabías qué? ⚽🌍 El balón Swiss World Champion fue utilizado en Suiza 1954 y fue el primero en el campeonato con un estilo similar al de voleibol y teñido de un color más visible para el ojo humano. #AquiGobiernaLaEsperanza #Naucalpan #HuellasDelMundial,https://www.facebook.com/CiudadNaucalpan/posts/pfbid0Tk1fkvqYbnLT5wAtqVWDgNVuhWUJCpwRatyYMXSrjAGq8wMMmWTgTjeqmgyCjkyol,https://www.facebook.com/CiudadNaucalpan/posts/pfbid0Tk1fkvqYbnLT5wAtqVWDgNVuhWUJCpwRatyYMXSrjAGq8wMMmWTgTjeqmgyCjkyol,2026-02-22 17:18:59,2026-02-22,/home/emilio/Documentos/Naucalpan_Semanal_Reportes/Periodico/Enero_Mayo/2026-02-16_al_2026-02-28/Facebook/2026-02-16_al_2026-02-28_Facebook/2026-02-16_al_2026-02-28_Facebook_posts.csv
2026-02-16,2026-02-16_al_2026-02-28_Facebook,gobierno_naucalpan,Gobierno de Naucalpan,facebook,Facebook,post_facebook,guardiamunicipalciudadnaucalpan,Guardia Municipal Ciudad Naucalpan,,Presencia permanente en todo el municipio🚨 Las instancias de seguridad de los tres órdenes de gobierno se mantienen en recorridos constantes en cada colonia. Seguimos trabajando por la seguridad de las familias naucalpenses. ‼️Exhortamos a la ciudadanía a no difundir información no verificada y a consultar únicamente los canales oficiales. #Naucalpan #Mexico #EdoMex #Seguridad #SSEM,Presencia permanente en todo el municipio🚨 Las instancias de seguridad de los tres órdenes de gobierno se mantienen en recorridos constantes en cada colonia. Seguimos trabajando por la seguridad de las familias naucalpenses. ‼️Exhortamos a la ciudadanía a no difundir información no verificada y a consultar únicamente los canales oficiales. #Naucalpan #Mexico #EdoMex #Seguridad #SSEM,https://www.facebook.com/reel/932443672808759/,https://www.facebook.com/reel/932443672808759/,2026-02-22 23:16:23,2026-02-22,/home/emilio/Documentos/Naucalpan_Semanal_Reportes/Periodico/Enero_Mayo/2026-02-16_al_2026-02-28/Facebook/2026-02-16_al_2026-02-28_Facebook/2026-02-16_al_2026-02-28_Facebook_posts.csv
2026-02-16,2026-02-16_al_2026-02-28_Facebook,gobierno_naucalpan,Gobierno de Naucalpan,facebook,Facebook,post_facebook,guardiamunicipalciudadnaucalpan,Guardia Municipal Ciudad Naucalpan,,Comunicado Oficial🚨 #AquiGobiernaLaEsperanza #GuardiaMunicipal #Naucalpan #Mexico #EdoMex,Comunicado Oficial🚨 #AquiGobiernaLaEsperanza #GuardiaMunicipal #Naucalpan #Mexico #EdoMex,https://www.facebook.com/GuardiaMunicipalCiudadNaucalpan/posts/pfbid02PrVWoCQn61or9TNPapvyiMr4JAwVudBNeVefwjZYmRCXnsM6oMboZLdP3mAGNRuxl,https://www.facebook.com/GuardiaMunicipalCiudadNaucalpan/posts/pfbid02PrVWoCQn61or9TNPapvyiMr4JAwVudBNeVefwjZYmRCXnsM6oMboZLdP3mAGNRuxl,2026-02-22 18:32:32,2026-02-22,/home/emilio/Documentos/Naucalpan_Semanal_Reportes/Periodico/Enero_Mayo/2026-02-16_al_2026-02-28/Facebook/2026-02-16_al_2026-02-28_Facebook/2026-02-16_al_2026-02-28_Facebook_posts.csv
2026-02-16,2026-02-16_al_2026-02-28_Facebook,gobierno_naucalpan,Gobierno de Naucalpan,facebook,Facebook,post_facebook,guardiamunicipalciudadnaucalpan,Guardia Municipal Ciudad Naucalpan,,"Policía de Proximidad Vecinal de la Guardia Municipal localiza a menor con alerta de búsqueda🚨 Derivado de los patrullajes permanentes implementados en sectores y cuadrantes del municipio, elementos de la Policía de Proximidad Vecinal lograron la localización de una menor de 14 años de edad, quien contaba con una alerta de búsqueda vigente. Gracias a la oportuna intervención y a las labores de vigilancia preventiva, la adolescente fue ubicada sana y salva. En todo momento fue resguardada por el personal policial y posteriormente reunida con su familia. Asimismo, se realizaron las diligencias correspondientes en coordinación con la Policía de Género, la Célula de Búsqueda de la Guardia Municipal y la Fiscalía Especializada en Personas Desaparecidas, a fin de dar seguimiento al caso y determinar lo conducente dentro de la investigación. La Guardia Municipal refrenda su compromiso de trabajar de manera permanente por la seguridad y el bienestar de las familias. #AquiGobiernaLaEsperanza #Naucalpan #GuardiaMunicipal #seguridad","Policía de Proximidad Vecinal de la Guardia Municipal localiza a menor con alerta de búsqueda🚨 Derivado de los patrullajes permanentes implementados en sectores y cuadrantes del municipio, elementos de la Policía de Proximidad Vecinal lograron la localización de una menor de 14 años de edad, quien contaba con una alerta de búsqueda vigente. Gracias a la oportuna intervención y a las labores de vigilancia preventiva, la adolescente fue ubicada sana y salva. En todo momento fue resguardada por el personal policial y posteriormente reunida con su familia. Asimismo, se realizaron las diligencias correspondientes en coordinación con la Policía de Género, la Célula de Búsqueda de la Guardia Municipal y la Fiscalía Especializada en Personas Desaparecidas, a fin de dar seguimiento al caso y determinar lo conducente dentro de la investigación. La Guardia Municipal refrenda su compromiso de trabajar de manera permanente por la seguridad y el bienestar de las familias. #AquiGobiernaLaEsperanza #Naucalpan #GuardiaMunicipal #seguridad",https://www.facebook.com/GuardiaMunicipalCiudadNaucalpan/posts/pfbid0TPopWCa91qXR5KSiyDEK9LncAr5FCVa6iMSUe2WGChgr89Y2XxJwzquWhRbPD3kCl,https://www.facebook.com/GuardiaMunicipalCiudadNaucalpan/posts/pfbid0TPopWCa91qXR5KSiyDEK9LncAr5FCVa6iMSUe2WGChgr89Y2XxJwzquWhRbPD3kCl,2026-02-22 16:36:43,2026-02-22,/home/emilio/Documentos/Naucalpan_Semanal_Reportes/Periodico/Enero_Mayo/2026-02-16_al_2026-02-28/Facebook/2026-02-16_al_2026-02-28_Facebook/2026-02-16_al_2026-02-28_Facebook_posts.csv
2026-02-16,2026-02-16_al_2026-02-28_Facebook,gobierno_naucalpan,Gobierno de Naucalpan,facebook,Facebook,post_facebook,ciudadnaucalpan,Ciudad Naucalpan / Gobierno Municipal 2025-2027.,,"Día Internacional de la Lengua Materna🌎🌿 Cada 21 de febrero reconocemos la importancia de preservar nuestras lenguas como parte fundamental de la identidad y diversidad cultural. Hoy, el 43% de las lenguas del mundo están en peligro de extinción. Protegerlas es defender nuestra historia, nuestras raíces y el patrimonio cultural de las futuras generaciones. Desde el Gobierno de Ciudad Naucalpan reafirmamos nuestro compromiso con la diversidad lingüística, el respeto y la inclusión. #AquiGobiernaLaEsperanza #Naucalpan #LenguaMaterna #DiversidadCultural","Día Internacional de la Lengua Materna🌎🌿 Cada 21 de febrero reconocemos la importancia de preservar nuestras lenguas como parte fundamental de la identidad y diversidad cultural. Hoy, el 43% de las lenguas del mundo están en peligro de extinción. Protegerlas es defender nuestra historia, nuestras raíces y el patrimonio cultural de las futuras generaciones. Desde el Gobierno de Ciudad Naucalpan reafirmamos nuestro compromiso con la diversidad lingüística, el respeto y la inclusión. #AquiGobiernaLaEsperanza #Naucalpan #LenguaMaterna #DiversidadCultural",https://www.facebook.com/reel/1605762467413500/,https://www.facebook.com/reel/1605762467413500/,2026-02-21 09:31:39,2026-02-21,/home/emilio/Documentos/Naucalpan_Semanal_Reportes/Periodico/Enero_Mayo/2026-02-16_al_2026-02-28/Facebook/2026-02-16_al_2026-02-28_Facebook/2026-02-16_al_2026-02-28_Facebook_posts.csv
2026-02-16,2026-02-16_al_2026-02-28_Facebook,gobierno_naucalpan,Gobierno de Naucalpan,facebook,Facebook,post_facebook,ciudadnaucalpan,Ciudad Naucalpan / Gobierno Municipal 2025-2027.,,"En el Día Internacional de la Lengua Materna celebramos la riqueza de nuestras lenguas originarias. Cada lengua es una forma de ver el mundo, de guardar la memoria y de fortalecer nuestra identidad. Nuestro municipio trabaja para que estas voces estén presentes en las redes sociales, promoviendo el respeto a la diversidad lingüística. Así construimos una comunidad más incluyente, donde todas las personas puedan expresarse en su propia lengua. ⸻ Otomí Ma hyadi ra za ra hñäki, ga ma thogi ne ga ma jä’i hñäki ra hai, nge ra hñäki ga hoki ra ‘mui, ga hoki ra mfeni ne ga hoki ra nt’ädi da ga jä’i. Ra municipio di hoki ra ‘betsi ko ra hñäki ra hai ma redes sociales, ne pa da maxei ra jamädi ko ra yoho hñäki. Nge nuna ga hoki ra comunidad ma hoki inclusiva, nu’u ga jä’i di pädi da ñätho ko ra hñäki da ga.","En el Día Internacional de la Lengua Materna celebramos la riqueza de nuestras lenguas originarias. Cada lengua es una forma de ver el mundo, de guardar la memoria y de fortalecer nuestra identidad. Nuestro municipio trabaja para que estas voces estén presentes en las redes sociales, promoviendo el respeto a la diversidad lingüística. Así construimos una comunidad más incluyente, donde todas las personas puedan expresarse en su propia lengua. ⸻ Otomí Ma hyadi ra za ra hñäki, ga ma thogi ne ga ma jä’i hñäki ra hai, nge ra hñäki ga hoki ra ‘mui, ga hoki ra mfeni ne ga hoki ra nt’ädi da ga jä’i. Ra municipio di hoki ra ‘betsi ko ra hñäki ra hai ma redes sociales, ne pa da maxei ra jamädi ko ra yoho hñäki. Nge nuna ga hoki ra comunidad ma hoki inclusiva, nu’u ga jä’i di pädi da ñätho ko ra hñäki da ga.",https://www.facebook.com/CiudadNaucalpan/posts/pfbid0AzhPfAauquakoNsRJrvUxuMtUuiPzY8EPnwnV6mymW8n68iDFiqghayPzizEzH9wl,https://www.facebook.com/CiudadNaucalpan/posts/pfbid0AzhPfAauquakoNsRJrvUxuMtUuiPzY8EPnwnV6mymW8n68iDFiqghayPzizEzH9wl,2026-02-21 08:40:23,2026-02-21,/home/emilio/Documentos/Naucalpan_Semanal_Reportes/Periodico/Enero_Mayo/2026-02-16_al_2026-02-28/Facebook/2026-02-16_al_2026-02-28_Facebook/2026-02-16_al_2026-02-28_Facebook_posts.csv
2026-02-16,2026-02-16_al_2026-02-28_Facebook,gobierno_naucalpan,Gobierno de Naucalpan,facebook,Facebook,post_facebook,guardiamunicipalciudadnaucalpan,Guardia Municipal Ciudad Naucalpan,,"La Policía Ética acompaña y vigila el actuar del personal de Movilidad Segura para garantizar un desempeño legal, transparente y con respeto a la ciudadanía.🚔 En Ciudad Naucalpan, la seguridad se ejerce con ética y responsabilidad. #AquiGobiernaLaEsperanza #GuardiaMunicipal #Naucalpan #PoliciaEtica #MovilidadSegura","La Policía Ética acompaña y vigila el actuar del personal de Movilidad Segura para garantizar un desempeño legal, transparente y con respeto a la ciudadanía.🚔 En Ciudad Naucalpan, la seguridad se ejerce con ética y responsabilidad. #AquiGobiernaLaEsperanza #GuardiaMunicipal #Naucalpan #PoliciaEtica #MovilidadSegura",https://www.facebook.com/reel/1476115597415281/,https://www.facebook.com/reel/1476115597415281/,2026-02-21 09:02:26,2026-02-21,/home/emilio/Documentos/Naucalpan_Semanal_Reportes/Periodico/Enero_Mayo/2026-02-16_al_2026-02-28/Facebook/2026-02-16_al_2026-02-28_Facebook/2026-02-16_al_2026-02-28_Facebook_posts.csv
2026-02-16,2026-02-16_al_2026-02-28_Facebook,gobierno_naucalpan,Gobierno de Naucalpan,facebook,Facebook,post_facebook,ciudadnaucalpan,Ciudad Naucalpan / Gobierno Municipal 2025-2027.,,"¿Sabías qué? ⚽🌍 El balón del Mundial de Francia 1938 se llamó “Coupe du Monde Allen Officiel” y estaba compuesto por 13 paneles rectangulares de cuero marrón, con tiento cerrado por un cordón de algodón blanco. 🇫🇷 #AquiGobiernaLaEsperanza #Naucalpan #HuellasDelMundial","¿Sabías qué? ⚽🌍 El balón del Mundial de Francia 1938 se llamó “Coupe du Monde Allen Officiel” y estaba compuesto por 13 paneles rectangulares de cuero marrón, con tiento cerrado por un cordón de algodón blanco. 🇫🇷 #AquiGobiernaLaEsperanza #Naucalpan #HuellasDelMundial",https://www.facebook.com/CiudadNaucalpan/posts/pfbid0fch3ixCLuG2yLnEkXC4xVRxP3JNXdsjH8vsusjwd2wB2Qk4WFjrtgmgUmk7kg7Ptl,https://www.facebook.com/CiudadNaucalpan/posts/pfbid0fch3ixCLuG2yLnEkXC4xVRxP3JNXdsjH8vsusjwd2wB2Qk4WFjrtgmgUmk7kg7Ptl,2026-02-20 16:55:21,2026-02-20,/home/emilio/Documentos/Naucalpan_Semanal_Reportes/Periodico/Enero_Mayo/2026-02-16_al_2026-02-28/Facebook/2026-02-16_al_2026-02-28_Facebook/2026-02-16_al_2026-02-28_Facebook_posts.csv
2026-02-16,2026-02-16_al_2026-02-28_Facebook,gobierno_naucalpan,Gobierno de Naucalpan,facebook,Facebook,post_facebook,ciudadnaucalpan,Ciudad Naucalpan / Gobierno Municipal 2025-2027.,,"El Presidente Municipal, Isaac Montoya Márquez, encabezó la Mesa de Paz itinerante en Santa Cruz del Monte para analizar y reforzar las estrategias de seguridad. De acuerdo con datos de la Fiscalía, se registra una disminución en delitos de alto impacto y en el robo de vehículos, resultado del trabajo coordinado entre los tres órdenes de gobierno. En este marco se llevó a cabo la estrategia Atención a las Causas, impulsada por el Gobierno de México, así como la jornada “Amor por la Paz”, donde el IMNIS desarrolló actividades con perspectiva de género, orientación jurídica, talleres y servicios gratuitos para fortalecer el tejido social y prevenir la violencia. El Presidente Municipal reiteró que la paz se construye en territorio, casa por casa, con presencia institucional y cercanía con la gente. Además, informó que se continúa fortaleciendo el modelo de seguridad con más patrullas, la instalación de más de mil cámaras y la próxima puesta en marcha de un nuevo C4. Desde el Gobierno de Naucalpan se reafirma el compromiso de trabajar por la seguridad, el bienestar y la reconstrucción del tejido social en cada comunidad. #AquiGobiernaLaEsperanza #Naucalpan #MesaDePaz #Seguridad #IMNIS","El Presidente Municipal, Isaac Montoya Márquez, encabezó la Mesa de Paz itinerante en Santa Cruz del Monte para analizar y reforzar las estrategias de seguridad. De acuerdo con datos de la Fiscalía, se registra una disminución en delitos de alto impacto y en el robo de vehículos, resultado del trabajo coordinado entre los tres órdenes de gobierno. En este marco se llevó a cabo la estrategia Atención a las Causas, impulsada por el Gobierno de México, así como la jornada “Amor por la Paz”, donde el IMNIS desarrolló actividades con perspectiva de género, orientación jurídica, talleres y servicios gratuitos para fortalecer el tejido social y prevenir la violencia. El Presidente Municipal reiteró que la paz se construye en territorio, casa por casa, con presencia institucional y cercanía con la gente. Además, informó que se continúa fortaleciendo el modelo de seguridad con más patrullas, la instalación de más de mil cámaras y la próxima puesta en marcha de un nuevo C4. Desde el Gobierno de Naucalpan se reafirma el compromiso de trabajar por la seguridad, el bienestar y la reconstrucción del tejido social en cada comunidad. #AquiGobiernaLaEsperanza #Naucalpan #MesaDePaz #Seguridad #IMNIS",https://www.facebook.com/CiudadNaucalpan/posts/pfbid02xHXZfBc4ALWZ4SywnfK9pGPtjnJnjMUARrYn9nvHkoMjqXE5V6EQdsGkUkhaREZxl,https://www.facebook.com/CiudadNaucalpan/posts/pfbid02xHXZfBc4ALWZ4SywnfK9pGPtjnJnjMUARrYn9nvHkoMjqXE5V6EQdsGkUkhaREZxl,2026-02-20 16:31:43,2026-02-20,/home/emilio/Documentos/Naucalpan_Semanal_Reportes/Periodico/Enero_Mayo/2026-02-16_al_2026-02-28/Facebook/2026-02-16_al_2026-02-28_Facebook/2026-02-16_al_2026-02-28_Facebook_posts.csv
2026-02-16,2026-02-16_al_2026-02-28_Facebook,gobierno_naucalpan,Gobierno de Naucalpan,facebook,Facebook,post_facebook,ciudadnaucalpan,Ciudad Naucalpan / Gobierno Municipal 2025-2027.,,"El Gobierno de Ciudad Naucalpan, encabezado por el Presidente Municipal, Isaac Montoya, realizó una Asamblea del Pueblo para escuchar y atender, de manera directa y sin intermediarios, las necesidades de la comunidad. 🤝 Durante la jornada se abordaron temas de servicios públicos, seguridad e infraestructura hidráulica, reafirmando el compromiso de brindar soluciones en territorio. Desde el Gobierno de Ciudad Naucalpan se continúa trabajando en mejoras para el municipio. #AquiGobiernaLaEsperanza #Naucalpan #AsambleaDelPueblo","El Gobierno de Ciudad Naucalpan, encabezado por el Presidente Municipal, Isaac Montoya, realizó una Asamblea del Pueblo para escuchar y atender, de manera directa y sin intermediarios, las necesidades de la comunidad. 🤝 Durante la jornada se abordaron temas de servicios públicos, seguridad e infraestructura hidráulica, reafirmando el compromiso de brindar soluciones en territorio. Desde el Gobierno de Ciudad Naucalpan se continúa trabajando en mejoras para el municipio. #AquiGobiernaLaEsperanza #Naucalpan #AsambleaDelPueblo",https://www.facebook.com/CiudadNaucalpan/posts/pfbid029FtuJ7hsN4pkcKDaUhMz5NHu95jPUcukq5U7iyN8yokaJXCEfAdBoiKVHbsybUeCl,https://www.facebook.com/CiudadNaucalpan/posts/pfbid029FtuJ7hsN4pkcKDaUhMz5NHu95jPUcukq5U7iyN8yokaJXCEfAdBoiKVHbsybUeCl,2026-02-20 14:13:38,2026-02-20,/home/emilio/Documentos/Naucalpan_Semanal_Reportes/Periodico/Enero_Mayo/2026-02-16_al_2026-02-28/Facebook/2026-02-16_al_2026-02-28_Facebook/2026-02-16_al_2026-02-28_Facebook_posts.csv
2026-02-16,2026-02-16_al_2026-02-28_Facebook,gobierno_naucalpan,Gobierno de Naucalpan,facebook,Facebook,post_facebook,ciudadnaucalpan,Ciudad Naucalpan / Gobierno Municipal 2025-2027.,,"En redes sociales se viralizó el caso de “Lady Naucalpan”, una mujer que aseguró ser nieta del Presidente Municipal de Ciudad Naucalpan, para justificar una actitud prepotente. ❌ La verdad es que es mentira... El Presidente Municipal de Ciudad Naucalpan aclaró de forma categórica que no es abuelo ni tiene relación alguna con esa persona, y rechazó cualquier vínculo con dicha conducta. ✅ Hacemos un llamado a la ciudadanía a informarse únicamente a través de los canales y páginas oficiales, a fin de evitar la difusión de información falsa o imprecisa. #Naucalpan","En redes sociales se viralizó el caso de “Lady Naucalpan”, una mujer que aseguró ser nieta del Presidente Municipal de Ciudad Naucalpan, para justificar una actitud prepotente. ❌ La verdad es que es mentira... El Presidente Municipal de Ciudad Naucalpan aclaró de forma categórica que no es abuelo ni tiene relación alguna con esa persona, y rechazó cualquier vínculo con dicha conducta. ✅ Hacemos un llamado a la ciudadanía a informarse únicamente a través de los canales y páginas oficiales, a fin de evitar la difusión de información falsa o imprecisa. #Naucalpan",https://www.facebook.com/reel/1628734888124194/,https://www.facebook.com/reel/1628734888124194/,2026-02-20 12:04:43,2026-02-20,/home/emilio/Documentos/Naucalpan_Semanal_Reportes/Periodico/Enero_Mayo/2026-02-16_al_2026-02-28/Facebook/2026-02-16_al_2026-02-28_Facebook/2026-02-16_al_2026-02-28_Facebook_posts.csv
2026-02-16,2026-02-16_al_2026-02-28_Facebook,gobierno_naucalpan,Gobierno de Naucalpan,facebook,Facebook,post_facebook,ciudadnaucalpan,Ciudad Naucalpan / Gobierno Municipal 2025-2027.,,"Bazar Masivo de Mujeres Emprendedoras Naucalpenses 💜✨ En el marco del Día Internacional de la Mujer, el Gobierno Municipal de Naucalpan, a través del Instituto de las Mujeres Naucalpenses y la Igualdad Sustantiva, invita a la ciudadanía a apoyar el talento, la creatividad y el esfuerzo de nuestras emprendedoras locales. 🗓️ Sábado 14 de marzo 🕙 10:00 a 17:00 horas 📍 Explanada del Parque Revolución #AquiGobiernaLaEsperanza #Naucalpan #Mujeres #MujeresEmprendedoras","Bazar Masivo de Mujeres Emprendedoras Naucalpenses 💜✨ En el marco del Día Internacional de la Mujer, el Gobierno Municipal de Naucalpan, a través del Instituto de las Mujeres Naucalpenses y la Igualdad Sustantiva, invita a la ciudadanía a apoyar el talento, la creatividad y el esfuerzo de nuestras emprendedoras locales. 🗓️ Sábado 14 de marzo 🕙 10:00 a 17:00 horas 📍 Explanada del Parque Revolución #AquiGobiernaLaEsperanza #Naucalpan #Mujeres #MujeresEmprendedoras",https://www.facebook.com/CiudadNaucalpan/posts/pfbid07kdyLeDCsR4vEKfrcNexpi5WqVb3yRcNZr46X6GxxTM82yK7sDhuhpAn93TLJuoGl,https://www.facebook.com/CiudadNaucalpan/posts/pfbid07kdyLeDCsR4vEKfrcNexpi5WqVb3yRcNZr46X6GxxTM82yK7sDhuhpAn93TLJuoGl,2026-02-20 11:52:26,2026-02-20,/home/emilio/Documentos/Naucalpan_Semanal_Reportes/Periodico/Enero_Mayo/2026-02-16_al_2026-02-28/Facebook/2026-02-16_al_2026-02-28_Facebook/2026-02-16_al_2026-02-28_Facebook_posts.csv
2026-02-16,2026-02-16_al_2026-02-28_Facebook,gobierno_naucalpan,Gobierno de Naucalpan,facebook,Facebook,post_facebook,ciudadnaucalpan,Ciudad Naucalpan / Gobierno Municipal 2025-2027.,,"El Gobierno de Naucalpan invita al Taller de Globoflexia y Decorado con Globos (Nivel Básico), una actividad formativa dirigida a la comunidad interesada en aprender técnicas básicas de decoración con globos. 🎈 📅 Inicio del taller: 25 de febrero de 2026 ⏰ Horario: 10:00 a 12:00 horas 📆 Fechas: 25 y 27 de febrero; 4, 6, 11, 13, 18 y 20 de marzo 📍 Sede: Auditorio Isidro Fabela Calle Benito Juárez, Av. Benito Juárez 39, El Mirador, Naucalpan de Juárez. 👤 Impartido por: José Antonio Reyes Becerra 📝 Inscripciones: Subdirección de Cultura, Departamento de Fomento a las Bellas Artes. Del día de la publicación al 24 de febrero. Requisitos: copia del INE y comprobante de domicilio. 🎟️ Convocatoria gratuita. ✨ #AquiGobiernaLaEsperanza #Naucalpan #Cultura #Bienestar","El Gobierno de Naucalpan invita al Taller de Globoflexia y Decorado con Globos (Nivel Básico), una actividad formativa dirigida a la comunidad interesada en aprender técnicas básicas de decoración con globos. 🎈 📅 Inicio del taller: 25 de febrero de 2026 ⏰ Horario: 10:00 a 12:00 horas 📆 Fechas: 25 y 27 de febrero; 4, 6, 11, 13, 18 y 20 de marzo 📍 Sede: Auditorio Isidro Fabela Calle Benito Juárez, Av. Benito Juárez 39, El Mirador, Naucalpan de Juárez. 👤 Impartido por: José Antonio Reyes Becerra 📝 Inscripciones: Subdirección de Cultura, Departamento de Fomento a las Bellas Artes. Del día de la publicación al 24 de febrero. Requisitos: copia del INE y comprobante de domicilio. 🎟️ Convocatoria gratuita. ✨ #AquiGobiernaLaEsperanza #Naucalpan #Cultura #Bienestar",https://www.facebook.com/CiudadNaucalpan/posts/pfbid02jycxq7GDa5RNQfhNu1DsG11qv2N1kL4pTB9HesznrYkLZjsjvPYHLVVLcTKqvfgkl,https://www.facebook.com/CiudadNaucalpan/posts/pfbid02jycxq7GDa5RNQfhNu1DsG11qv2N1kL4pTB9HesznrYkLZjsjvPYHLVVLcTKqvfgkl,2026-02-20 11:02:15,2026-02-20,/home/emilio/Documentos/Naucalpan_Semanal_Reportes/Periodico/Enero_Mayo/2026-02-16_al_2026-02-28/Facebook/2026-02-16_al_2026-02-28_Facebook/2026-02-16_al_2026-02-28_Facebook_posts.csv
2026-02-16,2026-02-16_al_2026-02-28_Facebook,gobierno_naucalpan,Gobierno de Naucalpan,facebook,Facebook,post_facebook,ciudadnaucalpan,Ciudad Naucalpan / Gobierno Municipal 2025-2027.,,"20 de febrero | Día Mundial de la Justicia Social ⚖️ La justicia social no es un privilegio, es un derecho que busca reducir las desigualdades económicas, educativas, sociales y de género, cerrando la brecha entre los más favorecidos y los más vulnerables. #AquiGobiernaLaEsperanza #Naucalpan #JusticiaSocial","20 de febrero | Día Mundial de la Justicia Social ⚖️ La justicia social no es un privilegio, es un derecho que busca reducir las desigualdades económicas, educativas, sociales y de género, cerrando la brecha entre los más favorecidos y los más vulnerables. #AquiGobiernaLaEsperanza #Naucalpan #JusticiaSocial",https://www.facebook.com/CiudadNaucalpan/posts/pfbid02eJF4HrywcEZ4qiVSZbX47iMYNhG8WCJoLRTfzrTVEEu3dXbj4TmiQ7jWPsRdZP68l,https://www.facebook.com/CiudadNaucalpan/posts/pfbid02eJF4HrywcEZ4qiVSZbX47iMYNhG8WCJoLRTfzrTVEEu3dXbj4TmiQ7jWPsRdZP68l,2026-02-20 10:20:33,2026-02-20,/home/emilio/Documentos/Naucalpan_Semanal_Reportes/Periodico/Enero_Mayo/2026-02-16_al_2026-02-28/Facebook/2026-02-16_al_2026-02-28_Facebook/2026-02-16_al_2026-02-28_Facebook_posts.csv
2026-02-16,2026-02-16_al_2026-02-28_Facebook,gobierno_naucalpan,Gobierno de Naucalpan,facebook,Facebook,post_facebook,ciudadnaucalpan,Ciudad Naucalpan / Gobierno Municipal 2025-2027.,,"20 de febrero | Día Mundial de la Justicia Social⚖️ Desde el Gobierno de Ciudad Naucalpan, a través del Instituto de las Mujeres Naucalpenses y la Igualdad Sustantiva, reafirmamos que no hay justicia social sin igualdad de género. Trabajamos por un municipio donde las mujeres vivan con dignidad, autonomía y libres de violencia. #AquiGobiernaLaEsperanza #Naucalpan #IMNIS","20 de febrero | Día Mundial de la Justicia Social⚖️ Desde el Gobierno de Ciudad Naucalpan, a través del Instituto de las Mujeres Naucalpenses y la Igualdad Sustantiva, reafirmamos que no hay justicia social sin igualdad de género. Trabajamos por un municipio donde las mujeres vivan con dignidad, autonomía y libres de violencia. #AquiGobiernaLaEsperanza #Naucalpan #IMNIS",https://www.facebook.com/CiudadNaucalpan/posts/pfbid0jX5pH5m9Qes4HbRy2HAFZ1b5AvdTB6gd6odnVgbrjRUVeXTeCbwKuCkcptNEw1ohl,https://www.facebook.com/CiudadNaucalpan/posts/pfbid0jX5pH5m9Qes4HbRy2HAFZ1b5AvdTB6gd6odnVgbrjRUVeXTeCbwKuCkcptNEw1ohl,2026-02-20 09:03:34,2026-02-20,/home/emilio/Documentos/Naucalpan_Semanal_Reportes/Periodico/Enero_Mayo/2026-02-16_al_2026-02-28/Facebook/2026-02-16_al_2026-02-28_Facebook/2026-02-16_al_2026-02-28_Facebook_posts.csv
2026-02-16,2026-02-16_al_2026-02-28_Facebook,gobierno_naucalpan,Gobierno de Naucalpan,facebook,Facebook,post_facebook,guardiamunicipalciudadnaucalpan,Guardia Municipal Ciudad Naucalpan,,"Detenido por presunto encubrimiento por receptación en la colonia Emiliano Zapata🚨 Durante trabajos de control preventivo para inhibir el robo de motocicletas, elementos de la Guardia Municipal realizaron la revisión de una unidad que, tras la consulta en las bases de datos oficiales, arrojó reporte vigente de robo. Ante esta situación, se procedió conforme a protocolo, realizando el aseguramiento correspondiente y la puesta a disposición ante la Fiscalía Regional de Naucalpan, autoridad que determinará la situación jurídica conforme a derecho. La Guardia Municipal refrenda su compromiso de actuar con profesionalismo, responsabilidad y estricto apego al debido proceso, fortaleciendo las acciones preventivas para proteger el patrimonio de las y los naucalpenses. #AquiGobiernaLaEsperanza #Naucalpan #GuardiaMunicipal","Detenido por presunto encubrimiento por receptación en la colonia Emiliano Zapata🚨 Durante trabajos de control preventivo para inhibir el robo de motocicletas, elementos de la Guardia Municipal realizaron la revisión de una unidad que, tras la consulta en las bases de datos oficiales, arrojó reporte vigente de robo. Ante esta situación, se procedió conforme a protocolo, realizando el aseguramiento correspondiente y la puesta a disposición ante la Fiscalía Regional de Naucalpan, autoridad que determinará la situación jurídica conforme a derecho. La Guardia Municipal refrenda su compromiso de actuar con profesionalismo, responsabilidad y estricto apego al debido proceso, fortaleciendo las acciones preventivas para proteger el patrimonio de las y los naucalpenses. #AquiGobiernaLaEsperanza #Naucalpan #GuardiaMunicipal",https://www.facebook.com/GuardiaMunicipalCiudadNaucalpan/posts/pfbid0vAEJWMmZdGcKYAj3gA2MGEJ6cnwAkJ9SLvTUDdsngpE4EAe7mdxCm7oFUjTVshagl,https://www.facebook.com/GuardiaMunicipalCiudadNaucalpan/posts/pfbid0vAEJWMmZdGcKYAj3gA2MGEJ6cnwAkJ9SLvTUDdsngpE4EAe7mdxCm7oFUjTVshagl,2026-02-20 17:17:21,2026-02-20,/home/emilio/Documentos/Naucalpan_Semanal_Reportes/Periodico/Enero_Mayo/2026-02-16_al_2026-02-28/Facebook/2026-02-16_al_2026-02-28_Facebook/2026-02-16_al_2026-02-28_Facebook_posts.csv
2026-02-16,2026-02-16_al_2026-02-28_Facebook,gobierno_naucalpan,Gobierno de Naucalpan,facebook,Facebook,post_facebook,ciudadnaucalpan,Ciudad Naucalpan / Gobierno Municipal 2025-2027.,,"Huellas de la Transformación👣✨ El Gobierno de Ciudad Naucalpan te invita: 📅 Viernes 20 de febrero 🕙 10:00 horas 📍 Col. La Universal Calle José Enrique Rodó 42, Naucalpan de Juárez. #AquiGobiernaLaEsperanza #Naucalpan #HuellasDeLaTransformacion","Huellas de la Transformación👣✨ El Gobierno de Ciudad Naucalpan te invita: 📅 Viernes 20 de febrero 🕙 10:00 horas 📍 Col. La Universal Calle José Enrique Rodó 42, Naucalpan de Juárez. #AquiGobiernaLaEsperanza #Naucalpan #HuellasDeLaTransformacion",https://www.facebook.com/CiudadNaucalpan/posts/pfbid0BoSSw9FZ2Re9ffWUSFP56LSuyyUytAs4c8vVTNm14ruzru2voW3TY3vzHbCcoSCkl,https://www.facebook.com/CiudadNaucalpan/posts/pfbid0BoSSw9FZ2Re9ffWUSFP56LSuyyUytAs4c8vVTNm14ruzru2voW3TY3vzHbCcoSCkl,2026-02-19 21:51:32,2026-02-19,/home/emilio/Documentos/Naucalpan_Semanal_Reportes/Periodico/Enero_Mayo/2026-02-16_al_2026-02-28/Facebook/2026-02-16_al_2026-02-28_Facebook/2026-02-16_al_2026-02-28_Facebook_posts.csv
2026-02-16,2026-02-16_al_2026-02-28_Facebook,gobierno_naucalpan,Gobierno de Naucalpan,facebook,Facebook,post_facebook,ciudadnaucalpan,Ciudad Naucalpan / Gobierno Municipal 2025-2027.,,Bazar de mujeres emprendedoras de Ciudad Naucalpan.💜 #AquiGobiernaLaEsperanza #Naucalpan #IMNIS,Bazar de mujeres emprendedoras de Ciudad Naucalpan.💜 #AquiGobiernaLaEsperanza #Naucalpan #IMNIS,https://www.facebook.com/reel/4324241804510994/,https://www.facebook.com/reel/4324241804510994/,2026-02-19 18:54:11,2026-02-19,/home/emilio/Documentos/Naucalpan_Semanal_Reportes/Periodico/Enero_Mayo/2026-02-16_al_2026-02-28/Facebook/2026-02-16_al_2026-02-28_Facebook/2026-02-16_al_2026-02-28_Facebook_posts.csv
2026-02-16,2026-02-16_al_2026-02-28_Facebook,gobierno_naucalpan,Gobierno de Naucalpan,facebook,Facebook,post_facebook,ciudadnaucalpan,Ciudad Naucalpan / Gobierno Municipal 2025-2027.,,"“Mesa de la Paz, Amor por la Paz”✨🕊️ El Gobierno de Ciudad Naucalpan invita a la ciudadanía a participar en la jornada de servicios gratuitos que se llevará a cabo en el marco de la Mesa de la Paz: ✂️ Cortes de cabello ⚖️ Atención jurídica 🧠 Atención psicológica con perspectiva de género 📚 Taller: Sobre mitos del amor romántico 📅 Viernes 20 de febrero de 2026 🕘 9:00 horas 📍 Col. Santa Cruz del Monte Calle Cruz del Cristo 45, Naucalpan de Juárez. #AquiGobiernaLaEsperanza #Naucalpan #MesaDePaz #IMNIS #OASyS #GuardiaMunicipal","“Mesa de la Paz, Amor por la Paz”✨🕊️ El Gobierno de Ciudad Naucalpan invita a la ciudadanía a participar en la jornada de servicios gratuitos que se llevará a cabo en el marco de la Mesa de la Paz: ✂️ Cortes de cabello ⚖️ Atención jurídica 🧠 Atención psicológica con perspectiva de género 📚 Taller: Sobre mitos del amor romántico 📅 Viernes 20 de febrero de 2026 🕘 9:00 horas 📍 Col. Santa Cruz del Monte Calle Cruz del Cristo 45, Naucalpan de Juárez. #AquiGobiernaLaEsperanza #Naucalpan #MesaDePaz #IMNIS #OASyS #GuardiaMunicipal",https://www.facebook.com/CiudadNaucalpan/posts/pfbid02xEoADeTVGxnjoVJk5Lj9qJTsTxEtRUpcZmFSyTdtR7YtgsBbv3rV66fs1SZBcWRol,https://www.facebook.com/CiudadNaucalpan/posts/pfbid02xEoADeTVGxnjoVJk5Lj9qJTsTxEtRUpcZmFSyTdtR7YtgsBbv3rV66fs1SZBcWRol,2026-02-19 14:59:24,2026-02-19,/home/emilio/Documentos/Naucalpan_Semanal_Reportes/Periodico/Enero_Mayo/2026-02-16_al_2026-02-28/Facebook/2026-02-16_al_2026-02-28_Facebook/2026-02-16_al_2026-02-28_Facebook_posts.csv
2026-02-16,2026-02-16_al_2026-02-28_Facebook,gobierno_naucalpan,Gobierno de Naucalpan,facebook,Facebook,post_facebook,ciudadnaucalpan,Ciudad Naucalpan / Gobierno Municipal 2025-2027.,,"El Gobierno Municipal de Ciudad Naucalpan, encabezado por el Presidente Isaac Montoya, inauguró el Mural Colectivo en el CONALEP II, ubicado en Avenida de las Granjas, colonia Mártires de Río Blanco, como parte de una estrategia integral para recuperar y dignificar los entornos escolares.🎨🧑‍🏫📒 Esta obra, realizada con el propósito de acercar el arte a la juventud, se encuentra estratégicamente ubicada a un costado de las aulas en la zona de recreo, impactando diariamente a más de 1,500 estudiantes que forman parte de esta comunidad educativa. El proyecto fue coordinado a través de las Juventudes Naucalpenses. La ejecución artística estuvo a cargo de muralistas locales y contó con la valiosa participación de estudiantes del plantel, quienes colaboraron activamente en la creación de una obra que refleja el espíritu juvenil y el camino de las y los estudiantes hacia su futuro profesional. Durante la inauguración, autoridades municipales y escolares coincidieron en que el arte y la recuperación de espacios son parte fundamental de la transformación que vive Ciudad Naucalpan. #AquiGobiernaLaEsperanza #Naucalpan #Educacion #Cultura #Juventud","El Gobierno Municipal de Ciudad Naucalpan, encabezado por el Presidente Isaac Montoya, inauguró el Mural Colectivo en el CONALEP II, ubicado en Avenida de las Granjas, colonia Mártires de Río Blanco, como parte de una estrategia integral para recuperar y dignificar los entornos escolares.🎨🧑‍🏫📒 Esta obra, realizada con el propósito de acercar el arte a la juventud, se encuentra estratégicamente ubicada a un costado de las aulas en la zona de recreo, impactando diariamente a más de 1,500 estudiantes que forman parte de esta comunidad educativa. El proyecto fue coordinado a través de las Juventudes Naucalpenses. La ejecución artística estuvo a cargo de muralistas locales y contó con la valiosa participación de estudiantes del plantel, quienes colaboraron activamente en la creación de una obra que refleja el espíritu juvenil y el camino de las y los estudiantes hacia su futuro profesional. Durante la inauguración, autoridades municipales y escolares coincidieron en que el arte y la recuperación de espacios son parte fundamental de la transformación que vive Ciudad Naucalpan. #AquiGobiernaLaEsperanza #Naucalpan #Educacion #Cultura #Juventud",https://www.facebook.com/CiudadNaucalpan/posts/pfbid02QJbPHdnuy5UEZT6tVBu4SLFqPVUv1ywEhLtPsxU2gNrTycYcNkQ2kPpJPY2YpJ5Ql,https://www.facebook.com/CiudadNaucalpan/posts/pfbid02QJbPHdnuy5UEZT6tVBu4SLFqPVUv1ywEhLtPsxU2gNrTycYcNkQ2kPpJPY2YpJ5Ql,2026-02-19 14:23:00,2026-02-19,/home/emilio/Documentos/Naucalpan_Semanal_Reportes/Periodico/Enero_Mayo/2026-02-16_al_2026-02-28/Facebook/2026-02-16_al_2026-02-28_Facebook/2026-02-16_al_2026-02-28_Facebook_posts.csv
2026-02-16,2026-02-16_al_2026-02-28_Facebook,gobierno_naucalpan,Gobierno de Naucalpan,facebook,Facebook,post_facebook,ciudadnaucalpan,Ciudad Naucalpan / Gobierno Municipal 2025-2027.,,"19 de febrero | Día del Ejército Mexicano. Hoy conmemoramos al Ejército Mexicano y rendimos homenaje a las mujeres y hombres que, con disciplina y valentía, forman parte del Ejército, la Guardia Nacional y la Fuerza Aérea Mexicana. #AquiGobiernaLaEsperanza #Naucalpan #EjercitoMexicano","19 de febrero | Día del Ejército Mexicano. Hoy conmemoramos al Ejército Mexicano y rendimos homenaje a las mujeres y hombres que, con disciplina y valentía, forman parte del Ejército, la Guardia Nacional y la Fuerza Aérea Mexicana. #AquiGobiernaLaEsperanza #Naucalpan #EjercitoMexicano",https://www.facebook.com/CiudadNaucalpan/posts/pfbid02kzNkn9Jy2sggCmbPwVGE5HvZtV2zz5K9oCytsxZpW4jZEjwvN1ECxudyAtgBGCtbl,https://www.facebook.com/CiudadNaucalpan/posts/pfbid02kzNkn9Jy2sggCmbPwVGE5HvZtV2zz5K9oCytsxZpW4jZEjwvN1ECxudyAtgBGCtbl,2026-02-19 09:48:25,2026-02-19,/home/emilio/Documentos/Naucalpan_Semanal_Reportes/Periodico/Enero_Mayo/2026-02-16_al_2026-02-28/Facebook/2026-02-16_al_2026-02-28_Facebook/2026-02-16_al_2026-02-28_Facebook_posts.csv
2026-02-16,2026-02-16_al_2026-02-28_Facebook,gobierno_naucalpan,Gobierno de Naucalpan,facebook,Facebook,post_facebook,ciudadnaucalpan,Ciudad Naucalpan / Gobierno Municipal 2025-2027.,,"Conferencia: “El servicio como ventaja competitiva”📢✨ El Gobierno de Ciudad Naucalpan, a través de la Dirección de Desarrollo y Fomento Económico, te invita a este evento gratuito donde conocerás herramientas clave para fortalecer tu servicio y hacerlo una ventaja competitiva. 📍👉Consulta sede, fecha, horario y datos de registro directamente en la imagen. #AquiGobiernaLaEsperanza #Naucalpan #FomentoEconomico","Conferencia: “El servicio como ventaja competitiva”📢✨ El Gobierno de Ciudad Naucalpan, a través de la Dirección de Desarrollo y Fomento Económico, te invita a este evento gratuito donde conocerás herramientas clave para fortalecer tu servicio y hacerlo una ventaja competitiva. 📍👉Consulta sede, fecha, horario y datos de registro directamente en la imagen. #AquiGobiernaLaEsperanza #Naucalpan #FomentoEconomico",https://www.facebook.com/CiudadNaucalpan/posts/pfbid02zE1kWhLpYXKWFPyXEMH1jhFZv7NK78eEWJ9bguySVR6LNNu3zWrtDbSAuqygxuDfl,https://www.facebook.com/CiudadNaucalpan/posts/pfbid02zE1kWhLpYXKWFPyXEMH1jhFZv7NK78eEWJ9bguySVR6LNNu3zWrtDbSAuqygxuDfl,2026-02-18 19:01:38,2026-02-18,/home/emilio/Documentos/Naucalpan_Semanal_Reportes/Periodico/Enero_Mayo/2026-02-16_al_2026-02-28/Facebook/2026-02-16_al_2026-02-28_Facebook/2026-02-16_al_2026-02-28_Facebook_posts.csv
2026-02-16,2026-02-16_al_2026-02-28_Facebook,gobierno_naucalpan,Gobierno de Naucalpan,facebook,Facebook,post_facebook,ciudadnaucalpan,Ciudad Naucalpan / Gobierno Municipal 2025-2027.,,"Caravana “Estamos Contigo” llega a La Mancha III💜 El Gobierno de Ciudad Naucalpan, a través del Instituto de las Mujeres Naucalpenses y la Igualdad Sustantiva, invita a la ciudadanía a participar en la Caravana “Estamos Contigo”, un espacio integral de atención y acompañamiento para fortalecer el bienestar de las mujeres y sus familias. 🤝✨ 📍 Colonia Mancha 3, calle C.13 🗓️ Sábado 21 de febrero de 2026 ⏰ De 10:00 a 14:30 horas #AquiGobiernaLaEsperanza #Naucalpan #EstamosContigo","Caravana “Estamos Contigo” llega a La Mancha III💜 El Gobierno de Ciudad Naucalpan, a través del Instituto de las Mujeres Naucalpenses y la Igualdad Sustantiva, invita a la ciudadanía a participar en la Caravana “Estamos Contigo”, un espacio integral de atención y acompañamiento para fortalecer el bienestar de las mujeres y sus familias. 🤝✨ 📍 Colonia Mancha 3, calle C.13 🗓️ Sábado 21 de febrero de 2026 ⏰ De 10:00 a 14:30 horas #AquiGobiernaLaEsperanza #Naucalpan #EstamosContigo",https://www.facebook.com/CiudadNaucalpan/posts/pfbid0245nZMBhCCsjVdhFrnKdhjrfTTnDFWx2kAp8EEtCM3eJ345RojXqqSQR3xqL6rLLzl,https://www.facebook.com/CiudadNaucalpan/posts/pfbid0245nZMBhCCsjVdhFrnKdhjrfTTnDFWx2kAp8EEtCM3eJ345RojXqqSQR3xqL6rLLzl,2026-02-18 18:54:21,2026-02-18,/home/emilio/Documentos/Naucalpan_Semanal_Reportes/Periodico/Enero_Mayo/2026-02-16_al_2026-02-28/Facebook/2026-02-16_al_2026-02-28_Facebook/2026-02-16_al_2026-02-28_Facebook_posts.csv
2026-02-16,2026-02-16_al_2026-02-28_Facebook,gobierno_naucalpan,Gobierno de Naucalpan,facebook,Facebook,post_facebook,ciudadnaucalpan,Ciudad Naucalpan / Gobierno Municipal 2025-2027.,,"Con el fin de asegurar la afiliación al IMSS Bienestar en Ciudad Naucalpan y alcanzar la cobertura universal, el Presidente Municipal, Isaac Montoya y el Coordinador Estatal del IMSS- Bienestar, en el Estado de México, Natán Enríquez Ríos, llevaron a cabo una firma de convenio de colaboración en el Salón Expresidentes del edificio del Ayuntamiento. 🏥 El Presidente Municipal destacó que hablar de salud es hablar de dignidad, de tranquilidad para madres y padres de familia, de certeza para las personas adultas mayores y de oportunidades para juventudes e infancias que históricamente han quedado fuera de los sistemas de seguridad social. Con este convenio se instalarán y fortalecerán módulos de afiliación en Naucalpan, para que quienes no cuentan con seguridad social puedan registrarse y acceder a consultas, medicamentos y estudios sin costo. Asimismo, se consolidará la atención primaria y la prevención como ejes centrales, priorizando la detección oportuna y el acompañamiento comunitario. Desde el Gobierno de Ciudad Naucalpan seguimos trabajando para construir un sistema de salud más humano, cercano y justo. La salud es un derecho, no un privilegio. #AquiGobiernaLaEsperanza #Naucalpan #IMSSBienestar #SaludParaTodos","Con el fin de asegurar la afiliación al IMSS Bienestar en Ciudad Naucalpan y alcanzar la cobertura universal, el Presidente Municipal, Isaac Montoya y el Coordinador Estatal del IMSS- Bienestar, en el Estado de México, Natán Enríquez Ríos, llevaron a cabo una firma de convenio de colaboración en el Salón Expresidentes del edificio del Ayuntamiento. 🏥 El Presidente Municipal destacó que hablar de salud es hablar de dignidad, de tranquilidad para madres y padres de familia, de certeza para las personas adultas mayores y de oportunidades para juventudes e infancias que históricamente han quedado fuera de los sistemas de seguridad social. Con este convenio se instalarán y fortalecerán módulos de afiliación en Naucalpan, para que quienes no cuentan con seguridad social puedan registrarse y acceder a consultas, medicamentos y estudios sin costo. Asimismo, se consolidará la atención primaria y la prevención como ejes centrales, priorizando la detección oportuna y el acompañamiento comunitario. Desde el Gobierno de Ciudad Naucalpan seguimos trabajando para construir un sistema de salud más humano, cercano y justo. La salud es un derecho, no un privilegio. #AquiGobiernaLaEsperanza #Naucalpan #IMSSBienestar #SaludParaTodos",https://www.facebook.com/CiudadNaucalpan/posts/pfbid02NWQYf48pTpF2LtxD1cEXLv5Yi3RNYGZiM5u1GQcaVq3NDEiEXnneXrb7cgWRT7Kbl,https://www.facebook.com/CiudadNaucalpan/posts/pfbid02NWQYf48pTpF2LtxD1cEXLv5Yi3RNYGZiM5u1GQcaVq3NDEiEXnneXrb7cgWRT7Kbl,2026-02-18 15:11:29,2026-02-18,/home/emilio/Documentos/Naucalpan_Semanal_Reportes/Periodico/Enero_Mayo/2026-02-16_al_2026-02-28/Facebook/2026-02-16_al_2026-02-28_Facebook/2026-02-16_al_2026-02-28_Facebook_posts.csv
2026-02-16,2026-02-16_al_2026-02-28_Facebook,gobierno_naucalpan,Gobierno de Naucalpan,facebook,Facebook,post_facebook,ciudadnaucalpan,Ciudad Naucalpan / Gobierno Municipal 2025-2027.,,Hoy reafirmamos que la prevención se construye en equipo.🚨 👉¡Gracias por participar! Tu compromiso fortalece la cultura de prevención. #AquiGobiernaLaEsperanza #EdoMex #Naucalpan #ProteccionCivil #SimulacroSismo2026,Hoy reafirmamos que la prevención se construye en equipo.🚨 👉¡Gracias por participar! Tu compromiso fortalece la cultura de prevención. #AquiGobiernaLaEsperanza #EdoMex #Naucalpan #ProteccionCivil #SimulacroSismo2026,https://www.facebook.com/reel/670581782785236/,https://www.facebook.com/reel/670581782785236/,2026-02-18 14:31:44,2026-02-18,/home/emilio/Documentos/Naucalpan_Semanal_Reportes/Periodico/Enero_Mayo/2026-02-16_al_2026-02-28/Facebook/2026-02-16_al_2026-02-28_Facebook/2026-02-16_al_2026-02-28_Facebook_posts.csv
2026-02-16,2026-02-16_al_2026-02-28_Facebook,gobierno_naucalpan,Gobierno de Naucalpan,facebook,Facebook,post_facebook,ciudadnaucalpan,Ciudad Naucalpan / Gobierno Municipal 2025-2027.,,"Hoy reafirmamos que la prevención se construye en equipo.🚨 El Gobierno de Ciudad Naucalpan participó activamente en el Primer Simulacro por Sismo 2026, fortaleciendo rutas de evacuación, protocolos de actuación y tiempos de respuesta ante una posible emergencia. Estos ejercicios no solo ponen a prueba a las instituciones, también nos preparan como comunidad. La cultura de la prevención es una práctica permanente que salva vidas y nos permite actuar con orden y responsabilidad. Seguimos trabajando para proteger a nuestras familias y construir un Naucalpan más seguro. 👉¡Gracias por participar! Tu compromiso fortalece la cultura de prevención. #AquiGobiernaLaEsperanza #EdoMex #Naucalpan #ProteccionCivil #SimulacroSismo2026","Hoy reafirmamos que la prevención se construye en equipo.🚨 El Gobierno de Ciudad Naucalpan participó activamente en el Primer Simulacro por Sismo 2026, fortaleciendo rutas de evacuación, protocolos de actuación y tiempos de respuesta ante una posible emergencia. Estos ejercicios no solo ponen a prueba a las instituciones, también nos preparan como comunidad. La cultura de la prevención es una práctica permanente que salva vidas y nos permite actuar con orden y responsabilidad. Seguimos trabajando para proteger a nuestras familias y construir un Naucalpan más seguro. 👉¡Gracias por participar! Tu compromiso fortalece la cultura de prevención. #AquiGobiernaLaEsperanza #EdoMex #Naucalpan #ProteccionCivil #SimulacroSismo2026",https://www.facebook.com/CiudadNaucalpan/posts/pfbid0VDk1G2JdNT6XcX83E9NTxU6wGkdRQELq3R3rxjSmfRtD13DBq65mi5WPGLnogaGVl,https://www.facebook.com/CiudadNaucalpan/posts/pfbid0VDk1G2JdNT6XcX83E9NTxU6wGkdRQELq3R3rxjSmfRtD13DBq65mi5WPGLnogaGVl,2026-02-18 13:18:56,2026-02-18,/home/emilio/Documentos/Naucalpan_Semanal_Reportes/Periodico/Enero_Mayo/2026-02-16_al_2026-02-28/Facebook/2026-02-16_al_2026-02-28_Facebook/2026-02-16_al_2026-02-28_Facebook_posts.csv
2026-02-16,2026-02-16_al_2026-02-28_Facebook,gobierno_naucalpan,Gobierno de Naucalpan,facebook,Facebook,post_facebook,ciudadnaucalpan,Ciudad Naucalpan / Gobierno Municipal 2025-2027.,,"Unidades Móviles EDOMÉX en Ciudad Naucalpan🚐📄 Realiza tus trámites del Registro Civil cerca de tu hogar. 📅 Del 25 de febrero al 11 de marzo. 🕘 9:00 a 15:00 horas. Consulta fechas, sedes y servicios disponibles directamente en las imágenes. #AquiGobiernaLaEsperanza #Naucalpan #UnidadesMoviles #RegistroCivil","Unidades Móviles EDOMÉX en Ciudad Naucalpan🚐📄 Realiza tus trámites del Registro Civil cerca de tu hogar. 📅 Del 25 de febrero al 11 de marzo. 🕘 9:00 a 15:00 horas. Consulta fechas, sedes y servicios disponibles directamente en las imágenes. #AquiGobiernaLaEsperanza #Naucalpan #UnidadesMoviles #RegistroCivil",https://www.facebook.com/CiudadNaucalpan/posts/pfbid0yixvA1Uw2nb3BvAtnxGVguV8SRzHfnFtFNK46FGkPLbNNLak8PwwpTxzKmLiwjNUl,https://www.facebook.com/CiudadNaucalpan/posts/pfbid0yixvA1Uw2nb3BvAtnxGVguV8SRzHfnFtFNK46FGkPLbNNLak8PwwpTxzKmLiwjNUl,2026-02-18 13:01:56,2026-02-18,/home/emilio/Documentos/Naucalpan_Semanal_Reportes/Periodico/Enero_Mayo/2026-02-16_al_2026-02-28/Facebook/2026-02-16_al_2026-02-28_Facebook/2026-02-16_al_2026-02-28_Facebook_posts.csv
2026-02-16,2026-02-16_al_2026-02-28_Facebook,gobierno_naucalpan,Gobierno de Naucalpan,facebook,Facebook,post_facebook,ciudadnaucalpan,Ciudad Naucalpan / Gobierno Municipal 2025-2027.,,"El Gobierno de Ciudad Naucalpan informa que este miércoles 18 de febrero, a las 11:00 horas, se llevará a cabo el Primer Simulacro por Sismo 2026 en el Estado de México y la Ciudad de México.🚨 👉Durante el ejercicio se activará la alerta sísmica en teléfonos celulares y altavoces, como parte de las acciones de prevención y fortalecimiento de la cultura de protección civil. ⛑️Invitamos a la ciudadanía, instituciones, comercios y centros de trabajo a participar de manera responsable y seguir las indicaciones de las autoridades. Prepararnos hoy puede salvar vidas mañana. #AquiGobiernaLaEsperanza #EdoMex #Naucalpan #ProteccionCivil #Simulacro2026","El Gobierno de Ciudad Naucalpan informa que este miércoles 18 de febrero, a las 11:00 horas, se llevará a cabo el Primer Simulacro por Sismo 2026 en el Estado de México y la Ciudad de México.🚨 👉Durante el ejercicio se activará la alerta sísmica en teléfonos celulares y altavoces, como parte de las acciones de prevención y fortalecimiento de la cultura de protección civil. ⛑️Invitamos a la ciudadanía, instituciones, comercios y centros de trabajo a participar de manera responsable y seguir las indicaciones de las autoridades. Prepararnos hoy puede salvar vidas mañana. #AquiGobiernaLaEsperanza #EdoMex #Naucalpan #ProteccionCivil #Simulacro2026",https://www.facebook.com/CiudadNaucalpan/posts/pfbid025BEhKhZ9kTuaCWFWd9p22E2cT72eQtTC3DJ64cpu1EsYYJPLmgHz3YrFEgz6c5d1l,https://www.facebook.com/CiudadNaucalpan/posts/pfbid025BEhKhZ9kTuaCWFWd9p22E2cT72eQtTC3DJ64cpu1EsYYJPLmgHz3YrFEgz6c5d1l,2026-02-18 10:54:23,2026-02-18,/home/emilio/Documentos/Naucalpan_Semanal_Reportes/Periodico/Enero_Mayo/2026-02-16_al_2026-02-28/Facebook/2026-02-16_al_2026-02-28_Facebook/2026-02-16_al_2026-02-28_Facebook_posts.csv
2026-02-16,2026-02-16_al_2026-02-28_Facebook,gobierno_naucalpan,Gobierno de Naucalpan,facebook,Facebook,post_facebook,guardiamunicipalciudadnaucalpan,Guardia Municipal Ciudad Naucalpan,,"Detenido por hechos que podrían constituir un delito en agravio de una menor de edad en San Francisco Chimalpa🚨 Derivado de la atención oportuna a una denuncia, fue asegurado un hombre señalado por su probable participación en hechos en agravio de una menor de edad. El detenido fue puesto de inmediato a disposición del Ministerio Público, autoridad que realizará las investigaciones correspondientes y determinará su situación jurídica conforme a derecho. En la Guardia Municipal reiteramos nuestro compromiso de actuar con responsabilidad, profesionalismo y estricto apego al debido proceso, priorizando en todo momento la protección y el interés superior de la niñez. Si eres víctima o tienes conocimiento de algún hecho que vulnere la integridad de niñas, niños o adolescentes, denuncia a través de los canales oficiales. La protección de la niñez es una responsabilidad compartida. #AquiGobiernaLaEsperanza #Naucalpan #GuardiaMunicipal","Detenido por hechos que podrían constituir un delito en agravio de una menor de edad en San Francisco Chimalpa🚨 Derivado de la atención oportuna a una denuncia, fue asegurado un hombre señalado por su probable participación en hechos en agravio de una menor de edad. El detenido fue puesto de inmediato a disposición del Ministerio Público, autoridad que realizará las investigaciones correspondientes y determinará su situación jurídica conforme a derecho. En la Guardia Municipal reiteramos nuestro compromiso de actuar con responsabilidad, profesionalismo y estricto apego al debido proceso, priorizando en todo momento la protección y el interés superior de la niñez. Si eres víctima o tienes conocimiento de algún hecho que vulnere la integridad de niñas, niños o adolescentes, denuncia a través de los canales oficiales. La protección de la niñez es una responsabilidad compartida. #AquiGobiernaLaEsperanza #Naucalpan #GuardiaMunicipal",https://www.facebook.com/GuardiaMunicipalCiudadNaucalpan/posts/pfbid02qynMDDMjDQ5YHuFZd5tTcYRxyfbu7zid2k83D8b96pYGiaYb3vC7W3ujik4d4UXwl,https://www.facebook.com/GuardiaMunicipalCiudadNaucalpan/posts/pfbid02qynMDDMjDQ5YHuFZd5tTcYRxyfbu7zid2k83D8b96pYGiaYb3vC7W3ujik4d4UXwl,2026-02-18 14:48:58,2026-02-18,/home/emilio/Documentos/Naucalpan_Semanal_Reportes/Periodico/Enero_Mayo/2026-02-16_al_2026-02-28/Facebook/2026-02-16_al_2026-02-28_Facebook/2026-02-16_al_2026-02-28_Facebook_posts.csv
2026-02-16,2026-02-16_al_2026-02-28_Facebook,gobierno_naucalpan,Gobierno de Naucalpan,facebook,Facebook,post_facebook,guardiamunicipalciudadnaucalpan,Guardia Municipal Ciudad Naucalpan,,"Mega Operativo Estrategia Oriente🚔 Con el objetivo de combatir de manera frontal los delitos de alto impacto, se puso en marcha el Mega Operativo “Estrategia Oriente”, en el que participan de manera coordinada los tres niveles de gobierno: federal, estatal y municipal. En estas acciones conjuntas intervienen la Secretaría de la Defensa Nacional, la Guardia Nacional, la Secretaría de Seguridad del Estado de México y la Guardia Municipal de Naucalpan, quienes realizan despliegues estratégicos, patrullajes preventivos, filtros de revisión y labores de proximidad social en puntos prioritarios del municipio. Esta estrategia fortalece la presencia operativa en territorio, inhibe conductas delictivas y refrenda el compromiso de trabajar de manera coordinada para proteger a las familias naucalpenses. La seguridad la construimos entre todas y todos. Seguiremos trabajando por tu bienestar, con toda seguridad. #AquiGobiernaLaEsperanza #GuardiaMunicipal #Naucalpan #GuardiaNacional #PolociaEstatal #Seguridad #EstrategiaOriente #SSEM","Mega Operativo Estrategia Oriente🚔 Con el objetivo de combatir de manera frontal los delitos de alto impacto, se puso en marcha el Mega Operativo “Estrategia Oriente”, en el que participan de manera coordinada los tres niveles de gobierno: federal, estatal y municipal. En estas acciones conjuntas intervienen la Secretaría de la Defensa Nacional, la Guardia Nacional, la Secretaría de Seguridad del Estado de México y la Guardia Municipal de Naucalpan, quienes realizan despliegues estratégicos, patrullajes preventivos, filtros de revisión y labores de proximidad social en puntos prioritarios del municipio. Esta estrategia fortalece la presencia operativa en territorio, inhibe conductas delictivas y refrenda el compromiso de trabajar de manera coordinada para proteger a las familias naucalpenses. La seguridad la construimos entre todas y todos. Seguiremos trabajando por tu bienestar, con toda seguridad. #AquiGobiernaLaEsperanza #GuardiaMunicipal #Naucalpan #GuardiaNacional #PolociaEstatal #Seguridad #EstrategiaOriente #SSEM",https://www.facebook.com/reel/779869121828616/,https://www.facebook.com/reel/779869121828616/,2026-02-16 16:44:54,2026-02-16,/home/emilio/Documentos/Naucalpan_Semanal_Reportes/Periodico/Enero_Mayo/2026-02-16_al_2026-02-28/Facebook/2026-02-16_al_2026-02-28_Facebook/2026-02-16_al_2026-02-28_Facebook_posts.csv
2026-02-16,2026-02-16_al_2026-02-28_Facebook,gobierno_naucalpan,Gobierno de Naucalpan,facebook,Facebook,post_facebook,guardiamunicipalciudadnaucalpan,Guardia Municipal Ciudad Naucalpan,,"La Guardia Municipal, a través de la Subdirección de Prevención del Delito, lleva a cabo pláticas escolares dirigidas a niñas, niños y adolescentes, con el objetivo de fomentar valores, fortalecer la cultura de la legalidad y promover la toma de decisiones responsables.🚸 Mediante estas actividades, se brinda información preventiva que contribuye a: • Identificar conductas de riesgo. • Fortalecer la convivencia escolar. • Promover el autocuidado y el respeto. • Construir entornos más seguros desde edades tempranas. La cercanía con la comunidad educativa es clave para prevenir el delito y formar una ciudadanía consciente, participativa y comprometida. #AquiGobiernaLaEsperanza #GuardiaMunicipal #Naucalpan","La Guardia Municipal, a través de la Subdirección de Prevención del Delito, lleva a cabo pláticas escolares dirigidas a niñas, niños y adolescentes, con el objetivo de fomentar valores, fortalecer la cultura de la legalidad y promover la toma de decisiones responsables.🚸 Mediante estas actividades, se brinda información preventiva que contribuye a: • Identificar conductas de riesgo. • Fortalecer la convivencia escolar. • Promover el autocuidado y el respeto. • Construir entornos más seguros desde edades tempranas. La cercanía con la comunidad educativa es clave para prevenir el delito y formar una ciudadanía consciente, participativa y comprometida. #AquiGobiernaLaEsperanza #GuardiaMunicipal #Naucalpan",https://www.facebook.com/reel/912475294519272/,https://www.facebook.com/reel/912475294519272/,2026-02-16 09:39:43,2026-02-16,/home/emilio/Documentos/Naucalpan_Semanal_Reportes/Periodico/Enero_Mayo/2026-02-16_al_2026-02-28/Facebook/2026-02-16_al_2026-02-28_Facebook/2026-02-16_al_2026-02-28_Facebook_posts.csv
2026-02-16,2026-02-16_al_2026-02-28_Facebook,gobierno_naucalpan,Gobierno de Naucalpan,facebook,Facebook,post_facebook,guardiamunicipalciudadnaucalpan,Guardia Municipal Ciudad Naucalpan,,"La Policía Ética acompaña y vigila el actuar del personal de Movilidad Segura para garantizar un desempeño legal, transparente y con respeto a la ciudadanía.🚔 En Ciudad Naucalpan, la seguridad se ejerce con ética y responsabilidad. #AquiGobiernaLaEsperanza #GuardiaMunicipal #Naucalpan #PoliciaEtica #MovilidadSegura","La Policía Ética acompaña y vigila el actuar del personal de Movilidad Segura para garantizar un desempeño legal, transparente y con respeto a la ciudadanía.🚔 En Ciudad Naucalpan, la seguridad se ejerce con ética y responsabilidad. #AquiGobiernaLaEsperanza #GuardiaMunicipal #Naucalpan #PoliciaEtica #MovilidadSegura",https://www.facebook.com/reel/1399553977984759/,https://www.facebook.com/reel/1399553977984759/,2026-02-16 09:02:55,2026-02-16,/home/emilio/Documentos/Naucalpan_Semanal_Reportes/Periodico/Enero_Mayo/2026-02-16_al_2026-02-28/Facebook/2026-02-16_al_2026-02-28_Facebook/2026-02-16_al_2026-02-28_Facebook_posts.csv
2026-02-16,2026-02-16_al_2026-02-28_Facebook,isaac_montoya,Isaac Montoya,facebook,Facebook,post_facebook,isaacmontoya24,Isaac Montoya,,"En colaboración con la Universidad Iberoamericana Ciudad de México, firmamos un convenio para vincular el rigor académico con la transformación de Ciudad Naucalpan. 🎓 A través del Departamento de Arquitectura, Urbanismo e Ingeniería Civil trabajaremos en proyectos de investigación aplicada, diagnósticos urbanos, laboratorios y proyectos piloto,así como en talleres comunitarios, capacitación para servidoras y servidores públicos y programas de innovación urbana. Este acuerdo nos permitirá fortalecer proyectos estratégicos para Ciudad Naucalpan. Se los dije con claridad a las y los estudiantes: Naucalpan necesita su visión crítica, su ética y su creatividad. Este convenio no es solo un documento; es un puente para que su talento se convierta en soluciones reales para nuestra comunidad. Seguimos trabajando para que Ciudad Naucalpan sea punta de lanza en innovación, sostenibilidad y participación juvenil. 🙋🏻‍♀️🙋🏽‍♂️ #AquiGobiernaLaEsperanza #Naucalpan #Educacion","En colaboración con la Universidad Iberoamericana Ciudad de México, firmamos un convenio para vincular el rigor académico con la transformación de Ciudad Naucalpan. 🎓 A través del Departamento de Arquitectura, Urbanismo e Ingeniería Civil trabajaremos en proyectos de investigación aplicada, diagnósticos urbanos, laboratorios y proyectos piloto,así como en talleres comunitarios, capacitación para servidoras y servidores públicos y programas de innovación urbana. Este acuerdo nos permitirá fortalecer proyectos estratégicos para Ciudad Naucalpan. Se los dije con claridad a las y los estudiantes: Naucalpan necesita su visión crítica, su ética y su creatividad. Este convenio no es solo un documento; es un puente para que su talento se convierta en soluciones reales para nuestra comunidad. Seguimos trabajando para que Ciudad Naucalpan sea punta de lanza en innovación, sostenibilidad y participación juvenil. 🙋🏻‍♀️🙋🏽‍♂️ #AquiGobiernaLaEsperanza #Naucalpan #Educacion",https://www.facebook.com/reel/2742725439414373/,https://www.facebook.com/reel/2742725439414373/,2026-02-27 17:44:51,2026-02-27,/home/emilio/Documentos/Naucalpan_Semanal_Reportes/Periodico/Enero_Mayo/2026-02-16_al_2026-02-28/Facebook/2026-02-16_al_2026-02-28_Facebook/2026-02-16_al_2026-02-28_Facebook_posts.csv
2026-02-16,2026-02-16_al_2026-02-28_Facebook,isaac_montoya,Isaac Montoya,facebook,Facebook,post_facebook,isaacmontoya24,Isaac Montoya,,"En colaboración con la Universidad Iberoamericana Ciudad de México, firmamos un convenio para vincular el rigor académico con la transformación de Ciudad Naucalpan. A través del Departamento de Arquitectura, Urbanismo e Ingeniería Civil, trabajaremos en proyectos de investigación aplicada, diagnósticos urbanos, laboratorios y proyectos piloto, así como en talleres comunitarios, capacitación para servidoras y servidores públicos, y programas de innovación urbana. Este acuerdo nos permitirá fortalecer proyectos estratégicos para Ciudad Naucalpan. Se los dije con claridad a las y los estudiantes: Naucalpan necesita su visión crítica, su ética y su creatividad. Este convenio no es solo un documento; es un puente para que su talento se convierta en soluciones reales para nuestra comunidad. Seguimos trabajando para que Ciudad Naucalpan sea punta de lanza en innovación, sostenibilidad y participación juvenil. #AquiGobiernaLaEsperanza #Naucalpan #Educacion","En colaboración con la Universidad Iberoamericana Ciudad de México, firmamos un convenio para vincular el rigor académico con la transformación de Ciudad Naucalpan. A través del Departamento de Arquitectura, Urbanismo e Ingeniería Civil, trabajaremos en proyectos de investigación aplicada, diagnósticos urbanos, laboratorios y proyectos piloto, así como en talleres comunitarios, capacitación para servidoras y servidores públicos, y programas de innovación urbana. Este acuerdo nos permitirá fortalecer proyectos estratégicos para Ciudad Naucalpan. Se los dije con claridad a las y los estudiantes: Naucalpan necesita su visión crítica, su ética y su creatividad. Este convenio no es solo un documento; es un puente para que su talento se convierta en soluciones reales para nuestra comunidad. Seguimos trabajando para que Ciudad Naucalpan sea punta de lanza en innovación, sostenibilidad y participación juvenil. #AquiGobiernaLaEsperanza #Naucalpan #Educacion",https://www.facebook.com/isaacmontoya24/posts/pfbid0egxdPEsE9D9UKyqHHS43sfw3fuKmT9XCWV327ZXz1nKBpZWRDoy8uhcVCXBkoFZhl,https://www.facebook.com/isaacmontoya24/posts/pfbid0egxdPEsE9D9UKyqHHS43sfw3fuKmT9XCWV327ZXz1nKBpZWRDoy8uhcVCXBkoFZhl,2026-02-27 16:29:50,2026-02-27,/home/emilio/Documentos/Naucalpan_Semanal_Reportes/Periodico/Enero_Mayo/2026-02-16_al_2026-02-28/Facebook/2026-02-16_al_2026-02-28_Facebook/2026-02-16_al_2026-02-28_Facebook_posts.csv
2026-02-16,2026-02-16_al_2026-02-28_Facebook,isaac_montoya,Isaac Montoya,facebook,Facebook,post_facebook,isaacmontoya24,Isaac Montoya,,"El Gobierno de México, encabezado por nuestra Presidenta Claudia Sheinbaum, reconoce a las y los jóvenes como protagonistas del presente y del futuro del país.🇲🇽 Con la estrategia “Jóvenes Transformando México” se impulsa una política integral que atiende las causas y abre oportunidades reales para las juventudes, fortaleciendo la educación, el deporte, la cultura, la salud y el acceso al trabajo digno, además de garantizar el derecho de las mujeres a vivir en un país libre de violencias. Se trata de construir bienestar, reconstruir el tejido social y asegurar que cada joven pueda desarrollarse con plenitud, paz y esperanza. #México","El Gobierno de México, encabezado por nuestra Presidenta Claudia Sheinbaum, reconoce a las y los jóvenes como protagonistas del presente y del futuro del país.🇲🇽 Con la estrategia “Jóvenes Transformando México” se impulsa una política integral que atiende las causas y abre oportunidades reales para las juventudes, fortaleciendo la educación, el deporte, la cultura, la salud y el acceso al trabajo digno, además de garantizar el derecho de las mujeres a vivir en un país libre de violencias. Se trata de construir bienestar, reconstruir el tejido social y asegurar que cada joven pueda desarrollarse con plenitud, paz y esperanza. #México",https://www.facebook.com/reel/930711593245088/,https://www.facebook.com/reel/930711593245088/,2026-02-27 15:53:00,2026-02-27,/home/emilio/Documentos/Naucalpan_Semanal_Reportes/Periodico/Enero_Mayo/2026-02-16_al_2026-02-28/Facebook/2026-02-16_al_2026-02-28_Facebook/2026-02-16_al_2026-02-28_Facebook_posts.csv
2026-02-16,2026-02-16_al_2026-02-28_Facebook,isaac_montoya,Isaac Montoya,facebook,Facebook,post_facebook,isaacmontoya24,Isaac Montoya,,"Como parte de la entrega de estímulos y reconocimientos a quienes todos los días trabajan por la seguridad de Ciudad Naucalpan, dimos la bienvenida a 100 nuevos cadetes que se integran a la estrategia de Policía de Proximidad. 👮‍♀️👮‍♂️ Fortalecimos el equipamiento con bodycams para Tránsito Municipal, porque la transparencia y el respeto a los derechos humanos no son opcionales: son una convicción. También rifamos vehículos eléctricos como reconocimiento a nuestra corporación.🤝 Seguimos construyendo una policía más cercana, profesional y firme. #AquiGobiernaLaEsperanza #Naucalpan #Seguridad","Como parte de la entrega de estímulos y reconocimientos a quienes todos los días trabajan por la seguridad de Ciudad Naucalpan, dimos la bienvenida a 100 nuevos cadetes que se integran a la estrategia de Policía de Proximidad. 👮‍♀️👮‍♂️ Fortalecimos el equipamiento con bodycams para Tránsito Municipal, porque la transparencia y el respeto a los derechos humanos no son opcionales: son una convicción. También rifamos vehículos eléctricos como reconocimiento a nuestra corporación.🤝 Seguimos construyendo una policía más cercana, profesional y firme. #AquiGobiernaLaEsperanza #Naucalpan #Seguridad",https://www.facebook.com/reel/1280134780655716/,https://www.facebook.com/reel/1280134780655716/,2026-02-27 15:22:11,2026-02-27,/home/emilio/Documentos/Naucalpan_Semanal_Reportes/Periodico/Enero_Mayo/2026-02-16_al_2026-02-28/Facebook/2026-02-16_al_2026-02-28_Facebook/2026-02-16_al_2026-02-28_Facebook_posts.csv
2026-02-16,2026-02-16_al_2026-02-28_Facebook,isaac_montoya,Isaac Montoya,facebook,Facebook,post_facebook,isaacmontoya24,Isaac Montoya,,"Como parte de la entrega de estímulos y reconocimientos a quienes todos los días trabajan por la seguridad de Ciudad Naucalpan, dimos la bienvenida a 100 nuevos cadetes que se integran a la estrategia de Policía de Proximidad y fortalecimos el equipamiento con bodycams para Tránsito Municipal, porque la transparencia y el respeto a los derechos humanos no son opcionales: son una convicción. Como reconocimiento al trabajo en campo, y porque dignificar a nuestra corporación es fortalecer la seguridad de nuestras familias, también rifamos vehículos eléctricos. La más reciente medición de la ENSU confirma que estamos recuperando la confianza ciudadana. Hoy avanzamos con resultados. Portar el uniforme es una responsabilidad permanente; juntos vamos a seguir construyendo una policía más cercana, profesional y firme. Seguimos trabajando por la paz y la seguridad de las y los ciudadanos. #AquiGobiernaLaEsperanza #Naucalpan #Seguridad","Como parte de la entrega de estímulos y reconocimientos a quienes todos los días trabajan por la seguridad de Ciudad Naucalpan, dimos la bienvenida a 100 nuevos cadetes que se integran a la estrategia de Policía de Proximidad y fortalecimos el equipamiento con bodycams para Tránsito Municipal, porque la transparencia y el respeto a los derechos humanos no son opcionales: son una convicción. Como reconocimiento al trabajo en campo, y porque dignificar a nuestra corporación es fortalecer la seguridad de nuestras familias, también rifamos vehículos eléctricos. La más reciente medición de la ENSU confirma que estamos recuperando la confianza ciudadana. Hoy avanzamos con resultados. Portar el uniforme es una responsabilidad permanente; juntos vamos a seguir construyendo una policía más cercana, profesional y firme. Seguimos trabajando por la paz y la seguridad de las y los ciudadanos. #AquiGobiernaLaEsperanza #Naucalpan #Seguridad",https://www.facebook.com/isaacmontoya24/posts/pfbid0S3PsegfxSg2NUv6zb74Kwo6q2YFV9Zz4mq9TAVPc8L2p1jBjFjzaBRiVoRkqFQnCl,https://www.facebook.com/isaacmontoya24/posts/pfbid0S3PsegfxSg2NUv6zb74Kwo6q2YFV9Zz4mq9TAVPc8L2p1jBjFjzaBRiVoRkqFQnCl,2026-02-27 15:02:39,2026-02-27,/home/emilio/Documentos/Naucalpan_Semanal_Reportes/Periodico/Enero_Mayo/2026-02-16_al_2026-02-28/Facebook/2026-02-16_al_2026-02-28_Facebook/2026-02-16_al_2026-02-28_Facebook_posts.csv
2026-02-16,2026-02-16_al_2026-02-28_Facebook,isaac_montoya,Isaac Montoya,facebook,Facebook,post_facebook,isaacmontoya24,Isaac Montoya,,En San Rafael Chamapa fueron rescatados 4 seres sintientes en condiciones de abandono y maltrato.🐾🚨 Hoy ya reciben atención veterinaria y resguardo conforme a protocolo. Reafirmamos nuestro compromiso con el bienestar animal.❤️ 👉La protección animal es tarea de todas y todos. Denuncia. #AquiGobiernaLaEsperanza #Naucalpan #BienestarAnimal #Rescate,En San Rafael Chamapa fueron rescatados 4 seres sintientes en condiciones de abandono y maltrato.🐾🚨 Hoy ya reciben atención veterinaria y resguardo conforme a protocolo. Reafirmamos nuestro compromiso con el bienestar animal.❤️ 👉La protección animal es tarea de todas y todos. Denuncia. #AquiGobiernaLaEsperanza #Naucalpan #BienestarAnimal #Rescate,https://www.facebook.com/reel/1547253696346622/,https://www.facebook.com/reel/1547253696346622/,2026-02-27 13:46:48,2026-02-27,/home/emilio/Documentos/Naucalpan_Semanal_Reportes/Periodico/Enero_Mayo/2026-02-16_al_2026-02-28/Facebook/2026-02-16_al_2026-02-28_Facebook/2026-02-16_al_2026-02-28_Facebook_posts.csv
2026-02-16,2026-02-16_al_2026-02-28_Twitter,isaac_montoya,Isaac Montoya,twitter,Twitter/X,tweet,@isaacsolar,@isaacsolar,,"En colaboración con la Universidad Iberoamericana CDMX firmamos un convenio para vincular el rigor académico con la transformación de Ciudad Naucalpan. Impulsaremos investigación aplicada, diagnósticos urbanos y proyectos piloto para fortalecer iniciativas estratégicas del municipio. #AquiGobiernaLaEsperanza #Naucalpan #Educacion","En colaboración con la Universidad Iberoamericana CDMX firmamos un convenio para vincular el rigor académico con la transformación de Ciudad Naucalpan. Impulsaremos investigación aplicada, diagnósticos urbanos y proyectos piloto para fortalecer iniciativas estratégicas del municipio. #AquiGobiernaLaEsperanza #Naucalpan #Educacion",https://x.com/isaacsolar/status/2027530116520185936,https://x.com/isaacsolar/status/2027530116520185936,2026-02-27 23:43:44+00:00,2026-02-27,/home/emilio/Documentos/Naucalpan_Semanal_Reportes/Periodico/Enero_Mayo/2026-02-16_al_2026-02-28/Twitter/2026-02-16_al_2026-02-28_Twitter/2026-02-16_al_2026-02-28_Twitter_post_institucionales.csv
2026-02-16,2026-02-16_al_2026-02-28_Twitter,isaac_montoya,Isaac Montoya,twitter,Twitter/X,tweet,@isaacsolar,@isaacsolar,,"Firmamos un convenio con la Universidad Iberoamericana CDMX para vincular el rigor académico con la transformación de Ciudad Naucalpan. Impulsaremos investigación aplicada, innovación urbana y proyectos estratégicos. Naucalpan necesita la visión y creatividad de su juventud. #AquiGobiernaLaEsperanza #Naucalpan #Educacion","Firmamos un convenio con la Universidad Iberoamericana CDMX para vincular el rigor académico con la transformación de Ciudad Naucalpan. Impulsaremos investigación aplicada, innovación urbana y proyectos estratégicos. Naucalpan necesita la visión y creatividad de su juventud. #AquiGobiernaLaEsperanza #Naucalpan #Educacion",https://x.com/isaacsolar/status/2027511758160564680,https://x.com/isaacsolar/status/2027511758160564680,2026-02-27 22:30:47+00:00,2026-02-27,/home/emilio/Documentos/Naucalpan_Semanal_Reportes/Periodico/Enero_Mayo/2026-02-16_al_2026-02-28/Twitter/2026-02-16_al_2026-02-28_Twitter/2026-02-16_al_2026-02-28_Twitter_post_institucionales.csv
2026-02-16,2026-02-16_al_2026-02-28_Twitter,isaac_montoya,Isaac Montoya,twitter,Twitter/X,tweet,@isaacsolar,@isaacsolar,,"Como parte de la entrega de estímulos y reconocimientos a quienes todos los días trabajan por la seguridad de Ciudad Naucalpan, dimos la bienvenida a 100 nuevos cadetes que se integran a la estrategia de Policía de Proximidad. Fortalecimos el equipamiento con bodycams para Tránsito Municipal, porque la transparencia y el respeto a los derechos humanos no son opcionales: son una convicción. También rifamos vehículos eléctricos como reconocimiento a nuestra corporación. Seguimos construyendo una policía más cercana, profesional y firme. #AquiGobiernaLaEsperanza #Naucalpan #Seguridad","Como parte de la entrega de estímulos y reconocimientos a quienes todos los días trabajan por la seguridad de Ciudad Naucalpan, dimos la bienvenida a 100 nuevos cadetes que se integran a la estrategia de Policía de Proximidad. Fortalecimos el equipamiento con bodycams para Tránsito Municipal, porque la transparencia y el respeto a los derechos humanos no son opcionales: son una convicción. También rifamos vehículos eléctricos como reconocimiento a nuestra corporación. Seguimos construyendo una policía más cercana, profesional y firme. #AquiGobiernaLaEsperanza #Naucalpan #Seguridad",https://x.com/isaacsolar/status/2027493951310061646,https://x.com/isaacsolar/status/2027493951310061646,2026-02-27 21:20:01+00:00,2026-02-27,/home/emilio/Documentos/Naucalpan_Semanal_Reportes/Periodico/Enero_Mayo/2026-02-16_al_2026-02-28/Twitter/2026-02-16_al_2026-02-28_Twitter/2026-02-16_al_2026-02-28_Twitter_post_institucionales.csv
2026-02-16,2026-02-16_al_2026-02-28_Twitter,isaac_montoya,Isaac Montoya,twitter,Twitter/X,tweet,@isaacsolar,@isaacsolar,,"Como parte de la entrega de estímulos y reconocimientos a quienes todos los días trabajan por la seguridad de Ciudad Naucalpan, dimos la bienvenida a 100 nuevos cadetes que se integran a la estrategia de Policía de Proximidad y fortalecimos el equipamiento con bodycams para Tránsito Municipal, porque la transparencia y el respeto a los derechos humanos no son opcionales: son una convicción. Como reconocimiento al trabajo en campo, y porque dignificar a nuestra corporación es fortalecer la seguridad de nuestras familias, también rifamos vehículos eléctricos. La más reciente medición de la ENSU confirma que estamos recuperando la confianza ciudadana. Hoy avanzamos con resultados. Portar el uniforme es una responsabilidad permanente; juntos vamos a seguir construyendo una policía más cercana, profesional y firme. Seguimos trabajando por la paz y la seguridad de las y los ciudadanos. #AquiGobiernaLaEsperanza #Naucalpan #Seguridad","Como parte de la entrega de estímulos y reconocimientos a quienes todos los días trabajan por la seguridad de Ciudad Naucalpan, dimos la bienvenida a 100 nuevos cadetes que se integran a la estrategia de Policía de Proximidad y fortalecimos el equipamiento con bodycams para Tránsito Municipal, porque la transparencia y el respeto a los derechos humanos no son opcionales: son una convicción. Como reconocimiento al trabajo en campo, y porque dignificar a nuestra corporación es fortalecer la seguridad de nuestras familias, también rifamos vehículos eléctricos. La más reciente medición de la ENSU confirma que estamos recuperando la confianza ciudadana. Hoy avanzamos con resultados. Portar el uniforme es una responsabilidad permanente; juntos vamos a seguir construyendo una policía más cercana, profesional y firme. Seguimos trabajando por la paz y la seguridad de las y los ciudadanos. #AquiGobiernaLaEsperanza #Naucalpan #Seguridad",https://x.com/isaacsolar/status/2027489567473823772,https://x.com/isaacsolar/status/2027489567473823772,2026-02-27 21:02:36+00:00,2026-02-27,/home/emilio/Documentos/Naucalpan_Semanal_Reportes/Periodico/Enero_Mayo/2026-02-16_al_2026-02-28/Twitter/2026-02-16_al_2026-02-28_Twitter/2026-02-16_al_2026-02-28_Twitter_post_institucionales.csv
2026-02-16,2026-02-16_al_2026-02-28_Twitter,isaac_montoya,Isaac Montoya,twitter,Twitter/X,tweet,@isaacsolar,@isaacsolar,,"En un acto encaminado a fortalecer el patrimonio y la paz social de la demarcación, realizamos la entrega de 250 testamentos a vecinas y vecinos de Ciudad Naucalpan. Muchas personas posponen este trámite por miedo o porque lo perciben como algo lejano y complicado. Yo estoy","En un acto encaminado a fortalecer el patrimonio y la paz social de la demarcación, realizamos la entrega de 250 testamentos a vecinas y vecinos de Ciudad Naucalpan. Muchas personas posponen este trámite por miedo o porque lo perciben como algo lejano y complicado. Yo estoy",https://x.com/isaacsolar/status/2027220044376101009,https://x.com/isaacsolar/status/2027220044376101009,2026-02-27 03:11:37+00:00,2026-02-27,/home/emilio/Documentos/Naucalpan_Semanal_Reportes/Periodico/Enero_Mayo/2026-02-16_al_2026-02-28/Twitter/2026-02-16_al_2026-02-28_Twitter/2026-02-16_al_2026-02-28_Twitter_post_institucionales.csv
2026-02-16,2026-02-16_al_2026-02-28_Facebook,isaac_montoya,Isaac Montoya,facebook,Facebook,post_facebook,isaacmontoya24,Isaac Montoya,,"Nada es más valioso que poder responder en el momento en que más se necesita. Estos apoyos no son solo una entrega; son dignidad y esperanza para las familias de Ciudad Naucalpan. Seguiremos trabajando con compromiso, atendiendo cada necesidad con responsabilidad y cercanía. 🤝✨ Cumplirle a las y los naucalpenses no es una promesa, es una convicción. #Naucalpan #Bienestar","Nada es más valioso que poder responder en el momento en que más se necesita. Estos apoyos no son solo una entrega; son dignidad y esperanza para las familias de Ciudad Naucalpan. Seguiremos trabajando con compromiso, atendiendo cada necesidad con responsabilidad y cercanía. 🤝✨ Cumplirle a las y los naucalpenses no es una promesa, es una convicción. #Naucalpan #Bienestar",https://www.facebook.com/reel/924325690564210/,https://www.facebook.com/reel/924325690564210/,2026-02-26 22:32:46,2026-02-26,/home/emilio/Documentos/Naucalpan_Semanal_Reportes/Periodico/Enero_Mayo/2026-02-16_al_2026-02-28/Facebook/2026-02-16_al_2026-02-28_Facebook/2026-02-16_al_2026-02-28_Facebook_posts.csv
2026-02-16,2026-02-16_al_2026-02-28_Facebook,isaac_montoya,Isaac Montoya,facebook,Facebook,post_facebook,isaacmontoya24,Isaac Montoya,,"En un acto encaminado a fortalecer el patrimonio y la paz social de la demarcación, realizamos la entrega de 250 testamentos a vecinas y vecinos de Ciudad Naucalpan. Muchas personas posponen este trámite por miedo o porque lo perciben como algo lejano y complicado. Yo estoy convencido de que hacer un testamento no es pensar en el final; es un acto de amor y responsabilidad con quienes más queremos. Es garantizar que el esfuerzo de toda una vida permanezca en la certidumbre y no se traduzca en conflictos legales. Con esta entrega damos un paso firme en la democratización del acceso a la justicia, eliminando barreras y acercando los instrumentos jurídicos a la gente. Queremos que todas las familias, sin importar su condición, tengan tranquilidad sobre su patrimonio. Seguimos caminando desde el territorio, llevando legalidad, servicios y derechos a donde antes no llegaban. Aquí hay un solo pueblo que merece el mismo trato digno y las mismas oportunidades. #AquiGobiernaLaEsperanza #Naucalpan #DesarrolloUrbano","En un acto encaminado a fortalecer el patrimonio y la paz social de la demarcación, realizamos la entrega de 250 testamentos a vecinas y vecinos de Ciudad Naucalpan. Muchas personas posponen este trámite por miedo o porque lo perciben como algo lejano y complicado. Yo estoy convencido de que hacer un testamento no es pensar en el final; es un acto de amor y responsabilidad con quienes más queremos. Es garantizar que el esfuerzo de toda una vida permanezca en la certidumbre y no se traduzca en conflictos legales. Con esta entrega damos un paso firme en la democratización del acceso a la justicia, eliminando barreras y acercando los instrumentos jurídicos a la gente. Queremos que todas las familias, sin importar su condición, tengan tranquilidad sobre su patrimonio. Seguimos caminando desde el territorio, llevando legalidad, servicios y derechos a donde antes no llegaban. Aquí hay un solo pueblo que merece el mismo trato digno y las mismas oportunidades. #AquiGobiernaLaEsperanza #Naucalpan #DesarrolloUrbano",https://www.facebook.com/isaacmontoya24/posts/pfbid05XLGfSxwqoQoLprZEwPPBubK1o5oNHxHnERvKYaNcUikGqj7FtNWXkvvb43b65iul,https://www.facebook.com/isaacmontoya24/posts/pfbid05XLGfSxwqoQoLprZEwPPBubK1o5oNHxHnERvKYaNcUikGqj7FtNWXkvvb43b65iul,2026-02-26 21:10:35,2026-02-26,/home/emilio/Documentos/Naucalpan_Semanal_Reportes/Periodico/Enero_Mayo/2026-02-16_al_2026-02-28/Facebook/2026-02-16_al_2026-02-28_Facebook/2026-02-16_al_2026-02-28_Facebook_posts.csv
2026-02-16,2026-02-16_al_2026-02-28_Facebook,isaac_montoya,Isaac Montoya,facebook,Facebook,post_facebook,isaacmontoya24,Isaac Montoya,,"Rueda de prensa 🎤 ▪️Por primera vez en la historia de Naucalpan se proyectan para este ejercicio 2026 casi 7 mil mdp. Esto se traducirá en más obra pública y mejores servicios para las y los naucalpenses. ▪️ Seguimos sumando esfuerzos con el Gobierno del Estado, la Federación y CONAGUA en obras estratégicas como el rescate del Periférico Norte, el Mexicable, la Universidad Nacional Rosario Castellanos y las intervenciones en Río Hondo y las presas del municipio. ▪️ Además, continúa a la baja la incidencia delictiva. El homicidio doloso registra una reducción del 31.25%, de acuerdo con cifras oficiales. #AquiGobiernaLaEsperanza #Naucalpan #RuedaDePrensa","Rueda de prensa 🎤 ▪️Por primera vez en la historia de Naucalpan se proyectan para este ejercicio 2026 casi 7 mil mdp. Esto se traducirá en más obra pública y mejores servicios para las y los naucalpenses. ▪️ Seguimos sumando esfuerzos con el Gobierno del Estado, la Federación y CONAGUA en obras estratégicas como el rescate del Periférico Norte, el Mexicable, la Universidad Nacional Rosario Castellanos y las intervenciones en Río Hondo y las presas del municipio. ▪️ Además, continúa a la baja la incidencia delictiva. El homicidio doloso registra una reducción del 31.25%, de acuerdo con cifras oficiales. #AquiGobiernaLaEsperanza #Naucalpan #RuedaDePrensa",https://www.facebook.com/isaacmontoya24/posts/pfbid021eFTEXZH3BXV2LeV4RwYwPGLYShAsDemxUEa6So9wkdHBUQEf83B1kMHcsFJ8YfFl,https://www.facebook.com/isaacmontoya24/posts/pfbid021eFTEXZH3BXV2LeV4RwYwPGLYShAsDemxUEa6So9wkdHBUQEf83B1kMHcsFJ8YfFl,2026-02-26 17:28:27,2026-02-26,/home/emilio/Documentos/Naucalpan_Semanal_Reportes/Periodico/Enero_Mayo/2026-02-16_al_2026-02-28/Facebook/2026-02-16_al_2026-02-28_Facebook/2026-02-16_al_2026-02-28_Facebook_posts.csv
2026-02-16,2026-02-16_al_2026-02-28_Facebook,isaac_montoya,Isaac Montoya,facebook,Facebook,post_facebook,isaacmontoya24,Isaac Montoya,,"Huellas de la Transformación en Miramar✨ Renovamos un espacio que durante décadas estuvo en el abandono y que representaba un riesgo diario para nuestras vecinas y vecinos. Con Huellas de la Transformación balizamos el puente, instalamos luminarias nuevas, colocamos malla de protección, construimos banquetas, pintamos guarniciones, aplicamos mezcla asfáltica y realizamos limpieza general. Gobernar desde el territorio es cumplirle al pueblo. Seguimos dejando huella en cada rincón de Ciudad Naucalpan. 🤝✨ #AquiGobiernaLaEsperanza #Naucalpan #HuellasDeLaTransformacion","Huellas de la Transformación en Miramar✨ Renovamos un espacio que durante décadas estuvo en el abandono y que representaba un riesgo diario para nuestras vecinas y vecinos. Con Huellas de la Transformación balizamos el puente, instalamos luminarias nuevas, colocamos malla de protección, construimos banquetas, pintamos guarniciones, aplicamos mezcla asfáltica y realizamos limpieza general. Gobernar desde el territorio es cumplirle al pueblo. Seguimos dejando huella en cada rincón de Ciudad Naucalpan. 🤝✨ #AquiGobiernaLaEsperanza #Naucalpan #HuellasDeLaTransformacion",https://www.facebook.com/reel/1660755774915575/,https://www.facebook.com/reel/1660755774915575/,2026-02-26 11:57:24,2026-02-26,/home/emilio/Documentos/Naucalpan_Semanal_Reportes/Periodico/Enero_Mayo/2026-02-16_al_2026-02-28/Facebook/2026-02-16_al_2026-02-28_Facebook/2026-02-16_al_2026-02-28_Facebook_posts.csv
2026-02-16,2026-02-16_al_2026-02-28_Facebook,isaac_montoya,Isaac Montoya,facebook,Facebook,post_facebook,isaacmontoya24,Isaac Montoya,,"En la colonia Miramar renovamos un espacio que durante décadas estuvo en el abandono y que representaba un riesgo diario para nuestras vecinas y vecinos. A través del programa Huellas de la Transformación, balizamos el puente, instalamos luminarias nuevas, colocamos malla de protección, construimos banquetas, pintamos guarniciones, aplicamos mezcla asfáltica y realizamos limpieza general.✨ Seguimos trabajando junto al pueblo, dejando huella en cada rincón de Ciudad Naucalpan. #AquiGobiernaLaEsperanza #Naucalpan #HuellasDeLaTransformacion","En la colonia Miramar renovamos un espacio que durante décadas estuvo en el abandono y que representaba un riesgo diario para nuestras vecinas y vecinos. A través del programa Huellas de la Transformación, balizamos el puente, instalamos luminarias nuevas, colocamos malla de protección, construimos banquetas, pintamos guarniciones, aplicamos mezcla asfáltica y realizamos limpieza general.✨ Seguimos trabajando junto al pueblo, dejando huella en cada rincón de Ciudad Naucalpan. #AquiGobiernaLaEsperanza #Naucalpan #HuellasDeLaTransformacion",https://www.facebook.com/isaacmontoya24/posts/pfbid02ZkwLMEKKJuS6j8oxnoNahKXpGkDrui7C5h8mwyBahZvucFHrNb73q9RKD3ShxLBzl,https://www.facebook.com/isaacmontoya24/posts/pfbid02ZkwLMEKKJuS6j8oxnoNahKXpGkDrui7C5h8mwyBahZvucFHrNb73q9RKD3ShxLBzl,2026-02-26 11:51:56,2026-02-26,/home/emilio/Documentos/Naucalpan_Semanal_Reportes/Periodico/Enero_Mayo/2026-02-16_al_2026-02-28/Facebook/2026-02-16_al_2026-02-28_Facebook/2026-02-16_al_2026-02-28_Facebook_posts.csv
2026-02-16,2026-02-16_al_2026-02-28_Twitter,isaac_montoya,Isaac Montoya,twitter,Twitter/X,tweet,@isaacsolar,@isaacsolar,,"En el Parque Naucalli entregamos la renovación de más de 298 vehículos de Servicios Públicos, con nueva cromática y equipados con más de 750 neumáticos nuevos, para fortalecer las labores de recolección, podas, bacheo, cambio de luminarias y mantenimiento en nuestras","En el Parque Naucalli entregamos la renovación de más de 298 vehículos de Servicios Públicos, con nueva cromática y equipados con más de 750 neumáticos nuevos, para fortalecer las labores de recolección, podas, bacheo, cambio de luminarias y mantenimiento en nuestras",https://x.com/isaacsolar/status/2026831874207764487,https://x.com/isaacsolar/status/2026831874207764487,2026-02-26 01:29:10+00:00,2026-02-26,/home/emilio/Documentos/Naucalpan_Semanal_Reportes/Periodico/Enero_Mayo/2026-02-16_al_2026-02-28/Twitter/2026-02-16_al_2026-02-28_Twitter/2026-02-16_al_2026-02-28_Twitter_post_institucionales.csv
2026-02-16,2026-02-16_al_2026-02-28_Twitter,isaac_montoya,Isaac Montoya,twitter,Twitter/X,tweet,@isaacsolar,@isaacsolar,,"Huellas de la Transformación en Miramar Renovamos un espacio que durante décadas estuvo en el abandono y que representaba un riesgo diario para nuestras vecinas y vecinos. Con Huellas de la Transformación balizamos el puente, instalamos luminarias nuevas, colocamos malla de","Huellas de la Transformación en Miramar Renovamos un espacio que durante décadas estuvo en el abandono y que representaba un riesgo diario para nuestras vecinas y vecinos. Con Huellas de la Transformación balizamos el puente, instalamos luminarias nuevas, colocamos malla de",https://x.com/isaacsolar/status/2027080298840592654,https://x.com/isaacsolar/status/2027080298840592654,2026-02-26 17:56:19+00:00,2026-02-26,/home/emilio/Documentos/Naucalpan_Semanal_Reportes/Periodico/Enero_Mayo/2026-02-16_al_2026-02-28/Twitter/2026-02-16_al_2026-02-28_Twitter/2026-02-16_al_2026-02-28_Twitter_post_institucionales.csv
2026-02-16,2026-02-16_al_2026-02-28_Twitter,isaac_montoya,Isaac Montoya,twitter,Twitter/X,tweet,@isaacsolar,@isaacsolar,,"En la colonia Miramar renovamos un espacio que durante décadas estuvo en el abandono y que representaba un riesgo diario para nuestras vecinas y vecinos. A través del programa Huellas de la Transformación, balizamos el puente, instalamos luminarias nuevas, colocamos malla de protección, construimos banquetas, pintamos guarniciones, aplicamos mezcla asfáltica y realizamos limpieza general. Seguimos trabajando junto al pueblo, dejando huella en cada rincón de Ciudad Naucalpan. #AquiGobiernaLaEsperanza #Naucalpan #HuellasDeLaTransformacion","En la colonia Miramar renovamos un espacio que durante décadas estuvo en el abandono y que representaba un riesgo diario para nuestras vecinas y vecinos. A través del programa Huellas de la Transformación, balizamos el puente, instalamos luminarias nuevas, colocamos malla de protección, construimos banquetas, pintamos guarniciones, aplicamos mezcla asfáltica y realizamos limpieza general. Seguimos trabajando junto al pueblo, dejando huella en cada rincón de Ciudad Naucalpan. #AquiGobiernaLaEsperanza #Naucalpan #HuellasDeLaTransformacion",https://x.com/isaacsolar/status/2027079443701801441,https://x.com/isaacsolar/status/2027079443701801441,2026-02-26 17:52:55+00:00,2026-02-26,/home/emilio/Documentos/Naucalpan_Semanal_Reportes/Periodico/Enero_Mayo/2026-02-16_al_2026-02-28/Twitter/2026-02-16_al_2026-02-28_Twitter/2026-02-16_al_2026-02-28_Twitter_post_institucionales.csv
2026-02-16,2026-02-16_al_2026-02-28_Facebook,isaac_montoya,Isaac Montoya,facebook,Facebook,post_facebook,isaacmontoya24,Isaac Montoya,,"En el Parque Naucalli entregamos la renovación de más de 298 vehículos de Servicios Públicos, con nueva cromática y equipados con más de 750 neumáticos nuevos, para fortalecer las labores de recolección, podas, bacheo, cambio de luminarias y mantenimiento en nuestras colonias.🚛✨ #AquiGobiernaLaEsperanza #Naucalpan #ServiciosPublicos","En el Parque Naucalli entregamos la renovación de más de 298 vehículos de Servicios Públicos, con nueva cromática y equipados con más de 750 neumáticos nuevos, para fortalecer las labores de recolección, podas, bacheo, cambio de luminarias y mantenimiento en nuestras colonias.🚛✨ #AquiGobiernaLaEsperanza #Naucalpan #ServiciosPublicos",https://www.facebook.com/reel/971874911840578/,https://www.facebook.com/reel/971874911840578/,2026-02-25 19:31:45,2026-02-25,/home/emilio/Documentos/Naucalpan_Semanal_Reportes/Periodico/Enero_Mayo/2026-02-16_al_2026-02-28/Facebook/2026-02-16_al_2026-02-28_Facebook/2026-02-16_al_2026-02-28_Facebook_posts.csv
2026-02-16,2026-02-16_al_2026-02-28_Facebook,isaac_montoya,Isaac Montoya,facebook,Facebook,post_facebook,isaacmontoya24,Isaac Montoya,,"Felicito al titular de la Secretaría de Seguridad y Protección Ciudadana, Omar García Harfuch, en su cumpleaños. 🎉 Que tu camino esté lleno de fortaleza y salud para que juntas y juntos sigamos la ruta de la transformación por la dignificación y el bienestar del pueblo de México. 🇲🇽 Mis mejores deseos. #Naucalpan","Felicito al titular de la Secretaría de Seguridad y Protección Ciudadana, Omar García Harfuch, en su cumpleaños. 🎉 Que tu camino esté lleno de fortaleza y salud para que juntas y juntos sigamos la ruta de la transformación por la dignificación y el bienestar del pueblo de México. 🇲🇽 Mis mejores deseos. #Naucalpan",https://www.facebook.com/isaacmontoya24/posts/pfbid02oFknHxFqrwjN5qPmX7hUDBoTWNv1r1a2ZYqFPArDLHSHDrucmZa8oZAe9rNemduAl,https://www.facebook.com/isaacmontoya24/posts/pfbid02oFknHxFqrwjN5qPmX7hUDBoTWNv1r1a2ZYqFPArDLHSHDrucmZa8oZAe9rNemduAl,2026-02-25 18:55:40,2026-02-25,/home/emilio/Documentos/Naucalpan_Semanal_Reportes/Periodico/Enero_Mayo/2026-02-16_al_2026-02-28/Facebook/2026-02-16_al_2026-02-28_Facebook/2026-02-16_al_2026-02-28_Facebook_posts.csv
2026-02-16,2026-02-16_al_2026-02-28_Facebook,isaac_montoya,Isaac Montoya,facebook,Facebook,post_facebook,isaacmontoya24,Isaac Montoya,,"En el Parque Naucalli entregamos la renovación de más de 298 vehículos de Servicios Públicos, con nueva cromática y equipados con más de 750 neumáticos nuevos, para fortalecer las labores de recolección, podas, bacheo, cambio de luminarias y mantenimiento en nuestras colonias. 🚛 Estoy convencido de que dignificar a nuestras trabajadoras y trabajadores es también mejorar el servicio que reciben las y los naucalpenses. Cuando hay buenas herramientas, hay mejores resultados en la calle. Agradezco la unidad y el compromiso del SUTEYM y de todo el equipo de Servicios Públicos. Compartimos principios y compartimos fines: llevar bienestar a cada comunidad. Seguimos administrando con responsabilidad, priorizando la obra pública, la seguridad y la atención directa a lo que la gente nos pide. Naucalpan está recuperando su brillo, y lo estamos haciendo en equipo. #AquiGobiernaLaEsperanza #Naucalpan #ServiciosPublicos","En el Parque Naucalli entregamos la renovación de más de 298 vehículos de Servicios Públicos, con nueva cromática y equipados con más de 750 neumáticos nuevos, para fortalecer las labores de recolección, podas, bacheo, cambio de luminarias y mantenimiento en nuestras colonias. 🚛 Estoy convencido de que dignificar a nuestras trabajadoras y trabajadores es también mejorar el servicio que reciben las y los naucalpenses. Cuando hay buenas herramientas, hay mejores resultados en la calle. Agradezco la unidad y el compromiso del SUTEYM y de todo el equipo de Servicios Públicos. Compartimos principios y compartimos fines: llevar bienestar a cada comunidad. Seguimos administrando con responsabilidad, priorizando la obra pública, la seguridad y la atención directa a lo que la gente nos pide. Naucalpan está recuperando su brillo, y lo estamos haciendo en equipo. #AquiGobiernaLaEsperanza #Naucalpan #ServiciosPublicos",https://www.facebook.com/isaacmontoya24/posts/pfbid028nbMbT2DGiSxNDJUchZpLoi5dX2qUpSiAo8qHr17NnWkKGK3Rz7hWCufbzFrpJhtl,https://www.facebook.com/isaacmontoya24/posts/pfbid028nbMbT2DGiSxNDJUchZpLoi5dX2qUpSiAo8qHr17NnWkKGK3Rz7hWCufbzFrpJhtl,2026-02-25 18:54:06,2026-02-25,/home/emilio/Documentos/Naucalpan_Semanal_Reportes/Periodico/Enero_Mayo/2026-02-16_al_2026-02-28/Facebook/2026-02-16_al_2026-02-28_Facebook/2026-02-16_al_2026-02-28_Facebook_posts.csv
2026-02-16,2026-02-16_al_2026-02-28_Facebook,isaac_montoya,Isaac Montoya,facebook,Facebook,post_facebook,isaacmontoya24,Isaac Montoya,,"Quiero agradecer el apoyo de Tomás Alberto Palomares Parra y de Erick Palomares Parra, así como de toda la base trabajadora del SUTEYM; hoy hay unidad en principios y en objetivos, y gracias a ese trabajo en equipo, Ciudad Naucalpan está recuperando su brillo. Cuando nos coordinamos, los resultados se reflejan en una mayor satisfacción de las y los naucalpenses. #AquiGobiernaLaEsperanza #Naucalpan #ServiciosPublicos #HuellasDeLaTransformacion","Quiero agradecer el apoyo de Tomás Alberto Palomares Parra y de Erick Palomares Parra, así como de toda la base trabajadora del SUTEYM; hoy hay unidad en principios y en objetivos, y gracias a ese trabajo en equipo, Ciudad Naucalpan está recuperando su brillo. Cuando nos coordinamos, los resultados se reflejan en una mayor satisfacción de las y los naucalpenses. #AquiGobiernaLaEsperanza #Naucalpan #ServiciosPublicos #HuellasDeLaTransformacion",https://www.facebook.com/reel/1275943304427821/,https://www.facebook.com/reel/1275943304427821/,2026-02-25 16:11:42,2026-02-25,/home/emilio/Documentos/Naucalpan_Semanal_Reportes/Periodico/Enero_Mayo/2026-02-16_al_2026-02-28/Facebook/2026-02-16_al_2026-02-28_Facebook/2026-02-16_al_2026-02-28_Facebook_posts.csv
2026-02-16,2026-02-16_al_2026-02-28_Facebook,isaac_montoya,Isaac Montoya,facebook,Facebook,post_facebook,isaacmontoya24,Isaac Montoya,,24 de febrero | Día de la Bandera 🇲🇽 Honremos con orgullo nuestros símbolos y el significado que nos une como nación. #Naucalpan #DiaDeLaBandera,24 de febrero | Día de la Bandera 🇲🇽 Honremos con orgullo nuestros símbolos y el significado que nos une como nación. #Naucalpan #DiaDeLaBandera,https://www.facebook.com/reel/1565570634516672/,https://www.facebook.com/reel/1565570634516672/,2026-02-24 17:23:49,2026-02-24,/home/emilio/Documentos/Naucalpan_Semanal_Reportes/Periodico/Enero_Mayo/2026-02-16_al_2026-02-28/Facebook/2026-02-16_al_2026-02-28_Facebook/2026-02-16_al_2026-02-28_Facebook_posts.csv
2026-02-16,2026-02-16_al_2026-02-28_Facebook,isaac_montoya,Isaac Montoya,facebook,Facebook,post_facebook,isaacmontoya24,Isaac Montoya,,"Ver ondear nuestra Bandera, con la participación de niñas, niños y jóvenes, nos recuerda que la unidad nacional no es un discurso: es una responsabilidad compartida. Es un compromiso con las nuevas generaciones que anhelan un México en paz, con prosperidad y con comunidad. 🇲🇽 En este día que celebramos a nuestro lábaro patrio, reiteré mi llamado a la unidad y al respaldo a nuestras instituciones. Reconozco la labor heroica de las Fuerzas de seguridad federal, estatal y municipal, quienes todos los días trabajan por la tranquilidad de nuestras familias. Desde Ciudad Naucalpan seguimos haciendo lo que nos corresponde: construir la paz desde las comunidades, atender las causas y fortalecer la coordinación con los tres órdenes de gobierno. Porque hoy más que nunca, debemos estar informados, unidos y organizados. #AquiGobiernaLaEsperanza #Naucalpan #DiaDeLaBandera","Ver ondear nuestra Bandera, con la participación de niñas, niños y jóvenes, nos recuerda que la unidad nacional no es un discurso: es una responsabilidad compartida. Es un compromiso con las nuevas generaciones que anhelan un México en paz, con prosperidad y con comunidad. 🇲🇽 En este día que celebramos a nuestro lábaro patrio, reiteré mi llamado a la unidad y al respaldo a nuestras instituciones. Reconozco la labor heroica de las Fuerzas de seguridad federal, estatal y municipal, quienes todos los días trabajan por la tranquilidad de nuestras familias. Desde Ciudad Naucalpan seguimos haciendo lo que nos corresponde: construir la paz desde las comunidades, atender las causas y fortalecer la coordinación con los tres órdenes de gobierno. Porque hoy más que nunca, debemos estar informados, unidos y organizados. #AquiGobiernaLaEsperanza #Naucalpan #DiaDeLaBandera",https://www.facebook.com/reel/939167005216617/,https://www.facebook.com/reel/939167005216617/,2026-02-24 17:11:01,2026-02-24,/home/emilio/Documentos/Naucalpan_Semanal_Reportes/Periodico/Enero_Mayo/2026-02-16_al_2026-02-28/Facebook/2026-02-16_al_2026-02-28_Facebook/2026-02-16_al_2026-02-28_Facebook_posts.csv
2026-02-16,2026-02-16_al_2026-02-28_Facebook,isaac_montoya,Isaac Montoya,facebook,Facebook,post_facebook,isaacmontoya24,Isaac Montoya,,"Ver ondear nuestra Bandera, con la participación de niñas, niños y jóvenes, nos recuerda que la unidad nacional no es un discurso: es una responsabilidad compartida. Es un compromiso con las nuevas generaciones que anhelan un México en paz, con prosperidad y con comunidad. 🇲🇽 En este día que celebramos a nuestro lábaro patrio, reiteré mi llamado a la unidad y al respaldo a nuestras instituciones. Reconozco la labor heroica de las Fuerzas de seguridad federal, estatal y municipal, quienes todos los días trabajan por la tranquilidad de nuestras familias. Desde Ciudad Naucalpan seguimos haciendo lo que nos corresponde: construir la paz desde las comunidades, atender las causas y fortalecer la coordinación con los tres órdenes de gobierno. Porque hoy más que nunca, debemos estar informados, unidos y organizados. #AquiGobiernaLaEsperanza #Naucalpan #DiaDeLaBandera","Ver ondear nuestra Bandera, con la participación de niñas, niños y jóvenes, nos recuerda que la unidad nacional no es un discurso: es una responsabilidad compartida. Es un compromiso con las nuevas generaciones que anhelan un México en paz, con prosperidad y con comunidad. 🇲🇽 En este día que celebramos a nuestro lábaro patrio, reiteré mi llamado a la unidad y al respaldo a nuestras instituciones. Reconozco la labor heroica de las Fuerzas de seguridad federal, estatal y municipal, quienes todos los días trabajan por la tranquilidad de nuestras familias. Desde Ciudad Naucalpan seguimos haciendo lo que nos corresponde: construir la paz desde las comunidades, atender las causas y fortalecer la coordinación con los tres órdenes de gobierno. Porque hoy más que nunca, debemos estar informados, unidos y organizados. #AquiGobiernaLaEsperanza #Naucalpan #DiaDeLaBandera",https://www.facebook.com/isaacmontoya24/posts/pfbid0cnf6kYarVMekBo69Mk9Q2Hh7MB3AXnNAXBBFTGH4coqgtNm5J4wxAREALxF8Sengl,https://www.facebook.com/isaacmontoya24/posts/pfbid0cnf6kYarVMekBo69Mk9Q2Hh7MB3AXnNAXBBFTGH4coqgtNm5J4wxAREALxF8Sengl,2026-02-24 17:05:45,2026-02-24,/home/emilio/Documentos/Naucalpan_Semanal_Reportes/Periodico/Enero_Mayo/2026-02-16_al_2026-02-28/Facebook/2026-02-16_al_2026-02-28_Facebook/2026-02-16_al_2026-02-28_Facebook_posts.csv
2026-02-16,2026-02-16_al_2026-02-28_Facebook,isaac_montoya,Isaac Montoya,facebook,Facebook,post_facebook,isaacmontoya24,Isaac Montoya,,"Agradezco el recibimiento de la Oficial Mayor del Estado de México, Mónica Chávez Durán, para fortalecer la coordinación en temas prioritarios para Ciudad Naucalpan, en congruencia con la visión de nuestra Gobernadora, Delfina Gómez Álvarez. Seguimos sumando esfuerzos con el Gobierno del Estado para impulsar una gestión eficiente, transparente y al servicio de las y los naucalpenses. #Naucalpan #ElPoderDeServir","Agradezco el recibimiento de la Oficial Mayor del Estado de México, Mónica Chávez Durán, para fortalecer la coordinación en temas prioritarios para Ciudad Naucalpan, en congruencia con la visión de nuestra Gobernadora, Delfina Gómez Álvarez. Seguimos sumando esfuerzos con el Gobierno del Estado para impulsar una gestión eficiente, transparente y al servicio de las y los naucalpenses. #Naucalpan #ElPoderDeServir",https://www.facebook.com/isaacmontoya24/posts/pfbid02T1dwm56pxp1dMp6wE7uHwoXPcQGRRzb8nWFBKfgrBRcPbFJzzWUU9FNc7TNQr82Tl,https://www.facebook.com/isaacmontoya24/posts/pfbid02T1dwm56pxp1dMp6wE7uHwoXPcQGRRzb8nWFBKfgrBRcPbFJzzWUU9FNc7TNQr82Tl,2026-02-24 14:52:24,2026-02-24,/home/emilio/Documentos/Naucalpan_Semanal_Reportes/Periodico/Enero_Mayo/2026-02-16_al_2026-02-28/Facebook/2026-02-16_al_2026-02-28_Facebook/2026-02-16_al_2026-02-28_Facebook_posts.csv
2026-02-16,2026-02-16_al_2026-02-28_Facebook,isaac_montoya,Isaac Montoya,facebook,Facebook,post_facebook,isaacmontoya24,Isaac Montoya,,"Hoy felicito a Antonio Fonseca, Tercer Regidor de Ciudad Naucalpan, en su cumpleaños. 🎉 Que tu camino esté lleno de fortaleza y salud, para que juntas y juntos sigamos la ruta de la transformación por la dignificación y el bienestar del pueblo de México. 🤝 Recibe mis mejores deseos. #Naucalpan","Hoy felicito a Antonio Fonseca, Tercer Regidor de Ciudad Naucalpan, en su cumpleaños. 🎉 Que tu camino esté lleno de fortaleza y salud, para que juntas y juntos sigamos la ruta de la transformación por la dignificación y el bienestar del pueblo de México. 🤝 Recibe mis mejores deseos. #Naucalpan",https://www.facebook.com/isaacmontoya24/posts/pfbid0vScQVXLf3WEQsjqqeaY5onSvvVDg2VesxiTtWgwQZp3SMDoQ6i78ZS1rmobPaiFnl,https://www.facebook.com/isaacmontoya24/posts/pfbid0vScQVXLf3WEQsjqqeaY5onSvvVDg2VesxiTtWgwQZp3SMDoQ6i78ZS1rmobPaiFnl,2026-02-24 13:52:00,2026-02-24,/home/emilio/Documentos/Naucalpan_Semanal_Reportes/Periodico/Enero_Mayo/2026-02-16_al_2026-02-28/Facebook/2026-02-16_al_2026-02-28_Facebook/2026-02-16_al_2026-02-28_Facebook_posts.csv
2026-02-16,2026-02-16_al_2026-02-28_Facebook,isaac_montoya,Isaac Montoya,facebook,Facebook,post_facebook,isaacmontoya24,Isaac Montoya,,En Ciudad Naucalpan se promueve un desarrollo urbano ordenado. #AquiGobiernaLaEsperanza #Naucalpan,En Ciudad Naucalpan se promueve un desarrollo urbano ordenado. #AquiGobiernaLaEsperanza #Naucalpan,https://www.facebook.com/reel/1305051191462993/,https://www.facebook.com/reel/1305051191462993/,2026-02-24 13:24:59,2026-02-24,/home/emilio/Documentos/Naucalpan_Semanal_Reportes/Periodico/Enero_Mayo/2026-02-16_al_2026-02-28/Facebook/2026-02-16_al_2026-02-28_Facebook/2026-02-16_al_2026-02-28_Facebook_posts.csv
2026-02-16,2026-02-16_al_2026-02-28_Facebook,isaac_montoya,Isaac Montoya,facebook,Facebook,post_facebook,isaacmontoya24,Isaac Montoya,,"Detención derivada de atención inmediata a reporte ciudadano🚨 Durante un recorrido de vigilancia sobre Avenida Transmisiones e Ingenieros Militares, una mujer solicitó apoyo policial. Al dialogar con ella, señaló que un hombre que se dirigía a una taquería le realizó tocamientos indebidos. En atención a su señalamiento, se procedió a verificar la situación. Al avanzar hacia la taquería, se hizo contacto con el hombre; la mujer lo identificó plenamente como la persona que realizó la conducta referida, por lo que se le informó el motivo de su detención. Finalmente, fue trasladado a la Fiscalía Regional de Naucalpan, donde, mediante confronta, dos víctimas más de agresión sexual lo identificaron como su agresor, por lo que quedó a disposición de la autoridad competente, quien determinará su situación jurídica. Con esta acción se saca de las calles a un agresor sexual que se había convertido en objetivo prioritario. Seguimos trabajando por la seguridad de las y los naucalpenses. #AquiGobiernaLaEsperanza #Naucalpan #Seguridad #SSEdoMex #GuardiaMunicipal","Detención derivada de atención inmediata a reporte ciudadano🚨 Durante un recorrido de vigilancia sobre Avenida Transmisiones e Ingenieros Militares, una mujer solicitó apoyo policial. Al dialogar con ella, señaló que un hombre que se dirigía a una taquería le realizó tocamientos indebidos. En atención a su señalamiento, se procedió a verificar la situación. Al avanzar hacia la taquería, se hizo contacto con el hombre; la mujer lo identificó plenamente como la persona que realizó la conducta referida, por lo que se le informó el motivo de su detención. Finalmente, fue trasladado a la Fiscalía Regional de Naucalpan, donde, mediante confronta, dos víctimas más de agresión sexual lo identificaron como su agresor, por lo que quedó a disposición de la autoridad competente, quien determinará su situación jurídica. Con esta acción se saca de las calles a un agresor sexual que se había convertido en objetivo prioritario. Seguimos trabajando por la seguridad de las y los naucalpenses. #AquiGobiernaLaEsperanza #Naucalpan #Seguridad #SSEdoMex #GuardiaMunicipal",https://www.facebook.com/reel/1982965912657582/,https://www.facebook.com/reel/1982965912657582/,2026-02-24 11:48:24,2026-02-24,/home/emilio/Documentos/Naucalpan_Semanal_Reportes/Periodico/Enero_Mayo/2026-02-16_al_2026-02-28/Facebook/2026-02-16_al_2026-02-28_Facebook/2026-02-16_al_2026-02-28_Facebook_posts.csv
2026-02-16,2026-02-16_al_2026-02-28_Facebook,isaac_montoya,Isaac Montoya,facebook,Facebook,post_facebook,isaacmontoya24,Isaac Montoya,,"24 de febrero | Día de la Bandera 🇲🇽 Hoy celebramos nuestro lábaro patrio como símbolo de unidad, soberanía e identidad nacional. Nuestra bandera, reconocida como una de las más hermosas del mundo, representa la esperanza y la unidad del pueblo mexicano. Honremos con orgullo nuestros símbolos y el significado que nos une como nación. #Naucalpan #DiaDeLaBandera","24 de febrero | Día de la Bandera 🇲🇽 Hoy celebramos nuestro lábaro patrio como símbolo de unidad, soberanía e identidad nacional. Nuestra bandera, reconocida como una de las más hermosas del mundo, representa la esperanza y la unidad del pueblo mexicano. Honremos con orgullo nuestros símbolos y el significado que nos une como nación. #Naucalpan #DiaDeLaBandera",https://www.facebook.com/isaacmontoya24/posts/pfbid0Lq6sUwCtZBSmwByLct8ZgjZv3ApTL1gbYDZ5iYa5u473Nv3MHMzgospXWxx7AGSbl,https://www.facebook.com/isaacmontoya24/posts/pfbid0Lq6sUwCtZBSmwByLct8ZgjZv3ApTL1gbYDZ5iYa5u473Nv3MHMzgospXWxx7AGSbl,2026-02-24 10:06:37,2026-02-24,/home/emilio/Documentos/Naucalpan_Semanal_Reportes/Periodico/Enero_Mayo/2026-02-16_al_2026-02-28/Facebook/2026-02-16_al_2026-02-28_Facebook/2026-02-16_al_2026-02-28_Facebook_posts.csv
2026-02-16,2026-02-16_al_2026-02-28_Twitter,isaac_montoya,Isaac Montoya,twitter,Twitter/X,tweet,@isaacsolar,@isaacsolar,,24 de febrero | Día de la Bandera Honremos con orgullo nuestros símbolos y el significado que nos une como nación. #Naucalpan #DiaDeLaBandera,24 de febrero | Día de la Bandera Honremos con orgullo nuestros símbolos y el significado que nos une como nación. #Naucalpan #DiaDeLaBandera,https://x.com/isaacsolar/status/2026437449656696922,https://x.com/isaacsolar/status/2026437449656696922,2026-02-24 23:21:52+00:00,2026-02-24,/home/emilio/Documentos/Naucalpan_Semanal_Reportes/Periodico/Enero_Mayo/2026-02-16_al_2026-02-28/Twitter/2026-02-16_al_2026-02-28_Twitter/2026-02-16_al_2026-02-28_Twitter_post_institucionales.csv
2026-02-16,2026-02-16_al_2026-02-28_Twitter,isaac_montoya,Isaac Montoya,twitter,Twitter/X,tweet,@isaacsolar,@isaacsolar,,"Ver ondear nuestra Bandera, con la participación de niñas, niños y jóvenes, nos recuerda que la unidad nacional no es un discurso: es una responsabilidad compartida. Es un compromiso con las nuevas generaciones que anhelan un México en paz, con prosperidad y con comunidad. En este día que celebramos a nuestro lábaro patrio, reiteré mi llamado a la unidad y al respaldo a nuestras instituciones. Reconozco la labor heroica de las Fuerzas de seguridad federal, estatal y municipal, quienes todos los días trabajan por la tranquilidad de nuestras familias. Desde Ciudad Naucalpan seguimos haciendo lo que nos corresponde: construir la paz desde las comunidades, atender las causas y fortalecer la coordinación con los tres órdenes de gobierno. Porque hoy más que nunca, debemos estar informados, unidos y organizados. #AquiGobiernaLaEsperanza #Naucalpan #DiaDeLaBandera","Ver ondear nuestra Bandera, con la participación de niñas, niños y jóvenes, nos recuerda que la unidad nacional no es un discurso: es una responsabilidad compartida. Es un compromiso con las nuevas generaciones que anhelan un México en paz, con prosperidad y con comunidad. En este día que celebramos a nuestro lábaro patrio, reiteré mi llamado a la unidad y al respaldo a nuestras instituciones. Reconozco la labor heroica de las Fuerzas de seguridad federal, estatal y municipal, quienes todos los días trabajan por la tranquilidad de nuestras familias. Desde Ciudad Naucalpan seguimos haciendo lo que nos corresponde: construir la paz desde las comunidades, atender las causas y fortalecer la coordinación con los tres órdenes de gobierno. Porque hoy más que nunca, debemos estar informados, unidos y organizados. #AquiGobiernaLaEsperanza #Naucalpan #DiaDeLaBandera",https://x.com/isaacsolar/status/2026434443032866844,https://x.com/isaacsolar/status/2026434443032866844,2026-02-24 23:09:55+00:00,2026-02-24,/home/emilio/Documentos/Naucalpan_Semanal_Reportes/Periodico/Enero_Mayo/2026-02-16_al_2026-02-28/Twitter/2026-02-16_al_2026-02-28_Twitter/2026-02-16_al_2026-02-28_Twitter_post_institucionales.csv
2026-02-16,2026-02-16_al_2026-02-28_Twitter,isaac_montoya,Isaac Montoya,twitter,Twitter/X,tweet,@isaacsolar,@isaacsolar,,"Ver ondear nuestra Bandera, con la participación de niñas, niños y jóvenes, nos recuerda que la unidad nacional no es un discurso: es una responsabilidad compartida. Es un compromiso con las nuevas generaciones que anhelan un México en paz, con prosperidad y con comunidad. En este día que celebramos a nuestro lábaro patrio, reiteré mi llamado a la unidad y al respaldo a nuestras instituciones. Reconozco la labor heroica de las Fuerzas de seguridad federal, estatal y municipal, quienes todos los días trabajan por la tranquilidad de nuestras familias. Desde Ciudad Naucalpan seguimos haciendo lo que nos corresponde: construir la paz desde las comunidades, atender las causas y fortalecer la coordinación con los tres órdenes de gobierno. Porque hoy más que nunca, debemos estar informados, unidos y organizados. #AquiGobiernaLaEsperanza #Naucalpan #DiaDeLaBandera","Ver ondear nuestra Bandera, con la participación de niñas, niños y jóvenes, nos recuerda que la unidad nacional no es un discurso: es una responsabilidad compartida. Es un compromiso con las nuevas generaciones que anhelan un México en paz, con prosperidad y con comunidad. En este día que celebramos a nuestro lábaro patrio, reiteré mi llamado a la unidad y al respaldo a nuestras instituciones. Reconozco la labor heroica de las Fuerzas de seguridad federal, estatal y municipal, quienes todos los días trabajan por la tranquilidad de nuestras familias. Desde Ciudad Naucalpan seguimos haciendo lo que nos corresponde: construir la paz desde las comunidades, atender las causas y fortalecer la coordinación con los tres órdenes de gobierno. Porque hoy más que nunca, debemos estar informados, unidos y organizados. #AquiGobiernaLaEsperanza #Naucalpan #DiaDeLaBandera",https://x.com/isaacsolar/status/2026433606709604530,https://x.com/isaacsolar/status/2026433606709604530,2026-02-24 23:06:35+00:00,2026-02-24,/home/emilio/Documentos/Naucalpan_Semanal_Reportes/Periodico/Enero_Mayo/2026-02-16_al_2026-02-28/Twitter/2026-02-16_al_2026-02-28_Twitter/2026-02-16_al_2026-02-28_Twitter_post_institucionales.csv
2026-02-16,2026-02-16_al_2026-02-28_Twitter,isaac_montoya,Isaac Montoya,twitter,Twitter/X,tweet,@isaacsolar,@isaacsolar,,"Hoy felicito a Antonio Fonseca, Tercer Regidor de Ciudad Naucalpan, en su cumpleaños. Que tu camino esté lleno de fortaleza y salud, para que juntas y juntos sigamos la ruta de la transformación por la dignificación y el bienestar del pueblo de México. Recibe mis mejores","Hoy felicito a Antonio Fonseca, Tercer Regidor de Ciudad Naucalpan, en su cumpleaños. Que tu camino esté lleno de fortaleza y salud, para que juntas y juntos sigamos la ruta de la transformación por la dignificación y el bienestar del pueblo de México. Recibe mis mejores",https://x.com/isaacsolar/status/2026384634099962181,https://x.com/isaacsolar/status/2026384634099962181,2026-02-24 19:51:59+00:00,2026-02-24,/home/emilio/Documentos/Naucalpan_Semanal_Reportes/Periodico/Enero_Mayo/2026-02-16_al_2026-02-28/Twitter/2026-02-16_al_2026-02-28_Twitter/2026-02-16_al_2026-02-28_Twitter_post_institucionales.csv
2026-02-16,2026-02-16_al_2026-02-28_Facebook,isaac_montoya,Isaac Montoya,facebook,Facebook,post_facebook,isaacmontoya24,Isaac Montoya,,"A través del programa Huellas de la Transformación rehabilitamos integralmente el Parque El Chamizal, un espacio que durante años estuvo en el abandono y que hoy vuelve a ser digno y seguro para las familias naucalpenses.🌳 Instalamos 27 luminarias nuevas, realizamos podas y limpieza integral, y rehabilitamos los juegos infantiles para que niñas y niños disfruten con mayor seguridad. 💡🛝 A través del OAPAS atendimos 16 reparaciones por fugas y desazolve, resolviendo problemas que por años afectaron a la comunidad. 💧 #AquiGobiernaLaEsperanza #HuellasDeLaTransformacion #Naucalpan #ElChamizal","A través del programa Huellas de la Transformación rehabilitamos integralmente el Parque El Chamizal, un espacio que durante años estuvo en el abandono y que hoy vuelve a ser digno y seguro para las familias naucalpenses.🌳 Instalamos 27 luminarias nuevas, realizamos podas y limpieza integral, y rehabilitamos los juegos infantiles para que niñas y niños disfruten con mayor seguridad. 💡🛝 A través del OAPAS atendimos 16 reparaciones por fugas y desazolve, resolviendo problemas que por años afectaron a la comunidad. 💧 #AquiGobiernaLaEsperanza #HuellasDeLaTransformacion #Naucalpan #ElChamizal",https://www.facebook.com/reel/1400300888560520/,https://www.facebook.com/reel/1400300888560520/,2026-02-23 17:29:00,2026-02-23,/home/emilio/Documentos/Naucalpan_Semanal_Reportes/Periodico/Enero_Mayo/2026-02-16_al_2026-02-28/Facebook/2026-02-16_al_2026-02-28_Facebook/2026-02-16_al_2026-02-28_Facebook_posts.csv
2026-02-16,2026-02-16_al_2026-02-28_Facebook,isaac_montoya,Isaac Montoya,facebook,Facebook,post_facebook,isaacmontoya24,Isaac Montoya,,"A través del programa Huellas de la Transformación rehabilitamos integralmente el Parque El Chamizal, un espacio que durante años estuvo en el abandono y que hoy vuelve a ser digno y seguro para las familias naucalpenses.🌳 Instalamos 27 luminarias nuevas, realizamos podas y limpieza integral, y rehabilitamos los juegos infantiles para que niñas y niños disfruten con mayor seguridad. 💡🛝 A través del OAPAS atendimos 16 reparaciones por fugas y desazolve, resolviendo problemas que por años afectaron a la comunidad. 💧 #AquiGobiernaLaEsperanza #HuellasDeLaTransformacion #Naucalpan #ElChamizal","A través del programa Huellas de la Transformación rehabilitamos integralmente el Parque El Chamizal, un espacio que durante años estuvo en el abandono y que hoy vuelve a ser digno y seguro para las familias naucalpenses.🌳 Instalamos 27 luminarias nuevas, realizamos podas y limpieza integral, y rehabilitamos los juegos infantiles para que niñas y niños disfruten con mayor seguridad. 💡🛝 A través del OAPAS atendimos 16 reparaciones por fugas y desazolve, resolviendo problemas que por años afectaron a la comunidad. 💧 #AquiGobiernaLaEsperanza #HuellasDeLaTransformacion #Naucalpan #ElChamizal",https://www.facebook.com/reel/1540461183698579/,https://www.facebook.com/reel/1540461183698579/,2026-02-23 17:26:52,2026-02-23,/home/emilio/Documentos/Naucalpan_Semanal_Reportes/Periodico/Enero_Mayo/2026-02-16_al_2026-02-28/Facebook/2026-02-16_al_2026-02-28_Facebook/2026-02-16_al_2026-02-28_Facebook_posts.csv
2026-02-16,2026-02-16_al_2026-02-28_Facebook,isaac_montoya,Isaac Montoya,facebook,Facebook,post_facebook,isaacmontoya24,Isaac Montoya,,"Con el programa Huellas de la Transformación pusimos en marcha la rehabilitación integral del Parque El Chamizal, un espacio que durante años estuvo en el abandono y que hoy vuelve a ser digno y seguro. ✨ Instalamos 27 luminarias nuevas, realizamos clareos y podas, trabajos de limpieza integral y rehabilitamos los juegos infantiles. Además, aplicamos 104 toneladas de mezcla asfáltica en El Molinito, San Antonio Zomeyucan, Huizachal y Estado de México. También pintamos barras de contención, línea central y topes en la Avenida Río Hondo. A través del OAPAS, se realizaron 16 reparaciones por fugas de agua, desazolve y retiro de cascajo, atendiendo problemas que por años afectaron directamente a las y los vecinos. No venimos a administrar el rezago. Venimos a transformar. Seguimos trabajando en territorio, escuchando y cumpliendo. #AquiGobiernaLaEsperanza #HuellasDeLaTransformacion #Naucalpan #ElChamizal","Con el programa Huellas de la Transformación pusimos en marcha la rehabilitación integral del Parque El Chamizal, un espacio que durante años estuvo en el abandono y que hoy vuelve a ser digno y seguro. ✨ Instalamos 27 luminarias nuevas, realizamos clareos y podas, trabajos de limpieza integral y rehabilitamos los juegos infantiles. Además, aplicamos 104 toneladas de mezcla asfáltica en El Molinito, San Antonio Zomeyucan, Huizachal y Estado de México. También pintamos barras de contención, línea central y topes en la Avenida Río Hondo. A través del OAPAS, se realizaron 16 reparaciones por fugas de agua, desazolve y retiro de cascajo, atendiendo problemas que por años afectaron directamente a las y los vecinos. No venimos a administrar el rezago. Venimos a transformar. Seguimos trabajando en territorio, escuchando y cumpliendo. #AquiGobiernaLaEsperanza #HuellasDeLaTransformacion #Naucalpan #ElChamizal",https://www.facebook.com/isaacmontoya24/posts/pfbid02tYdqyT4YaecGzGSyn9FAfLEu1zs1wtPAVwktcXFGXUAjkuv58ptHFVmgTGe9Xrmnl,https://www.facebook.com/isaacmontoya24/posts/pfbid02tYdqyT4YaecGzGSyn9FAfLEu1zs1wtPAVwktcXFGXUAjkuv58ptHFVmgTGe9Xrmnl,2026-02-23 17:20:44,2026-02-23,/home/emilio/Documentos/Naucalpan_Semanal_Reportes/Periodico/Enero_Mayo/2026-02-16_al_2026-02-28/Facebook/2026-02-16_al_2026-02-28_Facebook/2026-02-16_al_2026-02-28_Facebook_posts.csv
2026-02-16,2026-02-16_al_2026-02-28_Facebook,isaac_montoya,Isaac Montoya,facebook,Facebook,post_facebook,isaacmontoya24,Isaac Montoya,,"La Universal fue, durante décadas, una colonia olvidada. Hoy empieza a verse distinta. A través del programa Huellas de la Transformación regresamos para cumplir lo que durante años escuché al recorrer sus calles: servicios dignos, espacios públicos seguros y atención directa a sus necesidades.🛝✨🚧 La Universal es ejemplo de que cuando primero van quienes más lo necesitan, la transformación se nota. #AquiGobiernaLaEsperanza #HuellasDeLaTransformacion #Naucalpan #LaUniversal","La Universal fue, durante décadas, una colonia olvidada. Hoy empieza a verse distinta. A través del programa Huellas de la Transformación regresamos para cumplir lo que durante años escuché al recorrer sus calles: servicios dignos, espacios públicos seguros y atención directa a sus necesidades.🛝✨🚧 La Universal es ejemplo de que cuando primero van quienes más lo necesitan, la transformación se nota. #AquiGobiernaLaEsperanza #HuellasDeLaTransformacion #Naucalpan #LaUniversal",https://www.facebook.com/reel/1407520877775825/,https://www.facebook.com/reel/1407520877775825/,2026-02-23 16:04:49,2026-02-23,/home/emilio/Documentos/Naucalpan_Semanal_Reportes/Periodico/Enero_Mayo/2026-02-16_al_2026-02-28/Facebook/2026-02-16_al_2026-02-28_Facebook/2026-02-16_al_2026-02-28_Facebook_posts.csv
2026-02-16,2026-02-16_al_2026-02-28_Facebook,isaac_montoya,Isaac Montoya,facebook,Facebook,post_facebook,isaacmontoya24,Isaac Montoya,,"La Universal ya no es la misma: la transformación comenzó. Renovamos el parque y la zona de juegos infantiles, sustituimos 25 luminarias, aplicamos 78 toneladas de asfalto para bacheo, pintamos cruces peatonales y realizamos limpieza integral retirando más de 2 toneladas de residuos. 🛝💡🛣️ Así gobernamos: caminando el territorio y resolviendo lo que durante décadas nadie atendió. #AquiGobiernaLaEsperanza #HuellasDeLaTransformacion #Naucalpan","La Universal ya no es la misma: la transformación comenzó. Renovamos el parque y la zona de juegos infantiles, sustituimos 25 luminarias, aplicamos 78 toneladas de asfalto para bacheo, pintamos cruces peatonales y realizamos limpieza integral retirando más de 2 toneladas de residuos. 🛝💡🛣️ Así gobernamos: caminando el territorio y resolviendo lo que durante décadas nadie atendió. #AquiGobiernaLaEsperanza #HuellasDeLaTransformacion #Naucalpan",https://www.facebook.com/reel/2035558027003427/,https://www.facebook.com/reel/2035558027003427/,2026-02-23 15:56:24,2026-02-23,/home/emilio/Documentos/Naucalpan_Semanal_Reportes/Periodico/Enero_Mayo/2026-02-16_al_2026-02-28/Facebook/2026-02-16_al_2026-02-28_Facebook/2026-02-16_al_2026-02-28_Facebook_posts.csv
2026-02-16,2026-02-16_al_2026-02-28_Facebook,isaac_montoya,Isaac Montoya,facebook,Facebook,post_facebook,isaacmontoya24,Isaac Montoya,,"La Universal fue, durante décadas, una colonia olvidada. Hoy empieza a verse distinta. A través del programa Huellas de la Transformación regresamos para cumplir lo que durante años escuché al recorrer sus calles: servicios dignos, espacios públicos seguros y atención directa a sus necesidades. En esta intervención realizamos trabajos concretos: ⚪Renovación del parque y nueva área de juegos infantiles Sustitución de 25 luminarias. ⚪Aplicación de 78 toneladas de asfalto para bacheo. ⚪Pintura de guarniciones, cruces peatonales y balizamiento Poda y clareo de árboles. ⚪Chaponeo, limpieza y recolección de más de 2 toneladas de residuos. No se trata de discurso, se trata de resultados visibles. Gobernar distinto es poner toda la capacidad del gobierno al servicio de la gente. Hoy trabajamos en todos los frentes: servicios públicos, obra, seguridad, salud. Y lo hacemos gracias a la confianza de las y los naucalpenses que cumplen y permiten que el recurso regrese a sus colonias. No venimos a administrar el abandono. Venimos a reconstruir, a devolver prosperidad y a hacer visibles a las comunidades que por años fueron ignoradas. La Universal es ejemplo de que cuando primero van quienes más lo necesitan, la transformación se nota. #AquiGobiernaLaEsperanza #HuellasDeLaTransformacion #Naucalpan","La Universal fue, durante décadas, una colonia olvidada. Hoy empieza a verse distinta. A través del programa Huellas de la Transformación regresamos para cumplir lo que durante años escuché al recorrer sus calles: servicios dignos, espacios públicos seguros y atención directa a sus necesidades. En esta intervención realizamos trabajos concretos: ⚪Renovación del parque y nueva área de juegos infantiles Sustitución de 25 luminarias. ⚪Aplicación de 78 toneladas de asfalto para bacheo. ⚪Pintura de guarniciones, cruces peatonales y balizamiento Poda y clareo de árboles. ⚪Chaponeo, limpieza y recolección de más de 2 toneladas de residuos. No se trata de discurso, se trata de resultados visibles. Gobernar distinto es poner toda la capacidad del gobierno al servicio de la gente. Hoy trabajamos en todos los frentes: servicios públicos, obra, seguridad, salud. Y lo hacemos gracias a la confianza de las y los naucalpenses que cumplen y permiten que el recurso regrese a sus colonias. No venimos a administrar el abandono. Venimos a reconstruir, a devolver prosperidad y a hacer visibles a las comunidades que por años fueron ignoradas. La Universal es ejemplo de que cuando primero van quienes más lo necesitan, la transformación se nota. #AquiGobiernaLaEsperanza #HuellasDeLaTransformacion #Naucalpan",https://www.facebook.com/isaacmontoya24/posts/pfbid02zwqk8KQW7QCmwpRoSFeBkZqwVCHwzyzudZoASExyV9s5vkBLg77ppFbqw14u63Jtl,https://www.facebook.com/isaacmontoya24/posts/pfbid02zwqk8KQW7QCmwpRoSFeBkZqwVCHwzyzudZoASExyV9s5vkBLg77ppFbqw14u63Jtl,2026-02-23 15:32:46,2026-02-23,/home/emilio/Documentos/Naucalpan_Semanal_Reportes/Periodico/Enero_Mayo/2026-02-16_al_2026-02-28/Facebook/2026-02-16_al_2026-02-28_Facebook/2026-02-16_al_2026-02-28_Facebook_posts.csv
2026-02-16,2026-02-16_al_2026-02-28_Facebook,isaac_montoya,Isaac Montoya,facebook,Facebook,post_facebook,isaacmontoya24,Isaac Montoya,,"La charrería es una de las expresiones más profundas de nuestra identidad y tradición mexicana.🇲🇽🐴 Felicito al Lic. Arturo Vázquez, quien tomó protesta como Presidente de la Asociación de Charros General Manuel Ávila Camacho, así como a los integrantes del nuevo consejo directivo. Asumir esta responsabilidad implica liderazgo, compromiso y visión para fortalecer una asociación que forma parte del arraigo cultural de Ciudad Naucalpan. Estoy seguro que esta nueva etapa contribuirá al fortalecimiento de la comunidad charra y a la preservación de nuestras tradiciones. La reconstrucción del tejido social también se impulsa desde el deporte, la cultura y las organizaciones que mantienen vivas nuestras raíces. Les deseo el mayor de los éxitos. #AquiGobiernaLaEsperanza #Naucalpan #Charreria","La charrería es una de las expresiones más profundas de nuestra identidad y tradición mexicana.🇲🇽🐴 Felicito al Lic. Arturo Vázquez, quien tomó protesta como Presidente de la Asociación de Charros General Manuel Ávila Camacho, así como a los integrantes del nuevo consejo directivo. Asumir esta responsabilidad implica liderazgo, compromiso y visión para fortalecer una asociación que forma parte del arraigo cultural de Ciudad Naucalpan. Estoy seguro que esta nueva etapa contribuirá al fortalecimiento de la comunidad charra y a la preservación de nuestras tradiciones. La reconstrucción del tejido social también se impulsa desde el deporte, la cultura y las organizaciones que mantienen vivas nuestras raíces. Les deseo el mayor de los éxitos. #AquiGobiernaLaEsperanza #Naucalpan #Charreria",https://www.facebook.com/isaacmontoya24/posts/pfbid0HrLBtKDRspWMG4FY2Q5o25i2x1y9MkjyWYRnGxqPddb1Q7A5kEmMLuHTZrFGSeRJl,https://www.facebook.com/isaacmontoya24/posts/pfbid0HrLBtKDRspWMG4FY2Q5o25i2x1y9MkjyWYRnGxqPddb1Q7A5kEmMLuHTZrFGSeRJl,2026-02-23 15:05:52,2026-02-23,/home/emilio/Documentos/Naucalpan_Semanal_Reportes/Periodico/Enero_Mayo/2026-02-16_al_2026-02-28/Facebook/2026-02-16_al_2026-02-28_Facebook/2026-02-16_al_2026-02-28_Facebook_posts.csv
2026-02-16,2026-02-16_al_2026-02-28_Facebook,isaac_montoya,Isaac Montoya,facebook,Facebook,post_facebook,isaacmontoya24,Isaac Montoya,,"Avance de la intervención en el Boulevard Manuel Ávila Camacho (Periférico Norte), donde ya se realizan trabajos de retiro de carpeta asfáltica y preparación de la superficie en distintos frentes de obra.🛣️ La obra contempla la colocación de concreto hidráulico MR45 con 25 centímetros de espesor, material de alta resistencia que requiere un periodo específico de fraguado para garantizar mayor durabilidad y seguridad vial. #AquiGobiernaLaEsperanza #Naucalpan #Edomex #Obrahistorica #PerifericoNorte","Avance de la intervención en el Boulevard Manuel Ávila Camacho (Periférico Norte), donde ya se realizan trabajos de retiro de carpeta asfáltica y preparación de la superficie en distintos frentes de obra.🛣️ La obra contempla la colocación de concreto hidráulico MR45 con 25 centímetros de espesor, material de alta resistencia que requiere un periodo específico de fraguado para garantizar mayor durabilidad y seguridad vial. #AquiGobiernaLaEsperanza #Naucalpan #Edomex #Obrahistorica #PerifericoNorte",https://www.facebook.com/reel/25754779984203285/,https://www.facebook.com/reel/25754779984203285/,2026-02-23 14:11:32,2026-02-23,/home/emilio/Documentos/Naucalpan_Semanal_Reportes/Periodico/Enero_Mayo/2026-02-16_al_2026-02-28/Facebook/2026-02-16_al_2026-02-28_Facebook/2026-02-16_al_2026-02-28_Facebook_posts.csv
2026-02-16,2026-02-16_al_2026-02-28_Twitter,isaac_montoya,Isaac Montoya,twitter,Twitter/X,tweet,@isaacsolar,@isaacsolar,,"La Universal fue, durante décadas, una colonia olvidada. Hoy empieza a verse distinta. A través del programa Huellas de la Transformación regresamos para cumplir lo que durante años escuché al recorrer sus calles: servicios dignos, espacios públicos seguros y atención directa a","La Universal fue, durante décadas, una colonia olvidada. Hoy empieza a verse distinta. A través del programa Huellas de la Transformación regresamos para cumplir lo que durante años escuché al recorrer sus calles: servicios dignos, espacios públicos seguros y atención directa a",https://x.com/isaacsolar/status/2026055385774227864,https://x.com/isaacsolar/status/2026055385774227864,2026-02-23 22:03:40+00:00,2026-02-23,/home/emilio/Documentos/Naucalpan_Semanal_Reportes/Periodico/Enero_Mayo/2026-02-16_al_2026-02-28/Twitter/2026-02-16_al_2026-02-28_Twitter/2026-02-16_al_2026-02-28_Twitter_post_institucionales.csv
2026-02-16,2026-02-16_al_2026-02-28_Twitter,isaac_montoya,Isaac Montoya,twitter,Twitter/X,tweet,@isaacsolar,@isaacsolar,,"Con el programa Huellas de la Transformación rehabilitamos integralmente el Parque El Chamizal, un espacio que durante años estuvo en el abandono y que hoy vuelve a ser digno y seguro para las familias. Seguimos trabajando en territorio, escuchando y cumpliendo. #AquiGobiernaLaEsperanza #HuellasDeLaTransformacion #Naucalpan #ElChamizal","Con el programa Huellas de la Transformación rehabilitamos integralmente el Parque El Chamizal, un espacio que durante años estuvo en el abandono y que hoy vuelve a ser digno y seguro para las familias. Seguimos trabajando en territorio, escuchando y cumpliendo. #AquiGobiernaLaEsperanza #HuellasDeLaTransformacion #Naucalpan #ElChamizal",https://x.com/isaacsolar/status/2026076625029255494,https://x.com/isaacsolar/status/2026076625029255494,2026-02-23 23:28:04+00:00,2026-02-23,/home/emilio/Documentos/Naucalpan_Semanal_Reportes/Periodico/Enero_Mayo/2026-02-16_al_2026-02-28/Twitter/2026-02-16_al_2026-02-28_Twitter/2026-02-16_al_2026-02-28_Twitter_post_institucionales.csv
2026-02-16,2026-02-16_al_2026-02-28_Twitter,isaac_montoya,Isaac Montoya,twitter,Twitter/X,tweet,@isaacsolar,@isaacsolar,,"Con el programa Huellas de la Transformación pusimos en marcha la rehabilitación integral del Parque El Chamizal, un espacio que durante años estuvo en el abandono y que hoy vuelve a ser digno y seguro. Instalamos 27 luminarias nuevas, realizamos clareos y podas, trabajos de limpieza integral y rehabilitamos los juegos infantiles. Además, aplicamos 104 toneladas de mezcla asfáltica en El Molinito, San Antonio Zomeyucan, Huizachal y Estado de México. También pintamos barras de contención, línea central y topes en la Avenida Río Hondo. A través de OAPAS, se realizaron 16 reparaciones por fugas de agua, desazolve y retiro de cascajo, atendiendo problemas que por años afectaron directamente a las y los vecinos. No venimos a administrar el rezago. Venimos a transformar. Seguimos trabajando en territorio, escuchando y cumpliendo. #AquiGobiernaLaEsperanza #HuellasDeLaTransformacion #Naucalpan #ElChamizal","Con el programa Huellas de la Transformación pusimos en marcha la rehabilitación integral del Parque El Chamizal, un espacio que durante años estuvo en el abandono y que hoy vuelve a ser digno y seguro. Instalamos 27 luminarias nuevas, realizamos clareos y podas, trabajos de limpieza integral y rehabilitamos los juegos infantiles. Además, aplicamos 104 toneladas de mezcla asfáltica en El Molinito, San Antonio Zomeyucan, Huizachal y Estado de México. También pintamos barras de contención, línea central y topes en la Avenida Río Hondo. A través de OAPAS, se realizaron 16 reparaciones por fugas de agua, desazolve y retiro de cascajo, atendiendo problemas que por años afectaron directamente a las y los vecinos. No venimos a administrar el rezago. Venimos a transformar. Seguimos trabajando en territorio, escuchando y cumpliendo. #AquiGobiernaLaEsperanza #HuellasDeLaTransformacion #Naucalpan #ElChamizal",https://x.com/isaacsolar/status/2026074989036712185,https://x.com/isaacsolar/status/2026074989036712185,2026-02-23 23:21:34+00:00,2026-02-23,/home/emilio/Documentos/Naucalpan_Semanal_Reportes/Periodico/Enero_Mayo/2026-02-16_al_2026-02-28/Twitter/2026-02-16_al_2026-02-28_Twitter/2026-02-16_al_2026-02-28_Twitter_post_institucionales.csv
2026-02-16,2026-02-16_al_2026-02-28_Twitter,isaac_montoya,Isaac Montoya,twitter,Twitter/X,tweet,@isaacsolar,@isaacsolar,,"La Universal fue, durante décadas, una colonia olvidada. Hoy empieza a verse distinta. A través del programa Huellas de la Transformación regresamos para cumplir lo que durante años escuché al recorrer sus calles: servicios dignos, espacios públicos seguros y atención directa a sus necesidades. En esta intervención realizamos trabajos concretos: Renovación del parque y nueva área de juegos infantiles Sustitución de 25 luminarias. Aplicación de 78 toneladas de asfalto para bacheo. Pintura de guarniciones, cruces peatonales y balizamiento Poda y clareo de árboles. Chaponeo, limpieza y recolección de más de 2 toneladas de residuos. No se trata de discurso, se trata de resultados visibles. Gobernar distinto es poner toda la capacidad del gobierno al servicio de la gente. Hoy trabajamos en todos los frentes: servicios públicos, obra, seguridad, salud. Y lo hacemos gracias a la confianza de las y los naucalpenses que cumplen y permiten que el recurso regrese a sus colonias. No venimos a administrar el abandono. Venimos a reconstruir, a devolver prosperidad y a hacer visibles a las comunidades que por años fueron ignoradas. La Universal es ejemplo de que cuando primero van quienes más lo necesitan, la transformación se nota. #AquiGobiernaLaEsperanza #HuellasDeLaTransformacion #Naucalpan","La Universal fue, durante décadas, una colonia olvidada. Hoy empieza a verse distinta. A través del programa Huellas de la Transformación regresamos para cumplir lo que durante años escuché al recorrer sus calles: servicios dignos, espacios públicos seguros y atención directa a sus necesidades. En esta intervención realizamos trabajos concretos: Renovación del parque y nueva área de juegos infantiles Sustitución de 25 luminarias. Aplicación de 78 toneladas de asfalto para bacheo. Pintura de guarniciones, cruces peatonales y balizamiento Poda y clareo de árboles. Chaponeo, limpieza y recolección de más de 2 toneladas de residuos. No se trata de discurso, se trata de resultados visibles. Gobernar distinto es poner toda la capacidad del gobierno al servicio de la gente. Hoy trabajamos en todos los frentes: servicios públicos, obra, seguridad, salud. Y lo hacemos gracias a la confianza de las y los naucalpenses que cumplen y permiten que el recurso regrese a sus colonias. No venimos a administrar el abandono. Venimos a reconstruir, a devolver prosperidad y a hacer visibles a las comunidades que por años fueron ignoradas. La Universal es ejemplo de que cuando primero van quienes más lo necesitan, la transformación se nota. #AquiGobiernaLaEsperanza #HuellasDeLaTransformacion #Naucalpan",https://x.com/isaacsolar/status/2026047604669223352,https://x.com/isaacsolar/status/2026047604669223352,2026-02-23 21:32:45+00:00,2026-02-23,/home/emilio/Documentos/Naucalpan_Semanal_Reportes/Periodico/Enero_Mayo/2026-02-16_al_2026-02-28/Twitter/2026-02-16_al_2026-02-28_Twitter/2026-02-16_al_2026-02-28_Twitter_post_institucionales.csv
2026-02-16,2026-02-16_al_2026-02-28_Facebook,isaac_montoya,Isaac Montoya,facebook,Facebook,post_facebook,isaacmontoya24,Isaac Montoya,,"Hoy felicito con aprecio a Enrique Jacob Noyola, en su cumpleaños. 🎉 Que su camino esté lleno de fortaleza y salud, para que juntas y juntos sigamos la ruta de la transformación por la dignificación y el bienestar del pueblo de México. 🤝 Recibe mis mejores deseos. #Naucalpan","Hoy felicito con aprecio a Enrique Jacob Noyola, en su cumpleaños. 🎉 Que su camino esté lleno de fortaleza y salud, para que juntas y juntos sigamos la ruta de la transformación por la dignificación y el bienestar del pueblo de México. 🤝 Recibe mis mejores deseos. #Naucalpan",https://www.facebook.com/isaacmontoya24/posts/pfbid02RGcpfbyJDpEaJeLrnnpnFGEz8J6DF1ycugBGkgbmEfYGfp2sQ1yNvLCBbX9jHr3Ml,https://www.facebook.com/isaacmontoya24/posts/pfbid02RGcpfbyJDpEaJeLrnnpnFGEz8J6DF1ycugBGkgbmEfYGfp2sQ1yNvLCBbX9jHr3Ml,2026-02-21 17:06:56,2026-02-21,/home/emilio/Documentos/Naucalpan_Semanal_Reportes/Periodico/Enero_Mayo/2026-02-16_al_2026-02-28/Facebook/2026-02-16_al_2026-02-28_Facebook/2026-02-16_al_2026-02-28_Facebook_posts.csv
2026-02-16,2026-02-16_al_2026-02-28_Facebook,isaac_montoya,Isaac Montoya,facebook,Facebook,post_facebook,isaacmontoya24,Isaac Montoya,,"Gatho ra hñäki ja ra ximhai, nge ra thogi pa ga hoki ra mui. (Cada lengua es una forma de nombrar el mundo.) Ja ra hñäki gi ‘bui ra mfeni ne ra historiä ya jä’i. (En ella viven la memoria, los afectos y la historia de los pueblos.) Nuya gi ‘yot’i ne ga mpefi ya hñäki nda, (Hoy reconocemos y celebramos las lenguas maternas) ja ra derecho, ja ra nt’ädi, ne ja ra te gi ‘bui. (como un derecho, como identidad, como patrimonio vivo.) Ñä, pädí ne ntsaya ra hñäki hñähñu, nge pa gi te ra ñätho. (Hablar, aprender y preservar una lengua originaria es mantener viva la raíz.) Habu Naucalpan di mpefihu pa gatho ya ndáhi da nthebe. (En Naucalpan impulsamos una comunicación donde todas las voces tengan lugar.) Ngetho n’abu ra hñäki gi te, gi te gatho ya jä’i. (Porque cuando una lengua florece, también florece la comunidad.) #AquiGobiernaLaEsperanza #Naucalpan #LenguaMaterna #Otomi","Gatho ra hñäki ja ra ximhai, nge ra thogi pa ga hoki ra mui. (Cada lengua es una forma de nombrar el mundo.) Ja ra hñäki gi ‘bui ra mfeni ne ra historiä ya jä’i. (En ella viven la memoria, los afectos y la historia de los pueblos.) Nuya gi ‘yot’i ne ga mpefi ya hñäki nda, (Hoy reconocemos y celebramos las lenguas maternas) ja ra derecho, ja ra nt’ädi, ne ja ra te gi ‘bui. (como un derecho, como identidad, como patrimonio vivo.) Ñä, pädí ne ntsaya ra hñäki hñähñu, nge pa gi te ra ñätho. (Hablar, aprender y preservar una lengua originaria es mantener viva la raíz.) Habu Naucalpan di mpefihu pa gatho ya ndáhi da nthebe. (En Naucalpan impulsamos una comunicación donde todas las voces tengan lugar.) Ngetho n’abu ra hñäki gi te, gi te gatho ya jä’i. (Porque cuando una lengua florece, también florece la comunidad.) #AquiGobiernaLaEsperanza #Naucalpan #LenguaMaterna #Otomi",https://www.facebook.com/isaacmontoya24/posts/pfbid0A79gQjzPVbY89z9ATQNgQ8ZgCAYd1H1KRU5qs6daugzWzi5AXUR5NhYyrzeWgGA6l,https://www.facebook.com/isaacmontoya24/posts/pfbid0A79gQjzPVbY89z9ATQNgQ8ZgCAYd1H1KRU5qs6daugzWzi5AXUR5NhYyrzeWgGA6l,2026-02-21 08:31:05,2026-02-21,/home/emilio/Documentos/Naucalpan_Semanal_Reportes/Periodico/Enero_Mayo/2026-02-16_al_2026-02-28/Facebook/2026-02-16_al_2026-02-28_Facebook/2026-02-16_al_2026-02-28_Facebook_posts.csv
2026-02-16,2026-02-16_al_2026-02-28_Twitter,isaac_montoya,Isaac Montoya,twitter,Twitter/X,tweet,@isaacsolar,@isaacsolar,,"Gatho ra hñäki ja ra ximhai, nge ra thogi pa ga hoki ra mui. (Cada lengua es una forma de nombrar el mundo.) Ja ra hñäki gi ‘bui ra mfeni ne ra historiä ya jä’i. (En ella viven la memoria, los afectos y la historia de los pueblos.) Nuya gi ‘yot’i ne ga mpefi ya hñäki nda, (Hoy","Gatho ra hñäki ja ra ximhai, nge ra thogi pa ga hoki ra mui. (Cada lengua es una forma de nombrar el mundo.) Ja ra hñäki gi ‘bui ra mfeni ne ra historiä ya jä’i. (En ella viven la memoria, los afectos y la historia de los pueblos.) Nuya gi ‘yot’i ne ga mpefi ya hñäki nda, (Hoy",https://x.com/isaacsolar/status/2025216710987366714,https://x.com/isaacsolar/status/2025216710987366714,2026-02-21 14:31:05+00:00,2026-02-21,/home/emilio/Documentos/Naucalpan_Semanal_Reportes/Periodico/Enero_Mayo/2026-02-16_al_2026-02-28/Twitter/2026-02-16_al_2026-02-28_Twitter/2026-02-16_al_2026-02-28_Twitter_post_institucionales.csv
2026-02-16,2026-02-16_al_2026-02-28_Facebook,isaac_montoya,Isaac Montoya,facebook,Facebook,post_facebook,isaacmontoya24,Isaac Montoya,,"Llevamos a cabo la Mesa de Paz itinerante en Santa Cruz del Monte, para analizar y reforzar las estrategias de seguridad que de acuerdo con registros de la fiscalía, ha mostrado un descenso en los delitos de alto impacto y también en el robo de vehículos.🕊️ También, realizamos la actividad Atención a las Causas, porque estoy convencido de que la paz no se logra solo con presencia policial, sino reconstruyendo el tejido social. A través de “Amor por la Paz” impulsamos actividades culturales, orientación jurídica y acciones para prevenir la violencia de género. #AquiGobiernaLaEsperanza #Naucalpan #MesaDePaz #Seguridad #IMNIS #EdoMex #Mexico","Llevamos a cabo la Mesa de Paz itinerante en Santa Cruz del Monte, para analizar y reforzar las estrategias de seguridad que de acuerdo con registros de la fiscalía, ha mostrado un descenso en los delitos de alto impacto y también en el robo de vehículos.🕊️ También, realizamos la actividad Atención a las Causas, porque estoy convencido de que la paz no se logra solo con presencia policial, sino reconstruyendo el tejido social. A través de “Amor por la Paz” impulsamos actividades culturales, orientación jurídica y acciones para prevenir la violencia de género. #AquiGobiernaLaEsperanza #Naucalpan #MesaDePaz #Seguridad #IMNIS #EdoMex #Mexico",https://www.facebook.com/reel/896100829689446/,https://www.facebook.com/reel/896100829689446/,2026-02-20 16:06:45,2026-02-20,/home/emilio/Documentos/Naucalpan_Semanal_Reportes/Periodico/Enero_Mayo/2026-02-16_al_2026-02-28/Facebook/2026-02-16_al_2026-02-28_Facebook/2026-02-16_al_2026-02-28_Facebook_posts.csv
2026-02-16,2026-02-16_al_2026-02-28_Facebook,isaac_montoya,Isaac Montoya,facebook,Facebook,post_facebook,isaacmontoya24,Isaac Montoya,,"Llevamos a cabo la Mesa de Paz itinerante en Santa Cruz del Monte, para analizar y reforzar las estrategias de seguridad que de acuerdo con registros de la fiscalía, ha mostrado un descenso en los delitos de alto impacto y también en el robo de vehículos.🕊️ En este marco, se llevó a cabo la actividad Atención a las Causas, estrategia impulsada por el gobierno de la Presidenta de México, Claudia Sheinbaum, que busca reconstruir el tejido social con actividades culturales, deportivas y de diversa índole para garantizar derechos humanos y generar bienestar comunitario. También, realizamos la actividad Atención a las Causas, porque estoy convencido de que la paz no se logra solo con presencia policial, sino reconstruyendo el tejido social. A través de “Amor por la Paz” impulsamos actividades culturales, orientación jurídica y acciones para prevenir la violencia de género. Seguimos fortaleciendo la estrategia con más patrullas, cámaras y próximamente un nuevo C4. #AquiGobiernaLaEsperanza #Naucalpan #MesaDePaz #Seguridad #IMNIS #EdoMex #Mexico","Llevamos a cabo la Mesa de Paz itinerante en Santa Cruz del Monte, para analizar y reforzar las estrategias de seguridad que de acuerdo con registros de la fiscalía, ha mostrado un descenso en los delitos de alto impacto y también en el robo de vehículos.🕊️ En este marco, se llevó a cabo la actividad Atención a las Causas, estrategia impulsada por el gobierno de la Presidenta de México, Claudia Sheinbaum, que busca reconstruir el tejido social con actividades culturales, deportivas y de diversa índole para garantizar derechos humanos y generar bienestar comunitario. También, realizamos la actividad Atención a las Causas, porque estoy convencido de que la paz no se logra solo con presencia policial, sino reconstruyendo el tejido social. A través de “Amor por la Paz” impulsamos actividades culturales, orientación jurídica y acciones para prevenir la violencia de género. Seguimos fortaleciendo la estrategia con más patrullas, cámaras y próximamente un nuevo C4. #AquiGobiernaLaEsperanza #Naucalpan #MesaDePaz #Seguridad #IMNIS #EdoMex #Mexico",https://www.facebook.com/isaacmontoya24/posts/pfbid0CzTdRzc1v3ask2V9qqaVFEsp7Cbg8KafGG1qDd8G1F4GXY88dUtzMn7ivvxmLjWMl,https://www.facebook.com/isaacmontoya24/posts/pfbid0CzTdRzc1v3ask2V9qqaVFEsp7Cbg8KafGG1qDd8G1F4GXY88dUtzMn7ivvxmLjWMl,2026-02-20 15:50:02,2026-02-20,/home/emilio/Documentos/Naucalpan_Semanal_Reportes/Periodico/Enero_Mayo/2026-02-16_al_2026-02-28/Facebook/2026-02-16_al_2026-02-28_Facebook/2026-02-16_al_2026-02-28_Facebook_posts.csv
2026-02-16,2026-02-16_al_2026-02-28_Facebook,isaac_montoya,Isaac Montoya,facebook,Facebook,post_facebook,isaacmontoya24,Isaac Montoya,,"Me reuní con el Secretario del Agua del Estado de México, José Arnulfo Silva Adaya, para seguir avanzando en proyectos estratégicos en materia hídrica para Ciudad Naucalpan. Estamos fortaleciendo la coordinación institucional para consolidar iniciativas que beneficien a miles de familias naucalpenses. Seguimos trabajando con responsabilidad y visión de futuro para garantizar agua y bienestar en nuestro municipio. #AquiGobiernaLaEsperanza #Naucalpan #EdoMex","Me reuní con el Secretario del Agua del Estado de México, José Arnulfo Silva Adaya, para seguir avanzando en proyectos estratégicos en materia hídrica para Ciudad Naucalpan. Estamos fortaleciendo la coordinación institucional para consolidar iniciativas que beneficien a miles de familias naucalpenses. Seguimos trabajando con responsabilidad y visión de futuro para garantizar agua y bienestar en nuestro municipio. #AquiGobiernaLaEsperanza #Naucalpan #EdoMex",https://www.facebook.com/isaacmontoya24/posts/pfbid0ezS6dfdAgU27w2WzC9g9781yv3HZHGsGgPUsjdqmnJwoLUsDFQZi9fDUYGAoQmPfl,https://www.facebook.com/isaacmontoya24/posts/pfbid0ezS6dfdAgU27w2WzC9g9781yv3HZHGsGgPUsjdqmnJwoLUsDFQZi9fDUYGAoQmPfl,2026-02-20 14:19:55,2026-02-20,/home/emilio/Documentos/Naucalpan_Semanal_Reportes/Periodico/Enero_Mayo/2026-02-16_al_2026-02-28/Facebook/2026-02-16_al_2026-02-28_Facebook/2026-02-16_al_2026-02-28_Facebook_posts.csv
2026-02-16,2026-02-16_al_2026-02-28_Facebook,isaac_montoya,Isaac Montoya,facebook,Facebook,post_facebook,isaacmontoya24,Isaac Montoya,,"Realizamos una Asamblea del Pueblo en Plan de Ayala 2ª Sección. ✒️🤝 Estas asambleas nos acercan, sin intermediarios, para atender y solucionar las problemáticas locales de nuestras comunidades, como servicios públicos, seguridad e infraestructura hidráulica, entre otras. Nuestro compromiso es recorrer cada comunidad de Ciudad Naucalpan. Venimos a trabajar con responsabilidad. #AquiGobiernaLaEsperanza #Naucalpan #AsambleaDelPueblo","Realizamos una Asamblea del Pueblo en Plan de Ayala 2ª Sección. ✒️🤝 Estas asambleas nos acercan, sin intermediarios, para atender y solucionar las problemáticas locales de nuestras comunidades, como servicios públicos, seguridad e infraestructura hidráulica, entre otras. Nuestro compromiso es recorrer cada comunidad de Ciudad Naucalpan. Venimos a trabajar con responsabilidad. #AquiGobiernaLaEsperanza #Naucalpan #AsambleaDelPueblo",https://www.facebook.com/reel/1684130765906462/,https://www.facebook.com/reel/1684130765906462/,2026-02-20 14:03:05,2026-02-20,/home/emilio/Documentos/Naucalpan_Semanal_Reportes/Periodico/Enero_Mayo/2026-02-16_al_2026-02-28/Facebook/2026-02-16_al_2026-02-28_Facebook/2026-02-16_al_2026-02-28_Facebook_posts.csv
2026-02-16,2026-02-16_al_2026-02-28_Facebook,isaac_montoya,Isaac Montoya,facebook,Facebook,post_facebook,isaacmontoya24,Isaac Montoya,,"Realizamos una Asamblea del Pueblo en Plan de Ayala 2ª Sección. ✒️🤝 Estas asambleas nos acercan, sin intermediarios, para atender y solucionar las problemáticas locales de nuestras comunidades, como servicios públicos, seguridad e infraestructura hidráulica, entre otras. Plan de Ayala será una de las colonias beneficiadas con el Mexicable Línea 3, un proyecto que transformará la movilidad y mejorará la calidad de vida de miles de familias. Además, seguimos impulsando mejoras en calles, luminarias y recuperación de espacios. Nuestro compromiso es recorrer cada comunidad de Ciudad Naucalpan. Venimos a trabajar con responsabilidad. #AquiGobiernaLaEsperanza #Naucalpan #AsambleaDelPueblo","Realizamos una Asamblea del Pueblo en Plan de Ayala 2ª Sección. ✒️🤝 Estas asambleas nos acercan, sin intermediarios, para atender y solucionar las problemáticas locales de nuestras comunidades, como servicios públicos, seguridad e infraestructura hidráulica, entre otras. Plan de Ayala será una de las colonias beneficiadas con el Mexicable Línea 3, un proyecto que transformará la movilidad y mejorará la calidad de vida de miles de familias. Además, seguimos impulsando mejoras en calles, luminarias y recuperación de espacios. Nuestro compromiso es recorrer cada comunidad de Ciudad Naucalpan. Venimos a trabajar con responsabilidad. #AquiGobiernaLaEsperanza #Naucalpan #AsambleaDelPueblo",https://www.facebook.com/isaacmontoya24/posts/pfbid026yyCsHz7tpewyQpzD8gnrnVwE9rX8kx5imDfAaoX3ooZY1brbr4XXyUfg5jFv2Wxl,https://www.facebook.com/isaacmontoya24/posts/pfbid026yyCsHz7tpewyQpzD8gnrnVwE9rX8kx5imDfAaoX3ooZY1brbr4XXyUfg5jFv2Wxl,2026-02-20 13:47:37,2026-02-20,/home/emilio/Documentos/Naucalpan_Semanal_Reportes/Periodico/Enero_Mayo/2026-02-16_al_2026-02-28/Facebook/2026-02-16_al_2026-02-28_Facebook/2026-02-16_al_2026-02-28_Facebook_posts.csv
2026-02-16,2026-02-16_al_2026-02-28_Facebook,isaac_montoya,Isaac Montoya,facebook,Facebook,post_facebook,isaacmontoya24,Isaac Montoya,,"Agradezco el espacio a MVS Noticias por esta entrevista, donde conversamos sobre el avance de la intervención en el Periférico Norte.🚧🛣️ 🎥✨👉 Te invito a escuchar la entrevista completa. #Naucalpan #Periferico","Agradezco el espacio a MVS Noticias por esta entrevista, donde conversamos sobre el avance de la intervención en el Periférico Norte.🚧🛣️ 🎥✨👉 Te invito a escuchar la entrevista completa. #Naucalpan #Periferico",https://www.facebook.com/reel/908529598542227/,https://www.facebook.com/reel/908529598542227/,2026-02-20 12:32:00,2026-02-20,/home/emilio/Documentos/Naucalpan_Semanal_Reportes/Periodico/Enero_Mayo/2026-02-16_al_2026-02-28/Facebook/2026-02-16_al_2026-02-28_Facebook/2026-02-16_al_2026-02-28_Facebook_posts.csv
2026-02-16,2026-02-16_al_2026-02-28_Facebook,isaac_montoya,Isaac Montoya,facebook,Facebook,post_facebook,isaacmontoya24,Isaac Montoya,,"Este 20 de febrero no solo hablamos de amor, hablamos de responsabilidad. Amar a un ser sintiente es reconocer su dignidad, educar con respeto, cuidar su salud y acompañarlo toda su vida. El amor verdadero no abandona ni reemplaza; implica compromiso, empatía y conciencia. 🐾🐰🐹🐱🐶 #Naucalpan #BienestarAnimal #SeresSintientes","Este 20 de febrero no solo hablamos de amor, hablamos de responsabilidad. Amar a un ser sintiente es reconocer su dignidad, educar con respeto, cuidar su salud y acompañarlo toda su vida. El amor verdadero no abandona ni reemplaza; implica compromiso, empatía y conciencia. 🐾🐰🐹🐱🐶 #Naucalpan #BienestarAnimal #SeresSintientes",https://www.facebook.com/isaacmontoya24/posts/pfbid0wg9KfWL8xqUHQgasESrnrcu2vBGL6dBLk7JHuDCHdRN6ms8ZGoUjPPJ5yEg4cG7Sl,https://www.facebook.com/isaacmontoya24/posts/pfbid0wg9KfWL8xqUHQgasESrnrcu2vBGL6dBLk7JHuDCHdRN6ms8ZGoUjPPJ5yEg4cG7Sl,2026-02-20 12:16:20,2026-02-20,/home/emilio/Documentos/Naucalpan_Semanal_Reportes/Periodico/Enero_Mayo/2026-02-16_al_2026-02-28/Facebook/2026-02-16_al_2026-02-28_Facebook/2026-02-16_al_2026-02-28_Facebook_posts.csv
2026-02-16,2026-02-16_al_2026-02-28_Facebook,isaac_montoya,Isaac Montoya,facebook,Facebook,post_facebook,isaacmontoya24,Isaac Montoya,,20 de febrero | Día Mundial de la Justicia Social ⚖️ Recordamos que la justicia social tiene como bandera la igualdad y como meta la felicidad de todas y todos. La igualdad es el alma de la justicia. #AquiGobiernaLaEsperanza #JusticiaSocial #Igualdad,20 de febrero | Día Mundial de la Justicia Social ⚖️ Recordamos que la justicia social tiene como bandera la igualdad y como meta la felicidad de todas y todos. La igualdad es el alma de la justicia. #AquiGobiernaLaEsperanza #JusticiaSocial #Igualdad,https://www.facebook.com/isaacmontoya24/posts/pfbid029YH49kZATf1k8Ne4RyH4fdbiK4jR4z5rKopcTYtZqekzCgRad9V6Zeqpz1a6oqsnl,https://www.facebook.com/isaacmontoya24/posts/pfbid029YH49kZATf1k8Ne4RyH4fdbiK4jR4z5rKopcTYtZqekzCgRad9V6Zeqpz1a6oqsnl,2026-02-20 10:13:59,2026-02-20,/home/emilio/Documentos/Naucalpan_Semanal_Reportes/Periodico/Enero_Mayo/2026-02-16_al_2026-02-28/Facebook/2026-02-16_al_2026-02-28_Facebook/2026-02-16_al_2026-02-28_Facebook_posts.csv
2026-02-16,2026-02-16_al_2026-02-28_Twitter,isaac_montoya,Isaac Montoya,twitter,Twitter/X,tweet,@isaacsolar,@isaacsolar,,"Realizamos la Mesa de Paz en Santa Cruz del Monte. De acuerdo con la Fiscalía, hay descenso en delitos de alto impacto y robo de vehículos. Seguimos reforzando la estrategia con más patrullas, cámaras y próximamente un nuevo C4. La paz también se construye con Atención a las","Realizamos la Mesa de Paz en Santa Cruz del Monte. De acuerdo con la Fiscalía, hay descenso en delitos de alto impacto y robo de vehículos. Seguimos reforzando la estrategia con más patrullas, cámaras y próximamente un nuevo C4. La paz también se construye con Atención a las",https://x.com/isaacsolar/status/2024964705681391617,https://x.com/isaacsolar/status/2024964705681391617,2026-02-20 21:49:42+00:00,2026-02-20,/home/emilio/Documentos/Naucalpan_Semanal_Reportes/Periodico/Enero_Mayo/2026-02-16_al_2026-02-28/Twitter/2026-02-16_al_2026-02-28_Twitter/2026-02-16_al_2026-02-28_Twitter_post_institucionales.csv
2026-02-16,2026-02-16_al_2026-02-28_Twitter,isaac_montoya,Isaac Montoya,twitter,Twitter/X,tweet,@isaacsolar,@isaacsolar,,"Me reuní con el Secretario del Agua del Estado de México, José Arnulfo Silva Adaya, para seguir avanzando en proyectos estratégicos en materia hídrica para Ciudad Naucalpan. Estamos fortaleciendo la coordinación institucional para consolidar iniciativas que beneficien a miles de familias naucalpenses. Seguimos trabajando con responsabilidad y visión de futuro para garantizar agua y bienestar en nuestro municipio. #AquiGobiernaLaEsperanza #Naucalpan #EdoMex","Me reuní con el Secretario del Agua del Estado de México, José Arnulfo Silva Adaya, para seguir avanzando en proyectos estratégicos en materia hídrica para Ciudad Naucalpan. Estamos fortaleciendo la coordinación institucional para consolidar iniciativas que beneficien a miles de familias naucalpenses. Seguimos trabajando con responsabilidad y visión de futuro para garantizar agua y bienestar en nuestro municipio. #AquiGobiernaLaEsperanza #Naucalpan #EdoMex",https://x.com/isaacsolar/status/2024942109980029008,https://x.com/isaacsolar/status/2024942109980029008,2026-02-20 20:19:55+00:00,2026-02-20,/home/emilio/Documentos/Naucalpan_Semanal_Reportes/Periodico/Enero_Mayo/2026-02-16_al_2026-02-28/Twitter/2026-02-16_al_2026-02-28_Twitter/2026-02-16_al_2026-02-28_Twitter_post_institucionales.csv
2026-02-16,2026-02-16_al_2026-02-28_Twitter,isaac_montoya,Isaac Montoya,twitter,Twitter/X,tweet,@isaacsolar,@isaacsolar,,"Llevamos a cabo la Mesa de Paz itinerante en Santa Cruz del Monte, para analizar y reforzar las estrategias de seguridad que de acuerdo con registros de la fiscalía, ha mostrado un descenso en los delitos de alto impacto y también en el robo de vehículos. También, realizamos","Llevamos a cabo la Mesa de Paz itinerante en Santa Cruz del Monte, para analizar y reforzar las estrategias de seguridad que de acuerdo con registros de la fiscalía, ha mostrado un descenso en los delitos de alto impacto y también en el robo de vehículos. También, realizamos",https://x.com/isaacsolar/status/2024968759081848899,https://x.com/isaacsolar/status/2024968759081848899,2026-02-20 22:05:48+00:00,2026-02-20,/home/emilio/Documentos/Naucalpan_Semanal_Reportes/Periodico/Enero_Mayo/2026-02-16_al_2026-02-28/Twitter/2026-02-16_al_2026-02-28_Twitter/2026-02-16_al_2026-02-28_Twitter_post_institucionales.csv
2026-02-16,2026-02-16_al_2026-02-28_Twitter,isaac_montoya,Isaac Montoya,twitter,Twitter/X,tweet,@isaacsolar,@isaacsolar,,"Realizamos una Asamblea del Pueblo en Plan de Ayala 2ª Sección. Estas asambleas nos acercan, sin intermediarios, para atender y solucionar las problemáticas locales de nuestras comunidades, como servicios públicos, seguridad e infraestructura hidráulica, entre otras. Plan de Ayala será una de las colonias beneficiadas con el Mexicable Línea 3, un proyecto que transformará la movilidad y mejorará la calidad de vida de miles de familias. Además, seguimos impulsando mejoras en calles, luminarias y recuperación de espacios. Nuestro compromiso es recorrer cada comunidad de Ciudad Naucalpan. Venimos a trabajar con responsabilidad. #AquiGobiernaLaEsperanza #Naucalpan #AsambleaDelPueblo","Realizamos una Asamblea del Pueblo en Plan de Ayala 2ª Sección. Estas asambleas nos acercan, sin intermediarios, para atender y solucionar las problemáticas locales de nuestras comunidades, como servicios públicos, seguridad e infraestructura hidráulica, entre otras. Plan de Ayala será una de las colonias beneficiadas con el Mexicable Línea 3, un proyecto que transformará la movilidad y mejorará la calidad de vida de miles de familias. Además, seguimos impulsando mejoras en calles, luminarias y recuperación de espacios. Nuestro compromiso es recorrer cada comunidad de Ciudad Naucalpan. Venimos a trabajar con responsabilidad. #AquiGobiernaLaEsperanza #Naucalpan #AsambleaDelPueblo",https://x.com/isaacsolar/status/2024933948309000579,https://x.com/isaacsolar/status/2024933948309000579,2026-02-20 19:47:29+00:00,2026-02-20,/home/emilio/Documentos/Naucalpan_Semanal_Reportes/Periodico/Enero_Mayo/2026-02-16_al_2026-02-28/Twitter/2026-02-16_al_2026-02-28_Twitter/2026-02-16_al_2026-02-28_Twitter_post_institucionales.csv
2026-02-16,2026-02-16_al_2026-02-28_Twitter,isaac_montoya,Isaac Montoya,twitter,Twitter/X,tweet,@isaacsolar,@isaacsolar,,20 de febrero | Día Mundial de la Justicia Social Recordamos que la justicia social tiene como bandera la igualdad y como meta la felicidad de todas y todos. La igualdad es el alma de la justicia. #AquiGobiernaLaEsperanza #JusticiaSocial #Igualdad,20 de febrero | Día Mundial de la Justicia Social Recordamos que la justicia social tiene como bandera la igualdad y como meta la felicidad de todas y todos. La igualdad es el alma de la justicia. #AquiGobiernaLaEsperanza #JusticiaSocial #Igualdad,https://x.com/isaacsolar/status/2024880216984744402,https://x.com/isaacsolar/status/2024880216984744402,2026-02-20 16:13:58+00:00,2026-02-20,/home/emilio/Documentos/Naucalpan_Semanal_Reportes/Periodico/Enero_Mayo/2026-02-16_al_2026-02-28/Twitter/2026-02-16_al_2026-02-28_Twitter/2026-02-16_al_2026-02-28_Twitter_post_institucionales.csv
2026-02-16,2026-02-16_al_2026-02-28_Facebook,isaac_montoya,Isaac Montoya,facebook,Facebook,post_facebook,isaacmontoya24,Isaac Montoya,,"Dimos un paso firme para fortalecer el derecho a la salud en Ciudad Naucalpan: la entrega de la Unidad Médica “La Raquelito”, en la colonia La Raquelito, un espacio que encontramos en abandono y que hoy se transforma en una clínica digna, equipada y al servicio de quienes más lo necesitan. 🏥✨ El trabajo se realizó a través del DIF Municipal, con el objetivo de garantizar atención médica gratuita y permanente en medicina general, odontología, optometría y laboratorio clínico. No se trata solo de una remodelación; se trata de hacer valer un derecho humano fundamental. #AquiGobiernaLaEsperanza #Naucalpan #LaRaquelito #Salud #DIFNaucalpan","Dimos un paso firme para fortalecer el derecho a la salud en Ciudad Naucalpan: la entrega de la Unidad Médica “La Raquelito”, en la colonia La Raquelito, un espacio que encontramos en abandono y que hoy se transforma en una clínica digna, equipada y al servicio de quienes más lo necesitan. 🏥✨ El trabajo se realizó a través del DIF Municipal, con el objetivo de garantizar atención médica gratuita y permanente en medicina general, odontología, optometría y laboratorio clínico. No se trata solo de una remodelación; se trata de hacer valer un derecho humano fundamental. #AquiGobiernaLaEsperanza #Naucalpan #LaRaquelito #Salud #DIFNaucalpan",https://www.facebook.com/reel/2004702643446434/,https://www.facebook.com/reel/2004702643446434/,2026-02-19 14:10:12,2026-02-19,/home/emilio/Documentos/Naucalpan_Semanal_Reportes/Periodico/Enero_Mayo/2026-02-16_al_2026-02-28/Facebook/2026-02-16_al_2026-02-28_Facebook/2026-02-16_al_2026-02-28_Facebook_posts.csv
2026-02-16,2026-02-16_al_2026-02-28_Facebook,isaac_montoya,Isaac Montoya,facebook,Facebook,post_facebook,isaacmontoya24,Isaac Montoya,,19 de febrero | Día del Ejército Mexicano. 🪖 Hoy reconocemos la lealtad y disciplina de quienes defienden a nuestra nación con honor y entrega. #AquiGobiernaLaEsperanza #Naucalpan #DiaDelEjercitoMexicano #HonorYDisciplina,19 de febrero | Día del Ejército Mexicano. 🪖 Hoy reconocemos la lealtad y disciplina de quienes defienden a nuestra nación con honor y entrega. #AquiGobiernaLaEsperanza #Naucalpan #DiaDelEjercitoMexicano #HonorYDisciplina,https://www.facebook.com/isaacmontoya24/posts/pfbid036edzeCVr9EFUBVoe2VfYEbkkw53f7B2Wq9yCC2W6mvEvHzjRoqRAc8kaSfm9N4KKl,https://www.facebook.com/isaacmontoya24/posts/pfbid036edzeCVr9EFUBVoe2VfYEbkkw53f7B2Wq9yCC2W6mvEvHzjRoqRAc8kaSfm9N4KKl,2026-02-19 09:43:25,2026-02-19,/home/emilio/Documentos/Naucalpan_Semanal_Reportes/Periodico/Enero_Mayo/2026-02-16_al_2026-02-28/Facebook/2026-02-16_al_2026-02-28_Facebook/2026-02-16_al_2026-02-28_Facebook_posts.csv
2026-02-16,2026-02-16_al_2026-02-28_Facebook,isaac_montoya,Isaac Montoya,facebook,Facebook,post_facebook,isaacmontoya24,Isaac Montoya,,"El Gobierno de Ciudad Naucalpan llevó el programa Impulsando tu Salud a la Presa Totolinga, en la colonia Los Cuartos 2ª Sección.🏥 A través del Sistema Municipal DIF, se acercaron servicios médicos gratuitos directamente a la comunidad, reafirmando que la salud es un derecho y no un privilegio. Con una estrategia territorial, esta administración elimina barreras de acceso y fortalece la prevención como eje del bienestar. #AquiGobiernaLaEsperanza #Naucalpan #ImpulsandoTuSalud #Salud","El Gobierno de Ciudad Naucalpan llevó el programa Impulsando tu Salud a la Presa Totolinga, en la colonia Los Cuartos 2ª Sección.🏥 A través del Sistema Municipal DIF, se acercaron servicios médicos gratuitos directamente a la comunidad, reafirmando que la salud es un derecho y no un privilegio. Con una estrategia territorial, esta administración elimina barreras de acceso y fortalece la prevención como eje del bienestar. #AquiGobiernaLaEsperanza #Naucalpan #ImpulsandoTuSalud #Salud",https://www.facebook.com/reel/1709134880054787/,https://www.facebook.com/reel/1709134880054787/,2026-02-19 09:04:17,2026-02-19,/home/emilio/Documentos/Naucalpan_Semanal_Reportes/Periodico/Enero_Mayo/2026-02-16_al_2026-02-28/Facebook/2026-02-16_al_2026-02-28_Facebook/2026-02-16_al_2026-02-28_Facebook_posts.csv
2026-02-16,2026-02-16_al_2026-02-28_Twitter,isaac_montoya,Isaac Montoya,twitter,Twitter/X,tweet,@isaacsolar,@isaacsolar,,19 de febrero | Día del Ejército Mexicano. Hoy reconocemos la lealtad y disciplina de quienes defienden a nuestra nación con honor y entrega. #AquiGobiernaLaEsperanza #Naucalpan #DiaDelEjercitoMexicano #HonorYDisciplina,19 de febrero | Día del Ejército Mexicano. Hoy reconocemos la lealtad y disciplina de quienes defienden a nuestra nación con honor y entrega. #AquiGobiernaLaEsperanza #Naucalpan #DiaDelEjercitoMexicano #HonorYDisciplina,https://x.com/isaacsolar/status/2024510144256647475,https://x.com/isaacsolar/status/2024510144256647475,2026-02-19 15:43:26+00:00,2026-02-19,/home/emilio/Documentos/Naucalpan_Semanal_Reportes/Periodico/Enero_Mayo/2026-02-16_al_2026-02-28/Twitter/2026-02-16_al_2026-02-28_Twitter/2026-02-16_al_2026-02-28_Twitter_post_institucionales.csv
2026-02-16,2026-02-16_al_2026-02-28_Facebook,isaac_montoya,Isaac Montoya,facebook,Facebook,post_facebook,isaacmontoya24,Isaac Montoya,,"Recibí con muchísimo gusto a Gabs y Jessica Sicilia, talentosas artistas naucalpenses, quienes durante más de 20 años han construido una trayectoria impresionante en las artes plásticas. Me llena de orgullo saber que ahora llevarán el talento, la identidad y la fuerza cultural de Ciudad Naucalpan y del Estado de México hasta el Museo del Louvre en París. Que dos mujeres artistas de nuestro municipio hayan sido seleccionadas en una convocatoria internacional es una muestra clara de que el talento naucalpense no tiene fronteras. 🌍🇲🇽 Agradezco profundamente el obsequio que me hicieron: una pieza con un león como símbolo de liderazgo, fuerza y convicción. La recibo con cariño, como un recordatorio del talento extraordinario que existe en nuestra tierra. Gracias por representar a Ciudad Naucalpan ante el mundo. ¡Mucho éxito en Francia! #Naucalpan #OrgulloNaucalpense #ArteQueTransforma #Arte","Recibí con muchísimo gusto a Gabs y Jessica Sicilia, talentosas artistas naucalpenses, quienes durante más de 20 años han construido una trayectoria impresionante en las artes plásticas. Me llena de orgullo saber que ahora llevarán el talento, la identidad y la fuerza cultural de Ciudad Naucalpan y del Estado de México hasta el Museo del Louvre en París. Que dos mujeres artistas de nuestro municipio hayan sido seleccionadas en una convocatoria internacional es una muestra clara de que el talento naucalpense no tiene fronteras. 🌍🇲🇽 Agradezco profundamente el obsequio que me hicieron: una pieza con un león como símbolo de liderazgo, fuerza y convicción. La recibo con cariño, como un recordatorio del talento extraordinario que existe en nuestra tierra. Gracias por representar a Ciudad Naucalpan ante el mundo. ¡Mucho éxito en Francia! #Naucalpan #OrgulloNaucalpense #ArteQueTransforma #Arte",https://www.facebook.com/reel/1232220502425445/,https://www.facebook.com/reel/1232220502425445/,2026-02-18 15:22:36,2026-02-18,/home/emilio/Documentos/Naucalpan_Semanal_Reportes/Periodico/Enero_Mayo/2026-02-16_al_2026-02-28/Facebook/2026-02-16_al_2026-02-28_Facebook/2026-02-16_al_2026-02-28_Facebook_posts.csv
2026-02-16,2026-02-16_al_2026-02-28_Facebook,isaac_montoya,Isaac Montoya,facebook,Facebook,post_facebook,isaacmontoya24,Isaac Montoya,,"Firmamos un convenio con el IMSS Bienestar para avanzar hacia la cobertura universal de salud en Ciudad Naucalpan. Junto al Coordinador Estatal del IMSS Bienestar en el Estado de México, el Doctor Natán Enríquez Ríos, refrendamos nuestro compromiso de que la salud sea un derecho garantizado para todas y todos. Estoy convencido de que hablar de salud es hablar de dignidad. Es dar tranquilidad a madres y padres de familia, certeza a nuestros adultos mayores, oportunidades a las juventudes e infancias, y respaldo a quienes históricamente quedaron fuera de los sistemas de seguridad social. Con este convenio, instalaremos y fortaleceremos módulos de afiliación en el municipio para que quienes no cuentan con seguridad social puedan registrarse y acceder a consultas, medicamentos y estudios sin costo. También consolidamos la atención primaria y la prevención como eje central, porque atender la salud no empieza en el hospital, empieza en la detección oportuna y el acompañamiento comunitario. Ciudad Naucalpan se suma con convicción a la construcción de un sistema de salud más humano, cercano y justo. La salud es un derecho, no un privilegio. Ese es el espíritu que nos mueve. #AquiGobiernaLaEsperanza #Naucalpan #IMSSBienestar #salud","Firmamos un convenio con el IMSS Bienestar para avanzar hacia la cobertura universal de salud en Ciudad Naucalpan. Junto al Coordinador Estatal del IMSS Bienestar en el Estado de México, el Doctor Natán Enríquez Ríos, refrendamos nuestro compromiso de que la salud sea un derecho garantizado para todas y todos. Estoy convencido de que hablar de salud es hablar de dignidad. Es dar tranquilidad a madres y padres de familia, certeza a nuestros adultos mayores, oportunidades a las juventudes e infancias, y respaldo a quienes históricamente quedaron fuera de los sistemas de seguridad social. Con este convenio, instalaremos y fortaleceremos módulos de afiliación en el municipio para que quienes no cuentan con seguridad social puedan registrarse y acceder a consultas, medicamentos y estudios sin costo. También consolidamos la atención primaria y la prevención como eje central, porque atender la salud no empieza en el hospital, empieza en la detección oportuna y el acompañamiento comunitario. Ciudad Naucalpan se suma con convicción a la construcción de un sistema de salud más humano, cercano y justo. La salud es un derecho, no un privilegio. Ese es el espíritu que nos mueve. #AquiGobiernaLaEsperanza #Naucalpan #IMSSBienestar #salud",https://www.facebook.com/isaacmontoya24/posts/pfbid0d6nYrxELm43DVMutFHYuCPhWfVb4kYu3koYv6L6RGKZYRuaay5fE4cjTKCgFrY8Sl,https://www.facebook.com/isaacmontoya24/posts/pfbid0d6nYrxELm43DVMutFHYuCPhWfVb4kYu3koYv6L6RGKZYRuaay5fE4cjTKCgFrY8Sl,2026-02-18 14:10:39,2026-02-18,/home/emilio/Documentos/Naucalpan_Semanal_Reportes/Periodico/Enero_Mayo/2026-02-16_al_2026-02-28/Facebook/2026-02-16_al_2026-02-28_Facebook/2026-02-16_al_2026-02-28_Facebook_posts.csv
2026-02-16,2026-02-16_al_2026-02-28_Facebook,isaac_montoya,Isaac Montoya,facebook,Facebook,post_facebook,isaacmontoya24,Isaac Montoya,,"Hoy felicito con aprecio a Francisco Vázquez, Diputado Coordinador Parlamentario de Morena en la LXII Legislatura Mexiquense. 🎉 Que este nuevo año esté lleno de fortaleza y salud, para que sigamos avanzando, juntas y juntos, en la ruta de la transformación, por la dignificación y el bienestar del pueblo de México.🤝 Recibe mis mejores deseos. #Naucalpan","Hoy felicito con aprecio a Francisco Vázquez, Diputado Coordinador Parlamentario de Morena en la LXII Legislatura Mexiquense. 🎉 Que este nuevo año esté lleno de fortaleza y salud, para que sigamos avanzando, juntas y juntos, en la ruta de la transformación, por la dignificación y el bienestar del pueblo de México.🤝 Recibe mis mejores deseos. #Naucalpan",https://www.facebook.com/isaacmontoya24/posts/pfbid023pc791nXARPfw9es41Co4vZ1yb2Pp1QhfQV7EhbJ9B7RM5oadBUanjANSPM54xxKl,https://www.facebook.com/isaacmontoya24/posts/pfbid023pc791nXARPfw9es41Co4vZ1yb2Pp1QhfQV7EhbJ9B7RM5oadBUanjANSPM54xxKl,2026-02-18 12:04:23,2026-02-18,/home/emilio/Documentos/Naucalpan_Semanal_Reportes/Periodico/Enero_Mayo/2026-02-16_al_2026-02-28/Facebook/2026-02-16_al_2026-02-28_Facebook/2026-02-16_al_2026-02-28_Facebook_posts.csv
2026-02-16,2026-02-16_al_2026-02-28_Facebook,isaac_montoya,Isaac Montoya,facebook,Facebook,post_facebook,isaacmontoya24,Isaac Montoya,,"Operativo Huellas de la Transformación en Paseos del Bosque 🌳 En el fraccionamiento Paseos del Bosque se llevó a cabo el Operativo Huellas de la Transformación, con iniciativas enfocadas en fortalecer la seguridad y mejorar la imagen urbana. Las labores realizadas fueron: Bacheo en vialidades con 5 toneladas de asfalto 🛣️ Mantenimiento de 30 luminarias 💡 Poda y clareo de 10 árboles 🌳 Balizamiento con 200 litros de pintura 🎨 Seguimos trabajando por el bienestar de las y los naucalpenses. #AquiGobiernaLaEsperanza #Naucalpan #PaseosDelBosque #ServiciosPublicos #OASyS6","Operativo Huellas de la Transformación en Paseos del Bosque 🌳 En el fraccionamiento Paseos del Bosque se llevó a cabo el Operativo Huellas de la Transformación, con iniciativas enfocadas en fortalecer la seguridad y mejorar la imagen urbana. Las labores realizadas fueron: Bacheo en vialidades con 5 toneladas de asfalto 🛣️ Mantenimiento de 30 luminarias 💡 Poda y clareo de 10 árboles 🌳 Balizamiento con 200 litros de pintura 🎨 Seguimos trabajando por el bienestar de las y los naucalpenses. #AquiGobiernaLaEsperanza #Naucalpan #PaseosDelBosque #ServiciosPublicos #OASyS6",https://www.facebook.com/reel/884644354204011/,https://www.facebook.com/reel/884644354204011/,2026-02-16 18:26:04,2026-02-16,/home/emilio/Documentos/Naucalpan_Semanal_Reportes/Periodico/Enero_Mayo/2026-02-16_al_2026-02-28/Facebook/2026-02-16_al_2026-02-28_Facebook/2026-02-16_al_2026-02-28_Facebook_posts.csv
2026-02-16,2026-02-16_al_2026-02-28_Facebook,isaac_montoya,Isaac Montoya,facebook,Facebook,post_facebook,isaacmontoya24,Isaac Montoya,,Primer cumpleaños sin poderte abrazar.,Primer cumpleaños sin poderte abrazar.,https://www.facebook.com/isaacmontoya24/posts/pfbid02nAXHecGLLVtHeQWAjbmk6UkibC1DXdqfsQ14FZd2VpBVV8bDo5PKBKTZgPfaMWhBl,https://www.facebook.com/isaacmontoya24/posts/pfbid02nAXHecGLLVtHeQWAjbmk6UkibC1DXdqfsQ14FZd2VpBVV8bDo5PKBKTZgPfaMWhBl,2026-02-16 11:10:28,2026-02-16,/home/emilio/Documentos/Naucalpan_Semanal_Reportes/Periodico/Enero_Mayo/2026-02-16_al_2026-02-28/Facebook/2026-02-16_al_2026-02-28_Facebook/2026-02-16_al_2026-02-28_Facebook_posts.csv
2026-02-16,2026-02-16_al_2026-02-28_Facebook,isaac_montoya,Isaac Montoya,facebook,Facebook,post_facebook,isaacmontoya24,Isaac Montoya,,"Huellas de la Transformación en Paseos del Bosque ✨ 15 luminarias nuevas y 32 sustituidas.💡 78 toneladas de asfalto aplicadas.🛣️ Más de 21 toneladas de residuos retirados.🧹 Podas, limpieza y mejoramiento integral del entorno.🌳 #AquiGobiernaLaEsperanza #Naucalpan #HuellasDeLaTransformacion #PaseosDelBosque","Huellas de la Transformación en Paseos del Bosque ✨ 15 luminarias nuevas y 32 sustituidas.💡 78 toneladas de asfalto aplicadas.🛣️ Más de 21 toneladas de residuos retirados.🧹 Podas, limpieza y mejoramiento integral del entorno.🌳 #AquiGobiernaLaEsperanza #Naucalpan #HuellasDeLaTransformacion #PaseosDelBosque",https://www.facebook.com/reel/1988078671773596/,https://www.facebook.com/reel/1988078671773596/,2026-02-16 10:06:54,2026-02-16,/home/emilio/Documentos/Naucalpan_Semanal_Reportes/Periodico/Enero_Mayo/2026-02-16_al_2026-02-28/Facebook/2026-02-16_al_2026-02-28_Facebook/2026-02-16_al_2026-02-28_Facebook_posts.csv
2026-02-16,2026-02-16_al_2026-02-28_Facebook,isaac_montoya,Isaac Montoya,facebook,Facebook,post_facebook,isaacmontoya24,Isaac Montoya,,"Regresamos a Paseos del Bosque para entregar una nueva Huella de la Transformación, reafirmando nuestro compromiso de dignificar los espacios públicos y devolverle el brillo a nuestras comunidades.✨ En esta zona realizamos mejoras integrales: ⚪Instalamos 15 luminarias nuevas y sustituimos 32 más. ⚪Aplicamos 78 toneladas de asfalto. ⚪Pintamos guarniciones y postes, realizamos balizamiento y fortalecimos la imagen urbana. ⚪Llevamos a cabo podas, clareos y mantenimiento general. ⚪Retiramos más de 21 toneladas de residuos y reforzamos las labores de limpieza. Agradezco a las y los vecinos organizados que mantienen un diálogo permanente con nuestro gobierno. Cuando ciudadanía y gobierno caminamos juntos, los resultados se notan y se viven. Seguimos dejando huellas que se conviertan en prosperidad duradera para Ciudad Naucalpan. #AquiGobiernaLaEsperanza #Naucalpan #HuellasDeLaTransformacion #PaseosDelBosque","Regresamos a Paseos del Bosque para entregar una nueva Huella de la Transformación, reafirmando nuestro compromiso de dignificar los espacios públicos y devolverle el brillo a nuestras comunidades.✨ En esta zona realizamos mejoras integrales: ⚪Instalamos 15 luminarias nuevas y sustituimos 32 más. ⚪Aplicamos 78 toneladas de asfalto. ⚪Pintamos guarniciones y postes, realizamos balizamiento y fortalecimos la imagen urbana. ⚪Llevamos a cabo podas, clareos y mantenimiento general. ⚪Retiramos más de 21 toneladas de residuos y reforzamos las labores de limpieza. Agradezco a las y los vecinos organizados que mantienen un diálogo permanente con nuestro gobierno. Cuando ciudadanía y gobierno caminamos juntos, los resultados se notan y se viven. Seguimos dejando huellas que se conviertan en prosperidad duradera para Ciudad Naucalpan. #AquiGobiernaLaEsperanza #Naucalpan #HuellasDeLaTransformacion #PaseosDelBosque",https://www.facebook.com/isaacmontoya24/posts/pfbid0yebYquHwtzZtd1jAhvuQGUzq3zznmAvhJNc3QRSPa7DxwfPdcW1YQXfJMFHzHW48l,https://www.facebook.com/isaacmontoya24/posts/pfbid0yebYquHwtzZtd1jAhvuQGUzq3zznmAvhJNc3QRSPa7DxwfPdcW1YQXfJMFHzHW48l,2026-02-16 10:04:25,2026-02-16,/home/emilio/Documentos/Naucalpan_Semanal_Reportes/Periodico/Enero_Mayo/2026-02-16_al_2026-02-28/Facebook/2026-02-16_al_2026-02-28_Facebook/2026-02-16_al_2026-02-28_Facebook_posts.csv
